{"nodes":{"node:1":{"location":{"x":190,"y":98}}},"selection":null,"view":{"scroll":{"x":-0.0706876367330551147,"y":-29.9181556701660156},"visible_rect":{"max":{"x":291.797027587890625,"y":194.009963989257812},"min":{"x":-0.06854248046875,"y":-29.0102291107177734}},"zoom":1.03129673004150391}}