# Blender 4.4.1
# www.blender.org
mtllib 3.mtl
o テキスト
v -0.050228 0.135054 0.010000
v -0.052792 0.132348 0.010000
v -0.055214 0.129322 0.010000
v -0.057495 0.125977 0.010000
v -0.059634 0.122312 0.010000
v -0.061632 0.118328 0.010000
v -0.063488 0.114024 0.010000
v -0.065203 0.109400 0.010000
v -0.066776 0.104457 0.010000
v -0.068208 0.099194 0.010000
v -0.069498 0.093612 0.010000
v -0.070647 0.087710 0.010000
v -0.071654 0.081489 0.010000
v -0.206884 0.105725 0.010000
v -0.203859 0.116287 0.010000
v -0.200401 0.126429 0.010000
v -0.196512 0.136152 0.010000
v -0.192191 0.145455 0.010000
v -0.187438 0.154339 0.010000
v -0.182253 0.162803 0.010000
v -0.176637 0.170848 0.010000
v -0.170589 0.178472 0.010000
v -0.164109 0.185678 0.010000
v -0.157198 0.192464 0.010000
v -0.149854 0.198830 0.010000
v -0.142079 0.204777 0.010000
v -0.133812 0.210275 0.010000
v -0.124990 0.215295 0.010000
v -0.115615 0.219837 0.010000
v -0.105686 0.223900 0.010000
v -0.095204 0.227486 0.010000
v -0.084168 0.230594 0.010000
v -0.072578 0.233223 0.010000
v -0.060434 0.235374 0.010000
v -0.047737 0.237048 0.010000
v -0.034486 0.238243 0.010000
v -0.020681 0.238960 0.010000
v -0.006322 0.239199 0.010000
v 0.010091 0.238938 0.010000
v 0.025729 0.238155 0.010000
v 0.040591 0.236850 0.010000
v 0.054677 0.235023 0.010000
v 0.067988 0.232674 0.010000
v 0.080523 0.229803 0.010000
v 0.092283 0.226410 0.010000
v 0.103267 0.222495 0.010000
v 0.113475 0.218058 0.010000
v 0.122907 0.213100 0.010000
v 0.131564 0.207619 0.010000
v 0.139445 0.201616 0.010000
v 0.146626 0.195218 0.010000
v 0.153183 0.188551 0.010000
v 0.159115 0.181617 0.010000
v 0.164423 0.174414 0.010000
v 0.169106 0.166942 0.010000
v 0.173165 0.159203 0.010000
v 0.176599 0.151195 0.010000
v 0.179409 0.142918 0.010000
v 0.181595 0.134374 0.010000
v 0.183156 0.125561 0.010000
v 0.184092 0.116480 0.010000
v 0.184405 0.107130 0.010000
v 0.184278 0.101613 0.010000
v 0.183897 0.096183 0.010000
v 0.183263 0.090841 0.010000
v 0.182375 0.085587 0.010000
v 0.181234 0.080421 0.010000
v 0.179838 0.075342 0.010000
v 0.178190 0.070352 0.010000
v 0.176287 0.065449 0.010000
v 0.174131 0.060634 0.010000
v 0.171721 0.055907 0.010000
v 0.169057 0.051267 0.010000
v 0.166140 0.046716 0.010000
v 0.162966 0.042255 0.010000
v 0.159534 0.037886 0.010000
v 0.155844 0.033610 0.010000
v 0.151895 0.029427 0.010000
v 0.147687 0.025336 0.010000
v 0.143221 0.021338 0.010000
v 0.138496 0.017433 0.010000
v 0.133513 0.013621 0.010000
v 0.128271 0.009901 0.010000
v 0.122771 0.006274 0.010000
v 0.117012 0.002739 0.010000
v 0.110994 -0.000703 0.010000
v 0.115872 -0.001949 0.010000
v 0.120556 -0.003230 0.010000
v 0.125044 -0.004544 0.010000
v 0.129337 -0.005893 0.010000
v 0.133435 -0.007276 0.010000
v 0.137338 -0.008693 0.010000
v 0.141045 -0.010145 0.010000
v 0.144558 -0.011630 0.010000
v 0.147875 -0.013150 0.010000
v 0.150997 -0.014704 0.010000
v 0.153924 -0.016292 0.010000
v 0.156656 -0.017914 0.010000
v 0.160850 -0.020617 0.010000
v 0.164886 -0.023460 0.010000
v 0.168763 -0.026442 0.010000
v 0.172482 -0.029563 0.010000
v 0.176042 -0.032823 0.010000
v 0.179443 -0.036222 0.010000
v 0.182686 -0.039760 0.010000
v 0.185771 -0.043438 0.010000
v 0.188696 -0.047254 0.010000
v 0.191464 -0.051209 0.010000
v 0.194072 -0.055303 0.010000
v 0.196523 -0.059536 0.010000
v 0.198795 -0.063909 0.010000
v 0.200869 -0.068420 0.010000
v 0.202746 -0.073070 0.010000
v 0.204426 -0.077860 0.010000
v 0.205908 -0.082788 0.010000
v 0.207192 -0.087856 0.010000
v 0.208278 -0.093062 0.010000
v 0.209168 -0.098408 0.010000
v 0.209859 -0.103892 0.010000
v 0.210353 -0.109516 0.010000
v 0.210649 -0.115278 0.010000
v 0.210748 -0.121180 0.010000
v 0.210585 -0.128648 0.010000
v 0.210094 -0.136064 0.010000
v 0.209277 -0.143429 0.010000
v 0.208133 -0.150743 0.010000
v 0.206662 -0.158006 0.010000
v 0.204865 -0.165218 0.010000
v 0.202740 -0.172378 0.010000
v 0.200289 -0.179487 0.010000
v 0.197511 -0.186545 0.010000
v 0.194405 -0.193552 0.010000
v 0.190973 -0.200507 0.010000
v 0.187215 -0.207411 0.010000
v 0.183148 -0.214158 0.010000
v 0.178794 -0.220642 0.010000
v 0.174153 -0.226862 0.010000
v 0.169223 -0.232818 0.010000
v 0.164005 -0.238511 0.010000
v 0.158500 -0.243941 0.010000
v 0.152707 -0.249107 0.010000
v 0.146626 -0.254010 0.010000
v 0.140257 -0.258649 0.010000
v 0.133601 -0.263025 0.010000
v 0.126656 -0.267138 0.010000
v 0.119424 -0.270987 0.010000
v 0.111855 -0.274549 0.010000
v 0.103901 -0.277802 0.010000
v 0.095561 -0.280745 0.010000
v 0.086836 -0.283378 0.010000
v 0.077726 -0.285702 0.010000
v 0.068230 -0.287715 0.010000
v 0.058348 -0.289419 0.010000
v 0.048082 -0.290813 0.010000
v 0.037430 -0.291897 0.010000
v 0.026392 -0.292672 0.010000
v 0.014969 -0.293136 0.010000
v 0.003161 -0.293291 0.010000
v -0.008341 -0.293177 0.010000
v -0.019431 -0.292833 0.010000
v -0.030108 -0.292259 0.010000
v -0.040374 -0.291457 0.010000
v -0.050227 -0.290425 0.010000
v -0.059668 -0.289164 0.010000
v -0.068697 -0.287674 0.010000
v -0.077313 -0.285954 0.010000
v -0.085518 -0.284005 0.010000
v -0.093310 -0.281827 0.010000
v -0.100690 -0.279419 0.010000
v -0.107657 -0.276783 0.010000
v -0.114319 -0.273925 0.010000
v -0.120780 -0.270855 0.010000
v -0.127042 -0.267573 0.010000
v -0.133103 -0.264079 0.010000
v -0.138965 -0.260373 0.010000
v -0.144626 -0.256454 0.010000
v -0.150087 -0.252323 0.010000
v -0.155349 -0.247980 0.010000
v -0.160410 -0.243425 0.010000
v -0.165271 -0.238658 0.010000
v -0.169933 -0.233678 0.010000
v -0.174394 -0.228486 0.010000
v -0.178671 -0.223075 0.010000
v -0.182780 -0.217436 0.010000
v -0.186721 -0.211571 0.010000
v -0.190493 -0.205479 0.010000
v -0.194097 -0.199161 0.010000
v -0.197533 -0.192615 0.010000
v -0.200800 -0.185843 0.010000
v -0.203899 -0.178843 0.010000
v -0.206830 -0.171617 0.010000
v -0.209592 -0.164164 0.010000
v -0.212186 -0.156484 0.010000
v -0.214612 -0.148577 0.010000
v -0.071654 -0.129610 0.010000
v -0.070185 -0.136627 0.010000
v -0.068586 -0.143275 0.010000
v -0.066858 -0.149554 0.010000
v -0.065000 -0.155466 0.010000
v -0.063013 -0.161009 0.010000
v -0.060897 -0.166184 0.010000
v -0.058652 -0.170990 0.010000
v -0.056278 -0.175428 0.010000
v -0.053774 -0.179498 0.010000
v -0.051141 -0.183200 0.010000
v -0.048378 -0.186533 0.010000
v -0.045486 -0.189498 0.010000
v -0.042463 -0.192163 0.010000
v -0.039306 -0.194596 0.010000
v -0.036014 -0.196797 0.010000
v -0.032588 -0.198767 0.010000
v -0.029028 -0.200505 0.010000
v -0.025334 -0.202011 0.010000
v -0.021505 -0.203285 0.010000
v -0.017543 -0.204328 0.010000
v -0.013446 -0.205139 0.010000
v -0.009215 -0.205719 0.010000
v -0.004850 -0.206066 0.010000
v -0.000351 -0.206182 0.010000
v 0.004382 -0.206036 0.010000
v 0.008981 -0.205597 0.010000
v 0.013446 -0.204865 0.010000
v 0.017777 -0.203840 0.010000
v 0.021974 -0.202523 0.010000
v 0.026036 -0.200913 0.010000
v 0.029965 -0.199011 0.010000
v 0.033759 -0.196815 0.010000
v 0.037419 -0.194327 0.010000
v 0.040945 -0.191547 0.010000
v 0.044336 -0.188473 0.010000
v 0.047594 -0.185107 0.010000
v 0.050652 -0.181497 0.010000
v 0.053443 -0.177692 0.010000
v 0.055969 -0.173692 0.010000
v 0.058229 -0.169496 0.010000
v 0.060223 -0.165106 0.010000
v 0.061951 -0.160520 0.010000
v 0.063413 -0.155739 0.010000
v 0.064610 -0.150763 0.010000
v 0.065540 -0.145592 0.010000
v 0.066205 -0.140226 0.010000
v 0.066604 -0.134664 0.010000
v 0.066737 -0.128908 0.010000
v 0.066609 -0.123049 0.010000
v 0.066225 -0.117414 0.010000
v 0.065584 -0.112004 0.010000
v 0.064688 -0.106818 0.010000
v 0.063535 -0.101857 0.010000
v 0.062127 -0.097120 0.010000
v 0.060462 -0.092607 0.010000
v 0.058541 -0.088319 0.010000
v 0.056364 -0.084255 0.010000
v 0.053931 -0.080416 0.010000
v 0.051242 -0.076801 0.010000
v 0.048296 -0.073411 0.010000
v 0.045132 -0.070269 0.010000
v 0.041784 -0.067400 0.010000
v 0.038253 -0.064805 0.010000
v 0.034539 -0.062483 0.010000
v 0.030643 -0.060434 0.010000
v 0.026563 -0.058658 0.010000
v 0.022301 -0.057156 0.010000
v 0.017855 -0.055926 0.010000
v 0.013227 -0.054970 0.010000
v 0.008415 -0.054287 0.010000
v 0.003421 -0.053877 0.010000
v -0.001756 -0.053741 0.010000
v -0.004654 -0.053799 0.010000
v -0.007727 -0.053975 0.010000
v -0.010976 -0.054268 0.010000
v -0.014401 -0.054677 0.010000
v -0.018001 -0.055204 0.010000
v -0.021777 -0.055848 0.010000
v -0.025729 -0.056609 0.010000
v -0.029856 -0.057487 0.010000
v -0.034159 -0.058483 0.010000
v -0.038637 -0.059595 0.010000
v -0.043291 -0.060824 0.010000
v -0.048121 -0.062171 0.010000
v -0.040745 0.040042 0.010000
v -0.038791 0.039762 0.010000
v -0.036910 0.039506 0.010000
v -0.035103 0.039274 0.010000
v -0.033368 0.039066 0.010000
v -0.031707 0.038884 0.010000
v -0.030119 0.038725 0.010000
v -0.028605 0.038591 0.010000
v -0.027163 0.038481 0.010000
v -0.025795 0.038396 0.010000
v -0.024499 0.038335 0.010000
v -0.023277 0.038298 0.010000
v -0.022129 0.038286 0.010000
v -0.017510 0.038410 0.010000
v -0.013021 0.038784 0.010000
v -0.008660 0.039406 0.010000
v -0.004430 0.040276 0.010000
v -0.000328 0.041396 0.010000
v 0.003644 0.042764 0.010000
v 0.007487 0.044382 0.010000
v 0.011201 0.046248 0.010000
v 0.014785 0.048362 0.010000
v 0.018240 0.050726 0.010000
v 0.021566 0.053338 0.010000
v 0.024763 0.056200 0.010000
v 0.027764 0.059231 0.010000
v 0.030505 0.062356 0.010000
v 0.032984 0.065573 0.010000
v 0.035203 0.068883 0.010000
v 0.037160 0.072286 0.010000
v 0.038857 0.075782 0.010000
v 0.040292 0.079370 0.010000
v 0.041467 0.083050 0.010000
v 0.042380 0.086824 0.010000
v 0.043033 0.090690 0.010000
v 0.043424 0.094649 0.010000
v 0.043555 0.098700 0.010000
v 0.043457 0.102557 0.010000
v 0.043164 0.106281 0.010000
v 0.042677 0.109874 0.010000
v 0.041994 0.113336 0.010000
v 0.041115 0.116665 0.010000
v 0.040042 0.119863 0.010000
v 0.038774 0.122929 0.010000
v 0.037310 0.125863 0.010000
v 0.035652 0.128666 0.010000
v 0.033798 0.131337 0.010000
v 0.031749 0.133876 0.010000
v 0.029505 0.136284 0.010000
v 0.027090 0.138528 0.010000
v 0.024529 0.140577 0.010000
v 0.021821 0.142431 0.010000
v 0.018967 0.144089 0.010000
v 0.015967 0.145553 0.010000
v 0.012821 0.146821 0.010000
v 0.009528 0.147894 0.010000
v 0.006088 0.148773 0.010000
v 0.002503 0.149456 0.010000
v -0.001229 0.149943 0.010000
v -0.005108 0.150236 0.010000
v -0.009132 0.150334 0.010000
v -0.013282 0.150228 0.010000
v -0.017299 0.149909 0.010000
v -0.021185 0.149379 0.010000
v -0.024939 0.148636 0.010000
v -0.028561 0.147681 0.010000
v -0.032051 0.146514 0.010000
v -0.035410 0.145135 0.010000
v -0.038637 0.143543 0.010000
v -0.041733 0.141739 0.010000
v -0.044696 0.139723 0.010000
v -0.047528 0.137495 0.010000
v -0.050228 0.135054 -0.010000
v -0.052792 0.132348 -0.010000
v -0.055214 0.129322 -0.010000
v -0.057495 0.125977 -0.010000
v -0.059634 0.122312 -0.010000
v -0.061632 0.118328 -0.010000
v -0.063488 0.114024 -0.010000
v -0.065203 0.109400 -0.010000
v -0.066776 0.104457 -0.010000
v -0.068208 0.099194 -0.010000
v -0.069498 0.093612 -0.010000
v -0.070647 0.087710 -0.010000
v -0.071654 0.081489 -0.010000
v -0.206884 0.105725 -0.010000
v -0.203859 0.116287 -0.010000
v -0.200401 0.126429 -0.010000
v -0.196512 0.136152 -0.010000
v -0.192191 0.145455 -0.010000
v -0.187438 0.154339 -0.010000
v -0.182253 0.162803 -0.010000
v -0.176637 0.170848 -0.010000
v -0.170589 0.178472 -0.010000
v -0.164109 0.185678 -0.010000
v -0.157198 0.192464 -0.010000
v -0.149854 0.198830 -0.010000
v -0.142079 0.204777 -0.010000
v -0.133812 0.210275 -0.010000
v -0.124990 0.215295 -0.010000
v -0.115615 0.219837 -0.010000
v -0.105686 0.223900 -0.010000
v -0.095204 0.227486 -0.010000
v -0.084168 0.230594 -0.010000
v -0.072578 0.233223 -0.010000
v -0.060434 0.235374 -0.010000
v -0.047737 0.237048 -0.010000
v -0.034486 0.238243 -0.010000
v -0.020681 0.238960 -0.010000
v -0.006322 0.239199 -0.010000
v 0.010091 0.238938 -0.010000
v 0.025729 0.238155 -0.010000
v 0.040591 0.236850 -0.010000
v 0.054677 0.235023 -0.010000
v 0.067988 0.232674 -0.010000
v 0.080523 0.229803 -0.010000
v 0.092283 0.226410 -0.010000
v 0.103267 0.222495 -0.010000
v 0.113475 0.218058 -0.010000
v 0.122907 0.213100 -0.010000
v 0.131564 0.207619 -0.010000
v 0.139445 0.201616 -0.010000
v 0.146626 0.195218 -0.010000
v 0.153183 0.188551 -0.010000
v 0.159115 0.181617 -0.010000
v 0.164423 0.174414 -0.010000
v 0.169106 0.166942 -0.010000
v 0.173165 0.159203 -0.010000
v 0.176599 0.151195 -0.010000
v 0.179409 0.142918 -0.010000
v 0.181595 0.134374 -0.010000
v 0.183156 0.125561 -0.010000
v 0.184092 0.116480 -0.010000
v 0.184405 0.107130 -0.010000
v 0.184278 0.101613 -0.010000
v 0.183897 0.096183 -0.010000
v 0.183263 0.090841 -0.010000
v 0.182375 0.085587 -0.010000
v 0.181234 0.080421 -0.010000
v 0.179838 0.075342 -0.010000
v 0.178190 0.070352 -0.010000
v 0.176287 0.065449 -0.010000
v 0.174131 0.060634 -0.010000
v 0.171721 0.055907 -0.010000
v 0.169057 0.051267 -0.010000
v 0.166140 0.046716 -0.010000
v 0.162966 0.042255 -0.010000
v 0.159534 0.037886 -0.010000
v 0.155844 0.033610 -0.010000
v 0.151895 0.029427 -0.010000
v 0.147687 0.025336 -0.010000
v 0.143221 0.021338 -0.010000
v 0.138496 0.017433 -0.010000
v 0.133513 0.013621 -0.010000
v 0.128271 0.009901 -0.010000
v 0.122771 0.006274 -0.010000
v 0.117012 0.002739 -0.010000
v 0.110994 -0.000702 -0.010000
v 0.115872 -0.001949 -0.010000
v 0.120556 -0.003230 -0.010000
v 0.125044 -0.004544 -0.010000
v 0.129337 -0.005893 -0.010000
v 0.133435 -0.007276 -0.010000
v 0.137338 -0.008693 -0.010000
v 0.141045 -0.010145 -0.010000
v 0.144558 -0.011630 -0.010000
v 0.147875 -0.013150 -0.010000
v 0.150997 -0.014704 -0.010000
v 0.153924 -0.016292 -0.010000
v 0.156656 -0.017914 -0.010000
v 0.160850 -0.020617 -0.010000
v 0.164886 -0.023460 -0.010000
v 0.168763 -0.026442 -0.010000
v 0.172482 -0.029563 -0.010000
v 0.176042 -0.032823 -0.010000
v 0.179443 -0.036222 -0.010000
v 0.182686 -0.039760 -0.010000
v 0.185771 -0.043438 -0.010000
v 0.188696 -0.047254 -0.010000
v 0.191464 -0.051209 -0.010000
v 0.194072 -0.055303 -0.010000
v 0.196523 -0.059536 -0.010000
v 0.198795 -0.063909 -0.010000
v 0.200869 -0.068420 -0.010000
v 0.202746 -0.073070 -0.010000
v 0.204426 -0.077860 -0.010000
v 0.205908 -0.082788 -0.010000
v 0.207192 -0.087856 -0.010000
v 0.208278 -0.093062 -0.010000
v 0.209168 -0.098408 -0.010000
v 0.209859 -0.103892 -0.010000
v 0.210353 -0.109516 -0.010000
v 0.210649 -0.115278 -0.010000
v 0.210748 -0.121180 -0.010000
v 0.210585 -0.128648 -0.010000
v 0.210094 -0.136064 -0.010000
v 0.209277 -0.143429 -0.010000
v 0.208133 -0.150743 -0.010000
v 0.206662 -0.158006 -0.010000
v 0.204865 -0.165218 -0.010000
v 0.202740 -0.172378 -0.010000
v 0.200289 -0.179487 -0.010000
v 0.197511 -0.186545 -0.010000
v 0.194405 -0.193552 -0.010000
v 0.190973 -0.200507 -0.010000
v 0.187215 -0.207411 -0.010000
v 0.183148 -0.214158 -0.010000
v 0.178794 -0.220642 -0.010000
v 0.174153 -0.226862 -0.010000
v 0.169223 -0.232818 -0.010000
v 0.164005 -0.238511 -0.010000
v 0.158500 -0.243941 -0.010000
v 0.152707 -0.249107 -0.010000
v 0.146626 -0.254010 -0.010000
v 0.140257 -0.258649 -0.010000
v 0.133601 -0.263025 -0.010000
v 0.126656 -0.267138 -0.010000
v 0.119424 -0.270987 -0.010000
v 0.111855 -0.274549 -0.010000
v 0.103901 -0.277802 -0.010000
v 0.095561 -0.280745 -0.010000
v 0.086836 -0.283378 -0.010000
v 0.077726 -0.285702 -0.010000
v 0.068230 -0.287715 -0.010000
v 0.058348 -0.289419 -0.010000
v 0.048082 -0.290813 -0.010000
v 0.037430 -0.291897 -0.010000
v 0.026392 -0.292672 -0.010000
v 0.014969 -0.293136 -0.010000
v 0.003161 -0.293291 -0.010000
v -0.008341 -0.293177 -0.010000
v -0.019431 -0.292833 -0.010000
v -0.030108 -0.292259 -0.010000
v -0.040374 -0.291457 -0.010000
v -0.050227 -0.290425 -0.010000
v -0.059668 -0.289164 -0.010000
v -0.068697 -0.287674 -0.010000
v -0.077313 -0.285954 -0.010000
v -0.085518 -0.284005 -0.010000
v -0.093310 -0.281827 -0.010000
v -0.100690 -0.279419 -0.010000
v -0.107657 -0.276783 -0.010000
v -0.114319 -0.273925 -0.010000
v -0.120780 -0.270855 -0.010000
v -0.127042 -0.267573 -0.010000
v -0.133103 -0.264079 -0.010000
v -0.138965 -0.260373 -0.010000
v -0.144626 -0.256454 -0.010000
v -0.150087 -0.252323 -0.010000
v -0.155349 -0.247980 -0.010000
v -0.160410 -0.243425 -0.010000
v -0.165271 -0.238658 -0.010000
v -0.169933 -0.233678 -0.010000
v -0.174394 -0.228486 -0.010000
v -0.178671 -0.223075 -0.010000
v -0.182780 -0.217436 -0.010000
v -0.186721 -0.211571 -0.010000
v -0.190493 -0.205479 -0.010000
v -0.194097 -0.199161 -0.010000
v -0.197533 -0.192615 -0.010000
v -0.200800 -0.185843 -0.010000
v -0.203899 -0.178843 -0.010000
v -0.206830 -0.171617 -0.010000
v -0.209592 -0.164164 -0.010000
v -0.212186 -0.156484 -0.010000
v -0.214612 -0.148577 -0.010000
v -0.071654 -0.129610 -0.010000
v -0.070185 -0.136627 -0.010000
v -0.068586 -0.143275 -0.010000
v -0.066858 -0.149554 -0.010000
v -0.065000 -0.155466 -0.010000
v -0.063013 -0.161009 -0.010000
v -0.060897 -0.166184 -0.010000
v -0.058652 -0.170990 -0.010000
v -0.056278 -0.175428 -0.010000
v -0.053774 -0.179498 -0.010000
v -0.051141 -0.183200 -0.010000
v -0.048378 -0.186533 -0.010000
v -0.045486 -0.189498 -0.010000
v -0.042463 -0.192163 -0.010000
v -0.039306 -0.194596 -0.010000
v -0.036014 -0.196797 -0.010000
v -0.032588 -0.198767 -0.010000
v -0.029028 -0.200505 -0.010000
v -0.025334 -0.202011 -0.010000
v -0.021505 -0.203285 -0.010000
v -0.017543 -0.204328 -0.010000
v -0.013446 -0.205139 -0.010000
v -0.009215 -0.205719 -0.010000
v -0.004850 -0.206066 -0.010000
v -0.000351 -0.206182 -0.010000
v 0.004382 -0.206036 -0.010000
v 0.008981 -0.205597 -0.010000
v 0.013446 -0.204865 -0.010000
v 0.017777 -0.203840 -0.010000
v 0.021974 -0.202523 -0.010000
v 0.026036 -0.200913 -0.010000
v 0.029965 -0.199011 -0.010000
v 0.033759 -0.196815 -0.010000
v 0.037419 -0.194327 -0.010000
v 0.040945 -0.191547 -0.010000
v 0.044336 -0.188473 -0.010000
v 0.047594 -0.185107 -0.010000
v 0.050652 -0.181497 -0.010000
v 0.053443 -0.177692 -0.010000
v 0.055969 -0.173692 -0.010000
v 0.058229 -0.169496 -0.010000
v 0.060223 -0.165106 -0.010000
v 0.061951 -0.160520 -0.010000
v 0.063413 -0.155739 -0.010000
v 0.064610 -0.150763 -0.010000
v 0.065540 -0.145592 -0.010000
v 0.066205 -0.140226 -0.010000
v 0.066604 -0.134664 -0.010000
v 0.066737 -0.128908 -0.010000
v 0.066609 -0.123049 -0.010000
v 0.066225 -0.117414 -0.010000
v 0.065584 -0.112004 -0.010000
v 0.064688 -0.106818 -0.010000
v 0.063535 -0.101857 -0.010000
v 0.062127 -0.097120 -0.010000
v 0.060462 -0.092607 -0.010000
v 0.058541 -0.088319 -0.010000
v 0.056364 -0.084255 -0.010000
v 0.053931 -0.080416 -0.010000
v 0.051242 -0.076801 -0.010000
v 0.048296 -0.073411 -0.010000
v 0.045132 -0.070269 -0.010000
v 0.041784 -0.067400 -0.010000
v 0.038253 -0.064805 -0.010000
v 0.034539 -0.062483 -0.010000
v 0.030643 -0.060434 -0.010000
v 0.026563 -0.058658 -0.010000
v 0.022301 -0.057156 -0.010000
v 0.017855 -0.055926 -0.010000
v 0.013227 -0.054970 -0.010000
v 0.008415 -0.054287 -0.010000
v 0.003421 -0.053877 -0.010000
v -0.001756 -0.053741 -0.010000
v -0.004654 -0.053799 -0.010000
v -0.007727 -0.053975 -0.010000
v -0.010976 -0.054268 -0.010000
v -0.014401 -0.054677 -0.010000
v -0.018001 -0.055204 -0.010000
v -0.021777 -0.055848 -0.010000
v -0.025729 -0.056609 -0.010000
v -0.029856 -0.057487 -0.010000
v -0.034159 -0.058483 -0.010000
v -0.038637 -0.059595 -0.010000
v -0.043291 -0.060824 -0.010000
v -0.048121 -0.062171 -0.010000
v -0.040745 0.040042 -0.010000
v -0.038791 0.039762 -0.010000
v -0.036910 0.039506 -0.010000
v -0.035103 0.039274 -0.010000
v -0.033368 0.039066 -0.010000
v -0.031707 0.038884 -0.010000
v -0.030119 0.038725 -0.010000
v -0.028605 0.038591 -0.010000
v -0.027163 0.038481 -0.010000
v -0.025795 0.038396 -0.010000
v -0.024499 0.038335 -0.010000
v -0.023277 0.038298 -0.010000
v -0.022129 0.038286 -0.010000
v -0.017510 0.038410 -0.010000
v -0.013021 0.038784 -0.010000
v -0.008660 0.039406 -0.010000
v -0.004430 0.040276 -0.010000
v -0.000328 0.041396 -0.010000
v 0.003644 0.042764 -0.010000
v 0.007487 0.044382 -0.010000
v 0.011201 0.046248 -0.010000
v 0.014785 0.048362 -0.010000
v 0.018240 0.050726 -0.010000
v 0.021566 0.053338 -0.010000
v 0.024763 0.056200 -0.010000
v 0.027764 0.059231 -0.010000
v 0.030505 0.062356 -0.010000
v 0.032984 0.065573 -0.010000
v 0.035203 0.068883 -0.010000
v 0.037160 0.072286 -0.010000
v 0.038857 0.075782 -0.010000
v 0.040292 0.079370 -0.010000
v 0.041467 0.083050 -0.010000
v 0.042380 0.086824 -0.010000
v 0.043033 0.090690 -0.010000
v 0.043424 0.094649 -0.010000
v 0.043555 0.098700 -0.010000
v 0.043457 0.102557 -0.010000
v 0.043164 0.106281 -0.010000
v 0.042677 0.109874 -0.010000
v 0.041994 0.113336 -0.010000
v 0.041115 0.116665 -0.010000
v 0.040042 0.119863 -0.010000
v 0.038774 0.122929 -0.010000
v 0.037310 0.125863 -0.010000
v 0.035652 0.128666 -0.010000
v 0.033798 0.131337 -0.010000
v 0.031749 0.133876 -0.010000
v 0.029505 0.136284 -0.010000
v 0.027090 0.138528 -0.010000
v 0.024529 0.140577 -0.010000
v 0.021821 0.142431 -0.010000
v 0.018967 0.144089 -0.010000
v 0.015967 0.145553 -0.010000
v 0.012821 0.146821 -0.010000
v 0.009528 0.147894 -0.010000
v 0.006088 0.148773 -0.010000
v 0.002503 0.149456 -0.010000
v -0.001229 0.149943 -0.010000
v -0.005108 0.150236 -0.010000
v -0.009132 0.150334 -0.010000
v -0.013282 0.150228 -0.010000
v -0.017299 0.149909 -0.010000
v -0.021185 0.149379 -0.010000
v -0.024939 0.148636 -0.010000
v -0.028561 0.147681 -0.010000
v -0.032051 0.146514 -0.010000
v -0.035410 0.145135 -0.010000
v -0.038637 0.143543 -0.010000
v -0.041733 0.141739 -0.010000
v -0.044696 0.139723 -0.010000
v -0.047528 0.137495 -0.010000
v -0.050228 0.135054 -0.010000
v -0.050228 0.135054 0.010000
v -0.052792 0.132348 -0.010000
v -0.052792 0.132348 0.010000
v -0.055214 0.129322 -0.010000
v -0.055214 0.129322 0.010000
v -0.057495 0.125977 -0.010000
v -0.057495 0.125977 0.010000
v -0.059634 0.122312 -0.010000
v -0.059634 0.122312 0.010000
v -0.061632 0.118328 -0.010000
v -0.061632 0.118328 0.010000
v -0.063488 0.114024 -0.010000
v -0.063488 0.114024 0.010000
v -0.065203 0.109400 -0.010000
v -0.065203 0.109400 0.010000
v -0.066776 0.104457 -0.010000
v -0.066776 0.104457 0.010000
v -0.068208 0.099194 -0.010000
v -0.068208 0.099194 0.010000
v -0.069498 0.093612 -0.010000
v -0.069498 0.093612 0.010000
v -0.070647 0.087710 -0.010000
v -0.070647 0.087710 0.010000
v -0.071654 0.081489 -0.010000
v -0.071654 0.081489 0.010000
v -0.206884 0.105725 -0.010000
v -0.206884 0.105725 0.010000
v -0.203859 0.116287 -0.010000
v -0.203859 0.116287 0.010000
v -0.200401 0.126429 -0.010000
v -0.200401 0.126429 0.010000
v -0.196512 0.136152 -0.010000
v -0.196512 0.136152 0.010000
v -0.192191 0.145455 -0.010000
v -0.192191 0.145455 0.010000
v -0.187438 0.154339 -0.010000
v -0.187438 0.154339 0.010000
v -0.182253 0.162803 -0.010000
v -0.182253 0.162803 0.010000
v -0.176637 0.170848 -0.010000
v -0.176637 0.170848 0.010000
v -0.170589 0.178472 -0.010000
v -0.170589 0.178472 0.010000
v -0.164109 0.185678 -0.010000
v -0.164109 0.185678 0.010000
v -0.157198 0.192464 -0.010000
v -0.157198 0.192464 0.010000
v -0.149854 0.198830 -0.010000
v -0.149854 0.198830 0.010000
v -0.142079 0.204777 -0.010000
v -0.142079 0.204777 0.010000
v -0.133812 0.210275 -0.010000
v -0.133812 0.210275 0.010000
v -0.124990 0.215295 -0.010000
v -0.124990 0.215295 0.010000
v -0.115615 0.219837 -0.010000
v -0.115615 0.219837 0.010000
v -0.105686 0.223900 -0.010000
v -0.105686 0.223900 0.010000
v -0.095204 0.227486 -0.010000
v -0.095204 0.227486 0.010000
v -0.084168 0.230594 -0.010000
v -0.084168 0.230594 0.010000
v -0.072578 0.233223 -0.010000
v -0.072578 0.233223 0.010000
v -0.060434 0.235374 -0.010000
v -0.060434 0.235374 0.010000
v -0.047737 0.237048 -0.010000
v -0.047737 0.237048 0.010000
v -0.034486 0.238243 -0.010000
v -0.034486 0.238243 0.010000
v -0.020681 0.238960 -0.010000
v -0.020681 0.238960 0.010000
v -0.006322 0.239199 -0.010000
v -0.006322 0.239199 0.010000
v 0.010091 0.238938 -0.010000
v 0.010091 0.238938 0.010000
v 0.025729 0.238155 -0.010000
v 0.025729 0.238155 0.010000
v 0.040591 0.236850 -0.010000
v 0.040591 0.236850 0.010000
v 0.054677 0.235023 -0.010000
v 0.054677 0.235023 0.010000
v 0.067988 0.232674 -0.010000
v 0.067988 0.232674 0.010000
v 0.080523 0.229803 -0.010000
v 0.080523 0.229803 0.010000
v 0.092283 0.226410 -0.010000
v 0.092283 0.226410 0.010000
v 0.103267 0.222495 -0.010000
v 0.103267 0.222495 0.010000
v 0.113475 0.218058 -0.010000
v 0.113475 0.218058 0.010000
v 0.122907 0.213100 -0.010000
v 0.122907 0.213100 0.010000
v 0.131564 0.207619 -0.010000
v 0.131564 0.207619 0.010000
v 0.139445 0.201616 -0.010000
v 0.139445 0.201616 0.010000
v 0.146626 0.195218 -0.010000
v 0.146626 0.195218 0.010000
v 0.153183 0.188551 -0.010000
v 0.153183 0.188551 0.010000
v 0.159115 0.181617 -0.010000
v 0.159115 0.181617 0.010000
v 0.164423 0.174414 -0.010000
v 0.164423 0.174414 0.010000
v 0.169106 0.166942 -0.010000
v 0.169106 0.166942 0.010000
v 0.173165 0.159203 -0.010000
v 0.173165 0.159203 0.010000
v 0.176599 0.151195 -0.010000
v 0.176599 0.151195 0.010000
v 0.179409 0.142918 -0.010000
v 0.179409 0.142918 0.010000
v 0.181595 0.134374 -0.010000
v 0.181595 0.134374 0.010000
v 0.183156 0.125561 -0.010000
v 0.183156 0.125561 0.010000
v 0.184092 0.116480 -0.010000
v 0.184092 0.116480 0.010000
v 0.184405 0.107130 -0.010000
v 0.184405 0.107130 0.010000
v 0.184278 0.101613 -0.010000
v 0.184278 0.101613 0.010000
v 0.183897 0.096183 -0.010000
v 0.183897 0.096183 0.010000
v 0.183263 0.090841 -0.010000
v 0.183263 0.090841 0.010000
v 0.182375 0.085587 -0.010000
v 0.182375 0.085587 0.010000
v 0.181234 0.080421 -0.010000
v 0.181234 0.080421 0.010000
v 0.179838 0.075342 -0.010000
v 0.179838 0.075342 0.010000
v 0.178190 0.070352 -0.010000
v 0.178190 0.070352 0.010000
v 0.176287 0.065449 -0.010000
v 0.176287 0.065449 0.010000
v 0.174131 0.060634 -0.010000
v 0.174131 0.060634 0.010000
v 0.171721 0.055907 -0.010000
v 0.171721 0.055907 0.010000
v 0.169057 0.051267 -0.010000
v 0.169057 0.051267 0.010000
v 0.166140 0.046716 -0.010000
v 0.166140 0.046716 0.010000
v 0.162966 0.042255 -0.010000
v 0.162966 0.042255 0.010000
v 0.159534 0.037886 -0.010000
v 0.159534 0.037886 0.010000
v 0.155844 0.033610 -0.010000
v 0.155844 0.033610 0.010000
v 0.151895 0.029427 -0.010000
v 0.151895 0.029427 0.010000
v 0.147687 0.025336 -0.010000
v 0.147687 0.025336 0.010000
v 0.143221 0.021338 -0.010000
v 0.143221 0.021338 0.010000
v 0.138496 0.017433 -0.010000
v 0.138496 0.017433 0.010000
v 0.133513 0.013621 -0.010000
v 0.133513 0.013621 0.010000
v 0.128271 0.009901 -0.010000
v 0.128271 0.009901 0.010000
v 0.122771 0.006274 -0.010000
v 0.122771 0.006274 0.010000
v 0.117012 0.002739 -0.010000
v 0.117012 0.002739 0.010000
v 0.110994 -0.000702 -0.010000
v 0.110994 -0.000703 0.010000
v 0.115872 -0.001949 -0.010000
v 0.115872 -0.001949 0.010000
v 0.120556 -0.003230 -0.010000
v 0.120556 -0.003230 0.010000
v 0.125044 -0.004544 -0.010000
v 0.125044 -0.004544 0.010000
v 0.129337 -0.005893 -0.010000
v 0.129337 -0.005893 0.010000
v 0.133435 -0.007276 -0.010000
v 0.133435 -0.007276 0.010000
v 0.137338 -0.008693 -0.010000
v 0.137338 -0.008693 0.010000
v 0.141045 -0.010145 -0.010000
v 0.141045 -0.010145 0.010000
v 0.144558 -0.011630 -0.010000
v 0.144558 -0.011630 0.010000
v 0.147875 -0.013150 -0.010000
v 0.147875 -0.013150 0.010000
v 0.150997 -0.014704 -0.010000
v 0.150997 -0.014704 0.010000
v 0.153924 -0.016292 -0.010000
v 0.153924 -0.016292 0.010000
v 0.156656 -0.017914 -0.010000
v 0.156656 -0.017914 0.010000
v 0.160850 -0.020617 -0.010000
v 0.160850 -0.020617 0.010000
v 0.164886 -0.023460 -0.010000
v 0.164886 -0.023460 0.010000
v 0.168763 -0.026442 -0.010000
v 0.168763 -0.026442 0.010000
v 0.172482 -0.029563 -0.010000
v 0.172482 -0.029563 0.010000
v 0.176042 -0.032823 -0.010000
v 0.176042 -0.032823 0.010000
v 0.179443 -0.036222 -0.010000
v 0.179443 -0.036222 0.010000
v 0.182686 -0.039760 -0.010000
v 0.182686 -0.039760 0.010000
v 0.185771 -0.043438 -0.010000
v 0.185771 -0.043438 0.010000
v 0.188696 -0.047254 -0.010000
v 0.188696 -0.047254 0.010000
v 0.191464 -0.051209 -0.010000
v 0.191464 -0.051209 0.010000
v 0.194072 -0.055303 -0.010000
v 0.194072 -0.055303 0.010000
v 0.196523 -0.059536 -0.010000
v 0.196523 -0.059536 0.010000
v 0.198795 -0.063909 -0.010000
v 0.198795 -0.063909 0.010000
v 0.200869 -0.068420 -0.010000
v 0.200869 -0.068420 0.010000
v 0.202746 -0.073070 -0.010000
v 0.202746 -0.073070 0.010000
v 0.204426 -0.077860 -0.010000
v 0.204426 -0.077860 0.010000
v 0.205908 -0.082788 -0.010000
v 0.205908 -0.082788 0.010000
v 0.207192 -0.087856 -0.010000
v 0.207192 -0.087856 0.010000
v 0.208278 -0.093062 -0.010000
v 0.208278 -0.093062 0.010000
v 0.209168 -0.098408 -0.010000
v 0.209168 -0.098408 0.010000
v 0.209859 -0.103892 -0.010000
v 0.209859 -0.103892 0.010000
v 0.210353 -0.109516 -0.010000
v 0.210353 -0.109516 0.010000
v 0.210649 -0.115278 -0.010000
v 0.210649 -0.115278 0.010000
v 0.210748 -0.121180 -0.010000
v 0.210748 -0.121180 0.010000
v 0.210585 -0.128648 -0.010000
v 0.210585 -0.128648 0.010000
v 0.210094 -0.136064 -0.010000
v 0.210094 -0.136064 0.010000
v 0.209277 -0.143429 -0.010000
v 0.209277 -0.143429 0.010000
v 0.208133 -0.150743 -0.010000
v 0.208133 -0.150743 0.010000
v 0.206662 -0.158006 -0.010000
v 0.206662 -0.158006 0.010000
v 0.204865 -0.165218 -0.010000
v 0.204865 -0.165218 0.010000
v 0.202740 -0.172378 -0.010000
v 0.202740 -0.172378 0.010000
v 0.200289 -0.179487 -0.010000
v 0.200289 -0.179487 0.010000
v 0.197511 -0.186545 -0.010000
v 0.197511 -0.186545 0.010000
v 0.194405 -0.193552 -0.010000
v 0.194405 -0.193552 0.010000
v 0.190973 -0.200507 -0.010000
v 0.190973 -0.200507 0.010000
v 0.187215 -0.207411 -0.010000
v 0.187215 -0.207411 0.010000
v 0.183148 -0.214158 -0.010000
v 0.183148 -0.214158 0.010000
v 0.178794 -0.220642 -0.010000
v 0.178794 -0.220642 0.010000
v 0.174153 -0.226862 -0.010000
v 0.174153 -0.226862 0.010000
v 0.169223 -0.232818 -0.010000
v 0.169223 -0.232818 0.010000
v 0.164005 -0.238511 -0.010000
v 0.164005 -0.238511 0.010000
v 0.158500 -0.243941 -0.010000
v 0.158500 -0.243941 0.010000
v 0.152707 -0.249107 -0.010000
v 0.152707 -0.249107 0.010000
v 0.146626 -0.254010 -0.010000
v 0.146626 -0.254010 0.010000
v 0.140257 -0.258649 -0.010000
v 0.140257 -0.258649 0.010000
v 0.133601 -0.263025 -0.010000
v 0.133601 -0.263025 0.010000
v 0.126656 -0.267138 -0.010000
v 0.126656 -0.267138 0.010000
v 0.119424 -0.270987 -0.010000
v 0.119424 -0.270987 0.010000
v 0.111855 -0.274549 -0.010000
v 0.111855 -0.274549 0.010000
v 0.103901 -0.277802 -0.010000
v 0.103901 -0.277802 0.010000
v 0.095561 -0.280745 -0.010000
v 0.095561 -0.280745 0.010000
v 0.086836 -0.283378 -0.010000
v 0.086836 -0.283378 0.010000
v 0.077726 -0.285702 -0.010000
v 0.077726 -0.285702 0.010000
v 0.068230 -0.287715 -0.010000
v 0.068230 -0.287715 0.010000
v 0.058348 -0.289419 -0.010000
v 0.058348 -0.289419 0.010000
v 0.048082 -0.290813 -0.010000
v 0.048082 -0.290813 0.010000
v 0.037430 -0.291897 -0.010000
v 0.037430 -0.291897 0.010000
v 0.026392 -0.292672 -0.010000
v 0.026392 -0.292672 0.010000
v 0.014969 -0.293136 -0.010000
v 0.014969 -0.293136 0.010000
v 0.003161 -0.293291 -0.010000
v 0.003161 -0.293291 0.010000
v -0.008341 -0.293177 -0.010000
v -0.008341 -0.293177 0.010000
v -0.019431 -0.292833 -0.010000
v -0.019431 -0.292833 0.010000
v -0.030108 -0.292259 -0.010000
v -0.030108 -0.292259 0.010000
v -0.040374 -0.291457 -0.010000
v -0.040374 -0.291457 0.010000
v -0.050227 -0.290425 -0.010000
v -0.050227 -0.290425 0.010000
v -0.059668 -0.289164 -0.010000
v -0.059668 -0.289164 0.010000
v -0.068697 -0.287674 -0.010000
v -0.068697 -0.287674 0.010000
v -0.077313 -0.285954 -0.010000
v -0.077313 -0.285954 0.010000
v -0.085518 -0.284005 -0.010000
v -0.085518 -0.284005 0.010000
v -0.093310 -0.281827 -0.010000
v -0.093310 -0.281827 0.010000
v -0.100690 -0.279419 -0.010000
v -0.100690 -0.279419 0.010000
v -0.107657 -0.276783 -0.010000
v -0.107657 -0.276783 0.010000
v -0.114319 -0.273925 -0.010000
v -0.114319 -0.273925 0.010000
v -0.120780 -0.270855 -0.010000
v -0.120780 -0.270855 0.010000
v -0.127042 -0.267573 -0.010000
v -0.127042 -0.267573 0.010000
v -0.133103 -0.264079 -0.010000
v -0.133103 -0.264079 0.010000
v -0.138965 -0.260373 -0.010000
v -0.138965 -0.260373 0.010000
v -0.144626 -0.256454 -0.010000
v -0.144626 -0.256454 0.010000
v -0.150087 -0.252323 -0.010000
v -0.150087 -0.252323 0.010000
v -0.155349 -0.247980 -0.010000
v -0.155349 -0.247980 0.010000
v -0.160410 -0.243425 -0.010000
v -0.160410 -0.243425 0.010000
v -0.165271 -0.238658 -0.010000
v -0.165271 -0.238658 0.010000
v -0.169933 -0.233678 -0.010000
v -0.169933 -0.233678 0.010000
v -0.174394 -0.228486 -0.010000
v -0.174394 -0.228486 0.010000
v -0.178671 -0.223075 -0.010000
v -0.178671 -0.223075 0.010000
v -0.182780 -0.217436 -0.010000
v -0.182780 -0.217436 0.010000
v -0.186721 -0.211571 -0.010000
v -0.186721 -0.211571 0.010000
v -0.190493 -0.205479 -0.010000
v -0.190493 -0.205479 0.010000
v -0.194097 -0.199161 -0.010000
v -0.194097 -0.199161 0.010000
v -0.197533 -0.192615 -0.010000
v -0.197533 -0.192615 0.010000
v -0.200800 -0.185843 -0.010000
v -0.200800 -0.185843 0.010000
v -0.203899 -0.178843 -0.010000
v -0.203899 -0.178843 0.010000
v -0.206830 -0.171617 -0.010000
v -0.206830 -0.171617 0.010000
v -0.209592 -0.164164 -0.010000
v -0.209592 -0.164164 0.010000
v -0.212186 -0.156484 -0.010000
v -0.212186 -0.156484 0.010000
v -0.214612 -0.148577 -0.010000
v -0.214612 -0.148577 0.010000
v -0.071654 -0.129610 -0.010000
v -0.071654 -0.129610 0.010000
v -0.070185 -0.136627 -0.010000
v -0.070185 -0.136627 0.010000
v -0.068586 -0.143275 -0.010000
v -0.068586 -0.143275 0.010000
v -0.066858 -0.149554 -0.010000
v -0.066858 -0.149554 0.010000
v -0.065000 -0.155466 -0.010000
v -0.065000 -0.155466 0.010000
v -0.063013 -0.161009 -0.010000
v -0.063013 -0.161009 0.010000
v -0.060897 -0.166184 -0.010000
v -0.060897 -0.166184 0.010000
v -0.058652 -0.170990 -0.010000
v -0.058652 -0.170990 0.010000
v -0.056278 -0.175428 -0.010000
v -0.056278 -0.175428 0.010000
v -0.053774 -0.179498 -0.010000
v -0.053774 -0.179498 0.010000
v -0.051141 -0.183200 -0.010000
v -0.051141 -0.183200 0.010000
v -0.048378 -0.186533 -0.010000
v -0.048378 -0.186533 0.010000
v -0.045486 -0.189498 -0.010000
v -0.045486 -0.189498 0.010000
v -0.042463 -0.192163 -0.010000
v -0.042463 -0.192163 0.010000
v -0.039306 -0.194596 -0.010000
v -0.039306 -0.194596 0.010000
v -0.036014 -0.196797 -0.010000
v -0.036014 -0.196797 0.010000
v -0.032588 -0.198767 -0.010000
v -0.032588 -0.198767 0.010000
v -0.029028 -0.200505 -0.010000
v -0.029028 -0.200505 0.010000
v -0.025334 -0.202011 -0.010000
v -0.025334 -0.202011 0.010000
v -0.021505 -0.203285 -0.010000
v -0.021505 -0.203285 0.010000
v -0.017543 -0.204328 -0.010000
v -0.017543 -0.204328 0.010000
v -0.013446 -0.205139 -0.010000
v -0.013446 -0.205139 0.010000
v -0.009215 -0.205719 -0.010000
v -0.009215 -0.205719 0.010000
v -0.004850 -0.206066 -0.010000
v -0.004850 -0.206066 0.010000
v -0.000351 -0.206182 -0.010000
v -0.000351 -0.206182 0.010000
v 0.004382 -0.206036 -0.010000
v 0.004382 -0.206036 0.010000
v 0.008981 -0.205597 -0.010000
v 0.008981 -0.205597 0.010000
v 0.013446 -0.204865 -0.010000
v 0.013446 -0.204865 0.010000
v 0.017777 -0.203840 -0.010000
v 0.017777 -0.203840 0.010000
v 0.021974 -0.202523 -0.010000
v 0.021974 -0.202523 0.010000
v 0.026036 -0.200913 -0.010000
v 0.026036 -0.200913 0.010000
v 0.029965 -0.199011 -0.010000
v 0.029965 -0.199011 0.010000
v 0.033759 -0.196815 -0.010000
v 0.033759 -0.196815 0.010000
v 0.037419 -0.194327 -0.010000
v 0.037419 -0.194327 0.010000
v 0.040945 -0.191547 -0.010000
v 0.040945 -0.191547 0.010000
v 0.044336 -0.188473 -0.010000
v 0.044336 -0.188473 0.010000
v 0.047594 -0.185107 -0.010000
v 0.047594 -0.185107 0.010000
v 0.050652 -0.181497 -0.010000
v 0.050652 -0.181497 0.010000
v 0.053443 -0.177692 -0.010000
v 0.053443 -0.177692 0.010000
v 0.055969 -0.173692 -0.010000
v 0.055969 -0.173692 0.010000
v 0.058229 -0.169496 -0.010000
v 0.058229 -0.169496 0.010000
v 0.060223 -0.165106 -0.010000
v 0.060223 -0.165106 0.010000
v 0.061951 -0.160520 -0.010000
v 0.061951 -0.160520 0.010000
v 0.063413 -0.155739 -0.010000
v 0.063413 -0.155739 0.010000
v 0.064610 -0.150763 -0.010000
v 0.064610 -0.150763 0.010000
v 0.065540 -0.145592 -0.010000
v 0.065540 -0.145592 0.010000
v 0.066205 -0.140226 -0.010000
v 0.066205 -0.140226 0.010000
v 0.066604 -0.134664 -0.010000
v 0.066604 -0.134664 0.010000
v 0.066737 -0.128908 -0.010000
v 0.066737 -0.128908 0.010000
v 0.066609 -0.123049 -0.010000
v 0.066609 -0.123049 0.010000
v 0.066225 -0.117414 -0.010000
v 0.066225 -0.117414 0.010000
v 0.065584 -0.112004 -0.010000
v 0.065584 -0.112004 0.010000
v 0.064688 -0.106818 -0.010000
v 0.064688 -0.106818 0.010000
v 0.063535 -0.101857 -0.010000
v 0.063535 -0.101857 0.010000
v 0.062127 -0.097120 -0.010000
v 0.062127 -0.097120 0.010000
v 0.060462 -0.092607 -0.010000
v 0.060462 -0.092607 0.010000
v 0.058541 -0.088319 -0.010000
v 0.058541 -0.088319 0.010000
v 0.056364 -0.084255 -0.010000
v 0.056364 -0.084255 0.010000
v 0.053931 -0.080416 -0.010000
v 0.053931 -0.080416 0.010000
v 0.051242 -0.076801 -0.010000
v 0.051242 -0.076801 0.010000
v 0.048296 -0.073411 -0.010000
v 0.048296 -0.073411 0.010000
v 0.045132 -0.070269 -0.010000
v 0.045132 -0.070269 0.010000
v 0.041784 -0.067400 -0.010000
v 0.041784 -0.067400 0.010000
v 0.038253 -0.064805 -0.010000
v 0.038253 -0.064805 0.010000
v 0.034539 -0.062483 -0.010000
v 0.034539 -0.062483 0.010000
v 0.030643 -0.060434 -0.010000
v 0.030643 -0.060434 0.010000
v 0.026563 -0.058658 -0.010000
v 0.026563 -0.058658 0.010000
v 0.022301 -0.057156 -0.010000
v 0.022301 -0.057156 0.010000
v 0.017855 -0.055926 -0.010000
v 0.017855 -0.055926 0.010000
v 0.013227 -0.054970 -0.010000
v 0.013227 -0.054970 0.010000
v 0.008415 -0.054287 -0.010000
v 0.008415 -0.054287 0.010000
v 0.003421 -0.053877 -0.010000
v 0.003421 -0.053877 0.010000
v -0.001756 -0.053741 -0.010000
v -0.001756 -0.053741 0.010000
v -0.004654 -0.053799 -0.010000
v -0.004654 -0.053799 0.010000
v -0.007727 -0.053975 -0.010000
v -0.007727 -0.053975 0.010000
v -0.010976 -0.054268 -0.010000
v -0.010976 -0.054268 0.010000
v -0.014401 -0.054677 -0.010000
v -0.014401 -0.054677 0.010000
v -0.018001 -0.055204 -0.010000
v -0.018001 -0.055204 0.010000
v -0.021777 -0.055848 -0.010000
v -0.021777 -0.055848 0.010000
v -0.025729 -0.056609 -0.010000
v -0.025729 -0.056609 0.010000
v -0.029856 -0.057487 -0.010000
v -0.029856 -0.057487 0.010000
v -0.034159 -0.058483 -0.010000
v -0.034159 -0.058483 0.010000
v -0.038637 -0.059595 -0.010000
v -0.038637 -0.059595 0.010000
v -0.043291 -0.060824 -0.010000
v -0.043291 -0.060824 0.010000
v -0.048121 -0.062171 -0.010000
v -0.048121 -0.062171 0.010000
v -0.040745 0.040042 -0.010000
v -0.040745 0.040042 0.010000
v -0.038791 0.039762 -0.010000
v -0.038791 0.039762 0.010000
v -0.036910 0.039506 -0.010000
v -0.036910 0.039506 0.010000
v -0.035103 0.039274 -0.010000
v -0.035103 0.039274 0.010000
v -0.033368 0.039066 -0.010000
v -0.033368 0.039066 0.010000
v -0.031707 0.038884 -0.010000
v -0.031707 0.038884 0.010000
v -0.030119 0.038725 -0.010000
v -0.030119 0.038725 0.010000
v -0.028605 0.038591 -0.010000
v -0.028605 0.038591 0.010000
v -0.027163 0.038481 -0.010000
v -0.027163 0.038481 0.010000
v -0.025795 0.038396 -0.010000
v -0.025795 0.038396 0.010000
v -0.024499 0.038335 -0.010000
v -0.024499 0.038335 0.010000
v -0.023277 0.038298 -0.010000
v -0.023277 0.038298 0.010000
v -0.022129 0.038286 -0.010000
v -0.022129 0.038286 0.010000
v -0.017510 0.038410 -0.010000
v -0.017510 0.038410 0.010000
v -0.013021 0.038784 -0.010000
v -0.013021 0.038784 0.010000
v -0.008660 0.039406 -0.010000
v -0.008660 0.039406 0.010000
v -0.004430 0.040276 -0.010000
v -0.004430 0.040276 0.010000
v -0.000328 0.041396 -0.010000
v -0.000328 0.041396 0.010000
v 0.003644 0.042764 -0.010000
v 0.003644 0.042764 0.010000
v 0.007487 0.044382 -0.010000
v 0.007487 0.044382 0.010000
v 0.011201 0.046248 -0.010000
v 0.011201 0.046248 0.010000
v 0.014785 0.048362 -0.010000
v 0.014785 0.048362 0.010000
v 0.018240 0.050726 -0.010000
v 0.018240 0.050726 0.010000
v 0.021566 0.053338 -0.010000
v 0.021566 0.053338 0.010000
v 0.024763 0.056200 -0.010000
v 0.024763 0.056200 0.010000
v 0.027764 0.059231 -0.010000
v 0.027764 0.059231 0.010000
v 0.030505 0.062356 -0.010000
v 0.030505 0.062356 0.010000
v 0.032984 0.065573 -0.010000
v 0.032984 0.065573 0.010000
v 0.035203 0.068883 -0.010000
v 0.035203 0.068883 0.010000
v 0.037160 0.072286 -0.010000
v 0.037160 0.072286 0.010000
v 0.038857 0.075782 -0.010000
v 0.038857 0.075782 0.010000
v 0.040292 0.079370 -0.010000
v 0.040292 0.079370 0.010000
v 0.041467 0.083050 -0.010000
v 0.041467 0.083050 0.010000
v 0.042380 0.086824 -0.010000
v 0.042380 0.086824 0.010000
v 0.043033 0.090690 -0.010000
v 0.043033 0.090690 0.010000
v 0.043424 0.094649 -0.010000
v 0.043424 0.094649 0.010000
v 0.043555 0.098700 -0.010000
v 0.043555 0.098700 0.010000
v 0.043457 0.102557 -0.010000
v 0.043457 0.102557 0.010000
v 0.043164 0.106281 -0.010000
v 0.043164 0.106281 0.010000
v 0.042677 0.109874 -0.010000
v 0.042677 0.109874 0.010000
v 0.041994 0.113336 -0.010000
v 0.041994 0.113336 0.010000
v 0.041115 0.116665 -0.010000
v 0.041115 0.116665 0.010000
v 0.040042 0.119863 -0.010000
v 0.040042 0.119863 0.010000
v 0.038774 0.122929 -0.010000
v 0.038774 0.122929 0.010000
v 0.037310 0.125863 -0.010000
v 0.037310 0.125863 0.010000
v 0.035652 0.128666 -0.010000
v 0.035652 0.128666 0.010000
v 0.033798 0.131337 -0.010000
v 0.033798 0.131337 0.010000
v 0.031749 0.133876 -0.010000
v 0.031749 0.133876 0.010000
v 0.029505 0.136284 -0.010000
v 0.029505 0.136284 0.010000
v 0.027090 0.138528 -0.010000
v 0.027090 0.138528 0.010000
v 0.024529 0.140577 -0.010000
v 0.024529 0.140577 0.010000
v 0.021821 0.142431 -0.010000
v 0.021821 0.142431 0.010000
v 0.018967 0.144089 -0.010000
v 0.018967 0.144089 0.010000
v 0.015967 0.145553 -0.010000
v 0.015967 0.145553 0.010000
v 0.012821 0.146821 -0.010000
v 0.012821 0.146821 0.010000
v 0.009528 0.147894 -0.010000
v 0.009528 0.147894 0.010000
v 0.006088 0.148773 -0.010000
v 0.006088 0.148773 0.010000
v 0.002503 0.149456 -0.010000
v 0.002503 0.149456 0.010000
v -0.001229 0.149943 -0.010000
v -0.001229 0.149943 0.010000
v -0.005108 0.150236 -0.010000
v -0.005108 0.150236 0.010000
v -0.009132 0.150334 -0.010000
v -0.009132 0.150334 0.010000
v -0.013282 0.150228 -0.010000
v -0.013282 0.150228 0.010000
v -0.017299 0.149909 -0.010000
v -0.017299 0.149909 0.010000
v -0.021185 0.149379 -0.010000
v -0.021185 0.149379 0.010000
v -0.024939 0.148636 -0.010000
v -0.024939 0.148636 0.010000
v -0.028561 0.147681 -0.010000
v -0.028561 0.147681 0.010000
v -0.032051 0.146514 -0.010000
v -0.032051 0.146514 0.010000
v -0.035410 0.145135 -0.010000
v -0.035410 0.145135 0.010000
v -0.038637 0.143543 -0.010000
v -0.038637 0.143543 0.010000
v -0.041733 0.141739 -0.010000
v -0.041733 0.141739 0.010000
v -0.044696 0.139723 -0.010000
v -0.044696 0.139723 0.010000
v -0.047528 0.137495 -0.010000
v -0.047528 0.137495 0.010000
vn -0.0000 -0.0000 1.0000
vn 0.0001 -0.0000 1.0000
vn -0.0000 -0.0000 -1.0000
vn 0.0001 -0.0000 -1.0000
vn 0.7540 -0.6569 -0.0000
vn 0.6988 -0.7153 -0.0000
vn 0.8041 -0.5945 -0.0000
vn 0.8455 -0.5340 -0.0000
vn 0.8792 -0.4764 -0.0000
vn 0.9065 -0.4223 -0.0000
vn 0.9282 -0.3720 -0.0000
vn 0.9455 -0.3256 -0.0000
vn 0.9591 -0.2830 -0.0000
vn 0.9698 -0.2439 -0.0000
vn 0.9781 -0.2082 -0.0000
vn 0.9845 -0.1755 -0.0000
vn 0.5781 -0.8159 -0.0000
vn -0.8487 -0.5288 -0.0000
vn 0.5782 -0.8159 -0.0000
vn -0.9542 0.2991 -0.0000
vn -0.9378 0.3472 -0.0000
vn -0.9180 0.3965 -0.0000
vn -0.8947 0.4467 -0.0000
vn -0.8676 0.4972 -0.0000
vn -0.8367 0.5476 -0.0000
vn -0.8021 0.5972 -0.0000
vn -0.7639 0.6454 -0.0000
vn -0.7224 0.6915 -0.0000
vn -0.6782 0.7349 -0.0000
vn -0.7224 0.6914 -0.0000
vn -0.6316 0.7753 -0.0000
vn -0.5809 0.8139 -0.0000
vn -0.5245 0.8514 -0.0000
vn -0.4655 0.8850 -0.0000
vn -0.4076 0.9132 -0.0000
vn -0.3514 0.9362 -0.0000
vn -0.2975 0.9547 -0.0000
vn -0.2462 0.9692 -0.0000
vn -0.1979 0.9802 -0.0000
vn -0.1526 0.9883 -0.0000
vn -0.1103 0.9939 -0.0000
vn -0.0709 0.9975 -0.0000
vn -0.0343 0.9994 -0.0000
vn -0.0004 1.0000 -0.0000
vn 0.0330 0.9995 -0.0000
vn 0.0688 0.9976 -0.0000
vn 0.1081 0.9941 -0.0000
vn 0.1512 0.9885 -0.0000
vn 0.1986 0.9801 -0.0000
vn 0.2503 0.9682 -0.0000
vn 0.3066 0.9518 -0.0000
vn 0.3674 0.9301 -0.0000
vn 0.4323 0.9017 -0.0000
vn 0.5005 0.8657 -0.0000
vn 0.5710 0.8210 -0.0000
vn 0.6361 0.7716 -0.0000
vn 0.6895 0.7243 -0.0000
vn 0.6360 0.7716 -0.0000
vn 0.7369 0.6760 -0.0000
vn 0.7830 0.6220 -0.0000
vn 0.8268 0.5626 -0.0000
vn 0.8671 0.4981 -0.0000
vn 0.9030 0.4296 -0.0000
vn 0.9337 0.3581 -0.0000
vn 0.9586 0.2849 -0.0000
vn 0.9774 0.2113 -0.0000
vn 0.9903 0.1386 -0.0000
vn 0.9977 0.0680 -0.0000
vn 1.0000 0.0052 -0.0000
vn 0.9989 -0.0465 -0.0000
vn 0.9956 -0.0939 -0.0000
vn 0.9898 -0.1423 -0.0000
vn 0.9815 -0.1913 -0.0000
vn 0.9707 -0.2404 -0.0000
vn 0.9572 -0.2894 -0.0000
vn 0.9412 -0.3379 -0.0000
vn 0.9228 -0.3854 -0.0000
vn 0.9021 -0.4316 -0.0000
vn 0.8793 -0.4762 -0.0000
vn 0.8548 -0.5189 -0.0000
vn 0.8286 -0.5598 -0.0000
vn 0.8008 -0.5989 -0.0000
vn 0.7719 -0.6357 -0.0000
vn 0.7423 -0.6701 -0.0000
vn 0.7123 -0.7019 -0.0000
vn 0.6822 -0.7312 -0.0000
vn 0.6521 -0.7581 -0.0000
vn 0.6225 -0.7826 -0.0000
vn 0.6522 -0.7581 -0.0000
vn 0.5933 -0.8050 -0.0000
vn 0.5647 -0.8253 -0.0000
vn 0.5369 -0.8437 -0.0000
vn 0.5098 -0.8603 -0.0000
vn 0.9909 0.1344 -0.0000
vn 0.2557 0.9668 -0.0000
vn 0.9909 0.1342 -0.0000
vn 0.2724 0.9622 -0.0000
vn 0.2905 0.9569 -0.0000
vn 0.3098 0.9508 -0.0000
vn 0.3306 0.9438 -0.0000
vn 0.3529 0.9356 -0.0000
vn 0.3770 0.9262 -0.0000
vn 0.4030 0.9152 -0.0000
vn 0.4311 0.9023 -0.0000
vn 0.4613 0.8873 -0.0000
vn 0.4938 0.8696 -0.0000
vn 0.5263 0.8503 -0.0000
vn 0.5590 0.8292 -0.0000
vn 0.5929 0.8053 -0.0000
vn 0.6264 0.7795 -0.0000
vn 0.6593 0.7519 -0.0000
vn 0.6913 0.7226 -0.0000
vn 0.7222 0.6917 -0.0000
vn 0.7519 0.6593 -0.0000
vn 0.7801 0.6257 -0.0000
vn 0.8067 0.5910 -0.0000
vn 0.8316 0.5554 -0.0000
vn 0.8546 0.5193 -0.0000
vn 0.8766 0.4812 -0.0000
vn 0.8982 0.4396 -0.0000
vn 0.8766 0.4811 -0.0000
vn 0.9182 0.3962 -0.0000
vn 0.9357 0.3527 -0.0000
vn 0.9182 0.3961 -0.0000
vn 0.9509 0.3095 -0.0000
vn 0.9637 0.2669 -0.0000
vn 0.9744 0.2250 -0.0000
vn 0.9829 0.1842 -0.0000
vn 0.9743 0.2250 -0.0000
vn 0.9895 0.1446 -0.0000
vn 0.9943 0.1063 -0.0000
vn 0.9976 0.0694 -0.0000
vn 0.9994 0.0341 -0.0000
vn 1.0000 -0.0026 -0.0000
vn 0.9990 -0.0439 -0.0000
vn 0.9961 -0.0881 -0.0000
vn 0.9912 -0.1324 -0.0000
vn 0.9843 -0.1766 -0.0000
vn 0.9754 -0.2202 -0.0000
vn 0.9647 -0.2632 -0.0000
vn 0.9523 -0.3053 -0.0000
vn 0.9382 -0.3462 -0.0000
vn 0.9226 -0.3858 -0.0000
vn 0.9057 -0.4239 -0.0000
vn 0.8877 -0.4604 -0.0000
vn 0.8676 -0.4973 -0.0000
vn 0.8436 -0.5370 -0.0000
vn 0.8161 -0.5780 -0.0000
vn 0.7862 -0.6180 -0.0000
vn 0.7541 -0.6568 -0.0000
vn 0.7199 -0.6940 -0.0000
vn 0.6841 -0.7294 -0.0000
vn 0.6468 -0.7626 -0.0000
vn 0.6084 -0.7936 -0.0000
vn 0.5692 -0.8222 -0.0000
vn 0.5296 -0.8483 -0.0000
vn 0.4898 -0.8718 -0.0000
vn 0.4480 -0.8940 -0.0000
vn 0.4023 -0.9155 -0.0000
vn 0.3557 -0.9346 -0.0000
vn 0.3109 -0.9504 -0.0000
vn 0.2681 -0.9634 -0.0000
vn 0.2273 -0.9738 -0.0000
vn 0.1887 -0.9820 -0.0000
vn 0.1523 -0.9883 -0.0000
vn 0.1179 -0.9930 -0.0000
vn 0.0856 -0.9963 -0.0000
vn 0.0553 -0.9985 -0.0000
vn 0.0269 -0.9996 -0.0000
vn 0.0016 -1.0000 -0.0000
vn -0.0205 -0.9998 -0.0000
vn -0.0423 -0.9991 -0.0000
vn -0.0658 -0.9978 -0.0000
vn -0.0910 -0.9958 -0.0000
vn -0.1183 -0.9930 -0.0000
vn -0.1476 -0.9890 -0.0000
vn -0.1793 -0.9838 -0.0000
vn -0.2135 -0.9770 -0.0000
vn -0.2502 -0.9682 -0.0000
vn -0.2897 -0.9571 -0.0000
vn -0.3321 -0.9432 -0.0000
vn -0.3742 -0.9274 -0.0000
vn -0.4117 -0.9113 -0.0000
vn -0.4468 -0.8946 -0.0000
vn -0.4819 -0.8762 -0.0000
vn -0.4468 -0.8947 -0.0000
vn -0.5170 -0.8560 -0.0000
vn -0.5519 -0.8339 -0.0000
vn -0.5863 -0.8101 -0.0000
vn -0.6201 -0.7846 -0.0000
vn -0.6529 -0.7574 -0.0000
vn -0.6847 -0.7288 -0.0000
vn -0.7153 -0.6988 -0.0000
vn -0.7444 -0.6677 -0.0000
vn -0.7717 -0.6360 -0.0000
vn -0.7965 -0.6046 -0.0000
vn -0.8193 -0.5734 -0.0000
vn -0.8403 -0.5422 -0.0000
vn -0.8596 -0.5110 -0.0000
vn -0.8772 -0.4802 -0.0000
vn -0.8932 -0.4497 -0.0000
vn -0.9076 -0.4197 -0.0000
vn -0.9206 -0.3904 -0.0000
vn -0.9323 -0.3617 -0.0000
vn -0.9426 -0.3338 -0.0000
vn -0.9518 -0.3067 -0.0000
vn -0.8416 0.5402 -0.0000
vn 0.5779 0.8161 -0.0000
vn -0.8416 0.5401 -0.0000
vn 0.9756 0.2194 -0.0000
vn 0.9683 0.2496 -0.0000
vn 0.9592 0.2826 -0.0000
vn 0.9479 0.3186 -0.0000
vn 0.9337 0.3580 -0.0000
vn 0.9161 0.4010 -0.0000
vn 0.8942 0.4477 -0.0000
vn 0.8338 0.5521 -0.0000
vn 0.7929 0.6093 -0.0000
vn 0.7435 0.6687 -0.0000
vn 0.6890 0.7247 -0.0000
vn 0.5835 0.8121 -0.0000
vn 0.5275 0.8496 -0.0000
vn 0.4688 0.8833 -0.0000
vn 0.4084 0.9128 -0.0000
vn 0.3469 0.9379 -0.0000
vn 0.2853 0.9584 -0.0000
vn 0.2245 0.9745 -0.0000
vn 0.1650 0.9863 -0.0000
vn 0.1076 0.9942 -0.0000
vn 0.0526 0.9986 -0.0000
vn -0.0026 1.0000 -0.0000
vn -0.0630 0.9980 -0.0000
vn -0.1285 0.9917 -0.0000
vn -0.1961 0.9806 -0.0000
vn -0.2650 0.9642 -0.0000
vn -0.3342 0.9425 -0.0000
vn -0.4024 0.9155 -0.0000
vn -0.4687 0.8834 -0.0000
vn -0.5318 0.8468 -0.0000
vn -0.5911 0.8066 -0.0000
vn -0.6457 0.7636 -0.0000
vn -0.6954 0.7186 -0.0000
vn -0.7412 0.6712 -0.0000
vn -0.7852 0.6193 -0.0000
vn -0.8264 0.5631 -0.0000
vn -0.8635 0.5044 -0.0000
vn -0.8960 0.4441 -0.0000
vn -0.9236 0.3833 -0.0000
vn -0.9465 0.3227 -0.0000
vn -0.9647 0.2633 -0.0000
vn -0.9787 0.2055 -0.0000
vn -0.9887 0.1501 -0.0000
vn -0.9953 0.0973 -0.0000
vn -0.9989 0.0473 -0.0000
vn -1.0000 0.0006 -0.0000
vn -0.9990 -0.0450 -0.0000
vn -0.9957 -0.0928 -0.0000
vn -0.9990 -0.0449 -0.0000
vn -0.9896 -0.1440 -0.0000
vn -0.9801 -0.1984 -0.0000
vn -0.9667 -0.2558 -0.0000
vn -0.9488 -0.3157 -0.0000
vn -0.9259 -0.3777 -0.0000
vn -0.8976 -0.4408 -0.0000
vn -0.8636 -0.5041 -0.0000
vn -0.8241 -0.5665 -0.0000
vn -0.7792 -0.6268 -0.0000
vn -0.7302 -0.6832 -0.0000
vn -0.6780 -0.7350 -0.0000
vn -0.6219 -0.7831 -0.0000
vn -0.5616 -0.8274 -0.0000
vn -0.4981 -0.8671 -0.0000
vn -0.4325 -0.9016 -0.0000
vn -0.3660 -0.9306 -0.0000
vn -0.2997 -0.9540 -0.0000
vn -0.2346 -0.9721 -0.0000
vn -0.1715 -0.9852 -0.0000
vn -0.1112 -0.9938 -0.0000
vn -0.0541 -0.9985 -0.0000
vn -0.0031 -1.0000 -0.0000
vn 0.0386 -0.9993 -0.0000
vn 0.0734 -0.9973 -0.0000
vn 0.1043 -0.9945 -0.0000
vn 0.1318 -0.9913 -0.0000
vn 0.1565 -0.9877 -0.0000
vn 0.1786 -0.9839 -0.0000
vn 0.1986 -0.9801 -0.0000
vn 0.2167 -0.9762 -0.0000
vn 0.2332 -0.9724 -0.0000
vn 0.2482 -0.9687 -0.0000
vn 0.2620 -0.9651 -0.0000
vn -0.6331 -0.7741 -0.0000
vn -0.6273 0.7788 -0.0000
vn -0.6330 -0.7741 -0.0000
vn 0.1385 0.9904 -0.0000
vn 0.1311 0.9914 -0.0000
vn 0.1229 0.9924 -0.0000
vn 0.1141 0.9935 -0.0000
vn 0.1044 0.9945 -0.0000
vn 0.0938 0.9956 -0.0000
vn 0.0821 0.9966 -0.0000
vn 0.0691 0.9976 -0.0000
vn 0.0547 0.9985 -0.0000
vn 0.0385 0.9993 -0.0000
vn 0.0203 0.9998 -0.0000
vn -0.0082 1.0000 -0.0000
vn -0.0549 0.9985 -0.0000
vn -0.1121 0.9937 -0.0000
vn -0.1715 0.9852 -0.0000
vn -0.2326 0.9726 -0.0000
vn -0.2947 0.9556 -0.0000
vn -0.3570 0.9341 -0.0000
vn -0.4187 0.9081 -0.0000
vn -0.4788 0.8779 -0.0000
vn -0.5367 0.8438 -0.0000
vn -0.5915 0.8063 -0.0000
vn -0.6427 0.7662 -0.0000
vn -0.6891 0.7246 -0.0000
vn -0.7316 0.6818 -0.0000
vn -0.6891 0.7247 -0.0000
vn -0.7723 0.6352 -0.0000
vn -0.8118 0.5839 -0.0000
vn -0.8492 0.5280 -0.0000
vn -0.8838 0.4679 -0.0000
vn -0.9146 0.4043 -0.0000
vn -0.9412 0.3379 -0.0000
vn -0.9629 0.2698 -0.0000
vn -0.9796 0.2010 -0.0000
vn -0.9912 0.1325 -0.0000
vn -0.9979 0.0653 -0.0000
vn -1.0000 0.0035 -0.0000
vn -0.9987 -0.0518 -0.0000
vn -0.9943 -0.1065 -0.0000
vn -0.9864 -0.1641 -0.0000
vn -0.9745 -0.2244 -0.0000
vn -0.9580 -0.2868 -0.0000
vn -0.9366 -0.3504 -0.0000
vn -0.9100 -0.4146 -0.0000
vn -0.8783 -0.4781 -0.0000
vn -0.9100 -0.4145 -0.0000
vn -0.8416 -0.5401 -0.0000
vn -0.8004 -0.5995 -0.0000
vn -0.7553 -0.6553 -0.0000
vn -0.7066 -0.7076 -0.0000
vn -0.6532 -0.7572 -0.0000
vn -0.5952 -0.8036 -0.0000
vn -0.5341 -0.8454 -0.0000
vn -0.4708 -0.8823 -0.0000
vn -0.4064 -0.9137 -0.0000
vn -0.3421 -0.9397 -0.0000
vn -0.2788 -0.9604 -0.0000
vn -0.2174 -0.9761 -0.0000
vn -0.1584 -0.9874 -0.0000
vn -0.1025 -0.9947 -0.0000
vn -0.0498 -0.9988 -0.0000
vn 0.0007 -1.0000 -0.0000
vn 0.0523 -0.9986 -0.0000
vn 0.1072 -0.9942 -0.0000
vn 0.1648 -0.9863 -0.0000
vn 0.2246 -0.9744 -0.0000
vn 0.2862 -0.9582 -0.0000
vn 0.3487 -0.9372 -0.0000
vn 0.4113 -0.9115 -0.0000
vn 0.4732 -0.8810 -0.0000
vn 0.5333 -0.8459 -0.0000
vn 0.5908 -0.8068 -0.0000
vn 0.6448 -0.7643 -0.0000
vt 0.102857 0.000000
vt 0.108571 0.000000
vt 0.105714 0.000000
vt 0.100000 0.000000
vt 0.111429 0.000000
vt 0.097143 0.000000
vt 0.114286 0.000000
vt 0.094286 0.000000
vt 0.117143 0.000000
vt 0.091429 0.000000
vt 0.120000 0.000000
vt 0.088571 0.000000
vt 0.122857 0.000000
vt 0.085714 0.000000
vt 0.125714 0.000000
vt 0.082857 0.000000
vt 0.128571 0.000000
vt 0.080000 0.000000
vt 0.131429 0.000000
vt 0.077143 0.000000
vt 0.134286 0.000000
vt 0.074286 0.000000
vt 0.137143 0.000000
vt 0.071429 0.000000
vt 0.140000 0.000000
vt 0.068571 0.000000
vt 0.142857 0.000000
vt 0.065714 0.000000
vt 0.145714 0.000000
vt 0.062857 0.000000
vt 0.148571 0.000000
vt 0.060000 0.000000
vt 0.151429 0.000000
vt 0.057143 0.000000
vt 0.154286 0.000000
vt 0.054286 0.000000
vt 0.157143 0.000000
vt 0.051429 0.000000
vt 0.160000 0.000000
vt 0.048571 0.000000
vt 0.971429 0.000000
vt 0.968571 0.000000
vt 0.965714 0.000000
vt 0.162857 0.000000
vt 0.962857 0.000000
vt 0.974286 0.000000
vt 0.960000 0.000000
vt 0.977143 0.000000
vt 0.957143 0.000000
vt 0.980000 0.000000
vt 0.954286 0.000000
vt 0.982857 0.000000
vt 0.951429 0.000000
vt 0.985714 0.000000
vt 0.948571 0.000000
vt 0.988571 0.000000
vt 0.945714 0.000000
vt 0.045714 0.000000
vt 0.991429 0.000000
vt 0.942857 0.000000
vt 0.994286 0.000000
vt 0.165714 0.000000
vt 0.940000 0.000000
vt 0.997143 0.000000
vt 0.937143 0.000000
vt 1.000000 0.000000
vt 0.934286 0.000000
vt 0.000000 0.000000
vt 0.931429 0.000000
vt 0.042857 0.000000
vt 0.002857 0.000000
vt 0.168571 0.000000
vt 0.928571 0.000000
vt 0.005714 0.000000
vt 0.925714 0.000000
vt 0.008571 0.000000
vt 0.922857 0.000000
vt 0.040000 0.000000
vt 0.011429 0.000000
vt 0.920000 0.000000
vt 0.171429 0.000000
vt 0.917143 0.000000
vt 0.014286 0.000000
vt 0.914286 0.000000
vt 0.017143 0.000000
vt 0.911429 0.000000
vt 0.174286 0.000000
vt 0.037143 0.000000
vt 0.020000 0.000000
vt 0.908571 0.000000
vt 0.905714 0.000000
vt 0.022857 0.000000
vt 0.177143 0.000000
vt 0.902857 0.000000
vt 0.034286 0.000000
vt 0.031429 0.000000
vt 0.028571 0.000000
vt 0.025714 0.000000
vt 0.900000 0.000000
vt 0.180000 0.000000
vt 0.897143 0.000000
vt 0.182857 0.000000
vt 0.894286 0.000000
vt 0.185714 0.000000
vt 0.891429 0.000000
vt 0.888571 0.000000
vt 0.188571 0.000000
vt 0.885714 0.000000
vt 0.191429 0.000000
vt 0.882857 0.000000
vt 0.880000 0.000000
vt 0.194286 0.000000
vt 0.877143 0.000000
vt 0.197143 0.000000
vt 0.874286 0.000000
vt 0.871429 0.000000
vt 0.200000 0.000000
vt 0.868571 0.000000
vt 0.202857 0.000000
vt 0.865714 0.000000
vt 0.862857 0.000000
vt 0.205714 0.000000
vt 0.860000 0.000000
vt 0.208571 0.000000
vt 0.857143 0.000000
vt 0.854286 0.000000
vt 0.211429 0.000000
vt 0.851429 0.000000
vt 0.848571 0.000000
vt 0.845714 0.000000
vt 0.214286 0.000000
vt 0.842857 0.000000
vt 0.840000 0.000000
vt 0.794286 0.000000
vt 0.800000 0.000000
vt 0.797143 0.000000
vt 0.802857 0.000000
vt 0.805714 0.000000
vt 0.837143 0.000000
vt 0.808571 0.000000
vt 0.811429 0.000000
vt 0.814286 0.000000
vt 0.834286 0.000000
vt 0.817143 0.000000
vt 0.820000 0.000000
vt 0.822857 0.000000
vt 0.831429 0.000000
vt 0.825714 0.000000
vt 0.828571 0.000000
vt 0.217143 0.000000
vt 0.220000 0.000000
vt 0.222857 0.000000
vt 0.225714 0.000000
vt 0.228571 0.000000
vt 0.231429 0.000000
vt 0.234286 0.000000
vt 0.237143 0.000000
vt 0.240000 0.000000
vt 0.242857 0.000000
vt 0.245714 0.000000
vt 0.248571 0.000000
vt 0.251429 0.000000
vt 0.254286 0.000000
vt 0.257143 0.000000
vt 0.260000 0.000000
vt 0.791429 0.000000
vt 0.262857 0.000000
vt 0.788571 0.000000
vt 0.265714 0.000000
vt 0.268571 0.000000
vt 0.785714 0.000000
vt 0.271429 0.000000
vt 0.782857 0.000000
vt 0.274286 0.000000
vt 0.780000 0.000000
vt 0.277143 0.000000
vt 0.280000 0.000000
vt 0.777143 0.000000
vt 0.282857 0.000000
vt 0.774286 0.000000
vt 0.285714 0.000000
vt 0.771429 0.000000
vt 0.288571 0.000000
vt 0.768571 0.000000
vt 0.291429 0.000000
vt 0.294286 0.000000
vt 0.765714 0.000000
vt 0.297143 0.000000
vt 0.762857 0.000000
vt 0.300000 0.000000
vt 0.302857 0.000000
vt 0.760000 0.000000
vt 0.305714 0.000000
vt 0.308571 0.000000
vt 0.757143 0.000000
vt 0.754286 0.000000
vt 0.751429 0.000000
vt 0.748571 0.000000
vt 0.311429 0.000000
vt 0.745714 0.000000
vt 0.742857 0.000000
vt 0.740000 0.000000
vt 0.314286 0.000000
vt 0.737143 0.000000
vt 0.734286 0.000000
vt 0.317143 0.000000
vt 0.731429 0.000000
vt 0.728571 0.000000
vt 0.320000 0.000000
vt 0.725714 0.000000
vt 0.322857 0.000000
vt 0.722857 0.000000
vt 0.720000 0.000000
vt 0.325714 0.000000
vt 0.717143 0.000000
vt 0.328571 0.000000
vt 0.714286 0.000000
vt 0.331429 0.000000
vt 0.711429 0.000000
vt 0.708571 0.000000
vt 0.334286 0.000000
vt 0.705714 0.000000
vt 0.337143 0.000000
vt 0.702857 0.000000
vt 0.340000 0.000000
vt 0.700000 0.000000
vt 0.342857 0.000000
vt 0.697143 0.000000
vt 0.345714 0.000000
vt 0.694286 0.000000
vt 0.348571 0.000000
vt 0.691429 0.000000
vt 0.351429 0.000000
vt 0.688571 0.000000
vt 0.551429 0.000000
vt 0.557143 0.000000
vt 0.554286 0.000000
vt 0.685714 0.000000
vt 0.354286 0.000000
vt 0.560000 0.000000
vt 0.682857 0.000000
vt 0.562857 0.000000
vt 0.357143 0.000000
vt 0.680000 0.000000
vt 0.548571 0.000000
vt 0.565714 0.000000
vt 0.360000 0.000000
vt 0.677143 0.000000
vt 0.568571 0.000000
vt 0.674286 0.000000
vt 0.545714 0.000000
vt 0.362857 0.000000
vt 0.671429 0.000000
vt 0.571429 0.000000
vt 0.542857 0.000000
vt 0.668571 0.000000
vt 0.365714 0.000000
vt 0.574286 0.000000
vt 0.665714 0.000000
vt 0.577143 0.000000
vt 0.540000 0.000000
vt 0.368571 0.000000
vt 0.662857 0.000000
vt 0.580000 0.000000
vt 0.660000 0.000000
vt 0.537143 0.000000
vt 0.371429 0.000000
vt 0.582857 0.000000
vt 0.657143 0.000000
vt 0.585714 0.000000
vt 0.654286 0.000000
vt 0.534286 0.000000
vt 0.588571 0.000000
vt 0.374286 0.000000
vt 0.651429 0.000000
vt 0.591429 0.000000
vt 0.648571 0.000000
vt 0.594286 0.000000
vt 0.531429 0.000000
vt 0.377143 0.000000
vt 0.645714 0.000000
vt 0.597143 0.000000
vt 0.600000 0.000000
vt 0.642857 0.000000
vt 0.602857 0.000000
vt 0.640000 0.000000
vt 0.528571 0.000000
vt 0.605714 0.000000
vt 0.380000 0.000000
vt 0.637143 0.000000
vt 0.608571 0.000000
vt 0.634286 0.000000
vt 0.611429 0.000000
vt 0.631429 0.000000
vt 0.614286 0.000000
vt 0.628571 0.000000
vt 0.617143 0.000000
vt 0.525714 0.000000
vt 0.625714 0.000000
vt 0.620000 0.000000
vt 0.622857 0.000000
vt 0.382857 0.000000
vt 0.522857 0.000000
vt 0.385714 0.000000
vt 0.520000 0.000000
vt 0.388571 0.000000
vt 0.517143 0.000000
vt 0.391429 0.000000
vt 0.514286 0.000000
vt 0.394286 0.000000
vt 0.511429 0.000000
vt 0.397143 0.000000
vt 0.508571 0.000000
vt 0.505714 0.000000
vt 0.400000 0.000000
vt 0.502857 0.000000
vt 0.402857 0.000000
vt 0.500000 0.000000
vt 0.405714 0.000000
vt 0.497143 0.000000
vt 0.408571 0.000000
vt 0.494286 0.000000
vt 0.411429 0.000000
vt 0.491429 0.000000
vt 0.414286 0.000000
vt 0.488571 0.000000
vt 0.485714 0.000000
vt 0.417143 0.000000
vt 0.482857 0.000000
vt 0.420000 0.000000
vt 0.480000 0.000000
vt 0.422857 0.000000
vt 0.477143 0.000000
vt 0.425714 0.000000
vt 0.474286 0.000000
vt 0.428571 0.000000
vt 0.471429 0.000000
vt 0.431429 0.000000
vt 0.468571 0.000000
vt 0.465714 0.000000
vt 0.434286 0.000000
vt 0.462857 0.000000
vt 0.437143 0.000000
vt 0.460000 0.000000
vt 0.440000 0.000000
vt 0.457143 0.000000
vt 0.442857 0.000000
vt 0.454286 0.000000
vt 0.445714 0.000000
vt 0.451429 0.000000
vt 0.448571 0.000000
vt 0.002849 1.000000
vt 0.000000 1.000000
vt 0.005698 1.000000
vt 0.002849 0.000000
vt 0.008547 1.000000
vt 0.005698 0.000000
vt 0.011396 1.000000
vt 0.008547 0.000000
vt 0.014245 1.000000
vt 0.011396 0.000000
vt 0.017094 1.000000
vt 0.014245 0.000000
vt 0.019943 1.000000
vt 0.017094 0.000000
vt 0.022792 1.000000
vt 0.019943 0.000000
vt 0.025641 1.000000
vt 0.022792 0.000000
vt 0.028490 1.000000
vt 0.025641 0.000000
vt 0.031339 1.000000
vt 0.028490 0.000000
vt 0.034188 1.000000
vt 0.031339 0.000000
vt 0.037037 1.000000
vt 0.034188 0.000000
vt 0.039886 1.000000
vt 0.037037 0.000000
vt 0.042735 1.000000
vt 0.039886 0.000000
vt 0.045584 1.000000
vt 0.042735 0.000000
vt 0.048433 1.000000
vt 0.045584 0.000000
vt 0.051282 1.000000
vt 0.048433 0.000000
vt 0.054131 1.000000
vt 0.051282 0.000000
vt 0.056980 1.000000
vt 0.054131 0.000000
vt 0.059829 1.000000
vt 0.056980 0.000000
vt 0.062678 1.000000
vt 0.059829 0.000000
vt 0.065527 1.000000
vt 0.062678 0.000000
vt 0.068376 1.000000
vt 0.065527 0.000000
vt 0.071225 1.000000
vt 0.068376 0.000000
vt 0.074074 1.000000
vt 0.071225 0.000000
vt 0.076923 1.000000
vt 0.074074 0.000000
vt 0.079772 1.000000
vt 0.076923 0.000000
vt 0.082621 1.000000
vt 0.079772 0.000000
vt 0.085470 1.000000
vt 0.082621 0.000000
vt 0.088319 1.000000
vt 0.085470 0.000000
vt 0.091168 1.000000
vt 0.088319 0.000000
vt 0.094017 1.000000
vt 0.091168 0.000000
vt 0.096866 1.000000
vt 0.094017 0.000000
vt 0.099715 1.000000
vt 0.096866 0.000000
vt 0.102564 1.000000
vt 0.099715 0.000000
vt 0.105413 1.000000
vt 0.102564 0.000000
vt 0.108262 1.000000
vt 0.105413 0.000000
vt 0.111111 1.000000
vt 0.108262 0.000000
vt 0.113960 1.000000
vt 0.111111 0.000000
vt 0.116809 1.000000
vt 0.113960 0.000000
vt 0.119658 1.000000
vt 0.116809 0.000000
vt 0.122507 1.000000
vt 0.119658 0.000000
vt 0.125356 1.000000
vt 0.122507 0.000000
vt 0.128205 1.000000
vt 0.125356 0.000000
vt 0.131054 1.000000
vt 0.128205 0.000000
vt 0.133903 1.000000
vt 0.131054 0.000000
vt 0.136752 1.000000
vt 0.133903 0.000000
vt 0.139601 1.000000
vt 0.136752 0.000000
vt 0.142450 1.000000
vt 0.139601 0.000000
vt 0.145299 1.000000
vt 0.142450 0.000000
vt 0.148148 1.000000
vt 0.145299 0.000000
vt 0.150997 1.000000
vt 0.148148 0.000000
vt 0.153846 1.000000
vt 0.150997 0.000000
vt 0.156695 1.000000
vt 0.153846 0.000000
vt 0.159544 1.000000
vt 0.156695 0.000000
vt 0.162393 1.000000
vt 0.159544 0.000000
vt 0.165242 1.000000
vt 0.162393 0.000000
vt 0.168091 1.000000
vt 0.165242 0.000000
vt 0.170940 1.000000
vt 0.168091 0.000000
vt 0.173789 1.000000
vt 0.170940 0.000000
vt 0.176638 1.000000
vt 0.173789 0.000000
vt 0.179487 1.000000
vt 0.176638 0.000000
vt 0.182336 1.000000
vt 0.179487 0.000000
vt 0.185185 1.000000
vt 0.182336 0.000000
vt 0.188034 1.000000
vt 0.185185 0.000000
vt 0.190883 1.000000
vt 0.188034 0.000000
vt 0.193732 1.000000
vt 0.190883 0.000000
vt 0.196581 1.000000
vt 0.193732 0.000000
vt 0.199430 1.000000
vt 0.196581 0.000000
vt 0.202279 1.000000
vt 0.199430 0.000000
vt 0.205128 1.000000
vt 0.202279 0.000000
vt 0.207977 1.000000
vt 0.205128 0.000000
vt 0.210826 1.000000
vt 0.207977 0.000000
vt 0.213675 1.000000
vt 0.210826 0.000000
vt 0.216524 1.000000
vt 0.213675 0.000000
vt 0.219373 1.000000
vt 0.216524 0.000000
vt 0.222222 1.000000
vt 0.219373 0.000000
vt 0.225071 1.000000
vt 0.222222 0.000000
vt 0.227920 1.000000
vt 0.225071 0.000000
vt 0.230769 1.000000
vt 0.227920 0.000000
vt 0.233618 1.000000
vt 0.230769 0.000000
vt 0.236467 1.000000
vt 0.233618 0.000000
vt 0.239316 1.000000
vt 0.236467 0.000000
vt 0.242165 1.000000
vt 0.239316 0.000000
vt 0.245014 1.000000
vt 0.242165 0.000000
vt 0.247863 1.000000
vt 0.245014 0.000000
vt 0.250712 1.000000
vt 0.247863 0.000000
vt 0.253561 1.000000
vt 0.250712 0.000000
vt 0.256410 1.000000
vt 0.253561 0.000000
vt 0.259259 1.000000
vt 0.256410 0.000000
vt 0.262108 1.000000
vt 0.259259 0.000000
vt 0.264957 1.000000
vt 0.262108 0.000000
vt 0.267806 1.000000
vt 0.264957 0.000000
vt 0.270655 1.000000
vt 0.267806 0.000000
vt 0.273504 1.000000
vt 0.270655 0.000000
vt 0.276353 1.000000
vt 0.273504 0.000000
vt 0.279202 1.000000
vt 0.276353 0.000000
vt 0.282051 1.000000
vt 0.279202 0.000000
vt 0.284900 1.000000
vt 0.282051 0.000000
vt 0.287749 1.000000
vt 0.284900 0.000000
vt 0.290598 1.000000
vt 0.287749 0.000000
vt 0.293447 1.000000
vt 0.290598 0.000000
vt 0.296296 1.000000
vt 0.293447 0.000000
vt 0.299145 1.000000
vt 0.296296 0.000000
vt 0.301994 1.000000
vt 0.299145 0.000000
vt 0.304843 1.000000
vt 0.301994 0.000000
vt 0.307692 1.000000
vt 0.304843 0.000000
vt 0.310541 1.000000
vt 0.307692 0.000000
vt 0.313390 1.000000
vt 0.310541 0.000000
vt 0.316239 1.000000
vt 0.313390 0.000000
vt 0.319088 1.000000
vt 0.316239 0.000000
vt 0.321937 1.000000
vt 0.319088 0.000000
vt 0.324786 1.000000
vt 0.321937 0.000000
vt 0.327635 1.000000
vt 0.324786 0.000000
vt 0.330484 1.000000
vt 0.327635 0.000000
vt 0.333333 1.000000
vt 0.330484 0.000000
vt 0.336182 1.000000
vt 0.333333 0.000000
vt 0.339031 1.000000
vt 0.336182 0.000000
vt 0.341880 1.000000
vt 0.339031 0.000000
vt 0.344729 1.000000
vt 0.341880 0.000000
vt 0.347578 1.000000
vt 0.344729 0.000000
vt 0.350427 1.000000
vt 0.347578 0.000000
vt 0.353276 1.000000
vt 0.350427 0.000000
vt 0.356125 1.000000
vt 0.353276 0.000000
vt 0.358974 1.000000
vt 0.356125 0.000000
vt 0.361823 1.000000
vt 0.358974 0.000000
vt 0.364672 1.000000
vt 0.361823 0.000000
vt 0.367521 1.000000
vt 0.364672 0.000000
vt 0.370370 1.000000
vt 0.367521 0.000000
vt 0.373219 1.000000
vt 0.370370 0.000000
vt 0.376068 1.000000
vt 0.373219 0.000000
vt 0.378917 1.000000
vt 0.376068 0.000000
vt 0.381766 1.000000
vt 0.378917 0.000000
vt 0.384615 1.000000
vt 0.381766 0.000000
vt 0.387464 1.000000
vt 0.384615 0.000000
vt 0.390313 1.000000
vt 0.387464 0.000000
vt 0.393162 1.000000
vt 0.390313 0.000000
vt 0.396011 1.000000
vt 0.393162 0.000000
vt 0.398860 1.000000
vt 0.396011 0.000000
vt 0.401709 1.000000
vt 0.398860 0.000000
vt 0.404558 1.000000
vt 0.401709 0.000000
vt 0.407407 1.000000
vt 0.404558 0.000000
vt 0.410256 1.000000
vt 0.407407 0.000000
vt 0.413105 1.000000
vt 0.410256 0.000000
vt 0.415954 1.000000
vt 0.413105 0.000000
vt 0.418803 1.000000
vt 0.415954 0.000000
vt 0.421652 1.000000
vt 0.418803 0.000000
vt 0.424501 1.000000
vt 0.421652 0.000000
vt 0.427350 1.000000
vt 0.424501 0.000000
vt 0.430199 1.000000
vt 0.427350 0.000000
vt 0.433048 1.000000
vt 0.430199 0.000000
vt 0.435897 1.000000
vt 0.433048 0.000000
vt 0.438746 1.000000
vt 0.435897 0.000000
vt 0.441595 1.000000
vt 0.438746 0.000000
vt 0.444444 1.000000
vt 0.441595 0.000000
vt 0.447293 1.000000
vt 0.444444 0.000000
vt 0.450142 1.000000
vt 0.447293 0.000000
vt 0.452991 1.000000
vt 0.450142 0.000000
vt 0.455840 1.000000
vt 0.452991 0.000000
vt 0.458689 1.000000
vt 0.455840 0.000000
vt 0.461538 1.000000
vt 0.458689 0.000000
vt 0.464387 1.000000
vt 0.461538 0.000000
vt 0.467236 1.000000
vt 0.464387 0.000000
vt 0.470085 1.000000
vt 0.467236 0.000000
vt 0.472934 1.000000
vt 0.470085 0.000000
vt 0.475783 1.000000
vt 0.472934 0.000000
vt 0.478632 1.000000
vt 0.475783 0.000000
vt 0.481481 1.000000
vt 0.478632 0.000000
vt 0.484330 1.000000
vt 0.481481 0.000000
vt 0.487179 1.000000
vt 0.484330 0.000000
vt 0.490029 1.000000
vt 0.487179 0.000000
vt 0.492877 1.000000
vt 0.490029 0.000000
vt 0.495726 1.000000
vt 0.492877 0.000000
vt 0.498576 1.000000
vt 0.495726 0.000000
vt 0.501424 1.000000
vt 0.498576 0.000000
vt 0.504274 1.000000
vt 0.501424 0.000000
vt 0.507123 1.000000
vt 0.504274 0.000000
vt 0.509971 1.000000
vt 0.507123 0.000000
vt 0.512821 1.000000
vt 0.509971 0.000000
vt 0.515670 1.000000
vt 0.512821 0.000000
vt 0.518519 1.000000
vt 0.515670 0.000000
vt 0.521368 1.000000
vt 0.518519 0.000000
vt 0.524217 1.000000
vt 0.521368 0.000000
vt 0.527066 1.000000
vt 0.524217 0.000000
vt 0.529915 1.000000
vt 0.527066 0.000000
vt 0.532764 1.000000
vt 0.529915 0.000000
vt 0.535613 1.000000
vt 0.532764 0.000000
vt 0.538462 1.000000
vt 0.535613 0.000000
vt 0.541311 1.000000
vt 0.538462 0.000000
vt 0.544160 1.000000
vt 0.541311 0.000000
vt 0.547009 1.000000
vt 0.544160 0.000000
vt 0.549858 1.000000
vt 0.547009 0.000000
vt 0.552707 1.000000
vt 0.549858 0.000000
vt 0.555556 1.000000
vt 0.552707 0.000000
vt 0.558405 1.000000
vt 0.555556 0.000000
vt 0.561254 1.000000
vt 0.558405 0.000000
vt 0.564103 1.000000
vt 0.561254 0.000000
vt 0.566952 1.000000
vt 0.564103 0.000000
vt 0.569801 1.000000
vt 0.566952 0.000000
vt 0.572650 1.000000
vt 0.569801 0.000000
vt 0.575499 1.000000
vt 0.572650 0.000000
vt 0.578348 1.000000
vt 0.575499 0.000000
vt 0.581197 1.000000
vt 0.578348 0.000000
vt 0.584046 1.000000
vt 0.581197 0.000000
vt 0.586895 1.000000
vt 0.584046 0.000000
vt 0.589744 1.000000
vt 0.586895 0.000000
vt 0.592593 1.000000
vt 0.589744 0.000000
vt 0.595442 1.000000
vt 0.592593 0.000000
vt 0.598291 1.000000
vt 0.595442 0.000000
vt 0.601140 1.000000
vt 0.598291 0.000000
vt 0.603989 1.000000
vt 0.601140 0.000000
vt 0.606838 1.000000
vt 0.603989 0.000000
vt 0.609687 1.000000
vt 0.606838 0.000000
vt 0.612536 1.000000
vt 0.609687 0.000000
vt 0.615385 1.000000
vt 0.612536 0.000000
vt 0.618234 1.000000
vt 0.615385 0.000000
vt 0.621083 1.000000
vt 0.618234 0.000000
vt 0.623932 1.000000
vt 0.621083 0.000000
vt 0.626781 1.000000
vt 0.623932 0.000000
vt 0.629630 1.000000
vt 0.626781 0.000000
vt 0.632479 1.000000
vt 0.629630 0.000000
vt 0.635328 1.000000
vt 0.632479 0.000000
vt 0.638177 1.000000
vt 0.635328 0.000000
vt 0.641026 1.000000
vt 0.638177 0.000000
vt 0.643875 1.000000
vt 0.641026 0.000000
vt 0.646724 1.000000
vt 0.643875 0.000000
vt 0.649573 1.000000
vt 0.646724 0.000000
vt 0.652422 1.000000
vt 0.649573 0.000000
vt 0.655271 1.000000
vt 0.652422 0.000000
vt 0.658120 1.000000
vt 0.655271 0.000000
vt 0.660969 1.000000
vt 0.658120 0.000000
vt 0.663818 1.000000
vt 0.660969 0.000000
vt 0.666667 1.000000
vt 0.663818 0.000000
vt 0.669516 1.000000
vt 0.666667 0.000000
vt 0.672365 1.000000
vt 0.669516 0.000000
vt 0.675214 1.000000
vt 0.672365 0.000000
vt 0.678063 1.000000
vt 0.675214 0.000000
vt 0.680912 1.000000
vt 0.678063 0.000000
vt 0.683761 1.000000
vt 0.680912 0.000000
vt 0.686610 1.000000
vt 0.683761 0.000000
vt 0.689459 1.000000
vt 0.686610 0.000000
vt 0.692308 1.000000
vt 0.689459 0.000000
vt 0.695157 1.000000
vt 0.692308 0.000000
vt 0.698006 1.000000
vt 0.695157 0.000000
vt 0.700855 1.000000
vt 0.698006 0.000000
vt 0.703704 1.000000
vt 0.700855 0.000000
vt 0.706553 1.000000
vt 0.703704 0.000000
vt 0.709402 1.000000
vt 0.706553 0.000000
vt 0.712251 1.000000
vt 0.709402 0.000000
vt 0.715100 1.000000
vt 0.712251 0.000000
vt 0.717949 1.000000
vt 0.715100 0.000000
vt 0.720798 1.000000
vt 0.717949 0.000000
vt 0.723647 1.000000
vt 0.720798 0.000000
vt 0.726496 1.000000
vt 0.723647 0.000000
vt 0.729345 1.000000
vt 0.726496 0.000000
vt 0.732194 1.000000
vt 0.729345 0.000000
vt 0.735043 1.000000
vt 0.732194 0.000000
vt 0.737892 1.000000
vt 0.735043 0.000000
vt 0.740741 1.000000
vt 0.737892 0.000000
vt 0.743590 1.000000
vt 0.740741 0.000000
vt 0.746439 1.000000
vt 0.743590 0.000000
vt 0.749288 1.000000
vt 0.746439 0.000000
vt 0.752137 1.000000
vt 0.749288 0.000000
vt 0.754986 1.000000
vt 0.752137 0.000000
vt 0.757835 1.000000
vt 0.754986 0.000000
vt 0.760684 1.000000
vt 0.757835 0.000000
vt 0.763533 1.000000
vt 0.760684 0.000000
vt 0.766382 1.000000
vt 0.763533 0.000000
vt 0.769231 1.000000
vt 0.766382 0.000000
vt 0.772080 1.000000
vt 0.769231 0.000000
vt 0.774929 1.000000
vt 0.772080 0.000000
vt 0.777778 1.000000
vt 0.774929 0.000000
vt 0.780627 1.000000
vt 0.777778 0.000000
vt 0.783476 1.000000
vt 0.780627 0.000000
vt 0.786325 1.000000
vt 0.783476 0.000000
vt 0.789174 1.000000
vt 0.786325 0.000000
vt 0.792023 1.000000
vt 0.789174 0.000000
vt 0.794872 1.000000
vt 0.792023 0.000000
vt 0.797721 1.000000
vt 0.794872 0.000000
vt 0.800570 1.000000
vt 0.797721 0.000000
vt 0.803419 1.000000
vt 0.800570 0.000000
vt 0.806268 1.000000
vt 0.803419 0.000000
vt 0.809117 1.000000
vt 0.806268 0.000000
vt 0.811966 1.000000
vt 0.809117 0.000000
vt 0.814815 1.000000
vt 0.811966 0.000000
vt 0.817664 1.000000
vt 0.814815 0.000000
vt 0.820513 1.000000
vt 0.817664 0.000000
vt 0.823362 1.000000
vt 0.820513 0.000000
vt 0.826211 1.000000
vt 0.823362 0.000000
vt 0.829060 1.000000
vt 0.826211 0.000000
vt 0.831909 1.000000
vt 0.829060 0.000000
vt 0.834758 1.000000
vt 0.831909 0.000000
vt 0.837607 1.000000
vt 0.834758 0.000000
vt 0.840456 1.000000
vt 0.837607 0.000000
vt 0.843305 1.000000
vt 0.840456 0.000000
vt 0.846154 1.000000
vt 0.843305 0.000000
vt 0.849003 1.000000
vt 0.846154 0.000000
vt 0.851852 1.000000
vt 0.849003 0.000000
vt 0.854701 1.000000
vt 0.851852 0.000000
vt 0.857550 1.000000
vt 0.854701 0.000000
vt 0.860399 1.000000
vt 0.857550 0.000000
vt 0.863248 1.000000
vt 0.860399 0.000000
vt 0.866097 1.000000
vt 0.863248 0.000000
vt 0.868946 1.000000
vt 0.866097 0.000000
vt 0.871795 1.000000
vt 0.868946 0.000000
vt 0.874644 1.000000
vt 0.871795 0.000000
vt 0.877493 1.000000
vt 0.874644 0.000000
vt 0.880342 1.000000
vt 0.877493 0.000000
vt 0.883191 1.000000
vt 0.880342 0.000000
vt 0.886040 1.000000
vt 0.883191 0.000000
vt 0.888889 1.000000
vt 0.886040 0.000000
vt 0.891738 1.000000
vt 0.888889 0.000000
vt 0.894587 1.000000
vt 0.891738 0.000000
vt 0.897436 1.000000
vt 0.894587 0.000000
vt 0.900285 1.000000
vt 0.897436 0.000000
vt 0.903134 1.000000
vt 0.900285 0.000000
vt 0.905983 1.000000
vt 0.903134 0.000000
vt 0.908832 1.000000
vt 0.905983 0.000000
vt 0.911681 1.000000
vt 0.908832 0.000000
vt 0.914530 1.000000
vt 0.911681 0.000000
vt 0.917379 1.000000
vt 0.914530 0.000000
vt 0.920228 1.000000
vt 0.917379 0.000000
vt 0.923077 1.000000
vt 0.920228 0.000000
vt 0.925926 1.000000
vt 0.923077 0.000000
vt 0.928775 1.000000
vt 0.925926 0.000000
vt 0.931624 1.000000
vt 0.928775 0.000000
vt 0.934473 1.000000
vt 0.931624 0.000000
vt 0.937322 1.000000
vt 0.934473 0.000000
vt 0.940171 1.000000
vt 0.937322 0.000000
vt 0.943020 1.000000
vt 0.940171 0.000000
vt 0.945869 1.000000
vt 0.943020 0.000000
vt 0.948718 1.000000
vt 0.945869 0.000000
vt 0.951567 1.000000
vt 0.948718 0.000000
vt 0.954416 1.000000
vt 0.951567 0.000000
vt 0.957265 1.000000
vt 0.954416 0.000000
vt 0.960114 1.000000
vt 0.957265 0.000000
vt 0.962963 1.000000
vt 0.960114 0.000000
vt 0.965812 1.000000
vt 0.962963 0.000000
vt 0.968661 1.000000
vt 0.965812 0.000000
vt 0.971510 1.000000
vt 0.968661 0.000000
vt 0.974359 1.000000
vt 0.971510 0.000000
vt 0.977208 1.000000
vt 0.974359 0.000000
vt 0.980057 1.000000
vt 0.977208 0.000000
vt 0.982906 1.000000
vt 0.980057 0.000000
vt 0.985755 1.000000
vt 0.982906 0.000000
vt 0.988604 1.000000
vt 0.985755 0.000000
vt 0.991453 1.000000
vt 0.988604 0.000000
vt 0.994302 1.000000
vt 0.991453 0.000000
vt 0.997151 1.000000
vt 0.994302 0.000000
vt 1.000000 1.000000
vt 0.997151 0.000000
s 0
usemtl マテリアル
f 37/1/1 39/2/1 38/3/1
f 36/4/1 39/2/1 37/1/1
f 36/4/1 40/5/1 39/2/1
f 35/6/1 40/5/1 36/4/1
f 35/6/1 41/7/1 40/5/1
f 34/8/1 41/7/1 35/6/1
f 34/8/1 42/9/1 41/7/1
f 33/10/1 42/9/1 34/8/1
f 33/10/1 43/11/1 42/9/1
f 32/12/1 43/11/1 33/10/1
f 32/12/1 44/13/1 43/11/1
f 31/14/1 44/13/1 32/12/1
f 31/14/1 45/15/1 44/13/1
f 30/16/1 45/15/1 31/14/1
f 30/16/1 46/17/1 45/15/1
f 29/18/1 46/17/1 30/16/1
f 29/18/1 47/19/1 46/17/1
f 28/20/1 47/19/1 29/18/1
f 28/20/1 48/21/1 47/19/1
f 27/22/1 48/21/1 28/20/1
f 27/22/1 49/23/1 48/21/1
f 26/24/1 49/23/1 27/22/1
f 26/24/1 50/25/1 49/23/1
f 25/26/1 50/25/1 26/24/1
f 25/26/1 51/27/1 50/25/1
f 24/28/1 51/27/1 25/26/1
f 24/28/1 52/29/1 51/27/1
f 23/30/1 52/29/1 24/28/1
f 23/30/1 53/31/1 52/29/1
f 22/32/1 53/31/1 23/30/1
f 22/32/1 54/33/1 53/31/1
f 21/34/1 54/33/1 22/32/1
f 21/34/1 55/35/1 54/33/1
f 20/36/1 55/35/1 21/34/1
f 20/36/1 56/37/1 55/35/1
f 19/38/1 56/37/1 20/36/1
f 19/38/1 57/39/1 56/37/1
f 18/40/1 341/41/1 19/38/1
f 341/41/1 340/42/1 19/38/1
f 340/42/1 57/39/1 19/38/1
f 340/42/1 339/43/1 57/39/1
f 339/43/1 58/44/1 57/39/1
f 338/45/1 58/44/1 339/43/1
f 18/40/1 342/46/1 341/41/1
f 337/47/1 58/44/1 338/45/1
f 18/40/1 343/48/1 342/46/1
f 336/49/1 58/44/1 337/47/1
f 18/40/1 344/50/1 343/48/1
f 335/51/1 58/44/1 336/49/1
f 18/40/1 345/52/1 344/50/1
f 334/53/1 58/44/1 335/51/1
f 18/40/1 346/54/1 345/52/1
f 333/55/1 58/44/1 334/53/1
f 18/40/1 347/56/1 346/54/1
f 332/57/1 58/44/1 333/55/1
f 17/58/1 347/56/1 18/40/1
f 17/58/1 348/59/1 347/56/1
f 331/60/1 58/44/1 332/57/1
f 17/58/1 349/61/1 348/59/1
f 331/60/1 59/62/1 58/44/1
f 330/63/1 59/62/1 331/60/1
f 17/58/1 350/64/1 349/61/1
f 329/65/1 59/62/1 330/63/1
f 17/58/1 351/66/1 350/64/1
f 328/67/1 59/62/1 329/65/1
f 17/58/1 1/68/1 351/66/1
f 327/69/1 59/62/1 328/67/1
f 16/70/1 1/68/1 17/58/1
f 16/70/1 2/71/1 1/68/1
f 327/69/1 60/72/1 59/62/1
f 326/73/1 60/72/1 327/69/1
f 16/70/1 3/74/1 2/71/1
f 325/75/1 60/72/1 326/73/1
f 16/70/1 4/76/1 3/74/1
f 324/77/1 60/72/1 325/75/1
f 15/78/1 4/76/1 16/70/1
f 15/78/1 5/79/1 4/76/1
f 323/80/1 60/72/1 324/77/1
f 323/80/1 61/81/1 60/72/1
f 322/82/1 61/81/1 323/80/1
f 15/78/1 6/83/1 5/79/1
f 321/84/1 61/81/1 322/82/1
f 15/78/1 7/85/1 6/83/1
f 320/86/1 61/81/1 321/84/1
f 320/86/1 62/87/1 61/81/1
f 14/88/1 7/85/1 15/78/1
f 14/88/1 8/89/1 7/85/1
f 319/90/1 62/87/1 320/86/1
f 318/91/1 62/87/1 319/90/1
f 14/88/1 9/92/1 8/89/1
f 318/91/1 63/93/1 62/87/1
f 317/94/1 63/93/1 318/91/1
f 13/95/1 12/96/1 14/88/1
f 12/96/1 11/97/1 14/88/1
f 11/97/1 10/98/1 14/88/1
f 10/98/1 9/92/1 14/88/1
f 316/99/1 63/93/1 317/94/1
f 316/99/1 64/100/1 63/93/1
f 315/101/1 64/100/1 316/99/1
f 315/101/1 65/102/1 64/100/1
f 314/103/1 65/102/1 315/101/1
f 314/103/1 66/104/1 65/102/1
f 313/105/1 66/104/1 314/103/1
f 312/106/1 66/104/1 313/105/1
f 312/106/1 67/107/1 66/104/1
f 311/108/1 67/107/1 312/106/1
f 311/108/1 68/109/1 67/107/1
f 310/110/1 68/109/1 311/108/1
f 309/111/1 68/109/1 310/110/1
f 309/111/1 69/112/1 68/109/1
f 308/113/1 69/112/1 309/111/1
f 308/113/1 70/114/1 69/112/1
f 307/115/1 70/114/1 308/113/1
f 306/116/1 70/114/1 307/115/1
f 306/116/1 71/117/1 70/114/1
f 305/118/1 71/117/1 306/116/1
f 305/118/1 72/119/1 71/117/1
f 304/120/1 72/119/1 305/118/1
f 303/121/1 72/119/1 304/120/1
f 303/121/1 73/122/1 72/119/1
f 302/123/1 73/122/1 303/121/1
f 302/123/1 74/124/1 73/122/1
f 301/125/1 74/124/1 302/123/1
f 300/126/1 74/124/1 301/125/1
f 300/126/1 75/127/1 74/124/1
f 299/128/1 75/127/1 300/126/1
f 298/129/1 75/127/1 299/128/1
f 297/130/1 75/127/1 298/129/1
f 297/130/1 76/131/1 75/127/1
f 296/132/1 76/131/1 297/130/1
f 295/133/1 76/131/1 296/132/1
f 279/134/1 281/135/1 280/136/1
f 279/134/1 282/137/1 281/135/1
f 279/134/1 283/138/1 282/137/1
f 294/139/1 76/131/1 295/133/1
f 279/134/1 284/140/1 283/138/1
f 279/134/1 285/141/1 284/140/1
f 279/134/1 286/142/1 285/141/1
f 293/143/1 76/131/1 294/139/1
f 279/134/1 287/144/1 286/142/1
f 279/134/1 288/145/1 287/144/1
f 279/134/1 289/146/1 288/145/1
f 292/147/1 76/131/1 293/143/1
f 279/134/1 290/148/1 289/146/1
f 279/134/1 291/149/1 290/148/1
f 279/134/1 292/147/1 291/149/1
f 279/134/1 76/131/1 292/147/1
f 279/134/1 77/150/1 76/131/1
f 279/134/1 78/151/1 77/150/1
f 279/134/1 79/152/1 78/151/1
f 279/134/1 80/153/1 79/152/1
f 279/134/1 81/154/1 80/153/1
f 279/134/1 82/155/1 81/154/1
f 279/134/1 83/156/1 82/155/1
f 279/134/1 84/157/1 83/156/1
f 279/134/1 85/158/1 84/157/1
f 279/134/1 86/159/1 85/158/1
f 279/134/1 87/160/1 86/159/1
f 279/134/1 88/161/1 87/160/1
f 279/134/1 89/162/1 88/161/1
f 279/134/1 90/163/1 89/162/1
f 279/134/1 91/164/1 90/163/1
f 279/134/1 92/165/1 91/164/1
f 279/134/1 278/166/1 92/165/1
f 278/166/1 93/167/1 92/165/1
f 278/166/1 277/168/1 93/167/1
f 277/168/1 94/169/1 93/167/1
f 277/168/1 95/170/1 94/169/1
f 277/168/2 276/171/2 95/170/2
f 276/171/1 96/172/1 95/170/1
f 276/171/1 275/173/1 96/172/1
f 275/173/1 97/174/1 96/172/1
f 275/173/1 274/175/1 97/174/1
f 274/175/1 98/176/1 97/174/1
f 274/175/1 99/177/1 98/176/1
f 274/175/1 273/178/1 99/177/1
f 273/178/1 100/179/1 99/177/1
f 273/178/1 272/180/1 100/179/1
f 272/180/1 101/181/1 100/179/1
f 272/180/1 271/182/1 101/181/1
f 271/182/1 102/183/1 101/181/1
f 271/182/1 270/184/1 102/183/1
f 270/184/1 103/185/1 102/183/1
f 270/184/1 104/186/1 103/185/1
f 270/184/1 269/187/1 104/186/1
f 269/187/1 105/188/1 104/186/1
f 269/187/1 268/189/1 105/188/1
f 268/189/1 106/190/1 105/188/1
f 268/189/1 107/191/1 106/190/1
f 268/189/1 267/192/1 107/191/1
f 267/192/1 108/193/1 107/191/1
f 267/192/1 109/194/1 108/193/1
f 266/195/1 109/194/1 267/192/1
f 265/196/1 109/194/1 266/195/1
f 264/197/1 109/194/1 265/196/1
f 263/198/1 109/194/1 264/197/1
f 263/198/1 110/199/1 109/194/1
f 262/200/1 110/199/1 263/198/1
f 261/201/1 110/199/1 262/200/1
f 260/202/1 110/199/1 261/201/1
f 260/202/1 111/203/1 110/199/1
f 259/204/1 111/203/1 260/202/1
f 258/205/1 111/203/1 259/204/1
f 258/205/1 112/206/1 111/203/1
f 257/207/1 112/206/1 258/205/1
f 256/208/1 112/206/1 257/207/1
f 256/208/1 113/209/1 112/206/1
f 255/210/1 113/209/1 256/208/1
f 255/210/1 114/211/1 113/209/1
f 254/212/1 114/211/1 255/210/1
f 253/213/1 114/211/1 254/212/1
f 253/213/1 115/214/1 114/211/1
f 252/215/1 115/214/1 253/213/1
f 252/215/1 116/216/1 115/214/1
f 251/217/1 116/216/1 252/215/1
f 251/217/1 117/218/1 116/216/1
f 250/219/1 117/218/1 251/217/1
f 249/220/1 117/218/1 250/219/1
f 249/220/1 118/221/1 117/218/1
f 248/222/1 118/221/1 249/220/1
f 248/222/1 119/223/1 118/221/1
f 247/224/1 119/223/1 248/222/1
f 247/224/1 120/225/1 119/223/1
f 246/226/1 120/225/1 247/224/1
f 246/226/1 121/227/1 120/225/1
f 245/228/1 121/227/1 246/226/1
f 245/228/1 122/229/1 121/227/1
f 244/230/1 122/229/1 245/228/1
f 244/230/1 123/231/1 122/229/1
f 243/232/1 123/231/1 244/230/1
f 243/232/1 124/233/1 123/231/1
f 242/234/1 124/233/1 243/232/1
f 194/235/1 196/236/1 195/237/1
f 241/238/1 124/233/1 242/234/1
f 241/238/1 125/239/1 124/233/1
f 194/235/1 197/240/1 196/236/1
f 240/241/1 125/239/1 241/238/1
f 194/235/1 198/242/1 197/240/1
f 240/241/1 126/243/1 125/239/1
f 239/244/1 126/243/1 240/241/1
f 193/245/1 198/242/1 194/235/1
f 193/245/1 199/246/1 198/242/1
f 239/244/1 127/247/1 126/243/1
f 238/248/1 127/247/1 239/244/1
f 193/245/1 200/249/1 199/246/1
f 237/250/1 127/247/1 238/248/1
f 192/251/1 200/249/1 193/245/1
f 237/250/1 128/252/1 127/247/1
f 236/253/1 128/252/1 237/250/1
f 192/251/1 201/254/1 200/249/1
f 191/255/1 201/254/1 192/251/1
f 235/256/1 128/252/1 236/253/1
f 235/256/1 129/257/1 128/252/1
f 191/255/1 202/258/1 201/254/1
f 234/259/1 129/257/1 235/256/1
f 191/255/1 203/260/1 202/258/1
f 190/261/1 203/260/1 191/255/1
f 234/259/1 130/262/1 129/257/1
f 233/263/1 130/262/1 234/259/1
f 190/261/1 204/264/1 203/260/1
f 232/265/1 130/262/1 233/263/1
f 189/266/1 204/264/1 190/261/1
f 232/265/1 131/267/1 130/262/1
f 189/266/1 205/268/1 204/264/1
f 231/269/1 131/267/1 232/265/1
f 189/266/1 206/270/1 205/268/1
f 230/271/1 131/267/1 231/269/1
f 188/272/1 206/270/1 189/266/1
f 188/272/1 207/273/1 206/270/1
f 230/271/1 132/274/1 131/267/1
f 229/275/1 132/274/1 230/271/1
f 188/272/1 208/276/1 207/273/1
f 228/277/1 132/274/1 229/275/1
f 188/272/1 209/278/1 208/276/1
f 187/279/1 209/278/1 188/272/1
f 228/277/1 133/280/1 132/274/1
f 227/281/1 133/280/1 228/277/1
f 187/279/1 210/282/1 209/278/1
f 187/279/1 211/283/1 210/282/1
f 226/284/1 133/280/1 227/281/1
f 187/279/1 212/285/1 211/283/1
f 225/286/1 133/280/1 226/284/1
f 186/287/1 212/285/1 187/279/1
f 186/287/1 213/288/1 212/285/1
f 225/286/1 134/289/1 133/280/1
f 224/290/1 134/289/1 225/286/1
f 186/287/1 214/291/1 213/288/1
f 223/292/1 134/289/1 224/290/1
f 186/287/1 215/293/1 214/291/1
f 222/294/1 134/289/1 223/292/1
f 186/287/1 216/295/1 215/293/1
f 221/296/1 134/289/1 222/294/1
f 186/287/1 217/297/1 216/295/1
f 185/298/1 217/297/1 186/287/1
f 220/299/1 134/289/1 221/296/1
f 185/298/1 218/300/1 217/297/1
f 219/301/1 134/289/1 220/299/1
f 185/298/1 219/301/1 218/300/1
f 185/298/1 134/289/1 219/301/1
f 185/298/1 135/302/1 134/289/1
f 184/303/1 135/302/1 185/298/1
f 184/303/1 136/304/1 135/302/1
f 183/305/1 136/304/1 184/303/1
f 183/305/1 137/306/1 136/304/1
f 182/307/1 137/306/1 183/305/1
f 182/307/1 138/308/1 137/306/1
f 181/309/1 138/308/1 182/307/1
f 181/309/1 139/310/1 138/308/1
f 180/311/1 139/310/1 181/309/1
f 180/311/1 140/312/1 139/310/1
f 179/313/1 140/312/1 180/311/1
f 178/314/1 140/312/1 179/313/1
f 178/314/1 141/315/1 140/312/1
f 177/316/1 141/315/1 178/314/1
f 177/316/1 142/317/1 141/315/1
f 176/318/1 142/317/1 177/316/1
f 176/318/1 143/319/1 142/317/1
f 175/320/1 143/319/1 176/318/1
f 175/320/1 144/321/1 143/319/1
f 174/322/1 144/321/1 175/320/1
f 174/322/1 145/323/1 144/321/1
f 173/324/1 145/323/1 174/322/1
f 173/324/1 146/325/1 145/323/1
f 172/326/1 146/325/1 173/324/1
f 171/327/1 146/325/1 172/326/1
f 171/327/1 147/328/1 146/325/1
f 170/329/1 147/328/1 171/327/1
f 170/329/1 148/330/1 147/328/1
f 169/331/1 148/330/1 170/329/1
f 169/331/1 149/332/1 148/330/1
f 168/333/1 149/332/1 169/331/1
f 168/333/1 150/334/1 149/332/1
f 167/335/1 150/334/1 168/333/1
f 167/335/1 151/336/1 150/334/1
f 166/337/1 151/336/1 167/335/1
f 166/337/1 152/338/1 151/336/1
f 165/339/1 152/338/1 166/337/1
f 164/340/1 152/338/1 165/339/1
f 164/340/1 153/341/1 152/338/1
f 163/342/1 153/341/1 164/340/1
f 163/342/1 154/343/1 153/341/1
f 162/344/1 154/343/1 163/342/1
f 162/344/1 155/345/1 154/343/1
f 161/346/1 155/345/1 162/344/1
f 161/346/1 156/347/1 155/345/1
f 160/348/1 156/347/1 161/346/1
f 160/348/1 157/349/1 156/347/1
f 159/350/1 157/349/1 160/348/1
f 159/350/1 158/351/1 157/349/1
f 388/1/3 389/3/3 390/2/3
f 387/4/3 388/1/3 390/2/3
f 387/4/3 390/2/3 391/5/3
f 386/6/3 387/4/3 391/5/3
f 386/6/3 391/5/3 392/7/3
f 385/8/3 386/6/3 392/7/3
f 385/8/3 392/7/3 393/9/3
f 384/10/3 385/8/3 393/9/3
f 384/10/3 393/9/3 394/11/3
f 383/12/3 384/10/3 394/11/3
f 383/12/3 394/11/3 395/13/3
f 382/14/3 383/12/3 395/13/3
f 382/14/3 395/13/3 396/15/3
f 381/16/3 382/14/3 396/15/3
f 381/16/3 396/15/3 397/17/3
f 380/18/3 381/16/3 397/17/3
f 380/18/3 397/17/3 398/19/3
f 379/20/3 380/18/3 398/19/3
f 379/20/3 398/19/3 399/21/3
f 378/22/3 379/20/3 399/21/3
f 378/22/3 399/21/3 400/23/3
f 377/24/3 378/22/3 400/23/3
f 377/24/3 400/23/3 401/25/3
f 376/26/3 377/24/3 401/25/3
f 376/26/3 401/25/3 402/27/3
f 375/28/3 376/26/3 402/27/3
f 375/28/3 402/27/3 403/29/3
f 374/30/3 375/28/3 403/29/3
f 374/30/3 403/29/3 404/31/3
f 373/32/3 374/30/3 404/31/3
f 373/32/3 404/31/3 405/33/3
f 372/34/3 373/32/3 405/33/3
f 372/34/3 405/33/3 406/35/3
f 371/36/3 372/34/3 406/35/3
f 371/36/3 406/35/3 407/37/3
f 370/38/3 371/36/3 407/37/3
f 370/38/3 407/37/3 408/39/3
f 369/40/3 370/38/3 692/41/3
f 692/41/3 370/38/3 691/42/3
f 691/42/3 370/38/3 408/39/3
f 691/42/3 408/39/3 690/43/3
f 690/43/3 408/39/3 409/44/3
f 689/45/3 690/43/3 409/44/3
f 369/40/3 692/41/3 693/46/3
f 688/47/3 689/45/3 409/44/3
f 369/40/3 693/46/3 694/48/3
f 687/49/3 688/47/3 409/44/3
f 369/40/3 694/48/3 695/50/3
f 686/51/3 687/49/3 409/44/3
f 369/40/3 695/50/3 696/52/3
f 685/53/3 686/51/3 409/44/3
f 369/40/3 696/52/3 697/54/3
f 684/55/3 685/53/3 409/44/3
f 369/40/3 697/54/3 698/56/3
f 683/57/3 684/55/3 409/44/3
f 368/58/3 369/40/3 698/56/3
f 368/58/3 698/56/3 699/59/3
f 682/60/3 683/57/3 409/44/3
f 368/58/3 699/59/3 700/61/3
f 682/60/3 409/44/3 410/62/3
f 681/63/3 682/60/3 410/62/3
f 368/58/3 700/61/3 701/64/3
f 680/65/3 681/63/3 410/62/3
f 368/58/3 701/64/3 702/66/3
f 679/67/3 680/65/3 410/62/3
f 368/58/3 702/66/3 352/68/3
f 678/69/3 679/67/3 410/62/3
f 367/70/3 368/58/3 352/68/3
f 367/70/3 352/68/3 353/71/3
f 678/69/3 410/62/3 411/72/3
f 677/73/3 678/69/3 411/72/3
f 367/70/3 353/71/3 354/74/3
f 676/75/3 677/73/3 411/72/3
f 367/70/3 354/74/3 355/76/3
f 675/77/3 676/75/3 411/72/3
f 366/78/3 367/70/3 355/76/3
f 366/78/3 355/76/3 356/79/3
f 674/80/3 675/77/3 411/72/3
f 674/80/3 411/72/3 412/81/3
f 673/82/3 674/80/3 412/81/3
f 366/78/3 356/79/3 357/83/3
f 672/84/3 673/82/3 412/81/3
f 366/78/3 357/83/3 358/85/3
f 671/86/3 672/84/3 412/81/3
f 671/86/3 412/81/3 413/87/3
f 365/88/3 366/78/3 358/85/3
f 365/88/3 358/85/3 359/89/3
f 670/90/3 671/86/3 413/87/3
f 669/91/3 670/90/3 413/87/3
f 365/88/3 359/89/3 360/92/3
f 669/91/3 413/87/3 414/93/3
f 668/94/3 669/91/3 414/93/3
f 364/95/3 365/88/3 363/96/3
f 363/96/3 365/88/3 362/97/3
f 362/97/3 365/88/3 361/98/3
f 361/98/3 365/88/3 360/92/3
f 667/99/3 668/94/3 414/93/3
f 667/99/3 414/93/3 415/100/3
f 666/101/3 667/99/3 415/100/3
f 666/101/3 415/100/3 416/102/3
f 665/103/3 666/101/3 416/102/3
f 665/103/3 416/102/3 417/104/3
f 664/105/3 665/103/3 417/104/3
f 663/106/3 664/105/3 417/104/3
f 663/106/3 417/104/3 418/107/3
f 662/108/3 663/106/3 418/107/3
f 662/108/3 418/107/3 419/109/3
f 661/110/3 662/108/3 419/109/3
f 660/111/3 661/110/3 419/109/3
f 660/111/3 419/109/3 420/112/3
f 659/113/3 660/111/3 420/112/3
f 659/113/3 420/112/3 421/114/3
f 658/115/3 659/113/3 421/114/3
f 657/116/3 658/115/3 421/114/3
f 657/116/3 421/114/3 422/117/3
f 656/118/3 657/116/3 422/117/3
f 656/118/3 422/117/3 423/119/3
f 655/120/3 656/118/3 423/119/3
f 654/121/3 655/120/3 423/119/3
f 654/121/3 423/119/3 424/122/3
f 653/123/3 654/121/3 424/122/3
f 653/123/3 424/122/3 425/124/3
f 652/125/3 653/123/3 425/124/3
f 651/126/3 652/125/3 425/124/3
f 651/126/3 425/124/3 426/127/3
f 650/128/3 651/126/3 426/127/3
f 649/129/3 650/128/3 426/127/3
f 648/130/3 649/129/3 426/127/3
f 648/130/3 426/127/3 427/131/3
f 647/132/3 648/130/3 427/131/3
f 646/133/3 647/132/3 427/131/3
f 630/134/3 631/136/3 632/135/3
f 630/134/3 632/135/3 633/137/3
f 630/134/3 633/137/3 634/138/3
f 645/139/3 646/133/3 427/131/3
f 630/134/3 634/138/3 635/140/3
f 630/134/3 635/140/3 636/141/3
f 630/134/3 636/141/3 637/142/3
f 644/143/3 645/139/3 427/131/3
f 630/134/3 637/142/3 638/144/3
f 630/134/3 638/144/3 639/145/3
f 630/134/3 639/145/3 640/146/3
f 643/147/3 644/143/3 427/131/3
f 630/134/3 640/146/3 641/148/3
f 630/134/3 641/148/3 642/149/3
f 630/134/3 642/149/3 643/147/3
f 630/134/3 643/147/3 427/131/3
f 630/134/3 427/131/3 428/150/3
f 630/134/3 428/150/3 429/151/3
f 630/134/3 429/151/3 430/152/3
f 630/134/3 430/152/3 431/153/3
f 630/134/3 431/153/3 432/154/3
f 630/134/3 432/154/3 433/155/3
f 630/134/3 433/155/3 434/156/3
f 630/134/3 434/156/3 435/157/3
f 630/134/3 435/157/3 436/158/3
f 630/134/3 436/158/3 437/159/3
f 630/134/3 437/159/3 438/160/3
f 630/134/3 438/160/3 439/161/3
f 630/134/3 439/161/3 440/162/3
f 630/134/3 440/162/3 441/163/3
f 630/134/3 441/163/3 442/164/3
f 630/134/3 442/164/3 443/165/3
f 630/134/3 443/165/3 629/166/3
f 629/166/3 443/165/3 444/167/3
f 629/166/3 444/167/3 628/168/3
f 628/168/3 444/167/3 445/169/3
f 628/168/3 445/169/3 446/170/3
f 628/168/4 446/170/4 627/171/4
f 627/171/3 446/170/3 447/172/3
f 627/171/3 447/172/3 626/173/3
f 626/173/3 447/172/3 448/174/3
f 626/173/3 448/174/3 625/175/3
f 625/175/3 448/174/3 449/176/3
f 625/175/3 449/176/3 450/177/3
f 625/175/3 450/177/3 624/178/3
f 624/178/3 450/177/3 451/179/3
f 624/178/3 451/179/3 623/180/3
f 623/180/3 451/179/3 452/181/3
f 623/180/3 452/181/3 622/182/3
f 622/182/3 452/181/3 453/183/3
f 622/182/3 453/183/3 621/184/3
f 621/184/3 453/183/3 454/185/3
f 621/184/3 454/185/3 455/186/3
f 621/184/3 455/186/3 620/187/3
f 620/187/3 455/186/3 456/188/3
f 620/187/3 456/188/3 619/189/3
f 619/189/3 456/188/3 457/190/3
f 619/189/3 457/190/3 458/191/3
f 619/189/3 458/191/3 618/192/3
f 618/192/3 458/191/3 459/193/3
f 618/192/3 459/193/3 460/194/3
f 617/195/3 618/192/3 460/194/3
f 616/196/3 617/195/3 460/194/3
f 615/197/3 616/196/3 460/194/3
f 614/198/3 615/197/3 460/194/3
f 614/198/3 460/194/3 461/199/3
f 613/200/3 614/198/3 461/199/3
f 612/201/3 613/200/3 461/199/3
f 611/202/3 612/201/3 461/199/3
f 611/202/3 461/199/3 462/203/3
f 610/204/3 611/202/3 462/203/3
f 609/205/3 610/204/3 462/203/3
f 609/205/3 462/203/3 463/206/3
f 608/207/3 609/205/3 463/206/3
f 607/208/3 608/207/3 463/206/3
f 607/208/3 463/206/3 464/209/3
f 606/210/3 607/208/3 464/209/3
f 606/210/3 464/209/3 465/211/3
f 605/212/3 606/210/3 465/211/3
f 604/213/3 605/212/3 465/211/3
f 604/213/3 465/211/3 466/214/3
f 603/215/3 604/213/3 466/214/3
f 603/215/3 466/214/3 467/216/3
f 602/217/3 603/215/3 467/216/3
f 602/217/3 467/216/3 468/218/3
f 601/219/3 602/217/3 468/218/3
f 600/220/3 601/219/3 468/218/3
f 600/220/3 468/218/3 469/221/3
f 599/222/3 600/220/3 469/221/3
f 599/222/3 469/221/3 470/223/3
f 598/224/3 599/222/3 470/223/3
f 598/224/3 470/223/3 471/225/3
f 597/226/3 598/224/3 471/225/3
f 597/226/3 471/225/3 472/227/3
f 596/228/3 597/226/3 472/227/3
f 596/228/3 472/227/3 473/229/3
f 595/230/3 596/228/3 473/229/3
f 595/230/3 473/229/3 474/231/3
f 594/232/3 595/230/3 474/231/3
f 594/232/3 474/231/3 475/233/3
f 593/234/3 594/232/3 475/233/3
f 545/235/3 546/237/3 547/236/3
f 592/238/3 593/234/3 475/233/3
f 592/238/3 475/233/3 476/239/3
f 545/235/3 547/236/3 548/240/3
f 591/241/3 592/238/3 476/239/3
f 545/235/3 548/240/3 549/242/3
f 591/241/3 476/239/3 477/243/3
f 590/244/3 591/241/3 477/243/3
f 544/245/3 545/235/3 549/242/3
f 544/245/3 549/242/3 550/246/3
f 590/244/3 477/243/3 478/247/3
f 589/248/3 590/244/3 478/247/3
f 544/245/3 550/246/3 551/249/3
f 588/250/3 589/248/3 478/247/3
f 543/251/3 544/245/3 551/249/3
f 588/250/3 478/247/3 479/252/3
f 587/253/3 588/250/3 479/252/3
f 543/251/3 551/249/3 552/254/3
f 542/255/3 543/251/3 552/254/3
f 586/256/3 587/253/3 479/252/3
f 586/256/3 479/252/3 480/257/3
f 542/255/3 552/254/3 553/258/3
f 585/259/3 586/256/3 480/257/3
f 542/255/3 553/258/3 554/260/3
f 541/261/3 542/255/3 554/260/3
f 585/259/3 480/257/3 481/262/3
f 584/263/3 585/259/3 481/262/3
f 541/261/3 554/260/3 555/264/3
f 583/265/3 584/263/3 481/262/3
f 540/266/3 541/261/3 555/264/3
f 583/265/3 481/262/3 482/267/3
f 540/266/3 555/264/3 556/268/3
f 582/269/3 583/265/3 482/267/3
f 540/266/3 556/268/3 557/270/3
f 581/271/3 582/269/3 482/267/3
f 539/272/3 540/266/3 557/270/3
f 539/272/3 557/270/3 558/273/3
f 581/271/3 482/267/3 483/274/3
f 580/275/3 581/271/3 483/274/3
f 539/272/3 558/273/3 559/276/3
f 579/277/3 580/275/3 483/274/3
f 539/272/3 559/276/3 560/278/3
f 538/279/3 539/272/3 560/278/3
f 579/277/3 483/274/3 484/280/3
f 578/281/3 579/277/3 484/280/3
f 538/279/3 560/278/3 561/282/3
f 538/279/3 561/282/3 562/283/3
f 577/284/3 578/281/3 484/280/3
f 538/279/3 562/283/3 563/285/3
f 576/286/3 577/284/3 484/280/3
f 537/287/3 538/279/3 563/285/3
f 537/287/3 563/285/3 564/288/3
f 576/286/3 484/280/3 485/289/3
f 575/290/3 576/286/3 485/289/3
f 537/287/3 564/288/3 565/291/3
f 574/292/3 575/290/3 485/289/3
f 537/287/3 565/291/3 566/293/3
f 573/294/3 574/292/3 485/289/3
f 537/287/3 566/293/3 567/295/3
f 572/296/3 573/294/3 485/289/3
f 537/287/3 567/295/3 568/297/3
f 536/298/3 537/287/3 568/297/3
f 571/299/3 572/296/3 485/289/3
f 536/298/3 568/297/3 569/300/3
f 570/301/3 571/299/3 485/289/3
f 536/298/3 569/300/3 570/301/3
f 536/298/3 570/301/3 485/289/3
f 536/298/3 485/289/3 486/302/3
f 535/303/3 536/298/3 486/302/3
f 535/303/3 486/302/3 487/304/3
f 534/305/3 535/303/3 487/304/3
f 534/305/3 487/304/3 488/306/3
f 533/307/3 534/305/3 488/306/3
f 533/307/3 488/306/3 489/308/3
f 532/309/3 533/307/3 489/308/3
f 532/309/3 489/308/3 490/310/3
f 531/311/3 532/309/3 490/310/3
f 531/311/3 490/310/3 491/312/3
f 530/313/3 531/311/3 491/312/3
f 529/314/3 530/313/3 491/312/3
f 529/314/3 491/312/3 492/315/3
f 528/316/3 529/314/3 492/315/3
f 528/316/3 492/315/3 493/317/3
f 527/318/3 528/316/3 493/317/3
f 527/318/3 493/317/3 494/319/3
f 526/320/3 527/318/3 494/319/3
f 526/320/3 494/319/3 495/321/3
f 525/322/3 526/320/3 495/321/3
f 525/322/3 495/321/3 496/323/3
f 524/324/3 525/322/3 496/323/3
f 524/324/3 496/323/3 497/325/3
f 523/326/3 524/324/3 497/325/3
f 522/327/3 523/326/3 497/325/3
f 522/327/3 497/325/3 498/328/3
f 521/329/3 522/327/3 498/328/3
f 521/329/3 498/328/3 499/330/3
f 520/331/3 521/329/3 499/330/3
f 520/331/3 499/330/3 500/332/3
f 519/333/3 520/331/3 500/332/3
f 519/333/3 500/332/3 501/334/3
f 518/335/3 519/333/3 501/334/3
f 518/335/3 501/334/3 502/336/3
f 517/337/3 518/335/3 502/336/3
f 517/337/3 502/336/3 503/338/3
f 516/339/3 517/337/3 503/338/3
f 515/340/3 516/339/3 503/338/3
f 515/340/3 503/338/3 504/341/3
f 514/342/3 515/340/3 504/341/3
f 514/342/3 504/341/3 505/343/3
f 513/344/3 514/342/3 505/343/3
f 513/344/3 505/343/3 506/345/3
f 512/346/3 513/344/3 506/345/3
f 512/346/3 506/345/3 507/347/3
f 511/348/3 512/346/3 507/347/3
f 511/348/3 507/347/3 508/349/3
f 510/350/3 511/348/3 508/349/3
f 510/350/3 508/349/3 509/351/3
s 1
f 706/352/5 703/68/6 704/353/6
f 708/354/7 705/355/5 706/352/5
f 710/356/8 707/357/7 708/354/7
f 712/358/9 709/359/8 710/356/8
f 714/360/10 711/361/9 712/358/9
f 716/362/11 713/363/10 714/360/10
f 718/364/12 715/365/11 716/362/11
f 720/366/13 717/367/12 718/364/12
f 722/368/14 719/369/13 720/366/13
f 724/370/15 721/371/14 722/368/14
f 726/372/16 723/373/15 724/370/15
f 728/374/17 725/375/16 726/372/16
f 730/376/18 727/377/19 728/374/17
f 732/378/20 729/379/18 730/376/18
f 734/380/21 731/381/20 732/378/20
f 736/382/22 733/383/21 734/380/21
f 738/384/23 735/385/22 736/382/22
f 740/386/24 737/387/23 738/384/23
f 742/388/25 739/389/24 740/386/24
f 744/390/26 741/391/25 742/388/25
f 746/392/27 743/393/26 744/390/26
f 748/394/28 745/395/27 746/392/27
f 750/396/29 747/397/30 748/394/28
f 752/398/31 749/399/29 750/396/29
f 754/400/32 751/401/31 752/398/31
f 756/402/33 753/403/32 754/400/32
f 758/404/34 755/405/33 756/402/33
f 760/406/35 757/407/34 758/404/34
f 762/408/36 759/409/35 760/406/35
f 764/410/37 761/411/36 762/408/36
f 766/412/38 763/413/37 764/410/37
f 768/414/39 765/415/38 766/412/38
f 770/416/40 767/417/39 768/414/39
f 772/418/41 769/419/40 770/416/40
f 774/420/42 771/421/41 772/418/41
f 776/422/43 773/423/42 774/420/42
f 778/424/44 775/425/43 776/422/43
f 780/426/45 777/427/44 778/424/44
f 782/428/46 779/429/45 780/426/45
f 784/430/47 781/431/46 782/428/46
f 786/432/48 783/433/47 784/430/47
f 788/434/49 785/435/48 786/432/48
f 790/436/50 787/437/49 788/434/49
f 792/438/51 789/439/50 790/436/50
f 794/440/52 791/441/51 792/438/51
f 796/442/53 793/443/52 794/440/52
f 798/444/54 795/445/53 796/442/53
f 800/446/55 797/447/54 798/444/54
f 802/448/56 799/449/55 800/446/55
f 804/450/57 801/451/58 802/448/56
f 806/452/59 803/453/57 804/450/57
f 808/454/60 805/455/59 806/452/59
f 810/456/61 807/457/60 808/454/60
f 812/458/62 809/459/61 810/456/61
f 814/460/63 811/461/62 812/458/62
f 816/462/64 813/463/63 814/460/63
f 818/464/65 815/465/64 816/462/64
f 820/466/66 817/467/65 818/464/65
f 822/468/67 819/469/66 820/466/66
f 824/470/68 821/471/67 822/468/67
f 826/472/69 823/473/68 824/470/68
f 828/474/70 825/475/69 826/472/69
f 830/476/71 827/477/70 828/474/70
f 832/478/72 829/479/71 830/476/71
f 834/480/73 831/481/72 832/478/72
f 836/482/74 833/483/73 834/480/73
f 838/484/75 835/485/74 836/482/74
f 840/486/76 837/487/75 838/484/75
f 842/488/77 839/489/76 840/486/76
f 844/490/78 841/491/77 842/488/77
f 846/492/79 843/493/78 844/490/78
f 848/494/80 845/495/79 846/492/79
f 850/496/81 847/497/80 848/494/80
f 852/498/82 849/499/81 850/496/81
f 854/500/83 851/501/82 852/498/82
f 856/502/84 853/503/83 854/500/83
f 858/504/85 855/505/84 856/502/84
f 860/506/86 857/507/85 858/504/85
f 862/508/87 859/509/86 860/506/86
f 864/510/88 861/511/89 862/508/87
f 866/512/90 863/513/88 864/510/88
f 868/514/91 865/515/90 866/512/90
f 870/516/92 867/517/91 868/514/91
f 872/518/93 869/519/92 870/516/92
f 874/520/94 871/521/93 872/518/93
f 876/522/95 873/523/96 874/520/94
f 878/524/97 875/525/95 876/522/95
f 880/526/98 877/527/97 878/524/97
f 882/528/99 879/529/98 880/526/98
f 884/530/100 881/531/99 882/528/99
f 886/532/101 883/533/100 884/530/100
f 888/534/102 885/535/101 886/532/101
f 890/536/103 887/537/102 888/534/102
f 892/538/104 889/539/103 890/536/103
f 894/540/105 891/541/104 892/538/104
f 896/542/106 893/543/105 894/540/105
f 898/544/107 895/545/106 896/542/106
f 900/546/108 897/547/107 898/544/107
f 902/548/109 899/549/108 900/546/108
f 904/550/110 901/551/109 902/548/109
f 906/552/111 903/553/110 904/550/110
f 908/554/112 905/555/111 906/552/111
f 910/556/113 907/557/112 908/554/112
f 912/558/114 909/559/113 910/556/113
f 914/560/115 911/561/114 912/558/114
f 916/562/116 913/563/115 914/560/115
f 918/564/117 915/565/116 916/562/116
f 920/566/118 917/567/117 918/564/117
f 922/568/119 919/569/118 920/566/118
f 924/570/120 921/571/121 922/568/119
f 926/572/122 923/573/120 924/570/120
f 928/574/123 925/575/124 926/572/122
f 930/576/125 927/577/123 928/574/123
f 932/578/126 929/579/125 930/576/125
f 934/580/127 931/581/126 932/578/126
f 936/582/128 933/583/129 934/580/127
f 938/584/130 935/585/128 936/582/128
f 940/586/131 937/587/130 938/584/130
f 942/588/132 939/589/131 940/586/131
f 944/590/133 941/591/132 942/588/132
f 946/592/134 943/593/133 944/590/133
f 948/594/135 945/595/134 946/592/134
f 950/596/136 947/597/135 948/594/135
f 952/598/137 949/599/136 950/596/136
f 954/600/138 951/601/137 952/598/137
f 956/602/139 953/603/138 954/600/138
f 958/604/140 955/605/139 956/602/139
f 960/606/141 957/607/140 958/604/140
f 962/608/142 959/609/141 960/606/141
f 964/610/143 961/611/142 962/608/142
f 966/612/144 963/613/143 964/610/143
f 968/614/145 965/615/144 966/612/144
f 970/616/146 967/617/145 968/614/145
f 972/618/147 969/619/146 970/616/146
f 974/620/148 971/621/147 972/618/147
f 976/622/149 973/623/148 974/620/148
f 978/624/150 975/625/149 976/622/149
f 980/626/151 977/627/150 978/624/150
f 982/628/152 979/629/151 980/626/151
f 984/630/153 981/631/152 982/628/152
f 986/632/154 983/633/153 984/630/153
f 988/634/155 985/635/154 986/632/154
f 990/636/156 987/637/155 988/634/155
f 992/638/157 989/639/156 990/636/156
f 994/640/158 991/641/157 992/638/157
f 996/642/159 993/643/158 994/640/158
f 998/644/160 995/645/159 996/642/159
f 1000/646/161 997/647/160 998/644/160
f 1002/648/162 999/649/161 1000/646/161
f 1004/650/163 1001/651/162 1002/648/162
f 1006/652/164 1003/653/163 1004/650/163
f 1008/654/165 1005/655/164 1006/652/164
f 1010/656/166 1007/657/165 1008/654/165
f 1012/658/167 1009/659/166 1010/656/166
f 1014/660/168 1011/661/167 1012/658/167
f 1016/662/169 1013/663/168 1014/660/168
f 1018/664/170 1015/665/169 1016/662/169
f 1020/666/171 1017/667/170 1018/664/170
f 1022/668/172 1019/669/171 1020/666/171
f 1024/670/173 1021/671/172 1022/668/172
f 1026/672/174 1023/673/173 1024/670/173
f 1028/674/175 1025/675/174 1026/672/174
f 1030/676/176 1027/677/175 1028/674/175
f 1032/678/177 1029/679/176 1030/676/176
f 1034/680/178 1031/681/177 1032/678/177
f 1036/682/179 1033/683/178 1034/680/178
f 1038/684/180 1035/685/179 1036/682/179
f 1040/686/181 1037/687/180 1038/684/180
f 1042/688/182 1039/689/181 1040/686/181
f 1044/690/183 1041/691/182 1042/688/182
f 1046/692/184 1043/693/183 1044/690/183
f 1048/694/185 1045/695/186 1046/692/184
f 1050/696/187 1047/697/185 1048/694/185
f 1052/698/188 1049/699/187 1050/696/187
f 1054/700/189 1051/701/188 1052/698/188
f 1056/702/190 1053/703/189 1054/700/189
f 1058/704/191 1055/705/190 1056/702/190
f 1060/706/192 1057/707/191 1058/704/191
f 1062/708/193 1059/709/192 1060/706/192
f 1064/710/194 1061/711/193 1062/708/193
f 1066/712/195 1063/713/194 1064/710/194
f 1068/714/196 1065/715/195 1066/712/195
f 1070/716/197 1067/717/196 1068/714/196
f 1072/718/198 1069/719/197 1070/716/197
f 1074/720/199 1071/721/198 1072/718/198
f 1076/722/200 1073/723/199 1074/720/199
f 1078/724/201 1075/725/200 1076/722/200
f 1080/726/202 1077/727/201 1078/724/201
f 1082/728/203 1079/729/202 1080/726/202
f 1084/730/204 1081/731/203 1082/728/203
f 1086/732/205 1083/733/204 1084/730/204
f 1088/734/206 1085/735/205 1086/732/205
f 1090/736/207 1087/737/206 1088/734/206
f 1092/738/208 1089/739/209 1090/736/207
f 1094/740/210 1091/741/208 1092/738/208
f 1096/742/211 1093/743/210 1094/740/210
f 1098/744/212 1095/745/211 1096/742/211
f 1100/746/213 1097/747/212 1098/744/212
f 1102/748/214 1099/749/213 1100/746/213
f 1104/750/215 1101/751/214 1102/748/214
f 1106/752/216 1103/753/215 1104/750/215
f 1108/754/62 1105/755/216 1106/752/216
f 1110/756/217 1107/757/62 1108/754/62
f 1112/758/218 1109/759/217 1110/756/217
f 1114/760/219 1111/761/218 1112/758/218
f 1116/762/220 1113/763/219 1114/760/219
f 1118/764/56 1115/765/220 1116/762/220
f 1120/766/221 1117/767/56 1118/764/56
f 1122/768/222 1119/769/221 1120/766/221
f 1124/770/223 1121/771/222 1122/768/222
f 1126/772/224 1123/773/223 1124/770/223
f 1128/774/225 1125/775/224 1126/772/224
f 1130/776/226 1127/777/225 1128/774/225
f 1132/778/227 1129/779/226 1130/776/226
f 1134/780/228 1131/781/227 1132/778/227
f 1136/782/229 1133/783/228 1134/780/228
f 1138/784/230 1135/785/229 1136/782/229
f 1140/786/231 1137/787/230 1138/784/230
f 1142/788/232 1139/789/231 1140/786/231
f 1144/790/233 1141/791/232 1142/788/232
f 1146/792/234 1143/793/233 1144/790/233
f 1148/794/235 1145/795/234 1146/792/234
f 1150/796/236 1147/797/235 1148/794/235
f 1152/798/237 1149/799/236 1150/796/236
f 1154/800/238 1151/801/237 1152/798/237
f 1156/802/239 1153/803/238 1154/800/238
f 1158/804/240 1155/805/239 1156/802/239
f 1160/806/241 1157/807/240 1158/804/240
f 1162/808/242 1159/809/241 1160/806/241
f 1164/810/243 1161/811/242 1162/808/242
f 1166/812/244 1163/813/243 1164/810/243
f 1168/814/245 1165/815/244 1166/812/244
f 1170/816/246 1167/817/245 1168/814/245
f 1172/818/247 1169/819/246 1170/816/246
f 1174/820/248 1171/821/247 1172/818/247
f 1176/822/249 1173/823/248 1174/820/248
f 1178/824/250 1175/825/249 1176/822/249
f 1180/826/251 1177/827/250 1178/824/250
f 1182/828/252 1179/829/251 1180/826/251
f 1184/830/253 1181/831/252 1182/828/252
f 1186/832/254 1183/833/253 1184/830/253
f 1188/834/255 1185/835/254 1186/832/254
f 1190/836/256 1187/837/255 1188/834/255
f 1192/838/257 1189/839/258 1190/836/256
f 1194/840/259 1191/841/257 1192/838/257
f 1196/842/260 1193/843/259 1194/840/259
f 1198/844/261 1195/845/260 1196/842/260
f 1200/846/262 1197/847/261 1198/844/261
f 1202/848/263 1199/849/262 1200/846/262
f 1204/850/264 1201/851/263 1202/848/263
f 1206/852/265 1203/853/264 1204/850/264
f 1208/854/266 1205/855/265 1206/852/265
f 1210/856/267 1207/857/266 1208/854/266
f 1212/858/268 1209/859/267 1210/856/267
f 1214/860/269 1211/861/268 1212/858/268
f 1216/862/270 1213/863/269 1214/860/269
f 1218/864/271 1215/865/270 1216/862/270
f 1220/866/272 1217/867/271 1218/864/271
f 1222/868/273 1219/869/272 1220/866/272
f 1224/870/274 1221/871/273 1222/868/273
f 1226/872/275 1223/873/274 1224/870/274
f 1228/874/276 1225/875/275 1226/872/275
f 1230/876/277 1227/877/276 1228/874/276
f 1232/878/278 1229/879/277 1230/876/277
f 1234/880/279 1231/881/278 1232/878/278
f 1236/882/280 1233/883/279 1234/880/279
f 1238/884/281 1235/885/280 1236/882/280
f 1240/886/282 1237/887/281 1238/884/281
f 1242/888/283 1239/889/282 1240/886/282
f 1244/890/284 1241/891/283 1242/888/283
f 1246/892/285 1243/893/284 1244/890/284
f 1248/894/286 1245/895/285 1246/892/285
f 1250/896/287 1247/897/286 1248/894/286
f 1252/898/288 1249/899/287 1250/896/287
f 1254/900/289 1251/901/288 1252/898/288
f 1256/902/290 1253/903/289 1254/900/289
f 1258/904/291 1255/905/290 1256/902/290
f 1260/906/292 1257/907/291 1258/904/291
f 1262/908/293 1259/909/294 1260/906/292
f 1264/910/295 1261/911/293 1262/908/293
f 1266/912/296 1263/913/295 1264/910/295
f 1268/914/297 1265/915/296 1266/912/296
f 1270/916/298 1267/917/297 1268/914/297
f 1272/918/299 1269/919/298 1270/916/298
f 1274/920/300 1271/921/299 1272/918/299
f 1276/922/301 1273/923/300 1274/920/300
f 1278/924/302 1275/925/301 1276/922/301
f 1280/926/303 1277/927/302 1278/924/302
f 1282/928/304 1279/929/303 1280/926/303
f 1284/930/305 1281/931/304 1282/928/304
f 1286/932/306 1283/933/305 1284/930/305
f 1288/934/307 1285/935/306 1286/932/306
f 1290/936/308 1287/937/307 1288/934/307
f 1292/938/309 1289/939/308 1290/936/308
f 1294/940/310 1291/941/309 1292/938/309
f 1296/942/311 1293/943/310 1294/940/310
f 1298/944/312 1295/945/311 1296/942/311
f 1300/946/313 1297/947/312 1298/944/312
f 1302/948/314 1299/949/313 1300/946/313
f 1304/950/315 1301/951/314 1302/948/314
f 1306/952/316 1303/953/315 1304/950/315
f 1308/954/317 1305/955/316 1306/952/316
f 1310/956/318 1307/957/317 1308/954/317
f 1312/958/319 1309/959/320 1310/956/318
f 1314/960/321 1311/961/319 1312/958/319
f 1316/962/322 1313/963/321 1314/960/321
f 1318/964/323 1315/965/322 1316/962/322
f 1320/966/324 1317/967/323 1318/964/323
f 1322/968/325 1319/969/324 1320/966/324
f 1324/970/326 1321/971/325 1322/968/325
f 1326/972/327 1323/973/326 1324/970/326
f 1328/974/328 1325/975/327 1326/972/327
f 1330/976/329 1327/977/328 1328/974/328
f 1332/978/330 1329/979/329 1330/976/329
f 1334/980/331 1331/981/330 1332/978/330
f 1336/982/332 1333/983/331 1334/980/331
f 1338/984/333 1335/985/332 1336/982/332
f 1340/986/334 1337/987/333 1338/984/333
f 1342/988/335 1339/989/334 1340/986/334
f 1344/990/336 1341/991/335 1342/988/335
f 1346/992/337 1343/993/336 1344/990/336
f 1348/994/338 1345/995/337 1346/992/337
f 1350/996/339 1347/997/340 1348/994/338
f 1352/998/341 1349/999/339 1350/996/339
f 1354/1000/342 1351/1001/341 1352/998/341
f 1356/1002/343 1353/1003/342 1354/1000/342
f 1358/1004/344 1355/1005/343 1356/1002/343
f 1360/1006/345 1357/1007/344 1358/1004/344
f 1362/1008/346 1359/1009/345 1360/1006/345
f 1364/1010/347 1361/1011/346 1362/1008/346
f 1366/1012/348 1363/1013/347 1364/1010/347
f 1368/1014/349 1365/1015/348 1366/1012/348
f 1370/1016/350 1367/1017/349 1368/1014/349
f 1372/1018/351 1369/1019/350 1370/1016/350
f 1374/1020/352 1371/1021/351 1372/1018/351
f 1376/1022/353 1373/1023/352 1374/1020/352
f 1378/1024/354 1375/1025/353 1376/1022/353
f 1380/1026/355 1377/1027/354 1378/1024/354
f 1382/1028/356 1379/1029/355 1380/1026/355
f 1384/1030/357 1381/1031/356 1382/1028/356
f 1386/1032/358 1383/1033/357 1384/1030/357
f 1388/1034/359 1385/1035/358 1386/1032/358
f 1390/1036/360 1387/1037/359 1388/1034/359
f 1392/1038/361 1389/1039/360 1390/1036/360
f 1394/1040/362 1391/1041/361 1392/1038/361
f 1396/1042/363 1393/1043/362 1394/1040/362
f 1398/1044/364 1395/1045/363 1396/1042/363
f 1400/1046/365 1397/1047/364 1398/1044/364
f 1402/1048/366 1399/1049/365 1400/1046/365
f 1404/1050/367 1401/1051/366 1402/1048/366
f 704/1052/6 1403/1053/367 1404/1050/367
f 706/352/5 705/355/5 703/68/6
f 708/354/7 707/357/7 705/355/5
f 710/356/8 709/359/8 707/357/7
f 712/358/9 711/361/9 709/359/8
f 714/360/10 713/363/10 711/361/9
f 716/362/11 715/365/11 713/363/10
f 718/364/12 717/367/12 715/365/11
f 720/366/13 719/369/13 717/367/12
f 722/368/14 721/371/14 719/369/13
f 724/370/15 723/373/15 721/371/14
f 726/372/16 725/375/16 723/373/15
f 728/374/17 727/377/19 725/375/16
f 730/376/18 729/379/18 727/377/19
f 732/378/20 731/381/20 729/379/18
f 734/380/21 733/383/21 731/381/20
f 736/382/22 735/385/22 733/383/21
f 738/384/23 737/387/23 735/385/22
f 740/386/24 739/389/24 737/387/23
f 742/388/25 741/391/25 739/389/24
f 744/390/26 743/393/26 741/391/25
f 746/392/27 745/395/27 743/393/26
f 748/394/28 747/397/30 745/395/27
f 750/396/29 749/399/29 747/397/30
f 752/398/31 751/401/31 749/399/29
f 754/400/32 753/403/32 751/401/31
f 756/402/33 755/405/33 753/403/32
f 758/404/34 757/407/34 755/405/33
f 760/406/35 759/409/35 757/407/34
f 762/408/36 761/411/36 759/409/35
f 764/410/37 763/413/37 761/411/36
f 766/412/38 765/415/38 763/413/37
f 768/414/39 767/417/39 765/415/38
f 770/416/40 769/419/40 767/417/39
f 772/418/41 771/421/41 769/419/40
f 774/420/42 773/423/42 771/421/41
f 776/422/43 775/425/43 773/423/42
f 778/424/44 777/427/44 775/425/43
f 780/426/45 779/429/45 777/427/44
f 782/428/46 781/431/46 779/429/45
f 784/430/47 783/433/47 781/431/46
f 786/432/48 785/435/48 783/433/47
f 788/434/49 787/437/49 785/435/48
f 790/436/50 789/439/50 787/437/49
f 792/438/51 791/441/51 789/439/50
f 794/440/52 793/443/52 791/441/51
f 796/442/53 795/445/53 793/443/52
f 798/444/54 797/447/54 795/445/53
f 800/446/55 799/449/55 797/447/54
f 802/448/56 801/451/58 799/449/55
f 804/450/57 803/453/57 801/451/58
f 806/452/59 805/455/59 803/453/57
f 808/454/60 807/457/60 805/455/59
f 810/456/61 809/459/61 807/457/60
f 812/458/62 811/461/62 809/459/61
f 814/460/63 813/463/63 811/461/62
f 816/462/64 815/465/64 813/463/63
f 818/464/65 817/467/65 815/465/64
f 820/466/66 819/469/66 817/467/65
f 822/468/67 821/471/67 819/469/66
f 824/470/68 823/473/68 821/471/67
f 826/472/69 825/475/69 823/473/68
f 828/474/70 827/477/70 825/475/69
f 830/476/71 829/479/71 827/477/70
f 832/478/72 831/481/72 829/479/71
f 834/480/73 833/483/73 831/481/72
f 836/482/74 835/485/74 833/483/73
f 838/484/75 837/487/75 835/485/74
f 840/486/76 839/489/76 837/487/75
f 842/488/77 841/491/77 839/489/76
f 844/490/78 843/493/78 841/491/77
f 846/492/79 845/495/79 843/493/78
f 848/494/80 847/497/80 845/495/79
f 850/496/81 849/499/81 847/497/80
f 852/498/82 851/501/82 849/499/81
f 854/500/83 853/503/83 851/501/82
f 856/502/84 855/505/84 853/503/83
f 858/504/85 857/507/85 855/505/84
f 860/506/86 859/509/86 857/507/85
f 862/508/87 861/511/89 859/509/86
f 864/510/88 863/513/88 861/511/89
f 866/512/90 865/515/90 863/513/88
f 868/514/91 867/517/91 865/515/90
f 870/516/92 869/519/92 867/517/91
f 872/518/93 871/521/93 869/519/92
f 874/520/94 873/523/96 871/521/93
f 876/522/95 875/525/95 873/523/96
f 878/524/97 877/527/97 875/525/95
f 880/526/98 879/529/98 877/527/97
f 882/528/99 881/531/99 879/529/98
f 884/530/100 883/533/100 881/531/99
f 886/532/101 885/535/101 883/533/100
f 888/534/102 887/537/102 885/535/101
f 890/536/103 889/539/103 887/537/102
f 892/538/104 891/541/104 889/539/103
f 894/540/105 893/543/105 891/541/104
f 896/542/106 895/545/106 893/543/105
f 898/544/107 897/547/107 895/545/106
f 900/546/108 899/549/108 897/547/107
f 902/548/109 901/551/109 899/549/108
f 904/550/110 903/553/110 901/551/109
f 906/552/111 905/555/111 903/553/110
f 908/554/112 907/557/112 905/555/111
f 910/556/113 909/559/113 907/557/112
f 912/558/114 911/561/114 909/559/113
f 914/560/115 913/563/115 911/561/114
f 916/562/116 915/565/116 913/563/115
f 918/564/117 917/567/117 915/565/116
f 920/566/118 919/569/118 917/567/117
f 922/568/119 921/571/121 919/569/118
f 924/570/120 923/573/120 921/571/121
f 926/572/122 925/575/124 923/573/120
f 928/574/123 927/577/123 925/575/124
f 930/576/125 929/579/125 927/577/123
f 932/578/126 931/581/126 929/579/125
f 934/580/127 933/583/129 931/581/126
f 936/582/128 935/585/128 933/583/129
f 938/584/130 937/587/130 935/585/128
f 940/586/131 939/589/131 937/587/130
f 942/588/132 941/591/132 939/589/131
f 944/590/133 943/593/133 941/591/132
f 946/592/134 945/595/134 943/593/133
f 948/594/135 947/597/135 945/595/134
f 950/596/136 949/599/136 947/597/135
f 952/598/137 951/601/137 949/599/136
f 954/600/138 953/603/138 951/601/137
f 956/602/139 955/605/139 953/603/138
f 958/604/140 957/607/140 955/605/139
f 960/606/141 959/609/141 957/607/140
f 962/608/142 961/611/142 959/609/141
f 964/610/143 963/613/143 961/611/142
f 966/612/144 965/615/144 963/613/143
f 968/614/145 967/617/145 965/615/144
f 970/616/146 969/619/146 967/617/145
f 972/618/147 971/621/147 969/619/146
f 974/620/148 973/623/148 971/621/147
f 976/622/149 975/625/149 973/623/148
f 978/624/150 977/627/150 975/625/149
f 980/626/151 979/629/151 977/627/150
f 982/628/152 981/631/152 979/629/151
f 984/630/153 983/633/153 981/631/152
f 986/632/154 985/635/154 983/633/153
f 988/634/155 987/637/155 985/635/154
f 990/636/156 989/639/156 987/637/155
f 992/638/157 991/641/157 989/639/156
f 994/640/158 993/643/158 991/641/157
f 996/642/159 995/645/159 993/643/158
f 998/644/160 997/647/160 995/645/159
f 1000/646/161 999/649/161 997/647/160
f 1002/648/162 1001/651/162 999/649/161
f 1004/650/163 1003/653/163 1001/651/162
f 1006/652/164 1005/655/164 1003/653/163
f 1008/654/165 1007/657/165 1005/655/164
f 1010/656/166 1009/659/166 1007/657/165
f 1012/658/167 1011/661/167 1009/659/166
f 1014/660/168 1013/663/168 1011/661/167
f 1016/662/169 1015/665/169 1013/663/168
f 1018/664/170 1017/667/170 1015/665/169
f 1020/666/171 1019/669/171 1017/667/170
f 1022/668/172 1021/671/172 1019/669/171
f 1024/670/173 1023/673/173 1021/671/172
f 1026/672/174 1025/675/174 1023/673/173
f 1028/674/175 1027/677/175 1025/675/174
f 1030/676/176 1029/679/176 1027/677/175
f 1032/678/177 1031/681/177 1029/679/176
f 1034/680/178 1033/683/178 1031/681/177
f 1036/682/179 1035/685/179 1033/683/178
f 1038/684/180 1037/687/180 1035/685/179
f 1040/686/181 1039/689/181 1037/687/180
f 1042/688/182 1041/691/182 1039/689/181
f 1044/690/183 1043/693/183 1041/691/182
f 1046/692/184 1045/695/186 1043/693/183
f 1048/694/185 1047/697/185 1045/695/186
f 1050/696/187 1049/699/187 1047/697/185
f 1052/698/188 1051/701/188 1049/699/187
f 1054/700/189 1053/703/189 1051/701/188
f 1056/702/190 1055/705/190 1053/703/189
f 1058/704/191 1057/707/191 1055/705/190
f 1060/706/192 1059/709/192 1057/707/191
f 1062/708/193 1061/711/193 1059/709/192
f 1064/710/194 1063/713/194 1061/711/193
f 1066/712/195 1065/715/195 1063/713/194
f 1068/714/196 1067/717/196 1065/715/195
f 1070/716/197 1069/719/197 1067/717/196
f 1072/718/198 1071/721/198 1069/719/197
f 1074/720/199 1073/723/199 1071/721/198
f 1076/722/200 1075/725/200 1073/723/199
f 1078/724/201 1077/727/201 1075/725/200
f 1080/726/202 1079/729/202 1077/727/201
f 1082/728/203 1081/731/203 1079/729/202
f 1084/730/204 1083/733/204 1081/731/203
f 1086/732/205 1085/735/205 1083/733/204
f 1088/734/206 1087/737/206 1085/735/205
f 1090/736/207 1089/739/209 1087/737/206
f 1092/738/208 1091/741/208 1089/739/209
f 1094/740/210 1093/743/210 1091/741/208
f 1096/742/211 1095/745/211 1093/743/210
f 1098/744/212 1097/747/212 1095/745/211
f 1100/746/213 1099/749/213 1097/747/212
f 1102/748/214 1101/751/214 1099/749/213
f 1104/750/215 1103/753/215 1101/751/214
f 1106/752/216 1105/755/216 1103/753/215
f 1108/754/62 1107/757/62 1105/755/216
f 1110/756/217 1109/759/217 1107/757/62
f 1112/758/218 1111/761/218 1109/759/217
f 1114/760/219 1113/763/219 1111/761/218
f 1116/762/220 1115/765/220 1113/763/219
f 1118/764/56 1117/767/56 1115/765/220
f 1120/766/221 1119/769/221 1117/767/56
f 1122/768/222 1121/771/222 1119/769/221
f 1124/770/223 1123/773/223 1121/771/222
f 1126/772/224 1125/775/224 1123/773/223
f 1128/774/225 1127/777/225 1125/775/224
f 1130/776/226 1129/779/226 1127/777/225
f 1132/778/227 1131/781/227 1129/779/226
f 1134/780/228 1133/783/228 1131/781/227
f 1136/782/229 1135/785/229 1133/783/228
f 1138/784/230 1137/787/230 1135/785/229
f 1140/786/231 1139/789/231 1137/787/230
f 1142/788/232 1141/791/232 1139/789/231
f 1144/790/233 1143/793/233 1141/791/232
f 1146/792/234 1145/795/234 1143/793/233
f 1148/794/235 1147/797/235 1145/795/234
f 1150/796/236 1149/799/236 1147/797/235
f 1152/798/237 1151/801/237 1149/799/236
f 1154/800/238 1153/803/238 1151/801/237
f 1156/802/239 1155/805/239 1153/803/238
f 1158/804/240 1157/807/240 1155/805/239
f 1160/806/241 1159/809/241 1157/807/240
f 1162/808/242 1161/811/242 1159/809/241
f 1164/810/243 1163/813/243 1161/811/242
f 1166/812/244 1165/815/244 1163/813/243
f 1168/814/245 1167/817/245 1165/815/244
f 1170/816/246 1169/819/246 1167/817/245
f 1172/818/247 1171/821/247 1169/819/246
f 1174/820/248 1173/823/248 1171/821/247
f 1176/822/249 1175/825/249 1173/823/248
f 1178/824/250 1177/827/250 1175/825/249
f 1180/826/251 1179/829/251 1177/827/250
f 1182/828/252 1181/831/252 1179/829/251
f 1184/830/253 1183/833/253 1181/831/252
f 1186/832/254 1185/835/254 1183/833/253
f 1188/834/255 1187/837/255 1185/835/254
f 1190/836/256 1189/839/258 1187/837/255
f 1192/838/257 1191/841/257 1189/839/258
f 1194/840/259 1193/843/259 1191/841/257
f 1196/842/260 1195/845/260 1193/843/259
f 1198/844/261 1197/847/261 1195/845/260
f 1200/846/262 1199/849/262 1197/847/261
f 1202/848/263 1201/851/263 1199/849/262
f 1204/850/264 1203/853/264 1201/851/263
f 1206/852/265 1205/855/265 1203/853/264
f 1208/854/266 1207/857/266 1205/855/265
f 1210/856/267 1209/859/267 1207/857/266
f 1212/858/268 1211/861/268 1209/859/267
f 1214/860/269 1213/863/269 1211/861/268
f 1216/862/270 1215/865/270 1213/863/269
f 1218/864/271 1217/867/271 1215/865/270
f 1220/866/272 1219/869/272 1217/867/271
f 1222/868/273 1221/871/273 1219/869/272
f 1224/870/274 1223/873/274 1221/871/273
f 1226/872/275 1225/875/275 1223/873/274
f 1228/874/276 1227/877/276 1225/875/275
f 1230/876/277 1229/879/277 1227/877/276
f 1232/878/278 1231/881/278 1229/879/277
f 1234/880/279 1233/883/279 1231/881/278
f 1236/882/280 1235/885/280 1233/883/279
f 1238/884/281 1237/887/281 1235/885/280
f 1240/886/282 1239/889/282 1237/887/281
f 1242/888/283 1241/891/283 1239/889/282
f 1244/890/284 1243/893/284 1241/891/283
f 1246/892/285 1245/895/285 1243/893/284
f 1248/894/286 1247/897/286 1245/895/285
f 1250/896/287 1249/899/287 1247/897/286
f 1252/898/288 1251/901/288 1249/899/287
f 1254/900/289 1253/903/289 1251/901/288
f 1256/902/290 1255/905/290 1253/903/289
f 1258/904/291 1257/907/291 1255/905/290
f 1260/906/292 1259/909/294 1257/907/291
f 1262/908/293 1261/911/293 1259/909/294
f 1264/910/295 1263/913/295 1261/911/293
f 1266/912/296 1265/915/296 1263/913/295
f 1268/914/297 1267/917/297 1265/915/296
f 1270/916/298 1269/919/298 1267/917/297
f 1272/918/299 1271/921/299 1269/919/298
f 1274/920/300 1273/923/300 1271/921/299
f 1276/922/301 1275/925/301 1273/923/300
f 1278/924/302 1277/927/302 1275/925/301
f 1280/926/303 1279/929/303 1277/927/302
f 1282/928/304 1281/931/304 1279/929/303
f 1284/930/305 1283/933/305 1281/931/304
f 1286/932/306 1285/935/306 1283/933/305
f 1288/934/307 1287/937/307 1285/935/306
f 1290/936/308 1289/939/308 1287/937/307
f 1292/938/309 1291/941/309 1289/939/308
f 1294/940/310 1293/943/310 1291/941/309
f 1296/942/311 1295/945/311 1293/943/310
f 1298/944/312 1297/947/312 1295/945/311
f 1300/946/313 1299/949/313 1297/947/312
f 1302/948/314 1301/951/314 1299/949/313
f 1304/950/315 1303/953/315 1301/951/314
f 1306/952/316 1305/955/316 1303/953/315
f 1308/954/317 1307/957/317 1305/955/316
f 1310/956/318 1309/959/320 1307/957/317
f 1312/958/319 1311/961/319 1309/959/320
f 1314/960/321 1313/963/321 1311/961/319
f 1316/962/322 1315/965/322 1313/963/321
f 1318/964/323 1317/967/323 1315/965/322
f 1320/966/324 1319/969/324 1317/967/323
f 1322/968/325 1321/971/325 1319/969/324
f 1324/970/326 1323/973/326 1321/971/325
f 1326/972/327 1325/975/327 1323/973/326
f 1328/974/328 1327/977/328 1325/975/327
f 1330/976/329 1329/979/329 1327/977/328
f 1332/978/330 1331/981/330 1329/979/329
f 1334/980/331 1333/983/331 1331/981/330
f 1336/982/332 1335/985/332 1333/983/331
f 1338/984/333 1337/987/333 1335/985/332
f 1340/986/334 1339/989/334 1337/987/333
f 1342/988/335 1341/991/335 1339/989/334
f 1344/990/336 1343/993/336 1341/991/335
f 1346/992/337 1345/995/337 1343/993/336
f 1348/994/338 1347/997/340 1345/995/337
f 1350/996/339 1349/999/339 1347/997/340
f 1352/998/341 1351/1001/341 1349/999/339
f 1354/1000/342 1353/1003/342 1351/1001/341
f 1356/1002/343 1355/1005/343 1353/1003/342
f 1358/1004/344 1357/1007/344 1355/1005/343
f 1360/1006/345 1359/1009/345 1357/1007/344
f 1362/1008/346 1361/1011/346 1359/1009/345
f 1364/1010/347 1363/1013/347 1361/1011/346
f 1366/1012/348 1365/1015/348 1363/1013/347
f 1368/1014/349 1367/1017/349 1365/1015/348
f 1370/1016/350 1369/1019/350 1367/1017/349
f 1372/1018/351 1371/1021/351 1369/1019/350
f 1374/1020/352 1373/1023/352 1371/1021/351
f 1376/1022/353 1375/1025/353 1373/1023/352
f 1378/1024/354 1377/1027/354 1375/1025/353
f 1380/1026/355 1379/1029/355 1377/1027/354
f 1382/1028/356 1381/1031/356 1379/1029/355
f 1384/1030/357 1383/1033/357 1381/1031/356
f 1386/1032/358 1385/1035/358 1383/1033/357
f 1388/1034/359 1387/1037/359 1385/1035/358
f 1390/1036/360 1389/1039/360 1387/1037/359
f 1392/1038/361 1391/1041/361 1389/1039/360
f 1394/1040/362 1393/1043/362 1391/1041/361
f 1396/1042/363 1395/1045/363 1393/1043/362
f 1398/1044/364 1397/1047/364 1395/1045/363
f 1400/1046/365 1399/1049/365 1397/1047/364
f 1402/1048/366 1401/1051/366 1399/1049/365
f 1404/1050/367 1403/1053/367 1401/1051/366
f 704/1052/6 703/66/6 1403/1053/367
