# Blender 4.4.1
# www.blender.org
mtllib 6.mtl
o テキスト
v 0.167896 0.183351 0.010000
v 0.171740 0.178687 0.010000
v 0.175428 0.173828 0.010000
v 0.178960 0.168774 0.010000
v 0.182336 0.163525 0.010000
v 0.185556 0.158081 0.010000
v 0.188620 0.152441 0.010000
v 0.191527 0.146607 0.010000
v 0.194279 0.140577 0.010000
v 0.196874 0.134352 0.010000
v 0.199313 0.127932 0.010000
v 0.201596 0.121317 0.010000
v 0.203723 0.114507 0.010000
v 0.061468 0.096944 0.010000
v 0.060479 0.101798 0.010000
v 0.059385 0.106408 0.010000
v 0.058186 0.110775 0.010000
v 0.056882 0.114897 0.010000
v 0.055474 0.118775 0.010000
v 0.053960 0.122410 0.010000
v 0.052342 0.125800 0.010000
v 0.050619 0.128947 0.010000
v 0.048790 0.131849 0.010000
v 0.046857 0.134508 0.010000
v 0.044819 0.136923 0.010000
v 0.042677 0.139094 0.010000
v 0.040439 0.141057 0.010000
v 0.038115 0.142850 0.010000
v 0.035706 0.144472 0.010000
v 0.033212 0.145924 0.010000
v 0.030633 0.147204 0.010000
v 0.027968 0.148314 0.010000
v 0.025218 0.149253 0.010000
v 0.022382 0.150021 0.010000
v 0.019461 0.150619 0.010000
v 0.016455 0.151046 0.010000
v 0.013363 0.151302 0.010000
v 0.010186 0.151387 0.010000
v 0.004498 0.151144 0.010000
v -0.000976 0.150412 0.010000
v -0.006235 0.149192 0.010000
v -0.011279 0.147485 0.010000
v -0.016109 0.145289 0.010000
v -0.020724 0.142606 0.010000
v -0.025124 0.139435 0.010000
v -0.029310 0.135776 0.010000
v -0.033281 0.131630 0.010000
v -0.037037 0.126995 0.010000
v -0.040579 0.121873 0.010000
v -0.043906 0.116263 0.010000
v -0.046196 0.111648 0.010000
v -0.048384 0.106233 0.010000
v -0.050470 0.100018 0.010000
v -0.052453 0.093002 0.010000
v -0.054334 0.085187 0.010000
v -0.056112 0.076572 0.010000
v -0.057787 0.067156 0.010000
v -0.059361 0.056941 0.010000
v -0.060832 0.045926 0.010000
v -0.062200 0.034110 0.010000
v -0.063466 0.021494 0.010000
v -0.064629 0.008079 0.010000
v -0.060346 0.012317 0.010000
v -0.056043 0.016367 0.010000
v -0.051721 0.020230 0.010000
v -0.047379 0.023904 0.010000
v -0.043018 0.027391 0.010000
v -0.038637 0.030690 0.010000
v -0.034237 0.033801 0.010000
v -0.029817 0.036725 0.010000
v -0.025378 0.039460 0.010000
v -0.020919 0.042008 0.010000
v -0.016440 0.044368 0.010000
v -0.011942 0.046540 0.010000
v -0.007376 0.048532 0.010000
v -0.002693 0.050350 0.010000
v 0.002107 0.051996 0.010000
v 0.007025 0.053468 0.010000
v 0.012059 0.054766 0.010000
v 0.017211 0.055892 0.010000
v 0.022480 0.056845 0.010000
v 0.027866 0.057624 0.010000
v 0.033368 0.058230 0.010000
v 0.038988 0.058663 0.010000
v 0.044725 0.058923 0.010000
v 0.050580 0.059009 0.010000
v 0.061906 0.058668 0.010000
v 0.072937 0.057644 0.010000
v 0.083674 0.055936 0.010000
v 0.094115 0.053546 0.010000
v 0.104261 0.050472 0.010000
v 0.114111 0.046716 0.010000
v 0.123667 0.042276 0.010000
v 0.132927 0.037154 0.010000
v 0.141893 0.031349 0.010000
v 0.150563 0.024860 0.010000
v 0.158938 0.017689 0.010000
v 0.167018 0.009835 0.010000
v 0.174620 0.001456 0.010000
v 0.181561 -0.007288 0.010000
v 0.187840 -0.016399 0.010000
v 0.193459 -0.025875 0.010000
v 0.198417 -0.035717 0.010000
v 0.202713 -0.045926 0.010000
v 0.206349 -0.056500 0.010000
v 0.209324 -0.067439 0.010000
v 0.211637 -0.078745 0.010000
v 0.213290 -0.090417 0.010000
v 0.214281 -0.102454 0.010000
v 0.214612 -0.114858 0.010000
v 0.214445 -0.123285 0.010000
v 0.213944 -0.131591 0.010000
v 0.213108 -0.139774 0.010000
v 0.211939 -0.147836 0.010000
v 0.210435 -0.155776 0.010000
v 0.208597 -0.163593 0.010000
v 0.206425 -0.171289 0.010000
v 0.203918 -0.178863 0.010000
v 0.201078 -0.186315 0.010000
v 0.197903 -0.193644 0.010000
v 0.194394 -0.200852 0.010000
v 0.190551 -0.207938 0.010000
v 0.186412 -0.214820 0.010000
v 0.182014 -0.221417 0.010000
v 0.177358 -0.227729 0.010000
v 0.172443 -0.233755 0.010000
v 0.167269 -0.239496 0.010000
v 0.161837 -0.244951 0.010000
v 0.156146 -0.250121 0.010000
v 0.150197 -0.255005 0.010000
v 0.143989 -0.259604 0.010000
v 0.137523 -0.263918 0.010000
v 0.130798 -0.267947 0.010000
v 0.123815 -0.271690 0.010000
v 0.116552 -0.275140 0.010000
v 0.108989 -0.278290 0.010000
v 0.101126 -0.281140 0.010000
v 0.092963 -0.283690 0.010000
v 0.084500 -0.285941 0.010000
v 0.075738 -0.287891 0.010000
v 0.066675 -0.289541 0.010000
v 0.057312 -0.290891 0.010000
v 0.047649 -0.291941 0.010000
v 0.037686 -0.292691 0.010000
v 0.027423 -0.293141 0.010000
v 0.016860 -0.293291 0.010000
v 0.004193 -0.293108 0.010000
v -0.008049 -0.292559 0.010000
v -0.019867 -0.291645 0.010000
v -0.031261 -0.290364 0.010000
v -0.042230 -0.288718 0.010000
v -0.052775 -0.286705 0.010000
v -0.062895 -0.284327 0.010000
v -0.072591 -0.281583 0.010000
v -0.081862 -0.278473 0.010000
v -0.090710 -0.274997 0.010000
v -0.099132 -0.271155 0.010000
v -0.107130 -0.266948 0.010000
v -0.114786 -0.262339 0.010000
v -0.122180 -0.257293 0.010000
v -0.129314 -0.251811 0.010000
v -0.136186 -0.245892 0.010000
v -0.142798 -0.239537 0.010000
v -0.149148 -0.232745 0.010000
v -0.155238 -0.225516 0.010000
v -0.161066 -0.217851 0.010000
v -0.166634 -0.209749 0.010000
v -0.171940 -0.201211 0.010000
v -0.176986 -0.192236 0.010000
v -0.181770 -0.182824 0.010000
v -0.186230 -0.172934 0.010000
v -0.190303 -0.162525 0.010000
v -0.193987 -0.151596 0.010000
v -0.197284 -0.140148 0.010000
v -0.200192 -0.128180 0.010000
v -0.202713 -0.115692 0.010000
v -0.204846 -0.102685 0.010000
v -0.206592 -0.089158 0.010000
v -0.207949 -0.075112 0.010000
v -0.208919 -0.060546 0.010000
v -0.209501 -0.045461 0.010000
v -0.209694 -0.029856 0.010000
v -0.209287 -0.007133 0.010000
v -0.208065 0.014552 0.010000
v -0.206028 0.035202 0.010000
v -0.203177 0.054814 0.010000
v -0.199511 0.073390 0.010000
v -0.195030 0.090929 0.010000
v -0.189734 0.107432 0.010000
v -0.183624 0.122897 0.010000
v -0.176699 0.137327 0.010000
v -0.168960 0.150719 0.010000
v -0.160405 0.163075 0.010000
v -0.151036 0.174394 0.010000
v -0.140945 0.184745 0.010000
v -0.130225 0.194196 0.010000
v -0.118875 0.202746 0.010000
v -0.106896 0.210397 0.010000
v -0.094288 0.217147 0.010000
v -0.081050 0.222998 0.010000
v -0.067183 0.227948 0.010000
v -0.052687 0.231999 0.010000
v -0.037561 0.235149 0.010000
v -0.021807 0.237399 0.010000
v -0.005422 0.238749 0.010000
v 0.011591 0.239199 0.010000
v 0.021657 0.239100 0.010000
v 0.031363 0.238804 0.010000
v 0.040712 0.238310 0.010000
v 0.049701 0.237619 0.010000
v 0.058333 0.236729 0.010000
v 0.066605 0.235643 0.010000
v 0.074519 0.234359 0.010000
v 0.082075 0.232877 0.010000
v 0.089272 0.231197 0.010000
v 0.096110 0.229320 0.010000
v 0.102590 0.227246 0.010000
v 0.108711 0.224974 0.010000
v 0.114569 0.222511 0.010000
v 0.120258 0.219866 0.010000
v 0.125779 0.217038 0.010000
v 0.131132 0.214026 0.010000
v 0.136317 0.210832 0.010000
v 0.141333 0.207455 0.010000
v 0.146181 0.203895 0.010000
v 0.150861 0.200152 0.010000
v 0.155372 0.196226 0.010000
v 0.159715 0.192117 0.010000
v 0.163890 0.187826 0.010000
v -0.039515 -0.051633 0.010000
v -0.042741 -0.055453 0.010000
v -0.045687 -0.059536 0.010000
v -0.048351 -0.063883 0.010000
v -0.050736 -0.068493 0.010000
v -0.052839 -0.073367 0.010000
v -0.054663 -0.078504 0.010000
v -0.056206 -0.083904 0.010000
v -0.057468 -0.089568 0.010000
v -0.058450 -0.095495 0.010000
v -0.059151 -0.101686 0.010000
v -0.059572 -0.108140 0.010000
v -0.059712 -0.114858 0.010000
v -0.059566 -0.121699 0.010000
v -0.059127 -0.128288 0.010000
v -0.058395 -0.134626 0.010000
v -0.057370 -0.140713 0.010000
v -0.056053 -0.146549 0.010000
v -0.054443 -0.152134 0.010000
v -0.052541 -0.157467 0.010000
v -0.050345 -0.162549 0.010000
v -0.047857 -0.167380 0.010000
v -0.045077 -0.171960 0.010000
v -0.042003 -0.176288 0.010000
v -0.038637 -0.180365 0.010000
v -0.035059 -0.184152 0.010000
v -0.031349 -0.187610 0.010000
v -0.027507 -0.190738 0.010000
v -0.023534 -0.193537 0.010000
v -0.019428 -0.196007 0.010000
v -0.015191 -0.198147 0.010000
v -0.010823 -0.199958 0.010000
v -0.006322 -0.201440 0.010000
v -0.001690 -0.202593 0.010000
v 0.003073 -0.203416 0.010000
v 0.007969 -0.203910 0.010000
v 0.012996 -0.204074 0.010000
v 0.017616 -0.203926 0.010000
v 0.022109 -0.203479 0.010000
v 0.026475 -0.202735 0.010000
v 0.030715 -0.201694 0.010000
v 0.034827 -0.200355 0.010000
v 0.038813 -0.198718 0.010000
v 0.042672 -0.196784 0.010000
v 0.046404 -0.194552 0.010000
v 0.050009 -0.192022 0.010000
v 0.053487 -0.189195 0.010000
v 0.056839 -0.186071 0.010000
v 0.060063 -0.182648 0.010000
v 0.063093 -0.178931 0.010000
v 0.065859 -0.174921 0.010000
v 0.068361 -0.170618 0.010000
v 0.070601 -0.166023 0.010000
v 0.072576 -0.161135 0.010000
v 0.074289 -0.155954 0.010000
v 0.075738 -0.150480 0.010000
v 0.076923 -0.144714 0.010000
v 0.077845 -0.138655 0.010000
v 0.078504 -0.132303 0.010000
v 0.078899 -0.125659 0.010000
v 0.079031 -0.118721 0.010000
v 0.078894 -0.111606 0.010000
v 0.078484 -0.104779 0.010000
v 0.077801 -0.098239 0.010000
v 0.076845 -0.091988 0.010000
v 0.075616 -0.086024 0.010000
v 0.074113 -0.080348 0.010000
v 0.072337 -0.074960 0.010000
v 0.070288 -0.069859 0.010000
v 0.067966 -0.065047 0.010000
v 0.065371 -0.060522 0.010000
v 0.062502 -0.056285 0.010000
v 0.059361 -0.052336 0.010000
v 0.056017 -0.048689 0.010000
v 0.052541 -0.045360 0.010000
v 0.048933 -0.042347 0.010000
v 0.045194 -0.039652 0.010000
v 0.041323 -0.037274 0.010000
v 0.037320 -0.035213 0.010000
v 0.033186 -0.033468 0.010000
v 0.028919 -0.032042 0.010000
v 0.024521 -0.030932 0.010000
v 0.019992 -0.030139 0.010000
v 0.015330 -0.029663 0.010000
v 0.010537 -0.029505 0.010000
v 0.005628 -0.029658 0.010000
v 0.000854 -0.030119 0.010000
v -0.003787 -0.030888 0.010000
v -0.008293 -0.031963 0.010000
v -0.012666 -0.033347 0.010000
v -0.016904 -0.035037 0.010000
v -0.021008 -0.037035 0.010000
v -0.024978 -0.039340 0.010000
v -0.028813 -0.041952 0.010000
v -0.032515 -0.044872 0.010000
v -0.036082 -0.048099 0.010000
v 0.167896 0.183351 -0.010000
v 0.171740 0.178687 -0.010000
v 0.175428 0.173828 -0.010000
v 0.178960 0.168774 -0.010000
v 0.182336 0.163525 -0.010000
v 0.185556 0.158081 -0.010000
v 0.188620 0.152441 -0.010000
v 0.191527 0.146607 -0.010000
v 0.194279 0.140577 -0.010000
v 0.196874 0.134352 -0.010000
v 0.199313 0.127932 -0.010000
v 0.201596 0.121317 -0.010000
v 0.203723 0.114507 -0.010000
v 0.061468 0.096944 -0.010000
v 0.060479 0.101798 -0.010000
v 0.059385 0.106408 -0.010000
v 0.058186 0.110775 -0.010000
v 0.056882 0.114897 -0.010000
v 0.055474 0.118775 -0.010000
v 0.053960 0.122410 -0.010000
v 0.052342 0.125800 -0.010000
v 0.050619 0.128947 -0.010000
v 0.048790 0.131849 -0.010000
v 0.046857 0.134508 -0.010000
v 0.044819 0.136923 -0.010000
v 0.042677 0.139094 -0.010000
v 0.040439 0.141057 -0.010000
v 0.038115 0.142850 -0.010000
v 0.035706 0.144472 -0.010000
v 0.033212 0.145924 -0.010000
v 0.030633 0.147204 -0.010000
v 0.027968 0.148314 -0.010000
v 0.025218 0.149253 -0.010000
v 0.022382 0.150021 -0.010000
v 0.019461 0.150619 -0.010000
v 0.016455 0.151046 -0.010000
v 0.013363 0.151302 -0.010000
v 0.010186 0.151387 -0.010000
v 0.004498 0.151144 -0.010000
v -0.000976 0.150412 -0.010000
v -0.006235 0.149192 -0.010000
v -0.011279 0.147485 -0.010000
v -0.016109 0.145289 -0.010000
v -0.020724 0.142606 -0.010000
v -0.025124 0.139435 -0.010000
v -0.029310 0.135776 -0.010000
v -0.033281 0.131630 -0.010000
v -0.037037 0.126995 -0.010000
v -0.040579 0.121873 -0.010000
v -0.043906 0.116263 -0.010000
v -0.046196 0.111648 -0.010000
v -0.048384 0.106233 -0.010000
v -0.050470 0.100018 -0.010000
v -0.052453 0.093002 -0.010000
v -0.054334 0.085187 -0.010000
v -0.056112 0.076572 -0.010000
v -0.057787 0.067156 -0.010000
v -0.059361 0.056941 -0.010000
v -0.060832 0.045926 -0.010000
v -0.062200 0.034110 -0.010000
v -0.063466 0.021494 -0.010000
v -0.064629 0.008079 -0.010000
v -0.060346 0.012317 -0.010000
v -0.056043 0.016367 -0.010000
v -0.051721 0.020230 -0.010000
v -0.047379 0.023904 -0.010000
v -0.043018 0.027391 -0.010000
v -0.038637 0.030690 -0.010000
v -0.034237 0.033801 -0.010000
v -0.029817 0.036725 -0.010000
v -0.025378 0.039460 -0.010000
v -0.020919 0.042008 -0.010000
v -0.016440 0.044368 -0.010000
v -0.011942 0.046540 -0.010000
v -0.007376 0.048532 -0.010000
v -0.002693 0.050350 -0.010000
v 0.002107 0.051996 -0.010000
v 0.007025 0.053468 -0.010000
v 0.012059 0.054766 -0.010000
v 0.017211 0.055892 -0.010000
v 0.022480 0.056845 -0.010000
v 0.027866 0.057624 -0.010000
v 0.033368 0.058230 -0.010000
v 0.038988 0.058663 -0.010000
v 0.044725 0.058923 -0.010000
v 0.050580 0.059009 -0.010000
v 0.061906 0.058668 -0.010000
v 0.072937 0.057644 -0.010000
v 0.083674 0.055936 -0.010000
v 0.094115 0.053546 -0.010000
v 0.104261 0.050472 -0.010000
v 0.114111 0.046716 -0.010000
v 0.123667 0.042276 -0.010000
v 0.132927 0.037154 -0.010000
v 0.141893 0.031349 -0.010000
v 0.150563 0.024860 -0.010000
v 0.158938 0.017689 -0.010000
v 0.167018 0.009835 -0.010000
v 0.174620 0.001456 -0.010000
v 0.181561 -0.007288 -0.010000
v 0.187840 -0.016399 -0.010000
v 0.193459 -0.025875 -0.010000
v 0.198417 -0.035717 -0.010000
v 0.202713 -0.045926 -0.010000
v 0.206349 -0.056500 -0.010000
v 0.209324 -0.067439 -0.010000
v 0.211637 -0.078745 -0.010000
v 0.213290 -0.090417 -0.010000
v 0.214281 -0.102454 -0.010000
v 0.214612 -0.114858 -0.010000
v 0.214445 -0.123285 -0.010000
v 0.213944 -0.131591 -0.010000
v 0.213108 -0.139774 -0.010000
v 0.211939 -0.147836 -0.010000
v 0.210435 -0.155776 -0.010000
v 0.208597 -0.163593 -0.010000
v 0.206425 -0.171289 -0.010000
v 0.203918 -0.178863 -0.010000
v 0.201078 -0.186315 -0.010000
v 0.197903 -0.193644 -0.010000
v 0.194394 -0.200852 -0.010000
v 0.190551 -0.207938 -0.010000
v 0.186412 -0.214820 -0.010000
v 0.182014 -0.221417 -0.010000
v 0.177358 -0.227729 -0.010000
v 0.172443 -0.233755 -0.010000
v 0.167269 -0.239496 -0.010000
v 0.161837 -0.244951 -0.010000
v 0.156146 -0.250121 -0.010000
v 0.150197 -0.255005 -0.010000
v 0.143989 -0.259604 -0.010000
v 0.137523 -0.263918 -0.010000
v 0.130798 -0.267947 -0.010000
v 0.123815 -0.271690 -0.010000
v 0.116552 -0.275140 -0.010000
v 0.108989 -0.278290 -0.010000
v 0.101126 -0.281140 -0.010000
v 0.092963 -0.283690 -0.010000
v 0.084500 -0.285941 -0.010000
v 0.075738 -0.287891 -0.010000
v 0.066675 -0.289541 -0.010000
v 0.057312 -0.290891 -0.010000
v 0.047649 -0.291941 -0.010000
v 0.037686 -0.292691 -0.010000
v 0.027423 -0.293141 -0.010000
v 0.016860 -0.293291 -0.010000
v 0.004193 -0.293108 -0.010000
v -0.008049 -0.292559 -0.010000
v -0.019867 -0.291645 -0.010000
v -0.031261 -0.290364 -0.010000
v -0.042230 -0.288718 -0.010000
v -0.052775 -0.286705 -0.010000
v -0.062895 -0.284327 -0.010000
v -0.072591 -0.281583 -0.010000
v -0.081862 -0.278473 -0.010000
v -0.090710 -0.274997 -0.010000
v -0.099132 -0.271155 -0.010000
v -0.107130 -0.266948 -0.010000
v -0.114786 -0.262339 -0.010000
v -0.122180 -0.257293 -0.010000
v -0.129314 -0.251811 -0.010000
v -0.136186 -0.245892 -0.010000
v -0.142798 -0.239537 -0.010000
v -0.149148 -0.232745 -0.010000
v -0.155238 -0.225516 -0.010000
v -0.161066 -0.217851 -0.010000
v -0.166634 -0.209749 -0.010000
v -0.171940 -0.201211 -0.010000
v -0.176986 -0.192236 -0.010000
v -0.181770 -0.182824 -0.010000
v -0.186230 -0.172934 -0.010000
v -0.190303 -0.162525 -0.010000
v -0.193987 -0.151596 -0.010000
v -0.197284 -0.140148 -0.010000
v -0.200192 -0.128180 -0.010000
v -0.202713 -0.115692 -0.010000
v -0.204846 -0.102685 -0.010000
v -0.206592 -0.089158 -0.010000
v -0.207949 -0.075112 -0.010000
v -0.208919 -0.060546 -0.010000
v -0.209501 -0.045461 -0.010000
v -0.209694 -0.029856 -0.010000
v -0.209287 -0.007133 -0.010000
v -0.208065 0.014552 -0.010000
v -0.206028 0.035202 -0.010000
v -0.203177 0.054814 -0.010000
v -0.199511 0.073390 -0.010000
v -0.195030 0.090929 -0.010000
v -0.189734 0.107432 -0.010000
v -0.183624 0.122897 -0.010000
v -0.176699 0.137327 -0.010000
v -0.168960 0.150719 -0.010000
v -0.160405 0.163075 -0.010000
v -0.151036 0.174394 -0.010000
v -0.140945 0.184745 -0.010000
v -0.130225 0.194196 -0.010000
v -0.118875 0.202746 -0.010000
v -0.106896 0.210397 -0.010000
v -0.094288 0.217147 -0.010000
v -0.081050 0.222998 -0.010000
v -0.067183 0.227948 -0.010000
v -0.052687 0.231999 -0.010000
v -0.037561 0.235149 -0.010000
v -0.021807 0.237399 -0.010000
v -0.005422 0.238749 -0.010000
v 0.011591 0.239199 -0.010000
v 0.021657 0.239100 -0.010000
v 0.031363 0.238804 -0.010000
v 0.040712 0.238310 -0.010000
v 0.049701 0.237619 -0.010000
v 0.058333 0.236729 -0.010000
v 0.066605 0.235643 -0.010000
v 0.074519 0.234359 -0.010000
v 0.082075 0.232877 -0.010000
v 0.089272 0.231197 -0.010000
v 0.096110 0.229320 -0.010000
v 0.102590 0.227246 -0.010000
v 0.108711 0.224974 -0.010000
v 0.114569 0.222511 -0.010000
v 0.120258 0.219866 -0.010000
v 0.125779 0.217038 -0.010000
v 0.131132 0.214026 -0.010000
v 0.136317 0.210832 -0.010000
v 0.141333 0.207455 -0.010000
v 0.146181 0.203895 -0.010000
v 0.150861 0.200152 -0.010000
v 0.155372 0.196226 -0.010000
v 0.159715 0.192117 -0.010000
v 0.163890 0.187826 -0.010000
v -0.039515 -0.051633 -0.010000
v -0.042741 -0.055453 -0.010000
v -0.045687 -0.059536 -0.010000
v -0.048351 -0.063883 -0.010000
v -0.050736 -0.068493 -0.010000
v -0.052839 -0.073367 -0.010000
v -0.054663 -0.078504 -0.010000
v -0.056206 -0.083904 -0.010000
v -0.057468 -0.089568 -0.010000
v -0.058450 -0.095495 -0.010000
v -0.059151 -0.101686 -0.010000
v -0.059572 -0.108140 -0.010000
v -0.059712 -0.114858 -0.010000
v -0.059566 -0.121699 -0.010000
v -0.059127 -0.128288 -0.010000
v -0.058395 -0.134626 -0.010000
v -0.057370 -0.140713 -0.010000
v -0.056053 -0.146549 -0.010000
v -0.054443 -0.152134 -0.010000
v -0.052541 -0.157467 -0.010000
v -0.050345 -0.162549 -0.010000
v -0.047857 -0.167380 -0.010000
v -0.045077 -0.171960 -0.010000
v -0.042003 -0.176288 -0.010000
v -0.038637 -0.180365 -0.010000
v -0.035059 -0.184152 -0.010000
v -0.031349 -0.187610 -0.010000
v -0.027507 -0.190738 -0.010000
v -0.023534 -0.193537 -0.010000
v -0.019428 -0.196007 -0.010000
v -0.015191 -0.198147 -0.010000
v -0.010823 -0.199958 -0.010000
v -0.006322 -0.201440 -0.010000
v -0.001690 -0.202593 -0.010000
v 0.003073 -0.203416 -0.010000
v 0.007969 -0.203910 -0.010000
v 0.012996 -0.204074 -0.010000
v 0.017616 -0.203926 -0.010000
v 0.022109 -0.203479 -0.010000
v 0.026475 -0.202735 -0.010000
v 0.030715 -0.201694 -0.010000
v 0.034827 -0.200355 -0.010000
v 0.038813 -0.198718 -0.010000
v 0.042672 -0.196784 -0.010000
v 0.046404 -0.194552 -0.010000
v 0.050009 -0.192022 -0.010000
v 0.053487 -0.189195 -0.010000
v 0.056839 -0.186071 -0.010000
v 0.060063 -0.182648 -0.010000
v 0.063093 -0.178931 -0.010000
v 0.065859 -0.174921 -0.010000
v 0.068361 -0.170618 -0.010000
v 0.070601 -0.166023 -0.010000
v 0.072576 -0.161135 -0.010000
v 0.074289 -0.155954 -0.010000
v 0.075738 -0.150480 -0.010000
v 0.076923 -0.144714 -0.010000
v 0.077845 -0.138655 -0.010000
v 0.078504 -0.132303 -0.010000
v 0.078899 -0.125659 -0.010000
v 0.079031 -0.118721 -0.010000
v 0.078894 -0.111606 -0.010000
v 0.078484 -0.104779 -0.010000
v 0.077801 -0.098239 -0.010000
v 0.076845 -0.091988 -0.010000
v 0.075616 -0.086024 -0.010000
v 0.074113 -0.080348 -0.010000
v 0.072337 -0.074960 -0.010000
v 0.070288 -0.069859 -0.010000
v 0.067966 -0.065047 -0.010000
v 0.065371 -0.060522 -0.010000
v 0.062502 -0.056285 -0.010000
v 0.059361 -0.052336 -0.010000
v 0.056017 -0.048689 -0.010000
v 0.052541 -0.045360 -0.010000
v 0.048933 -0.042347 -0.010000
v 0.045194 -0.039652 -0.010000
v 0.041323 -0.037274 -0.010000
v 0.037320 -0.035213 -0.010000
v 0.033186 -0.033468 -0.010000
v 0.028919 -0.032042 -0.010000
v 0.024521 -0.030932 -0.010000
v 0.019992 -0.030139 -0.010000
v 0.015330 -0.029663 -0.010000
v 0.010537 -0.029505 -0.010000
v 0.005628 -0.029658 -0.010000
v 0.000854 -0.030119 -0.010000
v -0.003787 -0.030888 -0.010000
v -0.008293 -0.031963 -0.010000
v -0.012666 -0.033347 -0.010000
v -0.016904 -0.035037 -0.010000
v -0.021008 -0.037035 -0.010000
v -0.024978 -0.039340 -0.010000
v -0.028813 -0.041952 -0.010000
v -0.032515 -0.044872 -0.010000
v -0.036082 -0.048099 -0.010000
v 0.167896 0.183351 -0.010000
v 0.167896 0.183351 0.010000
v 0.171740 0.178687 -0.010000
v 0.171740 0.178687 0.010000
v 0.175428 0.173828 -0.010000
v 0.175428 0.173828 0.010000
v 0.178960 0.168774 -0.010000
v 0.178960 0.168774 0.010000
v 0.182336 0.163525 -0.010000
v 0.182336 0.163525 0.010000
v 0.185556 0.158081 -0.010000
v 0.185556 0.158081 0.010000
v 0.188620 0.152441 -0.010000
v 0.188620 0.152441 0.010000
v 0.191527 0.146607 -0.010000
v 0.191527 0.146607 0.010000
v 0.194279 0.140577 -0.010000
v 0.194279 0.140577 0.010000
v 0.196874 0.134352 -0.010000
v 0.196874 0.134352 0.010000
v 0.199313 0.127932 -0.010000
v 0.199313 0.127932 0.010000
v 0.201596 0.121317 -0.010000
v 0.201596 0.121317 0.010000
v 0.203723 0.114507 -0.010000
v 0.203723 0.114507 0.010000
v 0.061468 0.096944 -0.010000
v 0.061468 0.096944 0.010000
v 0.060479 0.101798 -0.010000
v 0.060479 0.101798 0.010000
v 0.059385 0.106408 -0.010000
v 0.059385 0.106408 0.010000
v 0.058186 0.110775 -0.010000
v 0.058186 0.110775 0.010000
v 0.056882 0.114897 -0.010000
v 0.056882 0.114897 0.010000
v 0.055474 0.118775 -0.010000
v 0.055474 0.118775 0.010000
v 0.053960 0.122410 -0.010000
v 0.053960 0.122410 0.010000
v 0.052342 0.125800 -0.010000
v 0.052342 0.125800 0.010000
v 0.050619 0.128947 -0.010000
v 0.050619 0.128947 0.010000
v 0.048790 0.131849 -0.010000
v 0.048790 0.131849 0.010000
v 0.046857 0.134508 -0.010000
v 0.046857 0.134508 0.010000
v 0.044819 0.136923 -0.010000
v 0.044819 0.136923 0.010000
v 0.042677 0.139094 -0.010000
v 0.042677 0.139094 0.010000
v 0.040439 0.141057 -0.010000
v 0.040439 0.141057 0.010000
v 0.038115 0.142850 -0.010000
v 0.038115 0.142850 0.010000
v 0.035706 0.144472 -0.010000
v 0.035706 0.144472 0.010000
v 0.033212 0.145924 -0.010000
v 0.033212 0.145924 0.010000
v 0.030633 0.147204 -0.010000
v 0.030633 0.147204 0.010000
v 0.027968 0.148314 -0.010000
v 0.027968 0.148314 0.010000
v 0.025218 0.149253 -0.010000
v 0.025218 0.149253 0.010000
v 0.022382 0.150021 -0.010000
v 0.022382 0.150021 0.010000
v 0.019461 0.150619 -0.010000
v 0.019461 0.150619 0.010000
v 0.016455 0.151046 -0.010000
v 0.016455 0.151046 0.010000
v 0.013363 0.151302 -0.010000
v 0.013363 0.151302 0.010000
v 0.010186 0.151387 -0.010000
v 0.010186 0.151387 0.010000
v 0.004498 0.151144 -0.010000
v 0.004498 0.151144 0.010000
v -0.000976 0.150412 -0.010000
v -0.000976 0.150412 0.010000
v -0.006235 0.149192 -0.010000
v -0.006235 0.149192 0.010000
v -0.011279 0.147485 -0.010000
v -0.011279 0.147485 0.010000
v -0.016109 0.145289 -0.010000
v -0.016109 0.145289 0.010000
v -0.020724 0.142606 -0.010000
v -0.020724 0.142606 0.010000
v -0.025124 0.139435 -0.010000
v -0.025124 0.139435 0.010000
v -0.029310 0.135776 -0.010000
v -0.029310 0.135776 0.010000
v -0.033281 0.131630 -0.010000
v -0.033281 0.131630 0.010000
v -0.037037 0.126995 -0.010000
v -0.037037 0.126995 0.010000
v -0.040579 0.121873 -0.010000
v -0.040579 0.121873 0.010000
v -0.043906 0.116263 -0.010000
v -0.043906 0.116263 0.010000
v -0.046196 0.111648 -0.010000
v -0.046196 0.111648 0.010000
v -0.048384 0.106233 -0.010000
v -0.048384 0.106233 0.010000
v -0.050470 0.100018 -0.010000
v -0.050470 0.100018 0.010000
v -0.052453 0.093002 -0.010000
v -0.052453 0.093002 0.010000
v -0.054334 0.085187 -0.010000
v -0.054334 0.085187 0.010000
v -0.056112 0.076572 -0.010000
v -0.056112 0.076572 0.010000
v -0.057787 0.067156 -0.010000
v -0.057787 0.067156 0.010000
v -0.059361 0.056941 -0.010000
v -0.059361 0.056941 0.010000
v -0.060832 0.045926 -0.010000
v -0.060832 0.045926 0.010000
v -0.062200 0.034110 -0.010000
v -0.062200 0.034110 0.010000
v -0.063466 0.021494 -0.010000
v -0.063466 0.021494 0.010000
v -0.064629 0.008079 -0.010000
v -0.064629 0.008079 0.010000
v -0.060346 0.012317 -0.010000
v -0.060346 0.012317 0.010000
v -0.056043 0.016367 -0.010000
v -0.056043 0.016367 0.010000
v -0.051721 0.020230 -0.010000
v -0.051721 0.020230 0.010000
v -0.047379 0.023904 -0.010000
v -0.047379 0.023904 0.010000
v -0.043018 0.027391 -0.010000
v -0.043018 0.027391 0.010000
v -0.038637 0.030690 -0.010000
v -0.038637 0.030690 0.010000
v -0.034237 0.033801 -0.010000
v -0.034237 0.033801 0.010000
v -0.029817 0.036725 -0.010000
v -0.029817 0.036725 0.010000
v -0.025378 0.039460 -0.010000
v -0.025378 0.039460 0.010000
v -0.020919 0.042008 -0.010000
v -0.020919 0.042008 0.010000
v -0.016440 0.044368 -0.010000
v -0.016440 0.044368 0.010000
v -0.011942 0.046540 -0.010000
v -0.011942 0.046540 0.010000
v -0.007376 0.048532 -0.010000
v -0.007376 0.048532 0.010000
v -0.002693 0.050350 -0.010000
v -0.002693 0.050350 0.010000
v 0.002107 0.051996 -0.010000
v 0.002107 0.051996 0.010000
v 0.007025 0.053468 -0.010000
v 0.007025 0.053468 0.010000
v 0.012059 0.054766 -0.010000
v 0.012059 0.054766 0.010000
v 0.017211 0.055892 -0.010000
v 0.017211 0.055892 0.010000
v 0.022480 0.056845 -0.010000
v 0.022480 0.056845 0.010000
v 0.027866 0.057624 -0.010000
v 0.027866 0.057624 0.010000
v 0.033368 0.058230 -0.010000
v 0.033368 0.058230 0.010000
v 0.038988 0.058663 -0.010000
v 0.038988 0.058663 0.010000
v 0.044725 0.058923 -0.010000
v 0.044725 0.058923 0.010000
v 0.050580 0.059009 -0.010000
v 0.050580 0.059009 0.010000
v 0.061906 0.058668 -0.010000
v 0.061906 0.058668 0.010000
v 0.072937 0.057644 -0.010000
v 0.072937 0.057644 0.010000
v 0.083674 0.055936 -0.010000
v 0.083674 0.055936 0.010000
v 0.094115 0.053546 -0.010000
v 0.094115 0.053546 0.010000
v 0.104261 0.050472 -0.010000
v 0.104261 0.050472 0.010000
v 0.114111 0.046716 -0.010000
v 0.114111 0.046716 0.010000
v 0.123667 0.042276 -0.010000
v 0.123667 0.042276 0.010000
v 0.132927 0.037154 -0.010000
v 0.132927 0.037154 0.010000
v 0.141893 0.031349 -0.010000
v 0.141893 0.031349 0.010000
v 0.150563 0.024860 -0.010000
v 0.150563 0.024860 0.010000
v 0.158938 0.017689 -0.010000
v 0.158938 0.017689 0.010000
v 0.167018 0.009835 -0.010000
v 0.167018 0.009835 0.010000
v 0.174620 0.001456 -0.010000
v 0.174620 0.001456 0.010000
v 0.181561 -0.007288 -0.010000
v 0.181561 -0.007288 0.010000
v 0.187840 -0.016399 -0.010000
v 0.187840 -0.016399 0.010000
v 0.193459 -0.025875 -0.010000
v 0.193459 -0.025875 0.010000
v 0.198417 -0.035717 -0.010000
v 0.198417 -0.035717 0.010000
v 0.202713 -0.045926 -0.010000
v 0.202713 -0.045926 0.010000
v 0.206349 -0.056500 -0.010000
v 0.206349 -0.056500 0.010000
v 0.209324 -0.067439 -0.010000
v 0.209324 -0.067439 0.010000
v 0.211637 -0.078745 -0.010000
v 0.211637 -0.078745 0.010000
v 0.213290 -0.090417 -0.010000
v 0.213290 -0.090417 0.010000
v 0.214281 -0.102454 -0.010000
v 0.214281 -0.102454 0.010000
v 0.214612 -0.114858 -0.010000
v 0.214612 -0.114858 0.010000
v 0.214445 -0.123285 -0.010000
v 0.214445 -0.123285 0.010000
v 0.213944 -0.131591 -0.010000
v 0.213944 -0.131591 0.010000
v 0.213108 -0.139774 -0.010000
v 0.213108 -0.139774 0.010000
v 0.211939 -0.147836 -0.010000
v 0.211939 -0.147836 0.010000
v 0.210435 -0.155776 -0.010000
v 0.210435 -0.155776 0.010000
v 0.208597 -0.163593 -0.010000
v 0.208597 -0.163593 0.010000
v 0.206425 -0.171289 -0.010000
v 0.206425 -0.171289 0.010000
v 0.203918 -0.178863 -0.010000
v 0.203918 -0.178863 0.010000
v 0.201078 -0.186315 -0.010000
v 0.201078 -0.186315 0.010000
v 0.197903 -0.193644 -0.010000
v 0.197903 -0.193644 0.010000
v 0.194394 -0.200852 -0.010000
v 0.194394 -0.200852 0.010000
v 0.190551 -0.207938 -0.010000
v 0.190551 -0.207938 0.010000
v 0.186412 -0.214820 -0.010000
v 0.186412 -0.214820 0.010000
v 0.182014 -0.221417 -0.010000
v 0.182014 -0.221417 0.010000
v 0.177358 -0.227729 -0.010000
v 0.177358 -0.227729 0.010000
v 0.172443 -0.233755 -0.010000
v 0.172443 -0.233755 0.010000
v 0.167269 -0.239496 -0.010000
v 0.167269 -0.239496 0.010000
v 0.161837 -0.244951 -0.010000
v 0.161837 -0.244951 0.010000
v 0.156146 -0.250121 -0.010000
v 0.156146 -0.250121 0.010000
v 0.150197 -0.255005 -0.010000
v 0.150197 -0.255005 0.010000
v 0.143989 -0.259604 -0.010000
v 0.143989 -0.259604 0.010000
v 0.137523 -0.263918 -0.010000
v 0.137523 -0.263918 0.010000
v 0.130798 -0.267947 -0.010000
v 0.130798 -0.267947 0.010000
v 0.123815 -0.271690 -0.010000
v 0.123815 -0.271690 0.010000
v 0.116552 -0.275140 -0.010000
v 0.116552 -0.275140 0.010000
v 0.108989 -0.278290 -0.010000
v 0.108989 -0.278290 0.010000
v 0.101126 -0.281140 -0.010000
v 0.101126 -0.281140 0.010000
v 0.092963 -0.283690 -0.010000
v 0.092963 -0.283690 0.010000
v 0.084500 -0.285941 -0.010000
v 0.084500 -0.285941 0.010000
v 0.075738 -0.287891 -0.010000
v 0.075738 -0.287891 0.010000
v 0.066675 -0.289541 -0.010000
v 0.066675 -0.289541 0.010000
v 0.057312 -0.290891 -0.010000
v 0.057312 -0.290891 0.010000
v 0.047649 -0.291941 -0.010000
v 0.047649 -0.291941 0.010000
v 0.037686 -0.292691 -0.010000
v 0.037686 -0.292691 0.010000
v 0.027423 -0.293141 -0.010000
v 0.027423 -0.293141 0.010000
v 0.016860 -0.293291 -0.010000
v 0.016860 -0.293291 0.010000
v 0.004193 -0.293108 -0.010000
v 0.004193 -0.293108 0.010000
v -0.008049 -0.292559 -0.010000
v -0.008049 -0.292559 0.010000
v -0.019867 -0.291645 -0.010000
v -0.019867 -0.291645 0.010000
v -0.031261 -0.290364 -0.010000
v -0.031261 -0.290364 0.010000
v -0.042230 -0.288718 -0.010000
v -0.042230 -0.288718 0.010000
v -0.052775 -0.286705 -0.010000
v -0.052775 -0.286705 0.010000
v -0.062895 -0.284327 -0.010000
v -0.062895 -0.284327 0.010000
v -0.072591 -0.281583 -0.010000
v -0.072591 -0.281583 0.010000
v -0.081862 -0.278473 -0.010000
v -0.081862 -0.278473 0.010000
v -0.090710 -0.274997 -0.010000
v -0.090710 -0.274997 0.010000
v -0.099132 -0.271155 -0.010000
v -0.099132 -0.271155 0.010000
v -0.107130 -0.266948 -0.010000
v -0.107130 -0.266948 0.010000
v -0.114786 -0.262339 -0.010000
v -0.114786 -0.262339 0.010000
v -0.122180 -0.257293 -0.010000
v -0.122180 -0.257293 0.010000
v -0.129314 -0.251811 -0.010000
v -0.129314 -0.251811 0.010000
v -0.136186 -0.245892 -0.010000
v -0.136186 -0.245892 0.010000
v -0.142798 -0.239537 -0.010000
v -0.142798 -0.239537 0.010000
v -0.149148 -0.232745 -0.010000
v -0.149148 -0.232745 0.010000
v -0.155238 -0.225516 -0.010000
v -0.155238 -0.225516 0.010000
v -0.161066 -0.217851 -0.010000
v -0.161066 -0.217851 0.010000
v -0.166634 -0.209749 -0.010000
v -0.166634 -0.209749 0.010000
v -0.171940 -0.201211 -0.010000
v -0.171940 -0.201211 0.010000
v -0.176986 -0.192236 -0.010000
v -0.176986 -0.192236 0.010000
v -0.181770 -0.182824 -0.010000
v -0.181770 -0.182824 0.010000
v -0.186230 -0.172934 -0.010000
v -0.186230 -0.172934 0.010000
v -0.190303 -0.162525 -0.010000
v -0.190303 -0.162525 0.010000
v -0.193987 -0.151596 -0.010000
v -0.193987 -0.151596 0.010000
v -0.197284 -0.140148 -0.010000
v -0.197284 -0.140148 0.010000
v -0.200192 -0.128180 -0.010000
v -0.200192 -0.128180 0.010000
v -0.202713 -0.115692 -0.010000
v -0.202713 -0.115692 0.010000
v -0.204846 -0.102685 -0.010000
v -0.204846 -0.102685 0.010000
v -0.206592 -0.089158 -0.010000
v -0.206592 -0.089158 0.010000
v -0.207949 -0.075112 -0.010000
v -0.207949 -0.075112 0.010000
v -0.208919 -0.060546 -0.010000
v -0.208919 -0.060546 0.010000
v -0.209501 -0.045461 -0.010000
v -0.209501 -0.045461 0.010000
v -0.209694 -0.029856 -0.010000
v -0.209694 -0.029856 0.010000
v -0.209287 -0.007133 -0.010000
v -0.209287 -0.007133 0.010000
v -0.208065 0.014552 -0.010000
v -0.208065 0.014552 0.010000
v -0.206028 0.035202 -0.010000
v -0.206028 0.035202 0.010000
v -0.203177 0.054814 -0.010000
v -0.203177 0.054814 0.010000
v -0.199511 0.073390 -0.010000
v -0.199511 0.073390 0.010000
v -0.195030 0.090929 -0.010000
v -0.195030 0.090929 0.010000
v -0.189734 0.107432 -0.010000
v -0.189734 0.107432 0.010000
v -0.183624 0.122897 -0.010000
v -0.183624 0.122897 0.010000
v -0.176699 0.137327 -0.010000
v -0.176699 0.137327 0.010000
v -0.168960 0.150719 -0.010000
v -0.168960 0.150719 0.010000
v -0.160405 0.163075 -0.010000
v -0.160405 0.163075 0.010000
v -0.151036 0.174394 -0.010000
v -0.151036 0.174394 0.010000
v -0.140945 0.184745 -0.010000
v -0.140945 0.184745 0.010000
v -0.130225 0.194196 -0.010000
v -0.130225 0.194196 0.010000
v -0.118875 0.202746 -0.010000
v -0.118875 0.202746 0.010000
v -0.106896 0.210397 -0.010000
v -0.106896 0.210397 0.010000
v -0.094288 0.217147 -0.010000
v -0.094288 0.217147 0.010000
v -0.081050 0.222998 -0.010000
v -0.081050 0.222998 0.010000
v -0.067183 0.227948 -0.010000
v -0.067183 0.227948 0.010000
v -0.052687 0.231999 -0.010000
v -0.052687 0.231999 0.010000
v -0.037561 0.235149 -0.010000
v -0.037561 0.235149 0.010000
v -0.021807 0.237399 -0.010000
v -0.021807 0.237399 0.010000
v -0.005422 0.238749 -0.010000
v -0.005422 0.238749 0.010000
v 0.011591 0.239199 -0.010000
v 0.011591 0.239199 0.010000
v 0.021657 0.239100 -0.010000
v 0.021657 0.239100 0.010000
v 0.031363 0.238804 -0.010000
v 0.031363 0.238804 0.010000
v 0.040712 0.238310 -0.010000
v 0.040712 0.238310 0.010000
v 0.049701 0.237619 -0.010000
v 0.049701 0.237619 0.010000
v 0.058333 0.236729 -0.010000
v 0.058333 0.236729 0.010000
v 0.066605 0.235643 -0.010000
v 0.066605 0.235643 0.010000
v 0.074519 0.234359 -0.010000
v 0.074519 0.234359 0.010000
v 0.082075 0.232877 -0.010000
v 0.082075 0.232877 0.010000
v 0.089272 0.231197 -0.010000
v 0.089272 0.231197 0.010000
v 0.096110 0.229320 -0.010000
v 0.096110 0.229320 0.010000
v 0.102590 0.227246 -0.010000
v 0.102590 0.227246 0.010000
v 0.108711 0.224974 -0.010000
v 0.108711 0.224974 0.010000
v 0.114569 0.222511 -0.010000
v 0.114569 0.222511 0.010000
v 0.120258 0.219866 -0.010000
v 0.120258 0.219866 0.010000
v 0.125779 0.217038 -0.010000
v 0.125779 0.217038 0.010000
v 0.131132 0.214026 -0.010000
v 0.131132 0.214026 0.010000
v 0.136317 0.210832 -0.010000
v 0.136317 0.210832 0.010000
v 0.141333 0.207455 -0.010000
v 0.141333 0.207455 0.010000
v 0.146181 0.203895 -0.010000
v 0.146181 0.203895 0.010000
v 0.150861 0.200152 -0.010000
v 0.150861 0.200152 0.010000
v 0.155372 0.196226 -0.010000
v 0.155372 0.196226 0.010000
v 0.159715 0.192117 -0.010000
v 0.159715 0.192117 0.010000
v 0.163890 0.187826 -0.010000
v 0.163890 0.187826 0.010000
v -0.039515 -0.051633 -0.010000
v -0.039515 -0.051633 0.010000
v -0.042741 -0.055453 -0.010000
v -0.042741 -0.055453 0.010000
v -0.045687 -0.059536 -0.010000
v -0.045687 -0.059536 0.010000
v -0.048351 -0.063883 -0.010000
v -0.048351 -0.063883 0.010000
v -0.050736 -0.068493 -0.010000
v -0.050736 -0.068493 0.010000
v -0.052839 -0.073367 -0.010000
v -0.052839 -0.073367 0.010000
v -0.054663 -0.078504 -0.010000
v -0.054663 -0.078504 0.010000
v -0.056206 -0.083904 -0.010000
v -0.056206 -0.083904 0.010000
v -0.057468 -0.089568 -0.010000
v -0.057468 -0.089568 0.010000
v -0.058450 -0.095495 -0.010000
v -0.058450 -0.095495 0.010000
v -0.059151 -0.101686 -0.010000
v -0.059151 -0.101686 0.010000
v -0.059572 -0.108140 -0.010000
v -0.059572 -0.108140 0.010000
v -0.059712 -0.114858 -0.010000
v -0.059712 -0.114858 0.010000
v -0.059566 -0.121699 -0.010000
v -0.059566 -0.121699 0.010000
v -0.059127 -0.128288 -0.010000
v -0.059127 -0.128288 0.010000
v -0.058395 -0.134626 -0.010000
v -0.058395 -0.134626 0.010000
v -0.057370 -0.140713 -0.010000
v -0.057370 -0.140713 0.010000
v -0.056053 -0.146549 -0.010000
v -0.056053 -0.146549 0.010000
v -0.054443 -0.152134 -0.010000
v -0.054443 -0.152134 0.010000
v -0.052541 -0.157467 -0.010000
v -0.052541 -0.157467 0.010000
v -0.050345 -0.162549 -0.010000
v -0.050345 -0.162549 0.010000
v -0.047857 -0.167380 -0.010000
v -0.047857 -0.167380 0.010000
v -0.045077 -0.171960 -0.010000
v -0.045077 -0.171960 0.010000
v -0.042003 -0.176288 -0.010000
v -0.042003 -0.176288 0.010000
v -0.038637 -0.180365 -0.010000
v -0.038637 -0.180365 0.010000
v -0.035059 -0.184152 -0.010000
v -0.035059 -0.184152 0.010000
v -0.031349 -0.187610 -0.010000
v -0.031349 -0.187610 0.010000
v -0.027507 -0.190738 -0.010000
v -0.027507 -0.190738 0.010000
v -0.023534 -0.193537 -0.010000
v -0.023534 -0.193537 0.010000
v -0.019428 -0.196007 -0.010000
v -0.019428 -0.196007 0.010000
v -0.015191 -0.198147 -0.010000
v -0.015191 -0.198147 0.010000
v -0.010823 -0.199958 -0.010000
v -0.010823 -0.199958 0.010000
v -0.006322 -0.201440 -0.010000
v -0.006322 -0.201440 0.010000
v -0.001690 -0.202593 -0.010000
v -0.001690 -0.202593 0.010000
v 0.003073 -0.203416 -0.010000
v 0.003073 -0.203416 0.010000
v 0.007969 -0.203910 -0.010000
v 0.007969 -0.203910 0.010000
v 0.012996 -0.204074 -0.010000
v 0.012996 -0.204074 0.010000
v 0.017616 -0.203926 -0.010000
v 0.017616 -0.203926 0.010000
v 0.022109 -0.203479 -0.010000
v 0.022109 -0.203479 0.010000
v 0.026475 -0.202735 -0.010000
v 0.026475 -0.202735 0.010000
v 0.030715 -0.201694 -0.010000
v 0.030715 -0.201694 0.010000
v 0.034827 -0.200355 -0.010000
v 0.034827 -0.200355 0.010000
v 0.038813 -0.198718 -0.010000
v 0.038813 -0.198718 0.010000
v 0.042672 -0.196784 -0.010000
v 0.042672 -0.196784 0.010000
v 0.046404 -0.194552 -0.010000
v 0.046404 -0.194552 0.010000
v 0.050009 -0.192022 -0.010000
v 0.050009 -0.192022 0.010000
v 0.053487 -0.189195 -0.010000
v 0.053487 -0.189195 0.010000
v 0.056839 -0.186071 -0.010000
v 0.056839 -0.186071 0.010000
v 0.060063 -0.182648 -0.010000
v 0.060063 -0.182648 0.010000
v 0.063093 -0.178931 -0.010000
v 0.063093 -0.178931 0.010000
v 0.065859 -0.174921 -0.010000
v 0.065859 -0.174921 0.010000
v 0.068361 -0.170618 -0.010000
v 0.068361 -0.170618 0.010000
v 0.070601 -0.166023 -0.010000
v 0.070601 -0.166023 0.010000
v 0.072576 -0.161135 -0.010000
v 0.072576 -0.161135 0.010000
v 0.074289 -0.155954 -0.010000
v 0.074289 -0.155954 0.010000
v 0.075738 -0.150480 -0.010000
v 0.075738 -0.150480 0.010000
v 0.076923 -0.144714 -0.010000
v 0.076923 -0.144714 0.010000
v 0.077845 -0.138655 -0.010000
v 0.077845 -0.138655 0.010000
v 0.078504 -0.132303 -0.010000
v 0.078504 -0.132303 0.010000
v 0.078899 -0.125659 -0.010000
v 0.078899 -0.125659 0.010000
v 0.079031 -0.118721 -0.010000
v 0.079031 -0.118721 0.010000
v 0.078894 -0.111606 -0.010000
v 0.078894 -0.111606 0.010000
v 0.078484 -0.104779 -0.010000
v 0.078484 -0.104779 0.010000
v 0.077801 -0.098239 -0.010000
v 0.077801 -0.098239 0.010000
v 0.076845 -0.091988 -0.010000
v 0.076845 -0.091988 0.010000
v 0.075616 -0.086024 -0.010000
v 0.075616 -0.086024 0.010000
v 0.074113 -0.080348 -0.010000
v 0.074113 -0.080348 0.010000
v 0.072337 -0.074960 -0.010000
v 0.072337 -0.074960 0.010000
v 0.070288 -0.069859 -0.010000
v 0.070288 -0.069859 0.010000
v 0.067966 -0.065047 -0.010000
v 0.067966 -0.065047 0.010000
v 0.065371 -0.060522 -0.010000
v 0.065371 -0.060522 0.010000
v 0.062502 -0.056285 -0.010000
v 0.062502 -0.056285 0.010000
v 0.059361 -0.052336 -0.010000
v 0.059361 -0.052336 0.010000
v 0.056017 -0.048689 -0.010000
v 0.056017 -0.048689 0.010000
v 0.052541 -0.045360 -0.010000
v 0.052541 -0.045360 0.010000
v 0.048933 -0.042347 -0.010000
v 0.048933 -0.042347 0.010000
v 0.045194 -0.039652 -0.010000
v 0.045194 -0.039652 0.010000
v 0.041323 -0.037274 -0.010000
v 0.041323 -0.037274 0.010000
v 0.037320 -0.035213 -0.010000
v 0.037320 -0.035213 0.010000
v 0.033186 -0.033468 -0.010000
v 0.033186 -0.033468 0.010000
v 0.028919 -0.032042 -0.010000
v 0.028919 -0.032042 0.010000
v 0.024521 -0.030932 -0.010000
v 0.024521 -0.030932 0.010000
v 0.019992 -0.030139 -0.010000
v 0.019992 -0.030139 0.010000
v 0.015330 -0.029663 -0.010000
v 0.015330 -0.029663 0.010000
v 0.010537 -0.029505 -0.010000
v 0.010537 -0.029505 0.010000
v 0.005628 -0.029658 -0.010000
v 0.005628 -0.029658 0.010000
v 0.000854 -0.030119 -0.010000
v 0.000854 -0.030119 0.010000
v -0.003787 -0.030888 -0.010000
v -0.003787 -0.030888 0.010000
v -0.008293 -0.031963 -0.010000
v -0.008293 -0.031963 0.010000
v -0.012666 -0.033347 -0.010000
v -0.012666 -0.033347 0.010000
v -0.016904 -0.035037 -0.010000
v -0.016904 -0.035037 0.010000
v -0.021008 -0.037035 -0.010000
v -0.021008 -0.037035 0.010000
v -0.024978 -0.039340 -0.010000
v -0.024978 -0.039340 0.010000
v -0.028813 -0.041952 -0.010000
v -0.028813 -0.041952 0.010000
v -0.032515 -0.044872 -0.010000
v -0.032515 -0.044872 0.010000
v -0.036082 -0.048099 -0.010000
v -0.036082 -0.048099 0.010000
vn -0.0000 -0.0000 1.0000
vn -0.0000 -0.0000 -1.0000
vn 0.7842 0.6204 -0.0000
vn 0.7585 0.6517 -0.0000
vn 0.8083 0.5888 -0.0000
vn 0.8305 0.5570 -0.0000
vn 0.8511 0.5251 -0.0000
vn 0.8699 0.4933 -0.0000
vn 0.8870 0.4618 -0.0000
vn 0.9025 0.4306 -0.0000
vn 0.9165 0.4000 -0.0000
vn 0.9290 0.3700 -0.0000
vn 0.9402 0.3407 -0.0000
vn 0.9500 0.3122 -0.0000
vn 0.9402 0.3408 -0.0000
vn 0.8405 -0.5419 -0.0000
vn -0.5839 -0.8119 -0.0000
vn 0.8405 -0.5418 -0.0000
vn -0.9765 -0.2153 -0.0000
vn -0.5838 -0.8119 -0.0000
vn -0.9688 -0.2479 -0.0000
vn -0.9591 -0.2832 -0.0000
vn -0.9469 -0.3215 -0.0000
vn -0.9318 -0.3630 -0.0000
vn -0.9131 -0.4077 -0.0000
vn -0.8901 -0.4557 -0.0000
vn -0.8620 -0.5069 -0.0000
vn -0.8279 -0.5608 -0.0000
vn -0.7870 -0.6169 -0.0000
vn -0.7385 -0.6742 -0.0000
vn -0.6860 -0.7276 -0.0000
vn -0.6355 -0.7721 -0.0000
vn -0.5850 -0.8110 -0.0000
vn -0.5310 -0.8473 -0.0000
vn -0.4741 -0.8805 -0.0000
vn -0.4148 -0.9099 -0.0000
vn -0.3540 -0.9352 -0.0000
vn -0.2925 -0.9563 -0.0000
vn -0.2311 -0.9729 -0.0000
vn -0.1706 -0.9853 -0.0000
vn -0.1116 -0.9938 -0.0000
vn -0.0547 -0.9985 -0.0000
vn 0.0080 -1.0000 -0.0000
vn 0.0878 -0.9961 -0.0000
vn 0.1794 -0.9838 -0.0000
vn 0.2736 -0.9618 -0.0000
vn 0.3677 -0.9300 -0.0000
vn 0.4588 -0.8885 -0.0000
vn 0.5443 -0.8389 -0.0000
vn 0.6221 -0.7830 -0.0000
vn 0.6909 -0.7230 -0.0000
vn 0.7502 -0.6612 -0.0000
vn 0.8003 -0.5996 -0.0000
vn 0.8418 -0.5397 -0.0000
vn 0.8785 -0.4777 -0.0000
vn 0.9121 -0.4099 -0.0000
vn 0.9380 -0.3465 -0.0000
vn 0.9554 -0.2952 -0.0000
vn 0.9675 -0.2530 -0.0000
vn 0.9759 -0.2181 -0.0000
vn 0.9820 -0.1887 -0.0000
vn 0.9865 -0.1637 -0.0000
vn 0.9898 -0.1423 -0.0000
vn 0.9923 -0.1237 -0.0000
vn 0.9942 -0.1074 -0.0000
vn 0.9957 -0.0931 -0.0000
vn 0.4247 0.9053 -0.0000
vn -0.6944 0.7195 -0.0000
vn -0.6759 0.7370 -0.0000
vn -0.6562 0.7546 -0.0000
vn -0.6353 0.7723 -0.0000
vn -0.6131 0.7900 -0.0000
vn -0.5895 0.8078 -0.0000
vn -0.5646 0.8254 -0.0000
vn -0.5382 0.8428 -0.0000
vn -0.5104 0.8599 -0.0000
vn -0.4812 0.8766 -0.0000
vn -0.4506 0.8927 -0.0000
vn -0.4174 0.9087 -0.0000
vn -0.3810 0.9246 -0.0000
vn -0.3432 0.9393 -0.0000
vn -0.3056 0.9522 -0.0000
vn -0.2683 0.9633 -0.0000
vn -0.2317 0.9728 -0.0000
vn -0.1957 0.9807 -0.0000
vn -0.1606 0.9870 -0.0000
vn -0.1264 0.9920 -0.0000
vn -0.0932 0.9957 -0.0000
vn -0.0610 0.9981 -0.0000
vn -0.0300 0.9995 -0.0000
vn 0.0077 1.0000 -0.0000
vn 0.0613 0.9981 -0.0000
vn 0.1248 0.9922 -0.0000
vn 0.1902 0.9817 -0.0000
vn 0.2567 0.9665 -0.0000
vn 0.3233 0.9463 -0.0000
vn 0.3891 0.9212 -0.0000
vn 0.4530 0.8915 -0.0000
vn 0.5141 0.8577 -0.0000
vn 0.5717 0.8205 -0.0000
vn 0.6251 0.7805 -0.0000
vn 0.6741 0.7387 -0.0000
vn 0.7192 0.6948 -0.0000
vn 0.7623 0.6472 -0.0000
vn 0.8038 0.5949 -0.0000
vn 0.8423 0.5391 -0.0000
vn 0.8771 0.4802 -0.0000
vn 0.9079 0.4192 -0.0000
vn 0.9342 0.3567 -0.0000
vn 0.9079 0.4191 -0.0000
vn 0.9558 0.2939 -0.0000
vn 0.9728 0.2315 -0.0000
vn 0.9854 0.1704 -0.0000
vn 0.9938 0.1112 -0.0000
vn 0.9985 0.0544 -0.0000
vn 1.0000 0.0034 -0.0000
vn 0.9992 -0.0400 -0.0000
vn 0.9967 -0.0809 -0.0000
vn 0.9925 -0.1226 -0.0000
vn 0.9863 -0.1649 -0.0000
vn 0.9782 -0.2075 -0.0000
vn 0.9682 -0.2503 -0.0000
vn 0.9561 -0.2930 -0.0000
vn 0.9421 -0.3353 -0.0000
vn 0.9263 -0.3769 -0.0000
vn 0.9086 -0.4177 -0.0000
vn 0.8893 -0.4573 -0.0000
vn 0.8682 -0.4962 -0.0000
vn 0.8447 -0.5352 -0.0000
vn 0.8186 -0.5744 -0.0000
vn 0.7900 -0.6131 -0.0000
vn 0.7591 -0.6510 -0.0000
vn 0.7900 -0.6130 -0.0000
vn 0.7260 -0.6877 -0.0000
vn 0.6907 -0.7231 -0.0000
vn 0.6537 -0.7568 -0.0000
vn 0.6151 -0.7884 -0.0000
vn 0.5753 -0.8179 -0.0000
vn 0.5346 -0.8451 -0.0000
vn 0.4933 -0.8699 -0.0000
vn 0.4509 -0.8926 -0.0000
vn 0.4069 -0.9135 -0.0000
vn 0.3628 -0.9319 -0.0000
vn 0.3196 -0.9476 -0.0000
vn 0.2776 -0.9607 -0.0000
vn 0.2371 -0.9715 -0.0000
vn 0.1982 -0.9802 -0.0000
vn 0.1610 -0.9870 -0.0000
vn 0.1254 -0.9921 -0.0000
vn 0.0916 -0.9958 -0.0000
vn 0.0594 -0.9982 -0.0000
vn 0.0290 -0.9996 -0.0000
vn -0.0001 -1.0000 -0.0000
vn -0.0296 -0.9996 -0.0000
vn -0.0610 -0.9981 -0.0000
vn -0.0944 -0.9955 -0.0000
vn -0.1301 -0.9915 -0.0000
vn -0.1680 -0.9858 -0.0000
vn -0.2082 -0.9781 -0.0000
vn -0.2506 -0.9681 -0.0000
vn -0.2953 -0.9554 -0.0000
vn -0.3420 -0.9397 -0.0000
vn -0.3905 -0.9206 -0.0000
vn -0.4405 -0.8978 -0.0000
vn -0.4909 -0.8712 -0.0000
vn -0.5399 -0.8417 -0.0000
vn -0.5867 -0.8098 -0.0000
vn -0.6312 -0.7756 -0.0000
vn -0.6730 -0.7396 -0.0000
vn -0.7120 -0.7022 -0.0000
vn -0.7479 -0.6638 -0.0000
vn -0.7806 -0.6250 -0.0000
vn -0.8103 -0.5860 -0.0000
vn -0.8370 -0.5472 -0.0000
vn -0.8607 -0.5091 -0.0000
vn -0.8818 -0.4717 -0.0000
vn -0.9018 -0.4323 -0.0000
vn -0.9217 -0.3878 -0.0000
vn -0.9397 -0.3420 -0.0000
vn -0.9545 -0.2982 -0.0000
vn -0.9665 -0.2565 -0.0000
vn -0.9762 -0.2171 -0.0000
vn -0.9837 -0.1799 -0.0000
vn -0.9894 -0.1449 -0.0000
vn -0.9937 -0.1121 -0.0000
vn -0.9967 -0.0813 -0.0000
vn -0.9986 -0.0525 -0.0000
vn -0.9997 -0.0255 -0.0000
vn -1.0000 0.0027 -0.0000
vn -0.9993 0.0371 -0.0000
vn -0.9970 0.0772 -0.0000
vn -0.9926 0.1210 -0.0000
vn -0.9856 0.1688 -0.0000
vn -0.9926 0.1211 -0.0000
vn -0.9754 0.2207 -0.0000
vn -0.9610 0.2767 -0.0000
vn -0.9416 0.3367 -0.0000
vn -0.9164 0.4003 -0.0000
vn -0.8843 0.4669 -0.0000
vn -0.8447 0.5352 -0.0000
vn -0.7970 0.6040 -0.0000
vn -0.7438 0.6684 -0.0000
vn -0.6892 0.7246 -0.0000
vn -0.6320 0.7750 -0.0000
vn -0.5704 0.8214 -0.0000
vn -0.5055 0.8628 -0.0000
vn -0.4384 0.8988 -0.0000
vn -0.3705 0.9288 -0.0000
vn -0.3028 0.9530 -0.0000
vn -0.2366 0.9716 -0.0000
vn -0.1727 0.9850 -0.0000
vn -0.1118 0.9937 -0.0000
vn -0.0543 0.9985 -0.0000
vn -0.0083 1.0000 -0.0000
vn 0.0202 0.9998 -0.0000
vn 0.0416 0.9991 -0.0000
vn 0.0647 0.9979 -0.0000
vn 0.0896 0.9960 -0.0000
vn 0.1164 0.9932 -0.0000
vn 0.1452 0.9894 -0.0000
vn 0.1763 0.9843 -0.0000
vn 0.2099 0.9777 -0.0000
vn 0.2460 0.9693 -0.0000
vn 0.2849 0.9586 -0.0000
vn 0.3265 0.9452 -0.0000
vn 0.3678 0.9299 -0.0000
vn 0.4046 0.9145 -0.0000
vn 0.4388 0.8986 -0.0000
vn 0.4732 0.8810 -0.0000
vn 0.5075 0.8616 -0.0000
vn 0.5416 0.8406 -0.0000
vn 0.5753 0.8179 -0.0000
vn 0.6084 0.7936 -0.0000
vn 0.6407 0.7678 -0.0000
vn 0.6720 0.7405 -0.0000
vn 0.7022 0.7120 -0.0000
vn 0.7311 0.6823 -0.0000
vn 0.7881 -0.6156 -0.0000
vn 0.7411 -0.6714 -0.0000
vn 0.8324 -0.5542 -0.0000
vn 0.8710 -0.4914 -0.0000
vn 0.9037 -0.4281 -0.0000
vn 0.9308 -0.3656 -0.0000
vn 0.9524 -0.3047 -0.0000
vn 0.9692 -0.2462 -0.0000
vn 0.9817 -0.1905 -0.0000
vn 0.9904 -0.1380 -0.0000
vn 0.9960 -0.0888 -0.0000
vn 0.9991 -0.0430 -0.0000
vn 1.0000 0.0003 -0.0000
vn 0.9990 0.0439 -0.0000
vn 0.9959 0.0906 -0.0000
vn 0.9901 0.1404 -0.0000
vn 0.9812 0.1931 -0.0000
vn 0.9686 0.2487 -0.0000
vn 0.9518 0.3066 -0.0000
vn 0.9304 0.3665 -0.0000
vn 0.9040 0.4275 -0.0000
vn 0.8724 0.4887 -0.0000
vn 0.8356 0.5493 -0.0000
vn 0.7938 0.6082 -0.0000
vn 0.7494 0.6621 -0.0000
vn 0.7047 0.7095 -0.0000
vn 0.6570 0.7539 -0.0000
vn 0.6040 0.7970 -0.0000
vn 0.5460 0.8378 -0.0000
vn 0.4835 0.8753 -0.0000
vn 0.5461 0.8378 -0.0000
vn 0.4172 0.9088 -0.0000
vn 0.3481 0.9375 -0.0000
vn 0.2773 0.9608 -0.0000
vn 0.2060 0.9786 -0.0000
vn 0.1354 0.9908 -0.0000
vn 0.0666 0.9978 -0.0000
vn 0.0003 1.0000 -0.0000
vn -0.0656 0.9978 -0.0000
vn -0.1335 0.9910 -0.0000
vn -0.2034 0.9791 -0.0000
vn -0.2743 0.9616 -0.0000
vn -0.3450 0.9386 -0.0000
vn -0.4143 0.9101 -0.0000
vn -0.4810 0.8767 -0.0000
vn -0.5442 0.8390 -0.0000
vn -0.6029 0.7978 -0.0000
vn -0.6567 0.7542 -0.0000
vn -0.7052 0.7090 -0.0000
vn -0.7520 0.6592 -0.0000
vn -0.7998 0.6003 -0.0000
vn -0.8444 0.5357 -0.0000
vn -0.8823 0.4707 -0.0000
vn -0.9136 0.4066 -0.0000
vn -0.9388 0.3445 -0.0000
vn -0.9585 0.2850 -0.0000
vn -0.9735 0.2287 -0.0000
vn -0.9844 0.1760 -0.0000
vn -0.9919 0.1268 -0.0000
vn -0.9967 0.0813 -0.0000
vn -0.9992 0.0392 -0.0000
vn -1.0000 -0.0001 -0.0000
vn -0.9992 -0.0396 -0.0000
vn -0.9966 -0.0819 -0.0000
vn -0.9918 -0.1276 -0.0000
vn -0.9843 -0.1766 -0.0000
vn -0.9734 -0.2290 -0.0000
vn -0.9587 -0.2846 -0.0000
vn -0.9393 -0.3431 -0.0000
vn -0.9148 -0.4039 -0.0000
vn -0.8846 -0.4664 -0.0000
vn -0.8483 -0.5295 -0.0000
vn -0.8059 -0.5920 -0.0000
vn -0.7603 -0.6496 -0.0000
vn -0.7147 -0.6994 -0.0000
vn -0.6667 -0.7453 -0.0000
vn -0.6132 -0.7899 -0.0000
vn -0.5545 -0.8322 -0.0000
vn -0.4910 -0.8712 -0.0000
vn -0.4235 -0.9059 -0.0000
vn -0.3532 -0.9356 -0.0000
vn -0.2811 -0.9597 -0.0000
vn -0.2087 -0.9780 -0.0000
vn -0.1370 -0.9906 -0.0000
vn -0.0673 -0.9977 -0.0000
vn -0.0009 -1.0000 -0.0000
vn 0.0637 -0.9980 -0.0000
vn 0.1298 -0.9915 -0.0000
vn 0.1979 -0.9802 -0.0000
vn 0.2671 -0.9637 -0.0000
vn 0.3363 -0.9418 -0.0000
vn 0.4043 -0.9146 -0.0000
vn 0.4702 -0.8825 -0.0000
vn 0.5329 -0.8462 -0.0000
vn 0.5915 -0.8063 -0.0000
vn 0.6455 -0.7638 -0.0000
vn 0.6944 -0.7196 -0.0000
vt 0.629630 0.000000
vt 0.635802 0.000000
vt 0.632716 0.000000
vt 0.638889 0.000000
vt 0.641975 0.000000
vt 0.626543 0.000000
vt 0.645062 0.000000
vt 0.648148 0.000000
vt 0.623457 0.000000
vt 0.651235 0.000000
vt 0.654321 0.000000
vt 0.620370 0.000000
vt 0.657407 0.000000
vt 0.660494 0.000000
vt 0.617284 0.000000
vt 0.663580 0.000000
vt 0.666667 0.000000
vt 0.614198 0.000000
vt 0.669753 0.000000
vt 0.672840 0.000000
vt 0.611111 0.000000
vt 0.675926 0.000000
vt 0.679012 0.000000
vt 0.608025 0.000000
vt 0.682099 0.000000
vt 0.685185 0.000000
vt 0.688272 0.000000
vt 0.604938 0.000000
vt 0.691358 0.000000
vt 0.694444 0.000000
vt 0.601852 0.000000
vt 0.697531 0.000000
vt 0.700617 0.000000
vt 0.598765 0.000000
vt 0.703704 0.000000
vt 0.000000 0.000000
vt 0.595679 0.000000
vt 0.003086 0.000000
vt 0.006173 0.000000
vt 0.592593 0.000000
vt 0.009259 0.000000
vt 0.012346 0.000000
vt 0.015432 0.000000
vt 0.589506 0.000000
vt 0.018519 0.000000
vt 0.114198 0.000000
vt 0.021605 0.000000
vt 0.117284 0.000000
vt 0.111111 0.000000
vt 0.108025 0.000000
vt 0.120370 0.000000
vt 0.104938 0.000000
vt 0.586420 0.000000
vt 0.101852 0.000000
vt 0.123457 0.000000
vt 0.098765 0.000000
vt 0.095679 0.000000
vt 0.126543 0.000000
vt 0.092593 0.000000
vt 0.129630 0.000000
vt 0.089506 0.000000
vt 0.024691 0.000000
vt 0.086420 0.000000
vt 0.132716 0.000000
vt 0.083333 0.000000
vt 0.080247 0.000000
vt 0.135802 0.000000
vt 0.077160 0.000000
vt 0.027778 0.000000
vt 0.138889 0.000000
vt 0.074074 0.000000
vt 0.583333 0.000000
vt 0.070988 0.000000
vt 0.141975 0.000000
vt 0.067901 0.000000
vt 0.030864 0.000000
vt 0.064815 0.000000
vt 0.145062 0.000000
vt 0.061728 0.000000
vt 0.033951 0.000000
vt 0.148148 0.000000
vt 0.058642 0.000000
vt 0.580247 0.000000
vt 0.055556 0.000000
vt 0.151235 0.000000
vt 0.037037 0.000000
vt 0.052469 0.000000
vt 0.154321 0.000000
vt 0.049383 0.000000
vt 0.046296 0.000000
vt 0.043210 0.000000
vt 0.040123 0.000000
vt 0.157407 0.000000
vt 0.577160 0.000000
vt 0.160494 0.000000
vt 0.163580 0.000000
vt 0.166667 0.000000
vt 0.574074 0.000000
vt 0.169753 0.000000
vt 0.172840 0.000000
vt 0.570988 0.000000
vt 0.175926 0.000000
vt 0.259259 0.000000
vt 0.265432 0.000000
vt 0.262346 0.000000
vt 0.256173 0.000000
vt 0.268519 0.000000
vt 0.253086 0.000000
vt 0.250000 0.000000
vt 0.271605 0.000000
vt 0.246914 0.000000
vt 0.179012 0.000000
vt 0.243827 0.000000
vt 0.274691 0.000000
vt 0.240741 0.000000
vt 0.567901 0.000000
vt 0.237654 0.000000
vt 0.277778 0.000000
vt 0.234568 0.000000
vt 0.231481 0.000000
vt 0.280864 0.000000
vt 0.228395 0.000000
vt 0.225309 0.000000
vt 0.283951 0.000000
vt 0.222222 0.000000
vt 0.182099 0.000000
vt 0.219136 0.000000
vt 0.287037 0.000000
vt 0.216049 0.000000
vt 0.212963 0.000000
vt 0.290123 0.000000
vt 0.209877 0.000000
vt 0.564815 0.000000
vt 0.185185 0.000000
vt 0.206790 0.000000
vt 0.293210 0.000000
vt 0.203704 0.000000
vt 0.200617 0.000000
vt 0.296296 0.000000
vt 0.197531 0.000000
vt 0.188272 0.000000
vt 0.194444 0.000000
vt 0.299383 0.000000
vt 0.191358 0.000000
vt 0.561728 0.000000
vt 0.302469 0.000000
vt 0.305556 0.000000
vt 0.558642 0.000000
vt 0.308642 0.000000
vt 0.311728 0.000000
vt 0.966049 0.000000
vt 0.314815 0.000000
vt 0.969136 0.000000
vt 0.962963 0.000000
vt 0.972222 0.000000
vt 0.959877 0.000000
vt 0.555556 0.000000
vt 0.975309 0.000000
vt 0.956790 0.000000
vt 0.978395 0.000000
vt 0.953704 0.000000
vt 0.981481 0.000000
vt 0.950617 0.000000
vt 0.984568 0.000000
vt 0.947531 0.000000
vt 0.987654 0.000000
vt 0.944444 0.000000
vt 0.317901 0.000000
vt 0.990741 0.000000
vt 0.941358 0.000000
vt 0.993827 0.000000
vt 0.938272 0.000000
vt 0.996914 0.000000
vt 0.935185 0.000000
vt 1.000000 0.000000
vt 0.932099 0.000000
vt 0.552469 0.000000
vt 0.320988 0.000000
vt 0.706790 0.000000
vt 0.929012 0.000000
vt 0.709877 0.000000
vt 0.925926 0.000000
vt 0.712963 0.000000
vt 0.922840 0.000000
vt 0.324074 0.000000
vt 0.716049 0.000000
vt 0.919753 0.000000
vt 0.549383 0.000000
vt 0.719136 0.000000
vt 0.916667 0.000000
vt 0.327161 0.000000
vt 0.722222 0.000000
vt 0.913580 0.000000
vt 0.725309 0.000000
vt 0.910494 0.000000
vt 0.546296 0.000000
vt 0.728395 0.000000
vt 0.330247 0.000000
vt 0.907407 0.000000
vt 0.731481 0.000000
vt 0.904321 0.000000
vt 0.543210 0.000000
vt 0.734568 0.000000
vt 0.333333 0.000000
vt 0.901235 0.000000
vt 0.737654 0.000000
vt 0.898148 0.000000
vt 0.740741 0.000000
vt 0.336420 0.000000
vt 0.540123 0.000000
vt 0.895062 0.000000
vt 0.743827 0.000000
vt 0.891975 0.000000
vt 0.746914 0.000000
vt 0.339506 0.000000
vt 0.537037 0.000000
vt 0.888889 0.000000
vt 0.750000 0.000000
vt 0.342593 0.000000
vt 0.885802 0.000000
vt 0.533951 0.000000
vt 0.753086 0.000000
vt 0.345679 0.000000
vt 0.882716 0.000000
vt 0.756173 0.000000
vt 0.879630 0.000000
vt 0.348765 0.000000
vt 0.530864 0.000000
vt 0.759259 0.000000
vt 0.876543 0.000000
vt 0.762346 0.000000
vt 0.351852 0.000000
vt 0.873457 0.000000
vt 0.527778 0.000000
vt 0.765432 0.000000
vt 0.354938 0.000000
vt 0.870370 0.000000
vt 0.768519 0.000000
vt 0.867284 0.000000
vt 0.524691 0.000000
vt 0.771605 0.000000
vt 0.358025 0.000000
vt 0.864198 0.000000
vt 0.774691 0.000000
vt 0.861111 0.000000
vt 0.361111 0.000000
vt 0.777778 0.000000
vt 0.521605 0.000000
vt 0.858025 0.000000
vt 0.780864 0.000000
vt 0.364198 0.000000
vt 0.854938 0.000000
vt 0.783951 0.000000
vt 0.851852 0.000000
vt 0.518519 0.000000
vt 0.787037 0.000000
vt 0.848765 0.000000
vt 0.367284 0.000000
vt 0.790123 0.000000
vt 0.845679 0.000000
vt 0.793210 0.000000
vt 0.842593 0.000000
vt 0.515432 0.000000
vt 0.796296 0.000000
vt 0.370370 0.000000
vt 0.839506 0.000000
vt 0.799383 0.000000
vt 0.836420 0.000000
vt 0.802469 0.000000
vt 0.833333 0.000000
vt 0.805556 0.000000
vt 0.830247 0.000000
vt 0.373457 0.000000
vt 0.512346 0.000000
vt 0.808642 0.000000
vt 0.827160 0.000000
vt 0.811728 0.000000
vt 0.824074 0.000000
vt 0.814815 0.000000
vt 0.820988 0.000000
vt 0.817901 0.000000
vt 0.376543 0.000000
vt 0.509259 0.000000
vt 0.379630 0.000000
vt 0.506173 0.000000
vt 0.382716 0.000000
vt 0.503086 0.000000
vt 0.385802 0.000000
vt 0.500000 0.000000
vt 0.388889 0.000000
vt 0.391975 0.000000
vt 0.496914 0.000000
vt 0.395062 0.000000
vt 0.493827 0.000000
vt 0.398148 0.000000
vt 0.490741 0.000000
vt 0.401235 0.000000
vt 0.487654 0.000000
vt 0.404321 0.000000
vt 0.484568 0.000000
vt 0.407407 0.000000
vt 0.481481 0.000000
vt 0.410494 0.000000
vt 0.478395 0.000000
vt 0.413580 0.000000
vt 0.475309 0.000000
vt 0.416667 0.000000
vt 0.419753 0.000000
vt 0.472222 0.000000
vt 0.422839 0.000000
vt 0.469136 0.000000
vt 0.425926 0.000000
vt 0.466049 0.000000
vt 0.429012 0.000000
vt 0.462963 0.000000
vt 0.432099 0.000000
vt 0.459877 0.000000
vt 0.435185 0.000000
vt 0.456790 0.000000
vt 0.438272 0.000000
vt 0.453704 0.000000
vt 0.441358 0.000000
vt 0.450617 0.000000
vt 0.444444 0.000000
vt 0.447531 0.000000
vt 0.004367 1.000000
vt 0.000000 1.000000
vt 0.008734 1.000000
vt 0.004367 0.000000
vt 0.013100 1.000000
vt 0.008734 0.000000
vt 0.017467 1.000000
vt 0.013100 0.000000
vt 0.021834 1.000000
vt 0.017467 0.000000
vt 0.026201 1.000000
vt 0.021834 0.000000
vt 0.030568 1.000000
vt 0.026201 0.000000
vt 0.034934 1.000000
vt 0.030568 0.000000
vt 0.039301 1.000000
vt 0.034934 0.000000
vt 0.043668 1.000000
vt 0.039301 0.000000
vt 0.048035 1.000000
vt 0.043668 0.000000
vt 0.052402 1.000000
vt 0.048035 0.000000
vt 0.056769 1.000000
vt 0.052402 0.000000
vt 0.061135 1.000000
vt 0.056769 0.000000
vt 0.065502 1.000000
vt 0.061135 0.000000
vt 0.069869 1.000000
vt 0.065502 0.000000
vt 0.074236 1.000000
vt 0.069869 0.000000
vt 0.078603 1.000000
vt 0.074236 0.000000
vt 0.082969 1.000000
vt 0.078603 0.000000
vt 0.087336 1.000000
vt 0.082969 0.000000
vt 0.091703 1.000000
vt 0.087336 0.000000
vt 0.096070 1.000000
vt 0.091703 0.000000
vt 0.100437 1.000000
vt 0.096070 0.000000
vt 0.104803 1.000000
vt 0.100437 0.000000
vt 0.109170 1.000000
vt 0.104803 0.000000
vt 0.113537 1.000000
vt 0.109170 0.000000
vt 0.117904 1.000000
vt 0.113537 0.000000
vt 0.122271 1.000000
vt 0.117904 0.000000
vt 0.126638 1.000000
vt 0.122271 0.000000
vt 0.131004 1.000000
vt 0.126638 0.000000
vt 0.135371 1.000000
vt 0.131004 0.000000
vt 0.139738 1.000000
vt 0.135371 0.000000
vt 0.144105 1.000000
vt 0.139738 0.000000
vt 0.148472 1.000000
vt 0.144105 0.000000
vt 0.152838 1.000000
vt 0.148472 0.000000
vt 0.157205 1.000000
vt 0.152838 0.000000
vt 0.161572 1.000000
vt 0.157205 0.000000
vt 0.165939 1.000000
vt 0.161572 0.000000
vt 0.170306 1.000000
vt 0.165939 0.000000
vt 0.174672 1.000000
vt 0.170306 0.000000
vt 0.179039 1.000000
vt 0.174672 0.000000
vt 0.183406 1.000000
vt 0.179039 0.000000
vt 0.187773 1.000000
vt 0.183406 0.000000
vt 0.192140 1.000000
vt 0.187773 0.000000
vt 0.196507 1.000000
vt 0.192140 0.000000
vt 0.200873 1.000000
vt 0.196507 0.000000
vt 0.205240 1.000000
vt 0.200873 0.000000
vt 0.209607 1.000000
vt 0.205240 0.000000
vt 0.213974 1.000000
vt 0.209607 0.000000
vt 0.218341 1.000000
vt 0.213974 0.000000
vt 0.222707 1.000000
vt 0.218341 0.000000
vt 0.227074 1.000000
vt 0.222707 0.000000
vt 0.231441 1.000000
vt 0.227074 0.000000
vt 0.235808 1.000000
vt 0.231441 0.000000
vt 0.240175 1.000000
vt 0.235808 0.000000
vt 0.244541 1.000000
vt 0.240175 0.000000
vt 0.248908 1.000000
vt 0.244541 0.000000
vt 0.253275 1.000000
vt 0.248908 0.000000
vt 0.257642 1.000000
vt 0.253275 0.000000
vt 0.262009 1.000000
vt 0.257642 0.000000
vt 0.266376 1.000000
vt 0.262009 0.000000
vt 0.270742 1.000000
vt 0.266376 0.000000
vt 0.275109 1.000000
vt 0.270742 0.000000
vt 0.279476 1.000000
vt 0.275109 0.000000
vt 0.283843 1.000000
vt 0.279476 0.000000
vt 0.288210 1.000000
vt 0.283843 0.000000
vt 0.292576 1.000000
vt 0.288210 0.000000
vt 0.296943 1.000000
vt 0.292576 0.000000
vt 0.301310 1.000000
vt 0.296943 0.000000
vt 0.305677 1.000000
vt 0.301310 0.000000
vt 0.310044 1.000000
vt 0.305677 0.000000
vt 0.314410 1.000000
vt 0.310044 0.000000
vt 0.318777 1.000000
vt 0.314410 0.000000
vt 0.323144 1.000000
vt 0.318777 0.000000
vt 0.327511 1.000000
vt 0.323144 0.000000
vt 0.331878 1.000000
vt 0.327511 0.000000
vt 0.336245 1.000000
vt 0.331878 0.000000
vt 0.340611 1.000000
vt 0.336245 0.000000
vt 0.344978 1.000000
vt 0.340611 0.000000
vt 0.349345 1.000000
vt 0.344978 0.000000
vt 0.353712 1.000000
vt 0.349345 0.000000
vt 0.358079 1.000000
vt 0.353712 0.000000
vt 0.362445 1.000000
vt 0.358079 0.000000
vt 0.366812 1.000000
vt 0.362445 0.000000
vt 0.371179 1.000000
vt 0.366812 0.000000
vt 0.375546 1.000000
vt 0.371179 0.000000
vt 0.379913 1.000000
vt 0.375546 0.000000
vt 0.384279 1.000000
vt 0.379913 0.000000
vt 0.388646 1.000000
vt 0.384279 0.000000
vt 0.393013 1.000000
vt 0.388646 0.000000
vt 0.397380 1.000000
vt 0.393013 0.000000
vt 0.401747 1.000000
vt 0.397380 0.000000
vt 0.406114 1.000000
vt 0.401747 0.000000
vt 0.410480 1.000000
vt 0.406114 0.000000
vt 0.414847 1.000000
vt 0.410480 0.000000
vt 0.419214 1.000000
vt 0.414847 0.000000
vt 0.423581 1.000000
vt 0.419214 0.000000
vt 0.427948 1.000000
vt 0.423581 0.000000
vt 0.432314 1.000000
vt 0.427948 0.000000
vt 0.436681 1.000000
vt 0.432314 0.000000
vt 0.441048 1.000000
vt 0.436681 0.000000
vt 0.445415 1.000000
vt 0.441048 0.000000
vt 0.449782 1.000000
vt 0.445415 0.000000
vt 0.454148 1.000000
vt 0.449782 0.000000
vt 0.458515 1.000000
vt 0.454148 0.000000
vt 0.462882 1.000000
vt 0.458515 0.000000
vt 0.467249 1.000000
vt 0.462882 0.000000
vt 0.471616 1.000000
vt 0.467249 0.000000
vt 0.475983 1.000000
vt 0.471616 0.000000
vt 0.480349 1.000000
vt 0.475983 0.000000
vt 0.484716 1.000000
vt 0.480349 0.000000
vt 0.489083 1.000000
vt 0.484716 0.000000
vt 0.493450 1.000000
vt 0.489083 0.000000
vt 0.497817 1.000000
vt 0.493450 0.000000
vt 0.502183 1.000000
vt 0.497817 0.000000
vt 0.506550 1.000000
vt 0.502183 0.000000
vt 0.510917 1.000000
vt 0.506550 0.000000
vt 0.515284 1.000000
vt 0.510917 0.000000
vt 0.519651 1.000000
vt 0.515284 0.000000
vt 0.524017 1.000000
vt 0.519651 0.000000
vt 0.528384 1.000000
vt 0.524017 0.000000
vt 0.532751 1.000000
vt 0.528384 0.000000
vt 0.537118 1.000000
vt 0.532751 0.000000
vt 0.541485 1.000000
vt 0.537118 0.000000
vt 0.545852 1.000000
vt 0.541485 0.000000
vt 0.550218 1.000000
vt 0.545852 0.000000
vt 0.554585 1.000000
vt 0.550218 0.000000
vt 0.558952 1.000000
vt 0.554585 0.000000
vt 0.563319 1.000000
vt 0.558952 0.000000
vt 0.567686 1.000000
vt 0.563319 0.000000
vt 0.572052 1.000000
vt 0.567686 0.000000
vt 0.576419 1.000000
vt 0.572052 0.000000
vt 0.580786 1.000000
vt 0.576419 0.000000
vt 0.585153 1.000000
vt 0.580786 0.000000
vt 0.589520 1.000000
vt 0.585153 0.000000
vt 0.593886 1.000000
vt 0.589520 0.000000
vt 0.598253 1.000000
vt 0.593886 0.000000
vt 0.602620 1.000000
vt 0.598253 0.000000
vt 0.606987 1.000000
vt 0.602620 0.000000
vt 0.611354 1.000000
vt 0.606987 0.000000
vt 0.615721 1.000000
vt 0.611354 0.000000
vt 0.620087 1.000000
vt 0.615721 0.000000
vt 0.624454 1.000000
vt 0.620087 0.000000
vt 0.628821 1.000000
vt 0.624454 0.000000
vt 0.633188 1.000000
vt 0.628821 0.000000
vt 0.637555 1.000000
vt 0.633188 0.000000
vt 0.641921 1.000000
vt 0.637555 0.000000
vt 0.646288 1.000000
vt 0.641921 0.000000
vt 0.650655 1.000000
vt 0.646288 0.000000
vt 0.655022 1.000000
vt 0.650655 0.000000
vt 0.659389 1.000000
vt 0.655022 0.000000
vt 0.663755 1.000000
vt 0.659389 0.000000
vt 0.668122 1.000000
vt 0.663755 0.000000
vt 0.672489 1.000000
vt 0.668122 0.000000
vt 0.676856 1.000000
vt 0.672489 0.000000
vt 0.681223 1.000000
vt 0.676856 0.000000
vt 0.685589 1.000000
vt 0.681223 0.000000
vt 0.689956 1.000000
vt 0.685589 0.000000
vt 0.694323 1.000000
vt 0.689956 0.000000
vt 0.698690 1.000000
vt 0.694323 0.000000
vt 0.703057 1.000000
vt 0.698690 0.000000
vt 0.707424 1.000000
vt 0.703057 0.000000
vt 0.711790 1.000000
vt 0.707424 0.000000
vt 0.716157 1.000000
vt 0.711790 0.000000
vt 0.720524 1.000000
vt 0.716157 0.000000
vt 0.724891 1.000000
vt 0.720524 0.000000
vt 0.729258 1.000000
vt 0.724891 0.000000
vt 0.733624 1.000000
vt 0.729258 0.000000
vt 0.737991 1.000000
vt 0.733624 0.000000
vt 0.742358 1.000000
vt 0.737991 0.000000
vt 0.746725 1.000000
vt 0.742358 0.000000
vt 0.751092 1.000000
vt 0.746725 0.000000
vt 0.755459 1.000000
vt 0.751092 0.000000
vt 0.759825 1.000000
vt 0.755459 0.000000
vt 0.764192 1.000000
vt 0.759825 0.000000
vt 0.768559 1.000000
vt 0.764192 0.000000
vt 0.772926 1.000000
vt 0.768559 0.000000
vt 0.777293 1.000000
vt 0.772926 0.000000
vt 0.781659 1.000000
vt 0.777293 0.000000
vt 0.786026 1.000000
vt 0.781659 0.000000
vt 0.790393 1.000000
vt 0.786026 0.000000
vt 0.794760 1.000000
vt 0.790393 0.000000
vt 0.799127 1.000000
vt 0.794760 0.000000
vt 0.803493 1.000000
vt 0.799127 0.000000
vt 0.807860 1.000000
vt 0.803493 0.000000
vt 0.812227 1.000000
vt 0.807860 0.000000
vt 0.816594 1.000000
vt 0.812227 0.000000
vt 0.820961 1.000000
vt 0.816594 0.000000
vt 0.825328 1.000000
vt 0.820961 0.000000
vt 0.829694 1.000000
vt 0.825328 0.000000
vt 0.834061 1.000000
vt 0.829694 0.000000
vt 0.838428 1.000000
vt 0.834061 0.000000
vt 0.842795 1.000000
vt 0.838428 0.000000
vt 0.847162 1.000000
vt 0.842795 0.000000
vt 0.851528 1.000000
vt 0.847162 0.000000
vt 0.855895 1.000000
vt 0.851528 0.000000
vt 0.860262 1.000000
vt 0.855895 0.000000
vt 0.864629 1.000000
vt 0.860262 0.000000
vt 0.868996 1.000000
vt 0.864629 0.000000
vt 0.873362 1.000000
vt 0.868996 0.000000
vt 0.877729 1.000000
vt 0.873362 0.000000
vt 0.882096 1.000000
vt 0.877729 0.000000
vt 0.886463 1.000000
vt 0.882096 0.000000
vt 0.890830 1.000000
vt 0.886463 0.000000
vt 0.895196 1.000000
vt 0.890830 0.000000
vt 0.899563 1.000000
vt 0.895196 0.000000
vt 0.903930 1.000000
vt 0.899563 0.000000
vt 0.908297 1.000000
vt 0.903930 0.000000
vt 0.912664 1.000000
vt 0.908297 0.000000
vt 0.917031 1.000000
vt 0.912664 0.000000
vt 0.921397 1.000000
vt 0.917031 0.000000
vt 0.925764 1.000000
vt 0.921397 0.000000
vt 0.930131 1.000000
vt 0.925764 0.000000
vt 0.934498 1.000000
vt 0.930131 0.000000
vt 0.938865 1.000000
vt 0.934498 0.000000
vt 0.943231 1.000000
vt 0.938865 0.000000
vt 0.947598 1.000000
vt 0.943231 0.000000
vt 0.951965 1.000000
vt 0.947598 0.000000
vt 0.956332 1.000000
vt 0.951965 0.000000
vt 0.960699 1.000000
vt 0.956332 0.000000
vt 0.965065 1.000000
vt 0.960699 0.000000
vt 0.969432 1.000000
vt 0.965065 0.000000
vt 0.973799 1.000000
vt 0.969432 0.000000
vt 0.978166 1.000000
vt 0.973799 0.000000
vt 0.982533 1.000000
vt 0.978166 0.000000
vt 0.986900 1.000000
vt 0.982533 0.000000
vt 0.991266 1.000000
vt 0.986900 0.000000
vt 0.995633 1.000000
vt 0.991266 0.000000
vt 1.000000 1.000000
vt 0.995633 0.000000
vt 0.010417 1.000000
vt 0.020833 1.000000
vt 0.010417 0.000000
vt 0.031250 1.000000
vt 0.020833 0.000000
vt 0.041667 1.000000
vt 0.031250 0.000000
vt 0.052083 1.000000
vt 0.041667 0.000000
vt 0.062500 1.000000
vt 0.052083 0.000000
vt 0.072917 1.000000
vt 0.062500 0.000000
vt 0.083333 1.000000
vt 0.072917 0.000000
vt 0.093750 1.000000
vt 0.104167 1.000000
vt 0.093750 0.000000
vt 0.114583 1.000000
vt 0.104167 0.000000
vt 0.125000 1.000000
vt 0.114583 0.000000
vt 0.135417 1.000000
vt 0.125000 0.000000
vt 0.145833 1.000000
vt 0.135417 0.000000
vt 0.156250 1.000000
vt 0.145833 0.000000
vt 0.166667 1.000000
vt 0.156250 0.000000
vt 0.177083 1.000000
vt 0.187500 1.000000
vt 0.177083 0.000000
vt 0.197917 1.000000
vt 0.187500 0.000000
vt 0.208333 1.000000
vt 0.197917 0.000000
vt 0.218750 1.000000
vt 0.208333 0.000000
vt 0.229167 1.000000
vt 0.218750 0.000000
vt 0.239583 1.000000
vt 0.229167 0.000000
vt 0.250000 1.000000
vt 0.239583 0.000000
vt 0.260417 1.000000
vt 0.270833 1.000000
vt 0.260417 0.000000
vt 0.281250 1.000000
vt 0.270833 0.000000
vt 0.291667 1.000000
vt 0.281250 0.000000
vt 0.302083 1.000000
vt 0.291667 0.000000
vt 0.312500 1.000000
vt 0.302083 0.000000
vt 0.322917 1.000000
vt 0.312500 0.000000
vt 0.333333 1.000000
vt 0.322917 0.000000
vt 0.343750 1.000000
vt 0.354167 1.000000
vt 0.343750 0.000000
vt 0.364583 1.000000
vt 0.354167 0.000000
vt 0.375000 1.000000
vt 0.364583 0.000000
vt 0.385417 1.000000
vt 0.375000 0.000000
vt 0.395833 1.000000
vt 0.385417 0.000000
vt 0.406250 1.000000
vt 0.395833 0.000000
vt 0.416667 1.000000
vt 0.406250 0.000000
vt 0.427083 1.000000
vt 0.437500 1.000000
vt 0.427083 0.000000
vt 0.447917 1.000000
vt 0.437500 0.000000
vt 0.458333 1.000000
vt 0.447917 0.000000
vt 0.468750 1.000000
vt 0.458333 0.000000
vt 0.479167 1.000000
vt 0.468750 0.000000
vt 0.489583 1.000000
vt 0.479167 0.000000
vt 0.500000 1.000000
vt 0.489583 0.000000
vt 0.510417 1.000000
vt 0.520833 1.000000
vt 0.510417 0.000000
vt 0.531250 1.000000
vt 0.520833 0.000000
vt 0.541667 1.000000
vt 0.531250 0.000000
vt 0.552083 1.000000
vt 0.541667 0.000000
vt 0.562500 1.000000
vt 0.552083 0.000000
vt 0.572917 1.000000
vt 0.562500 0.000000
vt 0.583333 1.000000
vt 0.572917 0.000000
vt 0.593750 1.000000
vt 0.604167 1.000000
vt 0.593750 0.000000
vt 0.614583 1.000000
vt 0.604167 0.000000
vt 0.625000 1.000000
vt 0.614583 0.000000
vt 0.635417 1.000000
vt 0.625000 0.000000
vt 0.645833 1.000000
vt 0.635417 0.000000
vt 0.656250 1.000000
vt 0.645833 0.000000
vt 0.666667 1.000000
vt 0.656250 0.000000
vt 0.677083 1.000000
vt 0.687500 1.000000
vt 0.677083 0.000000
vt 0.697917 1.000000
vt 0.687500 0.000000
vt 0.708333 1.000000
vt 0.697917 0.000000
vt 0.718750 1.000000
vt 0.708333 0.000000
vt 0.729167 1.000000
vt 0.718750 0.000000
vt 0.739583 1.000000
vt 0.729167 0.000000
vt 0.750000 1.000000
vt 0.739583 0.000000
vt 0.760417 1.000000
vt 0.770833 1.000000
vt 0.760417 0.000000
vt 0.781250 1.000000
vt 0.770833 0.000000
vt 0.791667 1.000000
vt 0.781250 0.000000
vt 0.802083 1.000000
vt 0.791667 0.000000
vt 0.812500 1.000000
vt 0.802083 0.000000
vt 0.822917 1.000000
vt 0.812500 0.000000
vt 0.833333 1.000000
vt 0.822917 0.000000
vt 0.843750 1.000000
vt 0.854167 1.000000
vt 0.843750 0.000000
vt 0.864583 1.000000
vt 0.854167 0.000000
vt 0.875000 1.000000
vt 0.864583 0.000000
vt 0.885417 1.000000
vt 0.875000 0.000000
vt 0.895833 1.000000
vt 0.885417 0.000000
vt 0.906250 1.000000
vt 0.895833 0.000000
vt 0.916667 1.000000
vt 0.906250 0.000000
vt 0.927083 1.000000
vt 0.937500 1.000000
vt 0.927083 0.000000
vt 0.947917 1.000000
vt 0.937500 0.000000
vt 0.958333 1.000000
vt 0.947917 0.000000
vt 0.968750 1.000000
vt 0.958333 0.000000
vt 0.979167 1.000000
vt 0.968750 0.000000
vt 0.989583 1.000000
vt 0.979167 0.000000
vt 0.989583 0.000000
s 0
usemtl マテリアル
f 205/1/1 207/2/1 206/3/1
f 205/1/1 208/4/1 207/2/1
f 205/1/1 209/5/1 208/4/1
f 204/6/1 209/5/1 205/1/1
f 204/6/1 210/7/1 209/5/1
f 204/6/1 211/8/1 210/7/1
f 203/9/1 211/8/1 204/6/1
f 203/9/1 212/10/1 211/8/1
f 203/9/1 213/11/1 212/10/1
f 202/12/1 213/11/1 203/9/1
f 202/12/1 214/13/1 213/11/1
f 202/12/1 215/14/1 214/13/1
f 201/15/1 215/14/1 202/12/1
f 201/15/1 216/16/1 215/14/1
f 201/15/1 217/17/1 216/16/1
f 200/18/1 217/17/1 201/15/1
f 200/18/1 218/19/1 217/17/1
f 200/18/1 219/20/1 218/19/1
f 199/21/1 219/20/1 200/18/1
f 199/21/1 220/22/1 219/20/1
f 199/21/1 221/23/1 220/22/1
f 198/24/1 221/23/1 199/21/1
f 198/24/1 222/25/1 221/23/1
f 198/24/1 223/26/1 222/25/1
f 198/24/1 224/27/1 223/26/1
f 197/28/1 224/27/1 198/24/1
f 197/28/1 225/29/1 224/27/1
f 197/28/1 226/30/1 225/29/1
f 196/31/1 226/30/1 197/28/1
f 196/31/1 227/32/1 226/30/1
f 196/31/1 228/33/1 227/32/1
f 195/34/1 228/33/1 196/31/1
f 195/34/1 229/35/1 228/33/1
f 195/34/1 1/36/1 229/35/1
f 194/37/1 1/36/1 195/34/1
f 194/37/1 2/38/1 1/36/1
f 194/37/1 3/39/1 2/38/1
f 193/40/1 3/39/1 194/37/1
f 193/40/1 4/41/1 3/39/1
f 193/40/1 5/42/1 4/41/1
f 193/40/1 6/43/1 5/42/1
f 192/44/1 6/43/1 193/40/1
f 192/44/1 7/45/1 6/43/1
f 192/44/1 38/46/1 7/45/1
f 38/46/1 8/47/1 7/45/1
f 192/44/1 39/48/1 38/46/1
f 37/49/1 8/47/1 38/46/1
f 36/50/1 8/47/1 37/49/1
f 192/44/1 40/51/1 39/48/1
f 35/52/1 8/47/1 36/50/1
f 191/53/1 40/51/1 192/44/1
f 34/54/1 8/47/1 35/52/1
f 191/53/1 41/55/1 40/51/1
f 33/56/1 8/47/1 34/54/1
f 32/57/1 8/47/1 33/56/1
f 191/53/1 42/58/1 41/55/1
f 31/59/1 8/47/1 32/57/1
f 191/53/1 43/60/1 42/58/1
f 30/61/1 8/47/1 31/59/1
f 30/61/1 9/62/1 8/47/1
f 29/63/1 9/62/1 30/61/1
f 191/53/1 44/64/1 43/60/1
f 28/65/1 9/62/1 29/63/1
f 27/66/1 9/62/1 28/65/1
f 191/53/1 45/67/1 44/64/1
f 26/68/1 9/62/1 27/66/1
f 26/68/1 10/69/1 9/62/1
f 191/53/1 46/70/1 45/67/1
f 25/71/1 10/69/1 26/68/1
f 190/72/1 46/70/1 191/53/1
f 24/73/1 10/69/1 25/71/1
f 190/72/1 47/74/1 46/70/1
f 23/75/1 10/69/1 24/73/1
f 23/75/1 11/76/1 10/69/1
f 22/77/1 11/76/1 23/75/1
f 190/72/1 48/78/1 47/74/1
f 21/79/1 11/76/1 22/77/1
f 21/79/1 12/80/1 11/76/1
f 190/72/1 49/81/1 48/78/1
f 20/82/1 12/80/1 21/79/1
f 189/83/1 49/81/1 190/72/1
f 19/84/1 12/80/1 20/82/1
f 189/83/1 50/85/1 49/81/1
f 19/84/1 13/86/1 12/80/1
f 18/87/1 13/86/1 19/84/1
f 189/83/1 51/88/1 50/85/1
f 17/89/1 13/86/1 18/87/1
f 17/89/1 16/90/1 13/86/1
f 16/90/1 15/91/1 13/86/1
f 15/91/1 14/92/1 13/86/1
f 189/83/1 52/93/1 51/88/1
f 188/94/1 52/93/1 189/83/1
f 188/94/1 53/95/1 52/93/1
f 188/94/1 54/96/1 53/95/1
f 188/94/1 55/97/1 54/96/1
f 187/98/1 55/97/1 188/94/1
f 187/98/1 56/99/1 55/97/1
f 187/98/1 57/100/1 56/99/1
f 186/101/1 57/100/1 187/98/1
f 186/101/1 58/102/1 57/100/1
f 85/103/1 87/104/1 86/105/1
f 84/106/1 87/104/1 85/103/1
f 84/106/1 88/107/1 87/104/1
f 83/108/1 88/107/1 84/106/1
f 82/109/1 88/107/1 83/108/1
f 82/109/1 89/110/1 88/107/1
f 81/111/1 89/110/1 82/109/1
f 186/101/1 59/112/1 58/102/1
f 80/113/1 89/110/1 81/111/1
f 80/113/1 90/114/1 89/110/1
f 79/115/1 90/114/1 80/113/1
f 185/116/1 59/112/1 186/101/1
f 78/117/1 90/114/1 79/115/1
f 78/117/1 91/118/1 90/114/1
f 77/119/1 91/118/1 78/117/1
f 76/120/1 91/118/1 77/119/1
f 76/120/1 92/121/1 91/118/1
f 75/122/1 92/121/1 76/120/1
f 74/123/1 92/121/1 75/122/1
f 74/123/1 93/124/1 92/121/1
f 73/125/1 93/124/1 74/123/1
f 185/116/1 60/126/1 59/112/1
f 72/127/1 93/124/1 73/125/1
f 72/127/1 94/128/1 93/124/1
f 71/129/1 94/128/1 72/127/1
f 70/130/1 94/128/1 71/129/1
f 70/130/1 95/131/1 94/128/1
f 69/132/1 95/131/1 70/130/1
f 184/133/1 60/126/1 185/116/1
f 184/133/1 61/134/1 60/126/1
f 68/135/1 95/131/1 69/132/1
f 68/135/1 96/136/1 95/131/1
f 67/137/1 96/136/1 68/135/1
f 66/138/1 96/136/1 67/137/1
f 66/138/1 97/139/1 96/136/1
f 65/140/1 97/139/1 66/138/1
f 184/133/1 62/141/1 61/134/1
f 64/142/1 97/139/1 65/140/1
f 64/142/1 98/143/1 97/139/1
f 63/144/1 98/143/1 64/142/1
f 183/145/1 62/141/1 184/133/1
f 62/141/1 98/143/1 63/144/1
f 62/141/1 99/146/1 98/143/1
f 183/145/1 99/146/1 62/141/1
f 183/145/1 100/147/1 99/146/1
f 182/148/1 100/147/1 183/145/1
f 182/148/1 101/149/1 100/147/1
f 182/148/1 102/150/1 101/149/1
f 182/148/1 314/151/1 102/150/1
f 314/151/1 103/152/1 102/150/1
f 182/148/1 315/153/1 314/151/1
f 313/154/1 103/152/1 314/151/1
f 182/148/1 316/155/1 315/153/1
f 312/156/1 103/152/1 313/154/1
f 181/157/1 316/155/1 182/148/1
f 181/157/1 317/158/1 316/155/1
f 311/159/1 103/152/1 312/156/1
f 181/157/1 318/160/1 317/158/1
f 310/161/1 103/152/1 311/159/1
f 181/157/1 319/162/1 318/160/1
f 309/163/1 103/152/1 310/161/1
f 181/157/1 320/164/1 319/162/1
f 308/165/1 103/152/1 309/163/1
f 181/157/1 321/166/1 320/164/1
f 307/167/1 103/152/1 308/165/1
f 307/167/1 104/168/1 103/152/1
f 181/157/1 322/169/1 321/166/1
f 306/170/1 104/168/1 307/167/1
f 181/157/1 323/171/1 322/169/1
f 305/172/1 104/168/1 306/170/1
f 181/157/1 324/173/1 323/171/1
f 304/174/1 104/168/1 305/172/1
f 181/157/1 325/175/1 324/173/1
f 303/176/1 104/168/1 304/174/1
f 180/177/1 325/175/1 181/157/1
f 303/176/1 105/178/1 104/168/1
f 180/177/1 230/179/1 325/175/1
f 302/180/1 105/178/1 303/176/1
f 180/177/1 231/181/1 230/179/1
f 301/182/1 105/178/1 302/180/1
f 180/177/1 232/183/1 231/181/1
f 300/184/1 105/178/1 301/182/1
f 300/184/1 106/185/1 105/178/1
f 180/177/1 233/186/1 232/183/1
f 299/187/1 106/185/1 300/184/1
f 179/188/1 233/186/1 180/177/1
f 179/188/1 234/189/1 233/186/1
f 298/190/1 106/185/1 299/187/1
f 298/190/1 107/191/1 106/185/1
f 179/188/1 235/192/1 234/189/1
f 297/193/1 107/191/1 298/190/1
f 179/188/1 236/194/1 235/192/1
f 296/195/1 107/191/1 297/193/1
f 178/196/1 236/194/1 179/188/1
f 178/196/1 237/197/1 236/194/1
f 296/195/1 108/198/1 107/191/1
f 295/199/1 108/198/1 296/195/1
f 178/196/1 238/200/1 237/197/1
f 294/201/1 108/198/1 295/199/1
f 177/202/1 238/200/1 178/196/1
f 177/202/1 239/203/1 238/200/1
f 294/201/1 109/204/1 108/198/1
f 293/205/1 109/204/1 294/201/1
f 177/202/1 240/206/1 239/203/1
f 292/207/1 109/204/1 293/205/1
f 177/202/1 241/208/1 240/206/1
f 292/207/1 110/209/1 109/204/1
f 176/210/1 241/208/1 177/202/1
f 291/211/1 110/209/1 292/207/1
f 176/210/1 242/212/1 241/208/1
f 290/213/1 110/209/1 291/211/1
f 176/210/1 243/214/1 242/212/1
f 290/213/1 111/215/1 110/209/1
f 175/216/1 243/214/1 176/210/1
f 289/217/1 111/215/1 290/213/1
f 175/216/1 244/218/1 243/214/1
f 289/217/1 112/219/1 111/215/1
f 288/220/1 112/219/1 289/217/1
f 174/221/1 244/218/1 175/216/1
f 174/221/1 245/222/1 244/218/1
f 288/220/1 113/223/1 112/219/1
f 287/224/1 113/223/1 288/220/1
f 174/221/1 246/225/1 245/222/1
f 286/226/1 113/223/1 287/224/1
f 286/226/1 114/227/1 113/223/1
f 173/228/1 246/225/1 174/221/1
f 173/228/1 247/229/1 246/225/1
f 285/230/1 114/227/1 286/226/1
f 173/228/1 248/231/1 247/229/1
f 285/230/1 115/232/1 114/227/1
f 284/233/1 115/232/1 285/230/1
f 172/234/1 248/231/1 173/228/1
f 172/234/1 249/235/1 248/231/1
f 284/233/1 116/236/1 115/232/1
f 283/237/1 116/236/1 284/233/1
f 172/234/1 250/238/1 249/235/1
f 282/239/1 116/236/1 283/237/1
f 171/240/1 250/238/1 172/234/1
f 171/240/1 251/241/1 250/238/1
f 282/239/1 117/242/1 116/236/1
f 281/243/1 117/242/1 282/239/1
f 171/240/1 252/244/1 251/241/1
f 280/245/1 117/242/1 281/243/1
f 280/245/1 118/246/1 117/242/1
f 171/240/1 253/247/1 252/244/1
f 170/248/1 253/247/1 171/240/1
f 279/249/1 118/246/1 280/245/1
f 170/248/1 254/250/1 253/247/1
f 279/249/1 119/251/1 118/246/1
f 278/252/1 119/251/1 279/249/1
f 170/248/1 255/253/1 254/250/1
f 277/254/1 119/251/1 278/252/1
f 169/255/1 255/253/1 170/248/1
f 169/255/1 256/256/1 255/253/1
f 276/257/1 119/251/1 277/254/1
f 276/257/1 120/258/1 119/251/1
f 169/255/1 257/259/1 256/256/1
f 275/260/1 120/258/1 276/257/1
f 169/255/1 258/261/1 257/259/1
f 274/262/1 120/258/1 275/260/1
f 168/263/1 258/261/1 169/255/1
f 168/263/1 259/264/1 258/261/1
f 274/262/1 121/265/1 120/258/1
f 273/266/1 121/265/1 274/262/1
f 168/263/1 260/267/1 259/264/1
f 272/268/1 121/265/1 273/266/1
f 168/263/1 261/269/1 260/267/1
f 271/270/1 121/265/1 272/268/1
f 168/263/1 262/271/1 261/269/1
f 270/272/1 121/265/1 271/270/1
f 270/272/1 122/273/1 121/265/1
f 167/274/1 262/271/1 168/263/1
f 167/274/1 263/275/1 262/271/1
f 269/276/1 122/273/1 270/272/1
f 167/274/1 264/277/1 263/275/1
f 268/278/1 122/273/1 269/276/1
f 167/274/1 265/279/1 264/277/1
f 267/280/1 122/273/1 268/278/1
f 167/274/1 266/281/1 265/279/1
f 266/281/1 122/273/1 267/280/1
f 167/274/1 122/273/1 266/281/1
f 167/274/1 123/282/1 122/273/1
f 166/283/1 123/282/1 167/274/1
f 166/283/1 124/284/1 123/282/1
f 165/285/1 124/284/1 166/283/1
f 165/285/1 125/286/1 124/284/1
f 164/287/1 125/286/1 165/285/1
f 164/287/1 126/288/1 125/286/1
f 163/289/1 126/288/1 164/287/1
f 163/289/1 127/290/1 126/288/1
f 163/289/1 128/291/1 127/290/1
f 162/292/1 128/291/1 163/289/1
f 162/292/1 129/293/1 128/291/1
f 161/294/1 129/293/1 162/292/1
f 161/294/1 130/295/1 129/293/1
f 160/296/1 130/295/1 161/294/1
f 160/296/1 131/297/1 130/295/1
f 159/298/1 131/297/1 160/296/1
f 159/298/1 132/299/1 131/297/1
f 158/300/1 132/299/1 159/298/1
f 158/300/1 133/301/1 132/299/1
f 157/302/1 133/301/1 158/300/1
f 157/302/1 134/303/1 133/301/1
f 156/304/1 134/303/1 157/302/1
f 156/304/1 135/305/1 134/303/1
f 155/306/1 135/305/1 156/304/1
f 155/306/1 136/307/1 135/305/1
f 155/306/1 137/308/1 136/307/1
f 154/309/1 137/308/1 155/306/1
f 154/309/1 138/310/1 137/308/1
f 153/311/1 138/310/1 154/309/1
f 153/311/1 139/312/1 138/310/1
f 152/313/1 139/312/1 153/311/1
f 152/313/1 140/314/1 139/312/1
f 151/315/1 140/314/1 152/313/1
f 151/315/1 141/316/1 140/314/1
f 150/317/1 141/316/1 151/315/1
f 150/317/1 142/318/1 141/316/1
f 149/319/1 142/318/1 150/317/1
f 149/319/1 143/320/1 142/318/1
f 148/321/1 143/320/1 149/319/1
f 148/321/1 144/322/1 143/320/1
f 147/323/1 144/322/1 148/321/1
f 147/323/1 145/324/1 144/322/1
f 146/325/1 145/324/1 147/323/1
f 530/1/2 531/3/2 532/2/2
f 530/1/2 532/2/2 533/4/2
f 530/1/2 533/4/2 534/5/2
f 529/6/2 530/1/2 534/5/2
f 529/6/2 534/5/2 535/7/2
f 529/6/2 535/7/2 536/8/2
f 528/9/2 529/6/2 536/8/2
f 528/9/2 536/8/2 537/10/2
f 528/9/2 537/10/2 538/11/2
f 527/12/2 528/9/2 538/11/2
f 527/12/2 538/11/2 539/13/2
f 527/12/2 539/13/2 540/14/2
f 526/15/2 527/12/2 540/14/2
f 526/15/2 540/14/2 541/16/2
f 526/15/2 541/16/2 542/17/2
f 525/18/2 526/15/2 542/17/2
f 525/18/2 542/17/2 543/19/2
f 525/18/2 543/19/2 544/20/2
f 524/21/2 525/18/2 544/20/2
f 524/21/2 544/20/2 545/22/2
f 524/21/2 545/22/2 546/23/2
f 523/24/2 524/21/2 546/23/2
f 523/24/2 546/23/2 547/25/2
f 523/24/2 547/25/2 548/26/2
f 523/24/2 548/26/2 549/27/2
f 522/28/2 523/24/2 549/27/2
f 522/28/2 549/27/2 550/29/2
f 522/28/2 550/29/2 551/30/2
f 521/31/2 522/28/2 551/30/2
f 521/31/2 551/30/2 552/32/2
f 521/31/2 552/32/2 553/33/2
f 520/34/2 521/31/2 553/33/2
f 520/34/2 553/33/2 554/35/2
f 520/34/2 554/35/2 326/36/2
f 519/37/2 520/34/2 326/36/2
f 519/37/2 326/36/2 327/38/2
f 519/37/2 327/38/2 328/39/2
f 518/40/2 519/37/2 328/39/2
f 518/40/2 328/39/2 329/41/2
f 518/40/2 329/41/2 330/42/2
f 518/40/2 330/42/2 331/43/2
f 517/44/2 518/40/2 331/43/2
f 517/44/2 331/43/2 332/45/2
f 517/44/2 332/45/2 363/46/2
f 363/46/2 332/45/2 333/47/2
f 517/44/2 363/46/2 364/48/2
f 362/49/2 363/46/2 333/47/2
f 361/50/2 362/49/2 333/47/2
f 517/44/2 364/48/2 365/51/2
f 360/52/2 361/50/2 333/47/2
f 516/53/2 517/44/2 365/51/2
f 359/54/2 360/52/2 333/47/2
f 516/53/2 365/51/2 366/55/2
f 358/56/2 359/54/2 333/47/2
f 357/57/2 358/56/2 333/47/2
f 516/53/2 366/55/2 367/58/2
f 356/59/2 357/57/2 333/47/2
f 516/53/2 367/58/2 368/60/2
f 355/61/2 356/59/2 333/47/2
f 355/61/2 333/47/2 334/62/2
f 354/63/2 355/61/2 334/62/2
f 516/53/2 368/60/2 369/64/2
f 353/65/2 354/63/2 334/62/2
f 352/66/2 353/65/2 334/62/2
f 516/53/2 369/64/2 370/67/2
f 351/68/2 352/66/2 334/62/2
f 351/68/2 334/62/2 335/69/2
f 516/53/2 370/67/2 371/70/2
f 350/71/2 351/68/2 335/69/2
f 515/72/2 516/53/2 371/70/2
f 349/73/2 350/71/2 335/69/2
f 515/72/2 371/70/2 372/74/2
f 348/75/2 349/73/2 335/69/2
f 348/75/2 335/69/2 336/76/2
f 347/77/2 348/75/2 336/76/2
f 515/72/2 372/74/2 373/78/2
f 346/79/2 347/77/2 336/76/2
f 346/79/2 336/76/2 337/80/2
f 515/72/2 373/78/2 374/81/2
f 345/82/2 346/79/2 337/80/2
f 514/83/2 515/72/2 374/81/2
f 344/84/2 345/82/2 337/80/2
f 514/83/2 374/81/2 375/85/2
f 344/84/2 337/80/2 338/86/2
f 343/87/2 344/84/2 338/86/2
f 514/83/2 375/85/2 376/88/2
f 342/89/2 343/87/2 338/86/2
f 342/89/2 338/86/2 341/90/2
f 341/90/2 338/86/2 340/91/2
f 340/91/2 338/86/2 339/92/2
f 514/83/2 376/88/2 377/93/2
f 513/94/2 514/83/2 377/93/2
f 513/94/2 377/93/2 378/95/2
f 513/94/2 378/95/2 379/96/2
f 513/94/2 379/96/2 380/97/2
f 512/98/2 513/94/2 380/97/2
f 512/98/2 380/97/2 381/99/2
f 512/98/2 381/99/2 382/100/2
f 511/101/2 512/98/2 382/100/2
f 511/101/2 382/100/2 383/102/2
f 410/103/2 411/105/2 412/104/2
f 409/106/2 410/103/2 412/104/2
f 409/106/2 412/104/2 413/107/2
f 408/108/2 409/106/2 413/107/2
f 407/109/2 408/108/2 413/107/2
f 407/109/2 413/107/2 414/110/2
f 406/111/2 407/109/2 414/110/2
f 511/101/2 383/102/2 384/112/2
f 405/113/2 406/111/2 414/110/2
f 405/113/2 414/110/2 415/114/2
f 404/115/2 405/113/2 415/114/2
f 510/116/2 511/101/2 384/112/2
f 403/117/2 404/115/2 415/114/2
f 403/117/2 415/114/2 416/118/2
f 402/119/2 403/117/2 416/118/2
f 401/120/2 402/119/2 416/118/2
f 401/120/2 416/118/2 417/121/2
f 400/122/2 401/120/2 417/121/2
f 399/123/2 400/122/2 417/121/2
f 399/123/2 417/121/2 418/124/2
f 398/125/2 399/123/2 418/124/2
f 510/116/2 384/112/2 385/126/2
f 397/127/2 398/125/2 418/124/2
f 397/127/2 418/124/2 419/128/2
f 396/129/2 397/127/2 419/128/2
f 395/130/2 396/129/2 419/128/2
f 395/130/2 419/128/2 420/131/2
f 394/132/2 395/130/2 420/131/2
f 509/133/2 510/116/2 385/126/2
f 509/133/2 385/126/2 386/134/2
f 393/135/2 394/132/2 420/131/2
f 393/135/2 420/131/2 421/136/2
f 392/137/2 393/135/2 421/136/2
f 391/138/2 392/137/2 421/136/2
f 391/138/2 421/136/2 422/139/2
f 390/140/2 391/138/2 422/139/2
f 509/133/2 386/134/2 387/141/2
f 389/142/2 390/140/2 422/139/2
f 389/142/2 422/139/2 423/143/2
f 388/144/2 389/142/2 423/143/2
f 508/145/2 509/133/2 387/141/2
f 387/141/2 388/144/2 423/143/2
f 387/141/2 423/143/2 424/146/2
f 508/145/2 387/141/2 424/146/2
f 508/145/2 424/146/2 425/147/2
f 507/148/2 508/145/2 425/147/2
f 507/148/2 425/147/2 426/149/2
f 507/148/2 426/149/2 427/150/2
f 507/148/2 427/150/2 639/151/2
f 639/151/2 427/150/2 428/152/2
f 507/148/2 639/151/2 640/153/2
f 638/154/2 639/151/2 428/152/2
f 507/148/2 640/153/2 641/155/2
f 637/156/2 638/154/2 428/152/2
f 506/157/2 507/148/2 641/155/2
f 506/157/2 641/155/2 642/158/2
f 636/159/2 637/156/2 428/152/2
f 506/157/2 642/158/2 643/160/2
f 635/161/2 636/159/2 428/152/2
f 506/157/2 643/160/2 644/162/2
f 634/163/2 635/161/2 428/152/2
f 506/157/2 644/162/2 645/164/2
f 633/165/2 634/163/2 428/152/2
f 506/157/2 645/164/2 646/166/2
f 632/167/2 633/165/2 428/152/2
f 632/167/2 428/152/2 429/168/2
f 506/157/2 646/166/2 647/169/2
f 631/170/2 632/167/2 429/168/2
f 506/157/2 647/169/2 648/171/2
f 630/172/2 631/170/2 429/168/2
f 506/157/2 648/171/2 649/173/2
f 629/174/2 630/172/2 429/168/2
f 506/157/2 649/173/2 650/175/2
f 628/176/2 629/174/2 429/168/2
f 505/177/2 506/157/2 650/175/2
f 628/176/2 429/168/2 430/178/2
f 505/177/2 650/175/2 555/179/2
f 627/180/2 628/176/2 430/178/2
f 505/177/2 555/179/2 556/181/2
f 626/182/2 627/180/2 430/178/2
f 505/177/2 556/181/2 557/183/2
f 625/184/2 626/182/2 430/178/2
f 625/184/2 430/178/2 431/185/2
f 505/177/2 557/183/2 558/186/2
f 624/187/2 625/184/2 431/185/2
f 504/188/2 505/177/2 558/186/2
f 504/188/2 558/186/2 559/189/2
f 623/190/2 624/187/2 431/185/2
f 623/190/2 431/185/2 432/191/2
f 504/188/2 559/189/2 560/192/2
f 622/193/2 623/190/2 432/191/2
f 504/188/2 560/192/2 561/194/2
f 621/195/2 622/193/2 432/191/2
f 503/196/2 504/188/2 561/194/2
f 503/196/2 561/194/2 562/197/2
f 621/195/2 432/191/2 433/198/2
f 620/199/2 621/195/2 433/198/2
f 503/196/2 562/197/2 563/200/2
f 619/201/2 620/199/2 433/198/2
f 502/202/2 503/196/2 563/200/2
f 502/202/2 563/200/2 564/203/2
f 619/201/2 433/198/2 434/204/2
f 618/205/2 619/201/2 434/204/2
f 502/202/2 564/203/2 565/206/2
f 617/207/2 618/205/2 434/204/2
f 502/202/2 565/206/2 566/208/2
f 617/207/2 434/204/2 435/209/2
f 501/210/2 502/202/2 566/208/2
f 616/211/2 617/207/2 435/209/2
f 501/210/2 566/208/2 567/212/2
f 615/213/2 616/211/2 435/209/2
f 501/210/2 567/212/2 568/214/2
f 615/213/2 435/209/2 436/215/2
f 500/216/2 501/210/2 568/214/2
f 614/217/2 615/213/2 436/215/2
f 500/216/2 568/214/2 569/218/2
f 614/217/2 436/215/2 437/219/2
f 613/220/2 614/217/2 437/219/2
f 499/221/2 500/216/2 569/218/2
f 499/221/2 569/218/2 570/222/2
f 613/220/2 437/219/2 438/223/2
f 612/224/2 613/220/2 438/223/2
f 499/221/2 570/222/2 571/225/2
f 611/226/2 612/224/2 438/223/2
f 611/226/2 438/223/2 439/227/2
f 498/228/2 499/221/2 571/225/2
f 498/228/2 571/225/2 572/229/2
f 610/230/2 611/226/2 439/227/2
f 498/228/2 572/229/2 573/231/2
f 610/230/2 439/227/2 440/232/2
f 609/233/2 610/230/2 440/232/2
f 497/234/2 498/228/2 573/231/2
f 497/234/2 573/231/2 574/235/2
f 609/233/2 440/232/2 441/236/2
f 608/237/2 609/233/2 441/236/2
f 497/234/2 574/235/2 575/238/2
f 607/239/2 608/237/2 441/236/2
f 496/240/2 497/234/2 575/238/2
f 496/240/2 575/238/2 576/241/2
f 607/239/2 441/236/2 442/242/2
f 606/243/2 607/239/2 442/242/2
f 496/240/2 576/241/2 577/244/2
f 605/245/2 606/243/2 442/242/2
f 605/245/2 442/242/2 443/246/2
f 496/240/2 577/244/2 578/247/2
f 495/248/2 496/240/2 578/247/2
f 604/249/2 605/245/2 443/246/2
f 495/248/2 578/247/2 579/250/2
f 604/249/2 443/246/2 444/251/2
f 603/252/2 604/249/2 444/251/2
f 495/248/2 579/250/2 580/253/2
f 602/254/2 603/252/2 444/251/2
f 494/255/2 495/248/2 580/253/2
f 494/255/2 580/253/2 581/256/2
f 601/257/2 602/254/2 444/251/2
f 601/257/2 444/251/2 445/258/2
f 494/255/2 581/256/2 582/259/2
f 600/260/2 601/257/2 445/258/2
f 494/255/2 582/259/2 583/261/2
f 599/262/2 600/260/2 445/258/2
f 493/263/2 494/255/2 583/261/2
f 493/263/2 583/261/2 584/264/2
f 599/262/2 445/258/2 446/265/2
f 598/266/2 599/262/2 446/265/2
f 493/263/2 584/264/2 585/267/2
f 597/268/2 598/266/2 446/265/2
f 493/263/2 585/267/2 586/269/2
f 596/270/2 597/268/2 446/265/2
f 493/263/2 586/269/2 587/271/2
f 595/272/2 596/270/2 446/265/2
f 595/272/2 446/265/2 447/273/2
f 492/274/2 493/263/2 587/271/2
f 492/274/2 587/271/2 588/275/2
f 594/276/2 595/272/2 447/273/2
f 492/274/2 588/275/2 589/277/2
f 593/278/2 594/276/2 447/273/2
f 492/274/2 589/277/2 590/279/2
f 592/280/2 593/278/2 447/273/2
f 492/274/2 590/279/2 591/281/2
f 591/281/2 592/280/2 447/273/2
f 492/274/2 591/281/2 447/273/2
f 492/274/2 447/273/2 448/282/2
f 491/283/2 492/274/2 448/282/2
f 491/283/2 448/282/2 449/284/2
f 490/285/2 491/283/2 449/284/2
f 490/285/2 449/284/2 450/286/2
f 489/287/2 490/285/2 450/286/2
f 489/287/2 450/286/2 451/288/2
f 488/289/2 489/287/2 451/288/2
f 488/289/2 451/288/2 452/290/2
f 488/289/2 452/290/2 453/291/2
f 487/292/2 488/289/2 453/291/2
f 487/292/2 453/291/2 454/293/2
f 486/294/2 487/292/2 454/293/2
f 486/294/2 454/293/2 455/295/2
f 485/296/2 486/294/2 455/295/2
f 485/296/2 455/295/2 456/297/2
f 484/298/2 485/296/2 456/297/2
f 484/298/2 456/297/2 457/299/2
f 483/300/2 484/298/2 457/299/2
f 483/300/2 457/299/2 458/301/2
f 482/302/2 483/300/2 458/301/2
f 482/302/2 458/301/2 459/303/2
f 481/304/2 482/302/2 459/303/2
f 481/304/2 459/303/2 460/305/2
f 480/306/2 481/304/2 460/305/2
f 480/306/2 460/305/2 461/307/2
f 480/306/2 461/307/2 462/308/2
f 479/309/2 480/306/2 462/308/2
f 479/309/2 462/308/2 463/310/2
f 478/311/2 479/309/2 463/310/2
f 478/311/2 463/310/2 464/312/2
f 477/313/2 478/311/2 464/312/2
f 477/313/2 464/312/2 465/314/2
f 476/315/2 477/313/2 465/314/2
f 476/315/2 465/314/2 466/316/2
f 475/317/2 476/315/2 466/316/2
f 475/317/2 466/316/2 467/318/2
f 474/319/2 475/317/2 467/318/2
f 474/319/2 467/318/2 468/320/2
f 473/321/2 474/319/2 468/320/2
f 473/321/2 468/320/2 469/322/2
f 472/323/2 473/321/2 469/322/2
f 472/323/2 469/322/2 470/324/2
f 471/325/2 472/323/2 470/324/2
s 1
f 654/326/3 651/36/4 652/327/4
f 656/328/5 653/329/3 654/326/3
f 658/330/6 655/331/5 656/328/5
f 660/332/7 657/333/6 658/330/6
f 662/334/8 659/335/7 660/332/7
f 664/336/9 661/337/8 662/334/8
f 666/338/10 663/339/9 664/336/9
f 668/340/11 665/341/10 666/338/10
f 670/342/12 667/343/11 668/340/11
f 672/344/13 669/345/12 670/342/12
f 674/346/14 671/347/15 672/344/13
f 676/348/16 673/349/14 674/346/14
f 678/350/17 675/351/18 676/348/16
f 680/352/19 677/353/20 678/350/17
f 682/354/21 679/355/19 680/352/19
f 684/356/22 681/357/21 682/354/21
f 686/358/23 683/359/22 684/356/22
f 688/360/24 685/361/23 686/358/23
f 690/362/25 687/363/24 688/360/24
f 692/364/26 689/365/25 690/362/25
f 694/366/27 691/367/26 692/364/26
f 696/368/28 693/369/27 694/366/27
f 698/370/29 695/371/28 696/368/28
f 700/372/30 697/373/29 698/370/29
f 702/374/31 699/375/30 700/372/30
f 704/376/32 701/377/31 702/374/31
f 706/378/33 703/379/32 704/376/32
f 708/380/34 705/381/33 706/378/33
f 710/382/35 707/383/34 708/380/34
f 712/384/36 709/385/35 710/382/35
f 714/386/37 711/387/36 712/384/36
f 716/388/38 713/389/37 714/386/37
f 718/390/39 715/391/38 716/388/38
f 720/392/40 717/393/39 718/390/39
f 722/394/41 719/395/40 720/392/40
f 724/396/42 721/397/41 722/394/41
f 726/398/43 723/399/42 724/396/42
f 728/400/44 725/401/43 726/398/43
f 730/402/45 727/403/44 728/400/44
f 732/404/46 729/405/45 730/402/45
f 734/406/47 731/407/46 732/404/46
f 736/408/48 733/409/47 734/406/47
f 738/410/49 735/411/48 736/408/48
f 740/412/50 737/413/49 738/410/49
f 742/414/51 739/415/50 740/412/50
f 744/416/52 741/417/51 742/414/51
f 746/418/53 743/419/52 744/416/52
f 748/420/54 745/421/53 746/418/53
f 750/422/55 747/423/54 748/420/54
f 752/424/56 749/425/55 750/422/55
f 754/426/57 751/427/56 752/424/56
f 756/428/58 753/429/57 754/426/57
f 758/430/59 755/431/58 756/428/58
f 760/432/60 757/433/59 758/430/59
f 762/434/61 759/435/60 760/432/60
f 764/436/62 761/437/61 762/434/61
f 766/438/63 763/439/62 764/436/62
f 768/440/64 765/441/63 766/438/63
f 770/442/65 767/443/64 768/440/64
f 772/444/66 769/445/65 770/442/65
f 774/446/67 771/447/66 772/444/66
f 776/448/68 773/449/67 774/446/67
f 778/450/69 775/451/68 776/448/68
f 780/452/70 777/453/69 778/450/69
f 782/454/71 779/455/70 780/452/70
f 784/456/72 781/457/71 782/454/71
f 786/458/73 783/459/72 784/456/72
f 788/460/74 785/461/73 786/458/73
f 790/462/75 787/463/74 788/460/74
f 792/464/76 789/465/75 790/462/75
f 794/466/77 791/467/76 792/464/76
f 796/468/78 793/469/77 794/466/77
f 798/470/79 795/471/78 796/468/78
f 800/472/80 797/473/79 798/470/79
f 802/474/81 799/475/80 800/472/80
f 804/476/82 801/477/81 802/474/81
f 806/478/83 803/479/82 804/476/82
f 808/480/84 805/481/83 806/478/83
f 810/482/85 807/483/84 808/480/84
f 812/484/86 809/485/85 810/482/85
f 814/486/87 811/487/86 812/484/86
f 816/488/88 813/489/87 814/486/87
f 818/490/89 815/491/88 816/488/88
f 820/492/90 817/493/89 818/490/89
f 822/494/91 819/495/90 820/492/90
f 824/496/92 821/497/91 822/494/91
f 826/498/93 823/499/92 824/496/92
f 828/500/94 825/501/93 826/498/93
f 830/502/95 827/503/94 828/500/94
f 832/504/96 829/505/95 830/502/95
f 834/506/97 831/507/96 832/504/96
f 836/508/98 833/509/97 834/506/97
f 838/510/99 835/511/98 836/508/98
f 840/512/100 837/513/99 838/510/99
f 842/514/101 839/515/100 840/512/100
f 844/516/102 841/517/101 842/514/101
f 846/518/103 843/519/102 844/516/102
f 848/520/104 845/521/103 846/518/103
f 850/522/105 847/523/104 848/520/104
f 852/524/106 849/525/105 850/522/105
f 854/526/107 851/527/106 852/524/106
f 856/528/108 853/529/107 854/526/107
f 858/530/109 855/531/110 856/528/108
f 860/532/111 857/533/109 858/530/109
f 862/534/112 859/535/111 860/532/111
f 864/536/113 861/537/112 862/534/112
f 866/538/114 863/539/113 864/536/113
f 868/540/115 865/541/114 866/538/114
f 870/542/116 867/543/115 868/540/115
f 872/544/117 869/545/116 870/542/116
f 874/546/118 871/547/117 872/544/117
f 876/548/119 873/549/118 874/546/118
f 878/550/120 875/551/119 876/548/119
f 880/552/121 877/553/120 878/550/120
f 882/554/122 879/555/121 880/552/121
f 884/556/123 881/557/122 882/554/122
f 886/558/124 883/559/123 884/556/123
f 888/560/125 885/561/124 886/558/124
f 890/562/126 887/563/125 888/560/125
f 892/564/127 889/565/126 890/562/126
f 894/566/128 891/567/127 892/564/127
f 896/568/129 893/569/128 894/566/128
f 898/570/130 895/571/129 896/568/129
f 900/572/131 897/573/130 898/570/130
f 902/574/132 899/575/133 900/572/131
f 904/576/134 901/577/132 902/574/132
f 906/578/135 903/579/134 904/576/134
f 908/580/136 905/581/135 906/578/135
f 910/582/137 907/583/136 908/580/136
f 912/584/138 909/585/137 910/582/137
f 914/586/139 911/587/138 912/584/138
f 916/588/140 913/589/139 914/586/139
f 918/590/141 915/591/140 916/588/140
f 920/592/142 917/593/141 918/590/141
f 922/594/143 919/595/142 920/592/142
f 924/596/144 921/597/143 922/594/143
f 926/598/145 923/599/144 924/596/144
f 928/600/146 925/601/145 926/598/145
f 930/602/147 927/603/146 928/600/146
f 932/604/148 929/605/147 930/602/147
f 934/606/149 931/607/148 932/604/148
f 936/608/150 933/609/149 934/606/149
f 938/610/151 935/611/150 936/608/150
f 940/612/152 937/613/151 938/610/151
f 942/614/153 939/615/152 940/612/152
f 944/616/154 941/617/153 942/614/153
f 946/618/155 943/619/154 944/616/154
f 948/620/156 945/621/155 946/618/155
f 950/622/157 947/623/156 948/620/156
f 952/624/158 949/625/157 950/622/157
f 954/626/159 951/627/158 952/624/158
f 956/628/160 953/629/159 954/626/159
f 958/630/161 955/631/160 956/628/160
f 960/632/162 957/633/161 958/630/161
f 962/634/163 959/635/162 960/632/162
f 964/636/164 961/637/163 962/634/163
f 966/638/165 963/639/164 964/636/164
f 968/640/166 965/641/165 966/638/165
f 970/642/167 967/643/166 968/640/166
f 972/644/168 969/645/167 970/642/167
f 974/646/169 971/647/168 972/644/168
f 976/648/170 973/649/169 974/646/169
f 978/650/171 975/651/170 976/648/170
f 980/652/172 977/653/171 978/650/171
f 982/654/173 979/655/172 980/652/172
f 984/656/174 981/657/173 982/654/173
f 986/658/175 983/659/174 984/656/174
f 988/660/176 985/661/175 986/658/175
f 990/662/177 987/663/176 988/660/176
f 992/664/178 989/665/177 990/662/177
f 994/666/179 991/667/178 992/664/178
f 996/668/180 993/669/179 994/666/179
f 998/670/181 995/671/180 996/668/180
f 1000/672/182 997/673/181 998/670/181
f 1002/674/183 999/675/182 1000/672/182
f 1004/676/184 1001/677/183 1002/674/183
f 1006/678/185 1003/679/184 1004/676/184
f 1008/680/186 1005/681/185 1006/678/185
f 1010/682/187 1007/683/186 1008/680/186
f 1012/684/188 1009/685/187 1010/682/187
f 1014/686/189 1011/687/188 1012/684/188
f 1016/688/190 1013/689/189 1014/686/189
f 1018/690/191 1015/691/190 1016/688/190
f 1020/692/192 1017/693/191 1018/690/191
f 1022/694/193 1019/695/194 1020/692/192
f 1024/696/195 1021/697/193 1022/694/193
f 1026/698/196 1023/699/195 1024/696/195
f 1028/700/197 1025/701/196 1026/698/196
f 1030/702/198 1027/703/197 1028/700/197
f 1032/704/199 1029/705/198 1030/702/198
f 1034/706/200 1031/707/199 1032/704/199
f 1036/708/201 1033/709/200 1034/706/200
f 1038/710/202 1035/711/201 1036/708/201
f 1040/712/203 1037/713/202 1038/710/202
f 1042/714/204 1039/715/203 1040/712/203
f 1044/716/205 1041/717/204 1042/714/204
f 1046/718/206 1043/719/205 1044/716/205
f 1048/720/207 1045/721/206 1046/718/206
f 1050/722/208 1047/723/207 1048/720/207
f 1052/724/209 1049/725/208 1050/722/208
f 1054/726/210 1051/727/209 1052/724/209
f 1056/728/211 1053/729/210 1054/726/210
f 1058/730/212 1055/731/211 1056/728/211
f 1060/732/213 1057/733/212 1058/730/212
f 1062/734/214 1059/735/213 1060/732/213
f 1064/736/215 1061/737/214 1062/734/214
f 1066/738/216 1063/739/215 1064/736/215
f 1068/740/217 1065/741/216 1066/738/216
f 1070/742/218 1067/743/217 1068/740/217
f 1072/744/219 1069/745/218 1070/742/218
f 1074/746/220 1071/747/219 1072/744/219
f 1076/748/221 1073/749/220 1074/746/220
f 1078/750/222 1075/751/221 1076/748/221
f 1080/752/223 1077/753/222 1078/750/222
f 1082/754/224 1079/755/223 1080/752/223
f 1084/756/225 1081/757/224 1082/754/224
f 1086/758/226 1083/759/225 1084/756/225
f 1088/760/227 1085/761/226 1086/758/226
f 1090/762/228 1087/763/227 1088/760/227
f 1092/764/229 1089/765/228 1090/762/228
f 1094/766/230 1091/767/229 1092/764/229
f 1096/768/231 1093/769/230 1094/766/230
f 1098/770/232 1095/771/231 1096/768/231
f 1100/772/233 1097/773/232 1098/770/232
f 1102/774/234 1099/775/233 1100/772/233
f 1104/776/235 1101/777/234 1102/774/234
f 1106/778/236 1103/779/235 1104/776/235
f 1108/780/237 1105/781/236 1106/778/236
f 652/782/4 1107/783/237 1108/780/237
f 1112/784/238 1109/36/239 1110/327/239
f 1114/785/240 1111/786/238 1112/784/238
f 1116/787/241 1113/788/240 1114/785/240
f 1118/789/242 1115/790/241 1116/787/241
f 1120/791/243 1117/792/242 1118/789/242
f 1122/793/244 1119/794/243 1120/791/243
f 1124/795/245 1121/796/244 1122/793/244
f 1126/797/246 1123/798/245 1124/795/245
f 1128/799/247 1125/65/246 1126/797/246
f 1130/800/248 1127/801/247 1128/799/247
f 1132/802/249 1129/803/248 1130/800/248
f 1134/804/250 1131/805/249 1132/802/249
f 1136/806/251 1133/807/250 1134/804/250
f 1138/808/252 1135/809/251 1136/806/251
f 1140/810/253 1137/811/252 1138/808/252
f 1142/812/254 1139/813/253 1140/810/253
f 1144/814/255 1141/97/254 1142/812/254
f 1146/815/256 1143/816/255 1144/814/255
f 1148/817/257 1145/818/256 1146/815/256
f 1150/819/258 1147/820/257 1148/817/257
f 1152/821/259 1149/822/258 1150/819/258
f 1154/823/260 1151/824/259 1152/821/259
f 1156/825/261 1153/826/260 1154/823/260
f 1158/827/262 1155/828/261 1156/825/261
f 1160/829/263 1157/109/262 1158/827/262
f 1162/830/264 1159/831/263 1160/829/263
f 1164/832/265 1161/833/264 1162/830/264
f 1166/834/266 1163/835/265 1164/832/265
f 1168/836/267 1165/837/268 1166/834/266
f 1170/838/269 1167/839/267 1168/836/267
f 1172/840/270 1169/841/269 1170/838/269
f 1174/842/271 1171/843/270 1172/840/270
f 1176/844/272 1173/204/271 1174/842/271
f 1178/845/273 1175/846/272 1176/844/272
f 1180/847/274 1177/848/273 1178/845/273
f 1182/849/275 1179/850/274 1180/847/274
f 1184/851/276 1181/852/275 1182/849/275
f 1186/853/277 1183/854/276 1184/851/276
f 1188/855/278 1185/856/277 1186/853/277
f 1190/857/279 1187/858/278 1188/855/278
f 1192/859/280 1189/307/279 1190/857/279
f 1194/860/281 1191/861/280 1192/859/280
f 1196/862/282 1193/863/281 1194/860/281
f 1198/864/283 1195/865/282 1196/862/282
f 1200/866/284 1197/867/283 1198/864/283
f 1202/868/285 1199/869/284 1200/866/284
f 1204/870/286 1201/871/285 1202/868/285
f 1206/872/287 1203/873/286 1204/870/286
f 1208/874/288 1205/289/287 1206/872/287
f 1210/875/289 1207/876/288 1208/874/288
f 1212/877/290 1209/878/289 1210/875/289
f 1214/879/291 1211/880/290 1212/877/290
f 1216/881/292 1213/882/291 1214/879/291
f 1218/883/293 1215/884/292 1216/881/292
f 1220/885/294 1217/886/293 1218/883/293
f 1222/887/295 1219/888/294 1220/885/294
f 1224/889/296 1221/72/295 1222/887/295
f 1226/890/297 1223/891/296 1224/889/296
f 1228/892/298 1225/893/297 1226/890/297
f 1230/894/299 1227/895/298 1228/892/298
f 1232/896/300 1229/897/299 1230/894/299
f 1234/898/301 1231/899/300 1232/896/300
f 1236/900/302 1233/901/301 1234/898/301
f 1238/902/303 1235/903/302 1236/900/302
f 1240/904/304 1237/17/303 1238/902/303
f 1242/905/305 1239/906/304 1240/904/304
f 1244/907/306 1241/908/305 1242/905/305
f 1246/909/307 1243/910/306 1244/907/306
f 1248/911/308 1245/912/307 1246/909/307
f 1250/913/309 1247/914/308 1248/911/308
f 1252/915/310 1249/916/309 1250/913/309
f 1254/917/311 1251/918/310 1252/915/310
f 1256/919/312 1253/218/311 1254/917/311
f 1258/920/313 1255/921/312 1256/919/312
f 1260/922/314 1257/923/313 1258/920/313
f 1262/924/315 1259/925/314 1260/922/314
f 1264/926/316 1261/927/315 1262/924/315
f 1266/928/317 1263/929/316 1264/926/316
f 1268/930/318 1265/931/317 1266/928/317
f 1270/932/319 1267/933/318 1268/930/318
f 1272/934/320 1269/270/319 1270/932/319
f 1274/935/321 1271/936/320 1272/934/320
f 1276/937/322 1273/938/321 1274/935/321
f 1278/939/323 1275/940/322 1276/937/322
f 1280/941/324 1277/942/323 1278/939/323
f 1282/943/325 1279/944/324 1280/941/324
f 1284/945/326 1281/946/325 1282/943/325
f 1286/947/327 1283/948/326 1284/945/326
f 1288/949/328 1285/190/327 1286/947/327
f 1290/950/329 1287/951/328 1288/949/328
f 1292/952/330 1289/953/329 1290/950/329
f 1294/954/331 1291/955/330 1292/952/330
f 1296/956/332 1293/957/331 1294/954/331
f 1298/958/333 1295/959/332 1296/956/332
f 1300/960/334 1297/961/333 1298/958/333
f 1110/782/239 1299/962/334 1300/960/334
f 654/326/3 653/329/3 651/36/4
f 656/328/5 655/331/5 653/329/3
f 658/330/6 657/333/6 655/331/5
f 660/332/7 659/335/7 657/333/6
f 662/334/8 661/337/8 659/335/7
f 664/336/9 663/339/9 661/337/8
f 666/338/10 665/341/10 663/339/9
f 668/340/11 667/343/11 665/341/10
f 670/342/12 669/345/12 667/343/11
f 672/344/13 671/347/15 669/345/12
f 674/346/14 673/349/14 671/347/15
f 676/348/16 675/351/18 673/349/14
f 678/350/17 677/353/20 675/351/18
f 680/352/19 679/355/19 677/353/20
f 682/354/21 681/357/21 679/355/19
f 684/356/22 683/359/22 681/357/21
f 686/358/23 685/361/23 683/359/22
f 688/360/24 687/363/24 685/361/23
f 690/362/25 689/365/25 687/363/24
f 692/364/26 691/367/26 689/365/25
f 694/366/27 693/369/27 691/367/26
f 696/368/28 695/371/28 693/369/27
f 698/370/29 697/373/29 695/371/28
f 700/372/30 699/375/30 697/373/29
f 702/374/31 701/377/31 699/375/30
f 704/376/32 703/379/32 701/377/31
f 706/378/33 705/381/33 703/379/32
f 708/380/34 707/383/34 705/381/33
f 710/382/35 709/385/35 707/383/34
f 712/384/36 711/387/36 709/385/35
f 714/386/37 713/389/37 711/387/36
f 716/388/38 715/391/38 713/389/37
f 718/390/39 717/393/39 715/391/38
f 720/392/40 719/395/40 717/393/39
f 722/394/41 721/397/41 719/395/40
f 724/396/42 723/399/42 721/397/41
f 726/398/43 725/401/43 723/399/42
f 728/400/44 727/403/44 725/401/43
f 730/402/45 729/405/45 727/403/44
f 732/404/46 731/407/46 729/405/45
f 734/406/47 733/409/47 731/407/46
f 736/408/48 735/411/48 733/409/47
f 738/410/49 737/413/49 735/411/48
f 740/412/50 739/415/50 737/413/49
f 742/414/51 741/417/51 739/415/50
f 744/416/52 743/419/52 741/417/51
f 746/418/53 745/421/53 743/419/52
f 748/420/54 747/423/54 745/421/53
f 750/422/55 749/425/55 747/423/54
f 752/424/56 751/427/56 749/425/55
f 754/426/57 753/429/57 751/427/56
f 756/428/58 755/431/58 753/429/57
f 758/430/59 757/433/59 755/431/58
f 760/432/60 759/435/60 757/433/59
f 762/434/61 761/437/61 759/435/60
f 764/436/62 763/439/62 761/437/61
f 766/438/63 765/441/63 763/439/62
f 768/440/64 767/443/64 765/441/63
f 770/442/65 769/445/65 767/443/64
f 772/444/66 771/447/66 769/445/65
f 774/446/67 773/449/67 771/447/66
f 776/448/68 775/451/68 773/449/67
f 778/450/69 777/453/69 775/451/68
f 780/452/70 779/455/70 777/453/69
f 782/454/71 781/457/71 779/455/70
f 784/456/72 783/459/72 781/457/71
f 786/458/73 785/461/73 783/459/72
f 788/460/74 787/463/74 785/461/73
f 790/462/75 789/465/75 787/463/74
f 792/464/76 791/467/76 789/465/75
f 794/466/77 793/469/77 791/467/76
f 796/468/78 795/471/78 793/469/77
f 798/470/79 797/473/79 795/471/78
f 800/472/80 799/475/80 797/473/79
f 802/474/81 801/477/81 799/475/80
f 804/476/82 803/479/82 801/477/81
f 806/478/83 805/481/83 803/479/82
f 808/480/84 807/483/84 805/481/83
f 810/482/85 809/485/85 807/483/84
f 812/484/86 811/487/86 809/485/85
f 814/486/87 813/489/87 811/487/86
f 816/488/88 815/491/88 813/489/87
f 818/490/89 817/493/89 815/491/88
f 820/492/90 819/495/90 817/493/89
f 822/494/91 821/497/91 819/495/90
f 824/496/92 823/499/92 821/497/91
f 826/498/93 825/501/93 823/499/92
f 828/500/94 827/503/94 825/501/93
f 830/502/95 829/505/95 827/503/94
f 832/504/96 831/507/96 829/505/95
f 834/506/97 833/509/97 831/507/96
f 836/508/98 835/511/98 833/509/97
f 838/510/99 837/513/99 835/511/98
f 840/512/100 839/515/100 837/513/99
f 842/514/101 841/517/101 839/515/100
f 844/516/102 843/519/102 841/517/101
f 846/518/103 845/521/103 843/519/102
f 848/520/104 847/523/104 845/521/103
f 850/522/105 849/525/105 847/523/104
f 852/524/106 851/527/106 849/525/105
f 854/526/107 853/529/107 851/527/106
f 856/528/108 855/531/110 853/529/107
f 858/530/109 857/533/109 855/531/110
f 860/532/111 859/535/111 857/533/109
f 862/534/112 861/537/112 859/535/111
f 864/536/113 863/539/113 861/537/112
f 866/538/114 865/541/114 863/539/113
f 868/540/115 867/543/115 865/541/114
f 870/542/116 869/545/116 867/543/115
f 872/544/117 871/547/117 869/545/116
f 874/546/118 873/549/118 871/547/117
f 876/548/119 875/551/119 873/549/118
f 878/550/120 877/553/120 875/551/119
f 880/552/121 879/555/121 877/553/120
f 882/554/122 881/557/122 879/555/121
f 884/556/123 883/559/123 881/557/122
f 886/558/124 885/561/124 883/559/123
f 888/560/125 887/563/125 885/561/124
f 890/562/126 889/565/126 887/563/125
f 892/564/127 891/567/127 889/565/126
f 894/566/128 893/569/128 891/567/127
f 896/568/129 895/571/129 893/569/128
f 898/570/130 897/573/130 895/571/129
f 900/572/131 899/575/133 897/573/130
f 902/574/132 901/577/132 899/575/133
f 904/576/134 903/579/134 901/577/132
f 906/578/135 905/581/135 903/579/134
f 908/580/136 907/583/136 905/581/135
f 910/582/137 909/585/137 907/583/136
f 912/584/138 911/587/138 909/585/137
f 914/586/139 913/589/139 911/587/138
f 916/588/140 915/591/140 913/589/139
f 918/590/141 917/593/141 915/591/140
f 920/592/142 919/595/142 917/593/141
f 922/594/143 921/597/143 919/595/142
f 924/596/144 923/599/144 921/597/143
f 926/598/145 925/601/145 923/599/144
f 928/600/146 927/603/146 925/601/145
f 930/602/147 929/605/147 927/603/146
f 932/604/148 931/607/148 929/605/147
f 934/606/149 933/609/149 931/607/148
f 936/608/150 935/611/150 933/609/149
f 938/610/151 937/613/151 935/611/150
f 940/612/152 939/615/152 937/613/151
f 942/614/153 941/617/153 939/615/152
f 944/616/154 943/619/154 941/617/153
f 946/618/155 945/621/155 943/619/154
f 948/620/156 947/623/156 945/621/155
f 950/622/157 949/625/157 947/623/156
f 952/624/158 951/627/158 949/625/157
f 954/626/159 953/629/159 951/627/158
f 956/628/160 955/631/160 953/629/159
f 958/630/161 957/633/161 955/631/160
f 960/632/162 959/635/162 957/633/161
f 962/634/163 961/637/163 959/635/162
f 964/636/164 963/639/164 961/637/163
f 966/638/165 965/641/165 963/639/164
f 968/640/166 967/643/166 965/641/165
f 970/642/167 969/645/167 967/643/166
f 972/644/168 971/647/168 969/645/167
f 974/646/169 973/649/169 971/647/168
f 976/648/170 975/651/170 973/649/169
f 978/650/171 977/653/171 975/651/170
f 980/652/172 979/655/172 977/653/171
f 982/654/173 981/657/173 979/655/172
f 984/656/174 983/659/174 981/657/173
f 986/658/175 985/661/175 983/659/174
f 988/660/176 987/663/176 985/661/175
f 990/662/177 989/665/177 987/663/176
f 992/664/178 991/667/178 989/665/177
f 994/666/179 993/669/179 991/667/178
f 996/668/180 995/671/180 993/669/179
f 998/670/181 997/673/181 995/671/180
f 1000/672/182 999/675/182 997/673/181
f 1002/674/183 1001/677/183 999/675/182
f 1004/676/184 1003/679/184 1001/677/183
f 1006/678/185 1005/681/185 1003/679/184
f 1008/680/186 1007/683/186 1005/681/185
f 1010/682/187 1009/685/187 1007/683/186
f 1012/684/188 1011/687/188 1009/685/187
f 1014/686/189 1013/689/189 1011/687/188
f 1016/688/190 1015/691/190 1013/689/189
f 1018/690/191 1017/693/191 1015/691/190
f 1020/692/192 1019/695/194 1017/693/191
f 1022/694/193 1021/697/193 1019/695/194
f 1024/696/195 1023/699/195 1021/697/193
f 1026/698/196 1025/701/196 1023/699/195
f 1028/700/197 1027/703/197 1025/701/196
f 1030/702/198 1029/705/198 1027/703/197
f 1032/704/199 1031/707/199 1029/705/198
f 1034/706/200 1033/709/200 1031/707/199
f 1036/708/201 1035/711/201 1033/709/200
f 1038/710/202 1037/713/202 1035/711/201
f 1040/712/203 1039/715/203 1037/713/202
f 1042/714/204 1041/717/204 1039/715/203
f 1044/716/205 1043/719/205 1041/717/204
f 1046/718/206 1045/721/206 1043/719/205
f 1048/720/207 1047/723/207 1045/721/206
f 1050/722/208 1049/725/208 1047/723/207
f 1052/724/209 1051/727/209 1049/725/208
f 1054/726/210 1053/729/210 1051/727/209
f 1056/728/211 1055/731/211 1053/729/210
f 1058/730/212 1057/733/212 1055/731/211
f 1060/732/213 1059/735/213 1057/733/212
f 1062/734/214 1061/737/214 1059/735/213
f 1064/736/215 1063/739/215 1061/737/214
f 1066/738/216 1065/741/216 1063/739/215
f 1068/740/217 1067/743/217 1065/741/216
f 1070/742/218 1069/745/218 1067/743/217
f 1072/744/219 1071/747/219 1069/745/218
f 1074/746/220 1073/749/220 1071/747/219
f 1076/748/221 1075/751/221 1073/749/220
f 1078/750/222 1077/753/222 1075/751/221
f 1080/752/223 1079/755/223 1077/753/222
f 1082/754/224 1081/757/224 1079/755/223
f 1084/756/225 1083/759/225 1081/757/224
f 1086/758/226 1085/761/226 1083/759/225
f 1088/760/227 1087/763/227 1085/761/226
f 1090/762/228 1089/765/228 1087/763/227
f 1092/764/229 1091/767/229 1089/765/228
f 1094/766/230 1093/769/230 1091/767/229
f 1096/768/231 1095/771/231 1093/769/230
f 1098/770/232 1097/773/232 1095/771/231
f 1100/772/233 1099/775/233 1097/773/232
f 1102/774/234 1101/777/234 1099/775/233
f 1104/776/235 1103/779/235 1101/777/234
f 1106/778/236 1105/781/236 1103/779/235
f 1108/780/237 1107/783/237 1105/781/236
f 652/782/4 651/175/4 1107/783/237
f 1112/784/238 1111/786/238 1109/36/239
f 1114/785/240 1113/788/240 1111/786/238
f 1116/787/241 1115/790/241 1113/788/240
f 1118/789/242 1117/792/242 1115/790/241
f 1120/791/243 1119/794/243 1117/792/242
f 1122/793/244 1121/796/244 1119/794/243
f 1124/795/245 1123/798/245 1121/796/244
f 1126/797/246 1125/65/246 1123/798/245
f 1128/799/247 1127/801/247 1125/65/246
f 1130/800/248 1129/803/248 1127/801/247
f 1132/802/249 1131/805/249 1129/803/248
f 1134/804/250 1133/807/250 1131/805/249
f 1136/806/251 1135/809/251 1133/807/250
f 1138/808/252 1137/811/252 1135/809/251
f 1140/810/253 1139/813/253 1137/811/252
f 1142/812/254 1141/97/254 1139/813/253
f 1144/814/255 1143/816/255 1141/97/254
f 1146/815/256 1145/818/256 1143/816/255
f 1148/817/257 1147/820/257 1145/818/256
f 1150/819/258 1149/822/258 1147/820/257
f 1152/821/259 1151/824/259 1149/822/258
f 1154/823/260 1153/826/260 1151/824/259
f 1156/825/261 1155/828/261 1153/826/260
f 1158/827/262 1157/109/262 1155/828/261
f 1160/829/263 1159/831/263 1157/109/262
f 1162/830/264 1161/833/264 1159/831/263
f 1164/832/265 1163/835/265 1161/833/264
f 1166/834/266 1165/837/268 1163/835/265
f 1168/836/267 1167/839/267 1165/837/268
f 1170/838/269 1169/841/269 1167/839/267
f 1172/840/270 1171/843/270 1169/841/269
f 1174/842/271 1173/204/271 1171/843/270
f 1176/844/272 1175/846/272 1173/204/271
f 1178/845/273 1177/848/273 1175/846/272
f 1180/847/274 1179/850/274 1177/848/273
f 1182/849/275 1181/852/275 1179/850/274
f 1184/851/276 1183/854/276 1181/852/275
f 1186/853/277 1185/856/277 1183/854/276
f 1188/855/278 1187/858/278 1185/856/277
f 1190/857/279 1189/307/279 1187/858/278
f 1192/859/280 1191/861/280 1189/307/279
f 1194/860/281 1193/863/281 1191/861/280
f 1196/862/282 1195/865/282 1193/863/281
f 1198/864/283 1197/867/283 1195/865/282
f 1200/866/284 1199/869/284 1197/867/283
f 1202/868/285 1201/871/285 1199/869/284
f 1204/870/286 1203/873/286 1201/871/285
f 1206/872/287 1205/289/287 1203/873/286
f 1208/874/288 1207/876/288 1205/289/287
f 1210/875/289 1209/878/289 1207/876/288
f 1212/877/290 1211/880/290 1209/878/289
f 1214/879/291 1213/882/291 1211/880/290
f 1216/881/292 1215/884/292 1213/882/291
f 1218/883/293 1217/886/293 1215/884/292
f 1220/885/294 1219/888/294 1217/886/293
f 1222/887/295 1221/72/295 1219/888/294
f 1224/889/296 1223/891/296 1221/72/295
f 1226/890/297 1225/893/297 1223/891/296
f 1228/892/298 1227/895/298 1225/893/297
f 1230/894/299 1229/897/299 1227/895/298
f 1232/896/300 1231/899/300 1229/897/299
f 1234/898/301 1233/901/301 1231/899/300
f 1236/900/302 1235/903/302 1233/901/301
f 1238/902/303 1237/17/303 1235/903/302
f 1240/904/304 1239/906/304 1237/17/303
f 1242/905/305 1241/908/305 1239/906/304
f 1244/907/306 1243/910/306 1241/908/305
f 1246/909/307 1245/912/307 1243/910/306
f 1248/911/308 1247/914/308 1245/912/307
f 1250/913/309 1249/916/309 1247/914/308
f 1252/915/310 1251/918/310 1249/916/309
f 1254/917/311 1253/218/311 1251/918/310
f 1256/919/312 1255/921/312 1253/218/311
f 1258/920/313 1257/923/313 1255/921/312
f 1260/922/314 1259/925/314 1257/923/313
f 1262/924/315 1261/927/315 1259/925/314
f 1264/926/316 1263/929/316 1261/927/315
f 1266/928/317 1265/931/317 1263/929/316
f 1268/930/318 1267/933/318 1265/931/317
f 1270/932/319 1269/270/319 1267/933/318
f 1272/934/320 1271/936/320 1269/270/319
f 1274/935/321 1273/938/321 1271/936/320
f 1276/937/322 1275/940/322 1273/938/321
f 1278/939/323 1277/942/323 1275/940/322
f 1280/941/324 1279/944/324 1277/942/323
f 1282/943/325 1281/946/325 1279/944/324
f 1284/945/326 1283/948/326 1281/946/325
f 1286/947/327 1285/190/327 1283/948/326
f 1288/949/328 1287/951/328 1285/190/327
f 1290/950/329 1289/953/329 1287/951/328
f 1292/952/330 1291/955/330 1289/953/329
f 1294/954/331 1293/957/331 1291/955/330
f 1296/956/332 1295/959/332 1293/957/331
f 1298/958/333 1297/961/333 1295/959/332
f 1300/960/334 1299/962/334 1297/961/333
f 1110/782/239 1109/175/239 1299/962/334
