# Blender 4.4.1
# www.blender.org
mtllib 8.mtl
o テキスト
v -0.189322 -0.056375 0.010000
v -0.185651 -0.051234 0.010000
v -0.181663 -0.046291 0.010000
v -0.177358 -0.041546 0.010000
v -0.172735 -0.036998 0.010000
v -0.167796 -0.032648 0.010000
v -0.162540 -0.028495 0.010000
v -0.156966 -0.024540 0.010000
v -0.151075 -0.020782 0.010000
v -0.144867 -0.017222 0.010000
v -0.138342 -0.013860 0.010000
v -0.131500 -0.010695 0.010000
v -0.124341 -0.007727 0.010000
v -0.129835 -0.004713 0.010000
v -0.135074 -0.001639 0.010000
v -0.140060 0.001493 0.010000
v -0.144792 0.004683 0.010000
v -0.149270 0.007932 0.010000
v -0.153495 0.011240 0.010000
v -0.157466 0.014606 0.010000
v -0.161183 0.018031 0.010000
v -0.164647 0.021514 0.010000
v -0.167857 0.025056 0.010000
v -0.170813 0.028656 0.010000
v -0.173516 0.032315 0.010000
v -0.176882 0.037413 0.010000
v -0.179956 0.042637 0.010000
v -0.182736 0.047989 0.010000
v -0.185224 0.053468 0.010000
v -0.187420 0.059073 0.010000
v -0.189322 0.064805 0.010000
v -0.190932 0.070664 0.010000
v -0.192249 0.076650 0.010000
v -0.193274 0.082763 0.010000
v -0.194005 0.089002 0.010000
v -0.194444 0.095368 0.010000
v -0.194591 0.101862 0.010000
v -0.194169 0.112470 0.010000
v -0.192903 0.122751 0.010000
v -0.190793 0.132705 0.010000
v -0.187839 0.142333 0.010000
v -0.184041 0.151634 0.010000
v -0.179399 0.160608 0.010000
v -0.173914 0.169255 0.010000
v -0.167584 0.177575 0.010000
v -0.160410 0.185568 0.010000
v -0.152392 0.193235 0.010000
v -0.143531 0.200574 0.010000
v -0.133825 0.207587 0.010000
v -0.125710 0.212636 0.010000
v -0.117170 0.217246 0.010000
v -0.108206 0.221417 0.010000
v -0.098817 0.225149 0.010000
v -0.089005 0.228442 0.010000
v -0.078767 0.231296 0.010000
v -0.068105 0.233711 0.010000
v -0.057019 0.235687 0.010000
v -0.045508 0.237223 0.010000
v -0.033573 0.238321 0.010000
v -0.021214 0.238980 0.010000
v -0.008430 0.239199 0.010000
v 0.008407 0.238926 0.010000
v 0.024495 0.238106 0.010000
v 0.039834 0.236740 0.010000
v 0.054424 0.234828 0.010000
v 0.068265 0.232369 0.010000
v 0.081358 0.229364 0.010000
v 0.093701 0.225813 0.010000
v 0.105296 0.221715 0.010000
v 0.116142 0.217071 0.010000
v 0.126239 0.211880 0.010000
v 0.135587 0.206143 0.010000
v 0.144187 0.199860 0.010000
v 0.152069 0.193161 0.010000
v 0.159266 0.186180 0.010000
v 0.165778 0.178916 0.010000
v 0.171604 0.171369 0.010000
v 0.176744 0.163540 0.010000
v 0.181200 0.155427 0.010000
v 0.184969 0.147031 0.010000
v 0.188054 0.138352 0.010000
v 0.190453 0.129391 0.010000
v 0.192166 0.120146 0.010000
v 0.193194 0.110618 0.010000
v 0.193537 0.100808 0.010000
v 0.193400 0.095044 0.010000
v 0.192991 0.089344 0.010000
v 0.192308 0.083707 0.010000
v 0.191352 0.078133 0.010000
v 0.190122 0.072623 0.010000
v 0.188620 0.067176 0.010000
v 0.186844 0.061793 0.010000
v 0.184795 0.056473 0.010000
v 0.182473 0.051216 0.010000
v 0.179877 0.046023 0.010000
v 0.177009 0.040893 0.010000
v 0.173867 0.035827 0.010000
v 0.171291 0.032090 0.010000
v 0.168481 0.028373 0.010000
v 0.165437 0.024675 0.010000
v 0.162159 0.020997 0.010000
v 0.158647 0.017338 0.010000
v 0.154900 0.013699 0.010000
v 0.150919 0.010079 0.010000
v 0.146704 0.006479 0.010000
v 0.142255 0.002898 0.010000
v 0.137572 -0.000663 0.010000
v 0.132654 -0.004205 0.010000
v 0.127503 -0.007727 0.010000
v 0.134321 -0.011155 0.010000
v 0.140845 -0.014762 0.010000
v 0.147074 -0.018550 0.010000
v 0.153007 -0.022519 0.010000
v 0.158645 -0.026668 0.010000
v 0.163988 -0.030998 0.010000
v 0.169036 -0.035508 0.010000
v 0.173789 -0.040198 0.010000
v 0.178247 -0.045069 0.010000
v 0.182409 -0.050121 0.010000
v 0.186277 -0.055353 0.010000
v 0.189849 -0.060766 0.010000
v 0.193131 -0.066317 0.010000
v 0.196128 -0.071967 0.010000
v 0.198839 -0.077713 0.010000
v 0.201265 -0.083558 0.010000
v 0.203405 -0.089500 0.010000
v 0.205260 -0.095539 0.010000
v 0.206830 -0.101676 0.010000
v 0.208114 -0.107911 0.010000
v 0.209113 -0.114243 0.010000
v 0.209826 -0.120673 0.010000
v 0.210254 -0.127200 0.010000
v 0.210397 -0.133825 0.010000
v 0.210274 -0.140229 0.010000
v 0.209904 -0.146563 0.010000
v 0.209288 -0.152825 0.010000
v 0.208426 -0.159017 0.010000
v 0.207317 -0.165139 0.010000
v 0.205962 -0.171189 0.010000
v 0.204361 -0.177169 0.010000
v 0.202513 -0.183078 0.010000
v 0.200419 -0.188916 0.010000
v 0.198079 -0.194683 0.010000
v 0.195492 -0.200380 0.010000
v 0.192659 -0.206006 0.010000
v 0.189647 -0.211491 0.010000
v 0.186522 -0.216763 0.010000
v 0.183285 -0.221823 0.010000
v 0.179936 -0.226671 0.010000
v 0.176475 -0.231307 0.010000
v 0.172901 -0.235731 0.010000
v 0.169216 -0.239942 0.010000
v 0.165418 -0.243941 0.010000
v 0.161508 -0.247728 0.010000
v 0.157485 -0.251303 0.010000
v 0.153351 -0.254665 0.010000
v 0.149104 -0.257815 0.010000
v 0.144714 -0.260792 0.010000
v 0.140148 -0.263635 0.010000
v 0.135406 -0.266344 0.010000
v 0.130488 -0.268919 0.010000
v 0.125395 -0.271359 0.010000
v 0.120126 -0.273665 0.010000
v 0.114682 -0.275837 0.010000
v 0.109062 -0.277875 0.010000
v 0.103267 -0.279779 0.010000
v 0.097295 -0.281549 0.010000
v 0.091149 -0.283184 0.010000
v 0.084826 -0.284686 0.010000
v 0.078381 -0.286060 0.010000
v 0.071864 -0.287315 0.010000
v 0.065277 -0.288451 0.010000
v 0.058619 -0.289467 0.010000
v 0.051891 -0.290363 0.010000
v 0.045091 -0.291140 0.010000
v 0.038221 -0.291797 0.010000
v 0.031280 -0.292335 0.010000
v 0.024269 -0.292753 0.010000
v 0.017187 -0.293052 0.010000
v 0.010034 -0.293231 0.010000
v 0.002810 -0.293291 0.010000
v -0.010562 -0.293157 0.010000
v -0.023397 -0.292755 0.010000
v -0.035695 -0.292084 0.010000
v -0.047457 -0.291145 0.010000
v -0.058683 -0.289937 0.010000
v -0.069371 -0.288462 0.010000
v -0.079523 -0.286717 0.010000
v -0.089139 -0.284705 0.010000
v -0.098217 -0.282424 0.010000
v -0.106760 -0.279875 0.010000
v -0.114765 -0.277058 0.010000
v -0.122234 -0.273973 0.010000
v -0.129291 -0.270626 0.010000
v -0.136059 -0.267026 0.010000
v -0.142540 -0.263172 0.010000
v -0.148734 -0.259064 0.010000
v -0.154639 -0.254703 0.010000
v -0.160256 -0.250088 0.010000
v -0.165586 -0.245219 0.010000
v -0.170628 -0.240097 0.010000
v -0.175382 -0.234721 0.010000
v -0.179848 -0.229091 0.010000
v -0.184027 -0.223208 0.010000
v -0.187917 -0.217071 0.010000
v -0.191508 -0.210746 0.010000
v -0.194786 -0.204299 0.010000
v -0.197752 -0.197730 0.010000
v -0.200406 -0.191039 0.010000
v -0.202748 -0.184227 0.010000
v -0.204777 -0.177292 0.010000
v -0.206494 -0.170235 0.010000
v -0.207899 -0.163057 0.010000
v -0.208992 -0.155756 0.010000
v -0.209772 -0.148334 0.010000
v -0.210241 -0.140789 0.010000
v -0.210397 -0.133123 0.010000
v -0.210251 -0.125667 0.010000
v -0.209811 -0.118404 0.010000
v -0.209080 -0.111334 0.010000
v -0.208055 -0.104457 0.010000
v -0.206738 -0.097772 0.010000
v -0.205128 -0.091280 0.010000
v -0.203226 -0.084981 0.010000
v -0.201030 -0.078874 0.010000
v -0.198542 -0.072961 0.010000
v -0.195762 -0.067239 0.010000
v -0.192688 -0.061711 0.010000
v -0.043730 0.135757 0.010000
v -0.046339 0.132968 0.010000
v -0.048721 0.130044 0.010000
v -0.050876 0.126987 0.010000
v -0.052804 0.123795 0.010000
v -0.054505 0.120469 0.010000
v -0.055980 0.117009 0.010000
v -0.057228 0.113415 0.010000
v -0.058248 0.109687 0.010000
v -0.059042 0.105824 0.010000
v -0.059610 0.101827 0.010000
v -0.059950 0.097697 0.010000
v -0.060063 0.093432 0.010000
v -0.059947 0.089055 0.010000
v -0.059600 0.084821 0.010000
v -0.059020 0.080732 0.010000
v -0.058209 0.076787 0.010000
v -0.057167 0.072985 0.010000
v -0.055892 0.069327 0.010000
v -0.054386 0.065814 0.010000
v -0.052648 0.062444 0.010000
v -0.050678 0.059218 0.010000
v -0.048477 0.056136 0.010000
v -0.046044 0.053198 0.010000
v -0.043379 0.050404 0.010000
v -0.040521 0.047795 0.010000
v -0.037510 0.045413 0.010000
v -0.034345 0.043258 0.010000
v -0.031027 0.041330 0.010000
v -0.027555 0.039629 0.010000
v -0.023929 0.038154 0.010000
v -0.020149 0.036907 0.010000
v -0.016216 0.035886 0.010000
v -0.012129 0.035092 0.010000
v -0.007888 0.034525 0.010000
v -0.003494 0.034184 0.010000
v 0.001054 0.034071 0.010000
v 0.005091 0.034183 0.010000
v 0.009006 0.034520 0.010000
v 0.012799 0.035081 0.010000
v 0.016470 0.035866 0.010000
v 0.020019 0.036876 0.010000
v 0.023446 0.038110 0.010000
v 0.026751 0.039569 0.010000
v 0.029934 0.041252 0.010000
v 0.032995 0.043159 0.010000
v 0.035935 0.045291 0.010000
v 0.038752 0.047648 0.010000
v 0.041447 0.050228 0.010000
v 0.043972 0.052987 0.010000
v 0.046277 0.055878 0.010000
v 0.048362 0.058900 0.010000
v 0.050228 0.062054 0.010000
v 0.051875 0.065339 0.010000
v 0.053302 0.068757 0.010000
v 0.054509 0.072306 0.010000
v 0.055497 0.075986 0.010000
v 0.056265 0.079799 0.010000
v 0.056814 0.083743 0.010000
v 0.057143 0.087819 0.010000
v 0.057253 0.092027 0.010000
v 0.057139 0.096406 0.010000
v 0.056795 0.100647 0.010000
v 0.056221 0.104748 0.010000
v 0.055419 0.108711 0.010000
v 0.054387 0.112534 0.010000
v 0.053126 0.116219 0.010000
v 0.051636 0.119764 0.010000
v 0.049916 0.123171 0.010000
v 0.047967 0.126438 0.010000
v 0.045789 0.129566 0.010000
v 0.043381 0.132555 0.010000
v 0.040745 0.135406 0.010000
v 0.037930 0.138071 0.010000
v 0.034988 0.140504 0.010000
v 0.031920 0.142705 0.010000
v 0.028724 0.144675 0.010000
v 0.025402 0.146413 0.010000
v 0.021953 0.147919 0.010000
v 0.018377 0.149193 0.010000
v 0.014674 0.150236 0.010000
v 0.010845 0.151047 0.010000
v 0.006888 0.151626 0.010000
v 0.002805 0.151974 0.010000
v -0.001405 0.152090 0.010000
v -0.005670 0.151976 0.010000
v -0.009801 0.151636 0.010000
v -0.013797 0.151069 0.010000
v -0.017660 0.150275 0.010000
v -0.021388 0.149254 0.010000
v -0.024982 0.148007 0.010000
v -0.028442 0.146532 0.010000
v -0.031768 0.144831 0.010000
v -0.034960 0.142903 0.010000
v -0.038018 0.140748 0.010000
v -0.040941 0.138366 0.010000
v -0.047945 -0.071303 0.010000
v -0.051115 -0.074918 0.010000
v -0.054009 -0.078738 0.010000
v -0.056628 -0.082763 0.010000
v -0.058970 -0.086992 0.010000
v -0.061038 -0.091427 0.010000
v -0.062829 -0.096066 0.010000
v -0.064345 -0.100910 0.010000
v -0.065586 -0.105959 0.010000
v -0.066550 -0.111214 0.010000
v -0.067239 -0.116673 0.010000
v -0.067653 -0.122336 0.010000
v -0.067791 -0.128205 0.010000
v -0.067647 -0.133797 0.010000
v -0.067215 -0.139216 0.010000
v -0.066495 -0.144461 0.010000
v -0.065488 -0.149534 0.010000
v -0.064193 -0.154433 0.010000
v -0.062610 -0.159159 0.010000
v -0.060739 -0.163712 0.010000
v -0.058580 -0.168091 0.010000
v -0.056134 -0.172298 0.010000
v -0.053399 -0.176331 0.010000
v -0.050377 -0.180191 0.010000
v -0.047067 -0.183878 0.010000
v -0.043572 -0.187328 0.010000
v -0.039993 -0.190478 0.010000
v -0.036332 -0.193329 0.010000
v -0.032588 -0.195879 0.010000
v -0.028761 -0.198129 0.010000
v -0.024851 -0.200079 0.010000
v -0.020858 -0.201729 0.010000
v -0.016782 -0.203079 0.010000
v -0.012623 -0.204129 0.010000
v -0.008381 -0.204879 0.010000
v -0.004056 -0.205329 0.010000
v 0.000351 -0.205479 0.010000
v 0.004588 -0.205327 0.010000
v 0.008752 -0.204870 0.010000
v 0.012842 -0.204107 0.010000
v 0.016860 -0.203040 0.010000
v 0.020804 -0.201668 0.010000
v 0.024675 -0.199991 0.010000
v 0.028473 -0.198009 0.010000
v 0.032198 -0.195723 0.010000
v 0.035849 -0.193131 0.010000
v 0.039427 -0.190234 0.010000
v 0.042933 -0.187033 0.010000
v 0.046365 -0.183527 0.010000
v 0.049619 -0.179786 0.010000
v 0.052589 -0.175882 0.010000
v 0.055277 -0.171815 0.010000
v 0.057683 -0.167584 0.010000
v 0.059805 -0.163190 0.010000
v 0.061644 -0.158632 0.010000
v 0.063200 -0.153911 0.010000
v 0.064473 -0.149026 0.010000
v 0.065464 -0.143978 0.010000
v 0.066171 -0.138767 0.010000
v 0.066595 -0.133392 0.010000
v 0.066737 -0.127854 0.010000
v 0.066594 -0.122261 0.010000
v 0.066166 -0.116838 0.010000
v 0.065453 -0.111587 0.010000
v 0.064454 -0.106506 0.010000
v 0.063170 -0.101596 0.010000
v 0.061600 -0.096856 0.010000
v 0.059745 -0.092288 0.010000
v 0.057605 -0.087890 0.010000
v 0.055179 -0.083663 0.010000
v 0.052468 -0.079606 0.010000
v 0.049471 -0.075721 0.010000
v 0.046189 -0.072006 0.010000
v 0.042719 -0.068527 0.010000
v 0.039159 -0.065351 0.010000
v 0.035509 -0.062478 0.010000
v 0.031768 -0.059907 0.010000
v 0.027938 -0.057639 0.010000
v 0.024017 -0.055673 0.010000
v 0.020005 -0.054009 0.010000
v 0.015904 -0.052648 0.010000
v 0.011712 -0.051589 0.010000
v 0.007430 -0.050833 0.010000
v 0.003058 -0.050380 0.010000
v -0.001405 -0.050228 0.010000
v -0.005807 -0.050375 0.010000
v -0.010113 -0.050814 0.010000
v -0.014324 -0.051545 0.010000
v -0.018440 -0.052570 0.010000
v -0.022462 -0.053887 0.010000
v -0.026387 -0.055497 0.010000
v -0.030218 -0.057400 0.010000
v -0.033954 -0.059595 0.010000
v -0.037594 -0.062083 0.010000
v -0.041140 -0.064864 0.010000
v -0.044590 -0.067937 0.010000
v -0.189322 -0.056375 -0.010000
v -0.185651 -0.051234 -0.010000
v -0.181663 -0.046291 -0.010000
v -0.177358 -0.041546 -0.010000
v -0.172735 -0.036998 -0.010000
v -0.167796 -0.032648 -0.010000
v -0.162540 -0.028495 -0.010000
v -0.156966 -0.024540 -0.010000
v -0.151075 -0.020782 -0.010000
v -0.144867 -0.017222 -0.010000
v -0.138342 -0.013860 -0.010000
v -0.131500 -0.010695 -0.010000
v -0.124341 -0.007727 -0.010000
v -0.129835 -0.004713 -0.010000
v -0.135074 -0.001639 -0.010000
v -0.140060 0.001493 -0.010000
v -0.144792 0.004683 -0.010000
v -0.149270 0.007932 -0.010000
v -0.153495 0.011240 -0.010000
v -0.157466 0.014606 -0.010000
v -0.161183 0.018031 -0.010000
v -0.164647 0.021514 -0.010000
v -0.167857 0.025056 -0.010000
v -0.170813 0.028656 -0.010000
v -0.173516 0.032315 -0.010000
v -0.176882 0.037413 -0.010000
v -0.179956 0.042637 -0.010000
v -0.182736 0.047989 -0.010000
v -0.185224 0.053468 -0.010000
v -0.187420 0.059073 -0.010000
v -0.189322 0.064805 -0.010000
v -0.190932 0.070664 -0.010000
v -0.192249 0.076650 -0.010000
v -0.193274 0.082763 -0.010000
v -0.194005 0.089002 -0.010000
v -0.194444 0.095368 -0.010000
v -0.194591 0.101862 -0.010000
v -0.194169 0.112470 -0.010000
v -0.192903 0.122751 -0.010000
v -0.190793 0.132705 -0.010000
v -0.187839 0.142333 -0.010000
v -0.184041 0.151634 -0.010000
v -0.179399 0.160608 -0.010000
v -0.173914 0.169255 -0.010000
v -0.167584 0.177575 -0.010000
v -0.160410 0.185568 -0.010000
v -0.152392 0.193235 -0.010000
v -0.143531 0.200574 -0.010000
v -0.133825 0.207587 -0.010000
v -0.125710 0.212636 -0.010000
v -0.117170 0.217246 -0.010000
v -0.108206 0.221417 -0.010000
v -0.098817 0.225149 -0.010000
v -0.089005 0.228442 -0.010000
v -0.078767 0.231296 -0.010000
v -0.068105 0.233711 -0.010000
v -0.057019 0.235687 -0.010000
v -0.045508 0.237223 -0.010000
v -0.033573 0.238321 -0.010000
v -0.021214 0.238980 -0.010000
v -0.008430 0.239199 -0.010000
v 0.008407 0.238926 -0.010000
v 0.024495 0.238106 -0.010000
v 0.039834 0.236740 -0.010000
v 0.054424 0.234828 -0.010000
v 0.068265 0.232369 -0.010000
v 0.081358 0.229364 -0.010000
v 0.093701 0.225813 -0.010000
v 0.105296 0.221715 -0.010000
v 0.116142 0.217071 -0.010000
v 0.126239 0.211880 -0.010000
v 0.135587 0.206143 -0.010000
v 0.144187 0.199860 -0.010000
v 0.152069 0.193161 -0.010000
v 0.159266 0.186180 -0.010000
v 0.165778 0.178916 -0.010000
v 0.171604 0.171369 -0.010000
v 0.176744 0.163540 -0.010000
v 0.181200 0.155427 -0.010000
v 0.184969 0.147031 -0.010000
v 0.188054 0.138352 -0.010000
v 0.190453 0.129391 -0.010000
v 0.192166 0.120146 -0.010000
v 0.193194 0.110618 -0.010000
v 0.193537 0.100808 -0.010000
v 0.193400 0.095044 -0.010000
v 0.192991 0.089344 -0.010000
v 0.192308 0.083707 -0.010000
v 0.191352 0.078133 -0.010000
v 0.190122 0.072623 -0.010000
v 0.188620 0.067176 -0.010000
v 0.186844 0.061793 -0.010000
v 0.184795 0.056473 -0.010000
v 0.182473 0.051216 -0.010000
v 0.179877 0.046023 -0.010000
v 0.177009 0.040893 -0.010000
v 0.173867 0.035827 -0.010000
v 0.171291 0.032090 -0.010000
v 0.168481 0.028373 -0.010000
v 0.165437 0.024675 -0.010000
v 0.162159 0.020997 -0.010000
v 0.158647 0.017338 -0.010000
v 0.154900 0.013699 -0.010000
v 0.150919 0.010079 -0.010000
v 0.146704 0.006479 -0.010000
v 0.142255 0.002898 -0.010000
v 0.137572 -0.000663 -0.010000
v 0.132654 -0.004205 -0.010000
v 0.127503 -0.007727 -0.010000
v 0.134321 -0.011155 -0.010000
v 0.140845 -0.014762 -0.010000
v 0.147074 -0.018550 -0.010000
v 0.153007 -0.022519 -0.010000
v 0.158645 -0.026668 -0.010000
v 0.163988 -0.030998 -0.010000
v 0.169036 -0.035508 -0.010000
v 0.173789 -0.040198 -0.010000
v 0.178247 -0.045069 -0.010000
v 0.182409 -0.050121 -0.010000
v 0.186277 -0.055353 -0.010000
v 0.189849 -0.060766 -0.010000
v 0.193131 -0.066317 -0.010000
v 0.196128 -0.071967 -0.010000
v 0.198839 -0.077713 -0.010000
v 0.201265 -0.083558 -0.010000
v 0.203405 -0.089500 -0.010000
v 0.205260 -0.095539 -0.010000
v 0.206830 -0.101676 -0.010000
v 0.208114 -0.107911 -0.010000
v 0.209113 -0.114243 -0.010000
v 0.209826 -0.120673 -0.010000
v 0.210254 -0.127200 -0.010000
v 0.210397 -0.133825 -0.010000
v 0.210274 -0.140229 -0.010000
v 0.209904 -0.146563 -0.010000
v 0.209288 -0.152825 -0.010000
v 0.208426 -0.159017 -0.010000
v 0.207317 -0.165139 -0.010000
v 0.205962 -0.171189 -0.010000
v 0.204361 -0.177169 -0.010000
v 0.202513 -0.183078 -0.010000
v 0.200419 -0.188916 -0.010000
v 0.198079 -0.194683 -0.010000
v 0.195492 -0.200380 -0.010000
v 0.192659 -0.206006 -0.010000
v 0.189647 -0.211491 -0.010000
v 0.186522 -0.216763 -0.010000
v 0.183285 -0.221823 -0.010000
v 0.179936 -0.226671 -0.010000
v 0.176475 -0.231307 -0.010000
v 0.172901 -0.235731 -0.010000
v 0.169216 -0.239942 -0.010000
v 0.165418 -0.243941 -0.010000
v 0.161508 -0.247728 -0.010000
v 0.157485 -0.251303 -0.010000
v 0.153351 -0.254665 -0.010000
v 0.149104 -0.257815 -0.010000
v 0.144714 -0.260792 -0.010000
v 0.140148 -0.263635 -0.010000
v 0.135406 -0.266344 -0.010000
v 0.130488 -0.268919 -0.010000
v 0.125395 -0.271359 -0.010000
v 0.120126 -0.273665 -0.010000
v 0.114682 -0.275837 -0.010000
v 0.109062 -0.277875 -0.010000
v 0.103267 -0.279779 -0.010000
v 0.097295 -0.281549 -0.010000
v 0.091149 -0.283184 -0.010000
v 0.084826 -0.284686 -0.010000
v 0.078381 -0.286060 -0.010000
v 0.071864 -0.287315 -0.010000
v 0.065277 -0.288451 -0.010000
v 0.058619 -0.289467 -0.010000
v 0.051891 -0.290363 -0.010000
v 0.045091 -0.291140 -0.010000
v 0.038221 -0.291797 -0.010000
v 0.031280 -0.292335 -0.010000
v 0.024269 -0.292753 -0.010000
v 0.017187 -0.293052 -0.010000
v 0.010034 -0.293231 -0.010000
v 0.002810 -0.293291 -0.010000
v -0.010562 -0.293157 -0.010000
v -0.023397 -0.292755 -0.010000
v -0.035695 -0.292084 -0.010000
v -0.047457 -0.291145 -0.010000
v -0.058683 -0.289937 -0.010000
v -0.069371 -0.288462 -0.010000
v -0.079523 -0.286717 -0.010000
v -0.089139 -0.284705 -0.010000
v -0.098217 -0.282424 -0.010000
v -0.106760 -0.279875 -0.010000
v -0.114765 -0.277058 -0.010000
v -0.122234 -0.273973 -0.010000
v -0.129291 -0.270626 -0.010000
v -0.136059 -0.267026 -0.010000
v -0.142540 -0.263172 -0.010000
v -0.148734 -0.259064 -0.010000
v -0.154639 -0.254703 -0.010000
v -0.160256 -0.250088 -0.010000
v -0.165586 -0.245219 -0.010000
v -0.170628 -0.240097 -0.010000
v -0.175382 -0.234721 -0.010000
v -0.179848 -0.229091 -0.010000
v -0.184027 -0.223208 -0.010000
v -0.187917 -0.217071 -0.010000
v -0.191508 -0.210746 -0.010000
v -0.194786 -0.204299 -0.010000
v -0.197752 -0.197730 -0.010000
v -0.200406 -0.191039 -0.010000
v -0.202748 -0.184227 -0.010000
v -0.204777 -0.177292 -0.010000
v -0.206494 -0.170235 -0.010000
v -0.207899 -0.163057 -0.010000
v -0.208992 -0.155756 -0.010000
v -0.209772 -0.148334 -0.010000
v -0.210241 -0.140789 -0.010000
v -0.210397 -0.133123 -0.010000
v -0.210251 -0.125667 -0.010000
v -0.209811 -0.118404 -0.010000
v -0.209080 -0.111334 -0.010000
v -0.208055 -0.104457 -0.010000
v -0.206738 -0.097772 -0.010000
v -0.205128 -0.091280 -0.010000
v -0.203226 -0.084981 -0.010000
v -0.201030 -0.078874 -0.010000
v -0.198542 -0.072961 -0.010000
v -0.195762 -0.067239 -0.010000
v -0.192688 -0.061711 -0.010000
v -0.043730 0.135757 -0.010000
v -0.046339 0.132968 -0.010000
v -0.048721 0.130044 -0.010000
v -0.050876 0.126987 -0.010000
v -0.052804 0.123795 -0.010000
v -0.054505 0.120469 -0.010000
v -0.055980 0.117009 -0.010000
v -0.057228 0.113415 -0.010000
v -0.058248 0.109687 -0.010000
v -0.059042 0.105824 -0.010000
v -0.059610 0.101827 -0.010000
v -0.059950 0.097697 -0.010000
v -0.060063 0.093432 -0.010000
v -0.059947 0.089055 -0.010000
v -0.059600 0.084821 -0.010000
v -0.059020 0.080732 -0.010000
v -0.058209 0.076787 -0.010000
v -0.057167 0.072985 -0.010000
v -0.055892 0.069327 -0.010000
v -0.054386 0.065814 -0.010000
v -0.052648 0.062444 -0.010000
v -0.050678 0.059218 -0.010000
v -0.048477 0.056136 -0.010000
v -0.046044 0.053198 -0.010000
v -0.043379 0.050404 -0.010000
v -0.040521 0.047795 -0.010000
v -0.037510 0.045413 -0.010000
v -0.034345 0.043258 -0.010000
v -0.031027 0.041330 -0.010000
v -0.027555 0.039629 -0.010000
v -0.023929 0.038154 -0.010000
v -0.020149 0.036907 -0.010000
v -0.016216 0.035886 -0.010000
v -0.012129 0.035092 -0.010000
v -0.007888 0.034525 -0.010000
v -0.003494 0.034184 -0.010000
v 0.001054 0.034071 -0.010000
v 0.005091 0.034183 -0.010000
v 0.009006 0.034520 -0.010000
v 0.012799 0.035081 -0.010000
v 0.016470 0.035866 -0.010000
v 0.020019 0.036876 -0.010000
v 0.023446 0.038110 -0.010000
v 0.026751 0.039569 -0.010000
v 0.029934 0.041252 -0.010000
v 0.032995 0.043159 -0.010000
v 0.035935 0.045291 -0.010000
v 0.038752 0.047648 -0.010000
v 0.041447 0.050228 -0.010000
v 0.043972 0.052987 -0.010000
v 0.046277 0.055878 -0.010000
v 0.048362 0.058900 -0.010000
v 0.050228 0.062054 -0.010000
v 0.051875 0.065339 -0.010000
v 0.053302 0.068757 -0.010000
v 0.054509 0.072306 -0.010000
v 0.055497 0.075986 -0.010000
v 0.056265 0.079799 -0.010000
v 0.056814 0.083743 -0.010000
v 0.057143 0.087819 -0.010000
v 0.057253 0.092027 -0.010000
v 0.057139 0.096406 -0.010000
v 0.056795 0.100647 -0.010000
v 0.056221 0.104748 -0.010000
v 0.055419 0.108711 -0.010000
v 0.054387 0.112534 -0.010000
v 0.053126 0.116219 -0.010000
v 0.051636 0.119764 -0.010000
v 0.049916 0.123171 -0.010000
v 0.047967 0.126438 -0.010000
v 0.045789 0.129566 -0.010000
v 0.043381 0.132555 -0.010000
v 0.040745 0.135406 -0.010000
v 0.037930 0.138071 -0.010000
v 0.034988 0.140504 -0.010000
v 0.031920 0.142705 -0.010000
v 0.028724 0.144675 -0.010000
v 0.025402 0.146413 -0.010000
v 0.021953 0.147919 -0.010000
v 0.018377 0.149193 -0.010000
v 0.014674 0.150236 -0.010000
v 0.010845 0.151047 -0.010000
v 0.006888 0.151626 -0.010000
v 0.002805 0.151974 -0.010000
v -0.001405 0.152090 -0.010000
v -0.005670 0.151976 -0.010000
v -0.009801 0.151636 -0.010000
v -0.013797 0.151069 -0.010000
v -0.017660 0.150275 -0.010000
v -0.021388 0.149254 -0.010000
v -0.024982 0.148007 -0.010000
v -0.028442 0.146532 -0.010000
v -0.031768 0.144831 -0.010000
v -0.034960 0.142903 -0.010000
v -0.038018 0.140748 -0.010000
v -0.040941 0.138366 -0.010000
v -0.047945 -0.071303 -0.010000
v -0.051115 -0.074918 -0.010000
v -0.054009 -0.078738 -0.010000
v -0.056628 -0.082763 -0.010000
v -0.058970 -0.086992 -0.010000
v -0.061038 -0.091427 -0.010000
v -0.062829 -0.096066 -0.010000
v -0.064345 -0.100910 -0.010000
v -0.065586 -0.105959 -0.010000
v -0.066550 -0.111214 -0.010000
v -0.067239 -0.116673 -0.010000
v -0.067653 -0.122336 -0.010000
v -0.067791 -0.128205 -0.010000
v -0.067647 -0.133797 -0.010000
v -0.067215 -0.139216 -0.010000
v -0.066495 -0.144461 -0.010000
v -0.065488 -0.149534 -0.010000
v -0.064193 -0.154433 -0.010000
v -0.062610 -0.159159 -0.010000
v -0.060739 -0.163712 -0.010000
v -0.058580 -0.168091 -0.010000
v -0.056134 -0.172298 -0.010000
v -0.053399 -0.176331 -0.010000
v -0.050377 -0.180191 -0.010000
v -0.047067 -0.183878 -0.010000
v -0.043572 -0.187328 -0.010000
v -0.039993 -0.190478 -0.010000
v -0.036332 -0.193329 -0.010000
v -0.032588 -0.195879 -0.010000
v -0.028761 -0.198129 -0.010000
v -0.024851 -0.200079 -0.010000
v -0.020858 -0.201729 -0.010000
v -0.016782 -0.203079 -0.010000
v -0.012623 -0.204129 -0.010000
v -0.008381 -0.204879 -0.010000
v -0.004056 -0.205329 -0.010000
v 0.000351 -0.205479 -0.010000
v 0.004588 -0.205327 -0.010000
v 0.008752 -0.204870 -0.010000
v 0.012842 -0.204107 -0.010000
v 0.016860 -0.203040 -0.010000
v 0.020804 -0.201668 -0.010000
v 0.024675 -0.199991 -0.010000
v 0.028473 -0.198009 -0.010000
v 0.032198 -0.195723 -0.010000
v 0.035849 -0.193131 -0.010000
v 0.039427 -0.190234 -0.010000
v 0.042933 -0.187033 -0.010000
v 0.046365 -0.183527 -0.010000
v 0.049619 -0.179786 -0.010000
v 0.052589 -0.175882 -0.010000
v 0.055277 -0.171815 -0.010000
v 0.057683 -0.167584 -0.010000
v 0.059805 -0.163190 -0.010000
v 0.061644 -0.158632 -0.010000
v 0.063200 -0.153911 -0.010000
v 0.064473 -0.149026 -0.010000
v 0.065464 -0.143978 -0.010000
v 0.066171 -0.138767 -0.010000
v 0.066595 -0.133392 -0.010000
v 0.066737 -0.127854 -0.010000
v 0.066594 -0.122261 -0.010000
v 0.066166 -0.116838 -0.010000
v 0.065453 -0.111587 -0.010000
v 0.064454 -0.106506 -0.010000
v 0.063170 -0.101596 -0.010000
v 0.061600 -0.096856 -0.010000
v 0.059745 -0.092288 -0.010000
v 0.057605 -0.087890 -0.010000
v 0.055179 -0.083663 -0.010000
v 0.052468 -0.079606 -0.010000
v 0.049471 -0.075721 -0.010000
v 0.046189 -0.072006 -0.010000
v 0.042719 -0.068527 -0.010000
v 0.039159 -0.065351 -0.010000
v 0.035509 -0.062478 -0.010000
v 0.031768 -0.059907 -0.010000
v 0.027938 -0.057639 -0.010000
v 0.024017 -0.055673 -0.010000
v 0.020005 -0.054009 -0.010000
v 0.015904 -0.052648 -0.010000
v 0.011712 -0.051589 -0.010000
v 0.007430 -0.050833 -0.010000
v 0.003058 -0.050380 -0.010000
v -0.001405 -0.050228 -0.010000
v -0.005807 -0.050375 -0.010000
v -0.010113 -0.050814 -0.010000
v -0.014324 -0.051545 -0.010000
v -0.018440 -0.052570 -0.010000
v -0.022462 -0.053887 -0.010000
v -0.026387 -0.055497 -0.010000
v -0.030218 -0.057400 -0.010000
v -0.033954 -0.059595 -0.010000
v -0.037594 -0.062083 -0.010000
v -0.041140 -0.064864 -0.010000
v -0.044590 -0.067937 -0.010000
v -0.189322 -0.056375 -0.010000
v -0.189322 -0.056375 0.010000
v -0.185651 -0.051234 -0.010000
v -0.185651 -0.051234 0.010000
v -0.181663 -0.046291 -0.010000
v -0.181663 -0.046291 0.010000
v -0.177358 -0.041546 -0.010000
v -0.177358 -0.041546 0.010000
v -0.172735 -0.036998 -0.010000
v -0.172735 -0.036998 0.010000
v -0.167796 -0.032648 -0.010000
v -0.167796 -0.032648 0.010000
v -0.162540 -0.028495 -0.010000
v -0.162540 -0.028495 0.010000
v -0.156966 -0.024540 -0.010000
v -0.156966 -0.024540 0.010000
v -0.151075 -0.020782 -0.010000
v -0.151075 -0.020782 0.010000
v -0.144867 -0.017222 -0.010000
v -0.144867 -0.017222 0.010000
v -0.138342 -0.013860 -0.010000
v -0.138342 -0.013860 0.010000
v -0.131500 -0.010695 -0.010000
v -0.131500 -0.010695 0.010000
v -0.124341 -0.007727 -0.010000
v -0.124341 -0.007727 0.010000
v -0.129835 -0.004713 -0.010000
v -0.129835 -0.004713 0.010000
v -0.135074 -0.001639 -0.010000
v -0.135074 -0.001639 0.010000
v -0.140060 0.001493 -0.010000
v -0.140060 0.001493 0.010000
v -0.144792 0.004683 -0.010000
v -0.144792 0.004683 0.010000
v -0.149270 0.007932 -0.010000
v -0.149270 0.007932 0.010000
v -0.153495 0.011240 -0.010000
v -0.153495 0.011240 0.010000
v -0.157466 0.014606 -0.010000
v -0.157466 0.014606 0.010000
v -0.161183 0.018031 -0.010000
v -0.161183 0.018031 0.010000
v -0.164647 0.021514 -0.010000
v -0.164647 0.021514 0.010000
v -0.167857 0.025056 -0.010000
v -0.167857 0.025056 0.010000
v -0.170813 0.028656 -0.010000
v -0.170813 0.028656 0.010000
v -0.173516 0.032315 -0.010000
v -0.173516 0.032315 0.010000
v -0.176882 0.037413 -0.010000
v -0.176882 0.037413 0.010000
v -0.179956 0.042637 -0.010000
v -0.179956 0.042637 0.010000
v -0.182736 0.047989 -0.010000
v -0.182736 0.047989 0.010000
v -0.185224 0.053468 -0.010000
v -0.185224 0.053468 0.010000
v -0.187420 0.059073 -0.010000
v -0.187420 0.059073 0.010000
v -0.189322 0.064805 -0.010000
v -0.189322 0.064805 0.010000
v -0.190932 0.070664 -0.010000
v -0.190932 0.070664 0.010000
v -0.192249 0.076650 -0.010000
v -0.192249 0.076650 0.010000
v -0.193274 0.082763 -0.010000
v -0.193274 0.082763 0.010000
v -0.194005 0.089002 -0.010000
v -0.194005 0.089002 0.010000
v -0.194444 0.095368 -0.010000
v -0.194444 0.095368 0.010000
v -0.194591 0.101862 -0.010000
v -0.194591 0.101862 0.010000
v -0.194169 0.112470 -0.010000
v -0.194169 0.112470 0.010000
v -0.192903 0.122751 -0.010000
v -0.192903 0.122751 0.010000
v -0.190793 0.132705 -0.010000
v -0.190793 0.132705 0.010000
v -0.187839 0.142333 -0.010000
v -0.187839 0.142333 0.010000
v -0.184041 0.151634 -0.010000
v -0.184041 0.151634 0.010000
v -0.179399 0.160608 -0.010000
v -0.179399 0.160608 0.010000
v -0.173914 0.169255 -0.010000
v -0.173914 0.169255 0.010000
v -0.167584 0.177575 -0.010000
v -0.167584 0.177575 0.010000
v -0.160410 0.185568 -0.010000
v -0.160410 0.185568 0.010000
v -0.152392 0.193235 -0.010000
v -0.152392 0.193235 0.010000
v -0.143531 0.200574 -0.010000
v -0.143531 0.200574 0.010000
v -0.133825 0.207587 -0.010000
v -0.133825 0.207587 0.010000
v -0.125710 0.212636 -0.010000
v -0.125710 0.212636 0.010000
v -0.117170 0.217246 -0.010000
v -0.117170 0.217246 0.010000
v -0.108206 0.221417 -0.010000
v -0.108206 0.221417 0.010000
v -0.098817 0.225149 -0.010000
v -0.098817 0.225149 0.010000
v -0.089005 0.228442 -0.010000
v -0.089005 0.228442 0.010000
v -0.078767 0.231296 -0.010000
v -0.078767 0.231296 0.010000
v -0.068105 0.233711 -0.010000
v -0.068105 0.233711 0.010000
v -0.057019 0.235687 -0.010000
v -0.057019 0.235687 0.010000
v -0.045508 0.237223 -0.010000
v -0.045508 0.237223 0.010000
v -0.033573 0.238321 -0.010000
v -0.033573 0.238321 0.010000
v -0.021214 0.238980 -0.010000
v -0.021214 0.238980 0.010000
v -0.008430 0.239199 -0.010000
v -0.008430 0.239199 0.010000
v 0.008407 0.238926 -0.010000
v 0.008407 0.238926 0.010000
v 0.024495 0.238106 -0.010000
v 0.024495 0.238106 0.010000
v 0.039834 0.236740 -0.010000
v 0.039834 0.236740 0.010000
v 0.054424 0.234828 -0.010000
v 0.054424 0.234828 0.010000
v 0.068265 0.232369 -0.010000
v 0.068265 0.232369 0.010000
v 0.081358 0.229364 -0.010000
v 0.081358 0.229364 0.010000
v 0.093701 0.225813 -0.010000
v 0.093701 0.225813 0.010000
v 0.105296 0.221715 -0.010000
v 0.105296 0.221715 0.010000
v 0.116142 0.217071 -0.010000
v 0.116142 0.217071 0.010000
v 0.126239 0.211880 -0.010000
v 0.126239 0.211880 0.010000
v 0.135587 0.206143 -0.010000
v 0.135587 0.206143 0.010000
v 0.144187 0.199860 -0.010000
v 0.144187 0.199860 0.010000
v 0.152069 0.193161 -0.010000
v 0.152069 0.193161 0.010000
v 0.159266 0.186180 -0.010000
v 0.159266 0.186180 0.010000
v 0.165778 0.178916 -0.010000
v 0.165778 0.178916 0.010000
v 0.171604 0.171369 -0.010000
v 0.171604 0.171369 0.010000
v 0.176744 0.163540 -0.010000
v 0.176744 0.163540 0.010000
v 0.181200 0.155427 -0.010000
v 0.181200 0.155427 0.010000
v 0.184969 0.147031 -0.010000
v 0.184969 0.147031 0.010000
v 0.188054 0.138352 -0.010000
v 0.188054 0.138352 0.010000
v 0.190453 0.129391 -0.010000
v 0.190453 0.129391 0.010000
v 0.192166 0.120146 -0.010000
v 0.192166 0.120146 0.010000
v 0.193194 0.110618 -0.010000
v 0.193194 0.110618 0.010000
v 0.193537 0.100808 -0.010000
v 0.193537 0.100808 0.010000
v 0.193400 0.095044 -0.010000
v 0.193400 0.095044 0.010000
v 0.192991 0.089344 -0.010000
v 0.192991 0.089344 0.010000
v 0.192308 0.083707 -0.010000
v 0.192308 0.083707 0.010000
v 0.191352 0.078133 -0.010000
v 0.191352 0.078133 0.010000
v 0.190122 0.072623 -0.010000
v 0.190122 0.072623 0.010000
v 0.188620 0.067176 -0.010000
v 0.188620 0.067176 0.010000
v 0.186844 0.061793 -0.010000
v 0.186844 0.061793 0.010000
v 0.184795 0.056473 -0.010000
v 0.184795 0.056473 0.010000
v 0.182473 0.051216 -0.010000
v 0.182473 0.051216 0.010000
v 0.179877 0.046023 -0.010000
v 0.179877 0.046023 0.010000
v 0.177009 0.040893 -0.010000
v 0.177009 0.040893 0.010000
v 0.173867 0.035827 -0.010000
v 0.173867 0.035827 0.010000
v 0.171291 0.032090 -0.010000
v 0.171291 0.032090 0.010000
v 0.168481 0.028373 -0.010000
v 0.168481 0.028373 0.010000
v 0.165437 0.024675 -0.010000
v 0.165437 0.024675 0.010000
v 0.162159 0.020997 -0.010000
v 0.162159 0.020997 0.010000
v 0.158647 0.017338 -0.010000
v 0.158647 0.017338 0.010000
v 0.154900 0.013699 -0.010000
v 0.154900 0.013699 0.010000
v 0.150919 0.010079 -0.010000
v 0.150919 0.010079 0.010000
v 0.146704 0.006479 -0.010000
v 0.146704 0.006479 0.010000
v 0.142255 0.002898 -0.010000
v 0.142255 0.002898 0.010000
v 0.137572 -0.000663 -0.010000
v 0.137572 -0.000663 0.010000
v 0.132654 -0.004205 -0.010000
v 0.132654 -0.004205 0.010000
v 0.127503 -0.007727 -0.010000
v 0.127503 -0.007727 0.010000
v 0.134321 -0.011155 -0.010000
v 0.134321 -0.011155 0.010000
v 0.140845 -0.014762 -0.010000
v 0.140845 -0.014762 0.010000
v 0.147074 -0.018550 -0.010000
v 0.147074 -0.018550 0.010000
v 0.153007 -0.022519 -0.010000
v 0.153007 -0.022519 0.010000
v 0.158645 -0.026668 -0.010000
v 0.158645 -0.026668 0.010000
v 0.163988 -0.030998 -0.010000
v 0.163988 -0.030998 0.010000
v 0.169036 -0.035508 -0.010000
v 0.169036 -0.035508 0.010000
v 0.173789 -0.040198 -0.010000
v 0.173789 -0.040198 0.010000
v 0.178247 -0.045069 -0.010000
v 0.178247 -0.045069 0.010000
v 0.182409 -0.050121 -0.010000
v 0.182409 -0.050121 0.010000
v 0.186277 -0.055353 -0.010000
v 0.186277 -0.055353 0.010000
v 0.189849 -0.060766 -0.010000
v 0.189849 -0.060766 0.010000
v 0.193131 -0.066317 -0.010000
v 0.193131 -0.066317 0.010000
v 0.196128 -0.071967 -0.010000
v 0.196128 -0.071967 0.010000
v 0.198839 -0.077713 -0.010000
v 0.198839 -0.077713 0.010000
v 0.201265 -0.083558 -0.010000
v 0.201265 -0.083558 0.010000
v 0.203405 -0.089500 -0.010000
v 0.203405 -0.089500 0.010000
v 0.205260 -0.095539 -0.010000
v 0.205260 -0.095539 0.010000
v 0.206830 -0.101676 -0.010000
v 0.206830 -0.101676 0.010000
v 0.208114 -0.107911 -0.010000
v 0.208114 -0.107911 0.010000
v 0.209113 -0.114243 -0.010000
v 0.209113 -0.114243 0.010000
v 0.209826 -0.120673 -0.010000
v 0.209826 -0.120673 0.010000
v 0.210254 -0.127200 -0.010000
v 0.210254 -0.127200 0.010000
v 0.210397 -0.133825 -0.010000
v 0.210397 -0.133825 0.010000
v 0.210274 -0.140229 -0.010000
v 0.210274 -0.140229 0.010000
v 0.209904 -0.146563 -0.010000
v 0.209904 -0.146563 0.010000
v 0.209288 -0.152825 -0.010000
v 0.209288 -0.152825 0.010000
v 0.208426 -0.159017 -0.010000
v 0.208426 -0.159017 0.010000
v 0.207317 -0.165139 -0.010000
v 0.207317 -0.165139 0.010000
v 0.205962 -0.171189 -0.010000
v 0.205962 -0.171189 0.010000
v 0.204361 -0.177169 -0.010000
v 0.204361 -0.177169 0.010000
v 0.202513 -0.183078 -0.010000
v 0.202513 -0.183078 0.010000
v 0.200419 -0.188916 -0.010000
v 0.200419 -0.188916 0.010000
v 0.198079 -0.194683 -0.010000
v 0.198079 -0.194683 0.010000
v 0.195492 -0.200380 -0.010000
v 0.195492 -0.200380 0.010000
v 0.192659 -0.206006 -0.010000
v 0.192659 -0.206006 0.010000
v 0.189647 -0.211491 -0.010000
v 0.189647 -0.211491 0.010000
v 0.186522 -0.216763 -0.010000
v 0.186522 -0.216763 0.010000
v 0.183285 -0.221823 -0.010000
v 0.183285 -0.221823 0.010000
v 0.179936 -0.226671 -0.010000
v 0.179936 -0.226671 0.010000
v 0.176475 -0.231307 -0.010000
v 0.176475 -0.231307 0.010000
v 0.172901 -0.235731 -0.010000
v 0.172901 -0.235731 0.010000
v 0.169216 -0.239942 -0.010000
v 0.169216 -0.239942 0.010000
v 0.165418 -0.243941 -0.010000
v 0.165418 -0.243941 0.010000
v 0.161508 -0.247728 -0.010000
v 0.161508 -0.247728 0.010000
v 0.157485 -0.251303 -0.010000
v 0.157485 -0.251303 0.010000
v 0.153351 -0.254665 -0.010000
v 0.153351 -0.254665 0.010000
v 0.149104 -0.257815 -0.010000
v 0.149104 -0.257815 0.010000
v 0.144714 -0.260792 -0.010000
v 0.144714 -0.260792 0.010000
v 0.140148 -0.263635 -0.010000
v 0.140148 -0.263635 0.010000
v 0.135406 -0.266344 -0.010000
v 0.135406 -0.266344 0.010000
v 0.130488 -0.268919 -0.010000
v 0.130488 -0.268919 0.010000
v 0.125395 -0.271359 -0.010000
v 0.125395 -0.271359 0.010000
v 0.120126 -0.273665 -0.010000
v 0.120126 -0.273665 0.010000
v 0.114682 -0.275837 -0.010000
v 0.114682 -0.275837 0.010000
v 0.109062 -0.277875 -0.010000
v 0.109062 -0.277875 0.010000
v 0.103267 -0.279779 -0.010000
v 0.103267 -0.279779 0.010000
v 0.097295 -0.281549 -0.010000
v 0.097295 -0.281549 0.010000
v 0.091149 -0.283184 -0.010000
v 0.091149 -0.283184 0.010000
v 0.084826 -0.284686 -0.010000
v 0.084826 -0.284686 0.010000
v 0.078381 -0.286060 -0.010000
v 0.078381 -0.286060 0.010000
v 0.071864 -0.287315 -0.010000
v 0.071864 -0.287315 0.010000
v 0.065277 -0.288451 -0.010000
v 0.065277 -0.288451 0.010000
v 0.058619 -0.289467 -0.010000
v 0.058619 -0.289467 0.010000
v 0.051891 -0.290363 -0.010000
v 0.051891 -0.290363 0.010000
v 0.045091 -0.291140 -0.010000
v 0.045091 -0.291140 0.010000
v 0.038221 -0.291797 -0.010000
v 0.038221 -0.291797 0.010000
v 0.031280 -0.292335 -0.010000
v 0.031280 -0.292335 0.010000
v 0.024269 -0.292753 -0.010000
v 0.024269 -0.292753 0.010000
v 0.017187 -0.293052 -0.010000
v 0.017187 -0.293052 0.010000
v 0.010034 -0.293231 -0.010000
v 0.010034 -0.293231 0.010000
v 0.002810 -0.293291 -0.010000
v 0.002810 -0.293291 0.010000
v -0.010562 -0.293157 -0.010000
v -0.010562 -0.293157 0.010000
v -0.023397 -0.292755 -0.010000
v -0.023397 -0.292755 0.010000
v -0.035695 -0.292084 -0.010000
v -0.035695 -0.292084 0.010000
v -0.047457 -0.291145 -0.010000
v -0.047457 -0.291145 0.010000
v -0.058683 -0.289937 -0.010000
v -0.058683 -0.289937 0.010000
v -0.069371 -0.288462 -0.010000
v -0.069371 -0.288462 0.010000
v -0.079523 -0.286717 -0.010000
v -0.079523 -0.286717 0.010000
v -0.089139 -0.284705 -0.010000
v -0.089139 -0.284705 0.010000
v -0.098217 -0.282424 -0.010000
v -0.098217 -0.282424 0.010000
v -0.106760 -0.279875 -0.010000
v -0.106760 -0.279875 0.010000
v -0.114765 -0.277058 -0.010000
v -0.114765 -0.277058 0.010000
v -0.122234 -0.273973 -0.010000
v -0.122234 -0.273973 0.010000
v -0.129291 -0.270626 -0.010000
v -0.129291 -0.270626 0.010000
v -0.136059 -0.267026 -0.010000
v -0.136059 -0.267026 0.010000
v -0.142540 -0.263172 -0.010000
v -0.142540 -0.263172 0.010000
v -0.148734 -0.259064 -0.010000
v -0.148734 -0.259064 0.010000
v -0.154639 -0.254703 -0.010000
v -0.154639 -0.254703 0.010000
v -0.160256 -0.250088 -0.010000
v -0.160256 -0.250088 0.010000
v -0.165586 -0.245219 -0.010000
v -0.165586 -0.245219 0.010000
v -0.170628 -0.240097 -0.010000
v -0.170628 -0.240097 0.010000
v -0.175382 -0.234721 -0.010000
v -0.175382 -0.234721 0.010000
v -0.179848 -0.229091 -0.010000
v -0.179848 -0.229091 0.010000
v -0.184027 -0.223208 -0.010000
v -0.184027 -0.223208 0.010000
v -0.187917 -0.217071 -0.010000
v -0.187917 -0.217071 0.010000
v -0.191508 -0.210746 -0.010000
v -0.191508 -0.210746 0.010000
v -0.194786 -0.204299 -0.010000
v -0.194786 -0.204299 0.010000
v -0.197752 -0.197730 -0.010000
v -0.197752 -0.197730 0.010000
v -0.200406 -0.191039 -0.010000
v -0.200406 -0.191039 0.010000
v -0.202748 -0.184227 -0.010000
v -0.202748 -0.184227 0.010000
v -0.204777 -0.177292 -0.010000
v -0.204777 -0.177292 0.010000
v -0.206494 -0.170235 -0.010000
v -0.206494 -0.170235 0.010000
v -0.207899 -0.163057 -0.010000
v -0.207899 -0.163057 0.010000
v -0.208992 -0.155756 -0.010000
v -0.208992 -0.155756 0.010000
v -0.209772 -0.148334 -0.010000
v -0.209772 -0.148334 0.010000
v -0.210241 -0.140789 -0.010000
v -0.210241 -0.140789 0.010000
v -0.210397 -0.133123 -0.010000
v -0.210397 -0.133123 0.010000
v -0.210251 -0.125667 -0.010000
v -0.210251 -0.125667 0.010000
v -0.209811 -0.118404 -0.010000
v -0.209811 -0.118404 0.010000
v -0.209080 -0.111334 -0.010000
v -0.209080 -0.111334 0.010000
v -0.208055 -0.104457 -0.010000
v -0.208055 -0.104457 0.010000
v -0.206738 -0.097772 -0.010000
v -0.206738 -0.097772 0.010000
v -0.205128 -0.091280 -0.010000
v -0.205128 -0.091280 0.010000
v -0.203226 -0.084981 -0.010000
v -0.203226 -0.084981 0.010000
v -0.201030 -0.078874 -0.010000
v -0.201030 -0.078874 0.010000
v -0.198542 -0.072961 -0.010000
v -0.198542 -0.072961 0.010000
v -0.195762 -0.067239 -0.010000
v -0.195762 -0.067239 0.010000
v -0.192688 -0.061711 -0.010000
v -0.192688 -0.061711 0.010000
v -0.043730 0.135757 -0.010000
v -0.043730 0.135757 0.010000
v -0.046339 0.132968 -0.010000
v -0.046339 0.132968 0.010000
v -0.048721 0.130044 -0.010000
v -0.048721 0.130044 0.010000
v -0.050876 0.126987 -0.010000
v -0.050876 0.126987 0.010000
v -0.052804 0.123795 -0.010000
v -0.052804 0.123795 0.010000
v -0.054505 0.120469 -0.010000
v -0.054505 0.120469 0.010000
v -0.055980 0.117009 -0.010000
v -0.055980 0.117009 0.010000
v -0.057228 0.113415 -0.010000
v -0.057228 0.113415 0.010000
v -0.058248 0.109687 -0.010000
v -0.058248 0.109687 0.010000
v -0.059042 0.105824 -0.010000
v -0.059042 0.105824 0.010000
v -0.059610 0.101827 -0.010000
v -0.059610 0.101827 0.010000
v -0.059950 0.097697 -0.010000
v -0.059950 0.097697 0.010000
v -0.060063 0.093432 -0.010000
v -0.060063 0.093432 0.010000
v -0.059947 0.089055 -0.010000
v -0.059947 0.089055 0.010000
v -0.059600 0.084821 -0.010000
v -0.059600 0.084821 0.010000
v -0.059020 0.080732 -0.010000
v -0.059020 0.080732 0.010000
v -0.058209 0.076787 -0.010000
v -0.058209 0.076787 0.010000
v -0.057167 0.072985 -0.010000
v -0.057167 0.072985 0.010000
v -0.055892 0.069327 -0.010000
v -0.055892 0.069327 0.010000
v -0.054386 0.065814 -0.010000
v -0.054386 0.065814 0.010000
v -0.052648 0.062444 -0.010000
v -0.052648 0.062444 0.010000
v -0.050678 0.059218 -0.010000
v -0.050678 0.059218 0.010000
v -0.048477 0.056136 -0.010000
v -0.048477 0.056136 0.010000
v -0.046044 0.053198 -0.010000
v -0.046044 0.053198 0.010000
v -0.043379 0.050404 -0.010000
v -0.043379 0.050404 0.010000
v -0.040521 0.047795 -0.010000
v -0.040521 0.047795 0.010000
v -0.037510 0.045413 -0.010000
v -0.037510 0.045413 0.010000
v -0.034345 0.043258 -0.010000
v -0.034345 0.043258 0.010000
v -0.031027 0.041330 -0.010000
v -0.031027 0.041330 0.010000
v -0.027555 0.039629 -0.010000
v -0.027555 0.039629 0.010000
v -0.023929 0.038154 -0.010000
v -0.023929 0.038154 0.010000
v -0.020149 0.036907 -0.010000
v -0.020149 0.036907 0.010000
v -0.016216 0.035886 -0.010000
v -0.016216 0.035886 0.010000
v -0.012129 0.035092 -0.010000
v -0.012129 0.035092 0.010000
v -0.007888 0.034525 -0.010000
v -0.007888 0.034525 0.010000
v -0.003494 0.034184 -0.010000
v -0.003494 0.034184 0.010000
v 0.001054 0.034071 -0.010000
v 0.001054 0.034071 0.010000
v 0.005091 0.034183 -0.010000
v 0.005091 0.034183 0.010000
v 0.009006 0.034520 -0.010000
v 0.009006 0.034520 0.010000
v 0.012799 0.035081 -0.010000
v 0.012799 0.035081 0.010000
v 0.016470 0.035866 -0.010000
v 0.016470 0.035866 0.010000
v 0.020019 0.036876 -0.010000
v 0.020019 0.036876 0.010000
v 0.023446 0.038110 -0.010000
v 0.023446 0.038110 0.010000
v 0.026751 0.039569 -0.010000
v 0.026751 0.039569 0.010000
v 0.029934 0.041252 -0.010000
v 0.029934 0.041252 0.010000
v 0.032995 0.043159 -0.010000
v 0.032995 0.043159 0.010000
v 0.035935 0.045291 -0.010000
v 0.035935 0.045291 0.010000
v 0.038752 0.047648 -0.010000
v 0.038752 0.047648 0.010000
v 0.041447 0.050228 -0.010000
v 0.041447 0.050228 0.010000
v 0.043972 0.052987 -0.010000
v 0.043972 0.052987 0.010000
v 0.046277 0.055878 -0.010000
v 0.046277 0.055878 0.010000
v 0.048362 0.058900 -0.010000
v 0.048362 0.058900 0.010000
v 0.050228 0.062054 -0.010000
v 0.050228 0.062054 0.010000
v 0.051875 0.065339 -0.010000
v 0.051875 0.065339 0.010000
v 0.053302 0.068757 -0.010000
v 0.053302 0.068757 0.010000
v 0.054509 0.072306 -0.010000
v 0.054509 0.072306 0.010000
v 0.055497 0.075986 -0.010000
v 0.055497 0.075986 0.010000
v 0.056265 0.079799 -0.010000
v 0.056265 0.079799 0.010000
v 0.056814 0.083743 -0.010000
v 0.056814 0.083743 0.010000
v 0.057143 0.087819 -0.010000
v 0.057143 0.087819 0.010000
v 0.057253 0.092027 -0.010000
v 0.057253 0.092027 0.010000
v 0.057139 0.096406 -0.010000
v 0.057139 0.096406 0.010000
v 0.056795 0.100647 -0.010000
v 0.056795 0.100647 0.010000
v 0.056221 0.104748 -0.010000
v 0.056221 0.104748 0.010000
v 0.055419 0.108711 -0.010000
v 0.055419 0.108711 0.010000
v 0.054387 0.112534 -0.010000
v 0.054387 0.112534 0.010000
v 0.053126 0.116219 -0.010000
v 0.053126 0.116219 0.010000
v 0.051636 0.119764 -0.010000
v 0.051636 0.119764 0.010000
v 0.049916 0.123171 -0.010000
v 0.049916 0.123171 0.010000
v 0.047967 0.126438 -0.010000
v 0.047967 0.126438 0.010000
v 0.045789 0.129566 -0.010000
v 0.045789 0.129566 0.010000
v 0.043381 0.132555 -0.010000
v 0.043381 0.132555 0.010000
v 0.040745 0.135406 -0.010000
v 0.040745 0.135406 0.010000
v 0.037930 0.138071 -0.010000
v 0.037930 0.138071 0.010000
v 0.034988 0.140504 -0.010000
v 0.034988 0.140504 0.010000
v 0.031920 0.142705 -0.010000
v 0.031920 0.142705 0.010000
v 0.028724 0.144675 -0.010000
v 0.028724 0.144675 0.010000
v 0.025402 0.146413 -0.010000
v 0.025402 0.146413 0.010000
v 0.021953 0.147919 -0.010000
v 0.021953 0.147919 0.010000
v 0.018377 0.149193 -0.010000
v 0.018377 0.149193 0.010000
v 0.014674 0.150236 -0.010000
v 0.014674 0.150236 0.010000
v 0.010845 0.151047 -0.010000
v 0.010845 0.151047 0.010000
v 0.006888 0.151626 -0.010000
v 0.006888 0.151626 0.010000
v 0.002805 0.151974 -0.010000
v 0.002805 0.151974 0.010000
v -0.001405 0.152090 -0.010000
v -0.001405 0.152090 0.010000
v -0.005670 0.151976 -0.010000
v -0.005670 0.151976 0.010000
v -0.009801 0.151636 -0.010000
v -0.009801 0.151636 0.010000
v -0.013797 0.151069 -0.010000
v -0.013797 0.151069 0.010000
v -0.017660 0.150275 -0.010000
v -0.017660 0.150275 0.010000
v -0.021388 0.149254 -0.010000
v -0.021388 0.149254 0.010000
v -0.024982 0.148007 -0.010000
v -0.024982 0.148007 0.010000
v -0.028442 0.146532 -0.010000
v -0.028442 0.146532 0.010000
v -0.031768 0.144831 -0.010000
v -0.031768 0.144831 0.010000
v -0.034960 0.142903 -0.010000
v -0.034960 0.142903 0.010000
v -0.038018 0.140748 -0.010000
v -0.038018 0.140748 0.010000
v -0.040941 0.138366 -0.010000
v -0.040941 0.138366 0.010000
v -0.047945 -0.071303 -0.010000
v -0.047945 -0.071303 0.010000
v -0.051115 -0.074918 -0.010000
v -0.051115 -0.074918 0.010000
v -0.054009 -0.078738 -0.010000
v -0.054009 -0.078738 0.010000
v -0.056628 -0.082763 -0.010000
v -0.056628 -0.082763 0.010000
v -0.058970 -0.086992 -0.010000
v -0.058970 -0.086992 0.010000
v -0.061038 -0.091427 -0.010000
v -0.061038 -0.091427 0.010000
v -0.062829 -0.096066 -0.010000
v -0.062829 -0.096066 0.010000
v -0.064345 -0.100910 -0.010000
v -0.064345 -0.100910 0.010000
v -0.065586 -0.105959 -0.010000
v -0.065586 -0.105959 0.010000
v -0.066550 -0.111214 -0.010000
v -0.066550 -0.111214 0.010000
v -0.067239 -0.116673 -0.010000
v -0.067239 -0.116673 0.010000
v -0.067653 -0.122336 -0.010000
v -0.067653 -0.122336 0.010000
v -0.067791 -0.128205 -0.010000
v -0.067791 -0.128205 0.010000
v -0.067647 -0.133797 -0.010000
v -0.067647 -0.133797 0.010000
v -0.067215 -0.139216 -0.010000
v -0.067215 -0.139216 0.010000
v -0.066495 -0.144461 -0.010000
v -0.066495 -0.144461 0.010000
v -0.065488 -0.149534 -0.010000
v -0.065488 -0.149534 0.010000
v -0.064193 -0.154433 -0.010000
v -0.064193 -0.154433 0.010000
v -0.062610 -0.159159 -0.010000
v -0.062610 -0.159159 0.010000
v -0.060739 -0.163712 -0.010000
v -0.060739 -0.163712 0.010000
v -0.058580 -0.168091 -0.010000
v -0.058580 -0.168091 0.010000
v -0.056134 -0.172298 -0.010000
v -0.056134 -0.172298 0.010000
v -0.053399 -0.176331 -0.010000
v -0.053399 -0.176331 0.010000
v -0.050377 -0.180191 -0.010000
v -0.050377 -0.180191 0.010000
v -0.047067 -0.183878 -0.010000
v -0.047067 -0.183878 0.010000
v -0.043572 -0.187328 -0.010000
v -0.043572 -0.187328 0.010000
v -0.039993 -0.190478 -0.010000
v -0.039993 -0.190478 0.010000
v -0.036332 -0.193329 -0.010000
v -0.036332 -0.193329 0.010000
v -0.032588 -0.195879 -0.010000
v -0.032588 -0.195879 0.010000
v -0.028761 -0.198129 -0.010000
v -0.028761 -0.198129 0.010000
v -0.024851 -0.200079 -0.010000
v -0.024851 -0.200079 0.010000
v -0.020858 -0.201729 -0.010000
v -0.020858 -0.201729 0.010000
v -0.016782 -0.203079 -0.010000
v -0.016782 -0.203079 0.010000
v -0.012623 -0.204129 -0.010000
v -0.012623 -0.204129 0.010000
v -0.008381 -0.204879 -0.010000
v -0.008381 -0.204879 0.010000
v -0.004056 -0.205329 -0.010000
v -0.004056 -0.205329 0.010000
v 0.000351 -0.205479 -0.010000
v 0.000351 -0.205479 0.010000
v 0.004588 -0.205327 -0.010000
v 0.004588 -0.205327 0.010000
v 0.008752 -0.204870 -0.010000
v 0.008752 -0.204870 0.010000
v 0.012842 -0.204107 -0.010000
v 0.012842 -0.204107 0.010000
v 0.016860 -0.203040 -0.010000
v 0.016860 -0.203040 0.010000
v 0.020804 -0.201668 -0.010000
v 0.020804 -0.201668 0.010000
v 0.024675 -0.199991 -0.010000
v 0.024675 -0.199991 0.010000
v 0.028473 -0.198009 -0.010000
v 0.028473 -0.198009 0.010000
v 0.032198 -0.195723 -0.010000
v 0.032198 -0.195723 0.010000
v 0.035849 -0.193131 -0.010000
v 0.035849 -0.193131 0.010000
v 0.039427 -0.190234 -0.010000
v 0.039427 -0.190234 0.010000
v 0.042933 -0.187033 -0.010000
v 0.042933 -0.187033 0.010000
v 0.046365 -0.183527 -0.010000
v 0.046365 -0.183527 0.010000
v 0.049619 -0.179786 -0.010000
v 0.049619 -0.179786 0.010000
v 0.052589 -0.175882 -0.010000
v 0.052589 -0.175882 0.010000
v 0.055277 -0.171815 -0.010000
v 0.055277 -0.171815 0.010000
v 0.057683 -0.167584 -0.010000
v 0.057683 -0.167584 0.010000
v 0.059805 -0.163190 -0.010000
v 0.059805 -0.163190 0.010000
v 0.061644 -0.158632 -0.010000
v 0.061644 -0.158632 0.010000
v 0.063200 -0.153911 -0.010000
v 0.063200 -0.153911 0.010000
v 0.064473 -0.149026 -0.010000
v 0.064473 -0.149026 0.010000
v 0.065464 -0.143978 -0.010000
v 0.065464 -0.143978 0.010000
v 0.066171 -0.138767 -0.010000
v 0.066171 -0.138767 0.010000
v 0.066595 -0.133392 -0.010000
v 0.066595 -0.133392 0.010000
v 0.066737 -0.127854 -0.010000
v 0.066737 -0.127854 0.010000
v 0.066594 -0.122261 -0.010000
v 0.066594 -0.122261 0.010000
v 0.066166 -0.116838 -0.010000
v 0.066166 -0.116838 0.010000
v 0.065453 -0.111587 -0.010000
v 0.065453 -0.111587 0.010000
v 0.064454 -0.106506 -0.010000
v 0.064454 -0.106506 0.010000
v 0.063170 -0.101596 -0.010000
v 0.063170 -0.101596 0.010000
v 0.061600 -0.096856 -0.010000
v 0.061600 -0.096856 0.010000
v 0.059745 -0.092288 -0.010000
v 0.059745 -0.092288 0.010000
v 0.057605 -0.087890 -0.010000
v 0.057605 -0.087890 0.010000
v 0.055179 -0.083663 -0.010000
v 0.055179 -0.083663 0.010000
v 0.052468 -0.079606 -0.010000
v 0.052468 -0.079606 0.010000
v 0.049471 -0.075721 -0.010000
v 0.049471 -0.075721 0.010000
v 0.046189 -0.072006 -0.010000
v 0.046189 -0.072006 0.010000
v 0.042719 -0.068527 -0.010000
v 0.042719 -0.068527 0.010000
v 0.039159 -0.065351 -0.010000
v 0.039159 -0.065351 0.010000
v 0.035509 -0.062478 -0.010000
v 0.035509 -0.062478 0.010000
v 0.031768 -0.059907 -0.010000
v 0.031768 -0.059907 0.010000
v 0.027938 -0.057639 -0.010000
v 0.027938 -0.057639 0.010000
v 0.024017 -0.055673 -0.010000
v 0.024017 -0.055673 0.010000
v 0.020005 -0.054009 -0.010000
v 0.020005 -0.054009 0.010000
v 0.015904 -0.052648 -0.010000
v 0.015904 -0.052648 0.010000
v 0.011712 -0.051589 -0.010000
v 0.011712 -0.051589 0.010000
v 0.007430 -0.050833 -0.010000
v 0.007430 -0.050833 0.010000
v 0.003058 -0.050380 -0.010000
v 0.003058 -0.050380 0.010000
v -0.001405 -0.050228 -0.010000
v -0.001405 -0.050228 0.010000
v -0.005807 -0.050375 -0.010000
v -0.005807 -0.050375 0.010000
v -0.010113 -0.050814 -0.010000
v -0.010113 -0.050814 0.010000
v -0.014324 -0.051545 -0.010000
v -0.014324 -0.051545 0.010000
v -0.018440 -0.052570 -0.010000
v -0.018440 -0.052570 0.010000
v -0.022462 -0.053887 -0.010000
v -0.022462 -0.053887 0.010000
v -0.026387 -0.055497 -0.010000
v -0.026387 -0.055497 0.010000
v -0.030218 -0.057400 -0.010000
v -0.030218 -0.057400 0.010000
v -0.033954 -0.059595 -0.010000
v -0.033954 -0.059595 0.010000
v -0.037594 -0.062083 -0.010000
v -0.037594 -0.062083 0.010000
v -0.041140 -0.064864 -0.010000
v -0.041140 -0.064864 0.010000
v -0.044590 -0.067937 -0.010000
v -0.044590 -0.067937 0.010000
vn -0.0000 -0.0000 1.0000
vn -0.0000 -0.0000 -1.0000
vn -0.7964 0.6048 -0.0000
vn -0.8301 0.5576 -0.0000
vn -0.7598 0.6502 -0.0000
vn -0.7213 0.6926 -0.0000
vn -0.6814 0.7319 -0.0000
vn -0.6407 0.7678 -0.0000
vn -0.5995 0.8004 -0.0000
vn -0.5584 0.8296 -0.0000
vn -0.5178 0.8555 -0.0000
vn -0.4779 0.8784 -0.0000
vn -0.4391 0.8985 -0.0000
vn -0.4014 0.9159 -0.0000
vn -0.9985 0.0544 -0.0000
vn -0.4936 -0.8697 -0.0000
vn -0.9985 0.0545 -0.0000
vn -0.5190 -0.8548 -0.0000
vn -0.5456 -0.8381 -0.0000
vn -0.5732 -0.8194 -0.0000
vn -0.6019 -0.7985 -0.0000
vn -0.6317 -0.7752 -0.0000
vn -0.6622 -0.7493 -0.0000
vn -0.6317 -0.7753 -0.0000
vn -0.6935 -0.7205 -0.0000
vn -0.7252 -0.6885 -0.0000
vn -0.7571 -0.6533 -0.0000
vn -0.7889 -0.6146 -0.0000
vn -0.8197 -0.5728 -0.0000
vn -0.8485 -0.5292 -0.0000
vn -0.8749 -0.4842 -0.0000
vn -0.8992 -0.4374 -0.0000
vn -0.8750 -0.4842 -0.0000
vn -0.9211 -0.3892 -0.0000
vn -0.9404 -0.3400 -0.0000
vn -0.9570 -0.2901 -0.0000
vn -0.9708 -0.2400 -0.0000
vn -0.9818 -0.1902 -0.0000
vn -0.9900 -0.1409 -0.0000
vn -0.9957 -0.0927 -0.0000
vn -0.9990 -0.0457 -0.0000
vn -1.0000 0.0086 -0.0000
vn -0.9967 0.0810 -0.0000
vn -0.9863 0.1649 -0.0000
vn -0.9681 0.2506 -0.0000
vn -0.9419 0.3360 -0.0000
vn -0.9079 0.4192 -0.0000
vn -0.8671 0.4981 -0.0000
vn -0.8209 0.5711 -0.0000
vn -0.7707 0.6372 -0.0000
vn -0.7182 0.6958 -0.0000
vn -0.6649 0.7469 -0.0000
vn -0.6121 0.7908 -0.0000
vn -0.5573 0.8303 -0.0000
vn -0.5019 0.8649 -0.0000
vn -0.4487 0.8937 -0.0000
vn -0.3958 0.9183 -0.0000
vn -0.3439 0.9390 -0.0000
vn -0.2934 0.9560 -0.0000
vn -0.2448 0.9696 -0.0000
vn -0.1982 0.9802 -0.0000
vn -0.1539 0.9881 -0.0000
vn -0.1120 0.9937 -0.0000
vn -0.0724 0.9974 -0.0000
vn -0.0352 0.9994 -0.0000
vn -0.0005 1.0000 -0.0000
vn 0.0336 0.9994 -0.0000
vn 0.0698 0.9976 -0.0000
vn 0.1094 0.9940 -0.0000
vn 0.1525 0.9883 -0.0000
vn 0.1994 0.9799 -0.0000
vn 0.2502 0.9682 -0.0000
vn 0.3050 0.9524 -0.0000
vn 0.3636 0.9315 -0.0000
vn 0.4257 0.9049 -0.0000
vn 0.4905 0.8715 -0.0000
vn 0.5570 0.8305 -0.0000
vn 0.6192 0.7853 -0.0000
vn 0.6723 0.7403 -0.0000
vn 0.7209 0.6931 -0.0000
vn 0.7686 0.6397 -0.0000
vn 0.8143 0.5804 -0.0000
vn 0.8569 0.5155 -0.0000
vn 0.8951 0.4458 -0.0000
vn 0.9280 0.3725 -0.0000
vn 0.9549 0.2970 -0.0000
vn 0.9754 0.2206 -0.0000
vn 0.9895 0.1449 -0.0000
vn 0.9975 0.0711 -0.0000
vn 0.9894 0.1449 -0.0000
vn 1.0000 0.0056 -0.0000
vn 0.9989 -0.0477 -0.0000
vn 0.9954 -0.0960 -0.0000
vn 0.9895 -0.1447 -0.0000
vn 0.9811 -0.1935 -0.0000
vn 0.9703 -0.2419 -0.0000
vn 0.9571 -0.2897 -0.0000
vn 0.9417 -0.3364 -0.0000
vn 0.9242 -0.3819 -0.0000
vn 0.9049 -0.4257 -0.0000
vn 0.8839 -0.4677 -0.0000
vn 0.8615 -0.5077 -0.0000
vn 0.8368 -0.5474 -0.0000
vn 0.8616 -0.5077 -0.0000
vn 0.8107 -0.5854 -0.0000
vn 0.7851 -0.6194 -0.0000
vn 0.7594 -0.6506 -0.0000
vn 0.7341 -0.6791 -0.0000
vn 0.7092 -0.7050 -0.0000
vn 0.6849 -0.7287 -0.0000
vn 0.6612 -0.7502 -0.0000
vn 0.6383 -0.7698 -0.0000
vn 0.6162 -0.7876 -0.0000
vn 0.5949 -0.8038 -0.0000
vn 0.5745 -0.8185 -0.0000
vn 0.9978 0.0670 -0.0000
vn 0.4666 0.8845 -0.0000
vn 0.9978 0.0669 -0.0000
vn 0.5019 0.8649 -0.0000
vn 0.5379 0.8430 -0.0000
vn 0.5745 0.8185 -0.0000
vn 0.6113 0.7914 -0.0000
vn 0.6481 0.7616 -0.0000
vn 0.6846 0.7290 -0.0000
vn 0.7203 0.6937 -0.0000
vn 0.7550 0.6557 -0.0000
vn 0.7882 0.6154 -0.0000
vn 0.8197 0.5728 -0.0000
vn 0.8480 0.5300 -0.0000
vn 0.8724 0.4889 -0.0000
vn 0.8942 0.4478 -0.0000
vn 0.9143 0.4051 -0.0000
vn 0.9325 0.3612 -0.0000
vn 0.9486 0.3163 -0.0000
vn 0.9626 0.2708 -0.0000
vn 0.9744 0.2248 -0.0000
vn 0.9839 0.1788 -0.0000
vn 0.9911 0.1331 -0.0000
vn 0.9961 0.0879 -0.0000
vn 0.9991 0.0435 -0.0000
vn 1.0000 0.0012 -0.0000
vn 0.9992 -0.0387 -0.0000
vn 0.9969 -0.0781 -0.0000
vn 0.9930 -0.1179 -0.0000
vn 0.9874 -0.1581 -0.0000
vn 0.9801 -0.1984 -0.0000
vn 0.9711 -0.2387 -0.0000
vn 0.9604 -0.2786 -0.0000
vn 0.9481 -0.3181 -0.0000
vn 0.9341 -0.3569 -0.0000
vn 0.9188 -0.3948 -0.0000
vn 0.9020 -0.4317 -0.0000
vn 0.8850 -0.4657 -0.0000
vn 0.8685 -0.4957 -0.0000
vn 0.8515 -0.5244 -0.0000
vn 0.8327 -0.5537 -0.0000
vn 0.8122 -0.5834 -0.0000
vn 0.7897 -0.6135 -0.0000
vn 0.7653 -0.6436 -0.0000
vn 0.7390 -0.6737 -0.0000
vn 0.7106 -0.7036 -0.0000
vn 0.6802 -0.7331 -0.0000
vn 0.6478 -0.7618 -0.0000
vn 0.6135 -0.7897 -0.0000
vn 0.5786 -0.8156 -0.0000
vn 0.5450 -0.8385 -0.0000
vn 0.5124 -0.8588 -0.0000
vn 0.4800 -0.8773 -0.0000
vn 0.4480 -0.8940 -0.0000
vn 0.4166 -0.9091 -0.0000
vn 0.3858 -0.9226 -0.0000
vn 0.3558 -0.9346 -0.0000
vn 0.3265 -0.9452 -0.0000
vn 0.2981 -0.9545 -0.0000
vn 0.2707 -0.9627 -0.0000
vn 0.2441 -0.9697 -0.0000
vn 0.2198 -0.9755 -0.0000
vn 0.1988 -0.9800 -0.0000
vn 0.1795 -0.9838 -0.0000
vn 0.1604 -0.9871 -0.0000
vn 0.1415 -0.9899 -0.0000
vn 0.1228 -0.9924 -0.0000
vn 0.1044 -0.9945 -0.0000
vn 0.0863 -0.9963 -0.0000
vn 0.0684 -0.9977 -0.0000
vn 0.0509 -0.9987 -0.0000
vn 0.0336 -0.9994 -0.0000
vn 0.0167 -0.9999 -0.0000
vn -0.0009 -1.0000 -0.0000
vn -0.0207 -0.9998 -0.0000
vn -0.0429 -0.9991 -0.0000
vn -0.0670 -0.9978 -0.0000
vn -0.0933 -0.9956 -0.0000
vn -0.1219 -0.9925 -0.0000
vn -0.1531 -0.9882 -0.0000
vn -0.1871 -0.9823 -0.0000
vn -0.2243 -0.9745 -0.0000
vn -0.2649 -0.9643 -0.0000
vn -0.3090 -0.9510 -0.0000
vn -0.3570 -0.9341 -0.0000
vn -0.4053 -0.9142 -0.0000
vn -0.4492 -0.8934 -0.0000
vn -0.4905 -0.8714 -0.0000
vn -0.5321 -0.8467 -0.0000
vn -0.5736 -0.8191 -0.0000
vn -0.6146 -0.7888 -0.0000
vn -0.6548 -0.7558 -0.0000
vn -0.6938 -0.7202 -0.0000
vn -0.7312 -0.6822 -0.0000
vn -0.7665 -0.6422 -0.0000
vn -0.7996 -0.6005 -0.0000
vn -0.8302 -0.5574 -0.0000
vn -0.8574 -0.5147 -0.0000
vn -0.8807 -0.4736 -0.0000
vn -0.9016 -0.4325 -0.0000
vn -0.9207 -0.3902 -0.0000
vn -0.9379 -0.3470 -0.0000
vn -0.9530 -0.3030 -0.0000
vn -0.9660 -0.2587 -0.0000
vn -0.9768 -0.2143 -0.0000
vn -0.9854 -0.1701 -0.0000
vn -0.9920 -0.1263 -0.0000
vn -0.9965 -0.0833 -0.0000
vn -0.9992 -0.0412 -0.0000
vn -1.0000 -0.0004 -0.0000
vn -0.9992 0.0400 -0.0000
vn -0.9967 0.0817 -0.0000
vn -0.9921 0.1252 -0.0000
vn -0.9854 0.1704 -0.0000
vn -0.9762 0.2171 -0.0000
vn -0.9642 0.2650 -0.0000
vn -0.9495 0.3138 -0.0000
vn -0.9643 0.2650 -0.0000
vn -0.9317 0.3632 -0.0000
vn -0.9109 0.4126 -0.0000
vn -0.8870 0.4617 -0.0000
vn -0.8602 0.5099 -0.0000
vn 0.7532 -0.6577 -0.0000
vn 0.7071 -0.7071 -0.0000
vn 0.7968 -0.6042 -0.0000
vn 0.8372 -0.5469 -0.0000
vn 0.8736 -0.4866 -0.0000
vn 0.9057 -0.4240 -0.0000
vn 0.9329 -0.3602 -0.0000
vn 0.9551 -0.2962 -0.0000
vn 0.9725 -0.2328 -0.0000
vn 0.9853 -0.1710 -0.0000
vn 0.9938 -0.1113 -0.0000
vn 0.9985 -0.0544 -0.0000
vn 1.0000 -0.0001 -0.0000
vn 0.9985 0.0542 -0.0000
vn 0.9938 0.1111 -0.0000
vn 0.9853 0.1709 -0.0000
vn 0.9725 0.2331 -0.0000
vn 0.9323 0.3617 -0.0000
vn 0.9045 0.4265 -0.0000
vn 0.8717 0.4901 -0.0000
vn 0.8341 0.5515 -0.0000
vn 0.7925 0.6099 -0.0000
vn 0.7474 0.6644 -0.0000
vn 0.6994 0.7148 -0.0000
vn 0.6477 0.7619 -0.0000
vn 0.5920 0.8059 -0.0000
vn 0.5330 0.8461 -0.0000
vn 0.4715 0.8819 -0.0000
vn 0.4086 0.9127 -0.0000
vn 0.3453 0.9385 -0.0000
vn 0.2825 0.9593 -0.0000
vn 0.2211 0.9753 -0.0000
vn 0.1617 0.9868 -0.0000
vn 0.1049 0.9945 -0.0000
vn 0.0511 0.9987 -0.0000
vn -0.0014 1.0000 -0.0000
vn -0.0567 0.9984 -0.0000
vn -0.1160 0.9932 -0.0000
vn -0.1779 0.9841 -0.0000
vn -0.2416 0.9704 -0.0000
vn -0.3064 0.9519 -0.0000
vn -0.3715 0.9284 -0.0000
vn -0.4359 0.9000 -0.0000
vn -0.4984 0.8669 -0.0000
vn -0.5583 0.8296 -0.0000
vn -0.6147 0.7888 -0.0000
vn -0.6669 0.7451 -0.0000
vn -0.7150 0.6991 -0.0000
vn -0.7602 0.6497 -0.0000
vn -0.8029 0.5961 -0.0000
vn -0.8424 0.5389 -0.0000
vn -0.8779 0.4789 -0.0000
vn -0.9089 0.4169 -0.0000
vn -0.9353 0.3539 -0.0000
vn -0.9568 0.2908 -0.0000
vn -0.9735 0.2285 -0.0000
vn -0.9858 0.1678 -0.0000
vn -0.9940 0.1092 -0.0000
vn -0.9986 0.0533 -0.0000
vn -1.0000 -0.0000 -0.0000
vn -0.9986 -0.0535 -0.0000
vn -0.9940 -0.1097 -0.0000
vn -0.9857 -0.1685 -0.0000
vn -0.9733 -0.2296 -0.0000
vn -0.9563 -0.2923 -0.0000
vn -0.9345 -0.3559 -0.0000
vn -0.9078 -0.4193 -0.0000
vn -0.8763 -0.4818 -0.0000
vn -0.8403 -0.5422 -0.0000
vn -0.8002 -0.5997 -0.0000
vn -0.7569 -0.6536 -0.0000
vn -0.7112 -0.7030 -0.0000
vn -0.6628 -0.7488 -0.0000
vn -0.6105 -0.7920 -0.0000
vn -0.5542 -0.8324 -0.0000
vn -0.4944 -0.8692 -0.0000
vn -0.4321 -0.9018 -0.0000
vn -0.3682 -0.9298 -0.0000
vn -0.3036 -0.9528 -0.0000
vn -0.2393 -0.9710 -0.0000
vn -0.1761 -0.9844 -0.0000
vn -0.1149 -0.9934 -0.0000
vn -0.0562 -0.9984 -0.0000
vn -0.0005 -1.0000 -0.0000
vn 0.0544 -0.9985 -0.0000
vn 0.1113 -0.9938 -0.0000
vn 0.1710 -0.9853 -0.0000
vn 0.2328 -0.9725 -0.0000
vn 0.2962 -0.9551 -0.0000
vn 0.3602 -0.9329 -0.0000
vn 0.4240 -0.9057 -0.0000
vn 0.4866 -0.8736 -0.0000
vn 0.5469 -0.8372 -0.0000
vn 0.6042 -0.7968 -0.0000
vn 0.6577 -0.7532 -0.0000
vn 0.7750 -0.6320 -0.0000
vn 0.7304 -0.6830 -0.0000
vn 0.8182 -0.5750 -0.0000
vn 0.8570 -0.5153 -0.0000
vn 0.8911 -0.4538 -0.0000
vn 0.9201 -0.3916 -0.0000
vn 0.9441 -0.3296 -0.0000
vn 0.9632 -0.2687 -0.0000
vn 0.9778 -0.2097 -0.0000
vn 0.9882 -0.1530 -0.0000
vn 0.9951 -0.0991 -0.0000
vn 0.9988 -0.0482 -0.0000
vn 1.0000 0.0011 -0.0000
vn 0.9986 0.0526 -0.0000
vn 0.9942 0.1077 -0.0000
vn 0.9862 0.1654 -0.0000
vn 0.9743 0.2253 -0.0000
vn 0.9580 0.2868 -0.0000
vn 0.9371 0.3491 -0.0000
vn 0.9115 0.4113 -0.0000
vn 0.9371 0.3490 -0.0000
vn 0.8812 0.4727 -0.0000
vn 0.8466 0.5323 -0.0000
vn 0.8080 0.5892 -0.0000
vn 0.7662 0.6426 -0.0000
vn 0.7236 0.6902 -0.0000
vn 0.6819 0.7314 -0.0000
vn 0.6378 0.7702 -0.0000
vn 0.5889 0.8082 -0.0000
vn 0.5352 0.8447 -0.0000
vn 0.4769 0.8790 -0.0000
vn 0.4144 0.9101 -0.0000
vn 0.3484 0.9373 -0.0000
vn 0.2798 0.9601 -0.0000
vn 0.2096 0.9778 -0.0000
vn 0.1389 0.9903 -0.0000
vn 0.0688 0.9976 -0.0000
vn -0.0010 1.0000 -0.0000
vn -0.0726 0.9974 -0.0000
vn -0.1463 0.9892 -0.0000
vn -0.2201 0.9755 -0.0000
vn -0.2928 0.9562 -0.0000
vn -0.3633 0.9317 -0.0000
vn -0.4304 0.9027 -0.0000
vn -0.4932 0.8699 -0.0000
vn -0.5513 0.8343 -0.0000
vn -0.6043 0.7968 -0.0000
vn -0.6521 0.7582 -0.0000
vn -0.6948 0.7192 -0.0000
vn -0.7349 0.6782 -0.0000
vn -0.7755 0.6313 -0.0000
vn -0.8155 0.5788 -0.0000
vn -0.8523 0.5231 -0.0000
vn -0.8854 0.4648 -0.0000
vn -0.9144 0.4048 -0.0000
vn -0.9390 0.3438 -0.0000
vn -0.9592 0.2828 -0.0000
vn -0.9749 0.2225 -0.0000
vn -0.9865 0.1636 -0.0000
vn -0.9943 0.1067 -0.0000
vn -0.9986 0.0521 -0.0000
vn -0.9986 -0.0521 -0.0000
vn -0.9943 -0.1067 -0.0000
vn -0.9865 -0.1638 -0.0000
vn -0.9748 -0.2231 -0.0000
vn -0.9589 -0.2839 -0.0000
vn -0.9384 -0.3455 -0.0000
vn -0.9134 -0.4071 -0.0000
vn -0.8838 -0.4679 -0.0000
vn -0.8499 -0.5270 -0.0000
vn -0.8121 -0.5835 -0.0000
vn -0.7711 -0.6367 -0.0000
vn -0.7290 -0.6845 -0.0000
vn -0.6871 -0.7265 -0.0000
vn -0.6424 -0.7664 -0.0000
vn -0.5928 -0.8054 -0.0000
vn -0.5383 -0.8428 -0.0000
vn -0.4792 -0.8777 -0.0000
vn -0.4159 -0.9094 -0.0000
vn -0.3492 -0.9370 -0.0000
vn -0.2801 -0.9600 -0.0000
vn -0.2095 -0.9778 -0.0000
vn -0.1386 -0.9903 -0.0000
vn -0.0686 -0.9976 -0.0000
vn -0.0003 -1.0000 -0.0000
vn 0.0674 -0.9977 -0.0000
vn 0.1364 -0.9907 -0.0000
vn 0.2065 -0.9784 -0.0000
vn 0.2766 -0.9610 -0.0000
vn 0.3456 -0.9384 -0.0000
vn 0.4124 -0.9110 -0.0000
vn 0.4760 -0.8794 -0.0000
vn 0.5358 -0.8444 -0.0000
vn 0.5910 -0.8067 -0.0000
vn 0.6415 -0.7672 -0.0000
vn 0.6870 -0.7266 -0.0000
vt 0.140811 0.000000
vt 0.145585 0.000000
vt 0.143198 0.000000
vt 0.138425 0.000000
vt 0.147971 0.000000
vt 0.136038 0.000000
vt 0.150358 0.000000
vt 0.133652 0.000000
vt 0.152745 0.000000
vt 0.131265 0.000000
vt 0.155131 0.000000
vt 0.128878 0.000000
vt 0.157518 0.000000
vt 0.126492 0.000000
vt 0.159905 0.000000
vt 0.124105 0.000000
vt 0.162291 0.000000
vt 0.121718 0.000000
vt 0.164678 0.000000
vt 0.119332 0.000000
vt 0.116945 0.000000
vt 0.167064 0.000000
vt 0.114558 0.000000
vt 0.169451 0.000000
vt 0.112172 0.000000
vt 0.171838 0.000000
vt 0.109785 0.000000
vt 0.174224 0.000000
vt 0.107399 0.000000
vt 0.176611 0.000000
vt 0.178998 0.000000
vt 0.105012 0.000000
vt 0.181384 0.000000
vt 0.102625 0.000000
vt 0.183771 0.000000
vt 0.100239 0.000000
vt 0.186158 0.000000
vt 0.097852 0.000000
vt 0.744630 0.000000
vt 0.188544 0.000000
vt 0.747017 0.000000
vt 0.742243 0.000000
vt 0.749403 0.000000
vt 0.739857 0.000000
vt 0.751790 0.000000
vt 0.095465 0.000000
vt 0.737470 0.000000
vt 0.754177 0.000000
vt 0.735084 0.000000
vt 0.756563 0.000000
vt 0.732697 0.000000
vt 0.758950 0.000000
vt 0.730310 0.000000
vt 0.761337 0.000000
vt 0.727924 0.000000
vt 0.190931 0.000000
vt 0.763723 0.000000
vt 0.725537 0.000000
vt 0.766110 0.000000
vt 0.723150 0.000000
vt 0.768496 0.000000
vt 0.720764 0.000000
vt 0.093079 0.000000
vt 0.770883 0.000000
vt 0.718377 0.000000
vt 0.544153 0.000000
vt 0.193317 0.000000
vt 0.715990 0.000000
vt 0.546539 0.000000
vt 0.713604 0.000000
vt 0.548926 0.000000
vt 0.090692 0.000000
vt 0.711217 0.000000
vt 0.551313 0.000000
vt 0.708831 0.000000
vt 0.195704 0.000000
vt 0.553699 0.000000
vt 0.706444 0.000000
vt 0.556086 0.000000
vt 0.704057 0.000000
vt 0.088305 0.000000
vt 0.558473 0.000000
vt 0.198091 0.000000
vt 0.701671 0.000000
vt 0.560859 0.000000
vt 0.699284 0.000000
vt 0.563246 0.000000
vt 0.696897 0.000000
vt 0.085919 0.000000
vt 0.200477 0.000000
vt 0.565632 0.000000
vt 0.694511 0.000000
vt 0.568019 0.000000
vt 0.692124 0.000000
vt 0.083532 0.000000
vt 0.570406 0.000000
vt 0.202864 0.000000
vt 0.689737 0.000000
vt 0.572792 0.000000
vt 0.687351 0.000000
vt 0.081146 0.000000
vt 0.205251 0.000000
vt 0.575179 0.000000
vt 0.684964 0.000000
vt 0.207637 0.000000
vt 0.577566 0.000000
vt 0.078759 0.000000
vt 0.682578 0.000000
vt 0.579952 0.000000
vt 0.680191 0.000000
vt 0.210024 0.000000
vt 0.076372 0.000000
vt 0.582339 0.000000
vt 0.677804 0.000000
vt 0.212410 0.000000
vt 0.584726 0.000000
vt 0.073986 0.000000
vt 0.675418 0.000000
vt 0.587112 0.000000
vt 0.214797 0.000000
vt 0.673031 0.000000
vt 0.071599 0.000000
vt 0.589499 0.000000
vt 0.670644 0.000000
vt 0.217184 0.000000
vt 0.591885 0.000000
vt 0.668258 0.000000
vt 0.069212 0.000000
vt 0.594272 0.000000
vt 0.665871 0.000000
vt 0.219570 0.000000
vt 0.596659 0.000000
vt 0.066826 0.000000
vt 0.663485 0.000000
vt 0.221957 0.000000
vt 0.599045 0.000000
vt 0.661098 0.000000
vt 0.064439 0.000000
vt 0.601432 0.000000
vt 0.658711 0.000000
vt 0.224344 0.000000
vt 0.603819 0.000000
vt 0.656325 0.000000
vt 0.062053 0.000000
vt 0.606205 0.000000
vt 0.653938 0.000000
vt 0.226730 0.000000
vt 0.608592 0.000000
vt 0.651551 0.000000
vt 0.610979 0.000000
vt 0.649165 0.000000
vt 0.059666 0.000000
vt 0.613365 0.000000
vt 0.646778 0.000000
vt 0.229117 0.000000
vt 0.615752 0.000000
vt 0.644391 0.000000
vt 0.618138 0.000000
vt 0.642005 0.000000
vt 0.057279 0.000000
vt 0.620525 0.000000
vt 0.639618 0.000000
vt 0.622912 0.000000
vt 0.637232 0.000000
vt 0.231504 0.000000
vt 0.625298 0.000000
vt 0.634845 0.000000
vt 0.627685 0.000000
vt 0.632458 0.000000
vt 0.630072 0.000000
vt 0.054893 0.000000
vt 0.233890 0.000000
vt 0.052506 0.000000
vt 0.236277 0.000000
vt 0.050119 0.000000
vt 0.238663 0.000000
vt 0.047733 0.000000
vt 0.241050 0.000000
vt 0.045346 0.000000
vt 0.243437 0.000000
vt 0.042959 0.000000
vt 0.245823 0.000000
vt 0.040573 0.000000
vt 0.248210 0.000000
vt 0.038186 0.000000
vt 0.250597 0.000000
vt 0.035800 0.000000
vt 0.252983 0.000000
vt 0.033413 0.000000
vt 0.255370 0.000000
vt 0.031026 0.000000
vt 0.257757 0.000000
vt 0.028640 0.000000
vt 0.026253 0.000000
vt 0.260143 0.000000
vt 0.023866 0.000000
vt 0.262530 0.000000
vt 0.021480 0.000000
vt 0.264916 0.000000
vt 0.019093 0.000000
vt 0.267303 0.000000
vt 0.016706 0.000000
vt 0.269690 0.000000
vt 0.014320 0.000000
vt 0.272076 0.000000
vt 0.011933 0.000000
vt 0.274463 0.000000
vt 0.009547 0.000000
vt 0.276850 0.000000
vt 0.007160 0.000000
vt 0.279236 0.000000
vt 0.004773 0.000000
vt 0.281623 0.000000
vt 0.002387 0.000000
vt 0.973747 0.000000
vt 0.284010 0.000000
vt 0.976134 0.000000
vt 0.971360 0.000000
vt 0.978520 0.000000
vt 0.968974 0.000000
vt 0.980907 0.000000
vt 0.966587 0.000000
vt 0.000000 0.000000
vt 0.983294 0.000000
vt 0.964200 0.000000
vt 0.985680 0.000000
vt 0.961814 0.000000
vt 0.988067 0.000000
vt 0.959427 0.000000
vt 0.286396 0.000000
vt 0.990453 0.000000
vt 0.957041 0.000000
vt 0.541766 0.000000
vt 0.992840 0.000000
vt 0.954654 0.000000
vt 0.995227 0.000000
vt 0.952267 0.000000
vt 0.288783 0.000000
vt 0.539379 0.000000
vt 0.997613 0.000000
vt 0.949881 0.000000
vt 1.000000 0.000000
vt 0.947494 0.000000
vt 0.291169 0.000000
vt 0.536993 0.000000
vt 0.773270 0.000000
vt 0.945107 0.000000
vt 0.775656 0.000000
vt 0.293556 0.000000
vt 0.942721 0.000000
vt 0.534606 0.000000
vt 0.778043 0.000000
vt 0.940334 0.000000
vt 0.295943 0.000000
vt 0.780430 0.000000
vt 0.532220 0.000000
vt 0.937948 0.000000
vt 0.782816 0.000000
vt 0.298329 0.000000
vt 0.935561 0.000000
vt 0.529833 0.000000
vt 0.785203 0.000000
vt 0.933174 0.000000
vt 0.300716 0.000000
vt 0.527446 0.000000
vt 0.787589 0.000000
vt 0.930788 0.000000
vt 0.303103 0.000000
vt 0.789976 0.000000
vt 0.928401 0.000000
vt 0.525060 0.000000
vt 0.792363 0.000000
vt 0.926014 0.000000
vt 0.305489 0.000000
vt 0.522673 0.000000
vt 0.794749 0.000000
vt 0.923628 0.000000
vt 0.307876 0.000000
vt 0.797136 0.000000
vt 0.520286 0.000000
vt 0.921241 0.000000
vt 0.310263 0.000000
vt 0.799523 0.000000
vt 0.918854 0.000000
vt 0.517900 0.000000
vt 0.312649 0.000000
vt 0.916468 0.000000
vt 0.801909 0.000000
vt 0.515513 0.000000
vt 0.315036 0.000000
vt 0.914081 0.000000
vt 0.804296 0.000000
vt 0.513126 0.000000
vt 0.911695 0.000000
vt 0.806683 0.000000
vt 0.317422 0.000000
vt 0.909308 0.000000
vt 0.809069 0.000000
vt 0.319809 0.000000
vt 0.510740 0.000000
vt 0.906921 0.000000
vt 0.811456 0.000000
vt 0.322196 0.000000
vt 0.508353 0.000000
vt 0.904535 0.000000
vt 0.813842 0.000000
vt 0.324582 0.000000
vt 0.902148 0.000000
vt 0.816229 0.000000
vt 0.505967 0.000000
vt 0.899761 0.000000
vt 0.326969 0.000000
vt 0.818616 0.000000
vt 0.503580 0.000000
vt 0.897375 0.000000
vt 0.821002 0.000000
vt 0.329356 0.000000
vt 0.894988 0.000000
vt 0.823389 0.000000
vt 0.501193 0.000000
vt 0.331742 0.000000
vt 0.892601 0.000000
vt 0.825776 0.000000
vt 0.890215 0.000000
vt 0.828162 0.000000
vt 0.334129 0.000000
vt 0.498807 0.000000
vt 0.887828 0.000000
vt 0.830549 0.000000
vt 0.336516 0.000000
vt 0.885442 0.000000
vt 0.832936 0.000000
vt 0.496420 0.000000
vt 0.883055 0.000000
vt 0.835322 0.000000
vt 0.338902 0.000000
vt 0.880668 0.000000
vt 0.837709 0.000000
vt 0.494033 0.000000
vt 0.878282 0.000000
vt 0.840095 0.000000
vt 0.341289 0.000000
vt 0.875895 0.000000
vt 0.842482 0.000000
vt 0.491647 0.000000
vt 0.873508 0.000000
vt 0.844869 0.000000
vt 0.871122 0.000000
vt 0.847255 0.000000
vt 0.343675 0.000000
vt 0.868735 0.000000
vt 0.849642 0.000000
vt 0.866348 0.000000
vt 0.852029 0.000000
vt 0.863962 0.000000
vt 0.854415 0.000000
vt 0.489260 0.000000
vt 0.861575 0.000000
vt 0.856802 0.000000
vt 0.859189 0.000000
vt 0.346062 0.000000
vt 0.486874 0.000000
vt 0.348449 0.000000
vt 0.350835 0.000000
vt 0.484487 0.000000
vt 0.353222 0.000000
vt 0.482100 0.000000
vt 0.355609 0.000000
vt 0.479714 0.000000
vt 0.357995 0.000000
vt 0.477327 0.000000
vt 0.360382 0.000000
vt 0.362769 0.000000
vt 0.474940 0.000000
vt 0.365155 0.000000
vt 0.472554 0.000000
vt 0.367542 0.000000
vt 0.470167 0.000000
vt 0.369928 0.000000
vt 0.372315 0.000000
vt 0.467780 0.000000
vt 0.374702 0.000000
vt 0.465394 0.000000
vt 0.377088 0.000000
vt 0.463007 0.000000
vt 0.379475 0.000000
vt 0.381862 0.000000
vt 0.460621 0.000000
vt 0.384248 0.000000
vt 0.458234 0.000000
vt 0.386635 0.000000
vt 0.389021 0.000000
vt 0.455847 0.000000
vt 0.391408 0.000000
vt 0.453461 0.000000
vt 0.393795 0.000000
vt 0.396181 0.000000
vt 0.451074 0.000000
vt 0.398568 0.000000
vt 0.448687 0.000000
vt 0.400955 0.000000
vt 0.403341 0.000000
vt 0.446301 0.000000
vt 0.405728 0.000000
vt 0.443914 0.000000
vt 0.408115 0.000000
vt 0.410501 0.000000
vt 0.441527 0.000000
vt 0.412888 0.000000
vt 0.439141 0.000000
vt 0.415274 0.000000
vt 0.417661 0.000000
vt 0.436754 0.000000
vt 0.420048 0.000000
vt 0.434368 0.000000
vt 0.422434 0.000000
vt 0.424821 0.000000
vt 0.431981 0.000000
vt 0.427208 0.000000
vt 0.429594 0.000000
vt 0.004386 1.000000
vt 0.000000 1.000000
vt 0.008772 1.000000
vt 0.004386 0.000000
vt 0.013158 1.000000
vt 0.008772 0.000000
vt 0.017544 1.000000
vt 0.013158 0.000000
vt 0.021930 1.000000
vt 0.017544 0.000000
vt 0.026316 1.000000
vt 0.021930 0.000000
vt 0.030702 1.000000
vt 0.026316 0.000000
vt 0.035088 1.000000
vt 0.030702 0.000000
vt 0.039474 1.000000
vt 0.035088 0.000000
vt 0.043860 1.000000
vt 0.039474 0.000000
vt 0.048246 1.000000
vt 0.043860 0.000000
vt 0.052632 1.000000
vt 0.048246 0.000000
vt 0.057018 1.000000
vt 0.052632 0.000000
vt 0.061404 1.000000
vt 0.057018 0.000000
vt 0.065789 1.000000
vt 0.061404 0.000000
vt 0.070175 1.000000
vt 0.065789 0.000000
vt 0.074561 1.000000
vt 0.070175 0.000000
vt 0.078947 1.000000
vt 0.074561 0.000000
vt 0.083333 1.000000
vt 0.078947 0.000000
vt 0.087719 1.000000
vt 0.083333 0.000000
vt 0.092105 1.000000
vt 0.087719 0.000000
vt 0.096491 1.000000
vt 0.092105 0.000000
vt 0.100877 1.000000
vt 0.096491 0.000000
vt 0.105263 1.000000
vt 0.100877 0.000000
vt 0.109649 1.000000
vt 0.105263 0.000000
vt 0.114035 1.000000
vt 0.109649 0.000000
vt 0.118421 1.000000
vt 0.114035 0.000000
vt 0.122807 1.000000
vt 0.118421 0.000000
vt 0.127193 1.000000
vt 0.122807 0.000000
vt 0.131579 1.000000
vt 0.127193 0.000000
vt 0.135965 1.000000
vt 0.131579 0.000000
vt 0.140351 1.000000
vt 0.135965 0.000000
vt 0.144737 1.000000
vt 0.140351 0.000000
vt 0.149123 1.000000
vt 0.144737 0.000000
vt 0.153509 1.000000
vt 0.149123 0.000000
vt 0.157895 1.000000
vt 0.153509 0.000000
vt 0.162281 1.000000
vt 0.157895 0.000000
vt 0.166667 1.000000
vt 0.162281 0.000000
vt 0.171053 1.000000
vt 0.166667 0.000000
vt 0.175439 1.000000
vt 0.171053 0.000000
vt 0.179825 1.000000
vt 0.175439 0.000000
vt 0.184211 1.000000
vt 0.179825 0.000000
vt 0.188596 1.000000
vt 0.184211 0.000000
vt 0.192982 1.000000
vt 0.188596 0.000000
vt 0.197368 1.000000
vt 0.192982 0.000000
vt 0.201754 1.000000
vt 0.197368 0.000000
vt 0.206140 1.000000
vt 0.201754 0.000000
vt 0.210526 1.000000
vt 0.206140 0.000000
vt 0.214912 1.000000
vt 0.210526 0.000000
vt 0.219298 1.000000
vt 0.214912 0.000000
vt 0.223684 1.000000
vt 0.219298 0.000000
vt 0.228070 1.000000
vt 0.223684 0.000000
vt 0.232456 1.000000
vt 0.228070 0.000000
vt 0.236842 1.000000
vt 0.232456 0.000000
vt 0.241228 1.000000
vt 0.236842 0.000000
vt 0.245614 1.000000
vt 0.241228 0.000000
vt 0.250000 1.000000
vt 0.245614 0.000000
vt 0.254386 1.000000
vt 0.250000 0.000000
vt 0.258772 1.000000
vt 0.254386 0.000000
vt 0.263158 1.000000
vt 0.258772 0.000000
vt 0.267544 1.000000
vt 0.263158 0.000000
vt 0.271930 1.000000
vt 0.267544 0.000000
vt 0.276316 1.000000
vt 0.271930 0.000000
vt 0.280702 1.000000
vt 0.276316 0.000000
vt 0.285088 1.000000
vt 0.280702 0.000000
vt 0.289474 1.000000
vt 0.285088 0.000000
vt 0.293860 1.000000
vt 0.289474 0.000000
vt 0.298246 1.000000
vt 0.293860 0.000000
vt 0.302632 1.000000
vt 0.298246 0.000000
vt 0.307018 1.000000
vt 0.302632 0.000000
vt 0.311404 1.000000
vt 0.307018 0.000000
vt 0.315789 1.000000
vt 0.311404 0.000000
vt 0.320175 1.000000
vt 0.315789 0.000000
vt 0.324561 1.000000
vt 0.320175 0.000000
vt 0.328947 1.000000
vt 0.324561 0.000000
vt 0.333333 1.000000
vt 0.328947 0.000000
vt 0.337719 1.000000
vt 0.333333 0.000000
vt 0.342105 1.000000
vt 0.337719 0.000000
vt 0.346491 1.000000
vt 0.342105 0.000000
vt 0.350877 1.000000
vt 0.346491 0.000000
vt 0.355263 1.000000
vt 0.350877 0.000000
vt 0.359649 1.000000
vt 0.355263 0.000000
vt 0.364035 1.000000
vt 0.359649 0.000000
vt 0.368421 1.000000
vt 0.364035 0.000000
vt 0.372807 1.000000
vt 0.368421 0.000000
vt 0.377193 1.000000
vt 0.372807 0.000000
vt 0.381579 1.000000
vt 0.377193 0.000000
vt 0.385965 1.000000
vt 0.381579 0.000000
vt 0.390351 1.000000
vt 0.385965 0.000000
vt 0.394737 1.000000
vt 0.390351 0.000000
vt 0.399123 1.000000
vt 0.394737 0.000000
vt 0.403509 1.000000
vt 0.399123 0.000000
vt 0.407895 1.000000
vt 0.403509 0.000000
vt 0.412281 1.000000
vt 0.407895 0.000000
vt 0.416667 1.000000
vt 0.412281 0.000000
vt 0.421053 1.000000
vt 0.416667 0.000000
vt 0.425439 1.000000
vt 0.421053 0.000000
vt 0.429825 1.000000
vt 0.425439 0.000000
vt 0.434211 1.000000
vt 0.429825 0.000000
vt 0.438596 1.000000
vt 0.434211 0.000000
vt 0.442982 1.000000
vt 0.438596 0.000000
vt 0.447368 1.000000
vt 0.442982 0.000000
vt 0.451754 1.000000
vt 0.447368 0.000000
vt 0.456140 1.000000
vt 0.451754 0.000000
vt 0.460526 1.000000
vt 0.456140 0.000000
vt 0.464912 1.000000
vt 0.460526 0.000000
vt 0.469298 1.000000
vt 0.464912 0.000000
vt 0.473684 1.000000
vt 0.469298 0.000000
vt 0.478070 1.000000
vt 0.473684 0.000000
vt 0.482456 1.000000
vt 0.478070 0.000000
vt 0.486842 1.000000
vt 0.482456 0.000000
vt 0.491228 1.000000
vt 0.486842 0.000000
vt 0.495614 1.000000
vt 0.491228 0.000000
vt 0.500000 1.000000
vt 0.495614 0.000000
vt 0.504386 1.000000
vt 0.500000 0.000000
vt 0.508772 1.000000
vt 0.504386 0.000000
vt 0.513158 1.000000
vt 0.508772 0.000000
vt 0.517544 1.000000
vt 0.513158 0.000000
vt 0.521930 1.000000
vt 0.517544 0.000000
vt 0.526316 1.000000
vt 0.521930 0.000000
vt 0.530702 1.000000
vt 0.526316 0.000000
vt 0.535088 1.000000
vt 0.530702 0.000000
vt 0.539474 1.000000
vt 0.535088 0.000000
vt 0.543860 1.000000
vt 0.539474 0.000000
vt 0.548246 1.000000
vt 0.543860 0.000000
vt 0.552632 1.000000
vt 0.548246 0.000000
vt 0.557018 1.000000
vt 0.552632 0.000000
vt 0.561404 1.000000
vt 0.557018 0.000000
vt 0.565789 1.000000
vt 0.561404 0.000000
vt 0.570175 1.000000
vt 0.565789 0.000000
vt 0.574561 1.000000
vt 0.570175 0.000000
vt 0.578947 1.000000
vt 0.574561 0.000000
vt 0.583333 1.000000
vt 0.578947 0.000000
vt 0.587719 1.000000
vt 0.583333 0.000000
vt 0.592105 1.000000
vt 0.587719 0.000000
vt 0.596491 1.000000
vt 0.592105 0.000000
vt 0.600877 1.000000
vt 0.596491 0.000000
vt 0.605263 1.000000
vt 0.600877 0.000000
vt 0.609649 1.000000
vt 0.605263 0.000000
vt 0.614035 1.000000
vt 0.609649 0.000000
vt 0.618421 1.000000
vt 0.614035 0.000000
vt 0.622807 1.000000
vt 0.618421 0.000000
vt 0.627193 1.000000
vt 0.622807 0.000000
vt 0.631579 1.000000
vt 0.627193 0.000000
vt 0.635965 1.000000
vt 0.631579 0.000000
vt 0.640351 1.000000
vt 0.635965 0.000000
vt 0.644737 1.000000
vt 0.640351 0.000000
vt 0.649123 1.000000
vt 0.644737 0.000000
vt 0.653509 1.000000
vt 0.649123 0.000000
vt 0.657895 1.000000
vt 0.653509 0.000000
vt 0.662281 1.000000
vt 0.657895 0.000000
vt 0.666667 1.000000
vt 0.662281 0.000000
vt 0.671053 1.000000
vt 0.666667 0.000000
vt 0.675439 1.000000
vt 0.671053 0.000000
vt 0.679825 1.000000
vt 0.675439 0.000000
vt 0.684211 1.000000
vt 0.679825 0.000000
vt 0.688596 1.000000
vt 0.684211 0.000000
vt 0.692982 1.000000
vt 0.688596 0.000000
vt 0.697368 1.000000
vt 0.692982 0.000000
vt 0.701754 1.000000
vt 0.697368 0.000000
vt 0.706140 1.000000
vt 0.701754 0.000000
vt 0.710526 1.000000
vt 0.706140 0.000000
vt 0.714912 1.000000
vt 0.710526 0.000000
vt 0.719298 1.000000
vt 0.714912 0.000000
vt 0.723684 1.000000
vt 0.719298 0.000000
vt 0.728070 1.000000
vt 0.723684 0.000000
vt 0.732456 1.000000
vt 0.728070 0.000000
vt 0.736842 1.000000
vt 0.732456 0.000000
vt 0.741228 1.000000
vt 0.736842 0.000000
vt 0.745614 1.000000
vt 0.741228 0.000000
vt 0.750000 1.000000
vt 0.745614 0.000000
vt 0.754386 1.000000
vt 0.750000 0.000000
vt 0.758772 1.000000
vt 0.754386 0.000000
vt 0.763158 1.000000
vt 0.758772 0.000000
vt 0.767544 1.000000
vt 0.763158 0.000000
vt 0.771930 1.000000
vt 0.767544 0.000000
vt 0.776316 1.000000
vt 0.771930 0.000000
vt 0.780702 1.000000
vt 0.776316 0.000000
vt 0.785088 1.000000
vt 0.780702 0.000000
vt 0.789474 1.000000
vt 0.785088 0.000000
vt 0.793860 1.000000
vt 0.789474 0.000000
vt 0.798246 1.000000
vt 0.793860 0.000000
vt 0.802632 1.000000
vt 0.798246 0.000000
vt 0.807018 1.000000
vt 0.802632 0.000000
vt 0.811404 1.000000
vt 0.807018 0.000000
vt 0.815789 1.000000
vt 0.811404 0.000000
vt 0.820175 1.000000
vt 0.815789 0.000000
vt 0.824561 1.000000
vt 0.820175 0.000000
vt 0.828947 1.000000
vt 0.824561 0.000000
vt 0.833333 1.000000
vt 0.828947 0.000000
vt 0.837719 1.000000
vt 0.833333 0.000000
vt 0.842105 1.000000
vt 0.837719 0.000000
vt 0.846491 1.000000
vt 0.842105 0.000000
vt 0.850877 1.000000
vt 0.846491 0.000000
vt 0.855263 1.000000
vt 0.850877 0.000000
vt 0.859649 1.000000
vt 0.855263 0.000000
vt 0.864035 1.000000
vt 0.859649 0.000000
vt 0.868421 1.000000
vt 0.864035 0.000000
vt 0.872807 1.000000
vt 0.868421 0.000000
vt 0.877193 1.000000
vt 0.872807 0.000000
vt 0.881579 1.000000
vt 0.877193 0.000000
vt 0.885965 1.000000
vt 0.881579 0.000000
vt 0.890351 1.000000
vt 0.885965 0.000000
vt 0.894737 1.000000
vt 0.890351 0.000000
vt 0.899123 1.000000
vt 0.894737 0.000000
vt 0.903509 1.000000
vt 0.899123 0.000000
vt 0.907895 1.000000
vt 0.903509 0.000000
vt 0.912281 1.000000
vt 0.907895 0.000000
vt 0.916667 1.000000
vt 0.912281 0.000000
vt 0.921053 1.000000
vt 0.916667 0.000000
vt 0.925439 1.000000
vt 0.921053 0.000000
vt 0.929825 1.000000
vt 0.925439 0.000000
vt 0.934211 1.000000
vt 0.929825 0.000000
vt 0.938596 1.000000
vt 0.934211 0.000000
vt 0.942982 1.000000
vt 0.938596 0.000000
vt 0.947368 1.000000
vt 0.942982 0.000000
vt 0.951754 1.000000
vt 0.947368 0.000000
vt 0.956140 1.000000
vt 0.951754 0.000000
vt 0.960526 1.000000
vt 0.956140 0.000000
vt 0.964912 1.000000
vt 0.960526 0.000000
vt 0.969298 1.000000
vt 0.964912 0.000000
vt 0.973684 1.000000
vt 0.969298 0.000000
vt 0.978070 1.000000
vt 0.973684 0.000000
vt 0.982456 1.000000
vt 0.978070 0.000000
vt 0.986842 1.000000
vt 0.982456 0.000000
vt 0.991228 1.000000
vt 0.986842 0.000000
vt 0.995614 1.000000
vt 0.991228 0.000000
vt 1.000000 1.000000
vt 0.995614 0.000000
vt 0.010417 1.000000
vt 0.020833 1.000000
vt 0.010417 0.000000
vt 0.031250 1.000000
vt 0.020833 0.000000
vt 0.041667 1.000000
vt 0.031250 0.000000
vt 0.052083 1.000000
vt 0.041667 0.000000
vt 0.062500 1.000000
vt 0.052083 0.000000
vt 0.072917 1.000000
vt 0.062500 0.000000
vt 0.072917 0.000000
vt 0.093750 1.000000
vt 0.104167 1.000000
vt 0.093750 0.000000
vt 0.114583 1.000000
vt 0.104167 0.000000
vt 0.125000 1.000000
vt 0.114583 0.000000
vt 0.135417 1.000000
vt 0.125000 0.000000
vt 0.145833 1.000000
vt 0.135417 0.000000
vt 0.156250 1.000000
vt 0.145833 0.000000
vt 0.156250 0.000000
vt 0.177083 1.000000
vt 0.187500 1.000000
vt 0.177083 0.000000
vt 0.197917 1.000000
vt 0.187500 0.000000
vt 0.208333 1.000000
vt 0.197917 0.000000
vt 0.218750 1.000000
vt 0.208333 0.000000
vt 0.229167 1.000000
vt 0.218750 0.000000
vt 0.239583 1.000000
vt 0.229167 0.000000
vt 0.239583 0.000000
vt 0.260417 1.000000
vt 0.270833 1.000000
vt 0.260417 0.000000
vt 0.281250 1.000000
vt 0.270833 0.000000
vt 0.291667 1.000000
vt 0.281250 0.000000
vt 0.302083 1.000000
vt 0.291667 0.000000
vt 0.312500 1.000000
vt 0.302083 0.000000
vt 0.322917 1.000000
vt 0.312500 0.000000
vt 0.322917 0.000000
vt 0.343750 1.000000
vt 0.354167 1.000000
vt 0.343750 0.000000
vt 0.364583 1.000000
vt 0.354167 0.000000
vt 0.375000 1.000000
vt 0.364583 0.000000
vt 0.385417 1.000000
vt 0.375000 0.000000
vt 0.395833 1.000000
vt 0.385417 0.000000
vt 0.406250 1.000000
vt 0.395833 0.000000
vt 0.406250 0.000000
vt 0.427083 1.000000
vt 0.437500 1.000000
vt 0.427083 0.000000
vt 0.447917 1.000000
vt 0.437500 0.000000
vt 0.458333 1.000000
vt 0.447917 0.000000
vt 0.468750 1.000000
vt 0.458333 0.000000
vt 0.479167 1.000000
vt 0.468750 0.000000
vt 0.489583 1.000000
vt 0.479167 0.000000
vt 0.489583 0.000000
vt 0.510417 1.000000
vt 0.520833 1.000000
vt 0.510417 0.000000
vt 0.531250 1.000000
vt 0.520833 0.000000
vt 0.541667 1.000000
vt 0.531250 0.000000
vt 0.552083 1.000000
vt 0.541667 0.000000
vt 0.562500 1.000000
vt 0.552083 0.000000
vt 0.572917 1.000000
vt 0.562500 0.000000
vt 0.572917 0.000000
vt 0.593750 1.000000
vt 0.604167 1.000000
vt 0.593750 0.000000
vt 0.614583 1.000000
vt 0.604167 0.000000
vt 0.625000 1.000000
vt 0.614583 0.000000
vt 0.635417 1.000000
vt 0.625000 0.000000
vt 0.645833 1.000000
vt 0.635417 0.000000
vt 0.656250 1.000000
vt 0.645833 0.000000
vt 0.656250 0.000000
vt 0.677083 1.000000
vt 0.687500 1.000000
vt 0.677083 0.000000
vt 0.697917 1.000000
vt 0.687500 0.000000
vt 0.708333 1.000000
vt 0.697917 0.000000
vt 0.718750 1.000000
vt 0.708333 0.000000
vt 0.729167 1.000000
vt 0.718750 0.000000
vt 0.739583 1.000000
vt 0.729167 0.000000
vt 0.739583 0.000000
vt 0.760417 1.000000
vt 0.770833 1.000000
vt 0.760417 0.000000
vt 0.781250 1.000000
vt 0.770833 0.000000
vt 0.791667 1.000000
vt 0.781250 0.000000
vt 0.802083 1.000000
vt 0.791667 0.000000
vt 0.812500 1.000000
vt 0.802083 0.000000
vt 0.822917 1.000000
vt 0.812500 0.000000
vt 0.822917 0.000000
vt 0.843750 1.000000
vt 0.854167 1.000000
vt 0.843750 0.000000
vt 0.864583 1.000000
vt 0.854167 0.000000
vt 0.875000 1.000000
vt 0.864583 0.000000
vt 0.885417 1.000000
vt 0.875000 0.000000
vt 0.895833 1.000000
vt 0.885417 0.000000
vt 0.906250 1.000000
vt 0.895833 0.000000
vt 0.906250 0.000000
vt 0.927083 1.000000
vt 0.937500 1.000000
vt 0.927083 0.000000
vt 0.947917 1.000000
vt 0.937500 0.000000
vt 0.958333 1.000000
vt 0.947917 0.000000
vt 0.968750 1.000000
vt 0.958333 0.000000
vt 0.979167 1.000000
vt 0.968750 0.000000
vt 0.989583 1.000000
vt 0.979167 0.000000
vt 0.989583 0.000000
s 0
usemtl マテリアル
f 60/1/1 62/2/1 61/3/1
f 59/4/1 62/2/1 60/1/1
f 59/4/1 63/5/1 62/2/1
f 58/6/1 63/5/1 59/4/1
f 58/6/1 64/7/1 63/5/1
f 57/8/1 64/7/1 58/6/1
f 57/8/1 65/9/1 64/7/1
f 56/10/1 65/9/1 57/8/1
f 56/10/1 66/11/1 65/9/1
f 55/12/1 66/11/1 56/10/1
f 55/12/1 67/13/1 66/11/1
f 54/14/1 67/13/1 55/12/1
f 54/14/1 68/15/1 67/13/1
f 53/16/1 68/15/1 54/14/1
f 53/16/1 69/17/1 68/15/1
f 52/18/1 69/17/1 53/16/1
f 52/18/1 70/19/1 69/17/1
f 51/20/1 70/19/1 52/18/1
f 50/21/1 70/19/1 51/20/1
f 50/21/1 71/22/1 70/19/1
f 49/23/1 71/22/1 50/21/1
f 49/23/1 72/24/1 71/22/1
f 48/25/1 72/24/1 49/23/1
f 48/25/1 73/26/1 72/24/1
f 47/27/1 73/26/1 48/25/1
f 47/27/1 74/28/1 73/26/1
f 46/29/1 74/28/1 47/27/1
f 46/29/1 75/30/1 74/28/1
f 46/29/1 76/31/1 75/30/1
f 45/32/1 76/31/1 46/29/1
f 45/32/1 77/33/1 76/31/1
f 44/34/1 77/33/1 45/32/1
f 44/34/1 78/35/1 77/33/1
f 43/36/1 78/35/1 44/34/1
f 43/36/1 79/37/1 78/35/1
f 42/38/1 79/37/1 43/36/1
f 42/38/1 313/39/1 79/37/1
f 313/39/1 80/40/1 79/37/1
f 42/38/1 314/41/1 313/39/1
f 312/42/1 80/40/1 313/39/1
f 42/38/1 315/43/1 314/41/1
f 311/44/1 80/40/1 312/42/1
f 42/38/1 316/45/1 315/43/1
f 41/46/1 316/45/1 42/38/1
f 310/47/1 80/40/1 311/44/1
f 41/46/1 317/48/1 316/45/1
f 309/49/1 80/40/1 310/47/1
f 41/46/1 318/50/1 317/48/1
f 308/51/1 80/40/1 309/49/1
f 41/46/1 319/52/1 318/50/1
f 307/53/1 80/40/1 308/51/1
f 41/46/1 320/54/1 319/52/1
f 306/55/1 80/40/1 307/53/1
f 306/55/1 81/56/1 80/40/1
f 41/46/1 321/57/1 320/54/1
f 305/58/1 81/56/1 306/55/1
f 41/46/1 322/59/1 321/57/1
f 304/60/1 81/56/1 305/58/1
f 41/46/1 323/61/1 322/59/1
f 303/62/1 81/56/1 304/60/1
f 40/63/1 323/61/1 41/46/1
f 40/63/1 324/64/1 323/61/1
f 302/65/1 81/56/1 303/62/1
f 40/63/1 229/66/1 324/64/1
f 302/65/1 82/67/1 81/56/1
f 301/68/1 82/67/1 302/65/1
f 40/63/1 230/69/1 229/66/1
f 300/70/1 82/67/1 301/68/1
f 40/63/1 231/71/1 230/69/1
f 39/72/1 231/71/1 40/63/1
f 299/73/1 82/67/1 300/70/1
f 39/72/1 232/74/1 231/71/1
f 298/75/1 82/67/1 299/73/1
f 298/75/1 83/76/1 82/67/1
f 39/72/1 233/77/1 232/74/1
f 297/78/1 83/76/1 298/75/1
f 39/72/1 234/79/1 233/77/1
f 296/80/1 83/76/1 297/78/1
f 38/81/1 234/79/1 39/72/1
f 38/81/1 235/82/1 234/79/1
f 296/80/1 84/83/1 83/76/1
f 295/84/1 84/83/1 296/80/1
f 38/81/1 236/85/1 235/82/1
f 294/86/1 84/83/1 295/84/1
f 38/81/1 237/87/1 236/85/1
f 293/88/1 84/83/1 294/86/1
f 37/89/1 237/87/1 38/81/1
f 293/88/1 85/90/1 84/83/1
f 37/89/1 238/91/1 237/87/1
f 292/92/1 85/90/1 293/88/1
f 37/89/1 239/93/1 238/91/1
f 291/94/1 85/90/1 292/92/1
f 36/95/1 239/93/1 37/89/1
f 36/95/1 240/96/1 239/93/1
f 291/94/1 86/97/1 85/90/1
f 290/98/1 86/97/1 291/94/1
f 36/95/1 241/99/1 240/96/1
f 289/100/1 86/97/1 290/98/1
f 35/101/1 241/99/1 36/95/1
f 289/100/1 87/102/1 86/97/1
f 35/101/1 242/103/1 241/99/1
f 288/104/1 87/102/1 289/100/1
f 288/104/1 88/105/1 87/102/1
f 35/101/1 243/106/1 242/103/1
f 34/107/1 243/106/1 35/101/1
f 287/108/1 88/105/1 288/104/1
f 34/107/1 244/109/1 243/106/1
f 286/110/1 88/105/1 287/108/1
f 286/110/1 89/111/1 88/105/1
f 33/112/1 244/109/1 34/107/1
f 33/112/1 245/113/1 244/109/1
f 285/114/1 89/111/1 286/110/1
f 285/114/1 90/115/1 89/111/1
f 33/112/1 246/116/1 245/113/1
f 32/117/1 246/116/1 33/112/1
f 284/118/1 90/115/1 285/114/1
f 32/117/1 247/119/1 246/116/1
f 284/118/1 91/120/1 90/115/1
f 283/121/1 91/120/1 284/118/1
f 31/122/1 247/119/1 32/117/1
f 31/122/1 248/123/1 247/119/1
f 282/124/1 91/120/1 283/121/1
f 282/124/1 92/125/1 91/120/1
f 31/122/1 249/126/1 248/123/1
f 281/127/1 92/125/1 282/124/1
f 30/128/1 249/126/1 31/122/1
f 30/128/1 250/129/1 249/126/1
f 280/130/1 92/125/1 281/127/1
f 280/130/1 93/131/1 92/125/1
f 30/128/1 251/132/1 250/129/1
f 29/133/1 251/132/1 30/128/1
f 279/134/1 93/131/1 280/130/1
f 279/134/1 94/135/1 93/131/1
f 29/133/1 252/136/1 251/132/1
f 278/137/1 94/135/1 279/134/1
f 28/138/1 252/136/1 29/133/1
f 28/138/1 253/139/1 252/136/1
f 277/140/1 94/135/1 278/137/1
f 277/140/1 95/141/1 94/135/1
f 28/138/1 254/142/1 253/139/1
f 276/143/1 95/141/1 277/140/1
f 27/144/1 254/142/1 28/138/1
f 27/144/1 255/145/1 254/142/1
f 275/146/1 95/141/1 276/143/1
f 275/146/1 96/147/1 95/141/1
f 27/144/1 256/148/1 255/145/1
f 274/149/1 96/147/1 275/146/1
f 27/144/1 257/150/1 256/148/1
f 273/151/1 96/147/1 274/149/1
f 26/152/1 257/150/1 27/144/1
f 26/152/1 258/153/1 257/150/1
f 272/154/1 96/147/1 273/151/1
f 272/154/1 97/155/1 96/147/1
f 26/152/1 259/156/1 258/153/1
f 271/157/1 97/155/1 272/154/1
f 26/152/1 260/158/1 259/156/1
f 270/159/1 97/155/1 271/157/1
f 25/160/1 260/158/1 26/152/1
f 25/160/1 261/161/1 260/158/1
f 269/162/1 97/155/1 270/159/1
f 25/160/1 262/163/1 261/161/1
f 268/164/1 97/155/1 269/162/1
f 268/164/1 98/165/1 97/155/1
f 25/160/1 263/166/1 262/163/1
f 267/167/1 98/165/1 268/164/1
f 25/160/1 264/168/1 263/166/1
f 266/169/1 98/165/1 267/167/1
f 25/160/1 265/170/1 264/168/1
f 265/170/1 98/165/1 266/169/1
f 25/160/1 98/165/1 265/170/1
f 24/171/1 98/165/1 25/160/1
f 24/171/1 99/172/1 98/165/1
f 23/173/1 99/172/1 24/171/1
f 23/173/1 100/174/1 99/172/1
f 22/175/1 100/174/1 23/173/1
f 22/175/1 101/176/1 100/174/1
f 21/177/1 101/176/1 22/175/1
f 21/177/1 102/178/1 101/176/1
f 20/179/1 102/178/1 21/177/1
f 20/179/1 103/180/1 102/178/1
f 19/181/1 103/180/1 20/179/1
f 19/181/1 104/182/1 103/180/1
f 18/183/1 104/182/1 19/181/1
f 18/183/1 105/184/1 104/182/1
f 17/185/1 105/184/1 18/183/1
f 17/185/1 106/186/1 105/184/1
f 16/187/1 106/186/1 17/185/1
f 16/187/1 107/188/1 106/186/1
f 15/189/1 107/188/1 16/187/1
f 15/189/1 108/190/1 107/188/1
f 14/191/1 108/190/1 15/189/1
f 14/191/1 109/192/1 108/190/1
f 13/193/1 109/192/1 14/191/1
f 12/194/1 109/192/1 13/193/1
f 12/194/1 110/195/1 109/192/1
f 11/196/1 110/195/1 12/194/1
f 11/196/1 111/197/1 110/195/1
f 10/198/1 111/197/1 11/196/1
f 10/198/1 112/199/1 111/197/1
f 9/200/1 112/199/1 10/198/1
f 9/200/1 113/201/1 112/199/1
f 8/202/1 113/201/1 9/200/1
f 8/202/1 114/203/1 113/201/1
f 7/204/1 114/203/1 8/202/1
f 7/204/1 115/205/1 114/203/1
f 6/206/1 115/205/1 7/204/1
f 6/206/1 116/207/1 115/205/1
f 5/208/1 116/207/1 6/206/1
f 5/208/1 117/209/1 116/207/1
f 4/210/1 117/209/1 5/208/1
f 4/210/1 118/211/1 117/209/1
f 3/212/1 118/211/1 4/210/1
f 3/212/1 119/213/1 118/211/1
f 2/214/1 409/215/1 3/212/1
f 409/215/1 119/213/1 3/212/1
f 409/215/1 120/216/1 119/213/1
f 2/214/1 410/217/1 409/215/1
f 408/218/1 120/216/1 409/215/1
f 2/214/1 411/219/1 410/217/1
f 407/220/1 120/216/1 408/218/1
f 2/214/1 412/221/1 411/219/1
f 406/222/1 120/216/1 407/220/1
f 1/223/1 412/221/1 2/214/1
f 1/223/1 413/224/1 412/221/1
f 405/225/1 120/216/1 406/222/1
f 1/223/1 414/226/1 413/224/1
f 404/227/1 120/216/1 405/225/1
f 1/223/1 415/228/1 414/226/1
f 403/229/1 120/216/1 404/227/1
f 403/229/1 121/230/1 120/216/1
f 1/223/1 416/231/1 415/228/1
f 402/232/1 121/230/1 403/229/1
f 228/233/1 416/231/1 1/223/1
f 228/233/1 417/234/1 416/231/1
f 401/235/1 121/230/1 402/232/1
f 228/233/1 418/236/1 417/234/1
f 400/237/1 121/230/1 401/235/1
f 400/237/1 122/238/1 121/230/1
f 227/239/1 418/236/1 228/233/1
f 227/239/1 419/240/1 418/236/1
f 399/241/1 122/238/1 400/237/1
f 227/239/1 420/242/1 419/240/1
f 398/243/1 122/238/1 399/241/1
f 398/243/1 123/244/1 122/238/1
f 226/245/1 420/242/1 227/239/1
f 226/245/1 325/246/1 420/242/1
f 397/247/1 123/244/1 398/243/1
f 226/245/1 326/248/1 325/246/1
f 397/247/1 124/249/1 123/244/1
f 396/250/1 124/249/1 397/247/1
f 225/251/1 326/248/1 226/245/1
f 225/251/1 327/252/1 326/248/1
f 395/253/1 124/249/1 396/250/1
f 395/253/1 125/254/1 124/249/1
f 225/251/1 328/255/1 327/252/1
f 224/256/1 328/255/1 225/251/1
f 394/257/1 125/254/1 395/253/1
f 224/256/1 329/258/1 328/255/1
f 394/257/1 126/259/1 125/254/1
f 393/260/1 126/259/1 394/257/1
f 223/261/1 329/258/1 224/256/1
f 223/261/1 330/262/1 329/258/1
f 392/263/1 126/259/1 393/260/1
f 392/263/1 127/264/1 126/259/1
f 222/265/1 330/262/1 223/261/1
f 222/265/1 331/266/1 330/262/1
f 391/267/1 127/264/1 392/263/1
f 391/267/1 128/268/1 127/264/1
f 222/265/1 332/269/1 331/266/1
f 390/270/1 128/268/1 391/267/1
f 221/271/1 332/269/1 222/265/1
f 221/271/1 333/272/1 332/269/1
f 389/273/1 128/268/1 390/270/1
f 389/273/1 129/274/1 128/268/1
f 220/275/1 333/272/1 221/271/1
f 220/275/1 334/276/1 333/272/1
f 388/277/1 129/274/1 389/273/1
f 388/277/1 130/278/1 129/274/1
f 220/275/1 335/279/1 334/276/1
f 219/280/1 335/279/1 220/275/1
f 387/281/1 130/278/1 388/277/1
f 387/281/1 131/282/1 130/278/1
f 219/280/1 336/283/1 335/279/1
f 386/284/1 131/282/1 387/281/1
f 218/285/1 336/283/1 219/280/1
f 386/284/1 132/286/1 131/282/1
f 385/287/1 132/286/1 386/284/1
f 218/285/1 337/288/1 336/283/1
f 217/289/1 337/288/1 218/285/1
f 385/287/1 133/290/1 132/286/1
f 384/291/1 133/290/1 385/287/1
f 217/289/1 338/292/1 337/288/1
f 216/293/1 338/292/1 217/289/1
f 383/294/1 133/290/1 384/291/1
f 216/293/1 339/295/1 338/292/1
f 383/294/1 134/296/1 133/290/1
f 382/297/1 134/296/1 383/294/1
f 216/293/1 340/298/1 339/295/1
f 382/297/1 135/299/1 134/296/1
f 215/300/1 340/298/1 216/293/1
f 381/301/1 135/299/1 382/297/1
f 215/300/1 341/302/1 340/298/1
f 381/301/1 136/303/1 135/299/1
f 214/304/1 341/302/1 215/300/1
f 380/305/1 136/303/1 381/301/1
f 214/304/1 342/306/1 341/302/1
f 380/305/1 137/307/1 136/303/1
f 379/308/1 137/307/1 380/305/1
f 214/304/1 343/309/1 342/306/1
f 213/310/1 343/309/1 214/304/1
f 378/311/1 137/307/1 379/308/1
f 378/311/1 138/312/1 137/307/1
f 213/310/1 344/313/1 343/309/1
f 212/314/1 344/313/1 213/310/1
f 377/315/1 138/312/1 378/311/1
f 212/314/1 345/316/1 344/313/1
f 377/315/1 139/317/1 138/312/1
f 376/318/1 139/317/1 377/315/1
f 212/314/1 346/319/1 345/316/1
f 211/320/1 346/319/1 212/314/1
f 376/318/1 140/321/1 139/317/1
f 375/322/1 140/321/1 376/318/1
f 211/320/1 347/323/1 346/319/1
f 374/324/1 140/321/1 375/322/1
f 211/320/1 348/325/1 347/323/1
f 374/324/1 141/326/1 140/321/1
f 210/327/1 348/325/1 211/320/1
f 373/328/1 141/326/1 374/324/1
f 210/327/1 349/329/1 348/325/1
f 373/328/1 142/330/1 141/326/1
f 372/331/1 142/330/1 373/328/1
f 210/327/1 350/332/1 349/329/1
f 209/333/1 350/332/1 210/327/1
f 371/334/1 142/330/1 372/331/1
f 209/333/1 351/335/1 350/332/1
f 371/334/1 143/336/1 142/330/1
f 370/337/1 143/336/1 371/334/1
f 209/333/1 352/338/1 351/335/1
f 208/339/1 352/338/1 209/333/1
f 369/340/1 143/336/1 370/337/1
f 208/339/1 353/341/1 352/338/1
f 369/340/1 144/342/1 143/336/1
f 368/343/1 144/342/1 369/340/1
f 208/339/1 354/344/1 353/341/1
f 207/345/1 354/344/1 208/339/1
f 367/346/1 144/342/1 368/343/1
f 207/345/1 355/347/1 354/344/1
f 366/348/1 144/342/1 367/346/1
f 207/345/1 356/349/1 355/347/1
f 366/348/1 145/350/1 144/342/1
f 365/351/1 145/350/1 366/348/1
f 207/345/1 357/352/1 356/349/1
f 364/353/1 145/350/1 365/351/1
f 207/345/1 358/354/1 357/352/1
f 363/355/1 145/350/1 364/353/1
f 207/345/1 359/356/1 358/354/1
f 206/357/1 359/356/1 207/345/1
f 362/358/1 145/350/1 363/355/1
f 206/357/1 360/359/1 359/356/1
f 361/360/1 145/350/1 362/358/1
f 206/357/1 361/360/1 360/359/1
f 206/357/1 145/350/1 361/360/1
f 206/357/1 146/361/1 145/350/1
f 205/362/1 146/361/1 206/357/1
f 205/362/1 147/363/1 146/361/1
f 205/362/1 148/364/1 147/363/1
f 204/365/1 148/364/1 205/362/1
f 204/365/1 149/366/1 148/364/1
f 203/367/1 149/366/1 204/365/1
f 203/367/1 150/368/1 149/366/1
f 202/369/1 150/368/1 203/367/1
f 202/369/1 151/370/1 150/368/1
f 201/371/1 151/370/1 202/369/1
f 201/371/1 152/372/1 151/370/1
f 201/371/1 153/373/1 152/372/1
f 200/374/1 153/373/1 201/371/1
f 200/374/1 154/375/1 153/373/1
f 199/376/1 154/375/1 200/374/1
f 199/376/1 155/377/1 154/375/1
f 198/378/1 155/377/1 199/376/1
f 198/378/1 156/379/1 155/377/1
f 198/378/1 157/380/1 156/379/1
f 197/381/1 157/380/1 198/378/1
f 197/381/1 158/382/1 157/380/1
f 196/383/1 158/382/1 197/381/1
f 196/383/1 159/384/1 158/382/1
f 195/385/1 159/384/1 196/383/1
f 195/385/1 160/386/1 159/384/1
f 195/385/1 161/387/1 160/386/1
f 194/388/1 161/387/1 195/385/1
f 194/388/1 162/389/1 161/387/1
f 193/390/1 162/389/1 194/388/1
f 193/390/1 163/391/1 162/389/1
f 193/390/1 164/392/1 163/391/1
f 192/393/1 164/392/1 193/390/1
f 192/393/1 165/394/1 164/392/1
f 191/395/1 165/394/1 192/393/1
f 191/395/1 166/396/1 165/394/1
f 191/395/1 167/397/1 166/396/1
f 190/398/1 167/397/1 191/395/1
f 190/398/1 168/399/1 167/397/1
f 189/400/1 168/399/1 190/398/1
f 189/400/1 169/401/1 168/399/1
f 189/400/1 170/402/1 169/401/1
f 188/403/1 170/402/1 189/400/1
f 188/403/1 171/404/1 170/402/1
f 187/405/1 171/404/1 188/403/1
f 187/405/1 172/406/1 171/404/1
f 187/405/1 173/407/1 172/406/1
f 186/408/1 173/407/1 187/405/1
f 186/408/1 174/409/1 173/407/1
f 185/410/1 174/409/1 186/408/1
f 185/410/1 175/411/1 174/409/1
f 185/410/1 176/412/1 175/411/1
f 184/413/1 176/412/1 185/410/1
f 184/413/1 177/414/1 176/412/1
f 183/415/1 177/414/1 184/413/1
f 183/415/1 178/416/1 177/414/1
f 183/415/1 179/417/1 178/416/1
f 182/418/1 179/417/1 183/415/1
f 182/418/1 180/419/1 179/417/1
f 181/420/1 180/419/1 182/418/1
f 480/1/2 481/3/2 482/2/2
f 479/4/2 480/1/2 482/2/2
f 479/4/2 482/2/2 483/5/2
f 478/6/2 479/4/2 483/5/2
f 478/6/2 483/5/2 484/7/2
f 477/8/2 478/6/2 484/7/2
f 477/8/2 484/7/2 485/9/2
f 476/10/2 477/8/2 485/9/2
f 476/10/2 485/9/2 486/11/2
f 475/12/2 476/10/2 486/11/2
f 475/12/2 486/11/2 487/13/2
f 474/14/2 475/12/2 487/13/2
f 474/14/2 487/13/2 488/15/2
f 473/16/2 474/14/2 488/15/2
f 473/16/2 488/15/2 489/17/2
f 472/18/2 473/16/2 489/17/2
f 472/18/2 489/17/2 490/19/2
f 471/20/2 472/18/2 490/19/2
f 470/21/2 471/20/2 490/19/2
f 470/21/2 490/19/2 491/22/2
f 469/23/2 470/21/2 491/22/2
f 469/23/2 491/22/2 492/24/2
f 468/25/2 469/23/2 492/24/2
f 468/25/2 492/24/2 493/26/2
f 467/27/2 468/25/2 493/26/2
f 467/27/2 493/26/2 494/28/2
f 466/29/2 467/27/2 494/28/2
f 466/29/2 494/28/2 495/30/2
f 466/29/2 495/30/2 496/31/2
f 465/32/2 466/29/2 496/31/2
f 465/32/2 496/31/2 497/33/2
f 464/34/2 465/32/2 497/33/2
f 464/34/2 497/33/2 498/35/2
f 463/36/2 464/34/2 498/35/2
f 463/36/2 498/35/2 499/37/2
f 462/38/2 463/36/2 499/37/2
f 462/38/2 499/37/2 733/39/2
f 733/39/2 499/37/2 500/40/2
f 462/38/2 733/39/2 734/41/2
f 732/42/2 733/39/2 500/40/2
f 462/38/2 734/41/2 735/43/2
f 731/44/2 732/42/2 500/40/2
f 462/38/2 735/43/2 736/45/2
f 461/46/2 462/38/2 736/45/2
f 730/47/2 731/44/2 500/40/2
f 461/46/2 736/45/2 737/48/2
f 729/49/2 730/47/2 500/40/2
f 461/46/2 737/48/2 738/50/2
f 728/51/2 729/49/2 500/40/2
f 461/46/2 738/50/2 739/52/2
f 727/53/2 728/51/2 500/40/2
f 461/46/2 739/52/2 740/54/2
f 726/55/2 727/53/2 500/40/2
f 726/55/2 500/40/2 501/56/2
f 461/46/2 740/54/2 741/57/2
f 725/58/2 726/55/2 501/56/2
f 461/46/2 741/57/2 742/59/2
f 724/60/2 725/58/2 501/56/2
f 461/46/2 742/59/2 743/61/2
f 723/62/2 724/60/2 501/56/2
f 460/63/2 461/46/2 743/61/2
f 460/63/2 743/61/2 744/64/2
f 722/65/2 723/62/2 501/56/2
f 460/63/2 744/64/2 649/66/2
f 722/65/2 501/56/2 502/67/2
f 721/68/2 722/65/2 502/67/2
f 460/63/2 649/66/2 650/69/2
f 720/70/2 721/68/2 502/67/2
f 460/63/2 650/69/2 651/71/2
f 459/72/2 460/63/2 651/71/2
f 719/73/2 720/70/2 502/67/2
f 459/72/2 651/71/2 652/74/2
f 718/75/2 719/73/2 502/67/2
f 718/75/2 502/67/2 503/76/2
f 459/72/2 652/74/2 653/77/2
f 717/78/2 718/75/2 503/76/2
f 459/72/2 653/77/2 654/79/2
f 716/80/2 717/78/2 503/76/2
f 458/81/2 459/72/2 654/79/2
f 458/81/2 654/79/2 655/82/2
f 716/80/2 503/76/2 504/83/2
f 715/84/2 716/80/2 504/83/2
f 458/81/2 655/82/2 656/85/2
f 714/86/2 715/84/2 504/83/2
f 458/81/2 656/85/2 657/87/2
f 713/88/2 714/86/2 504/83/2
f 457/89/2 458/81/2 657/87/2
f 713/88/2 504/83/2 505/90/2
f 457/89/2 657/87/2 658/91/2
f 712/92/2 713/88/2 505/90/2
f 457/89/2 658/91/2 659/93/2
f 711/94/2 712/92/2 505/90/2
f 456/95/2 457/89/2 659/93/2
f 456/95/2 659/93/2 660/96/2
f 711/94/2 505/90/2 506/97/2
f 710/98/2 711/94/2 506/97/2
f 456/95/2 660/96/2 661/99/2
f 709/100/2 710/98/2 506/97/2
f 455/101/2 456/95/2 661/99/2
f 709/100/2 506/97/2 507/102/2
f 455/101/2 661/99/2 662/103/2
f 708/104/2 709/100/2 507/102/2
f 708/104/2 507/102/2 508/105/2
f 455/101/2 662/103/2 663/106/2
f 454/107/2 455/101/2 663/106/2
f 707/108/2 708/104/2 508/105/2
f 454/107/2 663/106/2 664/109/2
f 706/110/2 707/108/2 508/105/2
f 706/110/2 508/105/2 509/111/2
f 453/112/2 454/107/2 664/109/2
f 453/112/2 664/109/2 665/113/2
f 705/114/2 706/110/2 509/111/2
f 705/114/2 509/111/2 510/115/2
f 453/112/2 665/113/2 666/116/2
f 452/117/2 453/112/2 666/116/2
f 704/118/2 705/114/2 510/115/2
f 452/117/2 666/116/2 667/119/2
f 704/118/2 510/115/2 511/120/2
f 703/121/2 704/118/2 511/120/2
f 451/122/2 452/117/2 667/119/2
f 451/122/2 667/119/2 668/123/2
f 702/124/2 703/121/2 511/120/2
f 702/124/2 511/120/2 512/125/2
f 451/122/2 668/123/2 669/126/2
f 701/127/2 702/124/2 512/125/2
f 450/128/2 451/122/2 669/126/2
f 450/128/2 669/126/2 670/129/2
f 700/130/2 701/127/2 512/125/2
f 700/130/2 512/125/2 513/131/2
f 450/128/2 670/129/2 671/132/2
f 449/133/2 450/128/2 671/132/2
f 699/134/2 700/130/2 513/131/2
f 699/134/2 513/131/2 514/135/2
f 449/133/2 671/132/2 672/136/2
f 698/137/2 699/134/2 514/135/2
f 448/138/2 449/133/2 672/136/2
f 448/138/2 672/136/2 673/139/2
f 697/140/2 698/137/2 514/135/2
f 697/140/2 514/135/2 515/141/2
f 448/138/2 673/139/2 674/142/2
f 696/143/2 697/140/2 515/141/2
f 447/144/2 448/138/2 674/142/2
f 447/144/2 674/142/2 675/145/2
f 695/146/2 696/143/2 515/141/2
f 695/146/2 515/141/2 516/147/2
f 447/144/2 675/145/2 676/148/2
f 694/149/2 695/146/2 516/147/2
f 447/144/2 676/148/2 677/150/2
f 693/151/2 694/149/2 516/147/2
f 446/152/2 447/144/2 677/150/2
f 446/152/2 677/150/2 678/153/2
f 692/154/2 693/151/2 516/147/2
f 692/154/2 516/147/2 517/155/2
f 446/152/2 678/153/2 679/156/2
f 691/157/2 692/154/2 517/155/2
f 446/152/2 679/156/2 680/158/2
f 690/159/2 691/157/2 517/155/2
f 445/160/2 446/152/2 680/158/2
f 445/160/2 680/158/2 681/161/2
f 689/162/2 690/159/2 517/155/2
f 445/160/2 681/161/2 682/163/2
f 688/164/2 689/162/2 517/155/2
f 688/164/2 517/155/2 518/165/2
f 445/160/2 682/163/2 683/166/2
f 687/167/2 688/164/2 518/165/2
f 445/160/2 683/166/2 684/168/2
f 686/169/2 687/167/2 518/165/2
f 445/160/2 684/168/2 685/170/2
f 685/170/2 686/169/2 518/165/2
f 445/160/2 685/170/2 518/165/2
f 444/171/2 445/160/2 518/165/2
f 444/171/2 518/165/2 519/172/2
f 443/173/2 444/171/2 519/172/2
f 443/173/2 519/172/2 520/174/2
f 442/175/2 443/173/2 520/174/2
f 442/175/2 520/174/2 521/176/2
f 441/177/2 442/175/2 521/176/2
f 441/177/2 521/176/2 522/178/2
f 440/179/2 441/177/2 522/178/2
f 440/179/2 522/178/2 523/180/2
f 439/181/2 440/179/2 523/180/2
f 439/181/2 523/180/2 524/182/2
f 438/183/2 439/181/2 524/182/2
f 438/183/2 524/182/2 525/184/2
f 437/185/2 438/183/2 525/184/2
f 437/185/2 525/184/2 526/186/2
f 436/187/2 437/185/2 526/186/2
f 436/187/2 526/186/2 527/188/2
f 435/189/2 436/187/2 527/188/2
f 435/189/2 527/188/2 528/190/2
f 434/191/2 435/189/2 528/190/2
f 434/191/2 528/190/2 529/192/2
f 433/193/2 434/191/2 529/192/2
f 432/194/2 433/193/2 529/192/2
f 432/194/2 529/192/2 530/195/2
f 431/196/2 432/194/2 530/195/2
f 431/196/2 530/195/2 531/197/2
f 430/198/2 431/196/2 531/197/2
f 430/198/2 531/197/2 532/199/2
f 429/200/2 430/198/2 532/199/2
f 429/200/2 532/199/2 533/201/2
f 428/202/2 429/200/2 533/201/2
f 428/202/2 533/201/2 534/203/2
f 427/204/2 428/202/2 534/203/2
f 427/204/2 534/203/2 535/205/2
f 426/206/2 427/204/2 535/205/2
f 426/206/2 535/205/2 536/207/2
f 425/208/2 426/206/2 536/207/2
f 425/208/2 536/207/2 537/209/2
f 424/210/2 425/208/2 537/209/2
f 424/210/2 537/209/2 538/211/2
f 423/212/2 424/210/2 538/211/2
f 423/212/2 538/211/2 539/213/2
f 422/214/2 423/212/2 829/215/2
f 829/215/2 423/212/2 539/213/2
f 829/215/2 539/213/2 540/216/2
f 422/214/2 829/215/2 830/217/2
f 828/218/2 829/215/2 540/216/2
f 422/214/2 830/217/2 831/219/2
f 827/220/2 828/218/2 540/216/2
f 422/214/2 831/219/2 832/221/2
f 826/222/2 827/220/2 540/216/2
f 421/223/2 422/214/2 832/221/2
f 421/223/2 832/221/2 833/224/2
f 825/225/2 826/222/2 540/216/2
f 421/223/2 833/224/2 834/226/2
f 824/227/2 825/225/2 540/216/2
f 421/223/2 834/226/2 835/228/2
f 823/229/2 824/227/2 540/216/2
f 823/229/2 540/216/2 541/230/2
f 421/223/2 835/228/2 836/231/2
f 822/232/2 823/229/2 541/230/2
f 648/233/2 421/223/2 836/231/2
f 648/233/2 836/231/2 837/234/2
f 821/235/2 822/232/2 541/230/2
f 648/233/2 837/234/2 838/236/2
f 820/237/2 821/235/2 541/230/2
f 820/237/2 541/230/2 542/238/2
f 647/239/2 648/233/2 838/236/2
f 647/239/2 838/236/2 839/240/2
f 819/241/2 820/237/2 542/238/2
f 647/239/2 839/240/2 840/242/2
f 818/243/2 819/241/2 542/238/2
f 818/243/2 542/238/2 543/244/2
f 646/245/2 647/239/2 840/242/2
f 646/245/2 840/242/2 745/246/2
f 817/247/2 818/243/2 543/244/2
f 646/245/2 745/246/2 746/248/2
f 817/247/2 543/244/2 544/249/2
f 816/250/2 817/247/2 544/249/2
f 645/251/2 646/245/2 746/248/2
f 645/251/2 746/248/2 747/252/2
f 815/253/2 816/250/2 544/249/2
f 815/253/2 544/249/2 545/254/2
f 645/251/2 747/252/2 748/255/2
f 644/256/2 645/251/2 748/255/2
f 814/257/2 815/253/2 545/254/2
f 644/256/2 748/255/2 749/258/2
f 814/257/2 545/254/2 546/259/2
f 813/260/2 814/257/2 546/259/2
f 643/261/2 644/256/2 749/258/2
f 643/261/2 749/258/2 750/262/2
f 812/263/2 813/260/2 546/259/2
f 812/263/2 546/259/2 547/264/2
f 642/265/2 643/261/2 750/262/2
f 642/265/2 750/262/2 751/266/2
f 811/267/2 812/263/2 547/264/2
f 811/267/2 547/264/2 548/268/2
f 642/265/2 751/266/2 752/269/2
f 810/270/2 811/267/2 548/268/2
f 641/271/2 642/265/2 752/269/2
f 641/271/2 752/269/2 753/272/2
f 809/273/2 810/270/2 548/268/2
f 809/273/2 548/268/2 549/274/2
f 640/275/2 641/271/2 753/272/2
f 640/275/2 753/272/2 754/276/2
f 808/277/2 809/273/2 549/274/2
f 808/277/2 549/274/2 550/278/2
f 640/275/2 754/276/2 755/279/2
f 639/280/2 640/275/2 755/279/2
f 807/281/2 808/277/2 550/278/2
f 807/281/2 550/278/2 551/282/2
f 639/280/2 755/279/2 756/283/2
f 806/284/2 807/281/2 551/282/2
f 638/285/2 639/280/2 756/283/2
f 806/284/2 551/282/2 552/286/2
f 805/287/2 806/284/2 552/286/2
f 638/285/2 756/283/2 757/288/2
f 637/289/2 638/285/2 757/288/2
f 805/287/2 552/286/2 553/290/2
f 804/291/2 805/287/2 553/290/2
f 637/289/2 757/288/2 758/292/2
f 636/293/2 637/289/2 758/292/2
f 803/294/2 804/291/2 553/290/2
f 636/293/2 758/292/2 759/295/2
f 803/294/2 553/290/2 554/296/2
f 802/297/2 803/294/2 554/296/2
f 636/293/2 759/295/2 760/298/2
f 802/297/2 554/296/2 555/299/2
f 635/300/2 636/293/2 760/298/2
f 801/301/2 802/297/2 555/299/2
f 635/300/2 760/298/2 761/302/2
f 801/301/2 555/299/2 556/303/2
f 634/304/2 635/300/2 761/302/2
f 800/305/2 801/301/2 556/303/2
f 634/304/2 761/302/2 762/306/2
f 800/305/2 556/303/2 557/307/2
f 799/308/2 800/305/2 557/307/2
f 634/304/2 762/306/2 763/309/2
f 633/310/2 634/304/2 763/309/2
f 798/311/2 799/308/2 557/307/2
f 798/311/2 557/307/2 558/312/2
f 633/310/2 763/309/2 764/313/2
f 632/314/2 633/310/2 764/313/2
f 797/315/2 798/311/2 558/312/2
f 632/314/2 764/313/2 765/316/2
f 797/315/2 558/312/2 559/317/2
f 796/318/2 797/315/2 559/317/2
f 632/314/2 765/316/2 766/319/2
f 631/320/2 632/314/2 766/319/2
f 796/318/2 559/317/2 560/321/2
f 795/322/2 796/318/2 560/321/2
f 631/320/2 766/319/2 767/323/2
f 794/324/2 795/322/2 560/321/2
f 631/320/2 767/323/2 768/325/2
f 794/324/2 560/321/2 561/326/2
f 630/327/2 631/320/2 768/325/2
f 793/328/2 794/324/2 561/326/2
f 630/327/2 768/325/2 769/329/2
f 793/328/2 561/326/2 562/330/2
f 792/331/2 793/328/2 562/330/2
f 630/327/2 769/329/2 770/332/2
f 629/333/2 630/327/2 770/332/2
f 791/334/2 792/331/2 562/330/2
f 629/333/2 770/332/2 771/335/2
f 791/334/2 562/330/2 563/336/2
f 790/337/2 791/334/2 563/336/2
f 629/333/2 771/335/2 772/338/2
f 628/339/2 629/333/2 772/338/2
f 789/340/2 790/337/2 563/336/2
f 628/339/2 772/338/2 773/341/2
f 789/340/2 563/336/2 564/342/2
f 788/343/2 789/340/2 564/342/2
f 628/339/2 773/341/2 774/344/2
f 627/345/2 628/339/2 774/344/2
f 787/346/2 788/343/2 564/342/2
f 627/345/2 774/344/2 775/347/2
f 786/348/2 787/346/2 564/342/2
f 627/345/2 775/347/2 776/349/2
f 786/348/2 564/342/2 565/350/2
f 785/351/2 786/348/2 565/350/2
f 627/345/2 776/349/2 777/352/2
f 784/353/2 785/351/2 565/350/2
f 627/345/2 777/352/2 778/354/2
f 783/355/2 784/353/2 565/350/2
f 627/345/2 778/354/2 779/356/2
f 626/357/2 627/345/2 779/356/2
f 782/358/2 783/355/2 565/350/2
f 626/357/2 779/356/2 780/359/2
f 781/360/2 782/358/2 565/350/2
f 626/357/2 780/359/2 781/360/2
f 626/357/2 781/360/2 565/350/2
f 626/357/2 565/350/2 566/361/2
f 625/362/2 626/357/2 566/361/2
f 625/362/2 566/361/2 567/363/2
f 625/362/2 567/363/2 568/364/2
f 624/365/2 625/362/2 568/364/2
f 624/365/2 568/364/2 569/366/2
f 623/367/2 624/365/2 569/366/2
f 623/367/2 569/366/2 570/368/2
f 622/369/2 623/367/2 570/368/2
f 622/369/2 570/368/2 571/370/2
f 621/371/2 622/369/2 571/370/2
f 621/371/2 571/370/2 572/372/2
f 621/371/2 572/372/2 573/373/2
f 620/374/2 621/371/2 573/373/2
f 620/374/2 573/373/2 574/375/2
f 619/376/2 620/374/2 574/375/2
f 619/376/2 574/375/2 575/377/2
f 618/378/2 619/376/2 575/377/2
f 618/378/2 575/377/2 576/379/2
f 618/378/2 576/379/2 577/380/2
f 617/381/2 618/378/2 577/380/2
f 617/381/2 577/380/2 578/382/2
f 616/383/2 617/381/2 578/382/2
f 616/383/2 578/382/2 579/384/2
f 615/385/2 616/383/2 579/384/2
f 615/385/2 579/384/2 580/386/2
f 615/385/2 580/386/2 581/387/2
f 614/388/2 615/385/2 581/387/2
f 614/388/2 581/387/2 582/389/2
f 613/390/2 614/388/2 582/389/2
f 613/390/2 582/389/2 583/391/2
f 613/390/2 583/391/2 584/392/2
f 612/393/2 613/390/2 584/392/2
f 612/393/2 584/392/2 585/394/2
f 611/395/2 612/393/2 585/394/2
f 611/395/2 585/394/2 586/396/2
f 611/395/2 586/396/2 587/397/2
f 610/398/2 611/395/2 587/397/2
f 610/398/2 587/397/2 588/399/2
f 609/400/2 610/398/2 588/399/2
f 609/400/2 588/399/2 589/401/2
f 609/400/2 589/401/2 590/402/2
f 608/403/2 609/400/2 590/402/2
f 608/403/2 590/402/2 591/404/2
f 607/405/2 608/403/2 591/404/2
f 607/405/2 591/404/2 592/406/2
f 607/405/2 592/406/2 593/407/2
f 606/408/2 607/405/2 593/407/2
f 606/408/2 593/407/2 594/409/2
f 605/410/2 606/408/2 594/409/2
f 605/410/2 594/409/2 595/411/2
f 605/410/2 595/411/2 596/412/2
f 604/413/2 605/410/2 596/412/2
f 604/413/2 596/412/2 597/414/2
f 603/415/2 604/413/2 597/414/2
f 603/415/2 597/414/2 598/416/2
f 603/415/2 598/416/2 599/417/2
f 602/418/2 603/415/2 599/417/2
f 602/418/2 599/417/2 600/419/2
f 601/420/2 602/418/2 600/419/2
s 1
f 844/421/3 841/223/4 842/422/4
f 846/423/5 843/424/3 844/421/3
f 848/425/6 845/426/5 846/423/5
f 850/427/7 847/428/6 848/425/6
f 852/429/8 849/430/7 850/427/7
f 854/431/9 851/432/8 852/429/8
f 856/433/10 853/434/9 854/431/9
f 858/435/11 855/436/10 856/433/10
f 860/437/12 857/438/11 858/435/11
f 862/439/13 859/440/12 860/437/12
f 864/441/14 861/442/13 862/439/13
f 866/443/15 863/444/14 864/441/14
f 868/445/16 865/446/17 866/443/15
f 870/447/18 867/448/16 868/445/16
f 872/449/19 869/450/18 870/447/18
f 874/451/20 871/452/19 872/449/19
f 876/453/21 873/454/20 874/451/20
f 878/455/22 875/456/21 876/453/21
f 880/457/23 877/458/24 878/455/22
f 882/459/25 879/460/23 880/457/23
f 884/461/26 881/462/25 882/459/25
f 886/463/27 883/464/26 884/461/26
f 888/465/28 885/466/27 886/463/27
f 890/467/29 887/468/28 888/465/28
f 892/469/30 889/470/29 890/467/29
f 894/471/31 891/472/30 892/469/30
f 896/473/32 893/474/33 894/471/31
f 898/475/34 895/476/32 896/473/32
f 900/477/35 897/478/34 898/475/34
f 902/479/36 899/480/35 900/477/35
f 904/481/37 901/482/36 902/479/36
f 906/483/38 903/484/37 904/481/37
f 908/485/39 905/486/38 906/483/38
f 910/487/40 907/488/39 908/485/39
f 912/489/41 909/490/40 910/487/40
f 914/491/42 911/492/41 912/489/41
f 916/493/43 913/494/42 914/491/42
f 918/495/44 915/496/43 916/493/43
f 920/497/45 917/498/44 918/495/44
f 922/499/46 919/500/45 920/497/45
f 924/501/47 921/502/46 922/499/46
f 926/503/48 923/504/47 924/501/47
f 928/505/49 925/506/48 926/503/48
f 930/507/50 927/508/49 928/505/49
f 932/509/51 929/510/50 930/507/50
f 934/511/52 931/512/51 932/509/51
f 936/513/53 933/514/52 934/511/52
f 938/515/54 935/516/53 936/513/53
f 940/517/55 937/518/54 938/515/54
f 942/519/56 939/520/55 940/517/55
f 944/521/57 941/522/56 942/519/56
f 946/523/58 943/524/57 944/521/57
f 948/525/59 945/526/58 946/523/58
f 950/527/60 947/528/59 948/525/59
f 952/529/61 949/530/60 950/527/60
f 954/531/62 951/532/61 952/529/61
f 956/533/63 953/534/62 954/531/62
f 958/535/64 955/536/63 956/533/63
f 960/537/65 957/538/64 958/535/64
f 962/539/66 959/540/65 960/537/65
f 964/541/67 961/542/66 962/539/66
f 966/543/68 963/544/67 964/541/67
f 968/545/69 965/546/68 966/543/68
f 970/547/70 967/548/69 968/545/69
f 972/549/71 969/550/70 970/547/70
f 974/551/72 971/552/71 972/549/71
f 976/553/73 973/554/72 974/551/72
f 978/555/74 975/556/73 976/553/73
f 980/557/75 977/558/74 978/555/74
f 982/559/76 979/560/75 980/557/75
f 984/561/77 981/562/76 982/559/76
f 986/563/78 983/564/77 984/561/77
f 988/565/79 985/566/78 986/563/78
f 990/567/80 987/568/79 988/565/79
f 992/569/81 989/570/80 990/567/80
f 994/571/82 991/572/81 992/569/81
f 996/573/83 993/574/82 994/571/82
f 998/575/84 995/576/83 996/573/83
f 1000/577/85 997/578/84 998/575/84
f 1002/579/86 999/580/85 1000/577/85
f 1004/581/87 1001/582/86 1002/579/86
f 1006/583/88 1003/584/87 1004/581/87
f 1008/585/89 1005/586/90 1006/583/88
f 1010/587/91 1007/588/89 1008/585/89
f 1012/589/92 1009/590/91 1010/587/91
f 1014/591/93 1011/592/92 1012/589/92
f 1016/593/94 1013/594/93 1014/591/93
f 1018/595/95 1015/596/94 1016/593/94
f 1020/597/96 1017/598/95 1018/595/95
f 1022/599/97 1019/600/96 1020/597/96
f 1024/601/98 1021/602/97 1022/599/97
f 1026/603/99 1023/604/98 1024/601/98
f 1028/605/100 1025/606/99 1026/603/99
f 1030/607/101 1027/608/100 1028/605/100
f 1032/609/102 1029/610/101 1030/607/101
f 1034/611/103 1031/612/104 1032/609/102
f 1036/613/105 1033/614/103 1034/611/103
f 1038/615/106 1035/616/105 1036/613/105
f 1040/617/107 1037/618/106 1038/615/106
f 1042/619/108 1039/620/107 1040/617/107
f 1044/621/109 1041/622/108 1042/619/108
f 1046/623/110 1043/624/109 1044/621/109
f 1048/625/111 1045/626/110 1046/623/110
f 1050/627/112 1047/628/111 1048/625/111
f 1052/629/113 1049/630/112 1050/627/112
f 1054/631/114 1051/632/113 1052/629/113
f 1056/633/115 1053/634/114 1054/631/114
f 1058/635/116 1055/636/115 1056/633/115
f 1060/637/117 1057/638/118 1058/635/116
f 1062/639/119 1059/640/117 1060/637/117
f 1064/641/120 1061/642/119 1062/639/119
f 1066/643/121 1063/644/120 1064/641/120
f 1068/645/122 1065/646/121 1066/643/121
f 1070/647/123 1067/648/122 1068/645/122
f 1072/649/124 1069/650/123 1070/647/123
f 1074/651/125 1071/652/124 1072/649/124
f 1076/653/126 1073/654/125 1074/651/125
f 1078/655/127 1075/656/126 1076/653/126
f 1080/657/128 1077/658/127 1078/655/127
f 1082/659/129 1079/660/128 1080/657/128
f 1084/661/130 1081/662/129 1082/659/129
f 1086/663/131 1083/664/130 1084/661/130
f 1088/665/132 1085/666/131 1086/663/131
f 1090/667/133 1087/668/132 1088/665/132
f 1092/669/134 1089/670/133 1090/667/133
f 1094/671/135 1091/672/134 1092/669/134
f 1096/673/136 1093/674/135 1094/671/135
f 1098/675/137 1095/676/136 1096/673/136
f 1100/677/138 1097/678/137 1098/675/137
f 1102/679/139 1099/680/138 1100/677/138
f 1104/681/140 1101/682/139 1102/679/139
f 1106/683/141 1103/684/140 1104/681/140
f 1108/685/142 1105/686/141 1106/683/141
f 1110/687/143 1107/688/142 1108/685/142
f 1112/689/144 1109/690/143 1110/687/143
f 1114/691/145 1111/692/144 1112/689/144
f 1116/693/146 1113/694/145 1114/691/145
f 1118/695/147 1115/696/146 1116/693/146
f 1120/697/148 1117/698/147 1118/695/147
f 1122/699/149 1119/700/148 1120/697/148
f 1124/701/150 1121/702/149 1122/699/149
f 1126/703/151 1123/704/150 1124/701/150
f 1128/705/152 1125/706/151 1126/703/151
f 1130/707/153 1127/708/152 1128/705/152
f 1132/709/154 1129/710/153 1130/707/153
f 1134/711/155 1131/712/154 1132/709/154
f 1136/713/156 1133/714/155 1134/711/155
f 1138/715/157 1135/716/156 1136/713/156
f 1140/717/158 1137/718/157 1138/715/157
f 1142/719/159 1139/720/158 1140/717/158
f 1144/721/160 1141/722/159 1142/719/159
f 1146/723/161 1143/724/160 1144/721/160
f 1148/725/162 1145/726/161 1146/723/161
f 1150/727/163 1147/728/162 1148/725/162
f 1152/729/164 1149/730/163 1150/727/163
f 1154/731/165 1151/732/164 1152/729/164
f 1156/733/166 1153/734/165 1154/731/165
f 1158/735/167 1155/736/166 1156/733/166
f 1160/737/168 1157/738/167 1158/735/167
f 1162/739/169 1159/740/168 1160/737/168
f 1164/741/170 1161/742/169 1162/739/169
f 1166/743/171 1163/744/170 1164/741/170
f 1168/745/172 1165/746/171 1166/743/171
f 1170/747/173 1167/748/172 1168/745/172
f 1172/749/174 1169/750/173 1170/747/173
f 1174/751/175 1171/752/174 1172/749/174
f 1176/753/176 1173/754/175 1174/751/175
f 1178/755/177 1175/756/176 1176/753/176
f 1180/757/178 1177/758/177 1178/755/177
f 1182/759/179 1179/760/178 1180/757/178
f 1184/761/180 1181/762/179 1182/759/179
f 1186/763/181 1183/764/180 1184/761/180
f 1188/765/182 1185/766/181 1186/763/181
f 1190/767/183 1187/768/182 1188/765/182
f 1192/769/184 1189/770/183 1190/767/183
f 1194/771/185 1191/772/184 1192/769/184
f 1196/773/186 1193/774/185 1194/771/185
f 1198/775/187 1195/776/186 1196/773/186
f 1200/777/188 1197/778/187 1198/775/187
f 1202/779/189 1199/780/188 1200/777/188
f 1204/781/190 1201/782/189 1202/779/189
f 1206/783/191 1203/784/190 1204/781/190
f 1208/785/192 1205/786/191 1206/783/191
f 1210/787/193 1207/788/192 1208/785/192
f 1212/789/194 1209/790/193 1210/787/193
f 1214/791/195 1211/792/194 1212/789/194
f 1216/793/196 1213/794/195 1214/791/195
f 1218/795/197 1215/796/196 1216/793/196
f 1220/797/198 1217/798/197 1218/795/197
f 1222/799/199 1219/800/198 1220/797/198
f 1224/801/200 1221/802/199 1222/799/199
f 1226/803/201 1223/804/200 1224/801/200
f 1228/805/202 1225/806/201 1226/803/201
f 1230/807/203 1227/808/202 1228/805/202
f 1232/809/204 1229/810/203 1230/807/203
f 1234/811/205 1231/812/204 1232/809/204
f 1236/813/206 1233/814/205 1234/811/205
f 1238/815/207 1235/816/206 1236/813/206
f 1240/817/208 1237/818/207 1238/815/207
f 1242/819/209 1239/820/208 1240/817/208
f 1244/821/210 1241/822/209 1242/819/209
f 1246/823/211 1243/824/210 1244/821/210
f 1248/825/212 1245/826/211 1246/823/211
f 1250/827/213 1247/828/212 1248/825/212
f 1252/829/214 1249/830/213 1250/827/213
f 1254/831/215 1251/832/214 1252/829/214
f 1256/833/216 1253/834/215 1254/831/215
f 1258/835/217 1255/836/216 1256/833/216
f 1260/837/218 1257/838/217 1258/835/217
f 1262/839/219 1259/840/218 1260/837/218
f 1264/841/220 1261/842/219 1262/839/219
f 1266/843/221 1263/844/220 1264/841/220
f 1268/845/222 1265/846/221 1266/843/221
f 1270/847/223 1267/848/222 1268/845/222
f 1272/849/224 1269/850/223 1270/847/223
f 1274/851/225 1271/852/224 1272/849/224
f 1276/853/226 1273/854/225 1274/851/225
f 1278/855/227 1275/856/226 1276/853/226
f 1280/857/228 1277/858/227 1278/855/227
f 1282/859/229 1279/860/228 1280/857/228
f 1284/861/230 1281/862/229 1282/859/229
f 1286/863/231 1283/864/230 1284/861/230
f 1288/865/232 1285/866/233 1286/863/231
f 1290/867/234 1287/868/232 1288/865/232
f 1292/869/235 1289/870/234 1290/867/234
f 1294/871/236 1291/872/235 1292/869/235
f 1296/873/237 1293/874/236 1294/871/236
f 842/875/4 1295/876/237 1296/873/237
f 1300/877/238 1297/223/239 1298/422/239
f 1302/878/240 1299/879/238 1300/877/238
f 1304/880/241 1301/881/240 1302/878/240
f 1306/882/242 1303/883/241 1304/880/241
f 1308/884/243 1305/885/242 1306/882/242
f 1310/886/244 1307/887/243 1308/884/243
f 1312/888/245 1309/889/244 1310/886/244
f 1314/457/246 1311/890/245 1312/888/245
f 1316/891/247 1313/460/246 1314/457/246
f 1318/892/248 1315/893/247 1316/891/247
f 1320/894/249 1317/895/248 1318/892/248
f 1322/896/250 1319/897/249 1320/894/249
f 1324/898/251 1321/899/250 1322/896/250
f 1326/900/252 1323/901/251 1324/898/251
f 1328/902/253 1325/903/252 1326/900/252
f 1330/495/254 1327/904/253 1328/902/253
f 1332/905/86 1329/498/254 1330/495/254
f 1334/906/255 1331/907/86 1332/905/86
f 1336/908/256 1333/909/255 1334/906/255
f 1338/910/257 1335/911/256 1336/908/256
f 1340/912/258 1337/913/257 1338/910/257
f 1342/914/259 1339/915/258 1340/912/258
f 1344/916/260 1341/917/259 1342/914/259
f 1346/533/261 1343/918/260 1344/916/260
f 1348/919/262 1345/536/261 1346/533/261
f 1350/920/263 1347/921/262 1348/919/262
f 1352/922/264 1349/923/263 1350/920/263
f 1354/924/265 1351/925/264 1352/922/264
f 1356/926/266 1353/927/265 1354/924/265
f 1358/928/267 1355/929/266 1356/926/266
f 1360/930/268 1357/931/267 1358/928/267
f 1362/571/269 1359/932/268 1360/930/268
f 1364/933/270 1361/574/269 1362/571/269
f 1366/934/271 1363/935/270 1364/933/270
f 1368/936/272 1365/937/271 1366/934/271
f 1370/938/273 1367/939/272 1368/936/272
f 1372/940/274 1369/941/273 1370/938/273
f 1374/942/275 1371/943/274 1372/940/274
f 1376/944/276 1373/945/275 1374/942/275
f 1378/609/277 1375/946/276 1376/944/276
f 1380/947/278 1377/612/277 1378/609/277
f 1382/948/279 1379/949/278 1380/947/278
f 1384/950/280 1381/951/279 1382/948/279
f 1386/952/281 1383/953/280 1384/950/280
f 1388/954/282 1385/955/281 1386/952/281
f 1390/956/283 1387/957/282 1388/954/282
f 1392/958/284 1389/959/283 1390/956/283
f 1394/647/285 1391/960/284 1392/958/284
f 1396/961/286 1393/650/285 1394/647/285
f 1398/962/287 1395/963/286 1396/961/286
f 1400/964/288 1397/965/287 1398/962/287
f 1402/966/289 1399/967/288 1400/964/288
f 1404/968/290 1401/969/289 1402/966/289
f 1406/970/291 1403/971/290 1404/968/290
f 1408/972/292 1405/973/291 1406/970/291
f 1410/685/293 1407/974/292 1408/972/292
f 1412/975/294 1409/688/293 1410/685/293
f 1414/976/295 1411/977/294 1412/975/294
f 1416/978/296 1413/979/295 1414/976/295
f 1418/980/297 1415/981/296 1416/978/296
f 1420/982/298 1417/983/297 1418/980/297
f 1422/984/299 1419/985/298 1420/982/298
f 1424/986/300 1421/987/299 1422/984/299
f 1426/723/301 1423/988/300 1424/986/300
f 1428/989/302 1425/726/301 1426/723/301
f 1430/990/303 1427/991/302 1428/989/302
f 1432/992/304 1429/993/303 1430/990/303
f 1434/994/305 1431/995/304 1432/992/304
f 1436/996/306 1433/997/305 1434/994/305
f 1438/998/307 1435/999/306 1436/996/306
f 1440/1000/308 1437/1001/307 1438/998/307
f 1442/761/309 1439/1002/308 1440/1000/308
f 1444/1003/310 1441/764/309 1442/761/309
f 1446/1004/311 1443/1005/310 1444/1003/310
f 1448/1006/312 1445/1007/311 1446/1004/311
f 1450/1008/313 1447/1009/312 1448/1006/312
f 1452/1010/314 1449/1011/313 1450/1008/313
f 1454/1012/315 1451/1013/314 1452/1010/314
f 1456/1014/316 1453/1015/315 1454/1012/315
f 1458/799/317 1455/1016/316 1456/1014/316
f 1460/1017/318 1457/802/317 1458/799/317
f 1462/1018/319 1459/1019/318 1460/1017/318
f 1464/1020/320 1461/1021/319 1462/1018/319
f 1466/1022/321 1463/1023/320 1464/1020/320
f 1468/1024/322 1465/1025/321 1466/1022/321
f 1470/1026/323 1467/1027/322 1468/1024/322
f 1472/1028/324 1469/1029/323 1470/1026/323
f 1474/837/325 1471/1030/324 1472/1028/324
f 1476/1031/326 1473/840/325 1474/837/325
f 1478/1032/327 1475/1033/326 1476/1031/326
f 1480/1034/328 1477/1035/327 1478/1032/327
f 1482/1036/329 1479/1037/328 1480/1034/328
f 1484/1038/330 1481/1039/329 1482/1036/329
f 1486/1040/331 1483/1041/330 1484/1038/330
f 1488/1042/332 1485/1043/331 1486/1040/331
f 1298/875/239 1487/1044/332 1488/1042/332
f 1492/877/333 1489/223/334 1490/422/334
f 1494/878/335 1491/879/333 1492/877/333
f 1496/880/336 1493/881/335 1494/878/335
f 1498/882/337 1495/883/336 1496/880/336
f 1500/884/338 1497/885/337 1498/882/337
f 1502/886/339 1499/887/338 1500/884/338
f 1504/888/340 1501/889/339 1502/886/339
f 1506/457/341 1503/890/340 1504/888/340
f 1508/891/342 1505/460/341 1506/457/341
f 1510/892/343 1507/893/342 1508/891/342
f 1512/894/344 1509/895/343 1510/892/343
f 1514/896/345 1511/897/344 1512/894/344
f 1516/898/346 1513/899/345 1514/896/345
f 1518/900/347 1515/901/346 1516/898/346
f 1520/902/348 1517/903/347 1518/900/347
f 1522/495/349 1519/904/348 1520/902/348
f 1524/905/350 1521/498/349 1522/495/349
f 1526/906/351 1523/907/350 1524/905/350
f 1528/908/352 1525/909/353 1526/906/351
f 1530/910/354 1527/911/352 1528/908/352
f 1532/912/355 1529/913/354 1530/910/354
f 1534/914/356 1531/915/355 1532/912/355
f 1536/916/357 1533/917/356 1534/914/356
f 1538/533/358 1535/918/357 1536/916/357
f 1540/919/359 1537/536/358 1538/533/358
f 1542/920/360 1539/921/359 1540/919/359
f 1544/922/361 1541/923/360 1542/920/360
f 1546/924/362 1543/925/361 1544/922/361
f 1548/926/363 1545/927/362 1546/924/362
f 1550/928/364 1547/929/363 1548/926/363
f 1552/930/365 1549/931/364 1550/928/364
f 1554/571/366 1551/932/365 1552/930/365
f 1556/933/367 1553/574/366 1554/571/366
f 1558/934/368 1555/935/367 1556/933/367
f 1560/936/369 1557/937/368 1558/934/368
f 1562/938/370 1559/939/369 1560/936/369
f 1564/940/371 1561/941/370 1562/938/370
f 1566/942/372 1563/943/371 1564/940/371
f 1568/944/373 1565/945/372 1566/942/372
f 1570/609/374 1567/946/373 1568/944/373
f 1572/947/375 1569/612/374 1570/609/374
f 1574/948/376 1571/949/375 1572/947/375
f 1576/950/377 1573/951/376 1574/948/376
f 1578/952/378 1575/953/377 1576/950/377
f 1580/954/379 1577/955/378 1578/952/378
f 1582/956/380 1579/957/379 1580/954/379
f 1584/958/381 1581/959/380 1582/956/380
f 1586/647/382 1583/960/381 1584/958/381
f 1588/961/383 1585/650/382 1586/647/382
f 1590/962/384 1587/963/383 1588/961/383
f 1592/964/385 1589/965/384 1590/962/384
f 1594/966/386 1591/967/385 1592/964/385
f 1596/968/387 1593/969/386 1594/966/386
f 1598/970/388 1595/971/387 1596/968/387
f 1600/972/389 1597/973/388 1598/970/388
f 1602/685/390 1599/974/389 1600/972/389
f 1604/975/391 1601/688/390 1602/685/390
f 1606/976/392 1603/977/391 1604/975/391
f 1608/978/393 1605/979/392 1606/976/392
f 1610/980/297 1607/981/393 1608/978/393
f 1612/982/394 1609/983/297 1610/980/297
f 1614/984/395 1611/985/394 1612/982/394
f 1616/986/396 1613/987/395 1614/984/395
f 1618/723/397 1615/988/396 1616/986/396
f 1620/989/398 1617/726/397 1618/723/397
f 1622/990/399 1619/991/398 1620/989/398
f 1624/992/400 1621/993/399 1622/990/399
f 1626/994/401 1623/995/400 1624/992/400
f 1628/996/402 1625/997/401 1626/994/401
f 1630/998/403 1627/999/402 1628/996/402
f 1632/1000/404 1629/1001/403 1630/998/403
f 1634/761/405 1631/1002/404 1632/1000/404
f 1636/1003/406 1633/764/405 1634/761/405
f 1638/1004/407 1635/1005/406 1636/1003/406
f 1640/1006/408 1637/1007/407 1638/1004/407
f 1642/1008/409 1639/1009/408 1640/1006/408
f 1644/1010/410 1641/1011/409 1642/1008/409
f 1646/1012/411 1643/1013/410 1644/1010/410
f 1648/1014/412 1645/1015/411 1646/1012/411
f 1650/799/413 1647/1016/412 1648/1014/412
f 1652/1017/414 1649/802/413 1650/799/413
f 1654/1018/415 1651/1019/414 1652/1017/414
f 1656/1020/416 1653/1021/415 1654/1018/415
f 1658/1022/417 1655/1023/416 1656/1020/416
f 1660/1024/418 1657/1025/417 1658/1022/417
f 1662/1026/419 1659/1027/418 1660/1024/418
f 1664/1028/420 1661/1029/419 1662/1026/419
f 1666/837/421 1663/1030/420 1664/1028/420
f 1668/1031/422 1665/840/421 1666/837/421
f 1670/1032/423 1667/1033/422 1668/1031/422
f 1672/1034/424 1669/1035/423 1670/1032/423
f 1674/1036/425 1671/1037/424 1672/1034/424
f 1676/1038/426 1673/1039/425 1674/1036/425
f 1678/1040/427 1675/1041/426 1676/1038/426
f 1680/1042/428 1677/1043/427 1678/1040/427
f 1490/875/334 1679/1044/428 1680/1042/428
f 844/421/3 843/424/3 841/223/4
f 846/423/5 845/426/5 843/424/3
f 848/425/6 847/428/6 845/426/5
f 850/427/7 849/430/7 847/428/6
f 852/429/8 851/432/8 849/430/7
f 854/431/9 853/434/9 851/432/8
f 856/433/10 855/436/10 853/434/9
f 858/435/11 857/438/11 855/436/10
f 860/437/12 859/440/12 857/438/11
f 862/439/13 861/442/13 859/440/12
f 864/441/14 863/444/14 861/442/13
f 866/443/15 865/446/17 863/444/14
f 868/445/16 867/448/16 865/446/17
f 870/447/18 869/450/18 867/448/16
f 872/449/19 871/452/19 869/450/18
f 874/451/20 873/454/20 871/452/19
f 876/453/21 875/456/21 873/454/20
f 878/455/22 877/458/24 875/456/21
f 880/457/23 879/460/23 877/458/24
f 882/459/25 881/462/25 879/460/23
f 884/461/26 883/464/26 881/462/25
f 886/463/27 885/466/27 883/464/26
f 888/465/28 887/468/28 885/466/27
f 890/467/29 889/470/29 887/468/28
f 892/469/30 891/472/30 889/470/29
f 894/471/31 893/474/33 891/472/30
f 896/473/32 895/476/32 893/474/33
f 898/475/34 897/478/34 895/476/32
f 900/477/35 899/480/35 897/478/34
f 902/479/36 901/482/36 899/480/35
f 904/481/37 903/484/37 901/482/36
f 906/483/38 905/486/38 903/484/37
f 908/485/39 907/488/39 905/486/38
f 910/487/40 909/490/40 907/488/39
f 912/489/41 911/492/41 909/490/40
f 914/491/42 913/494/42 911/492/41
f 916/493/43 915/496/43 913/494/42
f 918/495/44 917/498/44 915/496/43
f 920/497/45 919/500/45 917/498/44
f 922/499/46 921/502/46 919/500/45
f 924/501/47 923/504/47 921/502/46
f 926/503/48 925/506/48 923/504/47
f 928/505/49 927/508/49 925/506/48
f 930/507/50 929/510/50 927/508/49
f 932/509/51 931/512/51 929/510/50
f 934/511/52 933/514/52 931/512/51
f 936/513/53 935/516/53 933/514/52
f 938/515/54 937/518/54 935/516/53
f 940/517/55 939/520/55 937/518/54
f 942/519/56 941/522/56 939/520/55
f 944/521/57 943/524/57 941/522/56
f 946/523/58 945/526/58 943/524/57
f 948/525/59 947/528/59 945/526/58
f 950/527/60 949/530/60 947/528/59
f 952/529/61 951/532/61 949/530/60
f 954/531/62 953/534/62 951/532/61
f 956/533/63 955/536/63 953/534/62
f 958/535/64 957/538/64 955/536/63
f 960/537/65 959/540/65 957/538/64
f 962/539/66 961/542/66 959/540/65
f 964/541/67 963/544/67 961/542/66
f 966/543/68 965/546/68 963/544/67
f 968/545/69 967/548/69 965/546/68
f 970/547/70 969/550/70 967/548/69
f 972/549/71 971/552/71 969/550/70
f 974/551/72 973/554/72 971/552/71
f 976/553/73 975/556/73 973/554/72
f 978/555/74 977/558/74 975/556/73
f 980/557/75 979/560/75 977/558/74
f 982/559/76 981/562/76 979/560/75
f 984/561/77 983/564/77 981/562/76
f 986/563/78 985/566/78 983/564/77
f 988/565/79 987/568/79 985/566/78
f 990/567/80 989/570/80 987/568/79
f 992/569/81 991/572/81 989/570/80
f 994/571/82 993/574/82 991/572/81
f 996/573/83 995/576/83 993/574/82
f 998/575/84 997/578/84 995/576/83
f 1000/577/85 999/580/85 997/578/84
f 1002/579/86 1001/582/86 999/580/85
f 1004/581/87 1003/584/87 1001/582/86
f 1006/583/88 1005/586/90 1003/584/87
f 1008/585/89 1007/588/89 1005/586/90
f 1010/587/91 1009/590/91 1007/588/89
f 1012/589/92 1011/592/92 1009/590/91
f 1014/591/93 1013/594/93 1011/592/92
f 1016/593/94 1015/596/94 1013/594/93
f 1018/595/95 1017/598/95 1015/596/94
f 1020/597/96 1019/600/96 1017/598/95
f 1022/599/97 1021/602/97 1019/600/96
f 1024/601/98 1023/604/98 1021/602/97
f 1026/603/99 1025/606/99 1023/604/98
f 1028/605/100 1027/608/100 1025/606/99
f 1030/607/101 1029/610/101 1027/608/100
f 1032/609/102 1031/612/104 1029/610/101
f 1034/611/103 1033/614/103 1031/612/104
f 1036/613/105 1035/616/105 1033/614/103
f 1038/615/106 1037/618/106 1035/616/105
f 1040/617/107 1039/620/107 1037/618/106
f 1042/619/108 1041/622/108 1039/620/107
f 1044/621/109 1043/624/109 1041/622/108
f 1046/623/110 1045/626/110 1043/624/109
f 1048/625/111 1047/628/111 1045/626/110
f 1050/627/112 1049/630/112 1047/628/111
f 1052/629/113 1051/632/113 1049/630/112
f 1054/631/114 1053/634/114 1051/632/113
f 1056/633/115 1055/636/115 1053/634/114
f 1058/635/116 1057/638/118 1055/636/115
f 1060/637/117 1059/640/117 1057/638/118
f 1062/639/119 1061/642/119 1059/640/117
f 1064/641/120 1063/644/120 1061/642/119
f 1066/643/121 1065/646/121 1063/644/120
f 1068/645/122 1067/648/122 1065/646/121
f 1070/647/123 1069/650/123 1067/648/122
f 1072/649/124 1071/652/124 1069/650/123
f 1074/651/125 1073/654/125 1071/652/124
f 1076/653/126 1075/656/126 1073/654/125
f 1078/655/127 1077/658/127 1075/656/126
f 1080/657/128 1079/660/128 1077/658/127
f 1082/659/129 1081/662/129 1079/660/128
f 1084/661/130 1083/664/130 1081/662/129
f 1086/663/131 1085/666/131 1083/664/130
f 1088/665/132 1087/668/132 1085/666/131
f 1090/667/133 1089/670/133 1087/668/132
f 1092/669/134 1091/672/134 1089/670/133
f 1094/671/135 1093/674/135 1091/672/134
f 1096/673/136 1095/676/136 1093/674/135
f 1098/675/137 1097/678/137 1095/676/136
f 1100/677/138 1099/680/138 1097/678/137
f 1102/679/139 1101/682/139 1099/680/138
f 1104/681/140 1103/684/140 1101/682/139
f 1106/683/141 1105/686/141 1103/684/140
f 1108/685/142 1107/688/142 1105/686/141
f 1110/687/143 1109/690/143 1107/688/142
f 1112/689/144 1111/692/144 1109/690/143
f 1114/691/145 1113/694/145 1111/692/144
f 1116/693/146 1115/696/146 1113/694/145
f 1118/695/147 1117/698/147 1115/696/146
f 1120/697/148 1119/700/148 1117/698/147
f 1122/699/149 1121/702/149 1119/700/148
f 1124/701/150 1123/704/150 1121/702/149
f 1126/703/151 1125/706/151 1123/704/150
f 1128/705/152 1127/708/152 1125/706/151
f 1130/707/153 1129/710/153 1127/708/152
f 1132/709/154 1131/712/154 1129/710/153
f 1134/711/155 1133/714/155 1131/712/154
f 1136/713/156 1135/716/156 1133/714/155
f 1138/715/157 1137/718/157 1135/716/156
f 1140/717/158 1139/720/158 1137/718/157
f 1142/719/159 1141/722/159 1139/720/158
f 1144/721/160 1143/724/160 1141/722/159
f 1146/723/161 1145/726/161 1143/724/160
f 1148/725/162 1147/728/162 1145/726/161
f 1150/727/163 1149/730/163 1147/728/162
f 1152/729/164 1151/732/164 1149/730/163
f 1154/731/165 1153/734/165 1151/732/164
f 1156/733/166 1155/736/166 1153/734/165
f 1158/735/167 1157/738/167 1155/736/166
f 1160/737/168 1159/740/168 1157/738/167
f 1162/739/169 1161/742/169 1159/740/168
f 1164/741/170 1163/744/170 1161/742/169
f 1166/743/171 1165/746/171 1163/744/170
f 1168/745/172 1167/748/172 1165/746/171
f 1170/747/173 1169/750/173 1167/748/172
f 1172/749/174 1171/752/174 1169/750/173
f 1174/751/175 1173/754/175 1171/752/174
f 1176/753/176 1175/756/176 1173/754/175
f 1178/755/177 1177/758/177 1175/756/176
f 1180/757/178 1179/760/178 1177/758/177
f 1182/759/179 1181/762/179 1179/760/178
f 1184/761/180 1183/764/180 1181/762/179
f 1186/763/181 1185/766/181 1183/764/180
f 1188/765/182 1187/768/182 1185/766/181
f 1190/767/183 1189/770/183 1187/768/182
f 1192/769/184 1191/772/184 1189/770/183
f 1194/771/185 1193/774/185 1191/772/184
f 1196/773/186 1195/776/186 1193/774/185
f 1198/775/187 1197/778/187 1195/776/186
f 1200/777/188 1199/780/188 1197/778/187
f 1202/779/189 1201/782/189 1199/780/188
f 1204/781/190 1203/784/190 1201/782/189
f 1206/783/191 1205/786/191 1203/784/190
f 1208/785/192 1207/788/192 1205/786/191
f 1210/787/193 1209/790/193 1207/788/192
f 1212/789/194 1211/792/194 1209/790/193
f 1214/791/195 1213/794/195 1211/792/194
f 1216/793/196 1215/796/196 1213/794/195
f 1218/795/197 1217/798/197 1215/796/196
f 1220/797/198 1219/800/198 1217/798/197
f 1222/799/199 1221/802/199 1219/800/198
f 1224/801/200 1223/804/200 1221/802/199
f 1226/803/201 1225/806/201 1223/804/200
f 1228/805/202 1227/808/202 1225/806/201
f 1230/807/203 1229/810/203 1227/808/202
f 1232/809/204 1231/812/204 1229/810/203
f 1234/811/205 1233/814/205 1231/812/204
f 1236/813/206 1235/816/206 1233/814/205
f 1238/815/207 1237/818/207 1235/816/206
f 1240/817/208 1239/820/208 1237/818/207
f 1242/819/209 1241/822/209 1239/820/208
f 1244/821/210 1243/824/210 1241/822/209
f 1246/823/211 1245/826/211 1243/824/210
f 1248/825/212 1247/828/212 1245/826/211
f 1250/827/213 1249/830/213 1247/828/212
f 1252/829/214 1251/832/214 1249/830/213
f 1254/831/215 1253/834/215 1251/832/214
f 1256/833/216 1255/836/216 1253/834/215
f 1258/835/217 1257/838/217 1255/836/216
f 1260/837/218 1259/840/218 1257/838/217
f 1262/839/219 1261/842/219 1259/840/218
f 1264/841/220 1263/844/220 1261/842/219
f 1266/843/221 1265/846/221 1263/844/220
f 1268/845/222 1267/848/222 1265/846/221
f 1270/847/223 1269/850/223 1267/848/222
f 1272/849/224 1271/852/224 1269/850/223
f 1274/851/225 1273/854/225 1271/852/224
f 1276/853/226 1275/856/226 1273/854/225
f 1278/855/227 1277/858/227 1275/856/226
f 1280/857/228 1279/860/228 1277/858/227
f 1282/859/229 1281/862/229 1279/860/228
f 1284/861/230 1283/864/230 1281/862/229
f 1286/863/231 1285/866/233 1283/864/230
f 1288/865/232 1287/868/232 1285/866/233
f 1290/867/234 1289/870/234 1287/868/232
f 1292/869/235 1291/872/235 1289/870/234
f 1294/871/236 1293/874/236 1291/872/235
f 1296/873/237 1295/876/237 1293/874/236
f 842/875/4 841/242/4 1295/876/237
f 1300/877/238 1299/879/238 1297/223/239
f 1302/878/240 1301/881/240 1299/879/238
f 1304/880/241 1303/883/241 1301/881/240
f 1306/882/242 1305/885/242 1303/883/241
f 1308/884/243 1307/887/243 1305/885/242
f 1310/886/244 1309/889/244 1307/887/243
f 1312/888/245 1311/890/245 1309/889/244
f 1314/457/246 1313/460/246 1311/890/245
f 1316/891/247 1315/893/247 1313/460/246
f 1318/892/248 1317/895/248 1315/893/247
f 1320/894/249 1319/897/249 1317/895/248
f 1322/896/250 1321/899/250 1319/897/249
f 1324/898/251 1323/901/251 1321/899/250
f 1326/900/252 1325/903/252 1323/901/251
f 1328/902/253 1327/904/253 1325/903/252
f 1330/495/254 1329/498/254 1327/904/253
f 1332/905/86 1331/907/86 1329/498/254
f 1334/906/255 1333/909/255 1331/907/86
f 1336/908/256 1335/911/256 1333/909/255
f 1338/910/257 1337/913/257 1335/911/256
f 1340/912/258 1339/915/258 1337/913/257
f 1342/914/259 1341/917/259 1339/915/258
f 1344/916/260 1343/918/260 1341/917/259
f 1346/533/261 1345/536/261 1343/918/260
f 1348/919/262 1347/921/262 1345/536/261
f 1350/920/263 1349/923/263 1347/921/262
f 1352/922/264 1351/925/264 1349/923/263
f 1354/924/265 1353/927/265 1351/925/264
f 1356/926/266 1355/929/266 1353/927/265
f 1358/928/267 1357/931/267 1355/929/266
f 1360/930/268 1359/932/268 1357/931/267
f 1362/571/269 1361/574/269 1359/932/268
f 1364/933/270 1363/935/270 1361/574/269
f 1366/934/271 1365/937/271 1363/935/270
f 1368/936/272 1367/939/272 1365/937/271
f 1370/938/273 1369/941/273 1367/939/272
f 1372/940/274 1371/943/274 1369/941/273
f 1374/942/275 1373/945/275 1371/943/274
f 1376/944/276 1375/946/276 1373/945/275
f 1378/609/277 1377/612/277 1375/946/276
f 1380/947/278 1379/949/278 1377/612/277
f 1382/948/279 1381/951/279 1379/949/278
f 1384/950/280 1383/953/280 1381/951/279
f 1386/952/281 1385/955/281 1383/953/280
f 1388/954/282 1387/957/282 1385/955/281
f 1390/956/283 1389/959/283 1387/957/282
f 1392/958/284 1391/960/284 1389/959/283
f 1394/647/285 1393/650/285 1391/960/284
f 1396/961/286 1395/963/286 1393/650/285
f 1398/962/287 1397/965/287 1395/963/286
f 1400/964/288 1399/967/288 1397/965/287
f 1402/966/289 1401/969/289 1399/967/288
f 1404/968/290 1403/971/290 1401/969/289
f 1406/970/291 1405/973/291 1403/971/290
f 1408/972/292 1407/974/292 1405/973/291
f 1410/685/293 1409/688/293 1407/974/292
f 1412/975/294 1411/977/294 1409/688/293
f 1414/976/295 1413/979/295 1411/977/294
f 1416/978/296 1415/981/296 1413/979/295
f 1418/980/297 1417/983/297 1415/981/296
f 1420/982/298 1419/985/298 1417/983/297
f 1422/984/299 1421/987/299 1419/985/298
f 1424/986/300 1423/988/300 1421/987/299
f 1426/723/301 1425/726/301 1423/988/300
f 1428/989/302 1427/991/302 1425/726/301
f 1430/990/303 1429/993/303 1427/991/302
f 1432/992/304 1431/995/304 1429/993/303
f 1434/994/305 1433/997/305 1431/995/304
f 1436/996/306 1435/999/306 1433/997/305
f 1438/998/307 1437/1001/307 1435/999/306
f 1440/1000/308 1439/1002/308 1437/1001/307
f 1442/761/309 1441/764/309 1439/1002/308
f 1444/1003/310 1443/1005/310 1441/764/309
f 1446/1004/311 1445/1007/311 1443/1005/310
f 1448/1006/312 1447/1009/312 1445/1007/311
f 1450/1008/313 1449/1011/313 1447/1009/312
f 1452/1010/314 1451/1013/314 1449/1011/313
f 1454/1012/315 1453/1015/315 1451/1013/314
f 1456/1014/316 1455/1016/316 1453/1015/315
f 1458/799/317 1457/802/317 1455/1016/316
f 1460/1017/318 1459/1019/318 1457/802/317
f 1462/1018/319 1461/1021/319 1459/1019/318
f 1464/1020/320 1463/1023/320 1461/1021/319
f 1466/1022/321 1465/1025/321 1463/1023/320
f 1468/1024/322 1467/1027/322 1465/1025/321
f 1470/1026/323 1469/1029/323 1467/1027/322
f 1472/1028/324 1471/1030/324 1469/1029/323
f 1474/837/325 1473/840/325 1471/1030/324
f 1476/1031/326 1475/1033/326 1473/840/325
f 1478/1032/327 1477/1035/327 1475/1033/326
f 1480/1034/328 1479/1037/328 1477/1035/327
f 1482/1036/329 1481/1039/329 1479/1037/328
f 1484/1038/330 1483/1041/330 1481/1039/329
f 1486/1040/331 1485/1043/331 1483/1041/330
f 1488/1042/332 1487/1044/332 1485/1043/331
f 1298/875/239 1297/242/239 1487/1044/332
f 1492/877/333 1491/879/333 1489/223/334
f 1494/878/335 1493/881/335 1491/879/333
f 1496/880/336 1495/883/336 1493/881/335
f 1498/882/337 1497/885/337 1495/883/336
f 1500/884/338 1499/887/338 1497/885/337
f 1502/886/339 1501/889/339 1499/887/338
f 1504/888/340 1503/890/340 1501/889/339
f 1506/457/341 1505/460/341 1503/890/340
f 1508/891/342 1507/893/342 1505/460/341
f 1510/892/343 1509/895/343 1507/893/342
f 1512/894/344 1511/897/344 1509/895/343
f 1514/896/345 1513/899/345 1511/897/344
f 1516/898/346 1515/901/346 1513/899/345
f 1518/900/347 1517/903/347 1515/901/346
f 1520/902/348 1519/904/348 1517/903/347
f 1522/495/349 1521/498/349 1519/904/348
f 1524/905/350 1523/907/350 1521/498/349
f 1526/906/351 1525/909/353 1523/907/350
f 1528/908/352 1527/911/352 1525/909/353
f 1530/910/354 1529/913/354 1527/911/352
f 1532/912/355 1531/915/355 1529/913/354
f 1534/914/356 1533/917/356 1531/915/355
f 1536/916/357 1535/918/357 1533/917/356
f 1538/533/358 1537/536/358 1535/918/357
f 1540/919/359 1539/921/359 1537/536/358
f 1542/920/360 1541/923/360 1539/921/359
f 1544/922/361 1543/925/361 1541/923/360
f 1546/924/362 1545/927/362 1543/925/361
f 1548/926/363 1547/929/363 1545/927/362
f 1550/928/364 1549/931/364 1547/929/363
f 1552/930/365 1551/932/365 1549/931/364
f 1554/571/366 1553/574/366 1551/932/365
f 1556/933/367 1555/935/367 1553/574/366
f 1558/934/368 1557/937/368 1555/935/367
f 1560/936/369 1559/939/369 1557/937/368
f 1562/938/370 1561/941/370 1559/939/369
f 1564/940/371 1563/943/371 1561/941/370
f 1566/942/372 1565/945/372 1563/943/371
f 1568/944/373 1567/946/373 1565/945/372
f 1570/609/374 1569/612/374 1567/946/373
f 1572/947/375 1571/949/375 1569/612/374
f 1574/948/376 1573/951/376 1571/949/375
f 1576/950/377 1575/953/377 1573/951/376
f 1578/952/378 1577/955/378 1575/953/377
f 1580/954/379 1579/957/379 1577/955/378
f 1582/956/380 1581/959/380 1579/957/379
f 1584/958/381 1583/960/381 1581/959/380
f 1586/647/382 1585/650/382 1583/960/381
f 1588/961/383 1587/963/383 1585/650/382
f 1590/962/384 1589/965/384 1587/963/383
f 1592/964/385 1591/967/385 1589/965/384
f 1594/966/386 1593/969/386 1591/967/385
f 1596/968/387 1595/971/387 1593/969/386
f 1598/970/388 1597/973/388 1595/971/387
f 1600/972/389 1599/974/389 1597/973/388
f 1602/685/390 1601/688/390 1599/974/389
f 1604/975/391 1603/977/391 1601/688/390
f 1606/976/392 1605/979/392 1603/977/391
f 1608/978/393 1607/981/393 1605/979/392
f 1610/980/297 1609/983/297 1607/981/393
f 1612/982/394 1611/985/394 1609/983/297
f 1614/984/395 1613/987/395 1611/985/394
f 1616/986/396 1615/988/396 1613/987/395
f 1618/723/397 1617/726/397 1615/988/396
f 1620/989/398 1619/991/398 1617/726/397
f 1622/990/399 1621/993/399 1619/991/398
f 1624/992/400 1623/995/400 1621/993/399
f 1626/994/401 1625/997/401 1623/995/400
f 1628/996/402 1627/999/402 1625/997/401
f 1630/998/403 1629/1001/403 1627/999/402
f 1632/1000/404 1631/1002/404 1629/1001/403
f 1634/761/405 1633/764/405 1631/1002/404
f 1636/1003/406 1635/1005/406 1633/764/405
f 1638/1004/407 1637/1007/407 1635/1005/406
f 1640/1006/408 1639/1009/408 1637/1007/407
f 1642/1008/409 1641/1011/409 1639/1009/408
f 1644/1010/410 1643/1013/410 1641/1011/409
f 1646/1012/411 1645/1015/411 1643/1013/410
f 1648/1014/412 1647/1016/412 1645/1015/411
f 1650/799/413 1649/802/413 1647/1016/412
f 1652/1017/414 1651/1019/414 1649/802/413
f 1654/1018/415 1653/1021/415 1651/1019/414
f 1656/1020/416 1655/1023/416 1653/1021/415
f 1658/1022/417 1657/1025/417 1655/1023/416
f 1660/1024/418 1659/1027/418 1657/1025/417
f 1662/1026/419 1661/1029/419 1659/1027/418
f 1664/1028/420 1663/1030/420 1661/1029/419
f 1666/837/421 1665/840/421 1663/1030/420
f 1668/1031/422 1667/1033/422 1665/840/421
f 1670/1032/423 1669/1035/423 1667/1033/422
f 1672/1034/424 1671/1037/424 1669/1035/423
f 1674/1036/425 1673/1039/425 1671/1037/424
f 1676/1038/426 1675/1041/426 1673/1039/425
f 1678/1040/427 1677/1043/427 1675/1041/426
f 1680/1042/428 1679/1044/428 1677/1043/427
f 1490/875/334 1489/242/334 1679/1044/428
