# Blender 4.4.1
# www.blender.org
mtllib 9.mtl
o テキスト
v -0.167896 -0.237443 0.010000
v -0.171743 -0.232782 0.010000
v -0.175438 -0.227930 0.010000
v -0.178982 -0.222888 0.010000
v -0.182375 -0.217656 0.010000
v -0.185617 -0.212234 0.010000
v -0.188707 -0.206621 0.010000
v -0.191647 -0.200818 0.010000
v -0.194435 -0.194825 0.010000
v -0.197071 -0.188642 0.010000
v -0.199557 -0.182268 0.010000
v -0.201891 -0.175704 0.010000
v -0.204074 -0.168950 0.010000
v -0.061819 -0.151036 0.010000
v -0.060829 -0.155890 0.010000
v -0.059731 -0.160500 0.010000
v -0.058527 -0.164867 0.010000
v -0.057214 -0.168989 0.010000
v -0.055795 -0.172867 0.010000
v -0.054268 -0.176502 0.010000
v -0.052633 -0.179892 0.010000
v -0.050892 -0.183039 0.010000
v -0.049043 -0.185941 0.010000
v -0.047087 -0.188600 0.010000
v -0.045023 -0.191015 0.010000
v -0.042852 -0.193186 0.010000
v -0.040586 -0.195149 0.010000
v -0.038237 -0.196942 0.010000
v -0.035805 -0.198564 0.010000
v -0.033290 -0.200016 0.010000
v -0.030693 -0.201296 0.010000
v -0.028012 -0.202406 0.010000
v -0.025248 -0.203345 0.010000
v -0.022402 -0.204113 0.010000
v -0.019472 -0.204711 0.010000
v -0.016460 -0.205138 0.010000
v -0.013364 -0.205394 0.010000
v -0.010186 -0.205479 0.010000
v -0.004554 -0.205238 0.010000
v 0.000868 -0.204514 0.010000
v 0.006081 -0.203306 0.010000
v 0.011084 -0.201616 0.010000
v 0.015877 -0.199442 0.010000
v 0.020460 -0.196786 0.010000
v 0.024834 -0.193647 0.010000
v 0.028997 -0.190025 0.010000
v 0.032951 -0.185919 0.010000
v 0.036696 -0.181331 0.010000
v 0.040230 -0.176260 0.010000
v 0.043555 -0.170706 0.010000
v 0.045847 -0.166035 0.010000
v 0.048043 -0.160569 0.010000
v 0.050141 -0.154307 0.010000
v 0.052141 -0.147251 0.010000
v 0.054043 -0.139399 0.010000
v 0.055848 -0.130752 0.010000
v 0.057556 -0.121309 0.010000
v 0.059166 -0.111072 0.010000
v 0.060678 -0.100040 0.010000
v 0.062093 -0.088212 0.010000
v 0.063410 -0.075589 0.010000
v 0.064629 -0.062171 0.010000
v 0.060346 -0.066464 0.010000
v 0.056043 -0.070562 0.010000
v 0.051721 -0.074464 0.010000
v 0.047379 -0.078172 0.010000
v 0.043018 -0.081684 0.010000
v 0.038637 -0.085002 0.010000
v 0.034237 -0.088124 0.010000
v 0.029817 -0.091051 0.010000
v 0.025378 -0.093783 0.010000
v 0.020919 -0.096320 0.010000
v 0.016440 -0.098661 0.010000
v 0.011942 -0.100808 0.010000
v 0.007376 -0.102771 0.010000
v 0.002693 -0.104564 0.010000
v -0.002107 -0.106186 0.010000
v -0.007025 -0.107638 0.010000
v -0.012059 -0.108918 0.010000
v -0.017211 -0.110028 0.010000
v -0.022480 -0.110967 0.010000
v -0.027866 -0.111736 0.010000
v -0.033368 -0.112333 0.010000
v -0.038988 -0.112760 0.010000
v -0.044725 -0.113016 0.010000
v -0.050580 -0.113102 0.010000
v -0.061962 -0.112760 0.010000
v -0.073045 -0.111736 0.010000
v -0.083827 -0.110028 0.010000
v -0.094310 -0.107638 0.010000
v -0.104492 -0.104564 0.010000
v -0.114375 -0.100808 0.010000
v -0.123957 -0.096369 0.010000
v -0.133240 -0.091246 0.010000
v -0.142222 -0.085441 0.010000
v -0.150904 -0.078953 0.010000
v -0.159287 -0.071781 0.010000
v -0.167369 -0.063927 0.010000
v -0.174971 -0.055551 0.010000
v -0.181912 -0.046813 0.010000
v -0.188192 -0.037715 0.010000
v -0.193810 -0.028256 0.010000
v -0.198768 -0.018436 0.010000
v -0.203065 -0.008254 0.010000
v -0.206700 0.002288 0.010000
v -0.209675 0.013191 0.010000
v -0.211988 0.024456 0.010000
v -0.213641 0.036081 0.010000
v -0.214633 0.048067 0.010000
v -0.214963 0.060414 0.010000
v -0.214795 0.068898 0.010000
v -0.214290 0.077255 0.010000
v -0.213448 0.085485 0.010000
v -0.212270 0.093588 0.010000
v -0.210755 0.101564 0.010000
v -0.208904 0.109413 0.010000
v -0.206716 0.117136 0.010000
v -0.204192 0.124732 0.010000
v -0.201330 0.132201 0.010000
v -0.198133 0.139543 0.010000
v -0.194598 0.146758 0.010000
v -0.190727 0.153846 0.010000
v -0.186561 0.160728 0.010000
v -0.182141 0.167325 0.010000
v -0.177467 0.173637 0.010000
v -0.172540 0.179663 0.010000
v -0.167359 0.185404 0.010000
v -0.161925 0.190859 0.010000
v -0.156237 0.196029 0.010000
v -0.150295 0.200913 0.010000
v -0.144099 0.205512 0.010000
v -0.137650 0.209826 0.010000
v -0.130947 0.213855 0.010000
v -0.123990 0.217597 0.010000
v -0.116755 0.221048 0.010000
v -0.109218 0.224198 0.010000
v -0.101379 0.227048 0.010000
v -0.093237 0.229598 0.010000
v -0.084792 0.231849 0.010000
v -0.076045 0.233799 0.010000
v -0.066995 0.235449 0.010000
v -0.057644 0.236799 0.010000
v -0.047989 0.237849 0.010000
v -0.038032 0.238599 0.010000
v -0.027773 0.239049 0.010000
v -0.017211 0.239199 0.010000
v -0.004544 0.239015 0.010000
v 0.007698 0.238463 0.010000
v 0.019516 0.237542 0.010000
v 0.030910 0.236253 0.010000
v 0.041879 0.234595 0.010000
v 0.052424 0.232569 0.010000
v 0.062544 0.230175 0.010000
v 0.072240 0.227413 0.010000
v 0.081511 0.224282 0.010000
v 0.090358 0.220783 0.010000
v 0.098781 0.216916 0.010000
v 0.106779 0.212680 0.010000
v 0.114435 0.208043 0.010000
v 0.121829 0.202972 0.010000
v 0.128963 0.197467 0.010000
v 0.135835 0.191527 0.010000
v 0.142447 0.185153 0.010000
v 0.148797 0.178346 0.010000
v 0.154886 0.171104 0.010000
v 0.160715 0.163427 0.010000
v 0.166283 0.155317 0.010000
v 0.171589 0.146772 0.010000
v 0.176635 0.137794 0.010000
v 0.181419 0.128381 0.010000
v 0.185879 0.118493 0.010000
v 0.189951 0.108091 0.010000
v 0.193636 0.097175 0.010000
v 0.196932 0.085743 0.010000
v 0.199841 0.073797 0.010000
v 0.202362 0.061337 0.010000
v 0.204495 0.048361 0.010000
v 0.206240 0.034871 0.010000
v 0.207598 0.020866 0.010000
v 0.208568 0.006347 0.010000
v 0.209149 -0.008687 0.010000
v 0.209343 -0.024236 0.010000
v 0.208936 -0.046959 0.010000
v 0.207714 -0.068644 0.010000
v 0.205677 -0.089294 0.010000
v 0.202826 -0.108906 0.010000
v 0.199159 -0.127482 0.010000
v 0.194679 -0.145021 0.010000
v 0.189383 -0.161524 0.010000
v 0.183273 -0.176989 0.010000
v 0.176348 -0.191419 0.010000
v 0.168608 -0.204811 0.010000
v 0.160054 -0.217167 0.010000
v 0.150685 -0.228486 0.010000
v 0.140594 -0.238837 0.010000
v 0.129874 -0.248288 0.010000
v 0.118524 -0.256838 0.010000
v 0.106545 -0.264489 0.010000
v 0.093937 -0.271239 0.010000
v 0.080699 -0.277090 0.010000
v 0.066832 -0.282040 0.010000
v 0.052336 -0.286091 0.010000
v 0.037210 -0.289241 0.010000
v 0.021455 -0.291491 0.010000
v 0.005071 -0.292841 0.010000
v -0.011942 -0.293291 0.010000
v -0.022007 -0.293192 0.010000
v -0.031710 -0.292896 0.010000
v -0.041052 -0.292402 0.010000
v -0.050033 -0.291711 0.010000
v -0.058653 -0.290821 0.010000
v -0.066913 -0.289735 0.010000
v -0.074811 -0.288451 0.010000
v -0.082348 -0.286969 0.010000
v -0.089524 -0.285289 0.010000
v -0.096339 -0.283412 0.010000
v -0.102793 -0.281338 0.010000
v -0.108887 -0.279066 0.010000
v -0.114716 -0.276603 0.010000
v -0.120380 -0.273958 0.010000
v -0.125878 -0.271130 0.010000
v -0.131210 -0.268119 0.010000
v -0.136377 -0.264924 0.010000
v -0.141377 -0.261547 0.010000
v -0.146211 -0.257987 0.010000
v -0.150880 -0.254244 0.010000
v -0.155383 -0.250318 0.010000
v -0.159720 -0.246209 0.010000
v -0.163891 -0.241918 0.010000
v 0.039340 -0.002459 0.010000
v 0.042537 0.001361 0.010000
v 0.045457 0.005444 0.010000
v 0.048099 0.009791 0.010000
v 0.050462 0.014401 0.010000
v 0.052548 0.019275 0.010000
v 0.054355 0.024412 0.010000
v 0.055885 0.029812 0.010000
v 0.057136 0.035476 0.010000
v 0.058109 0.041403 0.010000
v 0.058805 0.047594 0.010000
v 0.059222 0.054048 0.010000
v 0.059361 0.060766 0.010000
v 0.059214 0.067606 0.010000
v 0.058775 0.074196 0.010000
v 0.058044 0.080534 0.010000
v 0.057019 0.086621 0.010000
v 0.055702 0.092457 0.010000
v 0.054092 0.098042 0.010000
v 0.052189 0.103375 0.010000
v 0.049994 0.108457 0.010000
v 0.047506 0.113288 0.010000
v 0.044725 0.117868 0.010000
v 0.041652 0.122196 0.010000
v 0.038286 0.126273 0.010000
v 0.034710 0.130060 0.010000
v 0.031007 0.133518 0.010000
v 0.027178 0.136646 0.010000
v 0.023221 0.139445 0.010000
v 0.019138 0.141915 0.010000
v 0.014928 0.144055 0.010000
v 0.010591 0.145866 0.010000
v 0.006127 0.147348 0.010000
v 0.001537 0.148501 0.010000
v -0.003181 0.149324 0.010000
v -0.008025 0.149818 0.010000
v -0.012996 0.149982 0.010000
v -0.017671 0.149834 0.010000
v -0.022211 0.149387 0.010000
v -0.026618 0.148643 0.010000
v -0.030890 0.147602 0.010000
v -0.035028 0.146263 0.010000
v -0.039032 0.144626 0.010000
v -0.042902 0.142692 0.010000
v -0.046638 0.140460 0.010000
v -0.050239 0.137930 0.010000
v -0.053707 0.135103 0.010000
v -0.057040 0.131979 0.010000
v -0.060239 0.128556 0.010000
v -0.063240 0.124837 0.010000
v -0.065981 0.120819 0.010000
v -0.068460 0.116504 0.010000
v -0.070679 0.111892 0.010000
v -0.072636 0.106982 0.010000
v -0.074333 0.101774 0.010000
v -0.075768 0.096268 0.010000
v -0.076943 0.090466 0.010000
v -0.077856 0.084365 0.010000
v -0.078509 0.077967 0.010000
v -0.078900 0.071271 0.010000
v -0.079031 0.064278 0.010000
v -0.078895 0.057219 0.010000
v -0.078489 0.050443 0.010000
v -0.077812 0.043950 0.010000
v -0.076865 0.037740 0.010000
v -0.075646 0.031812 0.010000
v -0.074157 0.026168 0.010000
v -0.072397 0.020807 0.010000
v -0.070366 0.015728 0.010000
v -0.068065 0.010933 0.010000
v -0.065493 0.006420 0.010000
v -0.062650 0.002190 0.010000
v -0.059536 -0.001756 0.010000
v -0.056220 -0.005403 0.010000
v -0.052770 -0.008732 0.010000
v -0.049186 -0.011745 0.010000
v -0.045467 -0.014440 0.010000
v -0.041614 -0.016818 0.010000
v -0.037627 -0.018880 0.010000
v -0.033506 -0.020624 0.010000
v -0.029251 -0.022050 0.010000
v -0.024862 -0.023160 0.010000
v -0.020338 -0.023953 0.010000
v -0.015680 -0.024429 0.010000
v -0.010889 -0.024587 0.010000
v -0.005925 -0.024434 0.010000
v -0.001103 -0.023973 0.010000
v 0.003578 -0.023204 0.010000
v 0.008118 -0.022129 0.010000
v 0.012516 -0.020746 0.010000
v 0.016772 -0.019055 0.010000
v 0.020887 -0.017057 0.010000
v 0.024860 -0.014752 0.010000
v 0.028692 -0.012140 0.010000
v 0.032383 -0.009220 0.010000
v 0.035932 -0.005993 0.010000
v -0.167896 -0.237443 -0.010000
v -0.171743 -0.232782 -0.010000
v -0.175438 -0.227930 -0.010000
v -0.178982 -0.222888 -0.010000
v -0.182375 -0.217656 -0.010000
v -0.185617 -0.212234 -0.010000
v -0.188707 -0.206621 -0.010000
v -0.191647 -0.200818 -0.010000
v -0.194435 -0.194825 -0.010000
v -0.197071 -0.188642 -0.010000
v -0.199557 -0.182268 -0.010000
v -0.201891 -0.175704 -0.010000
v -0.204074 -0.168950 -0.010000
v -0.061819 -0.151036 -0.010000
v -0.060829 -0.155890 -0.010000
v -0.059731 -0.160500 -0.010000
v -0.058527 -0.164867 -0.010000
v -0.057214 -0.168989 -0.010000
v -0.055795 -0.172867 -0.010000
v -0.054268 -0.176502 -0.010000
v -0.052633 -0.179892 -0.010000
v -0.050892 -0.183039 -0.010000
v -0.049043 -0.185941 -0.010000
v -0.047087 -0.188600 -0.010000
v -0.045023 -0.191015 -0.010000
v -0.042852 -0.193186 -0.010000
v -0.040586 -0.195149 -0.010000
v -0.038237 -0.196942 -0.010000
v -0.035805 -0.198564 -0.010000
v -0.033290 -0.200016 -0.010000
v -0.030693 -0.201296 -0.010000
v -0.028012 -0.202406 -0.010000
v -0.025248 -0.203345 -0.010000
v -0.022402 -0.204113 -0.010000
v -0.019472 -0.204711 -0.010000
v -0.016460 -0.205138 -0.010000
v -0.013364 -0.205394 -0.010000
v -0.010186 -0.205479 -0.010000
v -0.004554 -0.205238 -0.010000
v 0.000868 -0.204514 -0.010000
v 0.006081 -0.203306 -0.010000
v 0.011084 -0.201616 -0.010000
v 0.015877 -0.199442 -0.010000
v 0.020460 -0.196786 -0.010000
v 0.024834 -0.193647 -0.010000
v 0.028997 -0.190025 -0.010000
v 0.032951 -0.185919 -0.010000
v 0.036696 -0.181331 -0.010000
v 0.040230 -0.176260 -0.010000
v 0.043555 -0.170706 -0.010000
v 0.045847 -0.166035 -0.010000
v 0.048043 -0.160569 -0.010000
v 0.050141 -0.154307 -0.010000
v 0.052141 -0.147251 -0.010000
v 0.054043 -0.139399 -0.010000
v 0.055848 -0.130752 -0.010000
v 0.057556 -0.121309 -0.010000
v 0.059166 -0.111072 -0.010000
v 0.060678 -0.100040 -0.010000
v 0.062093 -0.088212 -0.010000
v 0.063410 -0.075589 -0.010000
v 0.064629 -0.062171 -0.010000
v 0.060346 -0.066464 -0.010000
v 0.056043 -0.070562 -0.010000
v 0.051721 -0.074464 -0.010000
v 0.047379 -0.078172 -0.010000
v 0.043018 -0.081684 -0.010000
v 0.038637 -0.085002 -0.010000
v 0.034237 -0.088124 -0.010000
v 0.029817 -0.091051 -0.010000
v 0.025378 -0.093783 -0.010000
v 0.020919 -0.096320 -0.010000
v 0.016440 -0.098661 -0.010000
v 0.011942 -0.100808 -0.010000
v 0.007376 -0.102771 -0.010000
v 0.002693 -0.104564 -0.010000
v -0.002107 -0.106186 -0.010000
v -0.007025 -0.107638 -0.010000
v -0.012059 -0.108918 -0.010000
v -0.017211 -0.110028 -0.010000
v -0.022480 -0.110967 -0.010000
v -0.027866 -0.111736 -0.010000
v -0.033368 -0.112333 -0.010000
v -0.038988 -0.112760 -0.010000
v -0.044725 -0.113016 -0.010000
v -0.050580 -0.113102 -0.010000
v -0.061962 -0.112760 -0.010000
v -0.073045 -0.111736 -0.010000
v -0.083827 -0.110028 -0.010000
v -0.094310 -0.107638 -0.010000
v -0.104492 -0.104564 -0.010000
v -0.114375 -0.100808 -0.010000
v -0.123957 -0.096369 -0.010000
v -0.133240 -0.091246 -0.010000
v -0.142222 -0.085441 -0.010000
v -0.150904 -0.078953 -0.010000
v -0.159287 -0.071781 -0.010000
v -0.167369 -0.063927 -0.010000
v -0.174971 -0.055551 -0.010000
v -0.181912 -0.046813 -0.010000
v -0.188192 -0.037715 -0.010000
v -0.193810 -0.028256 -0.010000
v -0.198768 -0.018436 -0.010000
v -0.203065 -0.008254 -0.010000
v -0.206700 0.002288 -0.010000
v -0.209675 0.013191 -0.010000
v -0.211988 0.024456 -0.010000
v -0.213641 0.036081 -0.010000
v -0.214633 0.048067 -0.010000
v -0.214963 0.060414 -0.010000
v -0.214795 0.068898 -0.010000
v -0.214290 0.077255 -0.010000
v -0.213448 0.085485 -0.010000
v -0.212270 0.093588 -0.010000
v -0.210755 0.101564 -0.010000
v -0.208904 0.109413 -0.010000
v -0.206716 0.117136 -0.010000
v -0.204192 0.124732 -0.010000
v -0.201330 0.132201 -0.010000
v -0.198133 0.139543 -0.010000
v -0.194598 0.146758 -0.010000
v -0.190727 0.153846 -0.010000
v -0.186561 0.160728 -0.010000
v -0.182141 0.167325 -0.010000
v -0.177467 0.173637 -0.010000
v -0.172540 0.179663 -0.010000
v -0.167359 0.185404 -0.010000
v -0.161925 0.190859 -0.010000
v -0.156237 0.196029 -0.010000
v -0.150295 0.200913 -0.010000
v -0.144099 0.205512 -0.010000
v -0.137650 0.209826 -0.010000
v -0.130947 0.213855 -0.010000
v -0.123990 0.217597 -0.010000
v -0.116755 0.221048 -0.010000
v -0.109218 0.224198 -0.010000
v -0.101379 0.227048 -0.010000
v -0.093237 0.229598 -0.010000
v -0.084792 0.231849 -0.010000
v -0.076045 0.233799 -0.010000
v -0.066995 0.235449 -0.010000
v -0.057644 0.236799 -0.010000
v -0.047989 0.237849 -0.010000
v -0.038032 0.238599 -0.010000
v -0.027773 0.239049 -0.010000
v -0.017211 0.239199 -0.010000
v -0.004544 0.239015 -0.010000
v 0.007698 0.238463 -0.010000
v 0.019516 0.237542 -0.010000
v 0.030910 0.236253 -0.010000
v 0.041879 0.234595 -0.010000
v 0.052424 0.232569 -0.010000
v 0.062544 0.230175 -0.010000
v 0.072240 0.227413 -0.010000
v 0.081511 0.224282 -0.010000
v 0.090358 0.220783 -0.010000
v 0.098781 0.216916 -0.010000
v 0.106779 0.212680 -0.010000
v 0.114435 0.208043 -0.010000
v 0.121829 0.202972 -0.010000
v 0.128963 0.197467 -0.010000
v 0.135835 0.191527 -0.010000
v 0.142447 0.185153 -0.010000
v 0.148797 0.178346 -0.010000
v 0.154886 0.171104 -0.010000
v 0.160715 0.163427 -0.010000
v 0.166283 0.155317 -0.010000
v 0.171589 0.146772 -0.010000
v 0.176635 0.137794 -0.010000
v 0.181419 0.128381 -0.010000
v 0.185879 0.118493 -0.010000
v 0.189951 0.108091 -0.010000
v 0.193636 0.097175 -0.010000
v 0.196932 0.085743 -0.010000
v 0.199841 0.073797 -0.010000
v 0.202362 0.061337 -0.010000
v 0.204495 0.048361 -0.010000
v 0.206240 0.034871 -0.010000
v 0.207598 0.020866 -0.010000
v 0.208568 0.006347 -0.010000
v 0.209149 -0.008687 -0.010000
v 0.209343 -0.024236 -0.010000
v 0.208936 -0.046959 -0.010000
v 0.207714 -0.068644 -0.010000
v 0.205677 -0.089294 -0.010000
v 0.202826 -0.108906 -0.010000
v 0.199159 -0.127482 -0.010000
v 0.194679 -0.145021 -0.010000
v 0.189383 -0.161524 -0.010000
v 0.183273 -0.176989 -0.010000
v 0.176348 -0.191419 -0.010000
v 0.168608 -0.204811 -0.010000
v 0.160054 -0.217167 -0.010000
v 0.150685 -0.228486 -0.010000
v 0.140594 -0.238837 -0.010000
v 0.129874 -0.248288 -0.010000
v 0.118524 -0.256838 -0.010000
v 0.106545 -0.264489 -0.010000
v 0.093937 -0.271239 -0.010000
v 0.080699 -0.277090 -0.010000
v 0.066832 -0.282040 -0.010000
v 0.052336 -0.286091 -0.010000
v 0.037210 -0.289241 -0.010000
v 0.021455 -0.291491 -0.010000
v 0.005071 -0.292841 -0.010000
v -0.011942 -0.293291 -0.010000
v -0.022007 -0.293192 -0.010000
v -0.031710 -0.292896 -0.010000
v -0.041052 -0.292402 -0.010000
v -0.050033 -0.291711 -0.010000
v -0.058653 -0.290821 -0.010000
v -0.066913 -0.289735 -0.010000
v -0.074811 -0.288451 -0.010000
v -0.082348 -0.286969 -0.010000
v -0.089524 -0.285289 -0.010000
v -0.096339 -0.283412 -0.010000
v -0.102793 -0.281338 -0.010000
v -0.108887 -0.279066 -0.010000
v -0.114716 -0.276603 -0.010000
v -0.120380 -0.273958 -0.010000
v -0.125878 -0.271130 -0.010000
v -0.131210 -0.268119 -0.010000
v -0.136377 -0.264924 -0.010000
v -0.141377 -0.261547 -0.010000
v -0.146211 -0.257987 -0.010000
v -0.150880 -0.254244 -0.010000
v -0.155383 -0.250318 -0.010000
v -0.159720 -0.246209 -0.010000
v -0.163891 -0.241918 -0.010000
v 0.039340 -0.002459 -0.010000
v 0.042537 0.001361 -0.010000
v 0.045457 0.005444 -0.010000
v 0.048099 0.009791 -0.010000
v 0.050462 0.014401 -0.010000
v 0.052548 0.019275 -0.010000
v 0.054355 0.024412 -0.010000
v 0.055885 0.029812 -0.010000
v 0.057136 0.035476 -0.010000
v 0.058109 0.041403 -0.010000
v 0.058805 0.047594 -0.010000
v 0.059222 0.054048 -0.010000
v 0.059361 0.060766 -0.010000
v 0.059214 0.067606 -0.010000
v 0.058775 0.074196 -0.010000
v 0.058044 0.080534 -0.010000
v 0.057019 0.086621 -0.010000
v 0.055702 0.092457 -0.010000
v 0.054092 0.098042 -0.010000
v 0.052189 0.103375 -0.010000
v 0.049994 0.108457 -0.010000
v 0.047506 0.113288 -0.010000
v 0.044725 0.117868 -0.010000
v 0.041652 0.122196 -0.010000
v 0.038286 0.126273 -0.010000
v 0.034710 0.130060 -0.010000
v 0.031007 0.133518 -0.010000
v 0.027178 0.136646 -0.010000
v 0.023221 0.139445 -0.010000
v 0.019138 0.141915 -0.010000
v 0.014928 0.144055 -0.010000
v 0.010591 0.145866 -0.010000
v 0.006127 0.147348 -0.010000
v 0.001537 0.148501 -0.010000
v -0.003181 0.149324 -0.010000
v -0.008025 0.149818 -0.010000
v -0.012996 0.149982 -0.010000
v -0.017671 0.149834 -0.010000
v -0.022211 0.149387 -0.010000
v -0.026618 0.148643 -0.010000
v -0.030890 0.147602 -0.010000
v -0.035028 0.146263 -0.010000
v -0.039032 0.144626 -0.010000
v -0.042902 0.142692 -0.010000
v -0.046638 0.140460 -0.010000
v -0.050239 0.137930 -0.010000
v -0.053707 0.135103 -0.010000
v -0.057040 0.131979 -0.010000
v -0.060239 0.128556 -0.010000
v -0.063240 0.124837 -0.010000
v -0.065981 0.120819 -0.010000
v -0.068460 0.116504 -0.010000
v -0.070679 0.111892 -0.010000
v -0.072636 0.106982 -0.010000
v -0.074333 0.101774 -0.010000
v -0.075768 0.096268 -0.010000
v -0.076943 0.090466 -0.010000
v -0.077856 0.084365 -0.010000
v -0.078509 0.077967 -0.010000
v -0.078900 0.071271 -0.010000
v -0.079031 0.064278 -0.010000
v -0.078895 0.057219 -0.010000
v -0.078489 0.050443 -0.010000
v -0.077812 0.043950 -0.010000
v -0.076865 0.037740 -0.010000
v -0.075646 0.031812 -0.010000
v -0.074157 0.026168 -0.010000
v -0.072397 0.020807 -0.010000
v -0.070366 0.015728 -0.010000
v -0.068065 0.010933 -0.010000
v -0.065493 0.006420 -0.010000
v -0.062650 0.002190 -0.010000
v -0.059536 -0.001756 -0.010000
v -0.056220 -0.005403 -0.010000
v -0.052770 -0.008732 -0.010000
v -0.049186 -0.011745 -0.010000
v -0.045467 -0.014440 -0.010000
v -0.041614 -0.016818 -0.010000
v -0.037627 -0.018880 -0.010000
v -0.033506 -0.020624 -0.010000
v -0.029251 -0.022050 -0.010000
v -0.024862 -0.023160 -0.010000
v -0.020338 -0.023953 -0.010000
v -0.015680 -0.024429 -0.010000
v -0.010889 -0.024587 -0.010000
v -0.005925 -0.024434 -0.010000
v -0.001103 -0.023973 -0.010000
v 0.003578 -0.023204 -0.010000
v 0.008118 -0.022129 -0.010000
v 0.012516 -0.020746 -0.010000
v 0.016772 -0.019055 -0.010000
v 0.020887 -0.017057 -0.010000
v 0.024860 -0.014752 -0.010000
v 0.028692 -0.012140 -0.010000
v 0.032383 -0.009220 -0.010000
v 0.035932 -0.005993 -0.010000
v -0.167896 -0.237443 -0.010000
v -0.167896 -0.237443 0.010000
v -0.171743 -0.232782 -0.010000
v -0.171743 -0.232782 0.010000
v -0.175438 -0.227930 -0.010000
v -0.175438 -0.227930 0.010000
v -0.178982 -0.222888 -0.010000
v -0.178982 -0.222888 0.010000
v -0.182375 -0.217656 -0.010000
v -0.182375 -0.217656 0.010000
v -0.185617 -0.212234 -0.010000
v -0.185617 -0.212234 0.010000
v -0.188707 -0.206621 -0.010000
v -0.188707 -0.206621 0.010000
v -0.191647 -0.200818 -0.010000
v -0.191647 -0.200818 0.010000
v -0.194435 -0.194825 -0.010000
v -0.194435 -0.194825 0.010000
v -0.197071 -0.188642 -0.010000
v -0.197071 -0.188642 0.010000
v -0.199557 -0.182268 -0.010000
v -0.199557 -0.182268 0.010000
v -0.201891 -0.175704 -0.010000
v -0.201891 -0.175704 0.010000
v -0.204074 -0.168950 -0.010000
v -0.204074 -0.168950 0.010000
v -0.061819 -0.151036 -0.010000
v -0.061819 -0.151036 0.010000
v -0.060829 -0.155890 -0.010000
v -0.060829 -0.155890 0.010000
v -0.059731 -0.160500 -0.010000
v -0.059731 -0.160500 0.010000
v -0.058527 -0.164867 -0.010000
v -0.058527 -0.164867 0.010000
v -0.057214 -0.168989 -0.010000
v -0.057214 -0.168989 0.010000
v -0.055795 -0.172867 -0.010000
v -0.055795 -0.172867 0.010000
v -0.054268 -0.176502 -0.010000
v -0.054268 -0.176502 0.010000
v -0.052633 -0.179892 -0.010000
v -0.052633 -0.179892 0.010000
v -0.050892 -0.183039 -0.010000
v -0.050892 -0.183039 0.010000
v -0.049043 -0.185941 -0.010000
v -0.049043 -0.185941 0.010000
v -0.047087 -0.188600 -0.010000
v -0.047087 -0.188600 0.010000
v -0.045023 -0.191015 -0.010000
v -0.045023 -0.191015 0.010000
v -0.042852 -0.193186 -0.010000
v -0.042852 -0.193186 0.010000
v -0.040586 -0.195149 -0.010000
v -0.040586 -0.195149 0.010000
v -0.038237 -0.196942 -0.010000
v -0.038237 -0.196942 0.010000
v -0.035805 -0.198564 -0.010000
v -0.035805 -0.198564 0.010000
v -0.033290 -0.200016 -0.010000
v -0.033290 -0.200016 0.010000
v -0.030693 -0.201296 -0.010000
v -0.030693 -0.201296 0.010000
v -0.028012 -0.202406 -0.010000
v -0.028012 -0.202406 0.010000
v -0.025248 -0.203345 -0.010000
v -0.025248 -0.203345 0.010000
v -0.022402 -0.204113 -0.010000
v -0.022402 -0.204113 0.010000
v -0.019472 -0.204711 -0.010000
v -0.019472 -0.204711 0.010000
v -0.016460 -0.205138 -0.010000
v -0.016460 -0.205138 0.010000
v -0.013364 -0.205394 -0.010000
v -0.013364 -0.205394 0.010000
v -0.010186 -0.205479 -0.010000
v -0.010186 -0.205479 0.010000
v -0.004554 -0.205238 -0.010000
v -0.004554 -0.205238 0.010000
v 0.000868 -0.204514 -0.010000
v 0.000868 -0.204514 0.010000
v 0.006081 -0.203306 -0.010000
v 0.006081 -0.203306 0.010000
v 0.011084 -0.201616 -0.010000
v 0.011084 -0.201616 0.010000
v 0.015877 -0.199442 -0.010000
v 0.015877 -0.199442 0.010000
v 0.020460 -0.196786 -0.010000
v 0.020460 -0.196786 0.010000
v 0.024834 -0.193647 -0.010000
v 0.024834 -0.193647 0.010000
v 0.028997 -0.190025 -0.010000
v 0.028997 -0.190025 0.010000
v 0.032951 -0.185919 -0.010000
v 0.032951 -0.185919 0.010000
v 0.036696 -0.181331 -0.010000
v 0.036696 -0.181331 0.010000
v 0.040230 -0.176260 -0.010000
v 0.040230 -0.176260 0.010000
v 0.043555 -0.170706 -0.010000
v 0.043555 -0.170706 0.010000
v 0.045847 -0.166035 -0.010000
v 0.045847 -0.166035 0.010000
v 0.048043 -0.160569 -0.010000
v 0.048043 -0.160569 0.010000
v 0.050141 -0.154307 -0.010000
v 0.050141 -0.154307 0.010000
v 0.052141 -0.147251 -0.010000
v 0.052141 -0.147251 0.010000
v 0.054043 -0.139399 -0.010000
v 0.054043 -0.139399 0.010000
v 0.055848 -0.130752 -0.010000
v 0.055848 -0.130752 0.010000
v 0.057556 -0.121309 -0.010000
v 0.057556 -0.121309 0.010000
v 0.059166 -0.111072 -0.010000
v 0.059166 -0.111072 0.010000
v 0.060678 -0.100040 -0.010000
v 0.060678 -0.100040 0.010000
v 0.062093 -0.088212 -0.010000
v 0.062093 -0.088212 0.010000
v 0.063410 -0.075589 -0.010000
v 0.063410 -0.075589 0.010000
v 0.064629 -0.062171 -0.010000
v 0.064629 -0.062171 0.010000
v 0.060346 -0.066464 -0.010000
v 0.060346 -0.066464 0.010000
v 0.056043 -0.070562 -0.010000
v 0.056043 -0.070562 0.010000
v 0.051721 -0.074464 -0.010000
v 0.051721 -0.074464 0.010000
v 0.047379 -0.078172 -0.010000
v 0.047379 -0.078172 0.010000
v 0.043018 -0.081684 -0.010000
v 0.043018 -0.081684 0.010000
v 0.038637 -0.085002 -0.010000
v 0.038637 -0.085002 0.010000
v 0.034237 -0.088124 -0.010000
v 0.034237 -0.088124 0.010000
v 0.029817 -0.091051 -0.010000
v 0.029817 -0.091051 0.010000
v 0.025378 -0.093783 -0.010000
v 0.025378 -0.093783 0.010000
v 0.020919 -0.096320 -0.010000
v 0.020919 -0.096320 0.010000
v 0.016440 -0.098661 -0.010000
v 0.016440 -0.098661 0.010000
v 0.011942 -0.100808 -0.010000
v 0.011942 -0.100808 0.010000
v 0.007376 -0.102771 -0.010000
v 0.007376 -0.102771 0.010000
v 0.002693 -0.104564 -0.010000
v 0.002693 -0.104564 0.010000
v -0.002107 -0.106186 -0.010000
v -0.002107 -0.106186 0.010000
v -0.007025 -0.107638 -0.010000
v -0.007025 -0.107638 0.010000
v -0.012059 -0.108918 -0.010000
v -0.012059 -0.108918 0.010000
v -0.017211 -0.110028 -0.010000
v -0.017211 -0.110028 0.010000
v -0.022480 -0.110967 -0.010000
v -0.022480 -0.110967 0.010000
v -0.027866 -0.111736 -0.010000
v -0.027866 -0.111736 0.010000
v -0.033368 -0.112333 -0.010000
v -0.033368 -0.112333 0.010000
v -0.038988 -0.112760 -0.010000
v -0.038988 -0.112760 0.010000
v -0.044725 -0.113016 -0.010000
v -0.044725 -0.113016 0.010000
v -0.050580 -0.113102 -0.010000
v -0.050580 -0.113102 0.010000
v -0.061962 -0.112760 -0.010000
v -0.061962 -0.112760 0.010000
v -0.073045 -0.111736 -0.010000
v -0.073045 -0.111736 0.010000
v -0.083827 -0.110028 -0.010000
v -0.083827 -0.110028 0.010000
v -0.094310 -0.107638 -0.010000
v -0.094310 -0.107638 0.010000
v -0.104492 -0.104564 -0.010000
v -0.104492 -0.104564 0.010000
v -0.114375 -0.100808 -0.010000
v -0.114375 -0.100808 0.010000
v -0.123957 -0.096369 -0.010000
v -0.123957 -0.096369 0.010000
v -0.133240 -0.091246 -0.010000
v -0.133240 -0.091246 0.010000
v -0.142222 -0.085441 -0.010000
v -0.142222 -0.085441 0.010000
v -0.150904 -0.078953 -0.010000
v -0.150904 -0.078953 0.010000
v -0.159287 -0.071781 -0.010000
v -0.159287 -0.071781 0.010000
v -0.167369 -0.063927 -0.010000
v -0.167369 -0.063927 0.010000
v -0.174971 -0.055551 -0.010000
v -0.174971 -0.055551 0.010000
v -0.181912 -0.046813 -0.010000
v -0.181912 -0.046813 0.010000
v -0.188192 -0.037715 -0.010000
v -0.188192 -0.037715 0.010000
v -0.193810 -0.028256 -0.010000
v -0.193810 -0.028256 0.010000
v -0.198768 -0.018436 -0.010000
v -0.198768 -0.018436 0.010000
v -0.203065 -0.008254 -0.010000
v -0.203065 -0.008254 0.010000
v -0.206700 0.002288 -0.010000
v -0.206700 0.002288 0.010000
v -0.209675 0.013191 -0.010000
v -0.209675 0.013191 0.010000
v -0.211988 0.024456 -0.010000
v -0.211988 0.024456 0.010000
v -0.213641 0.036081 -0.010000
v -0.213641 0.036081 0.010000
v -0.214633 0.048067 -0.010000
v -0.214633 0.048067 0.010000
v -0.214963 0.060414 -0.010000
v -0.214963 0.060414 0.010000
v -0.214795 0.068898 -0.010000
v -0.214795 0.068898 0.010000
v -0.214290 0.077255 -0.010000
v -0.214290 0.077255 0.010000
v -0.213448 0.085485 -0.010000
v -0.213448 0.085485 0.010000
v -0.212270 0.093588 -0.010000
v -0.212270 0.093588 0.010000
v -0.210755 0.101564 -0.010000
v -0.210755 0.101564 0.010000
v -0.208904 0.109413 -0.010000
v -0.208904 0.109413 0.010000
v -0.206716 0.117136 -0.010000
v -0.206716 0.117136 0.010000
v -0.204192 0.124732 -0.010000
v -0.204192 0.124732 0.010000
v -0.201330 0.132201 -0.010000
v -0.201330 0.132201 0.010000
v -0.198133 0.139543 -0.010000
v -0.198133 0.139543 0.010000
v -0.194598 0.146758 -0.010000
v -0.194598 0.146758 0.010000
v -0.190727 0.153846 -0.010000
v -0.190727 0.153846 0.010000
v -0.186561 0.160728 -0.010000
v -0.186561 0.160728 0.010000
v -0.182141 0.167325 -0.010000
v -0.182141 0.167325 0.010000
v -0.177467 0.173637 -0.010000
v -0.177467 0.173637 0.010000
v -0.172540 0.179663 -0.010000
v -0.172540 0.179663 0.010000
v -0.167359 0.185404 -0.010000
v -0.167359 0.185404 0.010000
v -0.161925 0.190859 -0.010000
v -0.161925 0.190859 0.010000
v -0.156237 0.196029 -0.010000
v -0.156237 0.196029 0.010000
v -0.150295 0.200913 -0.010000
v -0.150295 0.200913 0.010000
v -0.144099 0.205512 -0.010000
v -0.144099 0.205512 0.010000
v -0.137650 0.209826 -0.010000
v -0.137650 0.209826 0.010000
v -0.130947 0.213855 -0.010000
v -0.130947 0.213855 0.010000
v -0.123990 0.217597 -0.010000
v -0.123990 0.217597 0.010000
v -0.116755 0.221048 -0.010000
v -0.116755 0.221048 0.010000
v -0.109218 0.224198 -0.010000
v -0.109218 0.224198 0.010000
v -0.101379 0.227048 -0.010000
v -0.101379 0.227048 0.010000
v -0.093237 0.229598 -0.010000
v -0.093237 0.229598 0.010000
v -0.084792 0.231849 -0.010000
v -0.084792 0.231849 0.010000
v -0.076045 0.233799 -0.010000
v -0.076045 0.233799 0.010000
v -0.066995 0.235449 -0.010000
v -0.066995 0.235449 0.010000
v -0.057644 0.236799 -0.010000
v -0.057644 0.236799 0.010000
v -0.047989 0.237849 -0.010000
v -0.047989 0.237849 0.010000
v -0.038032 0.238599 -0.010000
v -0.038032 0.238599 0.010000
v -0.027773 0.239049 -0.010000
v -0.027773 0.239049 0.010000
v -0.017211 0.239199 -0.010000
v -0.017211 0.239199 0.010000
v -0.004544 0.239015 -0.010000
v -0.004544 0.239015 0.010000
v 0.007698 0.238463 -0.010000
v 0.007698 0.238463 0.010000
v 0.019516 0.237542 -0.010000
v 0.019516 0.237542 0.010000
v 0.030910 0.236253 -0.010000
v 0.030910 0.236253 0.010000
v 0.041879 0.234595 -0.010000
v 0.041879 0.234595 0.010000
v 0.052424 0.232569 -0.010000
v 0.052424 0.232569 0.010000
v 0.062544 0.230175 -0.010000
v 0.062544 0.230175 0.010000
v 0.072240 0.227413 -0.010000
v 0.072240 0.227413 0.010000
v 0.081511 0.224282 -0.010000
v 0.081511 0.224282 0.010000
v 0.090358 0.220783 -0.010000
v 0.090358 0.220783 0.010000
v 0.098781 0.216916 -0.010000
v 0.098781 0.216916 0.010000
v 0.106779 0.212680 -0.010000
v 0.106779 0.212680 0.010000
v 0.114435 0.208043 -0.010000
v 0.114435 0.208043 0.010000
v 0.121829 0.202972 -0.010000
v 0.121829 0.202972 0.010000
v 0.128963 0.197467 -0.010000
v 0.128963 0.197467 0.010000
v 0.135835 0.191527 -0.010000
v 0.135835 0.191527 0.010000
v 0.142447 0.185153 -0.010000
v 0.142447 0.185153 0.010000
v 0.148797 0.178346 -0.010000
v 0.148797 0.178346 0.010000
v 0.154886 0.171104 -0.010000
v 0.154886 0.171104 0.010000
v 0.160715 0.163427 -0.010000
v 0.160715 0.163427 0.010000
v 0.166283 0.155317 -0.010000
v 0.166283 0.155317 0.010000
v 0.171589 0.146772 -0.010000
v 0.171589 0.146772 0.010000
v 0.176635 0.137794 -0.010000
v 0.176635 0.137794 0.010000
v 0.181419 0.128381 -0.010000
v 0.181419 0.128381 0.010000
v 0.185879 0.118493 -0.010000
v 0.185879 0.118493 0.010000
v 0.189951 0.108091 -0.010000
v 0.189951 0.108091 0.010000
v 0.193636 0.097175 -0.010000
v 0.193636 0.097175 0.010000
v 0.196932 0.085743 -0.010000
v 0.196932 0.085743 0.010000
v 0.199841 0.073797 -0.010000
v 0.199841 0.073797 0.010000
v 0.202362 0.061337 -0.010000
v 0.202362 0.061337 0.010000
v 0.204495 0.048361 -0.010000
v 0.204495 0.048361 0.010000
v 0.206240 0.034871 -0.010000
v 0.206240 0.034871 0.010000
v 0.207598 0.020866 -0.010000
v 0.207598 0.020866 0.010000
v 0.208568 0.006347 -0.010000
v 0.208568 0.006347 0.010000
v 0.209149 -0.008687 -0.010000
v 0.209149 -0.008687 0.010000
v 0.209343 -0.024236 -0.010000
v 0.209343 -0.024236 0.010000
v 0.208936 -0.046959 -0.010000
v 0.208936 -0.046959 0.010000
v 0.207714 -0.068644 -0.010000
v 0.207714 -0.068644 0.010000
v 0.205677 -0.089294 -0.010000
v 0.205677 -0.089294 0.010000
v 0.202826 -0.108906 -0.010000
v 0.202826 -0.108906 0.010000
v 0.199159 -0.127482 -0.010000
v 0.199159 -0.127482 0.010000
v 0.194679 -0.145021 -0.010000
v 0.194679 -0.145021 0.010000
v 0.189383 -0.161524 -0.010000
v 0.189383 -0.161524 0.010000
v 0.183273 -0.176989 -0.010000
v 0.183273 -0.176989 0.010000
v 0.176348 -0.191419 -0.010000
v 0.176348 -0.191419 0.010000
v 0.168608 -0.204811 -0.010000
v 0.168608 -0.204811 0.010000
v 0.160054 -0.217167 -0.010000
v 0.160054 -0.217167 0.010000
v 0.150685 -0.228486 -0.010000
v 0.150685 -0.228486 0.010000
v 0.140594 -0.238837 -0.010000
v 0.140594 -0.238837 0.010000
v 0.129874 -0.248288 -0.010000
v 0.129874 -0.248288 0.010000
v 0.118524 -0.256838 -0.010000
v 0.118524 -0.256838 0.010000
v 0.106545 -0.264489 -0.010000
v 0.106545 -0.264489 0.010000
v 0.093937 -0.271239 -0.010000
v 0.093937 -0.271239 0.010000
v 0.080699 -0.277090 -0.010000
v 0.080699 -0.277090 0.010000
v 0.066832 -0.282040 -0.010000
v 0.066832 -0.282040 0.010000
v 0.052336 -0.286091 -0.010000
v 0.052336 -0.286091 0.010000
v 0.037210 -0.289241 -0.010000
v 0.037210 -0.289241 0.010000
v 0.021455 -0.291491 -0.010000
v 0.021455 -0.291491 0.010000
v 0.005071 -0.292841 -0.010000
v 0.005071 -0.292841 0.010000
v -0.011942 -0.293291 -0.010000
v -0.011942 -0.293291 0.010000
v -0.022007 -0.293192 -0.010000
v -0.022007 -0.293192 0.010000
v -0.031710 -0.292896 -0.010000
v -0.031710 -0.292896 0.010000
v -0.041052 -0.292402 -0.010000
v -0.041052 -0.292402 0.010000
v -0.050033 -0.291711 -0.010000
v -0.050033 -0.291711 0.010000
v -0.058653 -0.290821 -0.010000
v -0.058653 -0.290821 0.010000
v -0.066913 -0.289735 -0.010000
v -0.066913 -0.289735 0.010000
v -0.074811 -0.288451 -0.010000
v -0.074811 -0.288451 0.010000
v -0.082348 -0.286969 -0.010000
v -0.082348 -0.286969 0.010000
v -0.089524 -0.285289 -0.010000
v -0.089524 -0.285289 0.010000
v -0.096339 -0.283412 -0.010000
v -0.096339 -0.283412 0.010000
v -0.102793 -0.281338 -0.010000
v -0.102793 -0.281338 0.010000
v -0.108887 -0.279066 -0.010000
v -0.108887 -0.279066 0.010000
v -0.114716 -0.276603 -0.010000
v -0.114716 -0.276603 0.010000
v -0.120380 -0.273958 -0.010000
v -0.120380 -0.273958 0.010000
v -0.125878 -0.271130 -0.010000
v -0.125878 -0.271130 0.010000
v -0.131210 -0.268119 -0.010000
v -0.131210 -0.268119 0.010000
v -0.136377 -0.264924 -0.010000
v -0.136377 -0.264924 0.010000
v -0.141377 -0.261547 -0.010000
v -0.141377 -0.261547 0.010000
v -0.146211 -0.257987 -0.010000
v -0.146211 -0.257987 0.010000
v -0.150880 -0.254244 -0.010000
v -0.150880 -0.254244 0.010000
v -0.155383 -0.250318 -0.010000
v -0.155383 -0.250318 0.010000
v -0.159720 -0.246209 -0.010000
v -0.159720 -0.246209 0.010000
v -0.163891 -0.241918 -0.010000
v -0.163891 -0.241918 0.010000
v 0.039340 -0.002459 -0.010000
v 0.039340 -0.002459 0.010000
v 0.042537 0.001361 -0.010000
v 0.042537 0.001361 0.010000
v 0.045457 0.005444 -0.010000
v 0.045457 0.005444 0.010000
v 0.048099 0.009791 -0.010000
v 0.048099 0.009791 0.010000
v 0.050462 0.014401 -0.010000
v 0.050462 0.014401 0.010000
v 0.052548 0.019275 -0.010000
v 0.052548 0.019275 0.010000
v 0.054355 0.024412 -0.010000
v 0.054355 0.024412 0.010000
v 0.055885 0.029812 -0.010000
v 0.055885 0.029812 0.010000
v 0.057136 0.035476 -0.010000
v 0.057136 0.035476 0.010000
v 0.058109 0.041403 -0.010000
v 0.058109 0.041403 0.010000
v 0.058805 0.047594 -0.010000
v 0.058805 0.047594 0.010000
v 0.059222 0.054048 -0.010000
v 0.059222 0.054048 0.010000
v 0.059361 0.060766 -0.010000
v 0.059361 0.060766 0.010000
v 0.059214 0.067606 -0.010000
v 0.059214 0.067606 0.010000
v 0.058775 0.074196 -0.010000
v 0.058775 0.074196 0.010000
v 0.058044 0.080534 -0.010000
v 0.058044 0.080534 0.010000
v 0.057019 0.086621 -0.010000
v 0.057019 0.086621 0.010000
v 0.055702 0.092457 -0.010000
v 0.055702 0.092457 0.010000
v 0.054092 0.098042 -0.010000
v 0.054092 0.098042 0.010000
v 0.052189 0.103375 -0.010000
v 0.052189 0.103375 0.010000
v 0.049994 0.108457 -0.010000
v 0.049994 0.108457 0.010000
v 0.047506 0.113288 -0.010000
v 0.047506 0.113288 0.010000
v 0.044725 0.117868 -0.010000
v 0.044725 0.117868 0.010000
v 0.041652 0.122196 -0.010000
v 0.041652 0.122196 0.010000
v 0.038286 0.126273 -0.010000
v 0.038286 0.126273 0.010000
v 0.034710 0.130060 -0.010000
v 0.034710 0.130060 0.010000
v 0.031007 0.133518 -0.010000
v 0.031007 0.133518 0.010000
v 0.027178 0.136646 -0.010000
v 0.027178 0.136646 0.010000
v 0.023221 0.139445 -0.010000
v 0.023221 0.139445 0.010000
v 0.019138 0.141915 -0.010000
v 0.019138 0.141915 0.010000
v 0.014928 0.144055 -0.010000
v 0.014928 0.144055 0.010000
v 0.010591 0.145866 -0.010000
v 0.010591 0.145866 0.010000
v 0.006127 0.147348 -0.010000
v 0.006127 0.147348 0.010000
v 0.001537 0.148501 -0.010000
v 0.001537 0.148501 0.010000
v -0.003181 0.149324 -0.010000
v -0.003181 0.149324 0.010000
v -0.008025 0.149818 -0.010000
v -0.008025 0.149818 0.010000
v -0.012996 0.149982 -0.010000
v -0.012996 0.149982 0.010000
v -0.017671 0.149834 -0.010000
v -0.017671 0.149834 0.010000
v -0.022211 0.149387 -0.010000
v -0.022211 0.149387 0.010000
v -0.026618 0.148643 -0.010000
v -0.026618 0.148643 0.010000
v -0.030890 0.147602 -0.010000
v -0.030890 0.147602 0.010000
v -0.035028 0.146263 -0.010000
v -0.035028 0.146263 0.010000
v -0.039032 0.144626 -0.010000
v -0.039032 0.144626 0.010000
v -0.042902 0.142692 -0.010000
v -0.042902 0.142692 0.010000
v -0.046638 0.140460 -0.010000
v -0.046638 0.140460 0.010000
v -0.050239 0.137930 -0.010000
v -0.050239 0.137930 0.010000
v -0.053707 0.135103 -0.010000
v -0.053707 0.135103 0.010000
v -0.057040 0.131979 -0.010000
v -0.057040 0.131979 0.010000
v -0.060239 0.128556 -0.010000
v -0.060239 0.128556 0.010000
v -0.063240 0.124837 -0.010000
v -0.063240 0.124837 0.010000
v -0.065981 0.120819 -0.010000
v -0.065981 0.120819 0.010000
v -0.068460 0.116504 -0.010000
v -0.068460 0.116504 0.010000
v -0.070679 0.111892 -0.010000
v -0.070679 0.111892 0.010000
v -0.072636 0.106982 -0.010000
v -0.072636 0.106982 0.010000
v -0.074333 0.101774 -0.010000
v -0.074333 0.101774 0.010000
v -0.075768 0.096268 -0.010000
v -0.075768 0.096268 0.010000
v -0.076943 0.090466 -0.010000
v -0.076943 0.090466 0.010000
v -0.077856 0.084365 -0.010000
v -0.077856 0.084365 0.010000
v -0.078509 0.077967 -0.010000
v -0.078509 0.077967 0.010000
v -0.078900 0.071271 -0.010000
v -0.078900 0.071271 0.010000
v -0.079031 0.064278 -0.010000
v -0.079031 0.064278 0.010000
v -0.078895 0.057219 -0.010000
v -0.078895 0.057219 0.010000
v -0.078489 0.050443 -0.010000
v -0.078489 0.050443 0.010000
v -0.077812 0.043950 -0.010000
v -0.077812 0.043950 0.010000
v -0.076865 0.037740 -0.010000
v -0.076865 0.037740 0.010000
v -0.075646 0.031812 -0.010000
v -0.075646 0.031812 0.010000
v -0.074157 0.026168 -0.010000
v -0.074157 0.026168 0.010000
v -0.072397 0.020807 -0.010000
v -0.072397 0.020807 0.010000
v -0.070366 0.015728 -0.010000
v -0.070366 0.015728 0.010000
v -0.068065 0.010933 -0.010000
v -0.068065 0.010933 0.010000
v -0.065493 0.006420 -0.010000
v -0.065493 0.006420 0.010000
v -0.062650 0.002190 -0.010000
v -0.062650 0.002190 0.010000
v -0.059536 -0.001756 -0.010000
v -0.059536 -0.001756 0.010000
v -0.056220 -0.005403 -0.010000
v -0.056220 -0.005403 0.010000
v -0.052770 -0.008732 -0.010000
v -0.052770 -0.008732 0.010000
v -0.049186 -0.011745 -0.010000
v -0.049186 -0.011745 0.010000
v -0.045467 -0.014440 -0.010000
v -0.045467 -0.014440 0.010000
v -0.041614 -0.016818 -0.010000
v -0.041614 -0.016818 0.010000
v -0.037627 -0.018880 -0.010000
v -0.037627 -0.018880 0.010000
v -0.033506 -0.020624 -0.010000
v -0.033506 -0.020624 0.010000
v -0.029251 -0.022050 -0.010000
v -0.029251 -0.022050 0.010000
v -0.024862 -0.023160 -0.010000
v -0.024862 -0.023160 0.010000
v -0.020338 -0.023953 -0.010000
v -0.020338 -0.023953 0.010000
v -0.015680 -0.024429 -0.010000
v -0.015680 -0.024429 0.010000
v -0.010889 -0.024587 -0.010000
v -0.010889 -0.024587 0.010000
v -0.005925 -0.024434 -0.010000
v -0.005925 -0.024434 0.010000
v -0.001103 -0.023973 -0.010000
v -0.001103 -0.023973 0.010000
v 0.003578 -0.023204 -0.010000
v 0.003578 -0.023204 0.010000
v 0.008118 -0.022129 -0.010000
v 0.008118 -0.022129 0.010000
v 0.012516 -0.020746 -0.010000
v 0.012516 -0.020746 0.010000
v 0.016772 -0.019055 -0.010000
v 0.016772 -0.019055 0.010000
v 0.020887 -0.017057 -0.010000
v 0.020887 -0.017057 0.010000
v 0.024860 -0.014752 -0.010000
v 0.024860 -0.014752 0.010000
v 0.028692 -0.012140 -0.010000
v 0.028692 -0.012140 0.010000
v 0.032383 -0.009220 -0.010000
v 0.032383 -0.009220 0.010000
v 0.035932 -0.005993 -0.010000
v 0.035932 -0.005993 0.010000
vn -0.0000 -0.0000 1.0000
vn -0.0000 -0.0000 -1.0000
vn -0.7835 -0.6213 -0.0000
vn -0.7584 -0.6518 -0.0000
vn -0.8070 -0.5906 -0.0000
vn -0.7836 -0.6213 -0.0000
vn -0.8287 -0.5597 -0.0000
vn -0.8488 -0.5287 -0.0000
vn -0.8673 -0.4978 -0.0000
vn -0.8842 -0.4672 -0.0000
vn -0.8995 -0.4369 -0.0000
vn -0.9134 -0.4071 -0.0000
vn -0.9259 -0.3778 -0.0000
vn -0.9370 -0.3492 -0.0000
vn -0.9470 -0.3213 -0.0000
vn -0.8438 0.5367 -0.0000
vn 0.5828 0.8126 -0.0000
vn -0.8438 0.5366 -0.0000
vn 0.9764 0.2158 -0.0000
vn 0.9685 0.2489 -0.0000
vn 0.9586 0.2847 -0.0000
vn 0.9462 0.3236 -0.0000
vn 0.9308 0.3656 -0.0000
vn 0.9117 0.4109 -0.0000
vn 0.8882 0.4594 -0.0000
vn 0.8596 0.5110 -0.0000
vn 0.8249 0.5653 -0.0000
vn 0.7834 0.6216 -0.0000
vn 0.7342 0.6789 -0.0000
vn 0.6814 0.7319 -0.0000
vn 0.6311 0.7757 -0.0000
vn 0.5811 0.8138 -0.0000
vn 0.5276 0.8495 -0.0000
vn 0.4713 0.8820 -0.0000
vn 0.4126 0.9109 -0.0000
vn 0.3523 0.9359 -0.0000
vn 0.2913 0.9566 -0.0000
vn 0.2304 0.9731 -0.0000
vn 0.1702 0.9854 -0.0000
vn 0.1114 0.9938 -0.0000
vn 0.0547 0.9985 -0.0000
vn -0.0080 1.0000 -0.0000
vn -0.0877 0.9961 -0.0000
vn -0.1792 0.9838 -0.0000
vn -0.2732 0.9620 -0.0000
vn -0.3670 0.9302 -0.0000
vn -0.4578 0.8891 -0.0000
vn -0.5429 0.8398 -0.0000
vn -0.6204 0.7843 -0.0000
vn -0.6890 0.7248 -0.0000
vn -0.7481 0.6635 -0.0000
vn -0.7982 0.6025 -0.0000
vn -0.8397 0.5430 -0.0000
vn -0.8786 0.4775 -0.0000
vn -0.9135 0.4069 -0.0000
vn -0.9385 0.3453 -0.0000
vn -0.9554 0.2953 -0.0000
vn -0.9672 0.2541 -0.0000
vn -0.9755 0.2199 -0.0000
vn -0.9816 0.1912 -0.0000
vn -0.9860 0.1667 -0.0000
vn -0.9893 0.1456 -0.0000
vn -0.9919 0.1273 -0.0000
vn -0.9938 0.1113 -0.0000
vn -0.9953 0.0972 -0.0000
vn -0.4237 -0.9058 -0.0000
vn 0.6988 -0.7153 -0.0000
vn 0.6800 -0.7332 -0.0000
vn 0.6598 -0.7514 -0.0000
vn 0.6384 -0.7697 -0.0000
vn 0.6155 -0.7881 -0.0000
vn 0.5912 -0.8065 -0.0000
vn 0.5655 -0.8248 -0.0000
vn 0.5382 -0.8428 -0.0000
vn 0.5094 -0.8605 -0.0000
vn 0.4790 -0.8778 -0.0000
vn 0.4471 -0.8945 -0.0000
vn 0.4129 -0.9108 -0.0000
vn 0.3764 -0.9265 -0.0000
vn 0.3389 -0.9408 -0.0000
vn 0.3017 -0.9534 -0.0000
vn 0.2648 -0.9643 -0.0000
vn 0.2286 -0.9735 -0.0000
vn 0.1931 -0.9812 -0.0000
vn 0.1584 -0.9874 -0.0000
vn 0.1246 -0.9922 -0.0000
vn 0.0919 -0.9958 -0.0000
vn 0.0602 -0.9982 -0.0000
vn 0.0296 -0.9996 -0.0000
vn -0.0077 -1.0000 -0.0000
vn -0.0610 -0.9981 -0.0000
vn -0.1243 -0.9922 -0.0000
vn -0.1895 -0.9819 -0.0000
vn -0.2558 -0.9667 -0.0000
vn -0.3223 -0.9466 -0.0000
vn -0.3881 -0.9216 -0.0000
vn -0.4520 -0.8920 -0.0000
vn -0.5133 -0.8582 -0.0000
vn -0.5710 -0.8209 -0.0000
vn -0.6247 -0.7809 -0.0000
vn -0.6738 -0.7389 -0.0000
vn -0.7191 -0.6949 -0.0000
vn -0.7622 -0.6474 -0.0000
vn -0.8035 -0.5954 -0.0000
vn -0.8419 -0.5397 -0.0000
vn -0.8767 -0.4810 -0.0000
vn -0.9075 -0.4200 -0.0000
vn -0.9339 -0.3576 -0.0000
vn -0.9556 -0.2948 -0.0000
vn -0.9726 -0.2323 -0.0000
vn -0.9853 -0.1710 -0.0000
vn -0.9937 -0.1116 -0.0000
vn -0.9985 -0.0546 -0.0000
vn -1.0000 -0.0035 -0.0000
vn -0.9992 0.0401 -0.0000
vn -0.9967 0.0810 -0.0000
vn -0.9924 0.1228 -0.0000
vn -0.9862 0.1653 -0.0000
vn -0.9781 0.2081 -0.0000
vn -0.9680 0.2511 -0.0000
vn -0.9558 0.2941 -0.0000
vn -0.9416 0.3367 -0.0000
vn -0.9256 0.3786 -0.0000
vn -0.9077 0.4197 -0.0000
vn -0.8881 0.4597 -0.0000
vn -0.8668 0.4987 -0.0000
vn -0.8433 0.5374 -0.0000
vn -0.8174 0.5760 -0.0000
vn -0.7891 0.6142 -0.0000
vn -0.7585 0.6517 -0.0000
vn -0.7256 0.6881 -0.0000
vn -0.6907 0.7231 -0.0000
vn -0.6540 0.7565 -0.0000
vn -0.6157 0.7880 -0.0000
vn -0.5762 0.8173 -0.0000
vn -0.5357 0.8444 -0.0000
vn -0.4946 0.8691 -0.0000
vn -0.4523 0.8919 -0.0000
vn -0.4082 0.9129 -0.0000
vn -0.3638 0.9315 -0.0000
vn -0.3204 0.9473 -0.0000
vn -0.2783 0.9605 -0.0000
vn -0.2376 0.9714 -0.0000
vn -0.1985 0.9801 -0.0000
vn -0.1612 0.9869 -0.0000
vn -0.1255 0.9921 -0.0000
vn -0.0916 0.9958 -0.0000
vn -0.0595 0.9982 -0.0000
vn -0.0290 0.9996 -0.0000
vn 0.0002 1.0000 -0.0000
vn 0.0298 0.9996 -0.0000
vn 0.0614 0.9981 -0.0000
vn 0.0951 0.9955 -0.0000
vn 0.1309 0.9914 -0.0000
vn 0.1691 0.9856 -0.0000
vn 0.2095 0.9778 -0.0000
vn 0.2522 0.9677 -0.0000
vn 0.2971 0.9549 -0.0000
vn 0.3440 0.9390 -0.0000
vn 0.2970 0.9549 -0.0000
vn 0.3927 0.9197 -0.0000
vn 0.4428 0.8966 -0.0000
vn 0.4932 0.8699 -0.0000
vn 0.5420 0.8404 -0.0000
vn 0.5885 0.8085 -0.0000
vn 0.6327 0.7744 -0.0000
vn 0.6742 0.7385 -0.0000
vn 0.7129 0.7013 -0.0000
vn 0.7486 0.6631 -0.0000
vn 0.7811 0.6243 -0.0000
vn 0.8107 0.5855 -0.0000
vn 0.8372 0.5469 -0.0000
vn 0.8609 0.5089 -0.0000
vn 0.8818 0.4716 -0.0000
vn 0.9017 0.4323 -0.0000
vn 0.9217 0.3880 -0.0000
vn 0.9396 0.3423 -0.0000
vn 0.9544 0.2985 -0.0000
vn 0.9664 0.2569 -0.0000
vn 0.9761 0.2175 -0.0000
vn 0.9836 0.1803 -0.0000
vn 0.9894 0.1453 -0.0000
vn 0.9937 0.1124 -0.0000
vn 0.9967 0.0816 -0.0000
vn 0.9986 0.0527 -0.0000
vn 0.9997 0.0256 -0.0000
vn 1.0000 -0.0027 -0.0000
vn 0.9993 -0.0371 -0.0000
vn 0.9970 -0.0772 -0.0000
vn 0.9926 -0.1210 -0.0000
vn 0.9856 -0.1688 -0.0000
vn 0.9926 -0.1211 -0.0000
vn 0.9754 -0.2207 -0.0000
vn 0.9610 -0.2767 -0.0000
vn 0.9416 -0.3367 -0.0000
vn 0.9164 -0.4003 -0.0000
vn 0.8843 -0.4669 -0.0000
vn 0.8447 -0.5352 -0.0000
vn 0.7970 -0.6040 -0.0000
vn 0.7438 -0.6684 -0.0000
vn 0.6892 -0.7246 -0.0000
vn 0.6320 -0.7750 -0.0000
vn 0.5704 -0.8214 -0.0000
vn 0.5055 -0.8628 -0.0000
vn 0.4384 -0.8988 -0.0000
vn 0.3705 -0.9288 -0.0000
vn 0.3028 -0.9530 -0.0000
vn 0.2366 -0.9716 -0.0000
vn 0.1727 -0.9850 -0.0000
vn 0.1118 -0.9937 -0.0000
vn 0.0543 -0.9985 -0.0000
vn 0.0083 -1.0000 -0.0000
vn -0.0202 -0.9998 -0.0000
vn -0.0417 -0.9991 -0.0000
vn -0.0648 -0.9979 -0.0000
vn -0.0897 -0.9960 -0.0000
vn -0.1165 -0.9932 -0.0000
vn -0.1455 -0.9894 -0.0000
vn -0.1767 -0.9843 -0.0000
vn -0.2104 -0.9776 -0.0000
vn -0.2467 -0.9691 -0.0000
vn -0.2858 -0.9583 -0.0000
vn -0.3278 -0.9448 -0.0000
vn -0.3693 -0.9293 -0.0000
vn -0.4062 -0.9138 -0.0000
vn -0.4404 -0.8978 -0.0000
vn -0.4747 -0.8802 -0.0000
vn -0.5089 -0.8608 -0.0000
vn -0.5429 -0.8398 -0.0000
vn -0.5764 -0.8171 -0.0000
vn -0.6094 -0.7929 -0.0000
vn -0.6415 -0.7671 -0.0000
vn -0.6726 -0.7400 -0.0000
vn -0.7026 -0.7116 -0.0000
vn -0.7313 -0.6821 -0.0000
vn -0.7907 0.6122 -0.0000
vn -0.7438 0.6684 -0.0000
vn -0.8346 0.5509 -0.0000
vn -0.8728 0.4881 -0.0000
vn -0.9052 0.4251 -0.0000
vn -0.9318 0.3629 -0.0000
vn -0.9532 0.3023 -0.0000
vn -0.9697 0.2442 -0.0000
vn -0.9820 0.1889 -0.0000
vn -0.9906 0.1369 -0.0000
vn -0.9961 0.0881 -0.0000
vn -0.9991 0.0426 -0.0000
vn -1.0000 -0.0003 -0.0000
vn -0.9990 -0.0439 -0.0000
vn -0.9959 -0.0906 -0.0000
vn -0.9901 -0.1404 -0.0000
vn -0.9812 -0.1931 -0.0000
vn -0.9686 -0.2487 -0.0000
vn -0.9518 -0.3066 -0.0000
vn -0.9304 -0.3665 -0.0000
vn -0.9040 -0.4275 -0.0000
vn -0.8724 -0.4887 -0.0000
vn -0.8356 -0.5493 -0.0000
vn -0.7938 -0.6082 -0.0000
vn -0.7495 -0.6620 -0.0000
vn -0.7051 -0.7091 -0.0000
vn -0.6579 -0.7531 -0.0000
vn -0.6055 -0.7959 -0.0000
vn -0.5479 -0.8365 -0.0000
vn -0.4857 -0.8741 -0.0000
vn -0.4196 -0.9077 -0.0000
vn -0.3505 -0.9366 -0.0000
vn -0.2795 -0.9602 -0.0000
vn -0.2078 -0.9782 -0.0000
vn -0.1368 -0.9906 -0.0000
vn -0.0673 -0.9977 -0.0000
vn -0.0006 -1.0000 -0.0000
vn 0.0649 -0.9979 -0.0000
vn 0.1322 -0.9912 -0.0000
vn 0.2018 -0.9794 -0.0000
vn 0.2726 -0.9621 -0.0000
vn 0.3434 -0.9392 -0.0000
vn 0.4130 -0.9107 -0.0000
vn 0.4803 -0.8771 -0.0000
vn 0.5442 -0.8390 -0.0000
vn 0.6037 -0.7972 -0.0000
vn 0.6583 -0.7527 -0.0000
vn 0.7076 -0.7066 -0.0000
vn 0.6583 -0.7528 -0.0000
vn 0.7549 -0.6559 -0.0000
vn 0.8028 -0.5962 -0.0000
vn 0.8472 -0.5313 -0.0000
vn 0.8847 -0.4661 -0.0000
vn 0.9156 -0.4021 -0.0000
vn 0.9404 -0.3402 -0.0000
vn 0.9597 -0.2811 -0.0000
vn 0.9743 -0.2254 -0.0000
vn 0.9597 -0.2812 -0.0000
vn 0.9849 -0.1733 -0.0000
vn 0.9922 -0.1248 -0.0000
vn 0.9968 -0.0799 -0.0000
vn 0.9993 -0.0385 -0.0000
vn 1.0000 0.0003 -0.0000
vn 0.9992 0.0395 -0.0000
vn 0.9967 0.0818 -0.0000
vn 0.9919 0.1273 -0.0000
vn 0.9844 0.1762 -0.0000
vn 0.9736 0.2283 -0.0000
vn 0.9589 0.2836 -0.0000
vn 0.9398 0.3417 -0.0000
vn 0.9156 0.4022 -0.0000
vn 0.8857 0.4642 -0.0000
vn 0.8499 0.5269 -0.0000
vn 0.8081 0.5890 -0.0000
vn 0.7629 0.6465 -0.0000
vn 0.7175 0.6966 -0.0000
vn 0.6693 0.7430 -0.0000
vn 0.6155 0.7881 -0.0000
vn 0.5565 0.8309 -0.0000
vn 0.4926 0.8703 -0.0000
vn 0.4248 0.9053 -0.0000
vn 0.3541 0.9352 -0.0000
vn 0.2817 0.9595 -0.0000
vn 0.2090 0.9779 -0.0000
vn 0.1372 0.9905 -0.0000
vn 0.0674 0.9977 -0.0000
vn 0.0011 1.0000 -0.0000
vn -0.0631 0.9980 -0.0000
vn -0.1286 0.9917 -0.0000
vn -0.1964 0.9805 -0.0000
vn -0.2655 0.9641 -0.0000
vn -0.3348 0.9423 -0.0000
vn -0.4032 0.9151 -0.0000
vn -0.4696 0.8829 -0.0000
vn -0.5329 0.8462 -0.0000
vn -0.5922 0.8058 -0.0000
vn -0.6470 0.7625 -0.0000
vn -0.6967 0.7174 -0.0000
vt 0.444444 0.000000
vt 0.450617 0.000000
vt 0.447531 0.000000
vt 0.441358 0.000000
vt 0.453704 0.000000
vt 0.438272 0.000000
vt 0.456790 0.000000
vt 0.435185 0.000000
vt 0.459877 0.000000
vt 0.432099 0.000000
vt 0.462963 0.000000
vt 0.429012 0.000000
vt 0.466049 0.000000
vt 0.425926 0.000000
vt 0.469136 0.000000
vt 0.422839 0.000000
vt 0.472222 0.000000
vt 0.419753 0.000000
vt 0.475309 0.000000
vt 0.416667 0.000000
vt 0.478395 0.000000
vt 0.413580 0.000000
vt 0.410494 0.000000
vt 0.481481 0.000000
vt 0.407407 0.000000
vt 0.484568 0.000000
vt 0.404321 0.000000
vt 0.487654 0.000000
vt 0.401235 0.000000
vt 0.490741 0.000000
vt 0.398148 0.000000
vt 0.493827 0.000000
vt 0.395062 0.000000
vt 0.496914 0.000000
vt 0.391975 0.000000
vt 0.500000 0.000000
vt 0.388889 0.000000
vt 0.385802 0.000000
vt 0.503086 0.000000
vt 0.382716 0.000000
vt 0.506173 0.000000
vt 0.379630 0.000000
vt 0.509259 0.000000
vt 0.376543 0.000000
vt 0.512346 0.000000
vt 0.373457 0.000000
vt 0.515432 0.000000
vt 0.370370 0.000000
vt 0.817901 0.000000
vt 0.820988 0.000000
vt 0.814815 0.000000
vt 0.824074 0.000000
vt 0.811728 0.000000
vt 0.827160 0.000000
vt 0.808642 0.000000
vt 0.830247 0.000000
vt 0.805556 0.000000
vt 0.833333 0.000000
vt 0.802469 0.000000
vt 0.518519 0.000000
vt 0.367284 0.000000
vt 0.836420 0.000000
vt 0.799383 0.000000
vt 0.839506 0.000000
vt 0.796296 0.000000
vt 0.842593 0.000000
vt 0.793210 0.000000
vt 0.845679 0.000000
vt 0.364198 0.000000
vt 0.790123 0.000000
vt 0.848765 0.000000
vt 0.521605 0.000000
vt 0.787037 0.000000
vt 0.851852 0.000000
vt 0.783951 0.000000
vt 0.361111 0.000000
vt 0.854938 0.000000
vt 0.780864 0.000000
vt 0.858025 0.000000
vt 0.524691 0.000000
vt 0.777778 0.000000
vt 0.861111 0.000000
vt 0.358025 0.000000
vt 0.774691 0.000000
vt 0.864198 0.000000
vt 0.527778 0.000000
vt 0.771605 0.000000
vt 0.354938 0.000000
vt 0.867284 0.000000
vt 0.768519 0.000000
vt 0.870370 0.000000
vt 0.351852 0.000000
vt 0.765432 0.000000
vt 0.530864 0.000000
vt 0.873457 0.000000
vt 0.762346 0.000000
vt 0.876543 0.000000
vt 0.348765 0.000000
vt 0.759259 0.000000
vt 0.533951 0.000000
vt 0.879630 0.000000
vt 0.345679 0.000000
vt 0.756173 0.000000
vt 0.882716 0.000000
vt 0.753086 0.000000
vt 0.537037 0.000000
vt 0.342593 0.000000
vt 0.885802 0.000000
vt 0.750000 0.000000
vt 0.888889 0.000000
vt 0.339506 0.000000
vt 0.746914 0.000000
vt 0.540123 0.000000
vt 0.891975 0.000000
vt 0.336420 0.000000
vt 0.743827 0.000000
vt 0.895062 0.000000
vt 0.543210 0.000000
vt 0.740741 0.000000
vt 0.333333 0.000000
vt 0.898148 0.000000
vt 0.737654 0.000000
vt 0.901235 0.000000
vt 0.546296 0.000000
vt 0.330247 0.000000
vt 0.734568 0.000000
vt 0.904321 0.000000
vt 0.731481 0.000000
vt 0.907407 0.000000
vt 0.327161 0.000000
vt 0.728395 0.000000
vt 0.549383 0.000000
vt 0.910494 0.000000
vt 0.725309 0.000000
vt 0.913580 0.000000
vt 0.324074 0.000000
vt 0.722222 0.000000
vt 0.552469 0.000000
vt 0.916667 0.000000
vt 0.719136 0.000000
vt 0.919753 0.000000
vt 0.716049 0.000000
vt 0.320988 0.000000
vt 0.922840 0.000000
vt 0.712963 0.000000
vt 0.925926 0.000000
vt 0.555556 0.000000
vt 0.709877 0.000000
vt 0.317901 0.000000
vt 0.929012 0.000000
vt 0.706790 0.000000
vt 0.932099 0.000000
vt 1.000000 0.000000
vt 0.935185 0.000000
vt 0.996914 0.000000
vt 0.314815 0.000000
vt 0.558642 0.000000
vt 0.938272 0.000000
vt 0.993827 0.000000
vt 0.941358 0.000000
vt 0.990741 0.000000
vt 0.944444 0.000000
vt 0.987654 0.000000
vt 0.947531 0.000000
vt 0.984568 0.000000
vt 0.311728 0.000000
vt 0.950617 0.000000
vt 0.981481 0.000000
vt 0.953704 0.000000
vt 0.978395 0.000000
vt 0.956790 0.000000
vt 0.975309 0.000000
vt 0.959877 0.000000
vt 0.972222 0.000000
vt 0.962963 0.000000
vt 0.969136 0.000000
vt 0.561728 0.000000
vt 0.966049 0.000000
vt 0.308642 0.000000
vt 0.305556 0.000000
vt 0.302469 0.000000
vt 0.188272 0.000000
vt 0.564815 0.000000
vt 0.299383 0.000000
vt 0.191358 0.000000
vt 0.185185 0.000000
vt 0.296296 0.000000
vt 0.194444 0.000000
vt 0.567901 0.000000
vt 0.197531 0.000000
vt 0.293210 0.000000
vt 0.200617 0.000000
vt 0.182099 0.000000
vt 0.203704 0.000000
vt 0.290123 0.000000
vt 0.206790 0.000000
vt 0.209877 0.000000
vt 0.287037 0.000000
vt 0.212963 0.000000
vt 0.179012 0.000000
vt 0.570988 0.000000
vt 0.216049 0.000000
vt 0.283951 0.000000
vt 0.219136 0.000000
vt 0.222222 0.000000
vt 0.280864 0.000000
vt 0.225309 0.000000
vt 0.175926 0.000000
vt 0.228395 0.000000
vt 0.277778 0.000000
vt 0.231481 0.000000
vt 0.234568 0.000000
vt 0.274691 0.000000
vt 0.237654 0.000000
vt 0.240741 0.000000
vt 0.271605 0.000000
vt 0.574074 0.000000
vt 0.243827 0.000000
vt 0.268519 0.000000
vt 0.246914 0.000000
vt 0.250000 0.000000
vt 0.172840 0.000000
vt 0.265432 0.000000
vt 0.253086 0.000000
vt 0.256173 0.000000
vt 0.262346 0.000000
vt 0.259259 0.000000
vt 0.169753 0.000000
vt 0.577160 0.000000
vt 0.166667 0.000000
vt 0.163580 0.000000
vt 0.580247 0.000000
vt 0.160494 0.000000
vt 0.037037 0.000000
vt 0.043210 0.000000
vt 0.040123 0.000000
vt 0.157407 0.000000
vt 0.046296 0.000000
vt 0.049383 0.000000
vt 0.154321 0.000000
vt 0.583333 0.000000
vt 0.052469 0.000000
vt 0.151235 0.000000
vt 0.033951 0.000000
vt 0.055556 0.000000
vt 0.148148 0.000000
vt 0.058642 0.000000
vt 0.030864 0.000000
vt 0.145062 0.000000
vt 0.061728 0.000000
vt 0.586420 0.000000
vt 0.064815 0.000000
vt 0.141975 0.000000
vt 0.027778 0.000000
vt 0.067901 0.000000
vt 0.138889 0.000000
vt 0.070988 0.000000
vt 0.074074 0.000000
vt 0.024691 0.000000
vt 0.135802 0.000000
vt 0.077160 0.000000
vt 0.589506 0.000000
vt 0.080247 0.000000
vt 0.132716 0.000000
vt 0.021605 0.000000
vt 0.083333 0.000000
vt 0.129630 0.000000
vt 0.086420 0.000000
vt 0.089506 0.000000
vt 0.126543 0.000000
vt 0.092593 0.000000
vt 0.018519 0.000000
vt 0.095679 0.000000
vt 0.123457 0.000000
vt 0.098765 0.000000
vt 0.120370 0.000000
vt 0.101852 0.000000
vt 0.104938 0.000000
vt 0.117284 0.000000
vt 0.108025 0.000000
vt 0.592593 0.000000
vt 0.111111 0.000000
vt 0.114198 0.000000
vt 0.015432 0.000000
vt 0.012346 0.000000
vt 0.595679 0.000000
vt 0.009259 0.000000
vt 0.006173 0.000000
vt 0.003086 0.000000
vt 0.598765 0.000000
vt 0.000000 0.000000
vt 0.703704 0.000000
vt 0.601852 0.000000
vt 0.700617 0.000000
vt 0.697531 0.000000
vt 0.604938 0.000000
vt 0.694444 0.000000
vt 0.691358 0.000000
vt 0.608025 0.000000
vt 0.688272 0.000000
vt 0.685185 0.000000
vt 0.611111 0.000000
vt 0.682099 0.000000
vt 0.679012 0.000000
vt 0.675926 0.000000
vt 0.614198 0.000000
vt 0.672840 0.000000
vt 0.669753 0.000000
vt 0.617284 0.000000
vt 0.666667 0.000000
vt 0.663580 0.000000
vt 0.620370 0.000000
vt 0.660494 0.000000
vt 0.657407 0.000000
vt 0.623457 0.000000
vt 0.654321 0.000000
vt 0.651235 0.000000
vt 0.626543 0.000000
vt 0.648148 0.000000
vt 0.645062 0.000000
vt 0.629630 0.000000
vt 0.641975 0.000000
vt 0.638889 0.000000
vt 0.632716 0.000000
vt 0.635802 0.000000
vt 0.004367 1.000000
vt 0.000000 1.000000
vt 0.008734 1.000000
vt 0.004367 0.000000
vt 0.013100 1.000000
vt 0.008734 0.000000
vt 0.017467 1.000000
vt 0.013100 0.000000
vt 0.021834 1.000000
vt 0.017467 0.000000
vt 0.026201 1.000000
vt 0.021834 0.000000
vt 0.030568 1.000000
vt 0.026201 0.000000
vt 0.034934 1.000000
vt 0.030568 0.000000
vt 0.039301 1.000000
vt 0.034934 0.000000
vt 0.043668 1.000000
vt 0.039301 0.000000
vt 0.048035 1.000000
vt 0.043668 0.000000
vt 0.052402 1.000000
vt 0.048035 0.000000
vt 0.056769 1.000000
vt 0.052402 0.000000
vt 0.061135 1.000000
vt 0.056769 0.000000
vt 0.065502 1.000000
vt 0.061135 0.000000
vt 0.069869 1.000000
vt 0.065502 0.000000
vt 0.074236 1.000000
vt 0.069869 0.000000
vt 0.078603 1.000000
vt 0.074236 0.000000
vt 0.082969 1.000000
vt 0.078603 0.000000
vt 0.087336 1.000000
vt 0.082969 0.000000
vt 0.091703 1.000000
vt 0.087336 0.000000
vt 0.096070 1.000000
vt 0.091703 0.000000
vt 0.100437 1.000000
vt 0.096070 0.000000
vt 0.104803 1.000000
vt 0.100437 0.000000
vt 0.109170 1.000000
vt 0.104803 0.000000
vt 0.113537 1.000000
vt 0.109170 0.000000
vt 0.117904 1.000000
vt 0.113537 0.000000
vt 0.122271 1.000000
vt 0.117904 0.000000
vt 0.126638 1.000000
vt 0.122271 0.000000
vt 0.131004 1.000000
vt 0.126638 0.000000
vt 0.135371 1.000000
vt 0.131004 0.000000
vt 0.139738 1.000000
vt 0.135371 0.000000
vt 0.144105 1.000000
vt 0.139738 0.000000
vt 0.148472 1.000000
vt 0.144105 0.000000
vt 0.152838 1.000000
vt 0.148472 0.000000
vt 0.157205 1.000000
vt 0.152838 0.000000
vt 0.161572 1.000000
vt 0.157205 0.000000
vt 0.165939 1.000000
vt 0.161572 0.000000
vt 0.170306 1.000000
vt 0.165939 0.000000
vt 0.174672 1.000000
vt 0.170306 0.000000
vt 0.179039 1.000000
vt 0.174672 0.000000
vt 0.183406 1.000000
vt 0.179039 0.000000
vt 0.187773 1.000000
vt 0.183406 0.000000
vt 0.192140 1.000000
vt 0.187773 0.000000
vt 0.196507 1.000000
vt 0.192140 0.000000
vt 0.200873 1.000000
vt 0.196507 0.000000
vt 0.205240 1.000000
vt 0.200873 0.000000
vt 0.209607 1.000000
vt 0.205240 0.000000
vt 0.213974 1.000000
vt 0.209607 0.000000
vt 0.218341 1.000000
vt 0.213974 0.000000
vt 0.222707 1.000000
vt 0.218341 0.000000
vt 0.227074 1.000000
vt 0.222707 0.000000
vt 0.231441 1.000000
vt 0.227074 0.000000
vt 0.235808 1.000000
vt 0.231441 0.000000
vt 0.240175 1.000000
vt 0.235808 0.000000
vt 0.244541 1.000000
vt 0.240175 0.000000
vt 0.248908 1.000000
vt 0.244541 0.000000
vt 0.253275 1.000000
vt 0.248908 0.000000
vt 0.257642 1.000000
vt 0.253275 0.000000
vt 0.262009 1.000000
vt 0.257642 0.000000
vt 0.266376 1.000000
vt 0.262009 0.000000
vt 0.270742 1.000000
vt 0.266376 0.000000
vt 0.275109 1.000000
vt 0.270742 0.000000
vt 0.279476 1.000000
vt 0.275109 0.000000
vt 0.283843 1.000000
vt 0.279476 0.000000
vt 0.288210 1.000000
vt 0.283843 0.000000
vt 0.292576 1.000000
vt 0.288210 0.000000
vt 0.296943 1.000000
vt 0.292576 0.000000
vt 0.301310 1.000000
vt 0.296943 0.000000
vt 0.305677 1.000000
vt 0.301310 0.000000
vt 0.310044 1.000000
vt 0.305677 0.000000
vt 0.314410 1.000000
vt 0.310044 0.000000
vt 0.318777 1.000000
vt 0.314410 0.000000
vt 0.323144 1.000000
vt 0.318777 0.000000
vt 0.327511 1.000000
vt 0.323144 0.000000
vt 0.331878 1.000000
vt 0.327511 0.000000
vt 0.336245 1.000000
vt 0.331878 0.000000
vt 0.340611 1.000000
vt 0.336245 0.000000
vt 0.344978 1.000000
vt 0.340611 0.000000
vt 0.349345 1.000000
vt 0.344978 0.000000
vt 0.353712 1.000000
vt 0.349345 0.000000
vt 0.358079 1.000000
vt 0.353712 0.000000
vt 0.362445 1.000000
vt 0.358079 0.000000
vt 0.366812 1.000000
vt 0.362445 0.000000
vt 0.371179 1.000000
vt 0.366812 0.000000
vt 0.375546 1.000000
vt 0.371179 0.000000
vt 0.379913 1.000000
vt 0.375546 0.000000
vt 0.384279 1.000000
vt 0.379913 0.000000
vt 0.388646 1.000000
vt 0.384279 0.000000
vt 0.393013 1.000000
vt 0.388646 0.000000
vt 0.397380 1.000000
vt 0.393013 0.000000
vt 0.401747 1.000000
vt 0.397380 0.000000
vt 0.406114 1.000000
vt 0.401747 0.000000
vt 0.410480 1.000000
vt 0.406114 0.000000
vt 0.414847 1.000000
vt 0.410480 0.000000
vt 0.419214 1.000000
vt 0.414847 0.000000
vt 0.423581 1.000000
vt 0.419214 0.000000
vt 0.427948 1.000000
vt 0.423581 0.000000
vt 0.432314 1.000000
vt 0.427948 0.000000
vt 0.436681 1.000000
vt 0.432314 0.000000
vt 0.441048 1.000000
vt 0.436681 0.000000
vt 0.445415 1.000000
vt 0.441048 0.000000
vt 0.449782 1.000000
vt 0.445415 0.000000
vt 0.454148 1.000000
vt 0.449782 0.000000
vt 0.458515 1.000000
vt 0.454148 0.000000
vt 0.462882 1.000000
vt 0.458515 0.000000
vt 0.467249 1.000000
vt 0.462882 0.000000
vt 0.471616 1.000000
vt 0.467249 0.000000
vt 0.475983 1.000000
vt 0.471616 0.000000
vt 0.480349 1.000000
vt 0.475983 0.000000
vt 0.484716 1.000000
vt 0.480349 0.000000
vt 0.489083 1.000000
vt 0.484716 0.000000
vt 0.493450 1.000000
vt 0.489083 0.000000
vt 0.497817 1.000000
vt 0.493450 0.000000
vt 0.502183 1.000000
vt 0.497817 0.000000
vt 0.506550 1.000000
vt 0.502183 0.000000
vt 0.510917 1.000000
vt 0.506550 0.000000
vt 0.515284 1.000000
vt 0.510917 0.000000
vt 0.519651 1.000000
vt 0.515284 0.000000
vt 0.524017 1.000000
vt 0.519651 0.000000
vt 0.528384 1.000000
vt 0.524017 0.000000
vt 0.532751 1.000000
vt 0.528384 0.000000
vt 0.537118 1.000000
vt 0.532751 0.000000
vt 0.541485 1.000000
vt 0.537118 0.000000
vt 0.545852 1.000000
vt 0.541485 0.000000
vt 0.550218 1.000000
vt 0.545852 0.000000
vt 0.554585 1.000000
vt 0.550218 0.000000
vt 0.558952 1.000000
vt 0.554585 0.000000
vt 0.563319 1.000000
vt 0.558952 0.000000
vt 0.567686 1.000000
vt 0.563319 0.000000
vt 0.572052 1.000000
vt 0.567686 0.000000
vt 0.576419 1.000000
vt 0.572052 0.000000
vt 0.580786 1.000000
vt 0.576419 0.000000
vt 0.585153 1.000000
vt 0.580786 0.000000
vt 0.589520 1.000000
vt 0.585153 0.000000
vt 0.593886 1.000000
vt 0.589520 0.000000
vt 0.598253 1.000000
vt 0.593886 0.000000
vt 0.602620 1.000000
vt 0.598253 0.000000
vt 0.606987 1.000000
vt 0.602620 0.000000
vt 0.611354 1.000000
vt 0.606987 0.000000
vt 0.615721 1.000000
vt 0.611354 0.000000
vt 0.620087 1.000000
vt 0.615721 0.000000
vt 0.624454 1.000000
vt 0.620087 0.000000
vt 0.628821 1.000000
vt 0.624454 0.000000
vt 0.633188 1.000000
vt 0.628821 0.000000
vt 0.637555 1.000000
vt 0.633188 0.000000
vt 0.641921 1.000000
vt 0.637555 0.000000
vt 0.646288 1.000000
vt 0.641921 0.000000
vt 0.650655 1.000000
vt 0.646288 0.000000
vt 0.655022 1.000000
vt 0.650655 0.000000
vt 0.659389 1.000000
vt 0.655022 0.000000
vt 0.663755 1.000000
vt 0.659389 0.000000
vt 0.668122 1.000000
vt 0.663755 0.000000
vt 0.672489 1.000000
vt 0.668122 0.000000
vt 0.676856 1.000000
vt 0.672489 0.000000
vt 0.681223 1.000000
vt 0.676856 0.000000
vt 0.685589 1.000000
vt 0.681223 0.000000
vt 0.689956 1.000000
vt 0.685589 0.000000
vt 0.694323 1.000000
vt 0.689956 0.000000
vt 0.698690 1.000000
vt 0.694323 0.000000
vt 0.703057 1.000000
vt 0.698690 0.000000
vt 0.707424 1.000000
vt 0.703057 0.000000
vt 0.711790 1.000000
vt 0.707424 0.000000
vt 0.716157 1.000000
vt 0.711790 0.000000
vt 0.720524 1.000000
vt 0.716157 0.000000
vt 0.724891 1.000000
vt 0.720524 0.000000
vt 0.729258 1.000000
vt 0.724891 0.000000
vt 0.733624 1.000000
vt 0.729258 0.000000
vt 0.737991 1.000000
vt 0.733624 0.000000
vt 0.742358 1.000000
vt 0.737991 0.000000
vt 0.746725 1.000000
vt 0.742358 0.000000
vt 0.751092 1.000000
vt 0.746725 0.000000
vt 0.755459 1.000000
vt 0.751092 0.000000
vt 0.759825 1.000000
vt 0.755459 0.000000
vt 0.764192 1.000000
vt 0.759825 0.000000
vt 0.768559 1.000000
vt 0.764192 0.000000
vt 0.772926 1.000000
vt 0.768559 0.000000
vt 0.777293 1.000000
vt 0.772926 0.000000
vt 0.781659 1.000000
vt 0.777293 0.000000
vt 0.786026 1.000000
vt 0.781659 0.000000
vt 0.790393 1.000000
vt 0.786026 0.000000
vt 0.794760 1.000000
vt 0.790393 0.000000
vt 0.799127 1.000000
vt 0.794760 0.000000
vt 0.803493 1.000000
vt 0.799127 0.000000
vt 0.807860 1.000000
vt 0.803493 0.000000
vt 0.812227 1.000000
vt 0.807860 0.000000
vt 0.816594 1.000000
vt 0.812227 0.000000
vt 0.820961 1.000000
vt 0.816594 0.000000
vt 0.825328 1.000000
vt 0.820961 0.000000
vt 0.829694 1.000000
vt 0.825328 0.000000
vt 0.834061 1.000000
vt 0.829694 0.000000
vt 0.838428 1.000000
vt 0.834061 0.000000
vt 0.842795 1.000000
vt 0.838428 0.000000
vt 0.847162 1.000000
vt 0.842795 0.000000
vt 0.851528 1.000000
vt 0.847162 0.000000
vt 0.855895 1.000000
vt 0.851528 0.000000
vt 0.860262 1.000000
vt 0.855895 0.000000
vt 0.864629 1.000000
vt 0.860262 0.000000
vt 0.868996 1.000000
vt 0.864629 0.000000
vt 0.873362 1.000000
vt 0.868996 0.000000
vt 0.877729 1.000000
vt 0.873362 0.000000
vt 0.882096 1.000000
vt 0.877729 0.000000
vt 0.886463 1.000000
vt 0.882096 0.000000
vt 0.890830 1.000000
vt 0.886463 0.000000
vt 0.895196 1.000000
vt 0.890830 0.000000
vt 0.899563 1.000000
vt 0.895196 0.000000
vt 0.903930 1.000000
vt 0.899563 0.000000
vt 0.908297 1.000000
vt 0.903930 0.000000
vt 0.912664 1.000000
vt 0.908297 0.000000
vt 0.917031 1.000000
vt 0.912664 0.000000
vt 0.921397 1.000000
vt 0.917031 0.000000
vt 0.925764 1.000000
vt 0.921397 0.000000
vt 0.930131 1.000000
vt 0.925764 0.000000
vt 0.934498 1.000000
vt 0.930131 0.000000
vt 0.938865 1.000000
vt 0.934498 0.000000
vt 0.943231 1.000000
vt 0.938865 0.000000
vt 0.947598 1.000000
vt 0.943231 0.000000
vt 0.951965 1.000000
vt 0.947598 0.000000
vt 0.956332 1.000000
vt 0.951965 0.000000
vt 0.960699 1.000000
vt 0.956332 0.000000
vt 0.965065 1.000000
vt 0.960699 0.000000
vt 0.969432 1.000000
vt 0.965065 0.000000
vt 0.973799 1.000000
vt 0.969432 0.000000
vt 0.978166 1.000000
vt 0.973799 0.000000
vt 0.982533 1.000000
vt 0.978166 0.000000
vt 0.986900 1.000000
vt 0.982533 0.000000
vt 0.991266 1.000000
vt 0.986900 0.000000
vt 0.995633 1.000000
vt 0.991266 0.000000
vt 1.000000 1.000000
vt 0.995633 0.000000
vt 0.010417 1.000000
vt 0.020833 1.000000
vt 0.010417 0.000000
vt 0.031250 1.000000
vt 0.020833 0.000000
vt 0.041667 1.000000
vt 0.031250 0.000000
vt 0.052083 1.000000
vt 0.041667 0.000000
vt 0.062500 1.000000
vt 0.052083 0.000000
vt 0.072917 1.000000
vt 0.062500 0.000000
vt 0.083333 1.000000
vt 0.072917 0.000000
vt 0.093750 1.000000
vt 0.104167 1.000000
vt 0.093750 0.000000
vt 0.114583 1.000000
vt 0.104167 0.000000
vt 0.125000 1.000000
vt 0.114583 0.000000
vt 0.135417 1.000000
vt 0.125000 0.000000
vt 0.145833 1.000000
vt 0.135417 0.000000
vt 0.156250 1.000000
vt 0.145833 0.000000
vt 0.166667 1.000000
vt 0.156250 0.000000
vt 0.177083 1.000000
vt 0.187500 1.000000
vt 0.177083 0.000000
vt 0.197917 1.000000
vt 0.187500 0.000000
vt 0.208333 1.000000
vt 0.197917 0.000000
vt 0.218750 1.000000
vt 0.208333 0.000000
vt 0.229167 1.000000
vt 0.218750 0.000000
vt 0.239583 1.000000
vt 0.229167 0.000000
vt 0.250000 1.000000
vt 0.239583 0.000000
vt 0.260417 1.000000
vt 0.270833 1.000000
vt 0.260417 0.000000
vt 0.281250 1.000000
vt 0.270833 0.000000
vt 0.291667 1.000000
vt 0.281250 0.000000
vt 0.302083 1.000000
vt 0.291667 0.000000
vt 0.312500 1.000000
vt 0.302083 0.000000
vt 0.322917 1.000000
vt 0.312500 0.000000
vt 0.333333 1.000000
vt 0.322917 0.000000
vt 0.343750 1.000000
vt 0.354167 1.000000
vt 0.343750 0.000000
vt 0.364583 1.000000
vt 0.354167 0.000000
vt 0.375000 1.000000
vt 0.364583 0.000000
vt 0.385417 1.000000
vt 0.375000 0.000000
vt 0.395833 1.000000
vt 0.385417 0.000000
vt 0.406250 1.000000
vt 0.395833 0.000000
vt 0.416667 1.000000
vt 0.406250 0.000000
vt 0.427083 1.000000
vt 0.437500 1.000000
vt 0.427083 0.000000
vt 0.447917 1.000000
vt 0.437500 0.000000
vt 0.458333 1.000000
vt 0.447917 0.000000
vt 0.468750 1.000000
vt 0.458333 0.000000
vt 0.479167 1.000000
vt 0.468750 0.000000
vt 0.489583 1.000000
vt 0.479167 0.000000
vt 0.500000 1.000000
vt 0.489583 0.000000
vt 0.510417 1.000000
vt 0.520833 1.000000
vt 0.510417 0.000000
vt 0.531250 1.000000
vt 0.520833 0.000000
vt 0.541667 1.000000
vt 0.531250 0.000000
vt 0.552083 1.000000
vt 0.541667 0.000000
vt 0.562500 1.000000
vt 0.552083 0.000000
vt 0.572917 1.000000
vt 0.562500 0.000000
vt 0.583333 1.000000
vt 0.572917 0.000000
vt 0.593750 1.000000
vt 0.604167 1.000000
vt 0.593750 0.000000
vt 0.614583 1.000000
vt 0.604167 0.000000
vt 0.625000 1.000000
vt 0.614583 0.000000
vt 0.635417 1.000000
vt 0.625000 0.000000
vt 0.645833 1.000000
vt 0.635417 0.000000
vt 0.656250 1.000000
vt 0.645833 0.000000
vt 0.666667 1.000000
vt 0.656250 0.000000
vt 0.677083 1.000000
vt 0.687500 1.000000
vt 0.677083 0.000000
vt 0.697917 1.000000
vt 0.687500 0.000000
vt 0.708333 1.000000
vt 0.697917 0.000000
vt 0.718750 1.000000
vt 0.708333 0.000000
vt 0.729167 1.000000
vt 0.718750 0.000000
vt 0.739583 1.000000
vt 0.729167 0.000000
vt 0.750000 1.000000
vt 0.739583 0.000000
vt 0.760417 1.000000
vt 0.770833 1.000000
vt 0.760417 0.000000
vt 0.781250 1.000000
vt 0.770833 0.000000
vt 0.791667 1.000000
vt 0.781250 0.000000
vt 0.802083 1.000000
vt 0.791667 0.000000
vt 0.812500 1.000000
vt 0.802083 0.000000
vt 0.822917 1.000000
vt 0.812500 0.000000
vt 0.833333 1.000000
vt 0.822917 0.000000
vt 0.843750 1.000000
vt 0.854167 1.000000
vt 0.843750 0.000000
vt 0.864583 1.000000
vt 0.854167 0.000000
vt 0.875000 1.000000
vt 0.864583 0.000000
vt 0.885417 1.000000
vt 0.875000 0.000000
vt 0.895833 1.000000
vt 0.885417 0.000000
vt 0.906250 1.000000
vt 0.895833 0.000000
vt 0.916667 1.000000
vt 0.906250 0.000000
vt 0.927083 1.000000
vt 0.937500 1.000000
vt 0.927083 0.000000
vt 0.947917 1.000000
vt 0.937500 0.000000
vt 0.958333 1.000000
vt 0.947917 0.000000
vt 0.968750 1.000000
vt 0.958333 0.000000
vt 0.979167 1.000000
vt 0.968750 0.000000
vt 0.989583 1.000000
vt 0.979167 0.000000
vt 0.989583 0.000000
s 0
usemtl マテリアル
f 145/1/1 147/2/1 146/3/1
f 144/4/1 147/2/1 145/1/1
f 144/4/1 148/5/1 147/2/1
f 143/6/1 148/5/1 144/4/1
f 143/6/1 149/7/1 148/5/1
f 142/8/1 149/7/1 143/6/1
f 142/8/1 150/9/1 149/7/1
f 141/10/1 150/9/1 142/8/1
f 141/10/1 151/11/1 150/9/1
f 140/12/1 151/11/1 141/10/1
f 140/12/1 152/13/1 151/11/1
f 139/14/1 152/13/1 140/12/1
f 139/14/1 153/15/1 152/13/1
f 138/16/1 153/15/1 139/14/1
f 138/16/1 154/17/1 153/15/1
f 137/18/1 154/17/1 138/16/1
f 137/18/1 155/19/1 154/17/1
f 136/20/1 155/19/1 137/18/1
f 136/20/1 156/21/1 155/19/1
f 135/22/1 156/21/1 136/20/1
f 134/23/1 156/21/1 135/22/1
f 134/23/1 157/24/1 156/21/1
f 133/25/1 157/24/1 134/23/1
f 133/25/1 158/26/1 157/24/1
f 132/27/1 158/26/1 133/25/1
f 132/27/1 159/28/1 158/26/1
f 131/29/1 159/28/1 132/27/1
f 131/29/1 160/30/1 159/28/1
f 130/31/1 160/30/1 131/29/1
f 130/31/1 161/32/1 160/30/1
f 129/33/1 161/32/1 130/31/1
f 129/33/1 162/34/1 161/32/1
f 128/35/1 162/34/1 129/33/1
f 128/35/1 163/36/1 162/34/1
f 127/37/1 163/36/1 128/35/1
f 126/38/1 163/36/1 127/37/1
f 126/38/1 164/39/1 163/36/1
f 125/40/1 164/39/1 126/38/1
f 125/40/1 165/41/1 164/39/1
f 124/42/1 165/41/1 125/40/1
f 124/42/1 166/43/1 165/41/1
f 123/44/1 166/43/1 124/42/1
f 123/44/1 167/45/1 166/43/1
f 122/46/1 167/45/1 123/44/1
f 122/46/1 168/47/1 167/45/1
f 121/48/1 266/49/1 122/46/1
f 266/49/1 168/47/1 122/46/1
f 121/48/1 267/50/1 266/49/1
f 265/51/1 168/47/1 266/49/1
f 121/48/1 268/52/1 267/50/1
f 264/53/1 168/47/1 265/51/1
f 121/48/1 269/54/1 268/52/1
f 263/55/1 168/47/1 264/53/1
f 121/48/1 270/56/1 269/54/1
f 262/57/1 168/47/1 263/55/1
f 121/48/1 271/58/1 270/56/1
f 261/59/1 168/47/1 262/57/1
f 261/59/1 169/60/1 168/47/1
f 120/61/1 271/58/1 121/48/1
f 120/61/1 272/62/1 271/58/1
f 260/63/1 169/60/1 261/59/1
f 120/61/1 273/64/1 272/62/1
f 259/65/1 169/60/1 260/63/1
f 120/61/1 274/66/1 273/64/1
f 258/67/1 169/60/1 259/65/1
f 120/61/1 275/68/1 274/66/1
f 119/69/1 275/68/1 120/61/1
f 257/70/1 169/60/1 258/67/1
f 119/69/1 276/71/1 275/68/1
f 257/70/1 170/72/1 169/60/1
f 256/73/1 170/72/1 257/70/1
f 119/69/1 277/74/1 276/71/1
f 255/75/1 170/72/1 256/73/1
f 118/76/1 277/74/1 119/69/1
f 118/76/1 278/77/1 277/74/1
f 254/78/1 170/72/1 255/75/1
f 118/76/1 279/79/1 278/77/1
f 254/78/1 171/80/1 170/72/1
f 253/81/1 171/80/1 254/78/1
f 118/76/1 280/82/1 279/79/1
f 117/83/1 280/82/1 118/76/1
f 252/84/1 171/80/1 253/81/1
f 117/83/1 281/85/1 280/82/1
f 252/84/1 172/86/1 171/80/1
f 251/87/1 172/86/1 252/84/1
f 116/88/1 281/85/1 117/83/1
f 116/88/1 282/89/1 281/85/1
f 250/90/1 172/86/1 251/87/1
f 116/88/1 283/91/1 282/89/1
f 115/92/1 283/91/1 116/88/1
f 249/93/1 172/86/1 250/90/1
f 249/93/1 173/94/1 172/86/1
f 115/92/1 284/95/1 283/91/1
f 248/96/1 173/94/1 249/93/1
f 115/92/1 285/97/1 284/95/1
f 114/98/1 285/97/1 115/92/1
f 247/99/1 173/94/1 248/96/1
f 247/99/1 174/100/1 173/94/1
f 114/98/1 286/101/1 285/97/1
f 113/102/1 286/101/1 114/98/1
f 246/103/1 174/100/1 247/99/1
f 113/102/1 287/104/1 286/101/1
f 245/105/1 174/100/1 246/103/1
f 245/105/1 175/106/1 174/100/1
f 112/107/1 287/104/1 113/102/1
f 112/107/1 288/108/1 287/104/1
f 244/109/1 175/106/1 245/105/1
f 112/107/1 289/110/1 288/108/1
f 111/111/1 289/110/1 112/107/1
f 243/112/1 175/106/1 244/109/1
f 243/112/1 176/113/1 175/106/1
f 111/111/1 290/114/1 289/110/1
f 110/115/1 290/114/1 111/111/1
f 242/116/1 176/113/1 243/112/1
f 110/115/1 291/117/1 290/114/1
f 242/116/1 177/118/1 176/113/1
f 241/119/1 177/118/1 242/116/1
f 109/120/1 291/117/1 110/115/1
f 109/120/1 292/121/1 291/117/1
f 240/122/1 177/118/1 241/119/1
f 109/120/1 293/123/1 292/121/1
f 240/122/1 178/124/1 177/118/1
f 108/125/1 293/123/1 109/120/1
f 239/126/1 178/124/1 240/122/1
f 108/125/1 294/127/1 293/123/1
f 238/128/1 178/124/1 239/126/1
f 108/125/1 295/129/1 294/127/1
f 107/130/1 295/129/1 108/125/1
f 237/131/1 178/124/1 238/128/1
f 237/131/1 179/132/1 178/124/1
f 107/130/1 296/133/1 295/129/1
f 236/134/1 179/132/1 237/131/1
f 107/130/1 297/135/1 296/133/1
f 106/136/1 297/135/1 107/130/1
f 235/137/1 179/132/1 236/134/1
f 235/137/1 180/138/1 179/132/1
f 106/136/1 298/139/1 297/135/1
f 234/140/1 180/138/1 235/137/1
f 106/136/1 299/141/1 298/139/1
f 233/142/1 180/138/1 234/140/1
f 105/143/1 299/141/1 106/136/1
f 105/143/1 300/144/1 299/141/1
f 232/145/1 180/138/1 233/142/1
f 105/143/1 301/146/1 300/144/1
f 232/145/1 181/147/1 180/138/1
f 231/148/1 181/147/1 232/145/1
f 104/149/1 301/146/1 105/143/1
f 104/149/1 302/150/1 301/146/1
f 230/151/1 181/147/1 231/148/1
f 104/149/1 303/152/1 302/150/1
f 325/153/1 181/147/1 230/151/1
f 104/149/1 304/154/1 303/152/1
f 324/155/1 181/147/1 325/153/1
f 103/156/1 304/154/1 104/149/1
f 324/155/1 182/157/1 181/147/1
f 103/156/1 305/158/1 304/154/1
f 323/159/1 182/157/1 324/155/1
f 103/156/1 306/160/1 305/158/1
f 322/161/1 182/157/1 323/159/1
f 103/156/1 307/162/1 306/160/1
f 321/163/1 182/157/1 322/161/1
f 103/156/1 308/164/1 307/162/1
f 320/165/1 182/157/1 321/163/1
f 102/166/1 308/164/1 103/156/1
f 102/166/1 309/167/1 308/164/1
f 319/168/1 182/157/1 320/165/1
f 102/166/1 310/169/1 309/167/1
f 318/170/1 182/157/1 319/168/1
f 102/166/1 311/171/1 310/169/1
f 317/172/1 182/157/1 318/170/1
f 102/166/1 312/173/1 311/171/1
f 316/174/1 182/157/1 317/172/1
f 102/166/1 313/175/1 312/173/1
f 315/176/1 182/157/1 316/174/1
f 315/176/1 183/177/1 182/157/1
f 102/166/1 314/178/1 313/175/1
f 314/178/1 183/177/1 315/176/1
f 102/166/1 183/177/1 314/178/1
f 101/179/1 183/177/1 102/166/1
f 100/180/1 183/177/1 101/179/1
f 99/181/1 183/177/1 100/180/1
f 99/181/1 62/182/1 183/177/1
f 62/182/1 184/183/1 183/177/1
f 98/184/1 62/182/1 99/181/1
f 98/184/1 63/185/1 62/182/1
f 61/186/1 184/183/1 62/182/1
f 97/187/1 63/185/1 98/184/1
f 97/187/1 64/188/1 63/185/1
f 61/186/1 185/189/1 184/183/1
f 97/187/1 65/190/1 64/188/1
f 96/191/1 65/190/1 97/187/1
f 96/191/1 66/192/1 65/190/1
f 60/193/1 185/189/1 61/186/1
f 96/191/1 67/194/1 66/192/1
f 95/195/1 67/194/1 96/191/1
f 95/195/1 68/196/1 67/194/1
f 95/195/1 69/197/1 68/196/1
f 94/198/1 69/197/1 95/195/1
f 94/198/1 70/199/1 69/197/1
f 59/200/1 185/189/1 60/193/1
f 59/200/1 186/201/1 185/189/1
f 94/198/1 71/202/1 70/199/1
f 93/203/1 71/202/1 94/198/1
f 93/203/1 72/204/1 71/202/1
f 93/203/1 73/205/1 72/204/1
f 92/206/1 73/205/1 93/203/1
f 92/206/1 74/207/1 73/205/1
f 58/208/1 186/201/1 59/200/1
f 92/206/1 75/209/1 74/207/1
f 91/210/1 75/209/1 92/206/1
f 91/210/1 76/211/1 75/209/1
f 91/210/1 77/212/1 76/211/1
f 90/213/1 77/212/1 91/210/1
f 90/213/1 78/214/1 77/212/1
f 90/213/1 79/215/1 78/214/1
f 89/216/1 79/215/1 90/213/1
f 58/208/1 187/217/1 186/201/1
f 89/216/1 80/218/1 79/215/1
f 88/219/1 80/218/1 89/216/1
f 88/219/1 81/220/1 80/218/1
f 88/219/1 82/221/1 81/220/1
f 57/222/1 187/217/1 58/208/1
f 87/223/1 82/221/1 88/219/1
f 87/223/1 83/224/1 82/221/1
f 87/223/1 84/225/1 83/224/1
f 86/226/1 84/225/1 87/223/1
f 86/226/1 85/227/1 84/225/1
f 56/228/1 187/217/1 57/222/1
f 56/228/1 188/229/1 187/217/1
f 55/230/1 188/229/1 56/228/1
f 54/231/1 188/229/1 55/230/1
f 54/231/1 189/232/1 188/229/1
f 53/233/1 189/232/1 54/231/1
f 13/234/1 15/235/1 14/236/1
f 52/237/1 189/232/1 53/233/1
f 13/234/1 16/238/1 15/235/1
f 13/234/1 17/239/1 16/238/1
f 51/240/1 189/232/1 52/237/1
f 51/240/1 190/241/1 189/232/1
f 13/234/1 18/242/1 17/239/1
f 50/243/1 190/241/1 51/240/1
f 12/244/1 18/242/1 13/234/1
f 12/244/1 19/245/1 18/242/1
f 49/246/1 190/241/1 50/243/1
f 12/244/1 20/247/1 19/245/1
f 11/248/1 20/247/1 12/244/1
f 48/249/1 190/241/1 49/246/1
f 11/248/1 21/250/1 20/247/1
f 48/249/1 191/251/1 190/241/1
f 11/248/1 22/252/1 21/250/1
f 47/253/1 191/251/1 48/249/1
f 10/254/1 22/252/1 11/248/1
f 10/254/1 23/255/1 22/252/1
f 46/256/1 191/251/1 47/253/1
f 10/254/1 24/257/1 23/255/1
f 10/254/1 25/258/1 24/257/1
f 9/259/1 25/258/1 10/254/1
f 45/260/1 191/251/1 46/256/1
f 9/259/1 26/261/1 25/258/1
f 45/260/1 192/262/1 191/251/1
f 9/259/1 27/263/1 26/261/1
f 44/264/1 192/262/1 45/260/1
f 8/265/1 27/263/1 9/259/1
f 8/265/1 28/266/1 27/263/1
f 43/267/1 192/262/1 44/264/1
f 8/265/1 29/268/1 28/266/1
f 8/265/1 30/269/1 29/268/1
f 42/270/1 192/262/1 43/267/1
f 8/265/1 31/271/1 30/269/1
f 7/272/1 31/271/1 8/265/1
f 7/272/1 32/273/1 31/271/1
f 41/274/1 192/262/1 42/270/1
f 7/272/1 33/275/1 32/273/1
f 40/276/1 192/262/1 41/274/1
f 7/272/1 34/277/1 33/275/1
f 7/272/1 35/278/1 34/277/1
f 39/279/1 192/262/1 40/276/1
f 7/272/1 36/280/1 35/278/1
f 39/279/1 193/281/1 192/262/1
f 7/272/1 37/282/1 36/280/1
f 38/283/1 193/281/1 39/279/1
f 7/272/1 38/283/1 37/282/1
f 7/272/1 193/281/1 38/283/1
f 6/284/1 193/281/1 7/272/1
f 5/285/1 193/281/1 6/284/1
f 5/285/1 194/286/1 193/281/1
f 4/287/1 194/286/1 5/285/1
f 3/288/1 194/286/1 4/287/1
f 2/289/1 194/286/1 3/288/1
f 2/289/1 195/290/1 194/286/1
f 1/291/1 195/290/1 2/289/1
f 229/292/1 195/290/1 1/291/1
f 229/292/1 196/293/1 195/290/1
f 228/294/1 196/293/1 229/292/1
f 227/295/1 196/293/1 228/294/1
f 227/295/1 197/296/1 196/293/1
f 226/297/1 197/296/1 227/295/1
f 225/298/1 197/296/1 226/297/1
f 225/298/1 198/299/1 197/296/1
f 224/300/1 198/299/1 225/298/1
f 223/301/1 198/299/1 224/300/1
f 223/301/1 199/302/1 198/299/1
f 222/303/1 199/302/1 223/301/1
f 221/304/1 199/302/1 222/303/1
f 220/305/1 199/302/1 221/304/1
f 220/305/1 200/306/1 199/302/1
f 219/307/1 200/306/1 220/305/1
f 218/308/1 200/306/1 219/307/1
f 218/308/1 201/309/1 200/306/1
f 217/310/1 201/309/1 218/308/1
f 216/311/1 201/309/1 217/310/1
f 216/311/1 202/312/1 201/309/1
f 215/313/1 202/312/1 216/311/1
f 214/314/1 202/312/1 215/313/1
f 214/314/1 203/315/1 202/312/1
f 213/316/1 203/315/1 214/314/1
f 212/317/1 203/315/1 213/316/1
f 212/317/1 204/318/1 203/315/1
f 211/319/1 204/318/1 212/317/1
f 210/320/1 204/318/1 211/319/1
f 210/320/1 205/321/1 204/318/1
f 209/322/1 205/321/1 210/320/1
f 208/323/1 205/321/1 209/322/1
f 208/323/1 206/324/1 205/321/1
f 207/325/1 206/324/1 208/323/1
f 470/1/2 471/3/2 472/2/2
f 469/4/2 470/1/2 472/2/2
f 469/4/2 472/2/2 473/5/2
f 468/6/2 469/4/2 473/5/2
f 468/6/2 473/5/2 474/7/2
f 467/8/2 468/6/2 474/7/2
f 467/8/2 474/7/2 475/9/2
f 466/10/2 467/8/2 475/9/2
f 466/10/2 475/9/2 476/11/2
f 465/12/2 466/10/2 476/11/2
f 465/12/2 476/11/2 477/13/2
f 464/14/2 465/12/2 477/13/2
f 464/14/2 477/13/2 478/15/2
f 463/16/2 464/14/2 478/15/2
f 463/16/2 478/15/2 479/17/2
f 462/18/2 463/16/2 479/17/2
f 462/18/2 479/17/2 480/19/2
f 461/20/2 462/18/2 480/19/2
f 461/20/2 480/19/2 481/21/2
f 460/22/2 461/20/2 481/21/2
f 459/23/2 460/22/2 481/21/2
f 459/23/2 481/21/2 482/24/2
f 458/25/2 459/23/2 482/24/2
f 458/25/2 482/24/2 483/26/2
f 457/27/2 458/25/2 483/26/2
f 457/27/2 483/26/2 484/28/2
f 456/29/2 457/27/2 484/28/2
f 456/29/2 484/28/2 485/30/2
f 455/31/2 456/29/2 485/30/2
f 455/31/2 485/30/2 486/32/2
f 454/33/2 455/31/2 486/32/2
f 454/33/2 486/32/2 487/34/2
f 453/35/2 454/33/2 487/34/2
f 453/35/2 487/34/2 488/36/2
f 452/37/2 453/35/2 488/36/2
f 451/38/2 452/37/2 488/36/2
f 451/38/2 488/36/2 489/39/2
f 450/40/2 451/38/2 489/39/2
f 450/40/2 489/39/2 490/41/2
f 449/42/2 450/40/2 490/41/2
f 449/42/2 490/41/2 491/43/2
f 448/44/2 449/42/2 491/43/2
f 448/44/2 491/43/2 492/45/2
f 447/46/2 448/44/2 492/45/2
f 447/46/2 492/45/2 493/47/2
f 446/48/2 447/46/2 591/49/2
f 591/49/2 447/46/2 493/47/2
f 446/48/2 591/49/2 592/50/2
f 590/51/2 591/49/2 493/47/2
f 446/48/2 592/50/2 593/52/2
f 589/53/2 590/51/2 493/47/2
f 446/48/2 593/52/2 594/54/2
f 588/55/2 589/53/2 493/47/2
f 446/48/2 594/54/2 595/56/2
f 587/57/2 588/55/2 493/47/2
f 446/48/2 595/56/2 596/58/2
f 586/59/2 587/57/2 493/47/2
f 586/59/2 493/47/2 494/60/2
f 445/61/2 446/48/2 596/58/2
f 445/61/2 596/58/2 597/62/2
f 585/63/2 586/59/2 494/60/2
f 445/61/2 597/62/2 598/64/2
f 584/65/2 585/63/2 494/60/2
f 445/61/2 598/64/2 599/66/2
f 583/67/2 584/65/2 494/60/2
f 445/61/2 599/66/2 600/68/2
f 444/69/2 445/61/2 600/68/2
f 582/70/2 583/67/2 494/60/2
f 444/69/2 600/68/2 601/71/2
f 582/70/2 494/60/2 495/72/2
f 581/73/2 582/70/2 495/72/2
f 444/69/2 601/71/2 602/74/2
f 580/75/2 581/73/2 495/72/2
f 443/76/2 444/69/2 602/74/2
f 443/76/2 602/74/2 603/77/2
f 579/78/2 580/75/2 495/72/2
f 443/76/2 603/77/2 604/79/2
f 579/78/2 495/72/2 496/80/2
f 578/81/2 579/78/2 496/80/2
f 443/76/2 604/79/2 605/82/2
f 442/83/2 443/76/2 605/82/2
f 577/84/2 578/81/2 496/80/2
f 442/83/2 605/82/2 606/85/2
f 577/84/2 496/80/2 497/86/2
f 576/87/2 577/84/2 497/86/2
f 441/88/2 442/83/2 606/85/2
f 441/88/2 606/85/2 607/89/2
f 575/90/2 576/87/2 497/86/2
f 441/88/2 607/89/2 608/91/2
f 440/92/2 441/88/2 608/91/2
f 574/93/2 575/90/2 497/86/2
f 574/93/2 497/86/2 498/94/2
f 440/92/2 608/91/2 609/95/2
f 573/96/2 574/93/2 498/94/2
f 440/92/2 609/95/2 610/97/2
f 439/98/2 440/92/2 610/97/2
f 572/99/2 573/96/2 498/94/2
f 572/99/2 498/94/2 499/100/2
f 439/98/2 610/97/2 611/101/2
f 438/102/2 439/98/2 611/101/2
f 571/103/2 572/99/2 499/100/2
f 438/102/2 611/101/2 612/104/2
f 570/105/2 571/103/2 499/100/2
f 570/105/2 499/100/2 500/106/2
f 437/107/2 438/102/2 612/104/2
f 437/107/2 612/104/2 613/108/2
f 569/109/2 570/105/2 500/106/2
f 437/107/2 613/108/2 614/110/2
f 436/111/2 437/107/2 614/110/2
f 568/112/2 569/109/2 500/106/2
f 568/112/2 500/106/2 501/113/2
f 436/111/2 614/110/2 615/114/2
f 435/115/2 436/111/2 615/114/2
f 567/116/2 568/112/2 501/113/2
f 435/115/2 615/114/2 616/117/2
f 567/116/2 501/113/2 502/118/2
f 566/119/2 567/116/2 502/118/2
f 434/120/2 435/115/2 616/117/2
f 434/120/2 616/117/2 617/121/2
f 565/122/2 566/119/2 502/118/2
f 434/120/2 617/121/2 618/123/2
f 565/122/2 502/118/2 503/124/2
f 433/125/2 434/120/2 618/123/2
f 564/126/2 565/122/2 503/124/2
f 433/125/2 618/123/2 619/127/2
f 563/128/2 564/126/2 503/124/2
f 433/125/2 619/127/2 620/129/2
f 432/130/2 433/125/2 620/129/2
f 562/131/2 563/128/2 503/124/2
f 562/131/2 503/124/2 504/132/2
f 432/130/2 620/129/2 621/133/2
f 561/134/2 562/131/2 504/132/2
f 432/130/2 621/133/2 622/135/2
f 431/136/2 432/130/2 622/135/2
f 560/137/2 561/134/2 504/132/2
f 560/137/2 504/132/2 505/138/2
f 431/136/2 622/135/2 623/139/2
f 559/140/2 560/137/2 505/138/2
f 431/136/2 623/139/2 624/141/2
f 558/142/2 559/140/2 505/138/2
f 430/143/2 431/136/2 624/141/2
f 430/143/2 624/141/2 625/144/2
f 557/145/2 558/142/2 505/138/2
f 430/143/2 625/144/2 626/146/2
f 557/145/2 505/138/2 506/147/2
f 556/148/2 557/145/2 506/147/2
f 429/149/2 430/143/2 626/146/2
f 429/149/2 626/146/2 627/150/2
f 555/151/2 556/148/2 506/147/2
f 429/149/2 627/150/2 628/152/2
f 650/153/2 555/151/2 506/147/2
f 429/149/2 628/152/2 629/154/2
f 649/155/2 650/153/2 506/147/2
f 428/156/2 429/149/2 629/154/2
f 649/155/2 506/147/2 507/157/2
f 428/156/2 629/154/2 630/158/2
f 648/159/2 649/155/2 507/157/2
f 428/156/2 630/158/2 631/160/2
f 647/161/2 648/159/2 507/157/2
f 428/156/2 631/160/2 632/162/2
f 646/163/2 647/161/2 507/157/2
f 428/156/2 632/162/2 633/164/2
f 645/165/2 646/163/2 507/157/2
f 427/166/2 428/156/2 633/164/2
f 427/166/2 633/164/2 634/167/2
f 644/168/2 645/165/2 507/157/2
f 427/166/2 634/167/2 635/169/2
f 643/170/2 644/168/2 507/157/2
f 427/166/2 635/169/2 636/171/2
f 642/172/2 643/170/2 507/157/2
f 427/166/2 636/171/2 637/173/2
f 641/174/2 642/172/2 507/157/2
f 427/166/2 637/173/2 638/175/2
f 640/176/2 641/174/2 507/157/2
f 640/176/2 507/157/2 508/177/2
f 427/166/2 638/175/2 639/178/2
f 639/178/2 640/176/2 508/177/2
f 427/166/2 639/178/2 508/177/2
f 426/179/2 427/166/2 508/177/2
f 425/180/2 426/179/2 508/177/2
f 424/181/2 425/180/2 508/177/2
f 424/181/2 508/177/2 387/182/2
f 387/182/2 508/177/2 509/183/2
f 423/184/2 424/181/2 387/182/2
f 423/184/2 387/182/2 388/185/2
f 386/186/2 387/182/2 509/183/2
f 422/187/2 423/184/2 388/185/2
f 422/187/2 388/185/2 389/188/2
f 386/186/2 509/183/2 510/189/2
f 422/187/2 389/188/2 390/190/2
f 421/191/2 422/187/2 390/190/2
f 421/191/2 390/190/2 391/192/2
f 385/193/2 386/186/2 510/189/2
f 421/191/2 391/192/2 392/194/2
f 420/195/2 421/191/2 392/194/2
f 420/195/2 392/194/2 393/196/2
f 420/195/2 393/196/2 394/197/2
f 419/198/2 420/195/2 394/197/2
f 419/198/2 394/197/2 395/199/2
f 384/200/2 385/193/2 510/189/2
f 384/200/2 510/189/2 511/201/2
f 419/198/2 395/199/2 396/202/2
f 418/203/2 419/198/2 396/202/2
f 418/203/2 396/202/2 397/204/2
f 418/203/2 397/204/2 398/205/2
f 417/206/2 418/203/2 398/205/2
f 417/206/2 398/205/2 399/207/2
f 383/208/2 384/200/2 511/201/2
f 417/206/2 399/207/2 400/209/2
f 416/210/2 417/206/2 400/209/2
f 416/210/2 400/209/2 401/211/2
f 416/210/2 401/211/2 402/212/2
f 415/213/2 416/210/2 402/212/2
f 415/213/2 402/212/2 403/214/2
f 415/213/2 403/214/2 404/215/2
f 414/216/2 415/213/2 404/215/2
f 383/208/2 511/201/2 512/217/2
f 414/216/2 404/215/2 405/218/2
f 413/219/2 414/216/2 405/218/2
f 413/219/2 405/218/2 406/220/2
f 413/219/2 406/220/2 407/221/2
f 382/222/2 383/208/2 512/217/2
f 412/223/2 413/219/2 407/221/2
f 412/223/2 407/221/2 408/224/2
f 412/223/2 408/224/2 409/225/2
f 411/226/2 412/223/2 409/225/2
f 411/226/2 409/225/2 410/227/2
f 381/228/2 382/222/2 512/217/2
f 381/228/2 512/217/2 513/229/2
f 380/230/2 381/228/2 513/229/2
f 379/231/2 380/230/2 513/229/2
f 379/231/2 513/229/2 514/232/2
f 378/233/2 379/231/2 514/232/2
f 338/234/2 339/236/2 340/235/2
f 377/237/2 378/233/2 514/232/2
f 338/234/2 340/235/2 341/238/2
f 338/234/2 341/238/2 342/239/2
f 376/240/2 377/237/2 514/232/2
f 376/240/2 514/232/2 515/241/2
f 338/234/2 342/239/2 343/242/2
f 375/243/2 376/240/2 515/241/2
f 337/244/2 338/234/2 343/242/2
f 337/244/2 343/242/2 344/245/2
f 374/246/2 375/243/2 515/241/2
f 337/244/2 344/245/2 345/247/2
f 336/248/2 337/244/2 345/247/2
f 373/249/2 374/246/2 515/241/2
f 336/248/2 345/247/2 346/250/2
f 373/249/2 515/241/2 516/251/2
f 336/248/2 346/250/2 347/252/2
f 372/253/2 373/249/2 516/251/2
f 335/254/2 336/248/2 347/252/2
f 335/254/2 347/252/2 348/255/2
f 371/256/2 372/253/2 516/251/2
f 335/254/2 348/255/2 349/257/2
f 335/254/2 349/257/2 350/258/2
f 334/259/2 335/254/2 350/258/2
f 370/260/2 371/256/2 516/251/2
f 334/259/2 350/258/2 351/261/2
f 370/260/2 516/251/2 517/262/2
f 334/259/2 351/261/2 352/263/2
f 369/264/2 370/260/2 517/262/2
f 333/265/2 334/259/2 352/263/2
f 333/265/2 352/263/2 353/266/2
f 368/267/2 369/264/2 517/262/2
f 333/265/2 353/266/2 354/268/2
f 333/265/2 354/268/2 355/269/2
f 367/270/2 368/267/2 517/262/2
f 333/265/2 355/269/2 356/271/2
f 332/272/2 333/265/2 356/271/2
f 332/272/2 356/271/2 357/273/2
f 366/274/2 367/270/2 517/262/2
f 332/272/2 357/273/2 358/275/2
f 365/276/2 366/274/2 517/262/2
f 332/272/2 358/275/2 359/277/2
f 332/272/2 359/277/2 360/278/2
f 364/279/2 365/276/2 517/262/2
f 332/272/2 360/278/2 361/280/2
f 364/279/2 517/262/2 518/281/2
f 332/272/2 361/280/2 362/282/2
f 363/283/2 364/279/2 518/281/2
f 332/272/2 362/282/2 363/283/2
f 332/272/2 363/283/2 518/281/2
f 331/284/2 332/272/2 518/281/2
f 330/285/2 331/284/2 518/281/2
f 330/285/2 518/281/2 519/286/2
f 329/287/2 330/285/2 519/286/2
f 328/288/2 329/287/2 519/286/2
f 327/289/2 328/288/2 519/286/2
f 327/289/2 519/286/2 520/290/2
f 326/291/2 327/289/2 520/290/2
f 554/292/2 326/291/2 520/290/2
f 554/292/2 520/290/2 521/293/2
f 553/294/2 554/292/2 521/293/2
f 552/295/2 553/294/2 521/293/2
f 552/295/2 521/293/2 522/296/2
f 551/297/2 552/295/2 522/296/2
f 550/298/2 551/297/2 522/296/2
f 550/298/2 522/296/2 523/299/2
f 549/300/2 550/298/2 523/299/2
f 548/301/2 549/300/2 523/299/2
f 548/301/2 523/299/2 524/302/2
f 547/303/2 548/301/2 524/302/2
f 546/304/2 547/303/2 524/302/2
f 545/305/2 546/304/2 524/302/2
f 545/305/2 524/302/2 525/306/2
f 544/307/2 545/305/2 525/306/2
f 543/308/2 544/307/2 525/306/2
f 543/308/2 525/306/2 526/309/2
f 542/310/2 543/308/2 526/309/2
f 541/311/2 542/310/2 526/309/2
f 541/311/2 526/309/2 527/312/2
f 540/313/2 541/311/2 527/312/2
f 539/314/2 540/313/2 527/312/2
f 539/314/2 527/312/2 528/315/2
f 538/316/2 539/314/2 528/315/2
f 537/317/2 538/316/2 528/315/2
f 537/317/2 528/315/2 529/318/2
f 536/319/2 537/317/2 529/318/2
f 535/320/2 536/319/2 529/318/2
f 535/320/2 529/318/2 530/321/2
f 534/322/2 535/320/2 530/321/2
f 533/323/2 534/322/2 530/321/2
f 533/323/2 530/321/2 531/324/2
f 532/325/2 533/323/2 531/324/2
s 1
f 654/326/3 651/291/4 652/327/4
f 656/328/5 653/329/6 654/326/3
f 658/330/7 655/331/5 656/328/5
f 660/332/8 657/333/7 658/330/7
f 662/334/9 659/335/8 660/332/8
f 664/336/10 661/337/9 662/334/9
f 666/338/11 663/339/10 664/336/10
f 668/340/12 665/341/11 666/338/11
f 670/342/13 667/343/12 668/340/12
f 672/344/14 669/345/13 670/342/13
f 674/346/15 671/347/14 672/344/14
f 676/348/16 673/349/15 674/346/15
f 678/350/17 675/351/18 676/348/16
f 680/352/19 677/353/17 678/350/17
f 682/354/20 679/355/19 680/352/19
f 684/356/21 681/357/20 682/354/20
f 686/358/22 683/359/21 684/356/21
f 688/360/23 685/361/22 686/358/22
f 690/362/24 687/363/23 688/360/23
f 692/364/25 689/365/24 690/362/24
f 694/366/26 691/367/25 692/364/25
f 696/368/27 693/369/26 694/366/26
f 698/370/28 695/371/27 696/368/27
f 700/372/29 697/373/28 698/370/28
f 702/374/30 699/375/29 700/372/29
f 704/376/31 701/377/30 702/374/30
f 706/378/32 703/379/31 704/376/31
f 708/380/33 705/381/32 706/378/32
f 710/382/34 707/383/33 708/380/33
f 712/384/35 709/385/34 710/382/34
f 714/386/36 711/387/35 712/384/35
f 716/388/37 713/389/36 714/386/36
f 718/390/38 715/391/37 716/388/37
f 720/392/39 717/393/38 718/390/38
f 722/394/40 719/395/39 720/392/39
f 724/396/41 721/397/40 722/394/40
f 726/398/42 723/399/41 724/396/41
f 728/400/43 725/401/42 726/398/42
f 730/402/44 727/403/43 728/400/43
f 732/404/45 729/405/44 730/402/44
f 734/406/46 731/407/45 732/404/45
f 736/408/47 733/409/46 734/406/46
f 738/410/48 735/411/47 736/408/47
f 740/412/49 737/413/48 738/410/48
f 742/414/50 739/415/49 740/412/49
f 744/416/51 741/417/50 742/414/50
f 746/418/52 743/419/51 744/416/51
f 748/420/53 745/421/52 746/418/52
f 750/422/54 747/423/53 748/420/53
f 752/424/55 749/425/54 750/422/54
f 754/426/56 751/427/55 752/424/55
f 756/428/57 753/429/56 754/426/56
f 758/430/58 755/431/57 756/428/57
f 760/432/59 757/433/58 758/430/58
f 762/434/60 759/435/59 760/432/59
f 764/436/61 761/437/60 762/434/60
f 766/438/62 763/439/61 764/436/61
f 768/440/63 765/441/62 766/438/62
f 770/442/64 767/443/63 768/440/63
f 772/444/65 769/445/64 770/442/64
f 774/446/66 771/447/65 772/444/65
f 776/448/67 773/449/66 774/446/66
f 778/450/68 775/451/67 776/448/67
f 780/452/69 777/453/68 778/450/68
f 782/454/70 779/455/69 780/452/69
f 784/456/71 781/457/70 782/454/70
f 786/458/72 783/459/71 784/456/71
f 788/460/73 785/461/72 786/458/72
f 790/462/74 787/463/73 788/460/73
f 792/464/75 789/465/74 790/462/74
f 794/466/76 791/467/75 792/464/75
f 796/468/77 793/469/76 794/466/76
f 798/470/78 795/471/77 796/468/77
f 800/472/79 797/473/78 798/470/78
f 802/474/80 799/475/79 800/472/79
f 804/476/81 801/477/80 802/474/80
f 806/478/82 803/479/81 804/476/81
f 808/480/83 805/481/82 806/478/82
f 810/482/84 807/483/83 808/480/83
f 812/484/85 809/485/84 810/482/84
f 814/486/86 811/487/85 812/484/85
f 816/488/87 813/489/86 814/486/86
f 818/490/88 815/491/87 816/488/87
f 820/492/89 817/493/88 818/490/88
f 822/494/90 819/495/89 820/492/89
f 824/496/91 821/497/90 822/494/90
f 826/498/92 823/499/91 824/496/91
f 828/500/93 825/501/92 826/498/92
f 830/502/94 827/503/93 828/500/93
f 832/504/95 829/505/94 830/502/94
f 834/506/96 831/507/95 832/504/95
f 836/508/97 833/509/96 834/506/96
f 838/510/98 835/511/97 836/508/97
f 840/512/99 837/513/98 838/510/98
f 842/514/100 839/515/99 840/512/99
f 844/516/101 841/517/100 842/514/100
f 846/518/102 843/519/101 844/516/101
f 848/520/103 845/521/102 846/518/102
f 850/522/104 847/523/103 848/520/103
f 852/524/105 849/525/104 850/522/104
f 854/526/106 851/527/105 852/524/105
f 856/528/107 853/529/106 854/526/106
f 858/530/108 855/531/107 856/528/107
f 860/532/109 857/533/108 858/530/108
f 862/534/110 859/535/109 860/532/109
f 864/536/111 861/537/110 862/534/110
f 866/538/112 863/539/111 864/536/111
f 868/540/113 865/541/112 866/538/112
f 870/542/114 867/543/113 868/540/113
f 872/544/115 869/545/114 870/542/114
f 874/546/116 871/547/115 872/544/115
f 876/548/117 873/549/116 874/546/116
f 878/550/118 875/551/117 876/548/117
f 880/552/119 877/553/118 878/550/118
f 882/554/120 879/555/119 880/552/119
f 884/556/121 881/557/120 882/554/120
f 886/558/122 883/559/121 884/556/121
f 888/560/123 885/561/122 886/558/122
f 890/562/124 887/563/123 888/560/123
f 892/564/125 889/565/124 890/562/124
f 894/566/126 891/567/125 892/564/125
f 896/568/127 893/569/126 894/566/126
f 898/570/128 895/571/127 896/568/127
f 900/572/129 897/573/128 898/570/128
f 902/574/130 899/575/129 900/572/129
f 904/576/131 901/577/130 902/574/130
f 906/578/132 903/579/131 904/576/131
f 908/580/133 905/581/132 906/578/132
f 910/582/134 907/583/133 908/580/133
f 912/584/135 909/585/134 910/582/134
f 914/586/136 911/587/135 912/584/135
f 916/588/137 913/589/136 914/586/136
f 918/590/138 915/591/137 916/588/137
f 920/592/139 917/593/138 918/590/138
f 922/594/140 919/595/139 920/592/139
f 924/596/141 921/597/140 922/594/140
f 926/598/142 923/599/141 924/596/141
f 928/600/143 925/601/142 926/598/142
f 930/602/144 927/603/143 928/600/143
f 932/604/145 929/605/144 930/602/144
f 934/606/146 931/607/145 932/604/145
f 936/608/147 933/609/146 934/606/146
f 938/610/148 935/611/147 936/608/147
f 940/612/149 937/613/148 938/610/148
f 942/614/150 939/615/149 940/612/149
f 944/616/151 941/617/150 942/614/150
f 946/618/152 943/619/151 944/616/151
f 948/620/153 945/621/152 946/618/152
f 950/622/154 947/623/153 948/620/153
f 952/624/155 949/625/154 950/622/154
f 954/626/156 951/627/155 952/624/155
f 956/628/157 953/629/156 954/626/156
f 958/630/158 955/631/157 956/628/157
f 960/632/159 957/633/160 958/630/158
f 962/634/161 959/635/159 960/632/159
f 964/636/162 961/637/161 962/634/161
f 966/638/163 963/639/162 964/636/162
f 968/640/164 965/641/163 966/638/163
f 970/642/165 967/643/164 968/640/164
f 972/644/166 969/645/165 970/642/165
f 974/646/167 971/647/166 972/644/166
f 976/648/168 973/649/167 974/646/167
f 978/650/169 975/651/168 976/648/168
f 980/652/170 977/653/169 978/650/169
f 982/654/171 979/655/170 980/652/170
f 984/656/172 981/657/171 982/654/171
f 986/658/173 983/659/172 984/656/172
f 988/660/174 985/661/173 986/658/173
f 990/662/175 987/663/174 988/660/174
f 992/664/176 989/665/175 990/662/175
f 994/666/177 991/667/176 992/664/176
f 996/668/178 993/669/177 994/666/177
f 998/670/179 995/671/178 996/668/178
f 1000/672/180 997/673/179 998/670/179
f 1002/674/181 999/675/180 1000/672/180
f 1004/676/182 1001/677/181 1002/674/181
f 1006/678/183 1003/679/182 1004/676/182
f 1008/680/184 1005/681/183 1006/678/183
f 1010/682/185 1007/683/184 1008/680/184
f 1012/684/186 1009/685/185 1010/682/185
f 1014/686/187 1011/687/186 1012/684/186
f 1016/688/188 1013/689/187 1014/686/187
f 1018/690/189 1015/691/188 1016/688/188
f 1020/692/190 1017/693/189 1018/690/189
f 1022/694/191 1019/695/192 1020/692/190
f 1024/696/193 1021/697/191 1022/694/191
f 1026/698/194 1023/699/193 1024/696/193
f 1028/700/195 1025/701/194 1026/698/194
f 1030/702/196 1027/703/195 1028/700/195
f 1032/704/197 1029/705/196 1030/702/196
f 1034/706/198 1031/707/197 1032/704/197
f 1036/708/199 1033/709/198 1034/706/198
f 1038/710/200 1035/711/199 1036/708/199
f 1040/712/201 1037/713/200 1038/710/200
f 1042/714/202 1039/715/201 1040/712/201
f 1044/716/203 1041/717/202 1042/714/202
f 1046/718/204 1043/719/203 1044/716/203
f 1048/720/205 1045/721/204 1046/718/204
f 1050/722/206 1047/723/205 1048/720/205
f 1052/724/207 1049/725/206 1050/722/206
f 1054/726/208 1051/727/207 1052/724/207
f 1056/728/209 1053/729/208 1054/726/208
f 1058/730/210 1055/731/209 1056/728/209
f 1060/732/211 1057/733/210 1058/730/210
f 1062/734/212 1059/735/211 1060/732/211
f 1064/736/213 1061/737/212 1062/734/212
f 1066/738/214 1063/739/213 1064/736/213
f 1068/740/215 1065/741/214 1066/738/214
f 1070/742/216 1067/743/215 1068/740/215
f 1072/744/217 1069/745/216 1070/742/216
f 1074/746/218 1071/747/217 1072/744/217
f 1076/748/219 1073/749/218 1074/746/218
f 1078/750/220 1075/751/219 1076/748/219
f 1080/752/221 1077/753/220 1078/750/220
f 1082/754/222 1079/755/221 1080/752/221
f 1084/756/223 1081/757/222 1082/754/222
f 1086/758/224 1083/759/223 1084/756/223
f 1088/760/225 1085/761/224 1086/758/224
f 1090/762/226 1087/763/225 1088/760/225
f 1092/764/227 1089/765/226 1090/762/226
f 1094/766/228 1091/767/227 1092/764/227
f 1096/768/229 1093/769/228 1094/766/228
f 1098/770/230 1095/771/229 1096/768/229
f 1100/772/231 1097/773/230 1098/770/230
f 1102/774/232 1099/775/231 1100/772/231
f 1104/776/233 1101/777/232 1102/774/232
f 1106/778/234 1103/779/233 1104/776/233
f 1108/780/235 1105/781/234 1106/778/234
f 652/782/4 1107/783/235 1108/780/235
f 1112/784/236 1109/291/237 1110/327/237
f 1114/785/238 1111/786/236 1112/784/236
f 1116/787/239 1113/788/238 1114/785/238
f 1118/789/240 1115/790/239 1116/787/239
f 1120/791/241 1117/792/240 1118/789/240
f 1122/793/242 1119/794/241 1120/791/241
f 1124/795/243 1121/796/242 1122/793/242
f 1126/797/244 1123/798/243 1124/795/243
f 1128/799/245 1125/266/244 1126/797/244
f 1130/800/246 1127/801/245 1128/799/245
f 1132/802/247 1129/803/246 1130/800/246
f 1134/804/248 1131/805/247 1132/802/247
f 1136/806/249 1133/807/248 1134/804/248
f 1138/808/250 1135/809/249 1136/806/249
f 1140/810/251 1137/811/250 1138/808/250
f 1142/812/252 1139/813/251 1140/810/251
f 1144/814/253 1141/230/252 1142/812/252
f 1146/815/254 1143/816/253 1144/814/253
f 1148/817/255 1145/818/254 1146/815/254
f 1150/819/256 1147/820/255 1148/817/255
f 1152/821/257 1149/822/256 1150/819/256
f 1154/823/258 1151/824/257 1152/821/257
f 1156/825/259 1153/826/258 1154/823/258
f 1158/827/260 1155/828/259 1156/825/259
f 1160/829/261 1157/221/260 1158/827/260
f 1162/830/262 1159/831/261 1160/829/261
f 1164/832/263 1161/833/262 1162/830/262
f 1166/834/264 1163/835/263 1164/832/263
f 1168/836/265 1165/837/264 1166/834/264
f 1170/838/266 1167/839/265 1168/836/265
f 1172/840/267 1169/841/266 1170/838/266
f 1174/842/268 1171/843/267 1172/840/267
f 1176/844/269 1173/120/268 1174/842/268
f 1178/845/270 1175/846/269 1176/844/269
f 1180/847/271 1177/848/270 1178/845/270
f 1182/849/272 1179/850/271 1180/847/271
f 1184/851/273 1181/852/272 1182/849/272
f 1186/853/274 1183/854/273 1184/851/273
f 1188/855/275 1185/856/274 1186/853/274
f 1190/857/276 1187/858/275 1188/855/275
f 1192/859/277 1189/20/276 1190/857/276
f 1194/860/278 1191/861/277 1192/859/277
f 1196/862/279 1193/863/278 1194/860/278
f 1198/864/280 1195/865/279 1196/862/279
f 1200/866/281 1197/867/280 1198/864/280
f 1202/868/282 1199/869/281 1200/866/281
f 1204/870/283 1201/871/284 1202/868/282
f 1206/872/285 1203/873/283 1204/870/283
f 1208/874/286 1205/36/285 1206/872/285
f 1210/875/287 1207/876/286 1208/874/286
f 1212/877/288 1209/878/287 1210/875/287
f 1214/879/289 1211/880/288 1212/877/288
f 1216/881/290 1213/882/289 1214/879/289
f 1218/883/291 1215/884/290 1216/881/290
f 1220/885/292 1217/886/293 1218/883/291
f 1222/887/294 1219/888/292 1220/885/292
f 1224/889/295 1221/241/294 1222/887/294
f 1226/890/296 1223/891/295 1224/889/295
f 1228/892/297 1225/893/296 1226/890/296
f 1230/894/298 1227/895/297 1228/892/297
f 1232/896/299 1229/897/298 1230/894/298
f 1234/898/300 1231/899/299 1232/896/299
f 1236/900/301 1233/901/300 1234/898/300
f 1238/902/302 1235/903/301 1236/900/301
f 1240/904/303 1237/310/302 1238/902/302
f 1242/905/304 1239/906/303 1240/904/303
f 1244/907/305 1241/908/304 1242/905/304
f 1246/909/306 1243/910/305 1244/907/305
f 1248/911/307 1245/912/306 1246/909/306
f 1250/913/308 1247/914/307 1248/911/307
f 1252/915/309 1249/916/308 1250/913/308
f 1254/917/310 1251/918/309 1252/915/309
f 1256/919/311 1253/109/310 1254/917/310
f 1258/920/312 1255/921/311 1256/919/311
f 1260/922/313 1257/923/312 1258/920/312
f 1262/924/314 1259/925/313 1260/922/313
f 1264/926/315 1261/927/314 1262/924/314
f 1266/928/316 1263/929/315 1264/926/315
f 1268/930/317 1265/931/316 1266/928/316
f 1270/932/318 1267/933/317 1268/930/317
f 1272/934/319 1269/58/318 1270/932/318
f 1274/935/320 1271/936/319 1272/934/319
f 1276/937/321 1273/938/320 1274/935/320
f 1278/939/322 1275/940/321 1276/937/321
f 1280/941/323 1277/942/322 1278/939/322
f 1282/943/324 1279/944/323 1280/941/323
f 1284/945/325 1281/946/324 1282/943/324
f 1286/947/326 1283/948/325 1284/945/325
f 1288/949/327 1285/139/326 1286/947/326
f 1290/950/328 1287/951/327 1288/949/327
f 1292/952/329 1289/953/328 1290/950/328
f 1294/954/330 1291/955/329 1292/952/329
f 1296/956/331 1293/957/330 1294/954/330
f 1298/958/332 1295/959/331 1296/956/331
f 1300/960/333 1297/961/332 1298/958/332
f 1110/782/237 1299/962/333 1300/960/333
f 654/326/3 653/329/6 651/291/4
f 656/328/5 655/331/5 653/329/6
f 658/330/7 657/333/7 655/331/5
f 660/332/8 659/335/8 657/333/7
f 662/334/9 661/337/9 659/335/8
f 664/336/10 663/339/10 661/337/9
f 666/338/11 665/341/11 663/339/10
f 668/340/12 667/343/12 665/341/11
f 670/342/13 669/345/13 667/343/12
f 672/344/14 671/347/14 669/345/13
f 674/346/15 673/349/15 671/347/14
f 676/348/16 675/351/18 673/349/15
f 678/350/17 677/353/17 675/351/18
f 680/352/19 679/355/19 677/353/17
f 682/354/20 681/357/20 679/355/19
f 684/356/21 683/359/21 681/357/20
f 686/358/22 685/361/22 683/359/21
f 688/360/23 687/363/23 685/361/22
f 690/362/24 689/365/24 687/363/23
f 692/364/25 691/367/25 689/365/24
f 694/366/26 693/369/26 691/367/25
f 696/368/27 695/371/27 693/369/26
f 698/370/28 697/373/28 695/371/27
f 700/372/29 699/375/29 697/373/28
f 702/374/30 701/377/30 699/375/29
f 704/376/31 703/379/31 701/377/30
f 706/378/32 705/381/32 703/379/31
f 708/380/33 707/383/33 705/381/32
f 710/382/34 709/385/34 707/383/33
f 712/384/35 711/387/35 709/385/34
f 714/386/36 713/389/36 711/387/35
f 716/388/37 715/391/37 713/389/36
f 718/390/38 717/393/38 715/391/37
f 720/392/39 719/395/39 717/393/38
f 722/394/40 721/397/40 719/395/39
f 724/396/41 723/399/41 721/397/40
f 726/398/42 725/401/42 723/399/41
f 728/400/43 727/403/43 725/401/42
f 730/402/44 729/405/44 727/403/43
f 732/404/45 731/407/45 729/405/44
f 734/406/46 733/409/46 731/407/45
f 736/408/47 735/411/47 733/409/46
f 738/410/48 737/413/48 735/411/47
f 740/412/49 739/415/49 737/413/48
f 742/414/50 741/417/50 739/415/49
f 744/416/51 743/419/51 741/417/50
f 746/418/52 745/421/52 743/419/51
f 748/420/53 747/423/53 745/421/52
f 750/422/54 749/425/54 747/423/53
f 752/424/55 751/427/55 749/425/54
f 754/426/56 753/429/56 751/427/55
f 756/428/57 755/431/57 753/429/56
f 758/430/58 757/433/58 755/431/57
f 760/432/59 759/435/59 757/433/58
f 762/434/60 761/437/60 759/435/59
f 764/436/61 763/439/61 761/437/60
f 766/438/62 765/441/62 763/439/61
f 768/440/63 767/443/63 765/441/62
f 770/442/64 769/445/64 767/443/63
f 772/444/65 771/447/65 769/445/64
f 774/446/66 773/449/66 771/447/65
f 776/448/67 775/451/67 773/449/66
f 778/450/68 777/453/68 775/451/67
f 780/452/69 779/455/69 777/453/68
f 782/454/70 781/457/70 779/455/69
f 784/456/71 783/459/71 781/457/70
f 786/458/72 785/461/72 783/459/71
f 788/460/73 787/463/73 785/461/72
f 790/462/74 789/465/74 787/463/73
f 792/464/75 791/467/75 789/465/74
f 794/466/76 793/469/76 791/467/75
f 796/468/77 795/471/77 793/469/76
f 798/470/78 797/473/78 795/471/77
f 800/472/79 799/475/79 797/473/78
f 802/474/80 801/477/80 799/475/79
f 804/476/81 803/479/81 801/477/80
f 806/478/82 805/481/82 803/479/81
f 808/480/83 807/483/83 805/481/82
f 810/482/84 809/485/84 807/483/83
f 812/484/85 811/487/85 809/485/84
f 814/486/86 813/489/86 811/487/85
f 816/488/87 815/491/87 813/489/86
f 818/490/88 817/493/88 815/491/87
f 820/492/89 819/495/89 817/493/88
f 822/494/90 821/497/90 819/495/89
f 824/496/91 823/499/91 821/497/90
f 826/498/92 825/501/92 823/499/91
f 828/500/93 827/503/93 825/501/92
f 830/502/94 829/505/94 827/503/93
f 832/504/95 831/507/95 829/505/94
f 834/506/96 833/509/96 831/507/95
f 836/508/97 835/511/97 833/509/96
f 838/510/98 837/513/98 835/511/97
f 840/512/99 839/515/99 837/513/98
f 842/514/100 841/517/100 839/515/99
f 844/516/101 843/519/101 841/517/100
f 846/518/102 845/521/102 843/519/101
f 848/520/103 847/523/103 845/521/102
f 850/522/104 849/525/104 847/523/103
f 852/524/105 851/527/105 849/525/104
f 854/526/106 853/529/106 851/527/105
f 856/528/107 855/531/107 853/529/106
f 858/530/108 857/533/108 855/531/107
f 860/532/109 859/535/109 857/533/108
f 862/534/110 861/537/110 859/535/109
f 864/536/111 863/539/111 861/537/110
f 866/538/112 865/541/112 863/539/111
f 868/540/113 867/543/113 865/541/112
f 870/542/114 869/545/114 867/543/113
f 872/544/115 871/547/115 869/545/114
f 874/546/116 873/549/116 871/547/115
f 876/548/117 875/551/117 873/549/116
f 878/550/118 877/553/118 875/551/117
f 880/552/119 879/555/119 877/553/118
f 882/554/120 881/557/120 879/555/119
f 884/556/121 883/559/121 881/557/120
f 886/558/122 885/561/122 883/559/121
f 888/560/123 887/563/123 885/561/122
f 890/562/124 889/565/124 887/563/123
f 892/564/125 891/567/125 889/565/124
f 894/566/126 893/569/126 891/567/125
f 896/568/127 895/571/127 893/569/126
f 898/570/128 897/573/128 895/571/127
f 900/572/129 899/575/129 897/573/128
f 902/574/130 901/577/130 899/575/129
f 904/576/131 903/579/131 901/577/130
f 906/578/132 905/581/132 903/579/131
f 908/580/133 907/583/133 905/581/132
f 910/582/134 909/585/134 907/583/133
f 912/584/135 911/587/135 909/585/134
f 914/586/136 913/589/136 911/587/135
f 916/588/137 915/591/137 913/589/136
f 918/590/138 917/593/138 915/591/137
f 920/592/139 919/595/139 917/593/138
f 922/594/140 921/597/140 919/595/139
f 924/596/141 923/599/141 921/597/140
f 926/598/142 925/601/142 923/599/141
f 928/600/143 927/603/143 925/601/142
f 930/602/144 929/605/144 927/603/143
f 932/604/145 931/607/145 929/605/144
f 934/606/146 933/609/146 931/607/145
f 936/608/147 935/611/147 933/609/146
f 938/610/148 937/613/148 935/611/147
f 940/612/149 939/615/149 937/613/148
f 942/614/150 941/617/150 939/615/149
f 944/616/151 943/619/151 941/617/150
f 946/618/152 945/621/152 943/619/151
f 948/620/153 947/623/153 945/621/152
f 950/622/154 949/625/154 947/623/153
f 952/624/155 951/627/155 949/625/154
f 954/626/156 953/629/156 951/627/155
f 956/628/157 955/631/157 953/629/156
f 958/630/158 957/633/160 955/631/157
f 960/632/159 959/635/159 957/633/160
f 962/634/161 961/637/161 959/635/159
f 964/636/162 963/639/162 961/637/161
f 966/638/163 965/641/163 963/639/162
f 968/640/164 967/643/164 965/641/163
f 970/642/165 969/645/165 967/643/164
f 972/644/166 971/647/166 969/645/165
f 974/646/167 973/649/167 971/647/166
f 976/648/168 975/651/168 973/649/167
f 978/650/169 977/653/169 975/651/168
f 980/652/170 979/655/170 977/653/169
f 982/654/171 981/657/171 979/655/170
f 984/656/172 983/659/172 981/657/171
f 986/658/173 985/661/173 983/659/172
f 988/660/174 987/663/174 985/661/173
f 990/662/175 989/665/175 987/663/174
f 992/664/176 991/667/176 989/665/175
f 994/666/177 993/669/177 991/667/176
f 996/668/178 995/671/178 993/669/177
f 998/670/179 997/673/179 995/671/178
f 1000/672/180 999/675/180 997/673/179
f 1002/674/181 1001/677/181 999/675/180
f 1004/676/182 1003/679/182 1001/677/181
f 1006/678/183 1005/681/183 1003/679/182
f 1008/680/184 1007/683/184 1005/681/183
f 1010/682/185 1009/685/185 1007/683/184
f 1012/684/186 1011/687/186 1009/685/185
f 1014/686/187 1013/689/187 1011/687/186
f 1016/688/188 1015/691/188 1013/689/187
f 1018/690/189 1017/693/189 1015/691/188
f 1020/692/190 1019/695/192 1017/693/189
f 1022/694/191 1021/697/191 1019/695/192
f 1024/696/193 1023/699/193 1021/697/191
f 1026/698/194 1025/701/194 1023/699/193
f 1028/700/195 1027/703/195 1025/701/194
f 1030/702/196 1029/705/196 1027/703/195
f 1032/704/197 1031/707/197 1029/705/196
f 1034/706/198 1033/709/198 1031/707/197
f 1036/708/199 1035/711/199 1033/709/198
f 1038/710/200 1037/713/200 1035/711/199
f 1040/712/201 1039/715/201 1037/713/200
f 1042/714/202 1041/717/202 1039/715/201
f 1044/716/203 1043/719/203 1041/717/202
f 1046/718/204 1045/721/204 1043/719/203
f 1048/720/205 1047/723/205 1045/721/204
f 1050/722/206 1049/725/206 1047/723/205
f 1052/724/207 1051/727/207 1049/725/206
f 1054/726/208 1053/729/208 1051/727/207
f 1056/728/209 1055/731/209 1053/729/208
f 1058/730/210 1057/733/210 1055/731/209
f 1060/732/211 1059/735/211 1057/733/210
f 1062/734/212 1061/737/212 1059/735/211
f 1064/736/213 1063/739/213 1061/737/212
f 1066/738/214 1065/741/214 1063/739/213
f 1068/740/215 1067/743/215 1065/741/214
f 1070/742/216 1069/745/216 1067/743/215
f 1072/744/217 1071/747/217 1069/745/216
f 1074/746/218 1073/749/218 1071/747/217
f 1076/748/219 1075/751/219 1073/749/218
f 1078/750/220 1077/753/220 1075/751/219
f 1080/752/221 1079/755/221 1077/753/220
f 1082/754/222 1081/757/222 1079/755/221
f 1084/756/223 1083/759/223 1081/757/222
f 1086/758/224 1085/761/224 1083/759/223
f 1088/760/225 1087/763/225 1085/761/224
f 1090/762/226 1089/765/226 1087/763/225
f 1092/764/227 1091/767/227 1089/765/226
f 1094/766/228 1093/769/228 1091/767/227
f 1096/768/229 1095/771/229 1093/769/228
f 1098/770/230 1097/773/230 1095/771/229
f 1100/772/231 1099/775/231 1097/773/230
f 1102/774/232 1101/777/232 1099/775/231
f 1104/776/233 1103/779/233 1101/777/232
f 1106/778/234 1105/781/234 1103/779/233
f 1108/780/235 1107/783/235 1105/781/234
f 652/782/4 651/153/4 1107/783/235
f 1112/784/236 1111/786/236 1109/291/237
f 1114/785/238 1113/788/238 1111/786/236
f 1116/787/239 1115/790/239 1113/788/238
f 1118/789/240 1117/792/240 1115/790/239
f 1120/791/241 1119/794/241 1117/792/240
f 1122/793/242 1121/796/242 1119/794/241
f 1124/795/243 1123/798/243 1121/796/242
f 1126/797/244 1125/266/244 1123/798/243
f 1128/799/245 1127/801/245 1125/266/244
f 1130/800/246 1129/803/246 1127/801/245
f 1132/802/247 1131/805/247 1129/803/246
f 1134/804/248 1133/807/248 1131/805/247
f 1136/806/249 1135/809/249 1133/807/248
f 1138/808/250 1137/811/250 1135/809/249
f 1140/810/251 1139/813/251 1137/811/250
f 1142/812/252 1141/230/252 1139/813/251
f 1144/814/253 1143/816/253 1141/230/252
f 1146/815/254 1145/818/254 1143/816/253
f 1148/817/255 1147/820/255 1145/818/254
f 1150/819/256 1149/822/256 1147/820/255
f 1152/821/257 1151/824/257 1149/822/256
f 1154/823/258 1153/826/258 1151/824/257
f 1156/825/259 1155/828/259 1153/826/258
f 1158/827/260 1157/221/260 1155/828/259
f 1160/829/261 1159/831/261 1157/221/260
f 1162/830/262 1161/833/262 1159/831/261
f 1164/832/263 1163/835/263 1161/833/262
f 1166/834/264 1165/837/264 1163/835/263
f 1168/836/265 1167/839/265 1165/837/264
f 1170/838/266 1169/841/266 1167/839/265
f 1172/840/267 1171/843/267 1169/841/266
f 1174/842/268 1173/120/268 1171/843/267
f 1176/844/269 1175/846/269 1173/120/268
f 1178/845/270 1177/848/270 1175/846/269
f 1180/847/271 1179/850/271 1177/848/270
f 1182/849/272 1181/852/272 1179/850/271
f 1184/851/273 1183/854/273 1181/852/272
f 1186/853/274 1185/856/274 1183/854/273
f 1188/855/275 1187/858/275 1185/856/274
f 1190/857/276 1189/20/276 1187/858/275
f 1192/859/277 1191/861/277 1189/20/276
f 1194/860/278 1193/863/278 1191/861/277
f 1196/862/279 1195/865/279 1193/863/278
f 1198/864/280 1197/867/280 1195/865/279
f 1200/866/281 1199/869/281 1197/867/280
f 1202/868/282 1201/871/284 1199/869/281
f 1204/870/283 1203/873/283 1201/871/284
f 1206/872/285 1205/36/285 1203/873/283
f 1208/874/286 1207/876/286 1205/36/285
f 1210/875/287 1209/878/287 1207/876/286
f 1212/877/288 1211/880/288 1209/878/287
f 1214/879/289 1213/882/289 1211/880/288
f 1216/881/290 1215/884/290 1213/882/289
f 1218/883/291 1217/886/293 1215/884/290
f 1220/885/292 1219/888/292 1217/886/293
f 1222/887/294 1221/241/294 1219/888/292
f 1224/889/295 1223/891/295 1221/241/294
f 1226/890/296 1225/893/296 1223/891/295
f 1228/892/297 1227/895/297 1225/893/296
f 1230/894/298 1229/897/298 1227/895/297
f 1232/896/299 1231/899/299 1229/897/298
f 1234/898/300 1233/901/300 1231/899/299
f 1236/900/301 1235/903/301 1233/901/300
f 1238/902/302 1237/310/302 1235/903/301
f 1240/904/303 1239/906/303 1237/310/302
f 1242/905/304 1241/908/304 1239/906/303
f 1244/907/305 1243/910/305 1241/908/304
f 1246/909/306 1245/912/306 1243/910/305
f 1248/911/307 1247/914/307 1245/912/306
f 1250/913/308 1249/916/308 1247/914/307
f 1252/915/309 1251/918/309 1249/916/308
f 1254/917/310 1253/109/310 1251/918/309
f 1256/919/311 1255/921/311 1253/109/310
f 1258/920/312 1257/923/312 1255/921/311
f 1260/922/313 1259/925/313 1257/923/312
f 1262/924/314 1261/927/314 1259/925/313
f 1264/926/315 1263/929/315 1261/927/314
f 1266/928/316 1265/931/316 1263/929/315
f 1268/930/317 1267/933/317 1265/931/316
f 1270/932/318 1269/58/318 1267/933/317
f 1272/934/319 1271/936/319 1269/58/318
f 1274/935/320 1273/938/320 1271/936/319
f 1276/937/321 1275/940/321 1273/938/320
f 1278/939/322 1277/942/322 1275/940/321
f 1280/941/323 1279/944/323 1277/942/322
f 1282/943/324 1281/946/324 1279/944/323
f 1284/945/325 1283/948/325 1281/946/324
f 1286/947/326 1285/139/326 1283/948/325
f 1288/949/327 1287/951/327 1285/139/326
f 1290/950/328 1289/953/328 1287/951/327
f 1292/952/329 1291/955/329 1289/953/328
f 1294/954/330 1293/957/330 1291/955/329
f 1296/956/331 1295/959/331 1293/957/330
f 1298/958/332 1297/961/332 1295/959/331
f 1300/960/333 1299/962/333 1297/961/332
f 1110/782/237 1109/153/237 1299/962/333
