# Blender 4.4.1
# www.blender.org
mtllib Hayo.mtl
o テキスト
v -1.965000 0.507000 -0.100000
v -1.974099 0.499994 -0.100000
v -1.984708 0.491620 -0.100000
v -1.996547 0.482094 -0.100000
v -2.009333 0.471630 -0.100000
v -2.022786 0.460443 -0.100000
v -2.036625 0.448750 -0.100000
v -2.050568 0.436765 -0.100000
v -2.064333 0.424704 -0.100000
v -2.077641 0.412781 -0.100000
v -2.090208 0.401213 -0.100000
v -2.101755 0.390214 -0.100000
v -2.112000 0.380000 -0.100000
v -2.055000 0.335000 -0.100000
v -2.044736 0.344949 -0.100000
v -2.033556 0.355676 -0.100000
v -2.021625 0.367000 -0.100000
v -2.009111 0.378741 -0.100000
v -1.996181 0.390718 -0.100000
v -1.983000 0.402750 -0.100000
v -1.969736 0.414657 -0.100000
v -1.956555 0.426259 -0.100000
v -1.943625 0.437375 -0.100000
v -1.931111 0.447824 -0.100000
v -1.919181 0.457426 -0.100000
v -1.908000 0.466000 -0.100000
v -1.650624 0.159352 -0.100000
v -1.659495 0.162903 -0.100000
v -1.668609 0.166641 -0.100000
v -1.677963 0.170556 -0.100000
v -1.687553 0.174637 -0.100000
v -1.697375 0.178875 -0.100000
v -1.707426 0.183259 -0.100000
v -1.717704 0.187778 -0.100000
v -1.728203 0.192422 -0.100000
v -1.738921 0.197181 -0.100000
v -1.749855 0.202043 -0.100000
v -1.761000 0.207000 -0.100000
v -1.755792 0.217873 -0.100000
v -1.750667 0.228481 -0.100000
v -1.745625 0.238812 -0.100000
v -1.740667 0.248852 -0.100000
v -1.735791 0.258586 -0.100000
v -1.731000 0.268000 -0.100000
v -1.726292 0.277081 -0.100000
v -1.721667 0.285815 -0.100000
v -1.717125 0.294188 -0.100000
v -1.712667 0.302185 -0.100000
v -1.708292 0.309794 -0.100000
v -1.704000 0.317000 -0.100000
v -1.700611 0.322217 -0.100000
v -1.696968 0.327815 -0.100000
v -1.693110 0.333719 -0.100000
v -1.689074 0.339852 -0.100000
v -1.684900 0.346138 -0.100000
v -1.680625 0.352500 -0.100000
v -1.676288 0.358862 -0.100000
v -1.671926 0.365148 -0.100000
v -1.667578 0.371281 -0.100000
v -1.663282 0.377185 -0.100000
v -1.659077 0.382784 -0.100000
v -1.655000 0.388000 -0.100000
v -1.737000 0.421000 -0.100000
v -1.738949 0.416664 -0.100000
v -1.741259 0.411732 -0.100000
v -1.743875 0.406313 -0.100000
v -1.746741 0.400519 -0.100000
v -1.749801 0.394461 -0.100000
v -1.753000 0.388250 -0.100000
v -1.756282 0.381998 -0.100000
v -1.759593 0.375815 -0.100000
v -1.762875 0.369813 -0.100000
v -1.766074 0.364102 -0.100000
v -1.769134 0.358794 -0.100000
v -1.772000 0.354000 -0.100000
v -1.776540 0.345607 -0.100000
v -1.781157 0.336940 -0.100000
v -1.785844 0.328016 -0.100000
v -1.790592 0.318852 -0.100000
v -1.795397 0.309466 -0.100000
v -1.800250 0.299875 -0.100000
v -1.805145 0.290097 -0.100000
v -1.810074 0.280148 -0.100000
v -1.815031 0.270047 -0.100000
v -1.820009 0.259810 -0.100000
v -1.825001 0.249455 -0.100000
v -1.830000 0.239000 -0.100000
v -1.860516 0.252239 -0.100000
v -1.891458 0.265329 -0.100000
v -1.922672 0.278078 -0.100000
v -1.954000 0.290296 -0.100000
v -1.985286 0.301792 -0.100000
v -2.016375 0.312375 -0.100000
v -2.047109 0.321854 -0.100000
v -2.077333 0.330037 -0.100000
v -2.106890 0.336734 -0.100000
v -2.135625 0.341755 -0.100000
v -2.163380 0.344907 -0.100000
v -2.190000 0.346000 -0.100000
v -2.223377 0.344383 -0.100000
v -2.254435 0.339644 -0.100000
v -2.283062 0.331953 -0.100000
v -2.309148 0.321481 -0.100000
v -2.332581 0.308399 -0.100000
v -2.353250 0.292875 -0.100000
v -2.371044 0.275080 -0.100000
v -2.385852 0.255185 -0.100000
v -2.397563 0.233359 -0.100000
v -2.406065 0.209773 -0.100000
v -2.411248 0.184597 -0.100000
v -2.413000 0.158000 -0.100000
v -2.411454 0.129867 -0.100000
v -2.406796 0.103106 -0.100000
v -2.399000 0.077922 -0.100000
v -2.388037 0.054519 -0.100000
v -2.373879 0.033101 -0.100000
v -2.356500 0.013875 -0.100000
v -2.335870 -0.002955 -0.100000
v -2.311963 -0.017185 -0.100000
v -2.284750 -0.028609 -0.100000
v -2.254204 -0.037023 -0.100000
v -2.220296 -0.042222 -0.100000
v -2.183000 -0.044000 -0.100000
v -2.169010 -0.043716 -0.100000
v -2.155083 -0.042898 -0.100000
v -2.141281 -0.041594 -0.100000
v -2.127667 -0.039852 -0.100000
v -2.114302 -0.037721 -0.100000
v -2.101250 -0.035250 -0.100000
v -2.088573 -0.032487 -0.100000
v -2.076333 -0.029481 -0.100000
v -2.064594 -0.026281 -0.100000
v -2.053417 -0.022935 -0.100000
v -2.042865 -0.019492 -0.100000
v -2.033000 -0.016000 -0.100000
v -2.036000 0.062000 -0.100000
v -2.045974 0.057799 -0.100000
v -2.056379 0.053727 -0.100000
v -2.067187 0.049828 -0.100000
v -2.078370 0.046148 -0.100000
v -2.089900 0.042732 -0.100000
v -2.101750 0.039625 -0.100000
v -2.113891 0.036872 -0.100000
v -2.126296 0.034519 -0.100000
v -2.138937 0.032609 -0.100000
v -2.151787 0.031190 -0.100000
v -2.164817 0.030305 -0.100000
v -2.178000 0.030000 -0.100000
v -2.203947 0.031222 -0.100000
v -2.227329 0.034778 -0.100000
v -2.248203 0.040500 -0.100000
v -2.266629 0.048222 -0.100000
v -2.282667 0.057778 -0.100000
v -2.296375 0.069000 -0.100000
v -2.307812 0.081722 -0.100000
v -2.317037 0.095778 -0.100000
v -2.324110 0.111000 -0.100000
v -2.329088 0.127222 -0.100000
v -2.332032 0.144278 -0.100000
v -2.333000 0.162000 -0.100000
v -2.332019 0.176617 -0.100000
v -2.329065 0.190857 -0.100000
v -2.324126 0.204547 -0.100000
v -2.317186 0.217519 -0.100000
v -2.308232 0.229601 -0.100000
v -2.297250 0.240625 -0.100000
v -2.284227 0.250420 -0.100000
v -2.269148 0.258815 -0.100000
v -2.252000 0.265641 -0.100000
v -2.232769 0.270727 -0.100000
v -2.211440 0.273903 -0.100000
v -2.188000 0.275000 -0.100000
v -2.165295 0.274044 -0.100000
v -2.141277 0.271269 -0.100000
v -2.116093 0.266813 -0.100000
v -2.089889 0.260815 -0.100000
v -2.062809 0.253414 -0.100000
v -2.035000 0.244750 -0.100000
v -2.006608 0.234961 -0.100000
v -1.977778 0.224185 -0.100000
v -1.948656 0.212563 -0.100000
v -1.919389 0.200231 -0.100000
v -1.890122 0.187331 -0.100000
v -1.861000 0.174000 -0.100000
v -1.899000 0.091000 -0.100000
v -1.912895 0.058788 -0.100000
v -1.926995 0.024472 -0.100000
v -1.941172 -0.011469 -0.100000
v -1.955296 -0.048556 -0.100000
v -1.969240 -0.086309 -0.100000
v -1.982875 -0.124250 -0.100000
v -1.996072 -0.161899 -0.100000
v -2.008704 -0.198778 -0.100000
v -2.020641 -0.234406 -0.100000
v -2.031755 -0.268306 -0.100000
v -2.041917 -0.299997 -0.100000
v -2.051000 -0.329000 -0.100000
v -1.965000 -0.352000 -0.100000
v -1.956900 -0.321646 -0.100000
v -1.948120 -0.289755 -0.100000
v -1.938687 -0.256578 -0.100000
v -1.928630 -0.222370 -0.100000
v -1.917974 -0.187385 -0.100000
v -1.906750 -0.151875 -0.100000
v -1.894984 -0.116094 -0.100000
v -1.882704 -0.080296 -0.100000
v -1.869937 -0.044734 -0.100000
v -1.856713 -0.009662 -0.100000
v -1.843058 0.024667 -0.100000
v -1.829000 0.058000 -0.100000
v -1.791000 0.141000 -0.100000
v -1.771906 0.131779 -0.100000
v -1.753162 0.122648 -0.100000
v -1.734828 0.113656 -0.100000
v -1.716963 0.104852 -0.100000
v -1.699626 0.096284 -0.100000
v -1.682875 0.088000 -0.100000
v -1.666770 0.080050 -0.100000
v -1.651370 0.072481 -0.100000
v -1.636734 0.065344 -0.100000
v -1.622921 0.058685 -0.100000
v -1.609990 0.052554 -0.100000
v -1.598000 0.047000 -0.100000
v -1.560000 0.129000 -0.100000
v -1.567362 0.130868 -0.100000
v -1.574893 0.132944 -0.100000
v -1.582516 0.135188 -0.100000
v -1.590148 0.137556 -0.100000
v -1.597711 0.140007 -0.100000
v -1.605125 0.142500 -0.100000
v -1.612310 0.144993 -0.100000
v -1.619185 0.147444 -0.100000
v -1.625672 0.149813 -0.100000
v -1.631690 0.152056 -0.100000
v -1.637159 0.154132 -0.100000
v -1.642000 0.156000 -0.100000
v -1.067290 0.262021 -0.100000
v -1.077653 0.262083 -0.100000
v -1.088078 0.262188 -0.100000
v -1.098555 0.262333 -0.100000
v -1.109074 0.262521 -0.100000
v -1.119625 0.262750 -0.100000
v -1.130196 0.263021 -0.100000
v -1.140778 0.263333 -0.100000
v -1.151359 0.263687 -0.100000
v -1.161931 0.264083 -0.100000
v -1.172481 0.264521 -0.100000
v -1.183000 0.265000 -0.100000
v -1.182710 0.280807 -0.100000
v -1.182347 0.296620 -0.100000
v -1.181922 0.312281 -0.100000
v -1.181445 0.327630 -0.100000
v -1.180925 0.342506 -0.100000
v -1.180375 0.356750 -0.100000
v -1.179804 0.370203 -0.100000
v -1.179222 0.382704 -0.100000
v -1.178641 0.394094 -0.100000
v -1.178069 0.404213 -0.100000
v -1.177519 0.412902 -0.100000
v -1.177000 0.420000 -0.100000
v -1.176460 0.425707 -0.100000
v -1.175847 0.431319 -0.100000
v -1.175172 0.436828 -0.100000
v -1.174445 0.442222 -0.100000
v -1.173676 0.447491 -0.100000
v -1.172875 0.452625 -0.100000
v -1.172054 0.457613 -0.100000
v -1.171222 0.462444 -0.100000
v -1.170391 0.467109 -0.100000
v -1.169569 0.471597 -0.100000
v -1.168769 0.475898 -0.100000
v -1.168000 0.480000 -0.100000
v -1.261000 0.480000 -0.100000
v -1.260521 0.475688 -0.100000
v -1.260083 0.471255 -0.100000
v -1.259687 0.466703 -0.100000
v -1.259333 0.462037 -0.100000
v -1.259021 0.457260 -0.100000
v -1.258750 0.452375 -0.100000
v -1.258521 0.447386 -0.100000
v -1.258333 0.442296 -0.100000
v -1.258188 0.437109 -0.100000
v -1.258083 0.431829 -0.100000
v -1.258021 0.426458 -0.100000
v -1.258000 0.421000 -0.100000
v -1.259000 0.270000 -0.100000
v -1.273704 0.271293 -0.100000
v -1.288296 0.272676 -0.100000
v -1.302750 0.274156 -0.100000
v -1.317037 0.275741 -0.100000
v -1.331130 0.277436 -0.100000
v -1.345000 0.279250 -0.100000
v -1.358620 0.281189 -0.100000
v -1.371963 0.283259 -0.100000
v -1.385000 0.285469 -0.100000
v -1.397704 0.287824 -0.100000
v -1.410046 0.290332 -0.100000
v -1.422000 0.293000 -0.100000
v -1.422000 0.211000 -0.100000
v -1.410295 0.209271 -0.100000
v -1.398195 0.207588 -0.100000
v -1.385719 0.205953 -0.100000
v -1.372889 0.204370 -0.100000
v -1.359726 0.202843 -0.100000
v -1.346250 0.201375 -0.100000
v -1.332483 0.199969 -0.100000
v -1.318444 0.198630 -0.100000
v -1.304156 0.197359 -0.100000
v -1.289639 0.196162 -0.100000
v -1.274913 0.195041 -0.100000
v -1.260000 0.194000 -0.100000
v -1.260000 0.159000 -0.100000
v -1.259877 0.102879 -0.100000
v -1.259019 0.049449 -0.100000
v -1.256688 -0.001391 -0.100000
v -1.252148 -0.049741 -0.100000
v -1.244664 -0.095702 -0.100000
v -1.233500 -0.139375 -0.100000
v -1.217919 -0.180861 -0.100000
v -1.197185 -0.220259 -0.100000
v -1.170563 -0.257672 -0.100000
v -1.137315 -0.293199 -0.100000
v -1.096706 -0.326942 -0.100000
v -1.048000 -0.359000 -0.100000
v -0.975000 -0.302000 -0.100000
v -0.983173 -0.298508 -0.100000
v -0.991630 -0.294560 -0.100000
v -1.000281 -0.290203 -0.100000
v -1.009037 -0.285482 -0.100000
v -1.017807 -0.280440 -0.100000
v -1.026500 -0.275125 -0.100000
v -1.035027 -0.269580 -0.100000
v -1.043296 -0.263852 -0.100000
v -1.051219 -0.257984 -0.100000
v -1.058704 -0.252023 -0.100000
v -1.065661 -0.246013 -0.100000
v -1.072000 -0.240000 -0.100000
v -1.096701 -0.216069 -0.100000
v -1.117523 -0.191139 -0.100000
v -1.134797 -0.165000 -0.100000
v -1.148852 -0.137444 -0.100000
v -1.160018 -0.108264 -0.100000
v -1.168625 -0.077250 -0.100000
v -1.175003 -0.044194 -0.100000
v -1.179482 -0.008889 -0.100000
v -1.182391 0.028875 -0.100000
v -1.184060 0.069306 -0.100000
v -1.184820 0.112611 -0.100000
v -1.185000 0.159000 -0.100000
v -1.185000 0.190000 -0.100000
v -1.174251 0.189521 -0.100000
v -1.163509 0.189083 -0.100000
v -1.152781 0.188688 -0.100000
v -1.142074 0.188333 -0.100000
v -1.131395 0.188021 -0.100000
v -1.120750 0.187750 -0.100000
v -1.110147 0.187521 -0.100000
v -1.099593 0.187333 -0.100000
v -1.089094 0.187188 -0.100000
v -1.078658 0.187083 -0.100000
v -1.068291 0.187021 -0.100000
v -1.058000 0.187000 -0.100000
v -1.045550 0.187061 -0.100000
v -1.032320 0.187236 -0.100000
v -1.018484 0.187516 -0.100000
v -1.004222 0.187889 -0.100000
v -0.989710 0.188346 -0.100000
v -0.975125 0.188875 -0.100000
v -0.960644 0.189467 -0.100000
v -0.946444 0.190111 -0.100000
v -0.932703 0.190797 -0.100000
v -0.919597 0.191514 -0.100000
v -0.907304 0.192252 -0.100000
v -0.896000 0.193000 -0.100000
v -0.896000 0.273000 -0.100000
v -0.907170 0.271313 -0.100000
v -0.919107 0.269755 -0.100000
v -0.931703 0.268328 -0.100000
v -0.944852 0.267037 -0.100000
v -0.958445 0.265885 -0.100000
v -0.972375 0.264875 -0.100000
v -0.986534 0.264011 -0.100000
v -1.000815 0.263296 -0.100000
v -1.015109 0.262734 -0.100000
v -1.029310 0.262329 -0.100000
v -1.043310 0.262083 -0.100000
v -1.057000 0.262000 -0.100000
v -0.730001 0.362283 -0.100000
v -0.722176 0.321931 -0.100000
v -0.714781 0.279391 -0.100000
v -0.708074 0.235111 -0.100000
v -0.702311 0.189540 -0.100000
v -0.697750 0.143125 -0.100000
v -0.694647 0.096314 -0.100000
v -0.693259 0.049556 -0.100000
v -0.693844 0.003297 -0.100000
v -0.696657 -0.042014 -0.100000
v -0.701957 -0.085929 -0.100000
v -0.710000 -0.128000 -0.100000
v -0.713641 -0.117122 -0.100000
v -0.717542 -0.105556 -0.100000
v -0.721672 -0.093406 -0.100000
v -0.726000 -0.080778 -0.100000
v -0.730495 -0.067774 -0.100000
v -0.735125 -0.054500 -0.100000
v -0.739859 -0.041059 -0.100000
v -0.744667 -0.027556 -0.100000
v -0.749516 -0.014094 -0.100000
v -0.754375 -0.000778 -0.100000
v -0.759214 0.012288 -0.100000
v -0.764000 0.025000 -0.100000
v -0.807000 -0.001000 -0.100000
v -0.800889 -0.019117 -0.100000
v -0.794616 -0.038273 -0.100000
v -0.788266 -0.058172 -0.100000
v -0.781926 -0.078519 -0.100000
v -0.775683 -0.099018 -0.100000
v -0.769625 -0.119375 -0.100000
v -0.763837 -0.139295 -0.100000
v -0.758407 -0.158481 -0.100000
v -0.753422 -0.176641 -0.100000
v -0.748968 -0.193477 -0.100000
v -0.745131 -0.208695 -0.100000
v -0.742000 -0.222000 -0.100000
v -0.741042 -0.225826 -0.100000
v -0.740171 -0.229778 -0.100000
v -0.739391 -0.233813 -0.100000
v -0.738704 -0.237889 -0.100000
v -0.738114 -0.241965 -0.100000
v -0.737625 -0.246000 -0.100000
v -0.737240 -0.249951 -0.100000
v -0.736963 -0.253778 -0.100000
v -0.736797 -0.257438 -0.100000
v -0.736745 -0.260889 -0.100000
v -0.736812 -0.264090 -0.100000
v -0.737000 -0.267000 -0.100000
v -0.737250 -0.269579 -0.100000
v -0.737500 -0.272296 -0.100000
v -0.737750 -0.275125 -0.100000
v -0.738000 -0.278037 -0.100000
v -0.738250 -0.281005 -0.100000
v -0.738500 -0.284000 -0.100000
v -0.738750 -0.286995 -0.100000
v -0.739000 -0.289963 -0.100000
v -0.739250 -0.292875 -0.100000
v -0.739500 -0.295704 -0.100000
v -0.739750 -0.298421 -0.100000
v -0.740000 -0.301000 -0.100000
v -0.672000 -0.309000 -0.100000
v -0.666756 -0.292355 -0.100000
v -0.661130 -0.273088 -0.100000
v -0.655281 -0.251453 -0.100000
v -0.649370 -0.227704 -0.100000
v -0.643557 -0.202093 -0.100000
v -0.638000 -0.174875 -0.100000
v -0.632860 -0.146303 -0.100000
v -0.628296 -0.116630 -0.100000
v -0.624469 -0.086109 -0.100000
v -0.621537 -0.054995 -0.100000
v -0.619661 -0.023541 -0.100000
v -0.619000 0.008000 -0.100000
v -0.619519 0.048297 -0.100000
v -0.620981 0.088042 -0.100000
v -0.623250 0.127016 -0.100000
v -0.626185 0.165000 -0.100000
v -0.629648 0.201776 -0.100000
v -0.633500 0.237125 -0.100000
v -0.637602 0.270828 -0.100000
v -0.641815 0.302667 -0.100000
v -0.646000 0.332422 -0.100000
v -0.650019 0.359875 -0.100000
v -0.653731 0.384807 -0.100000
v -0.657000 0.407000 -0.100000
v -0.657939 0.412806 -0.100000
v -0.658759 0.418699 -0.100000
v -0.659469 0.424641 -0.100000
v -0.660074 0.430593 -0.100000
v -0.660582 0.436517 -0.100000
v -0.661000 0.442375 -0.100000
v -0.661335 0.448129 -0.100000
v -0.661593 0.453741 -0.100000
v -0.661781 0.459172 -0.100000
v -0.661907 0.464384 -0.100000
v -0.661978 0.469340 -0.100000
v -0.662000 0.474000 -0.100000
v -0.755000 0.465000 -0.100000
v -0.753692 0.460093 -0.100000
v -0.752282 0.454907 -0.100000
v -0.750797 0.449500 -0.100000
v -0.749259 0.443926 -0.100000
v -0.747694 0.438241 -0.100000
v -0.746125 0.432500 -0.100000
v -0.744577 0.426759 -0.100000
v -0.743074 0.421074 -0.100000
v -0.741641 0.415500 -0.100000
v -0.740301 0.410093 -0.100000
v -0.739079 0.404907 -0.100000
v -0.738000 0.400000 -0.100000
v -0.340000 -0.160000 -0.100000
v -0.334629 -0.114315 -0.100000
v -0.327528 -0.068019 -0.100000
v -0.318719 -0.021500 -0.100000
v -0.308222 0.024852 -0.100000
v -0.296059 0.070648 -0.100000
v -0.282250 0.115500 -0.100000
v -0.266816 0.159018 -0.100000
v -0.249778 0.200815 -0.100000
v -0.231156 0.240500 -0.100000
v -0.210972 0.277685 -0.100000
v -0.189247 0.311981 -0.100000
v -0.166000 0.343000 -0.100000
v -0.244000 0.370000 -0.100000
v -0.265873 0.339080 -0.100000
v -0.286898 0.304644 -0.100000
v -0.306938 0.267172 -0.100000
v -0.325852 0.227148 -0.100000
v -0.343502 0.185055 -0.100000
v -0.359750 0.141375 -0.100000
v -0.374456 0.096591 -0.100000
v -0.387482 0.051185 -0.100000
v -0.398688 0.005641 -0.100000
v -0.407935 -0.039560 -0.100000
v -0.415086 -0.083935 -0.100000
v -0.420000 -0.127000 -0.100000
v 0.285206 0.284687 -0.100000
v 0.285315 0.267333 -0.100000
v 0.285312 0.249063 -0.100000
v 0.285185 0.230000 -0.100000
v 0.284919 0.210271 -0.100000
v 0.284500 0.190000 -0.100000
v 0.283914 0.169313 -0.100000
v 0.283148 0.148333 -0.100000
v 0.282187 0.127188 -0.100000
v 0.281018 0.106000 -0.100000
v 0.279627 0.084896 -0.100000
v 0.278000 0.064000 -0.100000
v 0.273319 0.023448 -0.100000
v 0.267301 -0.014579 -0.100000
v 0.259984 -0.049891 -0.100000
v 0.251407 -0.082296 -0.100000
v 0.241608 -0.111605 -0.100000
v 0.230625 -0.137625 -0.100000
v 0.218496 -0.160166 -0.100000
v 0.205259 -0.179037 -0.100000
v 0.190953 -0.194047 -0.100000
v 0.175616 -0.205005 -0.100000
v 0.159285 -0.211719 -0.100000
v 0.142000 -0.214000 -0.100000
v 0.129343 -0.211896 -0.100000
v 0.116912 -0.205833 -0.100000
v 0.104766 -0.196188 -0.100000
v 0.092963 -0.183333 -0.100000
v 0.081563 -0.167646 -0.100000
v 0.070625 -0.149500 -0.100000
v 0.060208 -0.129271 -0.100000
v 0.050370 -0.107333 -0.100000
v 0.041172 -0.084063 -0.100000
v 0.032671 -0.059833 -0.100000
v 0.024928 -0.035021 -0.100000
v 0.018000 -0.010000 -0.100000
v -0.045000 -0.081000 -0.100000
v -0.029976 -0.121198 -0.100000
v -0.014894 -0.156917 -0.100000
v 0.000266 -0.188344 -0.100000
v 0.015518 -0.215667 -0.100000
v 0.030882 -0.239073 -0.100000
v 0.046375 -0.258750 -0.100000
v 0.062013 -0.274885 -0.100000
v 0.077815 -0.287667 -0.100000
v 0.093797 -0.297281 -0.100000
v 0.109977 -0.303917 -0.100000
v 0.126372 -0.307760 -0.100000
v 0.143000 -0.309000 -0.100000
v 0.166632 -0.307001 -0.100000
v 0.189889 -0.300838 -0.100000
v 0.212562 -0.290266 -0.100000
v 0.234444 -0.275037 -0.100000
v 0.255326 -0.254906 -0.100000
v 0.275000 -0.229625 -0.100000
v 0.293257 -0.198949 -0.100000
v 0.309889 -0.162630 -0.100000
v 0.324687 -0.120422 -0.100000
v 0.337444 -0.072079 -0.100000
v 0.347951 -0.017354 -0.100000
v 0.356000 0.044000 -0.100000
v 0.358317 0.066422 -0.100000
v 0.360287 0.089958 -0.100000
v 0.361937 0.114266 -0.100000
v 0.363296 0.139000 -0.100000
v 0.364391 0.163818 -0.100000
v 0.365250 0.188375 -0.100000
v 0.365900 0.212328 -0.100000
v 0.366370 0.235333 -0.100000
v 0.366687 0.257047 -0.100000
v 0.366880 0.277125 -0.100000
v 0.366975 0.295224 -0.100000
v 0.367000 0.311000 -0.100000
v 0.367023 0.317124 -0.100000
v 0.367102 0.323912 -0.100000
v 0.367250 0.331234 -0.100000
v 0.367481 0.338963 -0.100000
v 0.367810 0.346969 -0.100000
v 0.368250 0.355125 -0.100000
v 0.368815 0.363302 -0.100000
v 0.369518 0.371370 -0.100000
v 0.370375 0.379203 -0.100000
v 0.371398 0.386671 -0.100000
v 0.372602 0.393646 -0.100000
v 0.374000 0.400000 -0.100000
v 0.277000 0.398000 -0.100000
v 0.277998 0.391546 -0.100000
v 0.278981 0.384287 -0.100000
v 0.279937 0.376375 -0.100000
v 0.280852 0.367963 -0.100000
v 0.281711 0.359204 -0.100000
v 0.282500 0.350250 -0.100000
v 0.283206 0.341255 -0.100000
v 0.283815 0.332370 -0.100000
v 0.284312 0.323750 -0.100000
v 0.284685 0.315546 -0.100000
v 0.284919 0.307912 -0.100000
v 0.285000 0.301000 -0.100000
v 1.156825 -0.094740 -0.100000
v 1.179764 -0.096921 -0.100000
v 1.200766 -0.100484 -0.100000
v 1.219778 -0.105370 -0.100000
v 1.236748 -0.111520 -0.100000
v 1.251625 -0.118875 -0.100000
v 1.264356 -0.127376 -0.100000
v 1.274889 -0.136963 -0.100000
v 1.283172 -0.147578 -0.100000
v 1.289153 -0.159162 -0.100000
v 1.292780 -0.171656 -0.100000
v 1.294000 -0.185000 -0.100000
v 1.292842 -0.198246 -0.100000
v 1.289407 -0.210468 -0.100000
v 1.283750 -0.221641 -0.100000
v 1.275926 -0.231741 -0.100000
v 1.265991 -0.240744 -0.100000
v 1.254000 -0.248625 -0.100000
v 1.240009 -0.255361 -0.100000
v 1.224074 -0.260926 -0.100000
v 1.206250 -0.265297 -0.100000
v 1.186592 -0.268449 -0.100000
v 1.165157 -0.270358 -0.100000
v 1.142000 -0.271000 -0.100000
v 1.124520 -0.270291 -0.100000
v 1.108579 -0.268162 -0.100000
v 1.094172 -0.264609 -0.100000
v 1.081296 -0.259630 -0.100000
v 1.069948 -0.253219 -0.100000
v 1.060125 -0.245375 -0.100000
v 1.051822 -0.236093 -0.100000
v 1.045037 -0.225370 -0.100000
v 1.039766 -0.213203 -0.100000
v 1.036005 -0.199588 -0.100000
v 1.033751 -0.184521 -0.100000
v 1.033000 -0.168000 -0.100000
v 1.034000 -0.104000 -0.100000
v 1.042020 -0.102333 -0.100000
v 1.050079 -0.100829 -0.100000
v 1.058172 -0.099484 -0.100000
v 1.066296 -0.098296 -0.100000
v 1.074448 -0.097261 -0.100000
v 1.082625 -0.096375 -0.100000
v 1.090822 -0.095635 -0.100000
v 1.099037 -0.095037 -0.100000
v 1.107266 -0.094578 -0.100000
v 1.115505 -0.094255 -0.100000
v 1.123751 -0.094063 -0.100000
v 1.132000 -0.094000 -0.100000
v 0.966000 0.284000 -0.100000
v 0.945299 0.284564 -0.100000
v 0.922894 0.285264 -0.100000
v 0.899078 0.286109 -0.100000
v 0.874148 0.287111 -0.100000
v 0.848399 0.288280 -0.100000
v 0.822125 0.289625 -0.100000
v 0.795622 0.291158 -0.100000
v 0.769185 0.292889 -0.100000
v 0.743109 0.294828 -0.100000
v 0.717690 0.296986 -0.100000
v 0.693222 0.299373 -0.100000
v 0.670000 0.302000 -0.100000
v 0.667000 0.227000 -0.100000
v 0.690013 0.224814 -0.100000
v 0.714356 0.222759 -0.100000
v 0.739734 0.220844 -0.100000
v 0.765852 0.219074 -0.100000
v 0.792414 0.217457 -0.100000
v 0.819125 0.216000 -0.100000
v 0.845690 0.214710 -0.100000
v 0.871815 0.213593 -0.100000
v 0.897203 0.212656 -0.100000
v 0.921560 0.211907 -0.100000
v 0.944591 0.211353 -0.100000
v 0.966000 0.211000 -0.100000
v 0.966000 0.202000 -0.100000
v 0.965899 0.185108 -0.100000
v 0.965606 0.167028 -0.100000
v 0.965141 0.147906 -0.100000
v 0.964518 0.127889 -0.100000
v 0.963757 0.107122 -0.100000
v 0.962875 0.085750 -0.100000
v 0.961888 0.063920 -0.100000
v 0.960815 0.041778 -0.100000
v 0.959672 0.019469 -0.100000
v 0.958477 -0.002861 -0.100000
v 0.957247 -0.025066 -0.100000
v 0.956000 -0.047000 -0.100000
v 0.924367 -0.056456 -0.100000
v 0.893519 -0.067232 -0.100000
v 0.863531 -0.079188 -0.100000
v 0.834481 -0.092185 -0.100000
v 0.806446 -0.106086 -0.100000
v 0.779500 -0.120750 -0.100000
v 0.753721 -0.136039 -0.100000
v 0.729185 -0.151815 -0.100000
v 0.705969 -0.167938 -0.100000
v 0.684148 -0.184269 -0.100000
v 0.663800 -0.200669 -0.100000
v 0.645000 -0.217000 -0.100000
v 0.693000 -0.293000 -0.100000
v 0.709574 -0.276786 -0.100000
v 0.727259 -0.260704 -0.100000
v 0.746000 -0.244844 -0.100000
v 0.765741 -0.229296 -0.100000
v 0.786426 -0.214152 -0.100000
v 0.808000 -0.199500 -0.100000
v 0.830407 -0.185432 -0.100000
v 0.853593 -0.172037 -0.100000
v 0.877500 -0.159406 -0.100000
v 0.902074 -0.147630 -0.100000
v 0.927259 -0.136797 -0.100000
v 0.953000 -0.127000 -0.100000
v 0.951000 -0.194000 -0.100000
v 0.952061 -0.214216 -0.100000
v 0.955319 -0.233731 -0.100000
v 0.960891 -0.252344 -0.100000
v 0.968889 -0.269852 -0.100000
v 0.979429 -0.286054 -0.100000
v 0.992625 -0.300750 -0.100000
v 1.008592 -0.313737 -0.100000
v 1.027444 -0.324815 -0.100000
v 1.049297 -0.333781 -0.100000
v 1.074264 -0.340435 -0.100000
v 1.102460 -0.344575 -0.100000
v 1.134000 -0.346000 -0.100000
v 1.167712 -0.345068 -0.100000
v 1.199694 -0.342213 -0.100000
v 1.229719 -0.337344 -0.100000
v 1.257555 -0.330370 -0.100000
v 1.282976 -0.321203 -0.100000
v 1.305750 -0.309750 -0.100000
v 1.325649 -0.295922 -0.100000
v 1.342444 -0.279630 -0.100000
v 1.355906 -0.260781 -0.100000
v 1.365806 -0.239287 -0.100000
v 1.371913 -0.215057 -0.100000
v 1.374000 -0.188000 -0.100000
v 1.372345 -0.165867 -0.100000
v 1.367347 -0.144602 -0.100000
v 1.358953 -0.124406 -0.100000
v 1.347111 -0.105481 -0.100000
v 1.331769 -0.088029 -0.100000
v 1.312875 -0.072250 -0.100000
v 1.290377 -0.058346 -0.100000
v 1.264222 -0.046519 -0.100000
v 1.234359 -0.036969 -0.100000
v 1.200736 -0.029898 -0.100000
v 1.163300 -0.025508 -0.100000
v 1.122000 -0.024000 -0.100000
v 1.114770 -0.024042 -0.100000
v 1.107579 -0.024167 -0.100000
v 1.100422 -0.024375 -0.100000
v 1.093296 -0.024667 -0.100000
v 1.086198 -0.025042 -0.100000
v 1.079125 -0.025500 -0.100000
v 1.072072 -0.026042 -0.100000
v 1.065037 -0.026667 -0.100000
v 1.058015 -0.027375 -0.100000
v 1.051005 -0.028167 -0.100000
v 1.044001 -0.029042 -0.100000
v 1.037000 -0.030000 -0.100000
v 1.037998 -0.009546 -0.100000
v 1.038981 0.011213 -0.100000
v 1.039937 0.032125 -0.100000
v 1.040852 0.053037 -0.100000
v 1.041711 0.073796 -0.100000
v 1.042500 0.094250 -0.100000
v 1.043206 0.114245 -0.100000
v 1.043815 0.133630 -0.100000
v 1.044312 0.152250 -0.100000
v 1.044685 0.169954 -0.100000
v 1.044919 0.186588 -0.100000
v 1.045000 0.202000 -0.100000
v 1.045001 0.217193 -0.100000
v 1.045005 0.233130 -0.100000
v 1.045016 0.249594 -0.100000
v 1.045037 0.266370 -0.100000
v 1.045072 0.283244 -0.100000
v 1.045125 0.300000 -0.100000
v 1.045199 0.316422 -0.100000
v 1.045296 0.332296 -0.100000
v 1.045422 0.347406 -0.100000
v 1.045579 0.361537 -0.100000
v 1.045770 0.374473 -0.100000
v 1.046000 0.386000 -0.100000
v 1.046062 0.395167 -0.100000
v 1.046246 0.404583 -0.100000
v 1.046547 0.414125 -0.100000
v 1.046963 0.423667 -0.100000
v 1.047490 0.433083 -0.100000
v 1.048125 0.442250 -0.100000
v 1.048864 0.451042 -0.100000
v 1.049704 0.459333 -0.100000
v 1.050641 0.467000 -0.100000
v 1.051671 0.473917 -0.100000
v 1.052792 0.479958 -0.100000
v 1.054000 0.485000 -0.100000
v 0.959000 0.485000 -0.100000
v 0.959749 0.479214 -0.100000
v 0.960491 0.472458 -0.100000
v 0.961219 0.464891 -0.100000
v 0.961926 0.456667 -0.100000
v 0.962605 0.447943 -0.100000
v 0.963250 0.438875 -0.100000
v 0.963853 0.429620 -0.100000
v 0.964407 0.420333 -0.100000
v 0.964906 0.411172 -0.100000
v 0.965343 0.402292 -0.100000
v 0.965709 0.393849 -0.100000
v 0.966000 0.386000 -0.100000
v 1.944274 -0.099658 -0.100000
v 1.961523 -0.101597 -0.100000
v 1.977641 -0.104766 -0.100000
v 1.992519 -0.109111 -0.100000
v 2.006049 -0.114582 -0.100000
v 2.018125 -0.121125 -0.100000
v 2.028638 -0.128689 -0.100000
v 2.037482 -0.137222 -0.100000
v 2.044547 -0.146672 -0.100000
v 2.049727 -0.156986 -0.100000
v 2.052914 -0.168113 -0.100000
v 2.054000 -0.180000 -0.100000
v 2.052974 -0.192268 -0.100000
v 2.049963 -0.203560 -0.100000
v 2.045063 -0.213859 -0.100000
v 2.038370 -0.223148 -0.100000
v 2.029984 -0.231409 -0.100000
v 2.020000 -0.238625 -0.100000
v 2.008516 -0.244778 -0.100000
v 1.995629 -0.249852 -0.100000
v 1.981437 -0.253828 -0.100000
v 1.966037 -0.256690 -0.100000
v 1.949525 -0.258420 -0.100000
v 1.932000 -0.259000 -0.100000
v 1.912210 -0.258116 -0.100000
v 1.894759 -0.255509 -0.100000
v 1.879531 -0.251250 -0.100000
v 1.866408 -0.245407 -0.100000
v 1.855270 -0.238051 -0.100000
v 1.846000 -0.229250 -0.100000
v 1.838480 -0.219074 -0.100000
v 1.832593 -0.207593 -0.100000
v 1.828219 -0.194875 -0.100000
v 1.825241 -0.180991 -0.100000
v 1.823540 -0.166009 -0.100000
v 1.823000 -0.150000 -0.100000
v 1.824000 -0.115000 -0.100000
v 1.832041 -0.112585 -0.100000
v 1.840166 -0.110343 -0.100000
v 1.848375 -0.108281 -0.100000
v 1.856666 -0.106407 -0.100000
v 1.865041 -0.104728 -0.100000
v 1.873500 -0.103250 -0.100000
v 1.882042 -0.101980 -0.100000
v 1.890667 -0.100926 -0.100000
v 1.899375 -0.100094 -0.100000
v 1.908167 -0.099491 -0.100000
v 1.917042 -0.099124 -0.100000
v 1.926000 -0.099000 -0.100000
v 1.757250 0.402845 -0.100000
v 1.757500 0.394926 -0.100000
v 1.757750 0.386313 -0.100000
v 1.758000 0.377074 -0.100000
v 1.758250 0.367280 -0.100000
v 1.758500 0.357000 -0.100000
v 1.758750 0.346303 -0.100000
v 1.759000 0.335259 -0.100000
v 1.759250 0.323938 -0.100000
v 1.759500 0.312407 -0.100000
v 1.759750 0.300738 -0.100000
v 1.760000 0.289000 -0.100000
v 1.744794 0.290312 -0.100000
v 1.729685 0.291745 -0.100000
v 1.714687 0.293297 -0.100000
v 1.699815 0.294963 -0.100000
v 1.685081 0.296740 -0.100000
v 1.670500 0.298625 -0.100000
v 1.656086 0.300614 -0.100000
v 1.641852 0.302704 -0.100000
v 1.627812 0.304891 -0.100000
v 1.613981 0.307171 -0.100000
v 1.600373 0.309542 -0.100000
v 1.587000 0.312000 -0.100000
v 1.587000 0.235000 -0.100000
v 1.600812 0.232812 -0.100000
v 1.614745 0.230745 -0.100000
v 1.628797 0.228797 -0.100000
v 1.642963 0.226963 -0.100000
v 1.657240 0.225240 -0.100000
v 1.671625 0.223625 -0.100000
v 1.686114 0.222114 -0.100000
v 1.700704 0.220704 -0.100000
v 1.715391 0.219391 -0.100000
v 1.730171 0.218171 -0.100000
v 1.745042 0.217042 -0.100000
v 1.760000 0.216000 -0.100000
v 1.759630 0.190780 -0.100000
v 1.759042 0.165653 -0.100000
v 1.758266 0.140672 -0.100000
v 1.757333 0.115889 -0.100000
v 1.756276 0.091356 -0.100000
v 1.755125 0.067125 -0.100000
v 1.753911 0.043248 -0.100000
v 1.752667 0.019778 -0.100000
v 1.751422 -0.003234 -0.100000
v 1.750208 -0.025736 -0.100000
v 1.749057 -0.047675 -0.100000
v 1.748000 -0.069000 -0.100000
v 1.728081 -0.077363 -0.100000
v 1.708819 -0.086403 -0.100000
v 1.690203 -0.096047 -0.100000
v 1.672222 -0.106222 -0.100000
v 1.654866 -0.116856 -0.100000
v 1.638125 -0.127875 -0.100000
v 1.621988 -0.139207 -0.100000
v 1.606444 -0.150778 -0.100000
v 1.591484 -0.162516 -0.100000
v 1.577097 -0.174347 -0.100000
v 1.563272 -0.186200 -0.100000
v 1.550000 -0.198000 -0.100000
v 1.594000 -0.265000 -0.100000
v 1.606501 -0.253398 -0.100000
v 1.619005 -0.242102 -0.100000
v 1.631516 -0.231125 -0.100000
v 1.644037 -0.220481 -0.100000
v 1.656572 -0.210185 -0.100000
v 1.669125 -0.200250 -0.100000
v 1.681698 -0.190690 -0.100000
v 1.694296 -0.181519 -0.100000
v 1.706922 -0.172750 -0.100000
v 1.719579 -0.164398 -0.100000
v 1.732270 -0.156477 -0.100000
v 1.745000 -0.149000 -0.100000
v 1.745000 -0.170000 -0.100000
v 1.745826 -0.190394 -0.100000
v 1.748440 -0.210398 -0.100000
v 1.753047 -0.229750 -0.100000
v 1.759852 -0.248185 -0.100000
v 1.769059 -0.265440 -0.100000
v 1.780875 -0.281250 -0.100000
v 1.795503 -0.295352 -0.100000
v 1.813148 -0.307481 -0.100000
v 1.834015 -0.317375 -0.100000
v 1.858310 -0.324769 -0.100000
v 1.886237 -0.329398 -0.100000
v 1.918000 -0.331000 -0.100000
v 1.950242 -0.329905 -0.100000
v 1.979935 -0.326657 -0.100000
v 2.007031 -0.321313 -0.100000
v 2.031482 -0.313926 -0.100000
v 2.053237 -0.304553 -0.100000
v 2.072250 -0.293250 -0.100000
v 2.088471 -0.280072 -0.100000
v 2.101852 -0.265074 -0.100000
v 2.112344 -0.248313 -0.100000
v 2.119898 -0.229843 -0.100000
v 2.124466 -0.209720 -0.100000
v 2.126000 -0.188000 -0.100000
v 2.124449 -0.167383 -0.100000
v 2.119838 -0.147648 -0.100000
v 2.112234 -0.128969 -0.100000
v 2.101704 -0.111519 -0.100000
v 2.088312 -0.095471 -0.100000
v 2.072125 -0.081000 -0.100000
v 2.053209 -0.068279 -0.100000
v 2.031630 -0.057481 -0.100000
v 2.007453 -0.048781 -0.100000
v 1.980745 -0.042352 -0.100000
v 1.951572 -0.038367 -0.100000
v 1.920000 -0.037000 -0.100000
v 1.911791 -0.037063 -0.100000
v 1.903666 -0.037250 -0.100000
v 1.895625 -0.037563 -0.100000
v 1.887666 -0.038000 -0.100000
v 1.879791 -0.038563 -0.100000
v 1.872000 -0.039250 -0.100000
v 1.864292 -0.040063 -0.100000
v 1.856667 -0.041000 -0.100000
v 1.849125 -0.042063 -0.100000
v 1.841667 -0.043250 -0.100000
v 1.834292 -0.044563 -0.100000
v 1.827000 -0.046000 -0.100000
v 1.827808 -0.026334 -0.100000
v 1.828713 -0.005921 -0.100000
v 1.829687 0.015109 -0.100000
v 1.830704 0.036630 -0.100000
v 1.831734 0.058511 -0.100000
v 1.832750 0.080625 -0.100000
v 1.833724 0.102843 -0.100000
v 1.834630 0.125037 -0.100000
v 1.835437 0.147078 -0.100000
v 1.836120 0.168838 -0.100000
v 1.836650 0.190188 -0.100000
v 1.837000 0.211000 -0.100000
v 1.933000 0.209000 -0.100000
v 1.947153 0.209061 -0.100000
v 1.961139 0.209241 -0.100000
v 1.975000 0.209531 -0.100000
v 1.988778 0.209926 -0.100000
v 2.002514 0.210418 -0.100000
v 2.016250 0.211000 -0.100000
v 2.030028 0.211666 -0.100000
v 2.043889 0.212407 -0.100000
v 2.057875 0.213219 -0.100000
v 2.072028 0.214093 -0.100000
v 2.086389 0.215022 -0.100000
v 2.101000 0.216000 -0.100000
v 2.101000 0.291000 -0.100000
v 2.086827 0.289792 -0.100000
v 2.072783 0.288671 -0.100000
v 2.058828 0.287641 -0.100000
v 2.044926 0.286704 -0.100000
v 2.031038 0.285864 -0.100000
v 2.017125 0.285125 -0.100000
v 2.003150 0.284490 -0.100000
v 1.989074 0.283963 -0.100000
v 1.974859 0.283547 -0.100000
v 1.960468 0.283245 -0.100000
v 1.945861 0.283062 -0.100000
v 1.931000 0.283000 -0.100000
v 1.837000 0.285000 -0.100000
v 1.837000 0.409000 -0.100000
v 1.837040 0.413447 -0.100000
v 1.837157 0.418241 -0.100000
v 1.837344 0.423313 -0.100000
v 1.837592 0.428593 -0.100000
v 1.837897 0.434012 -0.100000
v 1.838250 0.439500 -0.100000
v 1.838645 0.444988 -0.100000
v 1.839074 0.450407 -0.100000
v 1.839531 0.455688 -0.100000
v 1.840009 0.460759 -0.100000
v 1.840501 0.465553 -0.100000
v 1.841000 0.470000 -0.100000
v 1.751000 0.470000 -0.100000
v 1.751729 0.465000 -0.100000
v 1.752417 0.460000 -0.100000
v 1.753062 0.455000 -0.100000
v 1.753667 0.450000 -0.100000
v 1.754229 0.445000 -0.100000
v 1.754750 0.440000 -0.100000
v 1.755229 0.435000 -0.100000
v 1.755667 0.430000 -0.100000
v 1.756063 0.425000 -0.100000
v 1.756417 0.420000 -0.100000
v 1.756729 0.415000 -0.100000
v 1.757000 0.410000 -0.100000
v 2.267185 0.370673 -0.100000
v 2.272648 0.341634 -0.100000
v 2.278250 0.309547 -0.100000
v 2.283852 0.275074 -0.100000
v 2.289315 0.238879 -0.100000
v 2.294500 0.201625 -0.100000
v 2.299269 0.163975 -0.100000
v 2.303482 0.126593 -0.100000
v 2.307000 0.090141 -0.100000
v 2.309685 0.055282 -0.100000
v 2.311398 0.022681 -0.100000
v 2.312000 -0.007000 -0.100000
v 2.311937 -0.018883 -0.100000
v 2.311745 -0.030560 -0.100000
v 2.311422 -0.042078 -0.100000
v 2.310963 -0.053481 -0.100000
v 2.310365 -0.064815 -0.100000
v 2.309625 -0.076125 -0.100000
v 2.308739 -0.087455 -0.100000
v 2.307704 -0.098852 -0.100000
v 2.306516 -0.110359 -0.100000
v 2.305171 -0.122023 -0.100000
v 2.303667 -0.133888 -0.100000
v 2.302000 -0.146000 -0.100000
v 2.297842 -0.134438 -0.100000
v 2.293403 -0.122333 -0.100000
v 2.288734 -0.109813 -0.100000
v 2.283889 -0.097000 -0.100000
v 2.278918 -0.084021 -0.100000
v 2.273875 -0.071000 -0.100000
v 2.268811 -0.058062 -0.100000
v 2.263777 -0.045333 -0.100000
v 2.258828 -0.032937 -0.100000
v 2.254014 -0.021000 -0.100000
v 2.249387 -0.009646 -0.100000
v 2.245000 0.001000 -0.100000
v 2.204000 -0.031000 -0.100000
v 2.210248 -0.049117 -0.100000
v 2.216898 -0.068273 -0.100000
v 2.223812 -0.088172 -0.100000
v 2.230852 -0.108519 -0.100000
v 2.237877 -0.129018 -0.100000
v 2.244750 -0.149375 -0.100000
v 2.251331 -0.169295 -0.100000
v 2.257481 -0.188481 -0.100000
v 2.263062 -0.206641 -0.100000
v 2.267935 -0.223477 -0.100000
v 2.271961 -0.238695 -0.100000
v 2.275000 -0.252000 -0.100000
v 2.275728 -0.255597 -0.100000
v 2.276407 -0.259361 -0.100000
v 2.277031 -0.263250 -0.100000
v 2.277592 -0.267222 -0.100000
v 2.278084 -0.271236 -0.100000
v 2.278500 -0.275250 -0.100000
v 2.278832 -0.279222 -0.100000
v 2.279074 -0.283111 -0.100000
v 2.279219 -0.286875 -0.100000
v 2.279259 -0.290472 -0.100000
v 2.279189 -0.293861 -0.100000
v 2.279000 -0.297000 -0.100000
v 2.278980 -0.299579 -0.100000
v 2.278921 -0.302301 -0.100000
v 2.278828 -0.305141 -0.100000
v 2.278704 -0.308074 -0.100000
v 2.278552 -0.311077 -0.100000
v 2.278375 -0.314125 -0.100000
v 2.278178 -0.317194 -0.100000
v 2.277963 -0.320259 -0.100000
v 2.277734 -0.323297 -0.100000
v 2.277495 -0.326282 -0.100000
v 2.277249 -0.329192 -0.100000
v 2.277000 -0.332000 -0.100000
v 2.347000 -0.337000 -0.100000
v 2.351949 -0.318446 -0.100000
v 2.356759 -0.298315 -0.100000
v 2.361375 -0.276656 -0.100000
v 2.365741 -0.253519 -0.100000
v 2.369801 -0.228950 -0.100000
v 2.373500 -0.203000 -0.100000
v 2.376782 -0.175716 -0.100000
v 2.379593 -0.147148 -0.100000
v 2.381875 -0.117344 -0.100000
v 2.383574 -0.086352 -0.100000
v 2.384634 -0.054221 -0.100000
v 2.385000 -0.021000 -0.100000
v 2.384343 0.016579 -0.100000
v 2.382495 0.055463 -0.100000
v 2.379641 0.095125 -0.100000
v 2.375963 0.135037 -0.100000
v 2.371646 0.174671 -0.100000
v 2.366875 0.213500 -0.100000
v 2.361833 0.250995 -0.100000
v 2.356704 0.286630 -0.100000
v 2.351672 0.319875 -0.100000
v 2.346921 0.350204 -0.100000
v 2.342636 0.377088 -0.100000
v 2.339000 0.400000 -0.100000
v 2.338252 0.405828 -0.100000
v 2.337514 0.411787 -0.100000
v 2.336797 0.417844 -0.100000
v 2.336111 0.423963 -0.100000
v 2.335467 0.430110 -0.100000
v 2.334875 0.436250 -0.100000
v 2.334345 0.442348 -0.100000
v 2.333889 0.448370 -0.100000
v 2.333515 0.454281 -0.100000
v 2.333236 0.460046 -0.100000
v 2.333061 0.465631 -0.100000
v 2.333000 0.471000 -0.100000
v 2.245000 0.464000 -0.100000
v 2.246537 0.459435 -0.100000
v 2.248134 0.454310 -0.100000
v 2.249765 0.448734 -0.100000
v 2.251407 0.442815 -0.100000
v 2.253035 0.436659 -0.100000
v 2.254625 0.430375 -0.100000
v 2.256152 0.424070 -0.100000
v 2.257593 0.417852 -0.100000
v 2.258922 0.411828 -0.100000
v 2.260116 0.406107 -0.100000
v 2.261150 0.400795 -0.100000
v 2.262000 0.396000 -0.100000
v -1.965000 0.507000 0.100000
v -1.974099 0.499994 0.100000
v -1.984708 0.491620 0.100000
v -1.996547 0.482094 0.100000
v -2.009333 0.471630 0.100000
v -2.022786 0.460443 0.100000
v -2.036625 0.448750 0.100000
v -2.050568 0.436765 0.100000
v -2.064333 0.424704 0.100000
v -2.077641 0.412781 0.100000
v -2.090208 0.401213 0.100000
v -2.101755 0.390214 0.100000
v -2.112000 0.380000 0.100000
v -2.055000 0.335000 0.100000
v -2.044736 0.344949 0.100000
v -2.033556 0.355676 0.100000
v -2.021625 0.367000 0.100000
v -2.009111 0.378741 0.100000
v -1.996181 0.390718 0.100000
v -1.983000 0.402750 0.100000
v -1.969736 0.414657 0.100000
v -1.956555 0.426259 0.100000
v -1.943625 0.437375 0.100000
v -1.931111 0.447824 0.100000
v -1.919181 0.457426 0.100000
v -1.908000 0.466000 0.100000
v -1.650624 0.159352 0.100000
v -1.659495 0.162903 0.100000
v -1.668609 0.166641 0.100000
v -1.677963 0.170556 0.100000
v -1.687553 0.174637 0.100000
v -1.697375 0.178875 0.100000
v -1.707426 0.183259 0.100000
v -1.717704 0.187778 0.100000
v -1.728203 0.192422 0.100000
v -1.738921 0.197181 0.100000
v -1.749855 0.202043 0.100000
v -1.761000 0.207000 0.100000
v -1.755792 0.217873 0.100000
v -1.750667 0.228481 0.100000
v -1.745625 0.238812 0.100000
v -1.740667 0.248852 0.100000
v -1.735791 0.258586 0.100000
v -1.731000 0.268000 0.100000
v -1.726292 0.277081 0.100000
v -1.721667 0.285815 0.100000
v -1.717125 0.294188 0.100000
v -1.712667 0.302185 0.100000
v -1.708292 0.309794 0.100000
v -1.704000 0.317000 0.100000
v -1.700611 0.322217 0.100000
v -1.696968 0.327815 0.100000
v -1.693110 0.333719 0.100000
v -1.689074 0.339852 0.100000
v -1.684900 0.346138 0.100000
v -1.680625 0.352500 0.100000
v -1.676288 0.358862 0.100000
v -1.671926 0.365148 0.100000
v -1.667578 0.371281 0.100000
v -1.663282 0.377185 0.100000
v -1.659077 0.382784 0.100000
v -1.655000 0.388000 0.100000
v -1.737000 0.421000 0.100000
v -1.738949 0.416664 0.100000
v -1.741259 0.411732 0.100000
v -1.743875 0.406313 0.100000
v -1.746741 0.400519 0.100000
v -1.749801 0.394461 0.100000
v -1.753000 0.388250 0.100000
v -1.756282 0.381998 0.100000
v -1.759593 0.375815 0.100000
v -1.762875 0.369813 0.100000
v -1.766074 0.364102 0.100000
v -1.769134 0.358794 0.100000
v -1.772000 0.354000 0.100000
v -1.776540 0.345607 0.100000
v -1.781157 0.336940 0.100000
v -1.785844 0.328016 0.100000
v -1.790592 0.318852 0.100000
v -1.795397 0.309466 0.100000
v -1.800250 0.299875 0.100000
v -1.805145 0.290097 0.100000
v -1.810074 0.280148 0.100000
v -1.815031 0.270047 0.100000
v -1.820009 0.259810 0.100000
v -1.825001 0.249455 0.100000
v -1.830000 0.239000 0.100000
v -1.860516 0.252239 0.100000
v -1.891458 0.265329 0.100000
v -1.922672 0.278078 0.100000
v -1.954000 0.290296 0.100000
v -1.985286 0.301792 0.100000
v -2.016375 0.312375 0.100000
v -2.047109 0.321854 0.100000
v -2.077333 0.330037 0.100000
v -2.106890 0.336734 0.100000
v -2.135625 0.341755 0.100000
v -2.163380 0.344907 0.100000
v -2.190000 0.346000 0.100000
v -2.223377 0.344383 0.100000
v -2.254435 0.339644 0.100000
v -2.283062 0.331953 0.100000
v -2.309148 0.321481 0.100000
v -2.332581 0.308399 0.100000
v -2.353250 0.292875 0.100000
v -2.371044 0.275080 0.100000
v -2.385852 0.255185 0.100000
v -2.397563 0.233359 0.100000
v -2.406065 0.209773 0.100000
v -2.411248 0.184597 0.100000
v -2.413000 0.158000 0.100000
v -2.411454 0.129867 0.100000
v -2.406796 0.103107 0.100000
v -2.399000 0.077922 0.100000
v -2.388037 0.054519 0.100000
v -2.373879 0.033101 0.100000
v -2.356500 0.013875 0.100000
v -2.335870 -0.002955 0.100000
v -2.311963 -0.017185 0.100000
v -2.284750 -0.028609 0.100000
v -2.254204 -0.037023 0.100000
v -2.220296 -0.042222 0.100000
v -2.183000 -0.044000 0.100000
v -2.169010 -0.043716 0.100000
v -2.155083 -0.042898 0.100000
v -2.141281 -0.041594 0.100000
v -2.127667 -0.039852 0.100000
v -2.114302 -0.037721 0.100000
v -2.101250 -0.035250 0.100000
v -2.088573 -0.032487 0.100000
v -2.076333 -0.029481 0.100000
v -2.064594 -0.026281 0.100000
v -2.053417 -0.022935 0.100000
v -2.042865 -0.019492 0.100000
v -2.033000 -0.016000 0.100000
v -2.036000 0.062000 0.100000
v -2.045974 0.057799 0.100000
v -2.056379 0.053727 0.100000
v -2.067187 0.049828 0.100000
v -2.078370 0.046148 0.100000
v -2.089900 0.042732 0.100000
v -2.101750 0.039625 0.100000
v -2.113891 0.036872 0.100000
v -2.126296 0.034519 0.100000
v -2.138937 0.032609 0.100000
v -2.151787 0.031190 0.100000
v -2.164817 0.030305 0.100000
v -2.178000 0.030000 0.100000
v -2.203947 0.031222 0.100000
v -2.227329 0.034778 0.100000
v -2.248203 0.040500 0.100000
v -2.266629 0.048222 0.100000
v -2.282667 0.057778 0.100000
v -2.296375 0.069000 0.100000
v -2.307812 0.081722 0.100000
v -2.317037 0.095778 0.100000
v -2.324110 0.111000 0.100000
v -2.329088 0.127222 0.100000
v -2.332032 0.144278 0.100000
v -2.333000 0.162000 0.100000
v -2.332019 0.176617 0.100000
v -2.329065 0.190857 0.100000
v -2.324126 0.204547 0.100000
v -2.317186 0.217519 0.100000
v -2.308232 0.229601 0.100000
v -2.297250 0.240625 0.100000
v -2.284227 0.250420 0.100000
v -2.269148 0.258815 0.100000
v -2.252000 0.265641 0.100000
v -2.232769 0.270727 0.100000
v -2.211440 0.273903 0.100000
v -2.188000 0.275000 0.100000
v -2.165295 0.274044 0.100000
v -2.141277 0.271269 0.100000
v -2.116093 0.266813 0.100000
v -2.089889 0.260815 0.100000
v -2.062809 0.253414 0.100000
v -2.035000 0.244750 0.100000
v -2.006608 0.234961 0.100000
v -1.977778 0.224185 0.100000
v -1.948656 0.212563 0.100000
v -1.919389 0.200231 0.100000
v -1.890122 0.187331 0.100000
v -1.861000 0.174000 0.100000
v -1.899000 0.091000 0.100000
v -1.912895 0.058788 0.100000
v -1.926995 0.024472 0.100000
v -1.941172 -0.011469 0.100000
v -1.955296 -0.048556 0.100000
v -1.969240 -0.086309 0.100000
v -1.982875 -0.124250 0.100000
v -1.996072 -0.161899 0.100000
v -2.008704 -0.198778 0.100000
v -2.020641 -0.234406 0.100000
v -2.031755 -0.268306 0.100000
v -2.041917 -0.299997 0.100000
v -2.051000 -0.329000 0.100000
v -1.965000 -0.352000 0.100000
v -1.956900 -0.321646 0.100000
v -1.948120 -0.289755 0.100000
v -1.938687 -0.256578 0.100000
v -1.928630 -0.222370 0.100000
v -1.917974 -0.187385 0.100000
v -1.906750 -0.151875 0.100000
v -1.894984 -0.116094 0.100000
v -1.882704 -0.080296 0.100000
v -1.869937 -0.044734 0.100000
v -1.856713 -0.009662 0.100000
v -1.843058 0.024667 0.100000
v -1.829000 0.058000 0.100000
v -1.791000 0.141000 0.100000
v -1.771906 0.131779 0.100000
v -1.753162 0.122648 0.100000
v -1.734828 0.113656 0.100000
v -1.716963 0.104852 0.100000
v -1.699626 0.096284 0.100000
v -1.682875 0.088000 0.100000
v -1.666770 0.080050 0.100000
v -1.651370 0.072481 0.100000
v -1.636734 0.065344 0.100000
v -1.622921 0.058685 0.100000
v -1.609990 0.052554 0.100000
v -1.598000 0.047000 0.100000
v -1.560000 0.129000 0.100000
v -1.567362 0.130868 0.100000
v -1.574893 0.132944 0.100000
v -1.582516 0.135188 0.100000
v -1.590148 0.137556 0.100000
v -1.597711 0.140007 0.100000
v -1.605125 0.142500 0.100000
v -1.612310 0.144993 0.100000
v -1.619185 0.147444 0.100000
v -1.625672 0.149813 0.100000
v -1.631690 0.152056 0.100000
v -1.637159 0.154132 0.100000
v -1.642000 0.156000 0.100000
v -1.067290 0.262021 0.100000
v -1.077653 0.262083 0.100000
v -1.088078 0.262188 0.100000
v -1.098555 0.262333 0.100000
v -1.109074 0.262521 0.100000
v -1.119625 0.262750 0.100000
v -1.130196 0.263021 0.100000
v -1.140778 0.263333 0.100000
v -1.151359 0.263687 0.100000
v -1.161931 0.264083 0.100000
v -1.172481 0.264521 0.100000
v -1.183000 0.265000 0.100000
v -1.182710 0.280807 0.100000
v -1.182347 0.296620 0.100000
v -1.181922 0.312281 0.100000
v -1.181445 0.327630 0.100000
v -1.180925 0.342506 0.100000
v -1.180375 0.356750 0.100000
v -1.179804 0.370203 0.100000
v -1.179222 0.382704 0.100000
v -1.178641 0.394094 0.100000
v -1.178069 0.404213 0.100000
v -1.177519 0.412902 0.100000
v -1.177000 0.420000 0.100000
v -1.176460 0.425707 0.100000
v -1.175847 0.431319 0.100000
v -1.175172 0.436828 0.100000
v -1.174445 0.442222 0.100000
v -1.173676 0.447491 0.100000
v -1.172875 0.452625 0.100000
v -1.172054 0.457613 0.100000
v -1.171222 0.462444 0.100000
v -1.170391 0.467109 0.100000
v -1.169569 0.471597 0.100000
v -1.168769 0.475898 0.100000
v -1.168000 0.480000 0.100000
v -1.261000 0.480000 0.100000
v -1.260521 0.475688 0.100000
v -1.260083 0.471255 0.100000
v -1.259687 0.466703 0.100000
v -1.259333 0.462037 0.100000
v -1.259021 0.457260 0.100000
v -1.258750 0.452375 0.100000
v -1.258521 0.447386 0.100000
v -1.258333 0.442296 0.100000
v -1.258188 0.437109 0.100000
v -1.258083 0.431829 0.100000
v -1.258021 0.426458 0.100000
v -1.258000 0.421000 0.100000
v -1.259000 0.270000 0.100000
v -1.273704 0.271293 0.100000
v -1.288296 0.272676 0.100000
v -1.302750 0.274156 0.100000
v -1.317037 0.275741 0.100000
v -1.331130 0.277436 0.100000
v -1.345000 0.279250 0.100000
v -1.358620 0.281189 0.100000
v -1.371963 0.283259 0.100000
v -1.385000 0.285469 0.100000
v -1.397704 0.287824 0.100000
v -1.410046 0.290332 0.100000
v -1.422000 0.293000 0.100000
v -1.422000 0.211000 0.100000
v -1.410295 0.209271 0.100000
v -1.398195 0.207588 0.100000
v -1.385719 0.205953 0.100000
v -1.372889 0.204370 0.100000
v -1.359726 0.202843 0.100000
v -1.346250 0.201375 0.100000
v -1.332483 0.199969 0.100000
v -1.318444 0.198630 0.100000
v -1.304156 0.197359 0.100000
v -1.289639 0.196162 0.100000
v -1.274913 0.195041 0.100000
v -1.260000 0.194000 0.100000
v -1.260000 0.159000 0.100000
v -1.259877 0.102879 0.100000
v -1.259019 0.049449 0.100000
v -1.256688 -0.001391 0.100000
v -1.252148 -0.049741 0.100000
v -1.244664 -0.095702 0.100000
v -1.233500 -0.139375 0.100000
v -1.217919 -0.180861 0.100000
v -1.197185 -0.220259 0.100000
v -1.170563 -0.257672 0.100000
v -1.137315 -0.293199 0.100000
v -1.096706 -0.326942 0.100000
v -1.048000 -0.359000 0.100000
v -0.975000 -0.302000 0.100000
v -0.983173 -0.298508 0.100000
v -0.991630 -0.294560 0.100000
v -1.000281 -0.290203 0.100000
v -1.009037 -0.285482 0.100000
v -1.017807 -0.280440 0.100000
v -1.026500 -0.275125 0.100000
v -1.035027 -0.269580 0.100000
v -1.043296 -0.263852 0.100000
v -1.051219 -0.257984 0.100000
v -1.058704 -0.252023 0.100000
v -1.065661 -0.246013 0.100000
v -1.072000 -0.240000 0.100000
v -1.096701 -0.216069 0.100000
v -1.117523 -0.191139 0.100000
v -1.134797 -0.165000 0.100000
v -1.148852 -0.137444 0.100000
v -1.160018 -0.108264 0.100000
v -1.168625 -0.077250 0.100000
v -1.175003 -0.044194 0.100000
v -1.179482 -0.008889 0.100000
v -1.182391 0.028875 0.100000
v -1.184060 0.069306 0.100000
v -1.184820 0.112611 0.100000
v -1.185000 0.159000 0.100000
v -1.185000 0.190000 0.100000
v -1.174251 0.189521 0.100000
v -1.163509 0.189083 0.100000
v -1.152781 0.188688 0.100000
v -1.142074 0.188333 0.100000
v -1.131395 0.188021 0.100000
v -1.120750 0.187750 0.100000
v -1.110147 0.187521 0.100000
v -1.099593 0.187333 0.100000
v -1.089094 0.187188 0.100000
v -1.078658 0.187083 0.100000
v -1.068291 0.187021 0.100000
v -1.058000 0.187000 0.100000
v -1.045550 0.187061 0.100000
v -1.032320 0.187236 0.100000
v -1.018484 0.187516 0.100000
v -1.004222 0.187889 0.100000
v -0.989710 0.188346 0.100000
v -0.975125 0.188875 0.100000
v -0.960644 0.189467 0.100000
v -0.946444 0.190111 0.100000
v -0.932703 0.190797 0.100000
v -0.919597 0.191514 0.100000
v -0.907304 0.192252 0.100000
v -0.896000 0.193000 0.100000
v -0.896000 0.273000 0.100000
v -0.907170 0.271313 0.100000
v -0.919107 0.269755 0.100000
v -0.931703 0.268328 0.100000
v -0.944852 0.267037 0.100000
v -0.958445 0.265885 0.100000
v -0.972375 0.264875 0.100000
v -0.986534 0.264011 0.100000
v -1.000815 0.263296 0.100000
v -1.015109 0.262734 0.100000
v -1.029310 0.262329 0.100000
v -1.043310 0.262083 0.100000
v -1.057000 0.262000 0.100000
v -0.730001 0.362283 0.100000
v -0.722176 0.321931 0.100000
v -0.714781 0.279391 0.100000
v -0.708074 0.235111 0.100000
v -0.702311 0.189540 0.100000
v -0.697750 0.143125 0.100000
v -0.694647 0.096314 0.100000
v -0.693259 0.049556 0.100000
v -0.693844 0.003297 0.100000
v -0.696657 -0.042014 0.100000
v -0.701957 -0.085929 0.100000
v -0.710000 -0.128000 0.100000
v -0.713641 -0.117122 0.100000
v -0.717542 -0.105556 0.100000
v -0.721672 -0.093406 0.100000
v -0.726000 -0.080778 0.100000
v -0.730495 -0.067774 0.100000
v -0.735125 -0.054500 0.100000
v -0.739859 -0.041059 0.100000
v -0.744667 -0.027556 0.100000
v -0.749516 -0.014094 0.100000
v -0.754375 -0.000778 0.100000
v -0.759214 0.012288 0.100000
v -0.764000 0.025000 0.100000
v -0.807000 -0.001000 0.100000
v -0.800889 -0.019117 0.100000
v -0.794616 -0.038273 0.100000
v -0.788266 -0.058172 0.100000
v -0.781926 -0.078518 0.100000
v -0.775683 -0.099018 0.100000
v -0.769625 -0.119375 0.100000
v -0.763837 -0.139295 0.100000
v -0.758407 -0.158481 0.100000
v -0.753422 -0.176641 0.100000
v -0.748968 -0.193477 0.100000
v -0.745131 -0.208695 0.100000
v -0.742000 -0.222000 0.100000
v -0.741042 -0.225826 0.100000
v -0.740171 -0.229778 0.100000
v -0.739391 -0.233813 0.100000
v -0.738704 -0.237889 0.100000
v -0.738114 -0.241965 0.100000
v -0.737625 -0.246000 0.100000
v -0.737240 -0.249951 0.100000
v -0.736963 -0.253778 0.100000
v -0.736797 -0.257438 0.100000
v -0.736745 -0.260889 0.100000
v -0.736812 -0.264090 0.100000
v -0.737000 -0.267000 0.100000
v -0.737250 -0.269579 0.100000
v -0.737500 -0.272296 0.100000
v -0.737750 -0.275125 0.100000
v -0.738000 -0.278037 0.100000
v -0.738250 -0.281005 0.100000
v -0.738500 -0.284000 0.100000
v -0.738750 -0.286995 0.100000
v -0.739000 -0.289963 0.100000
v -0.739250 -0.292875 0.100000
v -0.739500 -0.295704 0.100000
v -0.739750 -0.298421 0.100000
v -0.740000 -0.301000 0.100000
v -0.672000 -0.309000 0.100000
v -0.666756 -0.292355 0.100000
v -0.661130 -0.273088 0.100000
v -0.655281 -0.251453 0.100000
v -0.649370 -0.227704 0.100000
v -0.643557 -0.202093 0.100000
v -0.638000 -0.174875 0.100000
v -0.632860 -0.146303 0.100000
v -0.628296 -0.116630 0.100000
v -0.624469 -0.086109 0.100000
v -0.621537 -0.054995 0.100000
v -0.619661 -0.023541 0.100000
v -0.619000 0.008000 0.100000
v -0.619519 0.048297 0.100000
v -0.620981 0.088042 0.100000
v -0.623250 0.127016 0.100000
v -0.626185 0.165000 0.100000
v -0.629648 0.201776 0.100000
v -0.633500 0.237125 0.100000
v -0.637602 0.270828 0.100000
v -0.641815 0.302667 0.100000
v -0.646000 0.332422 0.100000
v -0.650019 0.359875 0.100000
v -0.653731 0.384807 0.100000
v -0.657000 0.407000 0.100000
v -0.657939 0.412806 0.100000
v -0.658759 0.418699 0.100000
v -0.659469 0.424641 0.100000
v -0.660074 0.430593 0.100000
v -0.660582 0.436517 0.100000
v -0.661000 0.442375 0.100000
v -0.661335 0.448129 0.100000
v -0.661593 0.453741 0.100000
v -0.661781 0.459172 0.100000
v -0.661907 0.464384 0.100000
v -0.661978 0.469340 0.100000
v -0.662000 0.474000 0.100000
v -0.755000 0.465000 0.100000
v -0.753692 0.460093 0.100000
v -0.752282 0.454907 0.100000
v -0.750797 0.449500 0.100000
v -0.749259 0.443926 0.100000
v -0.747694 0.438241 0.100000
v -0.746125 0.432500 0.100000
v -0.744577 0.426759 0.100000
v -0.743074 0.421074 0.100000
v -0.741641 0.415500 0.100000
v -0.740301 0.410093 0.100000
v -0.739079 0.404907 0.100000
v -0.738000 0.400000 0.100000
v -0.340000 -0.160000 0.100000
v -0.334628 -0.114315 0.100000
v -0.327528 -0.068019 0.100000
v -0.318719 -0.021500 0.100000
v -0.308222 0.024852 0.100000
v -0.296059 0.070648 0.100000
v -0.282250 0.115500 0.100000
v -0.266816 0.159018 0.100000
v -0.249778 0.200815 0.100000
v -0.231156 0.240500 0.100000
v -0.210972 0.277685 0.100000
v -0.189247 0.311981 0.100000
v -0.166000 0.343000 0.100000
v -0.244000 0.370000 0.100000
v -0.265873 0.339080 0.100000
v -0.286898 0.304644 0.100000
v -0.306938 0.267172 0.100000
v -0.325852 0.227148 0.100000
v -0.343502 0.185055 0.100000
v -0.359750 0.141375 0.100000
v -0.374456 0.096591 0.100000
v -0.387481 0.051185 0.100000
v -0.398687 0.005641 0.100000
v -0.407935 -0.039560 0.100000
v -0.415086 -0.083935 0.100000
v -0.420000 -0.127000 0.100000
v 0.285206 0.284687 0.100000
v 0.285315 0.267333 0.100000
v 0.285313 0.249063 0.100000
v 0.285185 0.230000 0.100000
v 0.284919 0.210271 0.100000
v 0.284500 0.190000 0.100000
v 0.283914 0.169313 0.100000
v 0.283148 0.148333 0.100000
v 0.282188 0.127188 0.100000
v 0.281019 0.106000 0.100000
v 0.279627 0.084896 0.100000
v 0.278000 0.064000 0.100000
v 0.273319 0.023449 0.100000
v 0.267301 -0.014579 0.100000
v 0.259984 -0.049891 0.100000
v 0.251407 -0.082296 0.100000
v 0.241608 -0.111605 0.100000
v 0.230625 -0.137625 0.100000
v 0.218496 -0.160166 0.100000
v 0.205259 -0.179037 0.100000
v 0.190953 -0.194047 0.100000
v 0.175616 -0.205005 0.100000
v 0.159285 -0.211719 0.100000
v 0.142000 -0.214000 0.100000
v 0.129343 -0.211896 0.100000
v 0.116912 -0.205833 0.100000
v 0.104766 -0.196188 0.100000
v 0.092963 -0.183333 0.100000
v 0.081563 -0.167646 0.100000
v 0.070625 -0.149500 0.100000
v 0.060208 -0.129271 0.100000
v 0.050370 -0.107333 0.100000
v 0.041172 -0.084062 0.100000
v 0.032671 -0.059833 0.100000
v 0.024928 -0.035021 0.100000
v 0.018000 -0.010000 0.100000
v -0.045000 -0.081000 0.100000
v -0.029976 -0.121198 0.100000
v -0.014894 -0.156917 0.100000
v 0.000266 -0.188344 0.100000
v 0.015519 -0.215667 0.100000
v 0.030883 -0.239073 0.100000
v 0.046375 -0.258750 0.100000
v 0.062013 -0.274885 0.100000
v 0.077815 -0.287667 0.100000
v 0.093797 -0.297281 0.100000
v 0.109977 -0.303917 0.100000
v 0.126372 -0.307760 0.100000
v 0.143000 -0.309000 0.100000
v 0.166632 -0.307001 0.100000
v 0.189889 -0.300838 0.100000
v 0.212562 -0.290266 0.100000
v 0.234444 -0.275037 0.100000
v 0.255326 -0.254906 0.100000
v 0.275000 -0.229625 0.100000
v 0.293257 -0.198949 0.100000
v 0.309889 -0.162630 0.100000
v 0.324688 -0.120422 0.100000
v 0.337444 -0.072079 0.100000
v 0.347951 -0.017354 0.100000
v 0.356000 0.044000 0.100000
v 0.358317 0.066422 0.100000
v 0.360287 0.089958 0.100000
v 0.361938 0.114266 0.100000
v 0.363296 0.139000 0.100000
v 0.364391 0.163818 0.100000
v 0.365250 0.188375 0.100000
v 0.365900 0.212328 0.100000
v 0.366370 0.235333 0.100000
v 0.366688 0.257047 0.100000
v 0.366880 0.277125 0.100000
v 0.366975 0.295224 0.100000
v 0.367000 0.311000 0.100000
v 0.367023 0.317124 0.100000
v 0.367102 0.323912 0.100000
v 0.367250 0.331234 0.100000
v 0.367481 0.338963 0.100000
v 0.367810 0.346969 0.100000
v 0.368250 0.355125 0.100000
v 0.368815 0.363302 0.100000
v 0.369519 0.371370 0.100000
v 0.370375 0.379203 0.100000
v 0.371398 0.386671 0.100000
v 0.372602 0.393646 0.100000
v 0.374000 0.400000 0.100000
v 0.277000 0.398000 0.100000
v 0.277998 0.391546 0.100000
v 0.278982 0.384287 0.100000
v 0.279938 0.376375 0.100000
v 0.280852 0.367963 0.100000
v 0.281711 0.359204 0.100000
v 0.282500 0.350250 0.100000
v 0.283206 0.341255 0.100000
v 0.283815 0.332370 0.100000
v 0.284313 0.323750 0.100000
v 0.284685 0.315546 0.100000
v 0.284919 0.307912 0.100000
v 0.285000 0.301000 0.100000
v 1.156825 -0.094740 0.100000
v 1.179764 -0.096921 0.100000
v 1.200766 -0.100484 0.100000
v 1.219778 -0.105370 0.100000
v 1.236748 -0.111520 0.100000
v 1.251625 -0.118875 0.100000
v 1.264356 -0.127376 0.100000
v 1.274889 -0.136963 0.100000
v 1.283172 -0.147578 0.100000
v 1.289153 -0.159162 0.100000
v 1.292780 -0.171656 0.100000
v 1.294000 -0.185000 0.100000
v 1.292842 -0.198246 0.100000
v 1.289407 -0.210468 0.100000
v 1.283750 -0.221641 0.100000
v 1.275926 -0.231741 0.100000
v 1.265991 -0.240744 0.100000
v 1.254000 -0.248625 0.100000
v 1.240009 -0.255361 0.100000
v 1.224074 -0.260926 0.100000
v 1.206250 -0.265297 0.100000
v 1.186592 -0.268449 0.100000
v 1.165157 -0.270358 0.100000
v 1.142000 -0.271000 0.100000
v 1.124520 -0.270291 0.100000
v 1.108579 -0.268162 0.100000
v 1.094172 -0.264609 0.100000
v 1.081296 -0.259630 0.100000
v 1.069948 -0.253219 0.100000
v 1.060125 -0.245375 0.100000
v 1.051822 -0.236093 0.100000
v 1.045037 -0.225370 0.100000
v 1.039766 -0.213203 0.100000
v 1.036005 -0.199588 0.100000
v 1.033751 -0.184521 0.100000
v 1.033000 -0.168000 0.100000
v 1.034000 -0.104000 0.100000
v 1.042020 -0.102333 0.100000
v 1.050079 -0.100829 0.100000
v 1.058172 -0.099484 0.100000
v 1.066296 -0.098296 0.100000
v 1.074448 -0.097261 0.100000
v 1.082625 -0.096375 0.100000
v 1.090822 -0.095635 0.100000
v 1.099037 -0.095037 0.100000
v 1.107266 -0.094578 0.100000
v 1.115505 -0.094255 0.100000
v 1.123751 -0.094063 0.100000
v 1.132000 -0.094000 0.100000
v 0.966000 0.284000 0.100000
v 0.945299 0.284564 0.100000
v 0.922894 0.285264 0.100000
v 0.899078 0.286109 0.100000
v 0.874148 0.287111 0.100000
v 0.848399 0.288280 0.100000
v 0.822125 0.289625 0.100000
v 0.795622 0.291158 0.100000
v 0.769185 0.292889 0.100000
v 0.743109 0.294828 0.100000
v 0.717690 0.296986 0.100000
v 0.693222 0.299373 0.100000
v 0.670000 0.302000 0.100000
v 0.667000 0.227000 0.100000
v 0.690013 0.224814 0.100000
v 0.714356 0.222759 0.100000
v 0.739734 0.220844 0.100000
v 0.765852 0.219074 0.100000
v 0.792414 0.217457 0.100000
v 0.819125 0.216000 0.100000
v 0.845690 0.214710 0.100000
v 0.871815 0.213593 0.100000
v 0.897203 0.212656 0.100000
v 0.921560 0.211907 0.100000
v 0.944591 0.211353 0.100000
v 0.966000 0.211000 0.100000
v 0.966000 0.202000 0.100000
v 0.965899 0.185108 0.100000
v 0.965606 0.167028 0.100000
v 0.965141 0.147906 0.100000
v 0.964518 0.127889 0.100000
v 0.963757 0.107122 0.100000
v 0.962875 0.085750 0.100000
v 0.961888 0.063920 0.100000
v 0.960815 0.041778 0.100000
v 0.959672 0.019469 0.100000
v 0.958477 -0.002861 0.100000
v 0.957247 -0.025066 0.100000
v 0.956000 -0.047000 0.100000
v 0.924367 -0.056456 0.100000
v 0.893519 -0.067231 0.100000
v 0.863531 -0.079188 0.100000
v 0.834481 -0.092185 0.100000
v 0.806446 -0.106086 0.100000
v 0.779500 -0.120750 0.100000
v 0.753721 -0.136039 0.100000
v 0.729185 -0.151815 0.100000
v 0.705969 -0.167938 0.100000
v 0.684148 -0.184269 0.100000
v 0.663800 -0.200669 0.100000
v 0.645000 -0.217000 0.100000
v 0.693000 -0.293000 0.100000
v 0.709574 -0.276786 0.100000
v 0.727259 -0.260704 0.100000
v 0.746000 -0.244844 0.100000
v 0.765741 -0.229296 0.100000
v 0.786426 -0.214152 0.100000
v 0.808000 -0.199500 0.100000
v 0.830407 -0.185432 0.100000
v 0.853593 -0.172037 0.100000
v 0.877500 -0.159406 0.100000
v 0.902074 -0.147630 0.100000
v 0.927259 -0.136797 0.100000
v 0.953000 -0.127000 0.100000
v 0.951000 -0.194000 0.100000
v 0.952061 -0.214216 0.100000
v 0.955319 -0.233731 0.100000
v 0.960891 -0.252344 0.100000
v 0.968889 -0.269852 0.100000
v 0.979429 -0.286054 0.100000
v 0.992625 -0.300750 0.100000
v 1.008592 -0.313737 0.100000
v 1.027444 -0.324815 0.100000
v 1.049297 -0.333781 0.100000
v 1.074264 -0.340435 0.100000
v 1.102460 -0.344575 0.100000
v 1.134000 -0.346000 0.100000
v 1.167712 -0.345068 0.100000
v 1.199694 -0.342213 0.100000
v 1.229719 -0.337344 0.100000
v 1.257555 -0.330370 0.100000
v 1.282976 -0.321203 0.100000
v 1.305750 -0.309750 0.100000
v 1.325649 -0.295922 0.100000
v 1.342444 -0.279630 0.100000
v 1.355906 -0.260781 0.100000
v 1.365806 -0.239287 0.100000
v 1.371913 -0.215057 0.100000
v 1.374000 -0.188000 0.100000
v 1.372345 -0.165867 0.100000
v 1.367347 -0.144602 0.100000
v 1.358953 -0.124406 0.100000
v 1.347111 -0.105481 0.100000
v 1.331769 -0.088029 0.100000
v 1.312875 -0.072250 0.100000
v 1.290377 -0.058346 0.100000
v 1.264222 -0.046519 0.100000
v 1.234359 -0.036969 0.100000
v 1.200736 -0.029898 0.100000
v 1.163300 -0.025508 0.100000
v 1.122000 -0.024000 0.100000
v 1.114770 -0.024042 0.100000
v 1.107579 -0.024167 0.100000
v 1.100422 -0.024375 0.100000
v 1.093296 -0.024667 0.100000
v 1.086198 -0.025042 0.100000
v 1.079125 -0.025500 0.100000
v 1.072072 -0.026042 0.100000
v 1.065037 -0.026667 0.100000
v 1.058015 -0.027375 0.100000
v 1.051005 -0.028167 0.100000
v 1.044001 -0.029042 0.100000
v 1.037000 -0.030000 0.100000
v 1.037998 -0.009546 0.100000
v 1.038981 0.011213 0.100000
v 1.039937 0.032125 0.100000
v 1.040852 0.053037 0.100000
v 1.041711 0.073796 0.100000
v 1.042500 0.094250 0.100000
v 1.043206 0.114245 0.100000
v 1.043815 0.133630 0.100000
v 1.044312 0.152250 0.100000
v 1.044685 0.169954 0.100000
v 1.044919 0.186588 0.100000
v 1.045000 0.202000 0.100000
v 1.045001 0.217193 0.100000
v 1.045005 0.233130 0.100000
v 1.045016 0.249594 0.100000
v 1.045037 0.266370 0.100000
v 1.045072 0.283244 0.100000
v 1.045125 0.300000 0.100000
v 1.045199 0.316422 0.100000
v 1.045296 0.332296 0.100000
v 1.045422 0.347406 0.100000
v 1.045579 0.361537 0.100000
v 1.045770 0.374473 0.100000
v 1.046000 0.386000 0.100000
v 1.046062 0.395167 0.100000
v 1.046246 0.404583 0.100000
v 1.046547 0.414125 0.100000
v 1.046963 0.423667 0.100000
v 1.047490 0.433083 0.100000
v 1.048125 0.442250 0.100000
v 1.048864 0.451042 0.100000
v 1.049704 0.459333 0.100000
v 1.050641 0.467000 0.100000
v 1.051671 0.473917 0.100000
v 1.052792 0.479958 0.100000
v 1.054000 0.485000 0.100000
v 0.959000 0.485000 0.100000
v 0.959749 0.479214 0.100000
v 0.960491 0.472458 0.100000
v 0.961219 0.464891 0.100000
v 0.961926 0.456667 0.100000
v 0.962605 0.447943 0.100000
v 0.963250 0.438875 0.100000
v 0.963853 0.429620 0.100000
v 0.964407 0.420333 0.100000
v 0.964906 0.411172 0.100000
v 0.965343 0.402292 0.100000
v 0.965709 0.393849 0.100000
v 0.966000 0.386000 0.100000
v 1.944274 -0.099658 0.100000
v 1.961523 -0.101597 0.100000
v 1.977641 -0.104766 0.100000
v 1.992519 -0.109111 0.100000
v 2.006049 -0.114582 0.100000
v 2.018125 -0.121125 0.100000
v 2.028638 -0.128689 0.100000
v 2.037482 -0.137222 0.100000
v 2.044547 -0.146672 0.100000
v 2.049727 -0.156986 0.100000
v 2.052914 -0.168113 0.100000
v 2.054000 -0.180000 0.100000
v 2.052974 -0.192268 0.100000
v 2.049963 -0.203560 0.100000
v 2.045063 -0.213859 0.100000
v 2.038370 -0.223148 0.100000
v 2.029984 -0.231409 0.100000
v 2.020000 -0.238625 0.100000
v 2.008516 -0.244778 0.100000
v 1.995629 -0.249852 0.100000
v 1.981437 -0.253828 0.100000
v 1.966037 -0.256690 0.100000
v 1.949525 -0.258420 0.100000
v 1.932000 -0.259000 0.100000
v 1.912210 -0.258116 0.100000
v 1.894759 -0.255509 0.100000
v 1.879531 -0.251250 0.100000
v 1.866408 -0.245407 0.100000
v 1.855270 -0.238051 0.100000
v 1.846000 -0.229250 0.100000
v 1.838480 -0.219074 0.100000
v 1.832593 -0.207593 0.100000
v 1.828219 -0.194875 0.100000
v 1.825241 -0.180991 0.100000
v 1.823540 -0.166009 0.100000
v 1.823000 -0.150000 0.100000
v 1.824000 -0.115000 0.100000
v 1.832041 -0.112585 0.100000
v 1.840166 -0.110343 0.100000
v 1.848375 -0.108281 0.100000
v 1.856666 -0.106407 0.100000
v 1.865041 -0.104728 0.100000
v 1.873500 -0.103250 0.100000
v 1.882042 -0.101980 0.100000
v 1.890667 -0.100926 0.100000
v 1.899375 -0.100094 0.100000
v 1.908167 -0.099491 0.100000
v 1.917042 -0.099124 0.100000
v 1.926000 -0.099000 0.100000
v 1.757250 0.402845 0.100000
v 1.757500 0.394926 0.100000
v 1.757750 0.386313 0.100000
v 1.758000 0.377074 0.100000
v 1.758250 0.367280 0.100000
v 1.758500 0.357000 0.100000
v 1.758750 0.346303 0.100000
v 1.759000 0.335259 0.100000
v 1.759250 0.323938 0.100000
v 1.759500 0.312407 0.100000
v 1.759750 0.300738 0.100000
v 1.760000 0.289000 0.100000
v 1.744794 0.290312 0.100000
v 1.729685 0.291745 0.100000
v 1.714687 0.293297 0.100000
v 1.699815 0.294963 0.100000
v 1.685081 0.296740 0.100000
v 1.670500 0.298625 0.100000
v 1.656086 0.300614 0.100000
v 1.641852 0.302704 0.100000
v 1.627812 0.304891 0.100000
v 1.613981 0.307171 0.100000
v 1.600373 0.309542 0.100000
v 1.587000 0.312000 0.100000
v 1.587000 0.235000 0.100000
v 1.600812 0.232812 0.100000
v 1.614745 0.230745 0.100000
v 1.628797 0.228797 0.100000
v 1.642963 0.226963 0.100000
v 1.657240 0.225240 0.100000
v 1.671625 0.223625 0.100000
v 1.686114 0.222114 0.100000
v 1.700704 0.220704 0.100000
v 1.715391 0.219391 0.100000
v 1.730171 0.218171 0.100000
v 1.745042 0.217042 0.100000
v 1.760000 0.216000 0.100000
v 1.759630 0.190780 0.100000
v 1.759042 0.165653 0.100000
v 1.758266 0.140672 0.100000
v 1.757333 0.115889 0.100000
v 1.756276 0.091356 0.100000
v 1.755125 0.067125 0.100000
v 1.753911 0.043248 0.100000
v 1.752667 0.019778 0.100000
v 1.751422 -0.003234 0.100000
v 1.750208 -0.025736 0.100000
v 1.749057 -0.047675 0.100000
v 1.748000 -0.069000 0.100000
v 1.728081 -0.077363 0.100000
v 1.708819 -0.086403 0.100000
v 1.690203 -0.096047 0.100000
v 1.672222 -0.106222 0.100000
v 1.654866 -0.116856 0.100000
v 1.638125 -0.127875 0.100000
v 1.621988 -0.139207 0.100000
v 1.606444 -0.150778 0.100000
v 1.591484 -0.162516 0.100000
v 1.577097 -0.174347 0.100000
v 1.563272 -0.186200 0.100000
v 1.550000 -0.198000 0.100000
v 1.594000 -0.265000 0.100000
v 1.606501 -0.253398 0.100000
v 1.619005 -0.242102 0.100000
v 1.631516 -0.231125 0.100000
v 1.644037 -0.220481 0.100000
v 1.656572 -0.210185 0.100000
v 1.669125 -0.200250 0.100000
v 1.681698 -0.190690 0.100000
v 1.694296 -0.181519 0.100000
v 1.706922 -0.172750 0.100000
v 1.719579 -0.164398 0.100000
v 1.732270 -0.156477 0.100000
v 1.745000 -0.149000 0.100000
v 1.745000 -0.170000 0.100000
v 1.745826 -0.190394 0.100000
v 1.748440 -0.210398 0.100000
v 1.753047 -0.229750 0.100000
v 1.759852 -0.248185 0.100000
v 1.769059 -0.265440 0.100000
v 1.780875 -0.281250 0.100000
v 1.795503 -0.295352 0.100000
v 1.813148 -0.307481 0.100000
v 1.834015 -0.317375 0.100000
v 1.858310 -0.324769 0.100000
v 1.886237 -0.329398 0.100000
v 1.918000 -0.331000 0.100000
v 1.950242 -0.329905 0.100000
v 1.979935 -0.326657 0.100000
v 2.007031 -0.321313 0.100000
v 2.031482 -0.313926 0.100000
v 2.053237 -0.304553 0.100000
v 2.072250 -0.293250 0.100000
v 2.088471 -0.280072 0.100000
v 2.101852 -0.265074 0.100000
v 2.112344 -0.248313 0.100000
v 2.119898 -0.229843 0.100000
v 2.124466 -0.209720 0.100000
v 2.126000 -0.188000 0.100000
v 2.124449 -0.167383 0.100000
v 2.119838 -0.147648 0.100000
v 2.112234 -0.128969 0.100000
v 2.101704 -0.111519 0.100000
v 2.088312 -0.095471 0.100000
v 2.072125 -0.081000 0.100000
v 2.053209 -0.068279 0.100000
v 2.031630 -0.057481 0.100000
v 2.007453 -0.048781 0.100000
v 1.980745 -0.042352 0.100000
v 1.951572 -0.038367 0.100000
v 1.920000 -0.037000 0.100000
v 1.911791 -0.037062 0.100000
v 1.903666 -0.037250 0.100000
v 1.895625 -0.037562 0.100000
v 1.887666 -0.038000 0.100000
v 1.879791 -0.038562 0.100000
v 1.872000 -0.039250 0.100000
v 1.864292 -0.040062 0.100000
v 1.856667 -0.041000 0.100000
v 1.849125 -0.042062 0.100000
v 1.841667 -0.043250 0.100000
v 1.834292 -0.044562 0.100000
v 1.827000 -0.046000 0.100000
v 1.827808 -0.026334 0.100000
v 1.828713 -0.005921 0.100000
v 1.829687 0.015109 0.100000
v 1.830704 0.036630 0.100000
v 1.831734 0.058511 0.100000
v 1.832750 0.080625 0.100000
v 1.833724 0.102843 0.100000
v 1.834630 0.125037 0.100000
v 1.835437 0.147078 0.100000
v 1.836120 0.168838 0.100000
v 1.836650 0.190188 0.100000
v 1.837000 0.211000 0.100000
v 1.933000 0.209000 0.100000
v 1.947153 0.209061 0.100000
v 1.961139 0.209241 0.100000
v 1.975000 0.209531 0.100000
v 1.988778 0.209926 0.100000
v 2.002514 0.210418 0.100000
v 2.016250 0.211000 0.100000
v 2.030028 0.211666 0.100000
v 2.043889 0.212407 0.100000
v 2.057875 0.213219 0.100000
v 2.072028 0.214093 0.100000
v 2.086389 0.215022 0.100000
v 2.101000 0.216000 0.100000
v 2.101000 0.291000 0.100000
v 2.086827 0.289792 0.100000
v 2.072783 0.288671 0.100000
v 2.058828 0.287641 0.100000
v 2.044926 0.286704 0.100000
v 2.031038 0.285864 0.100000
v 2.017125 0.285125 0.100000
v 2.003150 0.284490 0.100000
v 1.989074 0.283963 0.100000
v 1.974859 0.283547 0.100000
v 1.960468 0.283245 0.100000
v 1.945861 0.283062 0.100000
v 1.931000 0.283000 0.100000
v 1.837000 0.285000 0.100000
v 1.837000 0.409000 0.100000
v 1.837040 0.413447 0.100000
v 1.837157 0.418241 0.100000
v 1.837344 0.423313 0.100000
v 1.837592 0.428593 0.100000
v 1.837897 0.434012 0.100000
v 1.838250 0.439500 0.100000
v 1.838645 0.444988 0.100000
v 1.839074 0.450407 0.100000
v 1.839531 0.455688 0.100000
v 1.840009 0.460759 0.100000
v 1.840501 0.465553 0.100000
v 1.841000 0.470000 0.100000
v 1.751000 0.470000 0.100000
v 1.751729 0.465000 0.100000
v 1.752417 0.460000 0.100000
v 1.753062 0.455000 0.100000
v 1.753667 0.450000 0.100000
v 1.754229 0.445000 0.100000
v 1.754750 0.440000 0.100000
v 1.755229 0.435000 0.100000
v 1.755667 0.430000 0.100000
v 1.756063 0.425000 0.100000
v 1.756417 0.420000 0.100000
v 1.756729 0.415000 0.100000
v 1.757000 0.410000 0.100000
v 2.267185 0.370673 0.100000
v 2.272648 0.341634 0.100000
v 2.278250 0.309547 0.100000
v 2.283852 0.275074 0.100000
v 2.289315 0.238879 0.100000
v 2.294500 0.201625 0.100000
v 2.299269 0.163975 0.100000
v 2.303482 0.126593 0.100000
v 2.307000 0.090141 0.100000
v 2.309685 0.055282 0.100000
v 2.311398 0.022681 0.100000
v 2.312000 -0.007000 0.100000
v 2.311937 -0.018883 0.100000
v 2.311745 -0.030560 0.100000
v 2.311422 -0.042078 0.100000
v 2.310963 -0.053481 0.100000
v 2.310365 -0.064815 0.100000
v 2.309625 -0.076125 0.100000
v 2.308739 -0.087455 0.100000
v 2.307704 -0.098852 0.100000
v 2.306516 -0.110359 0.100000
v 2.305171 -0.122023 0.100000
v 2.303667 -0.133888 0.100000
v 2.302000 -0.146000 0.100000
v 2.297842 -0.134438 0.100000
v 2.293403 -0.122333 0.100000
v 2.288734 -0.109812 0.100000
v 2.283889 -0.097000 0.100000
v 2.278918 -0.084021 0.100000
v 2.273875 -0.071000 0.100000
v 2.268811 -0.058062 0.100000
v 2.263777 -0.045333 0.100000
v 2.258828 -0.032937 0.100000
v 2.254014 -0.021000 0.100000
v 2.249387 -0.009646 0.100000
v 2.245000 0.001000 0.100000
v 2.204000 -0.031000 0.100000
v 2.210248 -0.049117 0.100000
v 2.216898 -0.068273 0.100000
v 2.223812 -0.088172 0.100000
v 2.230852 -0.108519 0.100000
v 2.237877 -0.129018 0.100000
v 2.244750 -0.149375 0.100000
v 2.251331 -0.169295 0.100000
v 2.257481 -0.188481 0.100000
v 2.263062 -0.206641 0.100000
v 2.267935 -0.223477 0.100000
v 2.271961 -0.238695 0.100000
v 2.275000 -0.252000 0.100000
v 2.275728 -0.255597 0.100000
v 2.276407 -0.259361 0.100000
v 2.277031 -0.263250 0.100000
v 2.277592 -0.267222 0.100000
v 2.278084 -0.271236 0.100000
v 2.278500 -0.275250 0.100000
v 2.278832 -0.279222 0.100000
v 2.279074 -0.283111 0.100000
v 2.279219 -0.286875 0.100000
v 2.279259 -0.290472 0.100000
v 2.279189 -0.293861 0.100000
v 2.279000 -0.297000 0.100000
v 2.278980 -0.299579 0.100000
v 2.278921 -0.302301 0.100000
v 2.278828 -0.305141 0.100000
v 2.278704 -0.308074 0.100000
v 2.278552 -0.311077 0.100000
v 2.278375 -0.314125 0.100000
v 2.278178 -0.317194 0.100000
v 2.277963 -0.320259 0.100000
v 2.277734 -0.323297 0.100000
v 2.277495 -0.326282 0.100000
v 2.277249 -0.329192 0.100000
v 2.277000 -0.332000 0.100000
v 2.347000 -0.337000 0.100000
v 2.351949 -0.318446 0.100000
v 2.356759 -0.298315 0.100000
v 2.361375 -0.276656 0.100000
v 2.365741 -0.253519 0.100000
v 2.369801 -0.228950 0.100000
v 2.373500 -0.203000 0.100000
v 2.376782 -0.175716 0.100000
v 2.379593 -0.147148 0.100000
v 2.381875 -0.117344 0.100000
v 2.383574 -0.086352 0.100000
v 2.384634 -0.054221 0.100000
v 2.385000 -0.021000 0.100000
v 2.384343 0.016579 0.100000
v 2.382495 0.055463 0.100000
v 2.379641 0.095125 0.100000
v 2.375963 0.135037 0.100000
v 2.371646 0.174671 0.100000
v 2.366875 0.213500 0.100000
v 2.361833 0.250995 0.100000
v 2.356704 0.286630 0.100000
v 2.351672 0.319875 0.100000
v 2.346921 0.350204 0.100000
v 2.342636 0.377088 0.100000
v 2.339000 0.400000 0.100000
v 2.338252 0.405828 0.100000
v 2.337514 0.411787 0.100000
v 2.336797 0.417844 0.100000
v 2.336111 0.423963 0.100000
v 2.335467 0.430110 0.100000
v 2.334875 0.436250 0.100000
v 2.334345 0.442348 0.100000
v 2.333889 0.448370 0.100000
v 2.333515 0.454281 0.100000
v 2.333236 0.460046 0.100000
v 2.333061 0.465631 0.100000
v 2.333000 0.471000 0.100000
v 2.245000 0.464000 0.100000
v 2.246537 0.459435 0.100000
v 2.248134 0.454310 0.100000
v 2.249765 0.448734 0.100000
v 2.251407 0.442815 0.100000
v 2.253035 0.436659 0.100000
v 2.254625 0.430375 0.100000
v 2.256152 0.424070 0.100000
v 2.257593 0.417852 0.100000
v 2.258922 0.411828 0.100000
v 2.260116 0.406107 0.100000
v 2.261150 0.400795 0.100000
v 2.262000 0.396000 0.100000
v 2.267185 0.370673 0.100000
v 2.267185 0.370673 -0.100000
v 2.272648 0.341634 0.100000
v 2.272648 0.341634 -0.100000
v 2.278250 0.309547 0.100000
v 2.278250 0.309547 -0.100000
v 2.283852 0.275074 0.100000
v 2.283852 0.275074 -0.100000
v 2.289315 0.238879 0.100000
v 2.289315 0.238879 -0.100000
v 2.294500 0.201625 0.100000
v 2.294500 0.201625 -0.100000
v 2.299269 0.163975 0.100000
v 2.299269 0.163975 -0.100000
v 2.303482 0.126593 0.100000
v 2.303482 0.126593 -0.100000
v 2.307000 0.090141 0.100000
v 2.307000 0.090141 -0.100000
v 2.309685 0.055282 0.100000
v 2.309685 0.055282 -0.100000
v 2.311398 0.022681 0.100000
v 2.311398 0.022681 -0.100000
v 2.312000 -0.007000 0.100000
v 2.312000 -0.007000 -0.100000
v 2.311937 -0.018883 0.100000
v 2.311937 -0.018883 -0.100000
v 2.311745 -0.030560 0.100000
v 2.311745 -0.030560 -0.100000
v 2.311422 -0.042078 0.100000
v 2.311422 -0.042078 -0.100000
v 2.310963 -0.053481 0.100000
v 2.310963 -0.053481 -0.100000
v 2.310365 -0.064815 0.100000
v 2.310365 -0.064815 -0.100000
v 2.309625 -0.076125 0.100000
v 2.309625 -0.076125 -0.100000
v 2.308739 -0.087455 0.100000
v 2.308739 -0.087455 -0.100000
v 2.307704 -0.098852 0.100000
v 2.307704 -0.098852 -0.100000
v 2.306516 -0.110359 0.100000
v 2.306516 -0.110359 -0.100000
v 2.305171 -0.122023 0.100000
v 2.305171 -0.122023 -0.100000
v 2.303667 -0.133888 0.100000
v 2.303667 -0.133888 -0.100000
v 2.302000 -0.146000 0.100000
v 2.302000 -0.146000 -0.100000
v 2.297842 -0.134438 0.100000
v 2.297842 -0.134438 -0.100000
v 2.293403 -0.122333 0.100000
v 2.293403 -0.122333 -0.100000
v 2.288734 -0.109812 0.100000
v 2.288734 -0.109813 -0.100000
v 2.283889 -0.097000 0.100000
v 2.283889 -0.097000 -0.100000
v 2.278918 -0.084021 0.100000
v 2.278918 -0.084021 -0.100000
v 2.273875 -0.071000 0.100000
v 2.273875 -0.071000 -0.100000
v 2.268811 -0.058062 0.100000
v 2.268811 -0.058062 -0.100000
v 2.263777 -0.045333 0.100000
v 2.263777 -0.045333 -0.100000
v 2.258828 -0.032937 0.100000
v 2.258828 -0.032937 -0.100000
v 2.254014 -0.021000 0.100000
v 2.254014 -0.021000 -0.100000
v 2.249387 -0.009646 0.100000
v 2.249387 -0.009646 -0.100000
v 2.245000 0.001000 0.100000
v 2.245000 0.001000 -0.100000
v 2.204000 -0.031000 0.100000
v 2.204000 -0.031000 -0.100000
v 2.210248 -0.049117 0.100000
v 2.210248 -0.049117 -0.100000
v 2.216898 -0.068273 0.100000
v 2.216898 -0.068273 -0.100000
v 2.223812 -0.088172 0.100000
v 2.223812 -0.088172 -0.100000
v 2.230852 -0.108519 0.100000
v 2.230852 -0.108519 -0.100000
v 2.237877 -0.129018 0.100000
v 2.237877 -0.129018 -0.100000
v 2.244750 -0.149375 0.100000
v 2.244750 -0.149375 -0.100000
v 2.251331 -0.169295 0.100000
v 2.251331 -0.169295 -0.100000
v 2.257481 -0.188481 0.100000
v 2.257481 -0.188481 -0.100000
v 2.263062 -0.206641 0.100000
v 2.263062 -0.206641 -0.100000
v 2.267935 -0.223477 0.100000
v 2.267935 -0.223477 -0.100000
v 2.271961 -0.238695 0.100000
v 2.271961 -0.238695 -0.100000
v 2.275000 -0.252000 0.100000
v 2.275000 -0.252000 -0.100000
v 2.275728 -0.255597 0.100000
v 2.275728 -0.255597 -0.100000
v 2.276407 -0.259361 0.100000
v 2.276407 -0.259361 -0.100000
v 2.277031 -0.263250 0.100000
v 2.277031 -0.263250 -0.100000
v 2.277592 -0.267222 0.100000
v 2.277592 -0.267222 -0.100000
v 2.278084 -0.271236 0.100000
v 2.278084 -0.271236 -0.100000
v 2.278500 -0.275250 0.100000
v 2.278500 -0.275250 -0.100000
v 2.278832 -0.279222 0.100000
v 2.278832 -0.279222 -0.100000
v 2.279074 -0.283111 0.100000
v 2.279074 -0.283111 -0.100000
v 2.279219 -0.286875 0.100000
v 2.279219 -0.286875 -0.100000
v 2.279259 -0.290472 0.100000
v 2.279259 -0.290472 -0.100000
v 2.279189 -0.293861 0.100000
v 2.279189 -0.293861 -0.100000
v 2.279000 -0.297000 0.100000
v 2.279000 -0.297000 -0.100000
v 2.278980 -0.299579 0.100000
v 2.278980 -0.299579 -0.100000
v 2.278921 -0.302301 0.100000
v 2.278921 -0.302301 -0.100000
v 2.278828 -0.305141 0.100000
v 2.278828 -0.305141 -0.100000
v 2.278704 -0.308074 0.100000
v 2.278704 -0.308074 -0.100000
v 2.278552 -0.311077 0.100000
v 2.278552 -0.311077 -0.100000
v 2.278375 -0.314125 0.100000
v 2.278375 -0.314125 -0.100000
v 2.278178 -0.317194 0.100000
v 2.278178 -0.317194 -0.100000
v 2.277963 -0.320259 0.100000
v 2.277963 -0.320259 -0.100000
v 2.277734 -0.323297 0.100000
v 2.277734 -0.323297 -0.100000
v 2.277495 -0.326282 0.100000
v 2.277495 -0.326282 -0.100000
v 2.277249 -0.329192 0.100000
v 2.277249 -0.329192 -0.100000
v 2.277000 -0.332000 0.100000
v 2.277000 -0.332000 -0.100000
v 2.347000 -0.337000 0.100000
v 2.347000 -0.337000 -0.100000
v 2.351949 -0.318446 0.100000
v 2.351949 -0.318446 -0.100000
v 2.356759 -0.298315 0.100000
v 2.356759 -0.298315 -0.100000
v 2.361375 -0.276656 0.100000
v 2.361375 -0.276656 -0.100000
v 2.365741 -0.253519 0.100000
v 2.365741 -0.253519 -0.100000
v 2.369801 -0.228950 0.100000
v 2.369801 -0.228950 -0.100000
v 2.373500 -0.203000 0.100000
v 2.373500 -0.203000 -0.100000
v 2.376782 -0.175716 0.100000
v 2.376782 -0.175716 -0.100000
v 2.379593 -0.147148 0.100000
v 2.379593 -0.147148 -0.100000
v 2.381875 -0.117344 0.100000
v 2.381875 -0.117344 -0.100000
v 2.383574 -0.086352 0.100000
v 2.383574 -0.086352 -0.100000
v 2.384634 -0.054221 0.100000
v 2.384634 -0.054221 -0.100000
v 2.385000 -0.021000 0.100000
v 2.385000 -0.021000 -0.100000
v 2.384343 0.016579 0.100000
v 2.384343 0.016579 -0.100000
v 2.382495 0.055463 0.100000
v 2.382495 0.055463 -0.100000
v 2.379641 0.095125 0.100000
v 2.379641 0.095125 -0.100000
v 2.375963 0.135037 0.100000
v 2.375963 0.135037 -0.100000
v 2.371646 0.174671 0.100000
v 2.371646 0.174671 -0.100000
v 2.366875 0.213500 0.100000
v 2.366875 0.213500 -0.100000
v 2.361833 0.250995 0.100000
v 2.361833 0.250995 -0.100000
v 2.356704 0.286630 0.100000
v 2.356704 0.286630 -0.100000
v 2.351672 0.319875 0.100000
v 2.351672 0.319875 -0.100000
v 2.346921 0.350204 0.100000
v 2.346921 0.350204 -0.100000
v 2.342636 0.377088 0.100000
v 2.342636 0.377088 -0.100000
v 2.339000 0.400000 0.100000
v 2.339000 0.400000 -0.100000
v 2.338252 0.405828 0.100000
v 2.338252 0.405828 -0.100000
v 2.337514 0.411787 0.100000
v 2.337514 0.411787 -0.100000
v 2.336797 0.417844 0.100000
v 2.336797 0.417844 -0.100000
v 2.336111 0.423963 0.100000
v 2.336111 0.423963 -0.100000
v 2.335467 0.430110 0.100000
v 2.335467 0.430110 -0.100000
v 2.334875 0.436250 0.100000
v 2.334875 0.436250 -0.100000
v 2.334345 0.442348 0.100000
v 2.334345 0.442348 -0.100000
v 2.333889 0.448370 0.100000
v 2.333889 0.448370 -0.100000
v 2.333515 0.454281 0.100000
v 2.333515 0.454281 -0.100000
v 2.333236 0.460046 0.100000
v 2.333236 0.460046 -0.100000
v 2.333061 0.465631 0.100000
v 2.333061 0.465631 -0.100000
v 2.333000 0.471000 0.100000
v 2.333000 0.471000 -0.100000
v 2.245000 0.464000 0.100000
v 2.245000 0.464000 -0.100000
v 2.246537 0.459435 0.100000
v 2.246537 0.459435 -0.100000
v 2.248134 0.454310 0.100000
v 2.248134 0.454310 -0.100000
v 2.249765 0.448734 0.100000
v 2.249765 0.448734 -0.100000
v 2.251407 0.442815 0.100000
v 2.251407 0.442815 -0.100000
v 2.253035 0.436659 0.100000
v 2.253035 0.436659 -0.100000
v 2.254625 0.430375 0.100000
v 2.254625 0.430375 -0.100000
v 2.256152 0.424070 0.100000
v 2.256152 0.424070 -0.100000
v 2.257593 0.417852 0.100000
v 2.257593 0.417852 -0.100000
v 2.258922 0.411828 0.100000
v 2.258922 0.411828 -0.100000
v 2.260116 0.406107 0.100000
v 2.260116 0.406107 -0.100000
v 2.261150 0.400795 0.100000
v 2.261150 0.400795 -0.100000
v 2.262000 0.396000 0.100000
v 2.262000 0.396000 -0.100000
v 1.944274 -0.099658 0.100000
v 1.944274 -0.099658 -0.100000
v 1.961523 -0.101597 0.100000
v 1.961523 -0.101597 -0.100000
v 1.977641 -0.104766 0.100000
v 1.977641 -0.104766 -0.100000
v 1.992519 -0.109111 0.100000
v 1.992519 -0.109111 -0.100000
v 2.006049 -0.114582 0.100000
v 2.006049 -0.114582 -0.100000
v 2.018125 -0.121125 0.100000
v 2.018125 -0.121125 -0.100000
v 2.028638 -0.128689 0.100000
v 2.028638 -0.128689 -0.100000
v 2.037482 -0.137222 0.100000
v 2.037482 -0.137222 -0.100000
v 2.044547 -0.146672 0.100000
v 2.044547 -0.146672 -0.100000
v 2.049727 -0.156986 0.100000
v 2.049727 -0.156986 -0.100000
v 2.052914 -0.168113 0.100000
v 2.052914 -0.168113 -0.100000
v 2.054000 -0.180000 0.100000
v 2.054000 -0.180000 -0.100000
v 2.052974 -0.192268 0.100000
v 2.052974 -0.192268 -0.100000
v 2.049963 -0.203560 0.100000
v 2.049963 -0.203560 -0.100000
v 2.045063 -0.213859 0.100000
v 2.045063 -0.213859 -0.100000
v 2.038370 -0.223148 0.100000
v 2.038370 -0.223148 -0.100000
v 2.029984 -0.231409 0.100000
v 2.029984 -0.231409 -0.100000
v 2.020000 -0.238625 0.100000
v 2.020000 -0.238625 -0.100000
v 2.008516 -0.244778 0.100000
v 2.008516 -0.244778 -0.100000
v 1.995629 -0.249852 0.100000
v 1.995629 -0.249852 -0.100000
v 1.981437 -0.253828 0.100000
v 1.981437 -0.253828 -0.100000
v 1.966037 -0.256690 0.100000
v 1.966037 -0.256690 -0.100000
v 1.949525 -0.258420 0.100000
v 1.949525 -0.258420 -0.100000
v 1.932000 -0.259000 0.100000
v 1.932000 -0.259000 -0.100000
v 1.912210 -0.258116 0.100000
v 1.912210 -0.258116 -0.100000
v 1.894759 -0.255509 0.100000
v 1.894759 -0.255509 -0.100000
v 1.879531 -0.251250 0.100000
v 1.879531 -0.251250 -0.100000
v 1.866408 -0.245407 0.100000
v 1.866408 -0.245407 -0.100000
v 1.855270 -0.238051 0.100000
v 1.855270 -0.238051 -0.100000
v 1.846000 -0.229250 0.100000
v 1.846000 -0.229250 -0.100000
v 1.838480 -0.219074 0.100000
v 1.838480 -0.219074 -0.100000
v 1.832593 -0.207593 0.100000
v 1.832593 -0.207593 -0.100000
v 1.828219 -0.194875 0.100000
v 1.828219 -0.194875 -0.100000
v 1.825241 -0.180991 0.100000
v 1.825241 -0.180991 -0.100000
v 1.823540 -0.166009 0.100000
v 1.823540 -0.166009 -0.100000
v 1.823000 -0.150000 0.100000
v 1.823000 -0.150000 -0.100000
v 1.824000 -0.115000 0.100000
v 1.824000 -0.115000 -0.100000
v 1.832041 -0.112585 0.100000
v 1.832041 -0.112585 -0.100000
v 1.840166 -0.110343 0.100000
v 1.840166 -0.110343 -0.100000
v 1.848375 -0.108281 0.100000
v 1.848375 -0.108281 -0.100000
v 1.856666 -0.106407 0.100000
v 1.856666 -0.106407 -0.100000
v 1.865041 -0.104728 0.100000
v 1.865041 -0.104728 -0.100000
v 1.873500 -0.103250 0.100000
v 1.873500 -0.103250 -0.100000
v 1.882042 -0.101980 0.100000
v 1.882042 -0.101980 -0.100000
v 1.890667 -0.100926 0.100000
v 1.890667 -0.100926 -0.100000
v 1.899375 -0.100094 0.100000
v 1.899375 -0.100094 -0.100000
v 1.908167 -0.099491 0.100000
v 1.908167 -0.099491 -0.100000
v 1.917042 -0.099124 0.100000
v 1.917042 -0.099124 -0.100000
v 1.926000 -0.099000 0.100000
v 1.926000 -0.099000 -0.100000
v 1.757250 0.402845 0.100000
v 1.757250 0.402845 -0.100000
v 1.757500 0.394926 0.100000
v 1.757500 0.394926 -0.100000
v 1.757750 0.386313 0.100000
v 1.757750 0.386313 -0.100000
v 1.758000 0.377074 0.100000
v 1.758000 0.377074 -0.100000
v 1.758250 0.367280 0.100000
v 1.758250 0.367280 -0.100000
v 1.758500 0.357000 0.100000
v 1.758500 0.357000 -0.100000
v 1.758750 0.346303 0.100000
v 1.758750 0.346303 -0.100000
v 1.759000 0.335259 0.100000
v 1.759000 0.335259 -0.100000
v 1.759250 0.323938 0.100000
v 1.759250 0.323938 -0.100000
v 1.759500 0.312407 0.100000
v 1.759500 0.312407 -0.100000
v 1.759750 0.300738 0.100000
v 1.759750 0.300738 -0.100000
v 1.760000 0.289000 0.100000
v 1.760000 0.289000 -0.100000
v 1.744794 0.290312 0.100000
v 1.744794 0.290312 -0.100000
v 1.729685 0.291745 0.100000
v 1.729685 0.291745 -0.100000
v 1.714687 0.293297 0.100000
v 1.714687 0.293297 -0.100000
v 1.699815 0.294963 0.100000
v 1.699815 0.294963 -0.100000
v 1.685081 0.296740 0.100000
v 1.685081 0.296740 -0.100000
v 1.670500 0.298625 0.100000
v 1.670500 0.298625 -0.100000
v 1.656086 0.300614 0.100000
v 1.656086 0.300614 -0.100000
v 1.641852 0.302704 0.100000
v 1.641852 0.302704 -0.100000
v 1.627812 0.304891 0.100000
v 1.627812 0.304891 -0.100000
v 1.613981 0.307171 0.100000
v 1.613981 0.307171 -0.100000
v 1.600373 0.309542 0.100000
v 1.600373 0.309542 -0.100000
v 1.587000 0.312000 0.100000
v 1.587000 0.312000 -0.100000
v 1.587000 0.235000 0.100000
v 1.587000 0.235000 -0.100000
v 1.600812 0.232812 0.100000
v 1.600812 0.232812 -0.100000
v 1.614745 0.230745 0.100000
v 1.614745 0.230745 -0.100000
v 1.628797 0.228797 0.100000
v 1.628797 0.228797 -0.100000
v 1.642963 0.226963 0.100000
v 1.642963 0.226963 -0.100000
v 1.657240 0.225240 0.100000
v 1.657240 0.225240 -0.100000
v 1.671625 0.223625 0.100000
v 1.671625 0.223625 -0.100000
v 1.686114 0.222114 0.100000
v 1.686114 0.222114 -0.100000
v 1.700704 0.220704 0.100000
v 1.700704 0.220704 -0.100000
v 1.715391 0.219391 0.100000
v 1.715391 0.219391 -0.100000
v 1.730171 0.218171 0.100000
v 1.730171 0.218171 -0.100000
v 1.745042 0.217042 0.100000
v 1.745042 0.217042 -0.100000
v 1.760000 0.216000 0.100000
v 1.760000 0.216000 -0.100000
v 1.759630 0.190780 0.100000
v 1.759630 0.190780 -0.100000
v 1.759042 0.165653 0.100000
v 1.759042 0.165653 -0.100000
v 1.758266 0.140672 0.100000
v 1.758266 0.140672 -0.100000
v 1.757333 0.115889 0.100000
v 1.757333 0.115889 -0.100000
v 1.756276 0.091356 0.100000
v 1.756276 0.091356 -0.100000
v 1.755125 0.067125 0.100000
v 1.755125 0.067125 -0.100000
v 1.753911 0.043248 0.100000
v 1.753911 0.043248 -0.100000
v 1.752667 0.019778 0.100000
v 1.752667 0.019778 -0.100000
v 1.751422 -0.003234 0.100000
v 1.751422 -0.003234 -0.100000
v 1.750208 -0.025736 0.100000
v 1.750208 -0.025736 -0.100000
v 1.749057 -0.047675 0.100000
v 1.749057 -0.047675 -0.100000
v 1.748000 -0.069000 0.100000
v 1.748000 -0.069000 -0.100000
v 1.728081 -0.077363 0.100000
v 1.728081 -0.077363 -0.100000
v 1.708819 -0.086403 0.100000
v 1.708819 -0.086403 -0.100000
v 1.690203 -0.096047 0.100000
v 1.690203 -0.096047 -0.100000
v 1.672222 -0.106222 0.100000
v 1.672222 -0.106222 -0.100000
v 1.654866 -0.116856 0.100000
v 1.654866 -0.116856 -0.100000
v 1.638125 -0.127875 0.100000
v 1.638125 -0.127875 -0.100000
v 1.621988 -0.139207 0.100000
v 1.621988 -0.139207 -0.100000
v 1.606444 -0.150778 0.100000
v 1.606444 -0.150778 -0.100000
v 1.591484 -0.162516 0.100000
v 1.591484 -0.162516 -0.100000
v 1.577097 -0.174347 0.100000
v 1.577097 -0.174347 -0.100000
v 1.563272 -0.186200 0.100000
v 1.563272 -0.186200 -0.100000
v 1.550000 -0.198000 0.100000
v 1.550000 -0.198000 -0.100000
v 1.594000 -0.265000 0.100000
v 1.594000 -0.265000 -0.100000
v 1.606501 -0.253398 0.100000
v 1.606501 -0.253398 -0.100000
v 1.619005 -0.242102 0.100000
v 1.619005 -0.242102 -0.100000
v 1.631516 -0.231125 0.100000
v 1.631516 -0.231125 -0.100000
v 1.644037 -0.220481 0.100000
v 1.644037 -0.220481 -0.100000
v 1.656572 -0.210185 0.100000
v 1.656572 -0.210185 -0.100000
v 1.669125 -0.200250 0.100000
v 1.669125 -0.200250 -0.100000
v 1.681698 -0.190690 0.100000
v 1.681698 -0.190690 -0.100000
v 1.694296 -0.181519 0.100000
v 1.694296 -0.181519 -0.100000
v 1.706922 -0.172750 0.100000
v 1.706922 -0.172750 -0.100000
v 1.719579 -0.164398 0.100000
v 1.719579 -0.164398 -0.100000
v 1.732270 -0.156477 0.100000
v 1.732270 -0.156477 -0.100000
v 1.745000 -0.149000 0.100000
v 1.745000 -0.149000 -0.100000
v 1.745000 -0.170000 0.100000
v 1.745000 -0.170000 -0.100000
v 1.745826 -0.190394 0.100000
v 1.745826 -0.190394 -0.100000
v 1.748440 -0.210398 0.100000
v 1.748440 -0.210398 -0.100000
v 1.753047 -0.229750 0.100000
v 1.753047 -0.229750 -0.100000
v 1.759852 -0.248185 0.100000
v 1.759852 -0.248185 -0.100000
v 1.769059 -0.265440 0.100000
v 1.769059 -0.265440 -0.100000
v 1.780875 -0.281250 0.100000
v 1.780875 -0.281250 -0.100000
v 1.795503 -0.295352 0.100000
v 1.795503 -0.295352 -0.100000
v 1.813148 -0.307481 0.100000
v 1.813148 -0.307481 -0.100000
v 1.834015 -0.317375 0.100000
v 1.834015 -0.317375 -0.100000
v 1.858310 -0.324769 0.100000
v 1.858310 -0.324769 -0.100000
v 1.886237 -0.329398 0.100000
v 1.886237 -0.329398 -0.100000
v 1.918000 -0.331000 0.100000
v 1.918000 -0.331000 -0.100000
v 1.950242 -0.329905 0.100000
v 1.950242 -0.329905 -0.100000
v 1.979935 -0.326657 0.100000
v 1.979935 -0.326657 -0.100000
v 2.007031 -0.321313 0.100000
v 2.007031 -0.321313 -0.100000
v 2.031482 -0.313926 0.100000
v 2.031482 -0.313926 -0.100000
v 2.053237 -0.304553 0.100000
v 2.053237 -0.304553 -0.100000
v 2.072250 -0.293250 0.100000
v 2.072250 -0.293250 -0.100000
v 2.088471 -0.280072 0.100000
v 2.088471 -0.280072 -0.100000
v 2.101852 -0.265074 0.100000
v 2.101852 -0.265074 -0.100000
v 2.112344 -0.248313 0.100000
v 2.112344 -0.248313 -0.100000
v 2.119898 -0.229843 0.100000
v 2.119898 -0.229843 -0.100000
v 2.124466 -0.209720 0.100000
v 2.124466 -0.209720 -0.100000
v 2.126000 -0.188000 0.100000
v 2.126000 -0.188000 -0.100000
v 2.124449 -0.167383 0.100000
v 2.124449 -0.167383 -0.100000
v 2.119838 -0.147648 0.100000
v 2.119838 -0.147648 -0.100000
v 2.112234 -0.128969 0.100000
v 2.112234 -0.128969 -0.100000
v 2.101704 -0.111519 0.100000
v 2.101704 -0.111519 -0.100000
v 2.088312 -0.095471 0.100000
v 2.088312 -0.095471 -0.100000
v 2.072125 -0.081000 0.100000
v 2.072125 -0.081000 -0.100000
v 2.053209 -0.068279 0.100000
v 2.053209 -0.068279 -0.100000
v 2.031630 -0.057481 0.100000
v 2.031630 -0.057481 -0.100000
v 2.007453 -0.048781 0.100000
v 2.007453 -0.048781 -0.100000
v 1.980745 -0.042352 0.100000
v 1.980745 -0.042352 -0.100000
v 1.951572 -0.038367 0.100000
v 1.951572 -0.038367 -0.100000
v 1.920000 -0.037000 0.100000
v 1.920000 -0.037000 -0.100000
v 1.911791 -0.037062 0.100000
v 1.911791 -0.037063 -0.100000
v 1.903666 -0.037250 0.100000
v 1.903666 -0.037250 -0.100000
v 1.895625 -0.037562 0.100000
v 1.895625 -0.037563 -0.100000
v 1.887666 -0.038000 0.100000
v 1.887666 -0.038000 -0.100000
v 1.879791 -0.038562 0.100000
v 1.879791 -0.038563 -0.100000
v 1.872000 -0.039250 0.100000
v 1.872000 -0.039250 -0.100000
v 1.864292 -0.040062 0.100000
v 1.864292 -0.040063 -0.100000
v 1.856667 -0.041000 0.100000
v 1.856667 -0.041000 -0.100000
v 1.849125 -0.042062 0.100000
v 1.849125 -0.042063 -0.100000
v 1.841667 -0.043250 0.100000
v 1.841667 -0.043250 -0.100000
v 1.834292 -0.044562 0.100000
v 1.834292 -0.044563 -0.100000
v 1.827000 -0.046000 0.100000
v 1.827000 -0.046000 -0.100000
v 1.827808 -0.026334 0.100000
v 1.827808 -0.026334 -0.100000
v 1.828713 -0.005921 0.100000
v 1.828713 -0.005921 -0.100000
v 1.829687 0.015109 0.100000
v 1.829687 0.015109 -0.100000
v 1.830704 0.036630 0.100000
v 1.830704 0.036630 -0.100000
v 1.831734 0.058511 0.100000
v 1.831734 0.058511 -0.100000
v 1.832750 0.080625 0.100000
v 1.832750 0.080625 -0.100000
v 1.833724 0.102843 0.100000
v 1.833724 0.102843 -0.100000
v 1.834630 0.125037 0.100000
v 1.834630 0.125037 -0.100000
v 1.835437 0.147078 0.100000
v 1.835437 0.147078 -0.100000
v 1.836120 0.168838 0.100000
v 1.836120 0.168838 -0.100000
v 1.836650 0.190188 0.100000
v 1.836650 0.190188 -0.100000
v 1.837000 0.211000 0.100000
v 1.837000 0.211000 -0.100000
v 1.933000 0.209000 0.100000
v 1.933000 0.209000 -0.100000
v 1.947153 0.209061 0.100000
v 1.947153 0.209061 -0.100000
v 1.961139 0.209241 0.100000
v 1.961139 0.209241 -0.100000
v 1.975000 0.209531 0.100000
v 1.975000 0.209531 -0.100000
v 1.988778 0.209926 0.100000
v 1.988778 0.209926 -0.100000
v 2.002514 0.210418 0.100000
v 2.002514 0.210418 -0.100000
v 2.016250 0.211000 0.100000
v 2.016250 0.211000 -0.100000
v 2.030028 0.211666 0.100000
v 2.030028 0.211666 -0.100000
v 2.043889 0.212407 0.100000
v 2.043889 0.212407 -0.100000
v 2.057875 0.213219 0.100000
v 2.057875 0.213219 -0.100000
v 2.072028 0.214093 0.100000
v 2.072028 0.214093 -0.100000
v 2.086389 0.215022 0.100000
v 2.086389 0.215022 -0.100000
v 2.101000 0.216000 0.100000
v 2.101000 0.216000 -0.100000
v 2.101000 0.291000 0.100000
v 2.101000 0.291000 -0.100000
v 2.086827 0.289792 0.100000
v 2.086827 0.289792 -0.100000
v 2.072783 0.288671 0.100000
v 2.072783 0.288671 -0.100000
v 2.058828 0.287641 0.100000
v 2.058828 0.287641 -0.100000
v 2.044926 0.286704 0.100000
v 2.044926 0.286704 -0.100000
v 2.031038 0.285864 0.100000
v 2.031038 0.285864 -0.100000
v 2.017125 0.285125 0.100000
v 2.017125 0.285125 -0.100000
v 2.003150 0.284490 0.100000
v 2.003150 0.284490 -0.100000
v 1.989074 0.283963 0.100000
v 1.989074 0.283963 -0.100000
v 1.974859 0.283547 0.100000
v 1.974859 0.283547 -0.100000
v 1.960468 0.283245 0.100000
v 1.960468 0.283245 -0.100000
v 1.945861 0.283062 0.100000
v 1.945861 0.283062 -0.100000
v 1.931000 0.283000 0.100000
v 1.931000 0.283000 -0.100000
v 1.837000 0.285000 0.100000
v 1.837000 0.285000 -0.100000
v 1.837000 0.409000 0.100000
v 1.837000 0.409000 -0.100000
v 1.837040 0.413447 0.100000
v 1.837040 0.413447 -0.100000
v 1.837157 0.418241 0.100000
v 1.837157 0.418241 -0.100000
v 1.837344 0.423313 0.100000
v 1.837344 0.423313 -0.100000
v 1.837592 0.428593 0.100000
v 1.837592 0.428593 -0.100000
v 1.837897 0.434012 0.100000
v 1.837897 0.434012 -0.100000
v 1.838250 0.439500 0.100000
v 1.838250 0.439500 -0.100000
v 1.838645 0.444988 0.100000
v 1.838645 0.444988 -0.100000
v 1.839074 0.450407 0.100000
v 1.839074 0.450407 -0.100000
v 1.839531 0.455688 0.100000
v 1.839531 0.455688 -0.100000
v 1.840009 0.460759 0.100000
v 1.840009 0.460759 -0.100000
v 1.840501 0.465553 0.100000
v 1.840501 0.465553 -0.100000
v 1.841000 0.470000 0.100000
v 1.841000 0.470000 -0.100000
v 1.751000 0.470000 0.100000
v 1.751000 0.470000 -0.100000
v 1.751729 0.465000 0.100000
v 1.751729 0.465000 -0.100000
v 1.752417 0.460000 0.100000
v 1.752417 0.460000 -0.100000
v 1.753062 0.455000 0.100000
v 1.753062 0.455000 -0.100000
v 1.753667 0.450000 0.100000
v 1.753667 0.450000 -0.100000
v 1.754229 0.445000 0.100000
v 1.754229 0.445000 -0.100000
v 1.754750 0.440000 0.100000
v 1.754750 0.440000 -0.100000
v 1.755229 0.435000 0.100000
v 1.755229 0.435000 -0.100000
v 1.755667 0.430000 0.100000
v 1.755667 0.430000 -0.100000
v 1.756063 0.425000 0.100000
v 1.756063 0.425000 -0.100000
v 1.756417 0.420000 0.100000
v 1.756417 0.420000 -0.100000
v 1.756729 0.415000 0.100000
v 1.756729 0.415000 -0.100000
v 1.757000 0.410000 0.100000
v 1.757000 0.410000 -0.100000
v 1.156825 -0.094740 0.100000
v 1.156825 -0.094740 -0.100000
v 1.179764 -0.096921 0.100000
v 1.179764 -0.096921 -0.100000
v 1.200766 -0.100484 0.100000
v 1.200766 -0.100484 -0.100000
v 1.219778 -0.105370 0.100000
v 1.219778 -0.105370 -0.100000
v 1.236748 -0.111520 0.100000
v 1.236748 -0.111520 -0.100000
v 1.251625 -0.118875 0.100000
v 1.251625 -0.118875 -0.100000
v 1.264356 -0.127376 0.100000
v 1.264356 -0.127376 -0.100000
v 1.274889 -0.136963 0.100000
v 1.274889 -0.136963 -0.100000
v 1.283172 -0.147578 0.100000
v 1.283172 -0.147578 -0.100000
v 1.289153 -0.159162 0.100000
v 1.289153 -0.159162 -0.100000
v 1.292780 -0.171656 0.100000
v 1.292780 -0.171656 -0.100000
v 1.294000 -0.185000 0.100000
v 1.294000 -0.185000 -0.100000
v 1.292842 -0.198246 0.100000
v 1.292842 -0.198246 -0.100000
v 1.289407 -0.210468 0.100000
v 1.289407 -0.210468 -0.100000
v 1.283750 -0.221641 0.100000
v 1.283750 -0.221641 -0.100000
v 1.275926 -0.231741 0.100000
v 1.275926 -0.231741 -0.100000
v 1.265991 -0.240744 0.100000
v 1.265991 -0.240744 -0.100000
v 1.254000 -0.248625 0.100000
v 1.254000 -0.248625 -0.100000
v 1.240009 -0.255361 0.100000
v 1.240009 -0.255361 -0.100000
v 1.224074 -0.260926 0.100000
v 1.224074 -0.260926 -0.100000
v 1.206250 -0.265297 0.100000
v 1.206250 -0.265297 -0.100000
v 1.186592 -0.268449 0.100000
v 1.186592 -0.268449 -0.100000
v 1.165157 -0.270358 0.100000
v 1.165157 -0.270358 -0.100000
v 1.142000 -0.271000 0.100000
v 1.142000 -0.271000 -0.100000
v 1.124520 -0.270291 0.100000
v 1.124520 -0.270291 -0.100000
v 1.108579 -0.268162 0.100000
v 1.108579 -0.268162 -0.100000
v 1.094172 -0.264609 0.100000
v 1.094172 -0.264609 -0.100000
v 1.081296 -0.259630 0.100000
v 1.081296 -0.259630 -0.100000
v 1.069948 -0.253219 0.100000
v 1.069948 -0.253219 -0.100000
v 1.060125 -0.245375 0.100000
v 1.060125 -0.245375 -0.100000
v 1.051822 -0.236093 0.100000
v 1.051822 -0.236093 -0.100000
v 1.045037 -0.225370 0.100000
v 1.045037 -0.225370 -0.100000
v 1.039766 -0.213203 0.100000
v 1.039766 -0.213203 -0.100000
v 1.036005 -0.199588 0.100000
v 1.036005 -0.199588 -0.100000
v 1.033751 -0.184521 0.100000
v 1.033751 -0.184521 -0.100000
v 1.033000 -0.168000 0.100000
v 1.033000 -0.168000 -0.100000
v 1.034000 -0.104000 0.100000
v 1.034000 -0.104000 -0.100000
v 1.042020 -0.102333 0.100000
v 1.042020 -0.102333 -0.100000
v 1.050079 -0.100829 0.100000
v 1.050079 -0.100829 -0.100000
v 1.058172 -0.099484 0.100000
v 1.058172 -0.099484 -0.100000
v 1.066296 -0.098296 0.100000
v 1.066296 -0.098296 -0.100000
v 1.074448 -0.097261 0.100000
v 1.074448 -0.097261 -0.100000
v 1.082625 -0.096375 0.100000
v 1.082625 -0.096375 -0.100000
v 1.090822 -0.095635 0.100000
v 1.090822 -0.095635 -0.100000
v 1.099037 -0.095037 0.100000
v 1.099037 -0.095037 -0.100000
v 1.107266 -0.094578 0.100000
v 1.107266 -0.094578 -0.100000
v 1.115505 -0.094255 0.100000
v 1.115505 -0.094255 -0.100000
v 1.123751 -0.094063 0.100000
v 1.123751 -0.094063 -0.100000
v 1.132000 -0.094000 0.100000
v 1.132000 -0.094000 -0.100000
v 0.966000 0.284000 0.100000
v 0.966000 0.284000 -0.100000
v 0.945299 0.284564 0.100000
v 0.945299 0.284564 -0.100000
v 0.922894 0.285264 0.100000
v 0.922894 0.285264 -0.100000
v 0.899078 0.286109 0.100000
v 0.899078 0.286109 -0.100000
v 0.874148 0.287111 0.100000
v 0.874148 0.287111 -0.100000
v 0.848399 0.288280 0.100000
v 0.848399 0.288280 -0.100000
v 0.822125 0.289625 0.100000
v 0.822125 0.289625 -0.100000
v 0.795622 0.291158 0.100000
v 0.795622 0.291158 -0.100000
v 0.769185 0.292889 0.100000
v 0.769185 0.292889 -0.100000
v 0.743109 0.294828 0.100000
v 0.743109 0.294828 -0.100000
v 0.717690 0.296986 0.100000
v 0.717690 0.296986 -0.100000
v 0.693222 0.299373 0.100000
v 0.693222 0.299373 -0.100000
v 0.670000 0.302000 0.100000
v 0.670000 0.302000 -0.100000
v 0.667000 0.227000 0.100000
v 0.667000 0.227000 -0.100000
v 0.690013 0.224814 0.100000
v 0.690013 0.224814 -0.100000
v 0.714356 0.222759 0.100000
v 0.714356 0.222759 -0.100000
v 0.739734 0.220844 0.100000
v 0.739734 0.220844 -0.100000
v 0.765852 0.219074 0.100000
v 0.765852 0.219074 -0.100000
v 0.792414 0.217457 0.100000
v 0.792414 0.217457 -0.100000
v 0.819125 0.216000 0.100000
v 0.819125 0.216000 -0.100000
v 0.845690 0.214710 0.100000
v 0.845690 0.214710 -0.100000
v 0.871815 0.213593 0.100000
v 0.871815 0.213593 -0.100000
v 0.897203 0.212656 0.100000
v 0.897203 0.212656 -0.100000
v 0.921560 0.211907 0.100000
v 0.921560 0.211907 -0.100000
v 0.944591 0.211353 0.100000
v 0.944591 0.211353 -0.100000
v 0.966000 0.211000 0.100000
v 0.966000 0.211000 -0.100000
v 0.966000 0.202000 0.100000
v 0.966000 0.202000 -0.100000
v 0.965899 0.185108 0.100000
v 0.965899 0.185108 -0.100000
v 0.965606 0.167028 0.100000
v 0.965606 0.167028 -0.100000
v 0.965141 0.147906 0.100000
v 0.965141 0.147906 -0.100000
v 0.964518 0.127889 0.100000
v 0.964518 0.127889 -0.100000
v 0.963757 0.107122 0.100000
v 0.963757 0.107122 -0.100000
v 0.962875 0.085750 0.100000
v 0.962875 0.085750 -0.100000
v 0.961888 0.063920 0.100000
v 0.961888 0.063920 -0.100000
v 0.960815 0.041778 0.100000
v 0.960815 0.041778 -0.100000
v 0.959672 0.019469 0.100000
v 0.959672 0.019469 -0.100000
v 0.958477 -0.002861 0.100000
v 0.958477 -0.002861 -0.100000
v 0.957247 -0.025066 0.100000
v 0.957247 -0.025066 -0.100000
v 0.956000 -0.047000 0.100000
v 0.956000 -0.047000 -0.100000
v 0.924367 -0.056456 0.100000
v 0.924367 -0.056456 -0.100000
v 0.893519 -0.067231 0.100000
v 0.893519 -0.067232 -0.100000
v 0.863531 -0.079188 0.100000
v 0.863531 -0.079188 -0.100000
v 0.834481 -0.092185 0.100000
v 0.834481 -0.092185 -0.100000
v 0.806446 -0.106086 0.100000
v 0.806446 -0.106086 -0.100000
v 0.779500 -0.120750 0.100000
v 0.779500 -0.120750 -0.100000
v 0.753721 -0.136039 0.100000
v 0.753721 -0.136039 -0.100000
v 0.729185 -0.151815 0.100000
v 0.729185 -0.151815 -0.100000
v 0.705969 -0.167938 0.100000
v 0.705969 -0.167938 -0.100000
v 0.684148 -0.184269 0.100000
v 0.684148 -0.184269 -0.100000
v 0.663800 -0.200669 0.100000
v 0.663800 -0.200669 -0.100000
v 0.645000 -0.217000 0.100000
v 0.645000 -0.217000 -0.100000
v 0.693000 -0.293000 0.100000
v 0.693000 -0.293000 -0.100000
v 0.709574 -0.276786 0.100000
v 0.709574 -0.276786 -0.100000
v 0.727259 -0.260704 0.100000
v 0.727259 -0.260704 -0.100000
v 0.746000 -0.244844 0.100000
v 0.746000 -0.244844 -0.100000
v 0.765741 -0.229296 0.100000
v 0.765741 -0.229296 -0.100000
v 0.786426 -0.214152 0.100000
v 0.786426 -0.214152 -0.100000
v 0.808000 -0.199500 0.100000
v 0.808000 -0.199500 -0.100000
v 0.830407 -0.185432 0.100000
v 0.830407 -0.185432 -0.100000
v 0.853593 -0.172037 0.100000
v 0.853593 -0.172037 -0.100000
v 0.877500 -0.159406 0.100000
v 0.877500 -0.159406 -0.100000
v 0.902074 -0.147630 0.100000
v 0.902074 -0.147630 -0.100000
v 0.927259 -0.136797 0.100000
v 0.927259 -0.136797 -0.100000
v 0.953000 -0.127000 0.100000
v 0.953000 -0.127000 -0.100000
v 0.951000 -0.194000 0.100000
v 0.951000 -0.194000 -0.100000
v 0.952061 -0.214216 0.100000
v 0.952061 -0.214216 -0.100000
v 0.955319 -0.233731 0.100000
v 0.955319 -0.233731 -0.100000
v 0.960891 -0.252344 0.100000
v 0.960891 -0.252344 -0.100000
v 0.968889 -0.269852 0.100000
v 0.968889 -0.269852 -0.100000
v 0.979429 -0.286054 0.100000
v 0.979429 -0.286054 -0.100000
v 0.992625 -0.300750 0.100000
v 0.992625 -0.300750 -0.100000
v 1.008592 -0.313737 0.100000
v 1.008592 -0.313737 -0.100000
v 1.027444 -0.324815 0.100000
v 1.027444 -0.324815 -0.100000
v 1.049297 -0.333781 0.100000
v 1.049297 -0.333781 -0.100000
v 1.074264 -0.340435 0.100000
v 1.074264 -0.340435 -0.100000
v 1.102460 -0.344575 0.100000
v 1.102460 -0.344575 -0.100000
v 1.134000 -0.346000 0.100000
v 1.134000 -0.346000 -0.100000
v 1.167712 -0.345068 0.100000
v 1.167712 -0.345068 -0.100000
v 1.199694 -0.342213 0.100000
v 1.199694 -0.342213 -0.100000
v 1.229719 -0.337344 0.100000
v 1.229719 -0.337344 -0.100000
v 1.257555 -0.330370 0.100000
v 1.257555 -0.330370 -0.100000
v 1.282976 -0.321203 0.100000
v 1.282976 -0.321203 -0.100000
v 1.305750 -0.309750 0.100000
v 1.305750 -0.309750 -0.100000
v 1.325649 -0.295922 0.100000
v 1.325649 -0.295922 -0.100000
v 1.342444 -0.279630 0.100000
v 1.342444 -0.279630 -0.100000
v 1.355906 -0.260781 0.100000
v 1.355906 -0.260781 -0.100000
v 1.365806 -0.239287 0.100000
v 1.365806 -0.239287 -0.100000
v 1.371913 -0.215057 0.100000
v 1.371913 -0.215057 -0.100000
v 1.374000 -0.188000 0.100000
v 1.374000 -0.188000 -0.100000
v 1.372345 -0.165867 0.100000
v 1.372345 -0.165867 -0.100000
v 1.367347 -0.144602 0.100000
v 1.367347 -0.144602 -0.100000
v 1.358953 -0.124406 0.100000
v 1.358953 -0.124406 -0.100000
v 1.347111 -0.105481 0.100000
v 1.347111 -0.105481 -0.100000
v 1.331769 -0.088029 0.100000
v 1.331769 -0.088029 -0.100000
v 1.312875 -0.072250 0.100000
v 1.312875 -0.072250 -0.100000
v 1.290377 -0.058346 0.100000
v 1.290377 -0.058346 -0.100000
v 1.264222 -0.046519 0.100000
v 1.264222 -0.046519 -0.100000
v 1.234359 -0.036969 0.100000
v 1.234359 -0.036969 -0.100000
v 1.200736 -0.029898 0.100000
v 1.200736 -0.029898 -0.100000
v 1.163300 -0.025508 0.100000
v 1.163300 -0.025508 -0.100000
v 1.122000 -0.024000 0.100000
v 1.122000 -0.024000 -0.100000
v 1.114770 -0.024042 0.100000
v 1.114770 -0.024042 -0.100000
v 1.107579 -0.024167 0.100000
v 1.107579 -0.024167 -0.100000
v 1.100422 -0.024375 0.100000
v 1.100422 -0.024375 -0.100000
v 1.093296 -0.024667 0.100000
v 1.093296 -0.024667 -0.100000
v 1.086198 -0.025042 0.100000
v 1.086198 -0.025042 -0.100000
v 1.079125 -0.025500 0.100000
v 1.079125 -0.025500 -0.100000
v 1.072072 -0.026042 0.100000
v 1.072072 -0.026042 -0.100000
v 1.065037 -0.026667 0.100000
v 1.065037 -0.026667 -0.100000
v 1.058015 -0.027375 0.100000
v 1.058015 -0.027375 -0.100000
v 1.051005 -0.028167 0.100000
v 1.051005 -0.028167 -0.100000
v 1.044001 -0.029042 0.100000
v 1.044001 -0.029042 -0.100000
v 1.037000 -0.030000 0.100000
v 1.037000 -0.030000 -0.100000
v 1.037998 -0.009546 0.100000
v 1.037998 -0.009546 -0.100000
v 1.038981 0.011213 0.100000
v 1.038981 0.011213 -0.100000
v 1.039937 0.032125 0.100000
v 1.039937 0.032125 -0.100000
v 1.040852 0.053037 0.100000
v 1.040852 0.053037 -0.100000
v 1.041711 0.073796 0.100000
v 1.041711 0.073796 -0.100000
v 1.042500 0.094250 0.100000
v 1.042500 0.094250 -0.100000
v 1.043206 0.114245 0.100000
v 1.043206 0.114245 -0.100000
v 1.043815 0.133630 0.100000
v 1.043815 0.133630 -0.100000
v 1.044312 0.152250 0.100000
v 1.044312 0.152250 -0.100000
v 1.044685 0.169954 0.100000
v 1.044685 0.169954 -0.100000
v 1.044919 0.186588 0.100000
v 1.044919 0.186588 -0.100000
v 1.045000 0.202000 0.100000
v 1.045000 0.202000 -0.100000
v 1.045001 0.217193 0.100000
v 1.045001 0.217193 -0.100000
v 1.045005 0.233130 0.100000
v 1.045005 0.233130 -0.100000
v 1.045016 0.249594 0.100000
v 1.045016 0.249594 -0.100000
v 1.045037 0.266370 0.100000
v 1.045037 0.266370 -0.100000
v 1.045072 0.283244 0.100000
v 1.045072 0.283244 -0.100000
v 1.045125 0.300000 0.100000
v 1.045125 0.300000 -0.100000
v 1.045199 0.316422 0.100000
v 1.045199 0.316422 -0.100000
v 1.045296 0.332296 0.100000
v 1.045296 0.332296 -0.100000
v 1.045422 0.347406 0.100000
v 1.045422 0.347406 -0.100000
v 1.045579 0.361537 0.100000
v 1.045579 0.361537 -0.100000
v 1.045770 0.374473 0.100000
v 1.045770 0.374473 -0.100000
v 1.046000 0.386000 0.100000
v 1.046000 0.386000 -0.100000
v 1.046062 0.395167 0.100000
v 1.046062 0.395167 -0.100000
v 1.046246 0.404583 0.100000
v 1.046246 0.404583 -0.100000
v 1.046547 0.414125 0.100000
v 1.046547 0.414125 -0.100000
v 1.046963 0.423667 0.100000
v 1.046963 0.423667 -0.100000
v 1.047490 0.433083 0.100000
v 1.047490 0.433083 -0.100000
v 1.048125 0.442250 0.100000
v 1.048125 0.442250 -0.100000
v 1.048864 0.451042 0.100000
v 1.048864 0.451042 -0.100000
v 1.049704 0.459333 0.100000
v 1.049704 0.459333 -0.100000
v 1.050641 0.467000 0.100000
v 1.050641 0.467000 -0.100000
v 1.051671 0.473917 0.100000
v 1.051671 0.473917 -0.100000
v 1.052792 0.479958 0.100000
v 1.052792 0.479958 -0.100000
v 1.054000 0.485000 0.100000
v 1.054000 0.485000 -0.100000
v 0.959000 0.485000 0.100000
v 0.959000 0.485000 -0.100000
v 0.959749 0.479214 0.100000
v 0.959749 0.479214 -0.100000
v 0.960491 0.472458 0.100000
v 0.960491 0.472458 -0.100000
v 0.961219 0.464891 0.100000
v 0.961219 0.464891 -0.100000
v 0.961926 0.456667 0.100000
v 0.961926 0.456667 -0.100000
v 0.962605 0.447943 0.100000
v 0.962605 0.447943 -0.100000
v 0.963250 0.438875 0.100000
v 0.963250 0.438875 -0.100000
v 0.963853 0.429620 0.100000
v 0.963853 0.429620 -0.100000
v 0.964407 0.420333 0.100000
v 0.964407 0.420333 -0.100000
v 0.964906 0.411172 0.100000
v 0.964906 0.411172 -0.100000
v 0.965343 0.402292 0.100000
v 0.965343 0.402292 -0.100000
v 0.965709 0.393849 0.100000
v 0.965709 0.393849 -0.100000
v 0.966000 0.386000 0.100000
v 0.966000 0.386000 -0.100000
v 0.285206 0.284687 0.100000
v 0.285206 0.284687 -0.100000
v 0.285315 0.267333 0.100000
v 0.285315 0.267333 -0.100000
v 0.285313 0.249063 0.100000
v 0.285312 0.249063 -0.100000
v 0.285185 0.230000 0.100000
v 0.285185 0.230000 -0.100000
v 0.284919 0.210271 0.100000
v 0.284919 0.210271 -0.100000
v 0.284500 0.190000 0.100000
v 0.284500 0.190000 -0.100000
v 0.283914 0.169313 0.100000
v 0.283914 0.169313 -0.100000
v 0.283148 0.148333 0.100000
v 0.283148 0.148333 -0.100000
v 0.282188 0.127188 0.100000
v 0.282187 0.127188 -0.100000
v 0.281019 0.106000 0.100000
v 0.281018 0.106000 -0.100000
v 0.279627 0.084896 0.100000
v 0.279627 0.084896 -0.100000
v 0.278000 0.064000 0.100000
v 0.278000 0.064000 -0.100000
v 0.273319 0.023449 0.100000
v 0.273319 0.023448 -0.100000
v 0.267301 -0.014579 0.100000
v 0.267301 -0.014579 -0.100000
v 0.259984 -0.049891 0.100000
v 0.259984 -0.049891 -0.100000
v 0.251407 -0.082296 0.100000
v 0.251407 -0.082296 -0.100000
v 0.241608 -0.111605 0.100000
v 0.241608 -0.111605 -0.100000
v 0.230625 -0.137625 0.100000
v 0.230625 -0.137625 -0.100000
v 0.218496 -0.160166 0.100000
v 0.218496 -0.160166 -0.100000
v 0.205259 -0.179037 0.100000
v 0.205259 -0.179037 -0.100000
v 0.190953 -0.194047 0.100000
v 0.190953 -0.194047 -0.100000
v 0.175616 -0.205005 0.100000
v 0.175616 -0.205005 -0.100000
v 0.159285 -0.211719 0.100000
v 0.159285 -0.211719 -0.100000
v 0.142000 -0.214000 0.100000
v 0.142000 -0.214000 -0.100000
v 0.129343 -0.211896 0.100000
v 0.129343 -0.211896 -0.100000
v 0.116912 -0.205833 0.100000
v 0.116912 -0.205833 -0.100000
v 0.104766 -0.196188 0.100000
v 0.104766 -0.196188 -0.100000
v 0.092963 -0.183333 0.100000
v 0.092963 -0.183333 -0.100000
v 0.081563 -0.167646 0.100000
v 0.081563 -0.167646 -0.100000
v 0.070625 -0.149500 0.100000
v 0.070625 -0.149500 -0.100000
v 0.060208 -0.129271 0.100000
v 0.060208 -0.129271 -0.100000
v 0.050370 -0.107333 0.100000
v 0.050370 -0.107333 -0.100000
v 0.041172 -0.084062 0.100000
v 0.041172 -0.084063 -0.100000
v 0.032671 -0.059833 0.100000
v 0.032671 -0.059833 -0.100000
v 0.024928 -0.035021 0.100000
v 0.024928 -0.035021 -0.100000
v 0.018000 -0.010000 0.100000
v 0.018000 -0.010000 -0.100000
v -0.045000 -0.081000 0.100000
v -0.045000 -0.081000 -0.100000
v -0.029976 -0.121198 0.100000
v -0.029976 -0.121198 -0.100000
v -0.014894 -0.156917 0.100000
v -0.014894 -0.156917 -0.100000
v 0.000266 -0.188344 0.100000
v 0.000266 -0.188344 -0.100000
v 0.015519 -0.215667 0.100000
v 0.015518 -0.215667 -0.100000
v 0.030883 -0.239073 0.100000
v 0.030882 -0.239073 -0.100000
v 0.046375 -0.258750 0.100000
v 0.046375 -0.258750 -0.100000
v 0.062013 -0.274885 0.100000
v 0.062013 -0.274885 -0.100000
v 0.077815 -0.287667 0.100000
v 0.077815 -0.287667 -0.100000
v 0.093797 -0.297281 0.100000
v 0.093797 -0.297281 -0.100000
v 0.109977 -0.303917 0.100000
v 0.109977 -0.303917 -0.100000
v 0.126372 -0.307760 0.100000
v 0.126372 -0.307760 -0.100000
v 0.143000 -0.309000 0.100000
v 0.143000 -0.309000 -0.100000
v 0.166632 -0.307001 0.100000
v 0.166632 -0.307001 -0.100000
v 0.189889 -0.300838 0.100000
v 0.189889 -0.300838 -0.100000
v 0.212562 -0.290266 0.100000
v 0.212562 -0.290266 -0.100000
v 0.234444 -0.275037 0.100000
v 0.234444 -0.275037 -0.100000
v 0.255326 -0.254906 0.100000
v 0.255326 -0.254906 -0.100000
v 0.275000 -0.229625 0.100000
v 0.275000 -0.229625 -0.100000
v 0.293257 -0.198949 0.100000
v 0.293257 -0.198949 -0.100000
v 0.309889 -0.162630 0.100000
v 0.309889 -0.162630 -0.100000
v 0.324688 -0.120422 0.100000
v 0.324687 -0.120422 -0.100000
v 0.337444 -0.072079 0.100000
v 0.337444 -0.072079 -0.100000
v 0.347951 -0.017354 0.100000
v 0.347951 -0.017354 -0.100000
v 0.356000 0.044000 0.100000
v 0.356000 0.044000 -0.100000
v 0.358317 0.066422 0.100000
v 0.358317 0.066422 -0.100000
v 0.360287 0.089958 0.100000
v 0.360287 0.089958 -0.100000
v 0.361938 0.114266 0.100000
v 0.361937 0.114266 -0.100000
v 0.363296 0.139000 0.100000
v 0.363296 0.139000 -0.100000
v 0.364391 0.163818 0.100000
v 0.364391 0.163818 -0.100000
v 0.365250 0.188375 0.100000
v 0.365250 0.188375 -0.100000
v 0.365900 0.212328 0.100000
v 0.365900 0.212328 -0.100000
v 0.366370 0.235333 0.100000
v 0.366370 0.235333 -0.100000
v 0.366688 0.257047 0.100000
v 0.366687 0.257047 -0.100000
v 0.366880 0.277125 0.100000
v 0.366880 0.277125 -0.100000
v 0.366975 0.295224 0.100000
v 0.366975 0.295224 -0.100000
v 0.367000 0.311000 0.100000
v 0.367000 0.311000 -0.100000
v 0.367023 0.317124 0.100000
v 0.367023 0.317124 -0.100000
v 0.367102 0.323912 0.100000
v 0.367102 0.323912 -0.100000
v 0.367250 0.331234 0.100000
v 0.367250 0.331234 -0.100000
v 0.367481 0.338963 0.100000
v 0.367481 0.338963 -0.100000
v 0.367810 0.346969 0.100000
v 0.367810 0.346969 -0.100000
v 0.368250 0.355125 0.100000
v 0.368250 0.355125 -0.100000
v 0.368815 0.363302 0.100000
v 0.368815 0.363302 -0.100000
v 0.369519 0.371370 0.100000
v 0.369518 0.371370 -0.100000
v 0.370375 0.379203 0.100000
v 0.370375 0.379203 -0.100000
v 0.371398 0.386671 0.100000
v 0.371398 0.386671 -0.100000
v 0.372602 0.393646 0.100000
v 0.372602 0.393646 -0.100000
v 0.374000 0.400000 0.100000
v 0.374000 0.400000 -0.100000
v 0.277000 0.398000 0.100000
v 0.277000 0.398000 -0.100000
v 0.277998 0.391546 0.100000
v 0.277998 0.391546 -0.100000
v 0.278982 0.384287 0.100000
v 0.278981 0.384287 -0.100000
v 0.279938 0.376375 0.100000
v 0.279937 0.376375 -0.100000
v 0.280852 0.367963 0.100000
v 0.280852 0.367963 -0.100000
v 0.281711 0.359204 0.100000
v 0.281711 0.359204 -0.100000
v 0.282500 0.350250 0.100000
v 0.282500 0.350250 -0.100000
v 0.283206 0.341255 0.100000
v 0.283206 0.341255 -0.100000
v 0.283815 0.332370 0.100000
v 0.283815 0.332370 -0.100000
v 0.284313 0.323750 0.100000
v 0.284312 0.323750 -0.100000
v 0.284685 0.315546 0.100000
v 0.284685 0.315546 -0.100000
v 0.284919 0.307912 0.100000
v 0.284919 0.307912 -0.100000
v 0.285000 0.301000 0.100000
v 0.285000 0.301000 -0.100000
v -0.340000 -0.160000 0.100000
v -0.340000 -0.160000 -0.100000
v -0.334628 -0.114315 0.100000
v -0.334629 -0.114315 -0.100000
v -0.327528 -0.068019 0.100000
v -0.327528 -0.068019 -0.100000
v -0.318719 -0.021500 0.100000
v -0.318719 -0.021500 -0.100000
v -0.308222 0.024852 0.100000
v -0.308222 0.024852 -0.100000
v -0.296059 0.070648 0.100000
v -0.296059 0.070648 -0.100000
v -0.282250 0.115500 0.100000
v -0.282250 0.115500 -0.100000
v -0.266816 0.159018 0.100000
v -0.266816 0.159018 -0.100000
v -0.249778 0.200815 0.100000
v -0.249778 0.200815 -0.100000
v -0.231156 0.240500 0.100000
v -0.231156 0.240500 -0.100000
v -0.210972 0.277685 0.100000
v -0.210972 0.277685 -0.100000
v -0.189247 0.311981 0.100000
v -0.189247 0.311981 -0.100000
v -0.166000 0.343000 0.100000
v -0.166000 0.343000 -0.100000
v -0.244000 0.370000 0.100000
v -0.244000 0.370000 -0.100000
v -0.265873 0.339080 0.100000
v -0.265873 0.339080 -0.100000
v -0.286898 0.304644 0.100000
v -0.286898 0.304644 -0.100000
v -0.306938 0.267172 0.100000
v -0.306938 0.267172 -0.100000
v -0.325852 0.227148 0.100000
v -0.325852 0.227148 -0.100000
v -0.343502 0.185055 0.100000
v -0.343502 0.185055 -0.100000
v -0.359750 0.141375 0.100000
v -0.359750 0.141375 -0.100000
v -0.374456 0.096591 0.100000
v -0.374456 0.096591 -0.100000
v -0.387481 0.051185 0.100000
v -0.387482 0.051185 -0.100000
v -0.398687 0.005641 0.100000
v -0.398688 0.005641 -0.100000
v -0.407935 -0.039560 0.100000
v -0.407935 -0.039560 -0.100000
v -0.415086 -0.083935 0.100000
v -0.415086 -0.083935 -0.100000
v -0.420000 -0.127000 0.100000
v -0.420000 -0.127000 -0.100000
v -0.730001 0.362283 0.100000
v -0.730001 0.362283 -0.100000
v -0.722176 0.321931 0.100000
v -0.722176 0.321931 -0.100000
v -0.714781 0.279391 0.100000
v -0.714781 0.279391 -0.100000
v -0.708074 0.235111 0.100000
v -0.708074 0.235111 -0.100000
v -0.702311 0.189540 0.100000
v -0.702311 0.189540 -0.100000
v -0.697750 0.143125 0.100000
v -0.697750 0.143125 -0.100000
v -0.694647 0.096314 0.100000
v -0.694647 0.096314 -0.100000
v -0.693259 0.049556 0.100000
v -0.693259 0.049556 -0.100000
v -0.693844 0.003297 0.100000
v -0.693844 0.003297 -0.100000
v -0.696657 -0.042014 0.100000
v -0.696657 -0.042014 -0.100000
v -0.701957 -0.085929 0.100000
v -0.701957 -0.085929 -0.100000
v -0.710000 -0.128000 0.100000
v -0.710000 -0.128000 -0.100000
v -0.713641 -0.117122 0.100000
v -0.713641 -0.117122 -0.100000
v -0.717542 -0.105556 0.100000
v -0.717542 -0.105556 -0.100000
v -0.721672 -0.093406 0.100000
v -0.721672 -0.093406 -0.100000
v -0.726000 -0.080778 0.100000
v -0.726000 -0.080778 -0.100000
v -0.730495 -0.067774 0.100000
v -0.730495 -0.067774 -0.100000
v -0.735125 -0.054500 0.100000
v -0.735125 -0.054500 -0.100000
v -0.739859 -0.041059 0.100000
v -0.739859 -0.041059 -0.100000
v -0.744667 -0.027556 0.100000
v -0.744667 -0.027556 -0.100000
v -0.749516 -0.014094 0.100000
v -0.749516 -0.014094 -0.100000
v -0.754375 -0.000778 0.100000
v -0.754375 -0.000778 -0.100000
v -0.759214 0.012288 0.100000
v -0.759214 0.012288 -0.100000
v -0.764000 0.025000 0.100000
v -0.764000 0.025000 -0.100000
v -0.807000 -0.001000 0.100000
v -0.807000 -0.001000 -0.100000
v -0.800889 -0.019117 0.100000
v -0.800889 -0.019117 -0.100000
v -0.794616 -0.038273 0.100000
v -0.794616 -0.038273 -0.100000
v -0.788266 -0.058172 0.100000
v -0.788266 -0.058172 -0.100000
v -0.781926 -0.078518 0.100000
v -0.781926 -0.078519 -0.100000
v -0.775683 -0.099018 0.100000
v -0.775683 -0.099018 -0.100000
v -0.769625 -0.119375 0.100000
v -0.769625 -0.119375 -0.100000
v -0.763837 -0.139295 0.100000
v -0.763837 -0.139295 -0.100000
v -0.758407 -0.158481 0.100000
v -0.758407 -0.158481 -0.100000
v -0.753422 -0.176641 0.100000
v -0.753422 -0.176641 -0.100000
v -0.748968 -0.193477 0.100000
v -0.748968 -0.193477 -0.100000
v -0.745131 -0.208695 0.100000
v -0.745131 -0.208695 -0.100000
v -0.742000 -0.222000 0.100000
v -0.742000 -0.222000 -0.100000
v -0.741042 -0.225826 0.100000
v -0.741042 -0.225826 -0.100000
v -0.740171 -0.229778 0.100000
v -0.740171 -0.229778 -0.100000
v -0.739391 -0.233813 0.100000
v -0.739391 -0.233813 -0.100000
v -0.738704 -0.237889 0.100000
v -0.738704 -0.237889 -0.100000
v -0.738114 -0.241965 0.100000
v -0.738114 -0.241965 -0.100000
v -0.737625 -0.246000 0.100000
v -0.737625 -0.246000 -0.100000
v -0.737240 -0.249951 0.100000
v -0.737240 -0.249951 -0.100000
v -0.736963 -0.253778 0.100000
v -0.736963 -0.253778 -0.100000
v -0.736797 -0.257438 0.100000
v -0.736797 -0.257438 -0.100000
v -0.736745 -0.260889 0.100000
v -0.736745 -0.260889 -0.100000
v -0.736812 -0.264090 0.100000
v -0.736812 -0.264090 -0.100000
v -0.737000 -0.267000 0.100000
v -0.737000 -0.267000 -0.100000
v -0.737250 -0.269579 0.100000
v -0.737250 -0.269579 -0.100000
v -0.737500 -0.272296 0.100000
v -0.737500 -0.272296 -0.100000
v -0.737750 -0.275125 0.100000
v -0.737750 -0.275125 -0.100000
v -0.738000 -0.278037 0.100000
v -0.738000 -0.278037 -0.100000
v -0.738250 -0.281005 0.100000
v -0.738250 -0.281005 -0.100000
v -0.738500 -0.284000 0.100000
v -0.738500 -0.284000 -0.100000
v -0.738750 -0.286995 0.100000
v -0.738750 -0.286995 -0.100000
v -0.739000 -0.289963 0.100000
v -0.739000 -0.289963 -0.100000
v -0.739250 -0.292875 0.100000
v -0.739250 -0.292875 -0.100000
v -0.739500 -0.295704 0.100000
v -0.739500 -0.295704 -0.100000
v -0.739750 -0.298421 0.100000
v -0.739750 -0.298421 -0.100000
v -0.740000 -0.301000 0.100000
v -0.740000 -0.301000 -0.100000
v -0.672000 -0.309000 0.100000
v -0.672000 -0.309000 -0.100000
v -0.666756 -0.292355 0.100000
v -0.666756 -0.292355 -0.100000
v -0.661130 -0.273088 0.100000
v -0.661130 -0.273088 -0.100000
v -0.655281 -0.251453 0.100000
v -0.655281 -0.251453 -0.100000
v -0.649370 -0.227704 0.100000
v -0.649370 -0.227704 -0.100000
v -0.643557 -0.202093 0.100000
v -0.643557 -0.202093 -0.100000
v -0.638000 -0.174875 0.100000
v -0.638000 -0.174875 -0.100000
v -0.632860 -0.146303 0.100000
v -0.632860 -0.146303 -0.100000
v -0.628296 -0.116630 0.100000
v -0.628296 -0.116630 -0.100000
v -0.624469 -0.086109 0.100000
v -0.624469 -0.086109 -0.100000
v -0.621537 -0.054995 0.100000
v -0.621537 -0.054995 -0.100000
v -0.619661 -0.023541 0.100000
v -0.619661 -0.023541 -0.100000
v -0.619000 0.008000 0.100000
v -0.619000 0.008000 -0.100000
v -0.619519 0.048297 0.100000
v -0.619519 0.048297 -0.100000
v -0.620981 0.088042 0.100000
v -0.620981 0.088042 -0.100000
v -0.623250 0.127016 0.100000
v -0.623250 0.127016 -0.100000
v -0.626185 0.165000 0.100000
v -0.626185 0.165000 -0.100000
v -0.629648 0.201776 0.100000
v -0.629648 0.201776 -0.100000
v -0.633500 0.237125 0.100000
v -0.633500 0.237125 -0.100000
v -0.637602 0.270828 0.100000
v -0.637602 0.270828 -0.100000
v -0.641815 0.302667 0.100000
v -0.641815 0.302667 -0.100000
v -0.646000 0.332422 0.100000
v -0.646000 0.332422 -0.100000
v -0.650019 0.359875 0.100000
v -0.650019 0.359875 -0.100000
v -0.653731 0.384807 0.100000
v -0.653731 0.384807 -0.100000
v -0.657000 0.407000 0.100000
v -0.657000 0.407000 -0.100000
v -0.657939 0.412806 0.100000
v -0.657939 0.412806 -0.100000
v -0.658759 0.418699 0.100000
v -0.658759 0.418699 -0.100000
v -0.659469 0.424641 0.100000
v -0.659469 0.424641 -0.100000
v -0.660074 0.430593 0.100000
v -0.660074 0.430593 -0.100000
v -0.660582 0.436517 0.100000
v -0.660582 0.436517 -0.100000
v -0.661000 0.442375 0.100000
v -0.661000 0.442375 -0.100000
v -0.661335 0.448129 0.100000
v -0.661335 0.448129 -0.100000
v -0.661593 0.453741 0.100000
v -0.661593 0.453741 -0.100000
v -0.661781 0.459172 0.100000
v -0.661781 0.459172 -0.100000
v -0.661907 0.464384 0.100000
v -0.661907 0.464384 -0.100000
v -0.661978 0.469340 0.100000
v -0.661978 0.469340 -0.100000
v -0.662000 0.474000 0.100000
v -0.662000 0.474000 -0.100000
v -0.755000 0.465000 0.100000
v -0.755000 0.465000 -0.100000
v -0.753692 0.460093 0.100000
v -0.753692 0.460093 -0.100000
v -0.752282 0.454907 0.100000
v -0.752282 0.454907 -0.100000
v -0.750797 0.449500 0.100000
v -0.750797 0.449500 -0.100000
v -0.749259 0.443926 0.100000
v -0.749259 0.443926 -0.100000
v -0.747694 0.438241 0.100000
v -0.747694 0.438241 -0.100000
v -0.746125 0.432500 0.100000
v -0.746125 0.432500 -0.100000
v -0.744577 0.426759 0.100000
v -0.744577 0.426759 -0.100000
v -0.743074 0.421074 0.100000
v -0.743074 0.421074 -0.100000
v -0.741641 0.415500 0.100000
v -0.741641 0.415500 -0.100000
v -0.740301 0.410093 0.100000
v -0.740301 0.410093 -0.100000
v -0.739079 0.404907 0.100000
v -0.739079 0.404907 -0.100000
v -0.738000 0.400000 0.100000
v -0.738000 0.400000 -0.100000
v -1.067290 0.262021 0.100000
v -1.067290 0.262021 -0.100000
v -1.077653 0.262083 0.100000
v -1.077653 0.262083 -0.100000
v -1.088078 0.262188 0.100000
v -1.088078 0.262188 -0.100000
v -1.098555 0.262333 0.100000
v -1.098555 0.262333 -0.100000
v -1.109074 0.262521 0.100000
v -1.109074 0.262521 -0.100000
v -1.119625 0.262750 0.100000
v -1.119625 0.262750 -0.100000
v -1.130196 0.263021 0.100000
v -1.130196 0.263021 -0.100000
v -1.140778 0.263333 0.100000
v -1.140778 0.263333 -0.100000
v -1.151359 0.263687 0.100000
v -1.151359 0.263687 -0.100000
v -1.161931 0.264083 0.100000
v -1.161931 0.264083 -0.100000
v -1.172481 0.264521 0.100000
v -1.172481 0.264521 -0.100000
v -1.183000 0.265000 0.100000
v -1.183000 0.265000 -0.100000
v -1.182710 0.280807 0.100000
v -1.182710 0.280807 -0.100000
v -1.182347 0.296620 0.100000
v -1.182347 0.296620 -0.100000
v -1.181922 0.312281 0.100000
v -1.181922 0.312281 -0.100000
v -1.181445 0.327630 0.100000
v -1.181445 0.327630 -0.100000
v -1.180925 0.342506 0.100000
v -1.180925 0.342506 -0.100000
v -1.180375 0.356750 0.100000
v -1.180375 0.356750 -0.100000
v -1.179804 0.370203 0.100000
v -1.179804 0.370203 -0.100000
v -1.179222 0.382704 0.100000
v -1.179222 0.382704 -0.100000
v -1.178641 0.394094 0.100000
v -1.178641 0.394094 -0.100000
v -1.178069 0.404213 0.100000
v -1.178069 0.404213 -0.100000
v -1.177519 0.412902 0.100000
v -1.177519 0.412902 -0.100000
v -1.177000 0.420000 0.100000
v -1.177000 0.420000 -0.100000
v -1.176460 0.425707 0.100000
v -1.176460 0.425707 -0.100000
v -1.175847 0.431319 0.100000
v -1.175847 0.431319 -0.100000
v -1.175172 0.436828 0.100000
v -1.175172 0.436828 -0.100000
v -1.174445 0.442222 0.100000
v -1.174445 0.442222 -0.100000
v -1.173676 0.447491 0.100000
v -1.173676 0.447491 -0.100000
v -1.172875 0.452625 0.100000
v -1.172875 0.452625 -0.100000
v -1.172054 0.457613 0.100000
v -1.172054 0.457613 -0.100000
v -1.171222 0.462444 0.100000
v -1.171222 0.462444 -0.100000
v -1.170391 0.467109 0.100000
v -1.170391 0.467109 -0.100000
v -1.169569 0.471597 0.100000
v -1.169569 0.471597 -0.100000
v -1.168769 0.475898 0.100000
v -1.168769 0.475898 -0.100000
v -1.168000 0.480000 0.100000
v -1.168000 0.480000 -0.100000
v -1.261000 0.480000 0.100000
v -1.261000 0.480000 -0.100000
v -1.260521 0.475688 0.100000
v -1.260521 0.475688 -0.100000
v -1.260083 0.471255 0.100000
v -1.260083 0.471255 -0.100000
v -1.259687 0.466703 0.100000
v -1.259687 0.466703 -0.100000
v -1.259333 0.462037 0.100000
v -1.259333 0.462037 -0.100000
v -1.259021 0.457260 0.100000
v -1.259021 0.457260 -0.100000
v -1.258750 0.452375 0.100000
v -1.258750 0.452375 -0.100000
v -1.258521 0.447386 0.100000
v -1.258521 0.447386 -0.100000
v -1.258333 0.442296 0.100000
v -1.258333 0.442296 -0.100000
v -1.258188 0.437109 0.100000
v -1.258188 0.437109 -0.100000
v -1.258083 0.431829 0.100000
v -1.258083 0.431829 -0.100000
v -1.258021 0.426458 0.100000
v -1.258021 0.426458 -0.100000
v -1.258000 0.421000 0.100000
v -1.258000 0.421000 -0.100000
v -1.259000 0.270000 0.100000
v -1.259000 0.270000 -0.100000
v -1.273704 0.271293 0.100000
v -1.273704 0.271293 -0.100000
v -1.288296 0.272676 0.100000
v -1.288296 0.272676 -0.100000
v -1.302750 0.274156 0.100000
v -1.302750 0.274156 -0.100000
v -1.317037 0.275741 0.100000
v -1.317037 0.275741 -0.100000
v -1.331130 0.277436 0.100000
v -1.331130 0.277436 -0.100000
v -1.345000 0.279250 0.100000
v -1.345000 0.279250 -0.100000
v -1.358620 0.281189 0.100000
v -1.358620 0.281189 -0.100000
v -1.371963 0.283259 0.100000
v -1.371963 0.283259 -0.100000
v -1.385000 0.285469 0.100000
v -1.385000 0.285469 -0.100000
v -1.397704 0.287824 0.100000
v -1.397704 0.287824 -0.100000
v -1.410046 0.290332 0.100000
v -1.410046 0.290332 -0.100000
v -1.422000 0.293000 0.100000
v -1.422000 0.293000 -0.100000
v -1.422000 0.211000 0.100000
v -1.422000 0.211000 -0.100000
v -1.410295 0.209271 0.100000
v -1.410295 0.209271 -0.100000
v -1.398195 0.207588 0.100000
v -1.398195 0.207588 -0.100000
v -1.385719 0.205953 0.100000
v -1.385719 0.205953 -0.100000
v -1.372889 0.204370 0.100000
v -1.372889 0.204370 -0.100000
v -1.359726 0.202843 0.100000
v -1.359726 0.202843 -0.100000
v -1.346250 0.201375 0.100000
v -1.346250 0.201375 -0.100000
v -1.332483 0.199969 0.100000
v -1.332483 0.199969 -0.100000
v -1.318444 0.198630 0.100000
v -1.318444 0.198630 -0.100000
v -1.304156 0.197359 0.100000
v -1.304156 0.197359 -0.100000
v -1.289639 0.196162 0.100000
v -1.289639 0.196162 -0.100000
v -1.274913 0.195041 0.100000
v -1.274913 0.195041 -0.100000
v -1.260000 0.194000 0.100000
v -1.260000 0.194000 -0.100000
v -1.260000 0.159000 0.100000
v -1.260000 0.159000 -0.100000
v -1.259877 0.102879 0.100000
v -1.259877 0.102879 -0.100000
v -1.259019 0.049449 0.100000
v -1.259019 0.049449 -0.100000
v -1.256688 -0.001391 0.100000
v -1.256688 -0.001391 -0.100000
v -1.252148 -0.049741 0.100000
v -1.252148 -0.049741 -0.100000
v -1.244664 -0.095702 0.100000
v -1.244664 -0.095702 -0.100000
v -1.233500 -0.139375 0.100000
v -1.233500 -0.139375 -0.100000
v -1.217919 -0.180861 0.100000
v -1.217919 -0.180861 -0.100000
v -1.197185 -0.220259 0.100000
v -1.197185 -0.220259 -0.100000
v -1.170563 -0.257672 0.100000
v -1.170563 -0.257672 -0.100000
v -1.137315 -0.293199 0.100000
v -1.137315 -0.293199 -0.100000
v -1.096706 -0.326942 0.100000
v -1.096706 -0.326942 -0.100000
v -1.048000 -0.359000 0.100000
v -1.048000 -0.359000 -0.100000
v -0.975000 -0.302000 0.100000
v -0.975000 -0.302000 -0.100000
v -0.983173 -0.298508 0.100000
v -0.983173 -0.298508 -0.100000
v -0.991630 -0.294560 0.100000
v -0.991630 -0.294560 -0.100000
v -1.000281 -0.290203 0.100000
v -1.000281 -0.290203 -0.100000
v -1.009037 -0.285482 0.100000
v -1.009037 -0.285482 -0.100000
v -1.017807 -0.280440 0.100000
v -1.017807 -0.280440 -0.100000
v -1.026500 -0.275125 0.100000
v -1.026500 -0.275125 -0.100000
v -1.035027 -0.269580 0.100000
v -1.035027 -0.269580 -0.100000
v -1.043296 -0.263852 0.100000
v -1.043296 -0.263852 -0.100000
v -1.051219 -0.257984 0.100000
v -1.051219 -0.257984 -0.100000
v -1.058704 -0.252023 0.100000
v -1.058704 -0.252023 -0.100000
v -1.065661 -0.246013 0.100000
v -1.065661 -0.246013 -0.100000
v -1.072000 -0.240000 0.100000
v -1.072000 -0.240000 -0.100000
v -1.096701 -0.216069 0.100000
v -1.096701 -0.216069 -0.100000
v -1.117523 -0.191139 0.100000
v -1.117523 -0.191139 -0.100000
v -1.134797 -0.165000 0.100000
v -1.134797 -0.165000 -0.100000
v -1.148852 -0.137444 0.100000
v -1.148852 -0.137444 -0.100000
v -1.160018 -0.108264 0.100000
v -1.160018 -0.108264 -0.100000
v -1.168625 -0.077250 0.100000
v -1.168625 -0.077250 -0.100000
v -1.175003 -0.044194 0.100000
v -1.175003 -0.044194 -0.100000
v -1.179482 -0.008889 0.100000
v -1.179482 -0.008889 -0.100000
v -1.182391 0.028875 0.100000
v -1.182391 0.028875 -0.100000
v -1.184060 0.069306 0.100000
v -1.184060 0.069306 -0.100000
v -1.184820 0.112611 0.100000
v -1.184820 0.112611 -0.100000
v -1.185000 0.159000 0.100000
v -1.185000 0.159000 -0.100000
v -1.185000 0.190000 0.100000
v -1.185000 0.190000 -0.100000
v -1.174251 0.189521 0.100000
v -1.174251 0.189521 -0.100000
v -1.163509 0.189083 0.100000
v -1.163509 0.189083 -0.100000
v -1.152781 0.188688 0.100000
v -1.152781 0.188688 -0.100000
v -1.142074 0.188333 0.100000
v -1.142074 0.188333 -0.100000
v -1.131395 0.188021 0.100000
v -1.131395 0.188021 -0.100000
v -1.120750 0.187750 0.100000
v -1.120750 0.187750 -0.100000
v -1.110147 0.187521 0.100000
v -1.110147 0.187521 -0.100000
v -1.099593 0.187333 0.100000
v -1.099593 0.187333 -0.100000
v -1.089094 0.187188 0.100000
v -1.089094 0.187188 -0.100000
v -1.078658 0.187083 0.100000
v -1.078658 0.187083 -0.100000
v -1.068291 0.187021 0.100000
v -1.068291 0.187021 -0.100000
v -1.058000 0.187000 0.100000
v -1.058000 0.187000 -0.100000
v -1.045550 0.187061 0.100000
v -1.045550 0.187061 -0.100000
v -1.032320 0.187236 0.100000
v -1.032320 0.187236 -0.100000
v -1.018484 0.187516 0.100000
v -1.018484 0.187516 -0.100000
v -1.004222 0.187889 0.100000
v -1.004222 0.187889 -0.100000
v -0.989710 0.188346 0.100000
v -0.989710 0.188346 -0.100000
v -0.975125 0.188875 0.100000
v -0.975125 0.188875 -0.100000
v -0.960644 0.189467 0.100000
v -0.960644 0.189467 -0.100000
v -0.946444 0.190111 0.100000
v -0.946444 0.190111 -0.100000
v -0.932703 0.190797 0.100000
v -0.932703 0.190797 -0.100000
v -0.919597 0.191514 0.100000
v -0.919597 0.191514 -0.100000
v -0.907304 0.192252 0.100000
v -0.907304 0.192252 -0.100000
v -0.896000 0.193000 0.100000
v -0.896000 0.193000 -0.100000
v -0.896000 0.273000 0.100000
v -0.896000 0.273000 -0.100000
v -0.907170 0.271313 0.100000
v -0.907170 0.271313 -0.100000
v -0.919107 0.269755 0.100000
v -0.919107 0.269755 -0.100000
v -0.931703 0.268328 0.100000
v -0.931703 0.268328 -0.100000
v -0.944852 0.267037 0.100000
v -0.944852 0.267037 -0.100000
v -0.958445 0.265885 0.100000
v -0.958445 0.265885 -0.100000
v -0.972375 0.264875 0.100000
v -0.972375 0.264875 -0.100000
v -0.986534 0.264011 0.100000
v -0.986534 0.264011 -0.100000
v -1.000815 0.263296 0.100000
v -1.000815 0.263296 -0.100000
v -1.015109 0.262734 0.100000
v -1.015109 0.262734 -0.100000
v -1.029310 0.262329 0.100000
v -1.029310 0.262329 -0.100000
v -1.043310 0.262083 0.100000
v -1.043310 0.262083 -0.100000
v -1.057000 0.262000 0.100000
v -1.057000 0.262000 -0.100000
v -1.965000 0.507000 0.100000
v -1.965000 0.507000 -0.100000
v -1.974099 0.499994 0.100000
v -1.974099 0.499994 -0.100000
v -1.984708 0.491620 0.100000
v -1.984708 0.491620 -0.100000
v -1.996547 0.482094 0.100000
v -1.996547 0.482094 -0.100000
v -2.009333 0.471630 0.100000
v -2.009333 0.471630 -0.100000
v -2.022786 0.460443 0.100000
v -2.022786 0.460443 -0.100000
v -2.036625 0.448750 0.100000
v -2.036625 0.448750 -0.100000
v -2.050568 0.436765 0.100000
v -2.050568 0.436765 -0.100000
v -2.064333 0.424704 0.100000
v -2.064333 0.424704 -0.100000
v -2.077641 0.412781 0.100000
v -2.077641 0.412781 -0.100000
v -2.090208 0.401213 0.100000
v -2.090208 0.401213 -0.100000
v -2.101755 0.390214 0.100000
v -2.101755 0.390214 -0.100000
v -2.112000 0.380000 0.100000
v -2.112000 0.380000 -0.100000
v -2.055000 0.335000 0.100000
v -2.055000 0.335000 -0.100000
v -2.044736 0.344949 0.100000
v -2.044736 0.344949 -0.100000
v -2.033556 0.355676 0.100000
v -2.033556 0.355676 -0.100000
v -2.021625 0.367000 0.100000
v -2.021625 0.367000 -0.100000
v -2.009111 0.378741 0.100000
v -2.009111 0.378741 -0.100000
v -1.996181 0.390718 0.100000
v -1.996181 0.390718 -0.100000
v -1.983000 0.402750 0.100000
v -1.983000 0.402750 -0.100000
v -1.969736 0.414657 0.100000
v -1.969736 0.414657 -0.100000
v -1.956555 0.426259 0.100000
v -1.956555 0.426259 -0.100000
v -1.943625 0.437375 0.100000
v -1.943625 0.437375 -0.100000
v -1.931111 0.447824 0.100000
v -1.931111 0.447824 -0.100000
v -1.919181 0.457426 0.100000
v -1.919181 0.457426 -0.100000
v -1.908000 0.466000 0.100000
v -1.908000 0.466000 -0.100000
v -1.650624 0.159352 0.100000
v -1.650624 0.159352 -0.100000
v -1.659495 0.162903 0.100000
v -1.659495 0.162903 -0.100000
v -1.668609 0.166641 0.100000
v -1.668609 0.166641 -0.100000
v -1.677963 0.170556 0.100000
v -1.677963 0.170556 -0.100000
v -1.687553 0.174637 0.100000
v -1.687553 0.174637 -0.100000
v -1.697375 0.178875 0.100000
v -1.697375 0.178875 -0.100000
v -1.707426 0.183259 0.100000
v -1.707426 0.183259 -0.100000
v -1.717704 0.187778 0.100000
v -1.717704 0.187778 -0.100000
v -1.728203 0.192422 0.100000
v -1.728203 0.192422 -0.100000
v -1.738921 0.197181 0.100000
v -1.738921 0.197181 -0.100000
v -1.749855 0.202043 0.100000
v -1.749855 0.202043 -0.100000
v -1.761000 0.207000 0.100000
v -1.761000 0.207000 -0.100000
v -1.755792 0.217873 0.100000
v -1.755792 0.217873 -0.100000
v -1.750667 0.228481 0.100000
v -1.750667 0.228481 -0.100000
v -1.745625 0.238812 0.100000
v -1.745625 0.238812 -0.100000
v -1.740667 0.248852 0.100000
v -1.740667 0.248852 -0.100000
v -1.735791 0.258586 0.100000
v -1.735791 0.258586 -0.100000
v -1.731000 0.268000 0.100000
v -1.731000 0.268000 -0.100000
v -1.726292 0.277081 0.100000
v -1.726292 0.277081 -0.100000
v -1.721667 0.285815 0.100000
v -1.721667 0.285815 -0.100000
v -1.717125 0.294188 0.100000
v -1.717125 0.294188 -0.100000
v -1.712667 0.302185 0.100000
v -1.712667 0.302185 -0.100000
v -1.708292 0.309794 0.100000
v -1.708292 0.309794 -0.100000
v -1.704000 0.317000 0.100000
v -1.704000 0.317000 -0.100000
v -1.700611 0.322217 0.100000
v -1.700611 0.322217 -0.100000
v -1.696968 0.327815 0.100000
v -1.696968 0.327815 -0.100000
v -1.693110 0.333719 0.100000
v -1.693110 0.333719 -0.100000
v -1.689074 0.339852 0.100000
v -1.689074 0.339852 -0.100000
v -1.684900 0.346138 0.100000
v -1.684900 0.346138 -0.100000
v -1.680625 0.352500 0.100000
v -1.680625 0.352500 -0.100000
v -1.676288 0.358862 0.100000
v -1.676288 0.358862 -0.100000
v -1.671926 0.365148 0.100000
v -1.671926 0.365148 -0.100000
v -1.667578 0.371281 0.100000
v -1.667578 0.371281 -0.100000
v -1.663282 0.377185 0.100000
v -1.663282 0.377185 -0.100000
v -1.659077 0.382784 0.100000
v -1.659077 0.382784 -0.100000
v -1.655000 0.388000 0.100000
v -1.655000 0.388000 -0.100000
v -1.737000 0.421000 0.100000
v -1.737000 0.421000 -0.100000
v -1.738949 0.416664 0.100000
v -1.738949 0.416664 -0.100000
v -1.741259 0.411732 0.100000
v -1.741259 0.411732 -0.100000
v -1.743875 0.406313 0.100000
v -1.743875 0.406313 -0.100000
v -1.746741 0.400519 0.100000
v -1.746741 0.400519 -0.100000
v -1.749801 0.394461 0.100000
v -1.749801 0.394461 -0.100000
v -1.753000 0.388250 0.100000
v -1.753000 0.388250 -0.100000
v -1.756282 0.381998 0.100000
v -1.756282 0.381998 -0.100000
v -1.759593 0.375815 0.100000
v -1.759593 0.375815 -0.100000
v -1.762875 0.369813 0.100000
v -1.762875 0.369813 -0.100000
v -1.766074 0.364102 0.100000
v -1.766074 0.364102 -0.100000
v -1.769134 0.358794 0.100000
v -1.769134 0.358794 -0.100000
v -1.772000 0.354000 0.100000
v -1.772000 0.354000 -0.100000
v -1.776540 0.345607 0.100000
v -1.776540 0.345607 -0.100000
v -1.781157 0.336940 0.100000
v -1.781157 0.336940 -0.100000
v -1.785844 0.328016 0.100000
v -1.785844 0.328016 -0.100000
v -1.790592 0.318852 0.100000
v -1.790592 0.318852 -0.100000
v -1.795397 0.309466 0.100000
v -1.795397 0.309466 -0.100000
v -1.800250 0.299875 0.100000
v -1.800250 0.299875 -0.100000
v -1.805145 0.290097 0.100000
v -1.805145 0.290097 -0.100000
v -1.810074 0.280148 0.100000
v -1.810074 0.280148 -0.100000
v -1.815031 0.270047 0.100000
v -1.815031 0.270047 -0.100000
v -1.820009 0.259810 0.100000
v -1.820009 0.259810 -0.100000
v -1.825001 0.249455 0.100000
v -1.825001 0.249455 -0.100000
v -1.830000 0.239000 0.100000
v -1.830000 0.239000 -0.100000
v -1.860516 0.252239 0.100000
v -1.860516 0.252239 -0.100000
v -1.891458 0.265329 0.100000
v -1.891458 0.265329 -0.100000
v -1.922672 0.278078 0.100000
v -1.922672 0.278078 -0.100000
v -1.954000 0.290296 0.100000
v -1.954000 0.290296 -0.100000
v -1.985286 0.301792 0.100000
v -1.985286 0.301792 -0.100000
v -2.016375 0.312375 0.100000
v -2.016375 0.312375 -0.100000
v -2.047109 0.321854 0.100000
v -2.047109 0.321854 -0.100000
v -2.077333 0.330037 0.100000
v -2.077333 0.330037 -0.100000
v -2.106890 0.336734 0.100000
v -2.106890 0.336734 -0.100000
v -2.135625 0.341755 0.100000
v -2.135625 0.341755 -0.100000
v -2.163380 0.344907 0.100000
v -2.163380 0.344907 -0.100000
v -2.190000 0.346000 0.100000
v -2.190000 0.346000 -0.100000
v -2.223377 0.344383 0.100000
v -2.223377 0.344383 -0.100000
v -2.254435 0.339644 0.100000
v -2.254435 0.339644 -0.100000
v -2.283062 0.331953 0.100000
v -2.283062 0.331953 -0.100000
v -2.309148 0.321481 0.100000
v -2.309148 0.321481 -0.100000
v -2.332581 0.308399 0.100000
v -2.332581 0.308399 -0.100000
v -2.353250 0.292875 0.100000
v -2.353250 0.292875 -0.100000
v -2.371044 0.275080 0.100000
v -2.371044 0.275080 -0.100000
v -2.385852 0.255185 0.100000
v -2.385852 0.255185 -0.100000
v -2.397563 0.233359 0.100000
v -2.397563 0.233359 -0.100000
v -2.406065 0.209773 0.100000
v -2.406065 0.209773 -0.100000
v -2.411248 0.184597 0.100000
v -2.411248 0.184597 -0.100000
v -2.413000 0.158000 0.100000
v -2.413000 0.158000 -0.100000
v -2.411454 0.129867 0.100000
v -2.411454 0.129867 -0.100000
v -2.406796 0.103107 0.100000
v -2.406796 0.103106 -0.100000
v -2.399000 0.077922 0.100000
v -2.399000 0.077922 -0.100000
v -2.388037 0.054519 0.100000
v -2.388037 0.054519 -0.100000
v -2.373879 0.033101 0.100000
v -2.373879 0.033101 -0.100000
v -2.356500 0.013875 0.100000
v -2.356500 0.013875 -0.100000
v -2.335870 -0.002955 0.100000
v -2.335870 -0.002955 -0.100000
v -2.311963 -0.017185 0.100000
v -2.311963 -0.017185 -0.100000
v -2.284750 -0.028609 0.100000
v -2.284750 -0.028609 -0.100000
v -2.254204 -0.037023 0.100000
v -2.254204 -0.037023 -0.100000
v -2.220296 -0.042222 0.100000
v -2.220296 -0.042222 -0.100000
v -2.183000 -0.044000 0.100000
v -2.183000 -0.044000 -0.100000
v -2.169010 -0.043716 0.100000
v -2.169010 -0.043716 -0.100000
v -2.155083 -0.042898 0.100000
v -2.155083 -0.042898 -0.100000
v -2.141281 -0.041594 0.100000
v -2.141281 -0.041594 -0.100000
v -2.127667 -0.039852 0.100000
v -2.127667 -0.039852 -0.100000
v -2.114302 -0.037721 0.100000
v -2.114302 -0.037721 -0.100000
v -2.101250 -0.035250 0.100000
v -2.101250 -0.035250 -0.100000
v -2.088573 -0.032487 0.100000
v -2.088573 -0.032487 -0.100000
v -2.076333 -0.029481 0.100000
v -2.076333 -0.029481 -0.100000
v -2.064594 -0.026281 0.100000
v -2.064594 -0.026281 -0.100000
v -2.053417 -0.022935 0.100000
v -2.053417 -0.022935 -0.100000
v -2.042865 -0.019492 0.100000
v -2.042865 -0.019492 -0.100000
v -2.033000 -0.016000 0.100000
v -2.033000 -0.016000 -0.100000
v -2.036000 0.062000 0.100000
v -2.036000 0.062000 -0.100000
v -2.045974 0.057799 0.100000
v -2.045974 0.057799 -0.100000
v -2.056379 0.053727 0.100000
v -2.056379 0.053727 -0.100000
v -2.067187 0.049828 0.100000
v -2.067187 0.049828 -0.100000
v -2.078370 0.046148 0.100000
v -2.078370 0.046148 -0.100000
v -2.089900 0.042732 0.100000
v -2.089900 0.042732 -0.100000
v -2.101750 0.039625 0.100000
v -2.101750 0.039625 -0.100000
v -2.113891 0.036872 0.100000
v -2.113891 0.036872 -0.100000
v -2.126296 0.034519 0.100000
v -2.126296 0.034519 -0.100000
v -2.138937 0.032609 0.100000
v -2.138937 0.032609 -0.100000
v -2.151787 0.031190 0.100000
v -2.151787 0.031190 -0.100000
v -2.164817 0.030305 0.100000
v -2.164817 0.030305 -0.100000
v -2.178000 0.030000 0.100000
v -2.178000 0.030000 -0.100000
v -2.203947 0.031222 0.100000
v -2.203947 0.031222 -0.100000
v -2.227329 0.034778 0.100000
v -2.227329 0.034778 -0.100000
v -2.248203 0.040500 0.100000
v -2.248203 0.040500 -0.100000
v -2.266629 0.048222 0.100000
v -2.266629 0.048222 -0.100000
v -2.282667 0.057778 0.100000
v -2.282667 0.057778 -0.100000
v -2.296375 0.069000 0.100000
v -2.296375 0.069000 -0.100000
v -2.307812 0.081722 0.100000
v -2.307812 0.081722 -0.100000
v -2.317037 0.095778 0.100000
v -2.317037 0.095778 -0.100000
v -2.324110 0.111000 0.100000
v -2.324110 0.111000 -0.100000
v -2.329088 0.127222 0.100000
v -2.329088 0.127222 -0.100000
v -2.332032 0.144278 0.100000
v -2.332032 0.144278 -0.100000
v -2.333000 0.162000 0.100000
v -2.333000 0.162000 -0.100000
v -2.332019 0.176617 0.100000
v -2.332019 0.176617 -0.100000
v -2.329065 0.190857 0.100000
v -2.329065 0.190857 -0.100000
v -2.324126 0.204547 0.100000
v -2.324126 0.204547 -0.100000
v -2.317186 0.217519 0.100000
v -2.317186 0.217519 -0.100000
v -2.308232 0.229601 0.100000
v -2.308232 0.229601 -0.100000
v -2.297250 0.240625 0.100000
v -2.297250 0.240625 -0.100000
v -2.284227 0.250420 0.100000
v -2.284227 0.250420 -0.100000
v -2.269148 0.258815 0.100000
v -2.269148 0.258815 -0.100000
v -2.252000 0.265641 0.100000
v -2.252000 0.265641 -0.100000
v -2.232769 0.270727 0.100000
v -2.232769 0.270727 -0.100000
v -2.211440 0.273903 0.100000
v -2.211440 0.273903 -0.100000
v -2.188000 0.275000 0.100000
v -2.188000 0.275000 -0.100000
v -2.165295 0.274044 0.100000
v -2.165295 0.274044 -0.100000
v -2.141277 0.271269 0.100000
v -2.141277 0.271269 -0.100000
v -2.116093 0.266813 0.100000
v -2.116093 0.266813 -0.100000
v -2.089889 0.260815 0.100000
v -2.089889 0.260815 -0.100000
v -2.062809 0.253414 0.100000
v -2.062809 0.253414 -0.100000
v -2.035000 0.244750 0.100000
v -2.035000 0.244750 -0.100000
v -2.006608 0.234961 0.100000
v -2.006608 0.234961 -0.100000
v -1.977778 0.224185 0.100000
v -1.977778 0.224185 -0.100000
v -1.948656 0.212563 0.100000
v -1.948656 0.212563 -0.100000
v -1.919389 0.200231 0.100000
v -1.919389 0.200231 -0.100000
v -1.890122 0.187331 0.100000
v -1.890122 0.187331 -0.100000
v -1.861000 0.174000 0.100000
v -1.861000 0.174000 -0.100000
v -1.899000 0.091000 0.100000
v -1.899000 0.091000 -0.100000
v -1.912895 0.058788 0.100000
v -1.912895 0.058788 -0.100000
v -1.926995 0.024472 0.100000
v -1.926995 0.024472 -0.100000
v -1.941172 -0.011469 0.100000
v -1.941172 -0.011469 -0.100000
v -1.955296 -0.048556 0.100000
v -1.955296 -0.048556 -0.100000
v -1.969240 -0.086309 0.100000
v -1.969240 -0.086309 -0.100000
v -1.982875 -0.124250 0.100000
v -1.982875 -0.124250 -0.100000
v -1.996072 -0.161899 0.100000
v -1.996072 -0.161899 -0.100000
v -2.008704 -0.198778 0.100000
v -2.008704 -0.198778 -0.100000
v -2.020641 -0.234406 0.100000
v -2.020641 -0.234406 -0.100000
v -2.031755 -0.268306 0.100000
v -2.031755 -0.268306 -0.100000
v -2.041917 -0.299997 0.100000
v -2.041917 -0.299997 -0.100000
v -2.051000 -0.329000 0.100000
v -2.051000 -0.329000 -0.100000
v -1.965000 -0.352000 0.100000
v -1.965000 -0.352000 -0.100000
v -1.956900 -0.321646 0.100000
v -1.956900 -0.321646 -0.100000
v -1.948120 -0.289755 0.100000
v -1.948120 -0.289755 -0.100000
v -1.938687 -0.256578 0.100000
v -1.938687 -0.256578 -0.100000
v -1.928630 -0.222370 0.100000
v -1.928630 -0.222370 -0.100000
v -1.917974 -0.187385 0.100000
v -1.917974 -0.187385 -0.100000
v -1.906750 -0.151875 0.100000
v -1.906750 -0.151875 -0.100000
v -1.894984 -0.116094 0.100000
v -1.894984 -0.116094 -0.100000
v -1.882704 -0.080296 0.100000
v -1.882704 -0.080296 -0.100000
v -1.869937 -0.044734 0.100000
v -1.869937 -0.044734 -0.100000
v -1.856713 -0.009662 0.100000
v -1.856713 -0.009662 -0.100000
v -1.843058 0.024667 0.100000
v -1.843058 0.024667 -0.100000
v -1.829000 0.058000 0.100000
v -1.829000 0.058000 -0.100000
v -1.791000 0.141000 0.100000
v -1.791000 0.141000 -0.100000
v -1.771906 0.131779 0.100000
v -1.771906 0.131779 -0.100000
v -1.753162 0.122648 0.100000
v -1.753162 0.122648 -0.100000
v -1.734828 0.113656 0.100000
v -1.734828 0.113656 -0.100000
v -1.716963 0.104852 0.100000
v -1.716963 0.104852 -0.100000
v -1.699626 0.096284 0.100000
v -1.699626 0.096284 -0.100000
v -1.682875 0.088000 0.100000
v -1.682875 0.088000 -0.100000
v -1.666770 0.080050 0.100000
v -1.666770 0.080050 -0.100000
v -1.651370 0.072481 0.100000
v -1.651370 0.072481 -0.100000
v -1.636734 0.065344 0.100000
v -1.636734 0.065344 -0.100000
v -1.622921 0.058685 0.100000
v -1.622921 0.058685 -0.100000
v -1.609990 0.052554 0.100000
v -1.609990 0.052554 -0.100000
v -1.598000 0.047000 0.100000
v -1.598000 0.047000 -0.100000
v -1.560000 0.129000 0.100000
v -1.560000 0.129000 -0.100000
v -1.567362 0.130868 0.100000
v -1.567362 0.130868 -0.100000
v -1.574893 0.132944 0.100000
v -1.574893 0.132944 -0.100000
v -1.582516 0.135188 0.100000
v -1.582516 0.135188 -0.100000
v -1.590148 0.137556 0.100000
v -1.590148 0.137556 -0.100000
v -1.597711 0.140007 0.100000
v -1.597711 0.140007 -0.100000
v -1.605125 0.142500 0.100000
v -1.605125 0.142500 -0.100000
v -1.612310 0.144993 0.100000
v -1.612310 0.144993 -0.100000
v -1.619185 0.147444 0.100000
v -1.619185 0.147444 -0.100000
v -1.625672 0.149813 0.100000
v -1.625672 0.149813 -0.100000
v -1.631690 0.152056 0.100000
v -1.631690 0.152056 -0.100000
v -1.637159 0.154132 0.100000
v -1.637159 0.154132 -0.100000
v -1.642000 0.156000 0.100000
v -1.642000 0.156000 -0.100000
vn -0.0000 -0.0000 -1.0000
vn -0.0001 -0.0000 -1.0000
vn -0.0000 -0.0000 1.0000
vn -0.0001 -0.0000 1.0000
vn -0.9813 -0.1927 -0.0000
vn -0.9840 -0.1784 -0.0000
vn -0.9861 -0.1662 -0.0000
vn -0.9879 -0.1548 -0.0000
vn -0.9896 -0.1435 -0.0000
vn -0.9913 -0.1318 -0.0000
vn -0.9929 -0.1188 -0.0000
vn -0.9946 -0.1040 -0.0000
vn -0.9963 -0.0864 -0.0000
vn -0.9979 -0.0646 -0.0000
vn -0.9993 -0.0364 -0.0000
vn -1.0000 -0.0075 -0.0000
vn -0.9999 0.0109 -0.0000
vn -0.9998 0.0222 -0.0000
vn -0.9994 0.0341 -0.0000
vn -0.9989 0.0464 -0.0000
vn -0.9983 0.0590 -0.0000
vn -0.9974 0.0716 -0.0000
vn -0.9964 0.0842 -0.0000
vn -0.9953 0.0966 -0.0000
vn -0.9941 0.1086 -0.0000
vn -0.9928 0.1201 -0.0000
vn -0.9914 0.1311 -0.0000
vn -0.1040 0.9946 -0.0000
vn 0.9399 0.3414 -0.0000
vn 0.9379 0.3469 -0.0000
vn 0.9362 0.3515 -0.0000
vn 0.9346 0.3557 -0.0000
vn 0.9332 0.3594 -0.0000
vn 0.9318 0.3629 -0.0000
vn 0.9306 0.3661 -0.0000
vn 0.9293 0.3693 -0.0000
vn 0.9281 0.3724 -0.0000
vn 0.9267 0.3757 -0.0000
vn 0.9253 0.3792 -0.0000
vn 0.2557 0.9668 -0.0000
vn -0.9588 0.2840 -0.0000
vn -0.9450 -0.3270 -0.0000
vn -0.9446 -0.3281 -0.0000
vn -0.9448 -0.3276 -0.0000
vn -0.9455 -0.3256 -0.0000
vn -0.9467 -0.3220 -0.0000
vn -0.9485 -0.3168 -0.0000
vn -0.9509 -0.3095 -0.0000
vn -0.9541 -0.2995 -0.0000
vn -0.9583 -0.2859 -0.0000
vn -0.9637 -0.2669 -0.0000
vn -0.9710 -0.2392 -0.0000
vn -0.9776 -0.2106 -0.0000
vn -0.9822 -0.1880 -0.0000
vn -0.9858 -0.1680 -0.0000
vn -0.9888 -0.1491 -0.0000
vn -0.9914 -0.1308 -0.0000
vn -0.9937 -0.1123 -0.0000
vn -0.9957 -0.0931 -0.0000
vn -0.9974 -0.0727 -0.0000
vn -0.9987 -0.0503 -0.0000
vn -0.9997 -0.0249 -0.0000
vn -1.0000 0.0048 -0.0000
vn -0.9992 0.0404 -0.0000
vn -0.9994 0.0339 -0.0000
vn -0.9999 0.0147 -0.0000
vn -0.9996 0.0271 -0.0000
vn -0.9993 0.0376 -0.0000
vn -0.9989 0.0465 -0.0000
vn -0.9985 0.0542 -0.0000
vn -0.9981 0.0610 -0.0000
vn -0.9977 0.0671 -0.0000
vn -0.9974 0.0725 -0.0000
vn -0.9970 0.0774 -0.0000
vn -0.9966 0.0820 -0.0000
vn -0.9963 0.0864 -0.0000
vn -0.7613 -0.6484 -0.0000
vn 0.5806 -0.8142 -0.0000
vn 0.9695 -0.2451 -0.0000
vn 0.9754 -0.2204 -0.0000
vn 0.9804 -0.1969 -0.0000
vn 0.9847 -0.1742 -0.0000
vn 0.9884 -0.1521 -0.0000
vn 0.9915 -0.1303 -0.0000
vn 0.9941 -0.1087 -0.0000
vn 0.9962 -0.0871 -0.0000
vn 0.9978 -0.0655 -0.0000
vn 0.9990 -0.0439 -0.0000
vn 0.9998 -0.0220 -0.0000
vn 1.0000 0.0032 -0.0000
vn 0.9995 0.0325 -0.0000
vn 0.9982 0.0596 -0.0000
vn 0.9967 0.0818 -0.0000
vn 0.9950 0.1000 -0.0000
vn 0.9934 0.1151 -0.0000
vn 0.9918 0.1276 -0.0000
vn 0.9904 0.1379 -0.0000
vn 0.9893 0.1461 -0.0000
vn 0.9883 0.1522 -0.0000
vn 0.9877 0.1561 -0.0000
vn 0.9876 0.1571 -0.0000
vn 0.9899 0.1421 -0.0000
vn 0.9921 0.1251 -0.0000
vn 0.9927 0.1202 -0.0000
vn 0.9934 0.1145 -0.0000
vn 0.9942 0.1078 -0.0000
vn 0.9950 0.1001 -0.0000
vn 0.9958 0.0912 -0.0000
vn 0.9967 0.0811 -0.0000
vn 0.9976 0.0693 -0.0000
vn 0.9984 0.0557 -0.0000
vn 0.9992 0.0399 -0.0000
vn 0.9998 0.0213 -0.0000
vn 0.6743 0.7384 -0.0000
vn -0.8346 0.5508 -0.0000
vn -0.9513 -0.3083 -0.0000
vn -0.9573 -0.2892 -0.0000
vn -0.9617 -0.2741 -0.0000
vn -0.9652 -0.2615 -0.0000
vn -0.9681 -0.2505 -0.0000
vn -0.9707 -0.2404 -0.0000
vn -0.9731 -0.2306 -0.0000
vn -0.9754 -0.2206 -0.0000
vn -0.9777 -0.2099 -0.0000
vn -0.9803 -0.1977 -0.0000
vn -0.9831 -0.1829 -0.0000
vn -0.9822 -0.1876 -0.0000
vn -0.0739 -0.9973 -0.0000
vn -0.1524 -0.9883 -0.0000
vn -0.2369 -0.9715 -0.0000
vn -0.3280 -0.9447 -0.0000
vn -0.4263 -0.9046 -0.0000
vn -0.5313 -0.8472 -0.0000
vn -0.6409 -0.7677 -0.0000
vn -0.7501 -0.6614 -0.0000
vn -0.8506 -0.5258 -0.0000
vn -0.9315 -0.3637 -0.0000
vn -0.9829 -0.1840 -0.0000
vn -1.0000 -0.0039 -0.0000
vn -0.9852 0.1712 -0.0000
vn -0.9386 0.3451 -0.0000
vn -0.8607 0.5092 -0.0000
vn -0.7593 0.6508 -0.0000
vn -0.6456 0.7637 -0.0000
vn -0.5302 0.8479 -0.0000
vn -0.4200 0.9075 -0.0000
vn -0.3185 0.9479 -0.0000
vn -0.2265 0.9740 -0.0000
vn -0.1436 0.9896 -0.0000
vn -0.0687 0.9976 -0.0000
vn 0.0058 1.0000 -0.0000
vn 0.0963 0.9954 -0.0000
vn 0.2089 0.9779 -0.0000
vn 0.3389 0.9408 -0.0000
vn 0.4806 0.8770 -0.0000
vn 0.6222 0.7828 -0.0000
vn 0.7492 0.6623 -0.0000
vn 0.8498 0.5270 -0.0000
vn 0.9201 0.3918 -0.0000
vn 0.9634 0.2680 -0.0000
vn 0.9869 0.1614 -0.0000
vn 0.9973 0.0733 -0.0000
vn 1.0000 0.0026 -0.0000
vn 0.7938 -0.6082 -0.0000
vn 0.2769 -0.9609 -0.0000
vn 0.2548 -0.9670 -0.0000
vn 0.2320 -0.9727 -0.0000
vn 0.2085 -0.9780 -0.0000
vn 0.1844 -0.9829 -0.0000
vn 0.1596 -0.9872 -0.0000
vn 0.1342 -0.9910 -0.0000
vn 0.1082 -0.9941 -0.0000
vn 0.0818 -0.9967 -0.0000
vn 0.0549 -0.9985 -0.0000
vn 0.0276 -0.9996 -0.0000
vn -0.0111 -0.9999 -0.0000
vn -0.9994 -0.0333 -0.0000
vn -0.9995 -0.0303 -0.0000
vn -0.9996 -0.0280 -0.0000
vn -0.9997 -0.0263 -0.0000
vn -0.9997 -0.0238 -0.0000
vn -0.9997 -0.0230 -0.0000
vn -0.9998 -0.0224 -0.0000
vn -0.9998 -0.0219 -0.0000
vn -0.9998 -0.0216 -0.0000
vn -0.9998 -0.0214 -0.0000
vn -0.6838 0.7296 -0.0000
vn 0.0902 0.9959 -0.0000
vn 0.0987 0.9951 -0.0000
vn 0.1071 0.9942 -0.0000
vn 0.1155 0.9933 -0.0000
vn 0.1240 0.9923 -0.0000
vn 0.1324 0.9912 -0.0000
vn 0.1410 0.9900 -0.0000
vn 0.1496 0.9887 -0.0000
vn 0.1583 0.9874 -0.0000
vn 0.1672 0.9859 -0.0000
vn 0.1762 0.9844 -0.0000
vn -0.6400 0.7684 -0.0000
vn -0.7604 -0.6494 -0.0000
vn -0.1516 -0.9884 -0.0000
vn -0.1420 -0.9899 -0.0000
vn -0.1329 -0.9911 -0.0000
vn -0.1241 -0.9923 -0.0000
vn -0.1157 -0.9933 -0.0000
vn -0.1077 -0.9942 -0.0000
vn -0.1000 -0.9950 -0.0000
vn -0.0926 -0.9957 -0.0000
vn -0.0856 -0.9963 -0.0000
vn -0.0790 -0.9969 -0.0000
vn -0.0726 -0.9974 -0.0000
vn -0.7362 -0.6767 -0.0000
vn -0.9998 0.0190 -0.0000
vn -0.9996 0.0272 -0.0000
vn -0.9994 0.0343 -0.0000
vn -0.9992 0.0403 -0.0000
vn -0.9990 0.0453 -0.0000
vn -0.9988 0.0491 -0.0000
vn -0.9987 0.0519 -0.0000
vn -0.9986 0.0535 -0.0000
vn -0.9985 0.0539 -0.0000
vn -0.9986 0.0531 -0.0000
vn -0.9987 0.0510 -0.0000
vn -0.8188 0.5740 -0.0000
vn -0.4061 0.9138 -0.0000
vn -0.4425 0.8968 -0.0000
vn -0.4763 0.8793 -0.0000
vn -0.5075 0.8616 -0.0000
vn -0.5362 0.8441 -0.0000
vn -0.5623 0.8269 -0.0000
vn -0.5860 0.8103 -0.0000
vn -0.6073 0.7945 -0.0000
vn -0.6263 0.7796 -0.0000
vn -0.6431 0.7658 -0.0000
vn -0.6577 0.7533 -0.0000
vn -0.1205 -0.9927 -0.0000
vn 0.6753 -0.7375 -0.0000
vn 0.6650 -0.7469 -0.0000
vn 0.6536 -0.7568 -0.0000
vn 0.6412 -0.7674 -0.0000
vn 0.6277 -0.7785 -0.0000
vn 0.6130 -0.7901 -0.0000
vn 0.5969 -0.8023 -0.0000
vn 0.5795 -0.8150 -0.0000
vn 0.5606 -0.8281 -0.0000
vn 0.5402 -0.8416 -0.0000
vn 0.5180 -0.8554 -0.0000
vn -0.4968 -0.8679 -0.0000
vn -0.9998 -0.0202 -0.0000
vn -0.9964 -0.0851 -0.0000
vn -0.9835 -0.1808 -0.0000
vn -0.9572 -0.2895 -0.0000
vn -0.9123 -0.4095 -0.0000
vn -0.8441 -0.5363 -0.0000
vn -0.7500 -0.6614 -0.0000
vn -0.6324 -0.7746 -0.0000
vn -0.4990 -0.8666 -0.0000
vn -0.3608 -0.9327 -0.0000
vn -0.2278 -0.9737 -0.0000
vn -0.1071 -0.9942 -0.0000
vn -0.0082 -1.0000 -0.0000
vn 0.0714 -0.9974 -0.0000
vn 0.1513 -0.9885 -0.0000
vn 0.2417 -0.9704 -0.0000
vn 0.3430 -0.9393 -0.0000
vn 0.4543 -0.8909 -0.0000
vn 0.5723 -0.8200 -0.0000
vn 0.6906 -0.7233 -0.0000
vn 0.7998 -0.6003 -0.0000
vn 0.8899 -0.4562 -0.0000
vn 0.9536 -0.3010 -0.0000
vn 0.9892 -0.1463 -0.0000
vn 1.0000 0.0023 -0.0000
vn 0.9884 0.1517 -0.0000
vn 0.9529 0.3032 -0.0000
vn 0.8939 0.4482 -0.0000
vn 0.8143 0.5804 -0.0000
vn 0.7190 0.6950 -0.0000
vn 0.6137 0.7895 -0.0000
vn 0.5038 0.8638 -0.0000
vn 0.3937 0.9192 -0.0000
vn 0.2868 0.9580 -0.0000
vn 0.1849 0.9828 -0.0000
vn 0.0894 0.9960 -0.0000
vn 0.0178 0.9998 -0.0000
vn -0.0153 0.9999 -0.0000
vn -0.0310 0.9995 -0.0000
vn -0.0469 0.9989 -0.0000
vn -0.0631 0.9980 -0.0000
vn -0.0796 0.9968 -0.0000
vn -0.0964 0.9953 -0.0000
vn -0.1134 0.9935 -0.0000
vn -0.1308 0.9914 -0.0000
vn -0.1484 0.9889 -0.0000
vn -0.1662 0.9861 -0.0000
vn -0.1843 0.9829 -0.0000
vn 0.6508 0.7593 -0.0000
vn 0.9991 -0.0427 -0.0000
vn 0.9990 -0.0453 -0.0000
vn 0.9989 -0.0467 -0.0000
vn 0.9989 -0.0471 -0.0000
vn 0.9989 -0.0465 -0.0000
vn 0.9990 -0.0449 -0.0000
vn 0.9991 -0.0423 -0.0000
vn 0.9993 -0.0387 -0.0000
vn 0.9994 -0.0340 -0.0000
vn 0.9996 -0.0281 -0.0000
vn 0.9998 -0.0208 -0.0000
vn 0.6937 -0.7203 -0.0000
vn 0.0086 -1.0000 -0.0000
vn 0.0169 -0.9999 -0.0000
vn 0.0248 -0.9997 -0.0000
vn 0.0322 -0.9995 -0.0000
vn 0.0391 -0.9992 -0.0000
vn 0.0453 -0.9990 -0.0000
vn 0.0508 -0.9987 -0.0000
vn 0.0557 -0.9984 -0.0000
vn 0.0598 -0.9982 -0.0000
vn 0.0631 -0.9980 -0.0000
vn 0.0657 -0.9978 -0.0000
vn 0.7303 -0.6831 -0.0000
vn 0.6764 0.7365 -0.0000
vn -0.0822 0.9966 -0.0000
vn -0.0766 0.9971 -0.0000
vn -0.0705 0.9975 -0.0000
vn -0.0638 0.9980 -0.0000
vn -0.0567 0.9984 -0.0000
vn -0.0492 0.9988 -0.0000
vn -0.0414 0.9991 -0.0000
vn -0.0333 0.9994 -0.0000
vn -0.0251 0.9997 -0.0000
vn -0.0168 0.9999 -0.0000
vn -0.0084 1.0000 -0.0000
vn 0.0086 1.0000 -0.0000
vn 0.7146 0.6995 -0.0000
vn 1.0000 -0.0045 -0.0000
vn 0.9999 -0.0167 -0.0000
vn 0.9995 -0.0305 -0.0000
vn 0.9991 -0.0419 -0.0000
vn 0.9987 -0.0516 -0.0000
vn 0.9982 -0.0601 -0.0000
vn 0.9977 -0.0679 -0.0000
vn 0.9972 -0.0754 -0.0000
vn 0.9966 -0.0826 -0.0000
vn 0.9959 -0.0900 -0.0000
vn 0.9952 -0.0980 -0.0000
vn 0.9943 -0.1068 -0.0000
vn 0.7455 0.6665 -0.0000
vn -0.7564 0.6541 -0.0000
vn -0.9901 -0.1403 -0.0000
vn -0.9912 -0.1322 -0.0000
vn -0.9923 -0.1240 -0.0000
vn -0.9933 -0.1159 -0.0000
vn -0.9942 -0.1077 -0.0000
vn -0.9950 -0.0995 -0.0000
vn -0.9958 -0.0913 -0.0000
vn -0.9965 -0.0830 -0.0000
vn -0.9972 -0.0748 -0.0000
vn -0.9978 -0.0665 -0.0000
vn -0.9983 -0.0582 -0.0000
vn -0.9990 -0.0445 -0.0000
vn -0.0623 -0.9981 -0.0000
vn -0.1310 -0.9914 -0.0000
vn -0.2083 -0.9781 -0.0000
vn -0.2951 -0.9555 -0.0000
vn -0.3926 -0.9197 -0.0000
vn -0.5003 -0.8659 -0.0000
vn -0.6159 -0.7878 -0.0000
vn -0.7334 -0.6798 -0.0000
vn -0.8421 -0.5393 -0.0000
vn -0.9288 -0.3705 -0.0000
vn -0.9826 -0.1858 -0.0000
vn -1.0000 -0.0020 -0.0000
vn -0.9837 0.1796 -0.0000
vn -0.9318 0.3629 -0.0000
vn -0.8452 0.5345 -0.0000
vn -0.7338 0.6793 -0.0000
vn -0.6122 0.7907 -0.0000
vn -0.4926 0.8703 -0.0000
vn -0.3824 0.9240 -0.0000
vn -0.2843 0.9587 -0.0000
vn -0.1984 0.9801 -0.0000
vn -0.1236 0.9923 -0.0000
vn -0.0582 0.9983 -0.0000
vn 0.0064 1.0000 -0.0000
vn 0.0865 0.9962 -0.0000
vn 0.1862 0.9825 -0.0000
vn 0.3007 0.9537 -0.0000
vn 0.4274 0.9041 -0.0000
vn 0.5597 0.8287 -0.0000
vn 0.6871 0.7266 -0.0000
vn 0.7979 0.6028 -0.0000
vn 0.8840 0.4675 -0.0000
vn 0.9430 0.3327 -0.0000
vn 0.9782 0.2075 -0.0000
vn 0.9953 0.0968 -0.0000
vn 0.9999 0.0149 -0.0000
vn 0.7708 -0.6371 -0.0000
vn 0.1935 -0.9811 -0.0000
vn 0.1737 -0.9848 -0.0000
vn 0.1543 -0.9880 -0.0000
vn 0.1353 -0.9908 -0.0000
vn 0.1169 -0.9931 -0.0000
vn 0.0988 -0.9951 -0.0000
vn 0.0813 -0.9967 -0.0000
vn 0.0641 -0.9979 -0.0000
vn 0.0475 -0.9989 -0.0000
vn 0.0312 -0.9995 -0.0000
vn 0.0154 -0.9999 -0.0000
vn -0.6974 0.7167 -0.0000
vn 0.0292 0.9996 -0.0000
vn 0.0333 0.9994 -0.0000
vn 0.0378 0.9993 -0.0000
vn 0.0427 0.9991 -0.0000
vn 0.0482 0.9988 -0.0000
vn 0.0544 0.9985 -0.0000
vn 0.0615 0.9981 -0.0000
vn 0.0697 0.9976 -0.0000
vn 0.0794 0.9968 -0.0000
vn 0.0908 0.9959 -0.0000
vn 0.1048 0.9945 -0.0000
vn -0.6511 0.7590 -0.0000
vn -0.7531 -0.6579 -0.0000
vn -0.0893 -0.9960 -0.0000
vn -0.0797 -0.9968 -0.0000
vn -0.0714 -0.9974 -0.0000
vn -0.0642 -0.9979 -0.0000
vn -0.0576 -0.9983 -0.0000
vn -0.0515 -0.9987 -0.0000
vn -0.0456 -0.9990 -0.0000
vn -0.0398 -0.9992 -0.0000
vn -0.0338 -0.9994 -0.0000
vn -0.0274 -0.9996 -0.0000
vn -0.0203 -0.9998 -0.0000
vn -0.7129 -0.7013 -0.0000
vn -1.0000 0.0030 -0.0000
vn -0.9999 0.0111 -0.0000
vn -0.9998 0.0203 -0.0000
vn -0.9996 0.0277 -0.0000
vn -0.9994 0.0338 -0.0000
vn -0.9992 0.0389 -0.0000
vn -0.9991 0.0432 -0.0000
vn -0.9989 0.0468 -0.0000
vn -0.9988 0.0498 -0.0000
vn -0.9986 0.0523 -0.0000
vn -0.9985 0.0544 -0.0000
vn -0.9984 0.0560 -0.0000
vn -0.7847 0.6199 -0.0000
vn -0.3082 0.9513 -0.0000
vn -0.3501 0.9367 -0.0000
vn -0.3895 0.9210 -0.0000
vn -0.4264 0.9045 -0.0000
vn -0.4612 0.8873 -0.0000
vn -0.4942 0.8694 -0.0000
vn -0.5256 0.8508 -0.0000
vn -0.5557 0.8314 -0.0000
vn -0.5849 0.8111 -0.0000
vn -0.6135 0.7897 -0.0000
vn -0.6418 0.7669 -0.0000
vn -0.9893 0.1456 -0.0000
vn -0.1163 -0.9932 -0.0000
vn 0.6862 -0.7275 -0.0000
vn 0.6595 -0.7517 -0.0000
vn 0.6325 -0.7746 -0.0000
vn 0.6048 -0.7964 -0.0000
vn 0.5764 -0.8172 -0.0000
vn 0.5469 -0.8372 -0.0000
vn 0.5161 -0.8565 -0.0000
vn 0.4838 -0.8752 -0.0000
vn 0.4497 -0.8932 -0.0000
vn 0.4137 -0.9104 -0.0000
vn 0.3755 -0.9268 -0.0000
vn -0.5798 -0.8148 -0.0000
vn -0.9999 -0.0113 -0.0000
vn -0.9941 -0.1087 -0.0000
vn -0.9741 -0.2262 -0.0000
vn -0.9360 -0.3520 -0.0000
vn -0.8763 -0.4817 -0.0000
vn -0.7935 -0.6085 -0.0000
vn -0.6896 -0.7242 -0.0000
vn -0.5704 -0.8213 -0.0000
vn -0.4442 -0.8959 -0.0000
vn -0.3192 -0.9477 -0.0000
vn -0.2017 -0.9794 -0.0000
vn -0.0953 -0.9954 -0.0000
vn -0.0088 -1.0000 -0.0000
vn 0.0583 -0.9983 -0.0000
vn 0.1246 -0.9922 -0.0000
vn 0.2017 -0.9794 -0.0000
vn 0.2915 -0.9566 -0.0000
vn 0.3950 -0.9187 -0.0000
vn 0.5112 -0.8594 -0.0000
vn 0.6356 -0.7720 -0.0000
vn 0.7581 -0.6521 -0.0000
vn 0.8649 -0.5020 -0.0000
vn 0.9430 -0.3328 -0.0000
vn 0.9869 -0.1612 -0.0000
vn 1.0000 -0.0012 -0.0000
vn 0.9884 0.1521 -0.0000
vn 0.9516 0.3073 -0.0000
vn 0.8886 0.4587 -0.0000
vn 0.8020 0.5973 -0.0000
vn 0.6981 0.7160 -0.0000
vn 0.5848 0.8112 -0.0000
vn 0.4699 0.8827 -0.0000
vn 0.3589 0.9334 -0.0000
vn 0.2555 0.9668 -0.0000
vn 0.1613 0.9869 -0.0000
vn 0.0765 0.9971 -0.0000
vn 0.0154 0.9999 -0.0000
vn -0.0116 0.9999 -0.0000
vn -0.0232 0.9997 -0.0000
vn -0.0350 0.9994 -0.0000
vn -0.0468 0.9989 -0.0000
vn -0.0587 0.9983 -0.0000
vn -0.0706 0.9975 -0.0000
vn -0.0825 0.9966 -0.0000
vn -0.0944 0.9955 -0.0000
vn -0.1063 0.9943 -0.0000
vn -0.1181 0.9930 -0.0000
vn -0.1298 0.9915 -0.0000
vn 0.6756 0.7373 -0.0000
vn 0.9988 -0.0480 -0.0000
vn 0.9990 -0.0447 -0.0000
vn 0.9991 -0.0425 -0.0000
vn 0.9992 -0.0400 -0.0000
vn 0.9993 -0.0369 -0.0000
vn 0.9994 -0.0333 -0.0000
vn 0.9996 -0.0291 -0.0000
vn 0.9997 -0.0239 -0.0000
vn 0.9998 -0.0175 -0.0000
vn 1.0000 -0.0097 -0.0000
vn 1.0000 -0.0026 -0.0000
vn 1.0000 -0.0001 -0.0000
vn 1.0000 -0.0005 -0.0000
vn 1.0000 -0.0010 -0.0000
vn 1.0000 -0.0017 -0.0000
vn 1.0000 -0.0038 -0.0000
vn 1.0000 -0.0053 -0.0000
vn 1.0000 -0.0072 -0.0000
vn 0.9999 -0.0130 -0.0000
vn 0.9998 -0.0174 -0.0000
vn 0.9999 -0.0134 -0.0000
vn 0.9999 -0.0131 -0.0000
vn 0.9997 -0.0255 -0.0000
vn 0.9993 -0.0376 -0.0000
vn 0.9988 -0.0497 -0.0000
vn 0.9980 -0.0625 -0.0000
vn 0.9971 -0.0764 -0.0000
vn 0.9957 -0.0923 -0.0000
vn 0.9938 -0.1110 -0.0000
vn 0.9909 -0.1344 -0.0000
vn 0.9863 -0.1649 -0.0000
vn 0.9782 -0.2078 -0.0000
vn 0.7852 0.6193 -0.0000
vn -0.7511 0.6602 -0.0000
vn -0.9947 -0.1025 -0.0000
vn -0.9959 -0.0907 -0.0000
vn -0.9967 -0.0817 -0.0000
vn -0.9972 -0.0743 -0.0000
vn -0.9977 -0.0680 -0.0000
vn -0.9981 -0.0623 -0.0000
vn -0.9984 -0.0570 -0.0000
vn -0.9987 -0.0517 -0.0000
vn -0.9989 -0.0463 -0.0000
vn -0.9992 -0.0402 -0.0000
vn -0.9998 -0.0185 -0.0000
vn -1.0000 -0.0094 -0.0000
vn -1.0000 -0.0031 -0.0000
vn -1.0000 0.0034 -0.0000
vn -0.9999 0.0101 -0.0000
vn -0.9999 0.0171 -0.0000
vn -0.9997 0.0245 -0.0000
vn -0.9995 0.0324 -0.0000
vn -0.9992 0.0409 -0.0000
vn -0.9987 0.0502 -0.0000
vn -0.9982 0.0604 -0.0000
vn -0.9974 0.0717 -0.0000
vn -0.9954 0.0962 -0.0000
vn -0.9908 0.1355 -0.0000
vn -0.9733 0.2295 -0.0000
vn -0.9580 0.2866 -0.0000
vn -0.9355 0.3532 -0.0000
vn -0.9020 0.4318 -0.0000
vn -0.8511 0.5250 -0.0000
vn -0.7734 0.6339 -0.0000
vn -0.6555 0.7552 -0.0000
vn -0.4840 0.8751 -0.0000
vn -0.2577 0.9662 -0.0000
vn 0.0168 0.9999 -0.0000
vn 0.3043 0.9526 -0.0000
vn 0.5333 0.8460 -0.0000
vn 0.6813 0.7320 -0.0000
vn 0.7740 0.6331 -0.0000
vn 0.8335 0.5526 -0.0000
vn 0.8732 0.4873 -0.0000
vn 0.9011 0.4337 -0.0000
vn 0.9215 0.3885 -0.0000
vn 0.9370 0.3494 -0.0000
vn 0.9492 0.3145 -0.0000
vn 0.9593 0.2824 -0.0000
vn 0.2259 0.9742 -0.0000
vn -0.9831 0.1830 -0.0000
vn -0.9292 -0.3696 -0.0000
vn -0.9112 -0.4119 -0.0000
vn -0.8873 -0.4612 -0.0000
vn -0.8551 -0.5184 -0.0000
vn -0.8116 -0.5842 -0.0000
vn -0.7529 -0.6582 -0.0000
vn -0.6747 -0.7381 -0.0000
vn -0.5736 -0.8192 -0.0000
vn -0.4488 -0.8936 -0.0000
vn -0.3048 -0.9524 -0.0000
vn -0.1518 -0.9884 -0.0000
vn 0.0050 -1.0000 -0.0000
vn 0.1709 -0.9853 -0.0000
vn 0.3407 -0.9402 -0.0000
vn 0.4987 -0.8667 -0.0000
vn 0.6346 -0.7728 -0.0000
vn 0.7435 -0.6687 -0.0000
vn 0.8259 -0.5639 -0.0000
vn 0.8855 -0.4646 -0.0000
vn 0.9274 -0.3740 -0.0000
vn 0.9560 -0.2932 -0.0000
vn 0.9751 -0.2220 -0.0000
vn 0.9872 -0.1594 -0.0000
vn 0.9932 -0.1164 -0.0000
vn 0.9957 -0.0931 -0.0000
vn 0.9971 -0.0756 -0.0000
vn 0.9981 -0.0613 -0.0000
vn 0.9988 -0.0495 -0.0000
vn 0.9992 -0.0395 -0.0000
vn 0.9995 -0.0310 -0.0000
vn 0.9997 -0.0238 -0.0000
vn 0.9999 -0.0121 -0.0000
vn 1.0000 -0.0074 -0.0000
vn 1.0000 -0.0034 -0.0000
vn 1.0000 -0.0027 -0.0000
vn 1.0000 -0.0077 -0.0000
vn 0.9999 -0.0159 -0.0000
vn 0.9997 -0.0251 -0.0000
vn 0.9994 -0.0355 -0.0000
vn 0.9989 -0.0474 -0.0000
vn 0.9981 -0.0614 -0.0000
vn 0.9970 -0.0779 -0.0000
vn 0.9952 -0.0978 -0.0000
vn 0.9925 -0.1222 -0.0000
vn 0.9882 -0.1529 -0.0000
vn 0.9813 -0.1925 -0.0000
vn 0.7729 0.6345 -0.0000
vn -0.7659 0.6430 -0.0000
vn -0.9919 -0.1271 -0.0000
vn -0.9935 -0.1140 -0.0000
vn -0.9947 -0.1028 -0.0000
vn -0.9957 -0.0927 -0.0000
vn -0.9973 -0.0733 -0.0000
vn -0.9980 -0.0630 -0.0000
vn -0.9987 -0.0515 -0.0000
vn -0.9993 -0.0380 -0.0000
vn -0.9998 -0.0212 -0.0000
vn -0.9999 -0.0122 -0.0000
vn 0.5066 -0.8622 -0.0000
vn 0.9910 -0.1342 -0.0000
vn 0.9856 -0.1689 -0.0000
vn 0.9791 -0.2035 -0.0000
vn 0.9711 -0.2388 -0.0000
vn 0.9613 -0.2755 -0.0000
vn 0.9493 -0.3143 -0.0000
vn 0.9345 -0.3560 -0.0000
vn 0.9160 -0.4013 -0.0000
vn 0.8925 -0.4511 -0.0000
vn 0.8623 -0.5064 -0.0000
vn 0.8231 -0.5679 -0.0000
vn 0.9562 0.2928 -0.0000
vn -0.3060 0.9520 -0.0000
vn -0.8354 0.5496 -0.0000
vn -0.8680 0.4965 -0.0000
vn -0.8932 0.4496 -0.0000
vn -0.9134 0.4071 -0.0000
vn -0.9299 0.3677 -0.0000
vn -0.9439 0.3304 -0.0000
vn -0.9558 0.2939 -0.0000
vn -0.9663 0.2574 -0.0000
vn -0.9756 0.2197 -0.0000
vn -0.9837 0.1798 -0.0000
vn -0.9907 0.1363 -0.0000
vn -0.8613 -0.5081 -0.0000
vn -0.9800 -0.1989 -0.0000
vn -0.9870 -0.1605 -0.0000
vn -0.9905 -0.1376 -0.0000
vn -0.9937 -0.1116 -0.0000
vn -0.9966 -0.0820 -0.0000
vn -0.9989 -0.0479 -0.0000
vn -1.0000 -0.0085 -0.0000
vn -0.9993 0.0373 -0.0000
vn -0.9959 0.0909 -0.0000
vn -0.9881 0.1539 -0.0000
vn -0.0670 0.9978 -0.0000
vn 0.9479 0.3185 -0.0000
vn 0.9472 0.3207 -0.0000
vn 0.9464 0.3230 -0.0000
vn 0.9456 0.3255 -0.0000
vn 0.9447 0.3280 -0.0000
vn 0.9437 0.3308 -0.0000
vn 0.9426 0.3338 -0.0000
vn 0.9415 0.3371 -0.0000
vn 0.9401 0.3409 -0.0000
vn 0.9386 0.3450 -0.0000
vn 0.9368 0.3498 -0.0000
vn 0.3273 0.9449 -0.0000
vn -0.9391 0.3437 -0.0000
vn -0.9490 -0.3154 -0.0000
vn -0.9515 -0.3076 -0.0000
vn -0.9537 -0.3007 -0.0000
vn -0.9557 -0.2944 -0.0000
vn -0.9575 -0.2883 -0.0000
vn -0.9594 -0.2821 -0.0000
vn -0.9613 -0.2757 -0.0000
vn -0.9633 -0.2685 -0.0000
vn -0.9655 -0.2603 -0.0000
vn -0.9682 -0.2501 -0.0000
vn -0.9716 -0.2368 -0.0000
vn -0.9718 -0.2359 -0.0000
vn -0.9734 -0.2290 -0.0000
vn -0.9793 -0.2026 -0.0000
vn -0.9840 -0.1781 -0.0000
vn -0.9880 -0.1547 -0.0000
vn -0.9941 -0.1086 -0.0000
vn -0.9964 -0.0846 -0.0000
vn -0.9983 -0.0588 -0.0000
vn -0.9995 -0.0301 -0.0000
vn -1.0000 0.0029 -0.0000
vn -0.9991 0.0426 -0.0000
vn -0.9968 0.0805 -0.0000
vn -0.9956 0.0941 -0.0000
vn -0.9960 0.0898 -0.0000
vn -0.9962 0.0868 -0.0000
vn -0.9964 0.0847 -0.0000
vn -0.9965 0.0835 -0.0000
vn -0.9965 0.0832 -0.0000
vn -0.9965 0.0836 -0.0000
vn -0.9956 0.0940 -0.0000
vn -0.7785 -0.6276 -0.0000
vn 0.5432 -0.8396 -0.0000
vn 0.9569 -0.2904 -0.0000
vn 0.9627 -0.2706 -0.0000
vn 0.9679 -0.2512 -0.0000
vn 0.9728 -0.2315 -0.0000
vn 0.9775 -0.2107 -0.0000
vn 0.9821 -0.1886 -0.0000
vn 0.9864 -0.1645 -0.0000
vn 0.9904 -0.1382 -0.0000
vn 0.9940 -0.1091 -0.0000
vn 0.9971 -0.0767 -0.0000
vn 0.9992 -0.0403 -0.0000
vn 1.0000 -0.0040 -0.0000
vn 0.9997 0.0248 -0.0000
vn 0.9989 0.0474 -0.0000
vn 0.9977 0.0676 -0.0000
vn 0.9963 0.0854 -0.0000
vn 0.9949 0.1010 -0.0000
vn 0.9934 0.1146 -0.0000
vn 0.9920 0.1260 -0.0000
vn 0.9908 0.1352 -0.0000
vn 0.9892 0.1465 -0.0000
vn 0.9883 0.1527 -0.0000
vn 0.9889 0.1488 -0.0000
vn 0.9917 0.1282 -0.0000
vn 0.9939 0.1099 -0.0000
vn 0.9956 0.0933 -0.0000
vn 0.9969 0.0783 -0.0000
vn 0.9979 0.0646 -0.0000
vn 0.9986 0.0520 -0.0000
vn 0.9992 0.0403 -0.0000
vn 0.9996 0.0295 -0.0000
vn 0.9998 0.0192 -0.0000
vn 1.0000 0.0095 -0.0000
vn 0.6704 0.7420 -0.0000
vn -0.8214 0.5703 -0.0000
vn -0.9656 -0.2599 -0.0000
vn -0.9646 -0.2636 -0.0000
vn -0.9641 -0.2654 -0.0000
vn -0.9641 -0.2657 -0.0000
vn -0.9644 -0.2645 -0.0000
vn -0.9651 -0.2620 -0.0000
vn -0.9662 -0.2580 -0.0000
vn -0.9676 -0.2523 -0.0000
vn -0.9696 -0.2448 -0.0000
vn -0.9720 -0.2349 -0.0000
vn -0.9750 -0.2221 -0.0000
vn -0.9775 -0.2111 -0.0000
vn 0.0040 1.0000 -0.0000
vn 0.0080 1.0000 -0.0000
vn 0.0120 0.9999 -0.0000
vn 0.0159 0.9999 -0.0000
vn 0.0198 0.9998 -0.0000
vn 0.0237 0.9997 -0.0000
vn 0.0276 0.9996 -0.0000
vn 0.0315 0.9995 -0.0000
vn 0.0354 0.9994 -0.0000
vn 0.0394 0.9992 -0.0000
vn 0.0435 0.9991 -0.0000
vn 0.7293 0.6842 -0.0000
vn 0.9998 -0.0206 -0.0000
vn 0.9997 -0.0250 -0.0000
vn 0.9995 -0.0330 -0.0000
vn 0.9993 -0.0367 -0.0000
vn 0.9992 -0.0405 -0.0000
vn 0.9990 -0.0444 -0.0000
vn 0.9988 -0.0487 -0.0000
vn 0.9986 -0.0537 -0.0000
vn 0.9982 -0.0598 -0.0000
vn 0.9977 -0.0681 -0.0000
vn 0.9965 -0.0836 -0.0000
vn 0.9949 -0.1014 -0.0000
vn 0.9934 -0.1151 -0.0000
vn 0.9918 -0.1277 -0.0000
vn 0.9903 -0.1390 -0.0000
vn 0.9888 -0.1492 -0.0000
vn 0.9874 -0.1582 -0.0000
vn 0.9861 -0.1660 -0.0000
vn 0.9850 -0.1726 -0.0000
vn 0.9841 -0.1778 -0.0000
vn 0.9834 -0.1815 -0.0000
vn 0.9830 -0.1836 -0.0000
vn 0.7695 0.6386 -0.0000
vn -0.7451 0.6669 -0.0000
vn -0.9945 -0.1043 -0.0000
vn -0.9957 -0.0924 -0.0000
vn -0.9967 -0.0812 -0.0000
vn -0.9975 -0.0705 -0.0000
vn -0.9982 -0.0603 -0.0000
vn -0.9987 -0.0506 -0.0000
vn -0.9991 -0.0413 -0.0000
vn -0.9995 -0.0325 -0.0000
vn -0.9997 -0.0239 -0.0000
vn -0.9999 -0.0157 -0.0000
vn -1.0000 -0.0077 -0.0000
vn -1.0000 0.0014 -0.0000
vn -0.6730 0.7397 -0.0000
vn 0.0910 0.9959 -0.0000
vn 0.0981 0.9952 -0.0000
vn 0.1061 0.9944 -0.0000
vn 0.1148 0.9934 -0.0000
vn 0.1246 0.9922 -0.0000
vn 0.1353 0.9908 -0.0000
vn 0.1471 0.9891 -0.0000
vn 0.1602 0.9871 -0.0000
vn 0.1747 0.9846 -0.0000
vn 0.1907 0.9816 -0.0000
vn 0.2085 0.9780 -0.0000
vn -0.6254 0.7803 -0.0000
vn -0.7570 -0.6534 -0.0000
vn -0.1419 -0.9899 -0.0000
vn -0.1339 -0.9910 -0.0000
vn -0.1262 -0.9920 -0.0000
vn -0.1188 -0.9929 -0.0000
vn -0.1118 -0.9937 -0.0000
vn -0.1049 -0.9945 -0.0000
vn -0.0983 -0.9952 -0.0000
vn -0.0918 -0.9958 -0.0000
vn -0.0854 -0.9963 -0.0000
vn -0.0791 -0.9969 -0.0000
vn -0.0728 -0.9973 -0.0000
vn -0.7313 -0.6820 -0.0000
vn -1.0000 -0.0011 -0.0000
vn -1.0000 -0.0091 -0.0000
vn -0.9995 -0.0309 -0.0000
vn -0.9976 -0.0697 -0.0000
vn -0.9919 -0.1272 -0.0000
vn -0.9789 -0.2044 -0.0000
vn -0.9539 -0.3001 -0.0000
vn -0.8518 -0.5239 -0.0000
vn -0.7742 -0.6330 -0.0000
vn -0.6860 -0.7276 -0.0000
vn -0.5954 -0.8035 -0.0000
vn 0.0404 -0.9992 -0.0000
vn 0.9916 0.1292 -0.0000
vn 0.4080 0.9130 -0.0000
vn 0.4364 0.8997 -0.0000
vn 0.4623 0.8867 -0.0000
vn 0.4865 0.8737 -0.0000
vn 0.5101 0.8601 -0.0000
vn 0.5334 0.8458 -0.0000
vn 0.5574 0.8303 -0.0000
vn 0.5824 0.8129 -0.0000
vn 0.6092 0.7930 -0.0000
vn 0.6385 0.7696 -0.0000
vn 0.6711 0.7413 -0.0000
vn 0.6920 0.7219 -0.0000
vn 0.7327 0.6806 -0.0000
vn 0.8022 0.5971 -0.0000
vn 0.8639 0.5036 -0.0000
vn 0.9137 0.4064 -0.0000
vn 0.9498 0.3127 -0.0000
vn 0.9735 0.2286 -0.0000
vn 0.9875 0.1577 -0.0000
vn 0.9949 0.1014 -0.0000
vn 0.9983 0.0590 -0.0000
vn 0.9996 0.0294 -0.0000
vn 0.9999 0.0107 -0.0000
vn 1.0000 0.0019 -0.0000
vn 0.6912 -0.7227 -0.0000
vn -0.0426 -0.9991 -0.0000
vn -0.0388 -0.9992 -0.0000
vn -0.0350 -0.9994 -0.0000
vn -0.0312 -0.9995 -0.0000
vn -0.0273 -0.9996 -0.0000
vn -0.0235 -0.9997 -0.0000
vn -0.0197 -0.9998 -0.0000
vn -0.0158 -0.9999 -0.0000
vn -0.0119 -0.9999 -0.0000
vn -0.0080 -1.0000 -0.0000
vn -0.0040 -1.0000 -0.0000
vn 0.0014 -1.0000 -0.0000
vn 0.0091 -1.0000 -0.0000
vn 0.0167 -0.9999 -0.0000
vn 0.0232 -0.9997 -0.0000
vn 0.0288 -0.9996 -0.0000
vn 0.0339 -0.9994 -0.0000
vn 0.0386 -0.9993 -0.0000
vn 0.0431 -0.9991 -0.0000
vn 0.0476 -0.9989 -0.0000
vn 0.0522 -0.9986 -0.0000
vn 0.0573 -0.9984 -0.0000
vn 0.0630 -0.9980 -0.0000
vn 0.7301 -0.6834 -0.0000
vn 0.6522 0.7581 -0.0000
vn -0.1394 0.9902 -0.0000
vn -0.1210 0.9927 -0.0000
vn -0.1051 0.9945 -0.0000
vn -0.0911 0.9958 -0.0000
vn -0.0784 0.9969 -0.0000
vn -0.0666 0.9978 -0.0000
vn -0.0554 0.9985 -0.0000
vn -0.0446 0.9990 -0.0000
vn -0.0339 0.9994 -0.0000
vn -0.0231 0.9997 -0.0000
vn -0.0118 0.9999 -0.0000
vn -0.0020 1.0000 -0.0000
vn -0.0163 0.9999 -0.0000
vn -0.6148 0.7887 -0.0000
vn -0.6233 0.7820 -0.0000
vn -0.6301 0.7765 -0.0000
vn -0.6363 0.7714 -0.0000
vn -0.6424 0.7664 -0.0000
vn -0.6486 0.7611 -0.0000
vn -0.6554 0.7552 -0.0000
vn -0.6632 0.7485 -0.0000
vn -0.6723 0.7403 -0.0000
vn -0.6835 0.7299 -0.0000
vn -0.6979 0.7162 -0.0000
vn -0.9983 -0.0578 -0.0000
vn 0.0507 -0.9987 -0.0000
vn 0.6942 -0.7198 -0.0000
vn 0.6904 -0.7235 -0.0000
vn 0.6863 -0.7273 -0.0000
vn 0.6819 -0.7315 -0.0000
vn 0.6769 -0.7361 -0.0000
vn 0.6711 -0.7413 -0.0000
vn 0.6644 -0.7474 -0.0000
vn 0.6563 -0.7545 -0.0000
vn 0.6464 -0.7630 -0.0000
vn 0.6340 -0.7733 -0.0000
vn 0.6178 -0.7863 -0.0000
vn 0.9999 0.0153 -0.0000
vn 0.3669 0.9302 -0.0000
vn 0.3755 0.9268 -0.0000
vn 0.3828 0.9238 -0.0000
vn 0.3889 0.9213 -0.0000
vn 0.3939 0.9192 -0.0000
vn 0.3980 0.9174 -0.0000
vn 0.4011 0.9160 -0.0000
vn 0.4035 0.9150 -0.0000
vn 0.4051 0.9143 -0.0000
vn 0.4061 0.9138 -0.0000
vn 0.4064 0.9137 -0.0000
vn 0.9384 0.3455 -0.0000
vn 0.9012 -0.4335 -0.0000
vn 0.8996 -0.4368 -0.0000
vn 0.8977 -0.4407 -0.0000
vn 0.8954 -0.4453 -0.0000
vn 0.8927 -0.4507 -0.0000
vn 0.8895 -0.4569 -0.0000
vn 0.8858 -0.4641 -0.0000
vn 0.8814 -0.4724 -0.0000
vn 0.8762 -0.4819 -0.0000
vn 0.8702 -0.4927 -0.0000
vn 0.8631 -0.5051 -0.0000
vn 0.8490 -0.5284 -0.0000
vn 0.8384 -0.5451 -0.0000
vn 0.8376 -0.5462 -0.0000
vn 0.8362 -0.5484 -0.0000
vn 0.8342 -0.5514 -0.0000
vn 0.8315 -0.5555 -0.0000
vn 0.8282 -0.5605 -0.0000
vn 0.8239 -0.5667 -0.0000
vn 0.8187 -0.5742 -0.0000
vn 0.8122 -0.5833 -0.0000
vn 0.8041 -0.5945 -0.0000
vn 0.9658 0.2594 -0.0000
vn -0.3736 0.9276 -0.0000
vn -0.9089 0.4171 -0.0000
vn -0.9031 0.4294 -0.0000
vn -0.8985 0.4390 -0.0000
vn -0.8945 0.4471 -0.0000
vn -0.8908 0.4544 -0.0000
vn -0.8872 0.4614 -0.0000
vn -0.8835 0.4684 -0.0000
vn -0.8795 0.4759 -0.0000
vn -0.8749 0.4843 -0.0000
vn -0.8694 0.4941 -0.0000
vn -0.8624 0.5063 -0.0000
vn -0.8691 0.4946 -0.0000
vn -0.8811 0.4730 -0.0000
vn -0.8840 0.4675 -0.0000
vn -0.8866 0.4625 -0.0000
vn -0.8890 0.4579 -0.0000
vn -0.8912 0.4536 -0.0000
vn -0.8933 0.4496 -0.0000
vn -0.8951 0.4458 -0.0000
vn -0.8969 0.4423 -0.0000
vn -0.8985 0.4389 -0.0000
vn -0.9000 0.4358 -0.0000
vn -0.9015 0.4328 -0.0000
vn 0.3938 0.9192 -0.0000
vn 0.3839 0.9234 -0.0000
vn 0.3708 0.9287 -0.0000
vn 0.3541 0.9352 -0.0000
vn 0.3336 0.9427 -0.0000
vn 0.3085 0.9512 -0.0000
vn 0.2781 0.9606 -0.0000
vn 0.2412 0.9705 -0.0000
vn 0.1966 0.9805 -0.0000
vn 0.1425 0.9898 -0.0000
vn 0.0770 0.9970 -0.0000
vn -0.0037 1.0000 -0.0000
vn -0.0998 0.9950 -0.0000
vn -0.2055 0.9787 -0.0000
vn -0.3166 0.9486 -0.0000
vn -0.4309 0.9024 -0.0000
vn -0.5453 0.8383 -0.0000
vn -0.7567 0.6538 -0.0000
vn -0.8440 0.5364 -0.0000
vn -0.9134 0.4070 -0.0000
vn -0.9626 0.2711 -0.0000
vn -0.9910 0.1340 -0.0000
vn -1.0000 0.0054 -0.0000
vn -0.9936 -0.1134 -0.0000
vn -0.9722 -0.2341 -0.0000
vn -0.9326 -0.3608 -0.0000
vn -0.8722 -0.4891 -0.0000
vn -0.7903 -0.6128 -0.0000
vn -0.6890 -0.7248 -0.0000
vn -0.5734 -0.8193 -0.0000
vn -0.4504 -0.8928 -0.0000
vn -0.3270 -0.9450 -0.0000
vn -0.2089 -0.9779 -0.0000
vn -0.0997 -0.9950 -0.0000
vn -0.0137 -0.9999 -0.0000
vn 0.0395 -0.9992 -0.0000
vn 0.0764 -0.9971 -0.0000
vn 0.1105 -0.9939 -0.0000
vn 0.1422 -0.9898 -0.0000
vn 0.1718 -0.9851 -0.0000
vn 0.1995 -0.9799 -0.0000
vn 0.2257 -0.9742 -0.0000
vn 0.2508 -0.9680 -0.0000
vn 0.2749 -0.9615 -0.0000
vn 0.2985 -0.9544 -0.0000
vn 0.3220 -0.9467 -0.0000
vn 0.8276 -0.5614 -0.0000
vn 0.5370 0.8436 -0.0000
vn -0.3763 0.9265 -0.0000
vn -0.3519 0.9360 -0.0000
vn -0.3260 0.9454 -0.0000
vn -0.2984 0.9545 -0.0000
vn -0.2689 0.9632 -0.0000
vn -0.2374 0.9714 -0.0000
vn -0.2038 0.9790 -0.0000
vn -0.1679 0.9858 -0.0000
vn -0.1296 0.9916 -0.0000
vn -0.0888 0.9960 -0.0000
vn -0.0455 0.9990 -0.0000
vn 0.0988 0.9951 -0.0000
vn 0.2077 0.9782 -0.0000
vn 0.3261 0.9453 -0.0000
vn 0.4503 0.8929 -0.0000
vn 0.5742 0.8187 -0.0000
vn 0.6906 0.7233 -0.0000
vn 0.7921 0.6104 -0.0000
vn 0.8738 0.4863 -0.0000
vn 0.9336 0.3582 -0.0000
vn 0.9727 0.2322 -0.0000
vn 0.9937 0.1125 -0.0000
vn 1.0000 -0.0062 -0.0000
vn 0.9908 -0.1354 -0.0000
vn 0.9623 -0.2719 -0.0000
vn 0.9136 -0.4066 -0.0000
vn 0.8449 -0.5350 -0.0000
vn 0.7580 -0.6523 -0.0000
vn 0.6564 -0.7544 -0.0000
vn 0.5450 -0.8384 -0.0000
vn 0.4290 -0.9033 -0.0000
vn 0.3133 -0.9496 -0.0000
vn 0.2018 -0.9794 -0.0000
vn 0.0971 -0.9953 -0.0000
vn 0.0023 -1.0000 -0.0000
vn -0.0785 -0.9969 -0.0000
vn -0.1446 -0.9895 -0.0000
vn -0.1987 -0.9801 -0.0000
vn -0.2434 -0.9699 -0.0000
vn -0.2806 -0.9598 -0.0000
vn -0.3117 -0.9502 -0.0000
vn -0.3381 -0.9411 -0.0000
vn -0.3604 -0.9328 -0.0000
vn -0.3795 -0.9252 -0.0000
vn -0.3958 -0.9183 -0.0000
vn -0.4098 -0.9122 -0.0000
vn -0.9373 -0.3486 -0.0000
vn -0.9138 0.4062 -0.0000
vn -0.9216 0.3881 -0.0000
vn -0.9276 0.3735 -0.0000
vn -0.9324 0.3614 -0.0000
vn -0.9363 0.3512 -0.0000
vn -0.9396 0.3423 -0.0000
vn -0.9424 0.3345 -0.0000
vn -0.9449 0.3274 -0.0000
vn -0.9471 0.3209 -0.0000
vn -0.9492 0.3146 -0.0000
vn -0.9512 0.3085 -0.0000
vn -0.9533 0.3021 -0.0000
vn -0.8761 -0.4820 -0.0000
vn 0.5007 -0.8656 -0.0000
vn 0.9652 -0.2616 -0.0000
vn 0.9630 -0.2695 -0.0000
vn 0.9606 -0.2778 -0.0000
vn 0.9580 -0.2867 -0.0000
vn 0.9551 -0.2964 -0.0000
vn 0.9517 -0.3069 -0.0000
vn 0.9479 -0.3184 -0.0000
vn 0.9436 -0.3312 -0.0000
vn 0.9385 -0.3454 -0.0000
vn 0.9325 -0.3612 -0.0000
vn 0.9253 -0.3791 -0.0000
vn 0.9154 -0.4025 -0.0000
vn 0.3389 -0.9408 -0.0000
vn -0.4364 -0.8998 -0.0000
vn -0.4391 -0.8984 -0.0000
vn -0.4412 -0.8974 -0.0000
vn -0.4426 -0.8967 -0.0000
vn -0.4432 -0.8964 -0.0000
vn -0.4430 -0.8965 -0.0000
vn -0.4419 -0.8971 -0.0000
vn -0.4397 -0.8981 -0.0000
vn -0.4363 -0.8998 -0.0000
vn -0.4313 -0.9022 -0.0000
vn -0.4244 -0.9055 -0.0000
vn 0.3443 -0.9389 -0.0000
vn 0.9030 0.4297 -0.0000
vn 0.2559 0.9667 -0.0000
vn 0.2740 0.9617 -0.0000
vn 0.2893 0.9572 -0.0000
vn 0.3023 0.9532 -0.0000
vn 0.3135 0.9496 -0.0000
vn 0.3233 0.9463 -0.0000
vn 0.3318 0.9433 -0.0000
vn 0.3394 0.9406 -0.0000
vn 0.3461 0.9382 -0.0000
vn 0.3521 0.9360 -0.0000
vn 0.3575 0.9339 -0.0000
vn 0.3612 0.9325 -0.0000
vt 0.106383 0.000000
vt 0.004255 0.000000
vt 0.000000 0.000000
vt 0.008511 0.000000
vt 0.012766 0.000000
vt 0.017021 0.000000
vt 0.021277 0.000000
vt 0.102128 0.000000
vt 0.025532 0.000000
vt 0.097872 0.000000
vt 0.029787 0.000000
vt 0.093617 0.000000
vt 0.089362 0.000000
vt 0.034043 0.000000
vt 0.085106 0.000000
vt 0.038298 0.000000
vt 0.259574 0.000000
vt 0.268085 0.000000
vt 0.263830 0.000000
vt 0.272340 0.000000
vt 0.080851 0.000000
vt 0.042553 0.000000
vt 0.276596 0.000000
vt 0.280851 0.000000
vt 0.076596 0.000000
vt 0.046809 0.000000
vt 0.285106 0.000000
vt 0.289362 0.000000
vt 0.072340 0.000000
vt 0.051064 0.000000
vt 0.293617 0.000000
vt 0.255319 0.000000
vt 0.251064 0.000000
vt 0.297872 0.000000
vt 0.068085 0.000000
vt 0.063830 0.000000
vt 0.059574 0.000000
vt 0.055319 0.000000
vt 0.246809 0.000000
vt 0.302128 0.000000
vt 0.242553 0.000000
vt 0.306383 0.000000
vt 0.238298 0.000000
vt 0.310638 0.000000
vt 0.234043 0.000000
vt 0.314894 0.000000
vt 0.319149 0.000000
vt 0.229787 0.000000
vt 0.225532 0.000000
vt 0.412766 0.000000
vt 0.421277 0.000000
vt 0.417021 0.000000
vt 0.323404 0.000000
vt 0.408511 0.000000
vt 0.425532 0.000000
vt 0.404255 0.000000
vt 0.221277 0.000000
vt 0.429787 0.000000
vt 0.327660 0.000000
vt 0.400000 0.000000
vt 0.217021 0.000000
vt 0.434043 0.000000
vt 0.395745 0.000000
vt 0.331915 0.000000
vt 0.212766 0.000000
vt 0.208511 0.000000
vt 0.391489 0.000000
vt 0.438298 0.000000
vt 0.336170 0.000000
vt 0.204255 0.000000
vt 0.387234 0.000000
vt 0.200000 0.000000
vt 0.340426 0.000000
vt 0.442553 0.000000
vt 0.195745 0.000000
vt 0.382979 0.000000
vt 0.344681 0.000000
vt 0.191489 0.000000
vt 0.446809 0.000000
vt 0.378723 0.000000
vt 0.348936 0.000000
vt 0.187234 0.000000
vt 0.353191 0.000000
vt 0.374468 0.000000
vt 0.727660 0.000000
vt 0.182979 0.000000
vt 0.723404 0.000000
vt 0.451064 0.000000
vt 0.731915 0.000000
vt 0.736170 0.000000
vt 0.719149 0.000000
vt 0.740426 0.000000
vt 0.714894 0.000000
vt 0.357447 0.000000
vt 0.178723 0.000000
vt 0.744681 0.000000
vt 0.710638 0.000000
vt 0.370213 0.000000
vt 0.748936 0.000000
vt 0.361702 0.000000
vt 0.706383 0.000000
vt 0.174468 0.000000
vt 0.455319 0.000000
vt 0.753191 0.000000
vt 0.365957 0.000000
vt 0.702128 0.000000
vt 0.170213 0.000000
vt 0.757447 0.000000
vt 0.697872 0.000000
vt 0.165957 0.000000
vt 0.761702 0.000000
vt 0.459574 0.000000
vt 0.693617 0.000000
vt 0.161702 0.000000
vt 0.765957 0.000000
vt 0.157447 0.000000
vt 0.689362 0.000000
vt 0.770213 0.000000
vt 0.463830 0.000000
vt 0.153191 0.000000
vt 0.685106 0.000000
vt 0.148936 0.000000
vt 0.774468 0.000000
vt 0.144681 0.000000
vt 0.140426 0.000000
vt 0.680851 0.000000
vt 0.136170 0.000000
vt 0.778723 0.000000
vt 0.468085 0.000000
vt 0.131915 0.000000
vt 0.127660 0.000000
vt 0.676596 0.000000
vt 0.123404 0.000000
vt 0.893617 0.000000
vt 0.782979 0.000000
vt 0.119149 0.000000
vt 0.114894 0.000000
vt 0.110638 0.000000
vt 0.672340 0.000000
vt 1.000000 0.000000
vt 0.472340 0.000000
vt 0.995745 0.000000
vt 0.991489 0.000000
vt 0.987234 0.000000
vt 0.982979 0.000000
vt 0.978723 0.000000
vt 0.974468 0.000000
vt 0.668085 0.000000
vt 0.970213 0.000000
vt 0.897872 0.000000
vt 0.889362 0.000000
vt 0.965957 0.000000
vt 0.961702 0.000000
vt 0.957447 0.000000
vt 0.953192 0.000000
vt 0.902128 0.000000
vt 0.948936 0.000000
vt 0.476596 0.000000
vt 0.944681 0.000000
vt 0.663830 0.000000
vt 0.906383 0.000000
vt 0.910638 0.000000
vt 0.659574 0.000000
vt 0.914894 0.000000
vt 0.480851 0.000000
vt 0.919149 0.000000
vt 0.655319 0.000000
vt 0.787234 0.000000
vt 0.923404 0.000000
vt 0.651064 0.000000
vt 0.927660 0.000000
vt 0.485106 0.000000
vt 0.931915 0.000000
vt 0.646809 0.000000
vt 0.936170 0.000000
vt 0.570213 0.000000
vt 0.578723 0.000000
vt 0.574468 0.000000
vt 0.791489 0.000000
vt 0.940426 0.000000
vt 0.885106 0.000000
vt 0.582979 0.000000
vt 0.642553 0.000000
vt 0.489362 0.000000
vt 0.587234 0.000000
vt 0.591489 0.000000
vt 0.638298 0.000000
vt 0.595745 0.000000
vt 0.600000 0.000000
vt 0.634043 0.000000
vt 0.604255 0.000000
vt 0.608511 0.000000
vt 0.629787 0.000000
vt 0.612766 0.000000
vt 0.493617 0.000000
vt 0.617021 0.000000
vt 0.625532 0.000000
vt 0.621277 0.000000
vt 0.880851 0.000000
vt 0.795745 0.000000
vt 0.497872 0.000000
vt 0.502128 0.000000
vt 0.876596 0.000000
vt 0.800000 0.000000
vt 0.565957 0.000000
vt 0.506383 0.000000
vt 0.561702 0.000000
vt 0.557447 0.000000
vt 0.553191 0.000000
vt 0.510638 0.000000
vt 0.548936 0.000000
vt 0.544681 0.000000
vt 0.540426 0.000000
vt 0.514894 0.000000
vt 0.536170 0.000000
vt 0.531915 0.000000
vt 0.527660 0.000000
vt 0.519149 0.000000
vt 0.523404 0.000000
vt 0.872340 0.000000
vt 0.804255 0.000000
vt 0.868085 0.000000
vt 0.808511 0.000000
vt 0.863830 0.000000
vt 0.812766 0.000000
vt 0.859574 0.000000
vt 0.817021 0.000000
vt 0.855319 0.000000
vt 0.821277 0.000000
vt 0.851064 0.000000
vt 0.825532 0.000000
vt 0.846808 0.000000
vt 0.829787 0.000000
vt 0.842553 0.000000
vt 0.834043 0.000000
vt 0.838298 0.000000
vt 0.946360 0.000000
vt 0.954023 0.000000
vt 0.950192 0.000000
vt 0.942529 0.000000
vt 0.957854 0.000000
vt 0.938697 0.000000
vt 0.961686 0.000000
vt 0.934866 0.000000
vt 0.965517 0.000000
vt 0.931035 0.000000
vt 0.969349 0.000000
vt 0.927203 0.000000
vt 0.973180 0.000000
vt 0.923372 0.000000
vt 0.977012 0.000000
vt 0.919540 0.000000
vt 0.980843 0.000000
vt 0.915709 0.000000
vt 0.984674 0.000000
vt 0.911877 0.000000
vt 0.988506 0.000000
vt 0.908046 0.000000
vt 0.992337 0.000000
vt 0.904215 0.000000
vt 0.996169 0.000000
vt 0.900383 0.000000
vt 0.578544 0.000000
vt 0.896552 0.000000
vt 0.582375 0.000000
vt 0.892720 0.000000
vt 0.888889 0.000000
vt 0.586207 0.000000
vt 0.885057 0.000000
vt 0.590038 0.000000
vt 0.881226 0.000000
vt 0.877395 0.000000
vt 0.593870 0.000000
vt 0.873563 0.000000
vt 0.597701 0.000000
vt 0.869732 0.000000
vt 0.601533 0.000000
vt 0.865900 0.000000
vt 0.605364 0.000000
vt 0.862069 0.000000
vt 0.609195 0.000000
vt 0.858238 0.000000
vt 0.662835 0.000000
vt 0.670498 0.000000
vt 0.666667 0.000000
vt 0.659004 0.000000
vt 0.854406 0.000000
vt 0.613027 0.000000
vt 0.655172 0.000000
vt 0.674330 0.000000
vt 0.651341 0.000000
vt 0.678161 0.000000
vt 0.850575 0.000000
vt 0.647510 0.000000
vt 0.681992 0.000000
vt 0.643678 0.000000
vt 0.616858 0.000000
vt 0.639847 0.000000
vt 0.846743 0.000000
vt 0.685824 0.000000
vt 0.636015 0.000000
vt 0.689655 0.000000
vt 0.632184 0.000000
vt 0.620690 0.000000
vt 0.842912 0.000000
vt 0.628352 0.000000
vt 0.693487 0.000000
vt 0.624521 0.000000
vt 0.839080 0.000000
vt 0.697318 0.000000
vt 0.701149 0.000000
vt 0.835249 0.000000
vt 0.704981 0.000000
vt 0.831418 0.000000
vt 0.708812 0.000000
vt 0.712644 0.000000
vt 0.827586 0.000000
vt 0.716475 0.000000
vt 0.720307 0.000000
vt 0.724138 0.000000
vt 0.823755 0.000000
vt 0.727969 0.000000
vt 0.731801 0.000000
vt 0.735632 0.000000
vt 0.739464 0.000000
vt 0.743295 0.000000
vt 0.747126 0.000000
vt 0.819923 0.000000
vt 0.750958 0.000000
vt 0.754789 0.000000
vt 0.758621 0.000000
vt 0.762452 0.000000
vt 0.766284 0.000000
vt 0.770115 0.000000
vt 0.773946 0.000000
vt 0.816092 0.000000
vt 0.777778 0.000000
vt 0.781609 0.000000
vt 0.785441 0.000000
vt 0.789272 0.000000
vt 0.793103 0.000000
vt 0.796935 0.000000
vt 0.812261 0.000000
vt 0.800766 0.000000
vt 0.804598 0.000000
vt 0.808429 0.000000
vt 0.130268 0.000000
vt 0.137931 0.000000
vt 0.134100 0.000000
vt 0.141762 0.000000
vt 0.126437 0.000000
vt 0.145594 0.000000
vt 0.122605 0.000000
vt 0.149425 0.000000
vt 0.118774 0.000000
vt 0.153257 0.000000
vt 0.114943 0.000000
vt 0.157088 0.000000
vt 0.111111 0.000000
vt 0.160920 0.000000
vt 0.107280 0.000000
vt 0.164751 0.000000
vt 0.103448 0.000000
vt 0.168582 0.000000
vt 0.172414 0.000000
vt 0.099617 0.000000
vt 0.176245 0.000000
vt 0.095785 0.000000
vt 0.180077 0.000000
vt 0.091954 0.000000
vt 0.183908 0.000000
vt 0.088123 0.000000
vt 0.187739 0.000000
vt 0.084291 0.000000
vt 0.080460 0.000000
vt 0.076628 0.000000
vt 0.072797 0.000000
vt 0.068966 0.000000
vt 0.065134 0.000000
vt 0.061303 0.000000
vt 0.057471 0.000000
vt 0.053640 0.000000
vt 0.049808 0.000000
vt 0.045977 0.000000
vt 0.229885 0.000000
vt 0.237548 0.000000
vt 0.233716 0.000000
vt 0.226054 0.000000
vt 0.222222 0.000000
vt 0.218391 0.000000
vt 0.214559 0.000000
vt 0.210728 0.000000
vt 0.042146 0.000000
vt 0.206897 0.000000
vt 0.203065 0.000000
vt 0.199234 0.000000
vt 0.195402 0.000000
vt 0.524904 0.000000
vt 0.532567 0.000000
vt 0.528736 0.000000
vt 0.191571 0.000000
vt 0.536398 0.000000
vt 0.540230 0.000000
vt 0.544061 0.000000
vt 0.547893 0.000000
vt 0.551724 0.000000
vt 0.038314 0.000000
vt 0.555556 0.000000
vt 0.034483 0.000000
vt 0.030651 0.000000
vt 0.559387 0.000000
vt 0.026820 0.000000
vt 0.022989 0.000000
vt 0.563218 0.000000
vt 0.019157 0.000000
vt 0.015326 0.000000
vt 0.567050 0.000000
vt 0.011494 0.000000
vt 0.007663 0.000000
vt 0.570881 0.000000
vt 0.003831 0.000000
vt 0.574713 0.000000
vt 0.241379 0.000000
vt 0.245211 0.000000
vt 0.249042 0.000000
vt 0.252874 0.000000
vt 0.256705 0.000000
vt 0.260536 0.000000
vt 0.264368 0.000000
vt 0.268199 0.000000
vt 0.272031 0.000000
vt 0.275862 0.000000
vt 0.279693 0.000000
vt 0.283525 0.000000
vt 0.432950 0.000000
vt 0.287356 0.000000
vt 0.521073 0.000000
vt 0.517241 0.000000
vt 0.513410 0.000000
vt 0.509579 0.000000
vt 0.505747 0.000000
vt 0.436782 0.000000
vt 0.429119 0.000000
vt 0.440613 0.000000
vt 0.501916 0.000000
vt 0.444444 0.000000
vt 0.498084 0.000000
vt 0.448276 0.000000
vt 0.494253 0.000000
vt 0.452107 0.000000
vt 0.455939 0.000000
vt 0.490421 0.000000
vt 0.459770 0.000000
vt 0.463602 0.000000
vt 0.486590 0.000000
vt 0.467433 0.000000
vt 0.482759 0.000000
vt 0.471264 0.000000
vt 0.475096 0.000000
vt 0.478927 0.000000
vt 0.425287 0.000000
vt 0.291188 0.000000
vt 0.421456 0.000000
vt 0.295019 0.000000
vt 0.417625 0.000000
vt 0.298851 0.000000
vt 0.413793 0.000000
vt 0.302682 0.000000
vt 0.409962 0.000000
vt 0.406130 0.000000
vt 0.306513 0.000000
vt 0.402299 0.000000
vt 0.310345 0.000000
vt 0.398467 0.000000
vt 0.394636 0.000000
vt 0.314176 0.000000
vt 0.390805 0.000000
vt 0.318008 0.000000
vt 0.386973 0.000000
vt 0.383142 0.000000
vt 0.321839 0.000000
vt 0.379310 0.000000
vt 0.375479 0.000000
vt 0.371648 0.000000
vt 0.325671 0.000000
vt 0.367816 0.000000
vt 0.363985 0.000000
vt 0.360153 0.000000
vt 0.356322 0.000000
vt 0.352490 0.000000
vt 0.348659 0.000000
vt 0.344828 0.000000
vt 0.329502 0.000000
vt 0.340996 0.000000
vt 0.337165 0.000000
vt 0.333333 0.000000
vt 0.886179 0.000000
vt 0.902439 0.000000
vt 0.894309 0.000000
vt 0.910569 0.000000
vt 0.878049 0.000000
vt 0.918699 0.000000
vt 0.869919 0.000000
vt 0.926829 0.000000
vt 0.861789 0.000000
vt 0.934959 0.000000
vt 0.853659 0.000000
vt 0.943089 0.000000
vt 0.845528 0.000000
vt 0.951219 0.000000
vt 0.837398 0.000000
vt 0.959350 0.000000
vt 0.829268 0.000000
vt 0.967480 0.000000
vt 0.821138 0.000000
vt 0.975610 0.000000
vt 0.813008 0.000000
vt 0.804878 0.000000
vt 0.983740 0.000000
vt 0.796748 0.000000
vt 0.991870 0.000000
vt 0.788618 0.000000
vt 0.211382 0.000000
vt 0.780488 0.000000
vt 0.219512 0.000000
vt 0.772358 0.000000
vt 0.227642 0.000000
vt 0.764228 0.000000
vt 0.235772 0.000000
vt 0.756098 0.000000
vt 0.243902 0.000000
vt 0.747967 0.000000
vt 0.252033 0.000000
vt 0.260163 0.000000
vt 0.739837 0.000000
vt 0.268293 0.000000
vt 0.731707 0.000000
vt 0.276423 0.000000
vt 0.723577 0.000000
vt 0.284553 0.000000
vt 0.715447 0.000000
vt 0.292683 0.000000
vt 0.707317 0.000000
vt 0.300813 0.000000
vt 0.699187 0.000000
vt 0.308943 0.000000
vt 0.691057 0.000000
vt 0.317073 0.000000
vt 0.487805 0.000000
vt 0.504065 0.000000
vt 0.495935 0.000000
vt 0.325203 0.000000
vt 0.682927 0.000000
vt 0.479675 0.000000
vt 0.471545 0.000000
vt 0.674797 0.000000
vt 0.512195 0.000000
vt 0.341463 0.000000
vt 0.463415 0.000000
vt 0.455285 0.000000
vt 0.349593 0.000000
vt 0.520325 0.000000
vt 0.447154 0.000000
vt 0.357724 0.000000
vt 0.439024 0.000000
vt 0.528455 0.000000
vt 0.365854 0.000000
vt 0.658537 0.000000
vt 0.430894 0.000000
vt 0.373984 0.000000
vt 0.422764 0.000000
vt 0.536585 0.000000
vt 0.382114 0.000000
vt 0.414634 0.000000
vt 0.650406 0.000000
vt 0.390244 0.000000
vt 0.406504 0.000000
vt 0.398374 0.000000
vt 0.544715 0.000000
vt 0.642276 0.000000
vt 0.552846 0.000000
vt 0.634146 0.000000
vt 0.560976 0.000000
vt 0.569106 0.000000
vt 0.626016 0.000000
vt 0.577236 0.000000
vt 0.617886 0.000000
vt 0.585366 0.000000
vt 0.609756 0.000000
vt 0.593496 0.000000
vt 0.601626 0.000000
vt 0.097561 0.000000
vt 0.113821 0.000000
vt 0.105691 0.000000
vt 0.089431 0.000000
vt 0.121951 0.000000
vt 0.081301 0.000000
vt 0.130081 0.000000
vt 0.073171 0.000000
vt 0.138211 0.000000
vt 0.065041 0.000000
vt 0.146341 0.000000
vt 0.056911 0.000000
vt 0.154472 0.000000
vt 0.048780 0.000000
vt 0.162602 0.000000
vt 0.040650 0.000000
vt 0.170732 0.000000
vt 0.032520 0.000000
vt 0.178862 0.000000
vt 0.024390 0.000000
vt 0.186992 0.000000
vt 0.016260 0.000000
vt 0.195122 0.000000
vt 0.008130 0.000000
vt 0.203252 0.000000
vt 0.933333 0.000000
vt 0.942857 0.000000
vt 0.938095 0.000000
vt 0.947619 0.000000
vt 0.928571 0.000000
vt 0.952381 0.000000
vt 0.923810 0.000000
vt 0.957143 0.000000
vt 0.919048 0.000000
vt 0.961905 0.000000
vt 0.914286 0.000000
vt 0.966667 0.000000
vt 0.909524 0.000000
vt 0.971429 0.000000
vt 0.904762 0.000000
vt 0.976190 0.000000
vt 0.900000 0.000000
vt 0.980952 0.000000
vt 0.895238 0.000000
vt 0.985714 0.000000
vt 0.890476 0.000000
vt 0.990476 0.000000
vt 0.885714 0.000000
vt 0.995238 0.000000
vt 0.880952 0.000000
vt 0.876190 0.000000
vt 0.233333 0.000000
vt 0.871429 0.000000
vt 0.866667 0.000000
vt 0.861905 0.000000
vt 0.857143 0.000000
vt 0.852381 0.000000
vt 0.285714 0.000000
vt 0.295238 0.000000
vt 0.290476 0.000000
vt 0.847619 0.000000
vt 0.280952 0.000000
vt 0.276190 0.000000
vt 0.271429 0.000000
vt 0.266667 0.000000
vt 0.261905 0.000000
vt 0.257143 0.000000
vt 0.252381 0.000000
vt 0.247619 0.000000
vt 0.242857 0.000000
vt 0.238095 0.000000
vt 0.842857 0.000000
vt 0.838095 0.000000
vt 0.833333 0.000000
vt 0.828571 0.000000
vt 0.300000 0.000000
vt 0.304762 0.000000
vt 0.309524 0.000000
vt 0.314286 0.000000
vt 0.319048 0.000000
vt 0.323810 0.000000
vt 0.823810 0.000000
vt 0.352381 0.000000
vt 0.328571 0.000000
vt 0.338095 0.000000
vt 0.342857 0.000000
vt 0.347619 0.000000
vt 0.357143 0.000000
vt 0.819048 0.000000
vt 0.361905 0.000000
vt 0.814286 0.000000
vt 0.366667 0.000000
vt 0.809524 0.000000
vt 0.371429 0.000000
vt 0.804762 0.000000
vt 0.376190 0.000000
vt 0.380952 0.000000
vt 0.795238 0.000000
vt 0.385714 0.000000
vt 0.790476 0.000000
vt 0.390476 0.000000
vt 0.785714 0.000000
vt 0.395238 0.000000
vt 0.780952 0.000000
vt 0.776190 0.000000
vt 0.404762 0.000000
vt 0.771429 0.000000
vt 0.409524 0.000000
vt 0.766667 0.000000
vt 0.704762 0.000000
vt 0.714286 0.000000
vt 0.709524 0.000000
vt 0.719048 0.000000
vt 0.723810 0.000000
vt 0.728571 0.000000
vt 0.733333 0.000000
vt 0.738095 0.000000
vt 0.414286 0.000000
vt 0.742857 0.000000
vt 0.700000 0.000000
vt 0.747619 0.000000
vt 0.752381 0.000000
vt 0.757143 0.000000
vt 0.761905 0.000000
vt 0.695238 0.000000
vt 0.690476 0.000000
vt 0.685714 0.000000
vt 0.419048 0.000000
vt 0.423810 0.000000
vt 0.680952 0.000000
vt 0.428571 0.000000
vt 0.676190 0.000000
vt 0.433333 0.000000
vt 0.671429 0.000000
vt 0.228571 0.000000
vt 0.223810 0.000000
vt 0.219048 0.000000
vt 0.438095 0.000000
vt 0.214286 0.000000
vt 0.209524 0.000000
vt 0.004762 0.000000
vt 0.204762 0.000000
vt 0.195238 0.000000
vt 0.009524 0.000000
vt 0.190476 0.000000
vt 0.185714 0.000000
vt 0.180952 0.000000
vt 0.014286 0.000000
vt 0.176190 0.000000
vt 0.171429 0.000000
vt 0.166667 0.000000
vt 0.533333 0.000000
vt 0.019048 0.000000
vt 0.442857 0.000000
vt 0.023810 0.000000
vt 0.028571 0.000000
vt 0.447619 0.000000
vt 0.661905 0.000000
vt 0.538095 0.000000
vt 0.528571 0.000000
vt 0.033333 0.000000
vt 0.452381 0.000000
vt 0.523810 0.000000
vt 0.038095 0.000000
vt 0.657143 0.000000
vt 0.042857 0.000000
vt 0.519048 0.000000
vt 0.457143 0.000000
vt 0.047619 0.000000
vt 0.514286 0.000000
vt 0.652381 0.000000
vt 0.461905 0.000000
vt 0.161905 0.000000
vt 0.052381 0.000000
vt 0.509524 0.000000
vt 0.466667 0.000000
vt 0.157143 0.000000
vt 0.057143 0.000000
vt 0.504762 0.000000
vt 0.647619 0.000000
vt 0.542857 0.000000
vt 0.061905 0.000000
vt 0.500000 0.000000
vt 0.152381 0.000000
vt 0.471429 0.000000
vt 0.066667 0.000000
vt 0.147619 0.000000
vt 0.495238 0.000000
vt 0.547619 0.000000
vt 0.642857 0.000000
vt 0.490476 0.000000
vt 0.485714 0.000000
vt 0.480952 0.000000
vt 0.476190 0.000000
vt 0.071429 0.000000
vt 0.142857 0.000000
vt 0.076190 0.000000
vt 0.552381 0.000000
vt 0.138095 0.000000
vt 0.638095 0.000000
vt 0.080952 0.000000
vt 0.133333 0.000000
vt 0.085714 0.000000
vt 0.557143 0.000000
vt 0.128571 0.000000
vt 0.090476 0.000000
vt 0.123810 0.000000
vt 0.633333 0.000000
vt 0.095238 0.000000
vt 0.119048 0.000000
vt 0.100000 0.000000
vt 0.114286 0.000000
vt 0.104762 0.000000
vt 0.561905 0.000000
vt 0.109524 0.000000
vt 0.628571 0.000000
vt 0.566667 0.000000
vt 0.623810 0.000000
vt 0.571429 0.000000
vt 0.619048 0.000000
vt 0.576190 0.000000
vt 0.614286 0.000000
vt 0.580952 0.000000
vt 0.609524 0.000000
vt 0.585714 0.000000
vt 0.604762 0.000000
vt 0.590476 0.000000
vt 0.595238 0.000000
vt 0.961003 0.000000
vt 0.966574 0.000000
vt 0.963788 0.000000
vt 0.958217 0.000000
vt 0.969359 0.000000
vt 0.955432 0.000000
vt 0.972145 0.000000
vt 0.974930 0.000000
vt 0.952646 0.000000
vt 0.977716 0.000000
vt 0.949861 0.000000
vt 0.980501 0.000000
vt 0.947075 0.000000
vt 0.983287 0.000000
vt 0.944290 0.000000
vt 0.986072 0.000000
vt 0.941504 0.000000
vt 0.988858 0.000000
vt 0.938719 0.000000
vt 0.991643 0.000000
vt 0.935933 0.000000
vt 0.994429 0.000000
vt 0.933148 0.000000
vt 0.997214 0.000000
vt 0.930362 0.000000
vt 0.927577 0.000000
vt 0.660167 0.000000
vt 0.924791 0.000000
vt 0.662953 0.000000
vt 0.922006 0.000000
vt 0.665738 0.000000
vt 0.919220 0.000000
vt 0.668524 0.000000
vt 0.916435 0.000000
vt 0.671309 0.000000
vt 0.913649 0.000000
vt 0.674095 0.000000
vt 0.910864 0.000000
vt 0.676880 0.000000
vt 0.908078 0.000000
vt 0.679666 0.000000
vt 0.905292 0.000000
vt 0.682451 0.000000
vt 0.902507 0.000000
vt 0.685237 0.000000
vt 0.899721 0.000000
vt 0.688022 0.000000
vt 0.690808 0.000000
vt 0.896936 0.000000
vt 0.754875 0.000000
vt 0.760446 0.000000
vt 0.757660 0.000000
vt 0.693593 0.000000
vt 0.752089 0.000000
vt 0.696379 0.000000
vt 0.749304 0.000000
vt 0.894150 0.000000
vt 0.699164 0.000000
vt 0.763231 0.000000
vt 0.746518 0.000000
vt 0.701950 0.000000
vt 0.743733 0.000000
vt 0.766017 0.000000
vt 0.704735 0.000000
vt 0.891365 0.000000
vt 0.740947 0.000000
vt 0.707521 0.000000
vt 0.768802 0.000000
vt 0.738162 0.000000
vt 0.710306 0.000000
vt 0.735376 0.000000
vt 0.888579 0.000000
vt 0.713092 0.000000
vt 0.771588 0.000000
vt 0.732591 0.000000
vt 0.715877 0.000000
vt 0.774373 0.000000
vt 0.729805 0.000000
vt 0.718663 0.000000
vt 0.885794 0.000000
vt 0.721448 0.000000
vt 0.727019 0.000000
vt 0.777159 0.000000
vt 0.724234 0.000000
vt 0.883008 0.000000
vt 0.779944 0.000000
vt 0.782730 0.000000
vt 0.880223 0.000000
vt 0.785515 0.000000
vt 0.877437 0.000000
vt 0.788301 0.000000
vt 0.791086 0.000000
vt 0.874652 0.000000
vt 0.793872 0.000000
vt 0.796657 0.000000
vt 0.871866 0.000000
vt 0.799443 0.000000
vt 0.802228 0.000000
vt 0.805014 0.000000
vt 0.807799 0.000000
vt 0.810585 0.000000
vt 0.813370 0.000000
vt 0.869081 0.000000
vt 0.816156 0.000000
vt 0.818942 0.000000
vt 0.821727 0.000000
vt 0.824513 0.000000
vt 0.827298 0.000000
vt 0.830084 0.000000
vt 0.866295 0.000000
vt 0.832869 0.000000
vt 0.835655 0.000000
vt 0.838440 0.000000
vt 0.841226 0.000000
vt 0.844011 0.000000
vt 0.846797 0.000000
vt 0.849582 0.000000
vt 0.863510 0.000000
vt 0.852368 0.000000
vt 0.855153 0.000000
vt 0.857939 0.000000
vt 0.860724 0.000000
vt 0.618384 0.000000
vt 0.623955 0.000000
vt 0.621170 0.000000
vt 0.626741 0.000000
vt 0.615599 0.000000
vt 0.629526 0.000000
vt 0.612813 0.000000
vt 0.632312 0.000000
vt 0.610028 0.000000
vt 0.635098 0.000000
vt 0.607242 0.000000
vt 0.637883 0.000000
vt 0.640669 0.000000
vt 0.604457 0.000000
vt 0.643454 0.000000
vt 0.601671 0.000000
vt 0.646240 0.000000
vt 0.598886 0.000000
vt 0.649025 0.000000
vt 0.596100 0.000000
vt 0.651811 0.000000
vt 0.593315 0.000000
vt 0.654596 0.000000
vt 0.590529 0.000000
vt 0.657382 0.000000
vt 0.587744 0.000000
vt 0.136490 0.000000
vt 0.584958 0.000000
vt 0.139276 0.000000
vt 0.142061 0.000000
vt 0.144847 0.000000
vt 0.147632 0.000000
vt 0.150418 0.000000
vt 0.153203 0.000000
vt 0.155989 0.000000
vt 0.158774 0.000000
vt 0.161560 0.000000
vt 0.164345 0.000000
vt 0.197772 0.000000
vt 0.203343 0.000000
vt 0.200557 0.000000
vt 0.194986 0.000000
vt 0.192201 0.000000
vt 0.189415 0.000000
vt 0.186630 0.000000
vt 0.167131 0.000000
vt 0.183844 0.000000
vt 0.181058 0.000000
vt 0.178273 0.000000
vt 0.175487 0.000000
vt 0.172702 0.000000
vt 0.169916 0.000000
vt 0.545961 0.000000
vt 0.551532 0.000000
vt 0.548747 0.000000
vt 0.554318 0.000000
vt 0.557103 0.000000
vt 0.559889 0.000000
vt 0.562674 0.000000
vt 0.565460 0.000000
vt 0.568245 0.000000
vt 0.582173 0.000000
vt 0.571031 0.000000
vt 0.573816 0.000000
vt 0.576602 0.000000
vt 0.579387 0.000000
vt 0.206128 0.000000
vt 0.208914 0.000000
vt 0.211699 0.000000
vt 0.214485 0.000000
vt 0.217270 0.000000
vt 0.220056 0.000000
vt 0.222841 0.000000
vt 0.225627 0.000000
vt 0.228412 0.000000
vt 0.231198 0.000000
vt 0.233983 0.000000
vt 0.236769 0.000000
vt 0.543175 0.000000
vt 0.509749 0.000000
vt 0.239554 0.000000
vt 0.540390 0.000000
vt 0.537604 0.000000
vt 0.534819 0.000000
vt 0.532033 0.000000
vt 0.529248 0.000000
vt 0.512535 0.000000
vt 0.506964 0.000000
vt 0.526462 0.000000
vt 0.523677 0.000000
vt 0.520891 0.000000
vt 0.518106 0.000000
vt 0.515320 0.000000
vt 0.242340 0.000000
vt 0.504178 0.000000
vt 0.501393 0.000000
vt 0.245125 0.000000
vt 0.498607 0.000000
vt 0.247911 0.000000
vt 0.495822 0.000000
vt 0.250696 0.000000
vt 0.493036 0.000000
vt 0.253482 0.000000
vt 0.490251 0.000000
vt 0.256267 0.000000
vt 0.487465 0.000000
vt 0.259053 0.000000
vt 0.484680 0.000000
vt 0.261838 0.000000
vt 0.481894 0.000000
vt 0.264624 0.000000
vt 0.479109 0.000000
vt 0.267409 0.000000
vt 0.476323 0.000000
vt 0.440111 0.000000
vt 0.445682 0.000000
vt 0.442897 0.000000
vt 0.448468 0.000000
vt 0.451253 0.000000
vt 0.454039 0.000000
vt 0.456825 0.000000
vt 0.437326 0.000000
vt 0.459610 0.000000
vt 0.462396 0.000000
vt 0.465181 0.000000
vt 0.467967 0.000000
vt 0.470752 0.000000
vt 0.434540 0.000000
vt 0.473538 0.000000
vt 0.270195 0.000000
vt 0.431755 0.000000
vt 0.428969 0.000000
vt 0.426184 0.000000
vt 0.272981 0.000000
vt 0.275766 0.000000
vt 0.423398 0.000000
vt 0.278552 0.000000
vt 0.420613 0.000000
vt 0.133705 0.000000
vt 0.130919 0.000000
vt 0.281337 0.000000
vt 0.128134 0.000000
vt 0.125348 0.000000
vt 0.002786 0.000000
vt 0.122563 0.000000
vt 0.119777 0.000000
vt 0.005571 0.000000
vt 0.116992 0.000000
vt 0.114206 0.000000
vt 0.111421 0.000000
vt 0.008357 0.000000
vt 0.284123 0.000000
vt 0.108635 0.000000
vt 0.105850 0.000000
vt 0.011142 0.000000
vt 0.103064 0.000000
vt 0.417827 0.000000
vt 0.100279 0.000000
vt 0.013928 0.000000
vt 0.097493 0.000000
vt 0.286908 0.000000
vt 0.016713 0.000000
vt 0.289694 0.000000
vt 0.019499 0.000000
vt 0.415042 0.000000
vt 0.022284 0.000000
vt 0.339833 0.000000
vt 0.292479 0.000000
vt 0.025070 0.000000
vt 0.412256 0.000000
vt 0.342618 0.000000
vt 0.337047 0.000000
vt 0.094708 0.000000
vt 0.295265 0.000000
vt 0.334262 0.000000
vt 0.027855 0.000000
vt 0.298050 0.000000
vt 0.331476 0.000000
vt 0.091922 0.000000
vt 0.409471 0.000000
vt 0.030641 0.000000
vt 0.345404 0.000000
vt 0.328691 0.000000
vt 0.300836 0.000000
vt 0.033426 0.000000
vt 0.089136 0.000000
vt 0.325905 0.000000
vt 0.303621 0.000000
vt 0.406685 0.000000
vt 0.348189 0.000000
vt 0.323120 0.000000
vt 0.036212 0.000000
vt 0.086351 0.000000
vt 0.320334 0.000000
vt 0.317549 0.000000
vt 0.314763 0.000000
vt 0.311978 0.000000
vt 0.309192 0.000000
vt 0.306407 0.000000
vt 0.038997 0.000000
vt 0.083565 0.000000
vt 0.403900 0.000000
vt 0.350975 0.000000
vt 0.041783 0.000000
vt 0.080780 0.000000
vt 0.044568 0.000000
vt 0.077994 0.000000
vt 0.353760 0.000000
vt 0.401114 0.000000
vt 0.047354 0.000000
vt 0.075209 0.000000
vt 0.050139 0.000000
vt 0.052925 0.000000
vt 0.072423 0.000000
vt 0.356546 0.000000
vt 0.398329 0.000000
vt 0.055710 0.000000
vt 0.069638 0.000000
vt 0.058496 0.000000
vt 0.066852 0.000000
vt 0.061281 0.000000
vt 0.064067 0.000000
vt 0.395543 0.000000
vt 0.359331 0.000000
vt 0.392758 0.000000
vt 0.362117 0.000000
vt 0.389972 0.000000
vt 0.364902 0.000000
vt 0.387187 0.000000
vt 0.367688 0.000000
vt 0.384401 0.000000
vt 0.370474 0.000000
vt 0.381616 0.000000
vt 0.373259 0.000000
vt 0.378830 0.000000
vt 0.376045 0.000000
vt 0.000000 1.000000
vt 0.008130 1.000000
vt 0.016260 1.000000
vt 0.024390 1.000000
vt 0.032520 1.000000
vt 0.040650 1.000000
vt 0.048780 1.000000
vt 0.056911 1.000000
vt 0.065041 1.000000
vt 0.073171 1.000000
vt 0.081301 1.000000
vt 0.089431 1.000000
vt 0.097561 1.000000
vt 0.105691 1.000000
vt 0.113821 1.000000
vt 0.121951 1.000000
vt 0.130081 1.000000
vt 0.138211 1.000000
vt 0.146341 1.000000
vt 0.154472 1.000000
vt 0.162602 1.000000
vt 0.170732 1.000000
vt 0.178862 1.000000
vt 0.186992 1.000000
vt 0.195122 1.000000
vt 0.203252 1.000000
vt 0.211382 1.000000
vt 0.219512 1.000000
vt 0.227642 1.000000
vt 0.235772 1.000000
vt 0.243902 1.000000
vt 0.252033 1.000000
vt 0.260163 1.000000
vt 0.268293 1.000000
vt 0.276423 1.000000
vt 0.284553 1.000000
vt 0.292683 1.000000
vt 0.300813 1.000000
vt 0.308943 1.000000
vt 0.317073 1.000000
vt 0.325203 1.000000
vt 0.333333 1.000000
vt 0.341463 1.000000
vt 0.349593 1.000000
vt 0.357724 1.000000
vt 0.365854 1.000000
vt 0.373984 1.000000
vt 0.382114 1.000000
vt 0.390244 1.000000
vt 0.398374 1.000000
vt 0.406504 1.000000
vt 0.414634 1.000000
vt 0.422764 1.000000
vt 0.430894 1.000000
vt 0.439024 1.000000
vt 0.447154 1.000000
vt 0.455285 1.000000
vt 0.463415 1.000000
vt 0.471545 1.000000
vt 0.479675 1.000000
vt 0.487805 1.000000
vt 0.495935 1.000000
vt 0.504065 1.000000
vt 0.512195 1.000000
vt 0.520325 1.000000
vt 0.528455 1.000000
vt 0.536585 1.000000
vt 0.544715 1.000000
vt 0.552846 1.000000
vt 0.560976 1.000000
vt 0.569106 1.000000
vt 0.577236 1.000000
vt 0.585366 1.000000
vt 0.593496 1.000000
vt 0.601626 1.000000
vt 0.609756 1.000000
vt 0.617886 1.000000
vt 0.626016 1.000000
vt 0.634146 1.000000
vt 0.642276 1.000000
vt 0.650406 1.000000
vt 0.658537 1.000000
vt 0.666667 1.000000
vt 0.674797 1.000000
vt 0.682927 1.000000
vt 0.691057 1.000000
vt 0.699187 1.000000
vt 0.707317 1.000000
vt 0.715447 1.000000
vt 0.723577 1.000000
vt 0.731707 1.000000
vt 0.739837 1.000000
vt 0.747967 1.000000
vt 0.756098 1.000000
vt 0.764228 1.000000
vt 0.772358 1.000000
vt 0.780488 1.000000
vt 0.788618 1.000000
vt 0.796748 1.000000
vt 0.804878 1.000000
vt 0.813008 1.000000
vt 0.821138 1.000000
vt 0.829268 1.000000
vt 0.837398 1.000000
vt 0.845528 1.000000
vt 0.853659 1.000000
vt 0.861789 1.000000
vt 0.869919 1.000000
vt 0.878049 1.000000
vt 0.886179 1.000000
vt 0.894309 1.000000
vt 0.902439 1.000000
vt 0.910569 1.000000
vt 0.918699 1.000000
vt 0.926829 1.000000
vt 0.934959 1.000000
vt 0.943089 1.000000
vt 0.951219 1.000000
vt 0.959350 1.000000
vt 0.967480 1.000000
vt 0.975610 1.000000
vt 0.983740 1.000000
vt 0.991870 1.000000
vt 1.000000 1.000000
vt 0.020408 1.000000
vt 0.020408 0.000000
vt 0.040816 1.000000
vt 0.040816 0.000000
vt 0.061224 1.000000
vt 0.061224 0.000000
vt 0.081633 1.000000
vt 0.081633 0.000000
vt 0.102041 1.000000
vt 0.102041 0.000000
vt 0.122449 1.000000
vt 0.122449 0.000000
vt 0.142857 1.000000
vt 0.163265 1.000000
vt 0.163265 0.000000
vt 0.183673 1.000000
vt 0.183673 0.000000
vt 0.204082 1.000000
vt 0.204082 0.000000
vt 0.224490 1.000000
vt 0.224490 0.000000
vt 0.244898 1.000000
vt 0.244898 0.000000
vt 0.265306 1.000000
vt 0.265306 0.000000
vt 0.285714 1.000000
vt 0.306122 1.000000
vt 0.306122 0.000000
vt 0.326531 1.000000
vt 0.326531 0.000000
vt 0.346939 1.000000
vt 0.346939 0.000000
vt 0.367347 1.000000
vt 0.367347 0.000000
vt 0.387755 1.000000
vt 0.387755 0.000000
vt 0.408163 1.000000
vt 0.408163 0.000000
vt 0.428571 1.000000
vt 0.448980 1.000000
vt 0.448980 0.000000
vt 0.469388 1.000000
vt 0.469388 0.000000
vt 0.489796 1.000000
vt 0.489796 0.000000
vt 0.510204 1.000000
vt 0.510204 0.000000
vt 0.530612 1.000000
vt 0.530612 0.000000
vt 0.551020 1.000000
vt 0.551020 0.000000
vt 0.571429 1.000000
vt 0.591837 1.000000
vt 0.591837 0.000000
vt 0.612245 1.000000
vt 0.612245 0.000000
vt 0.632653 1.000000
vt 0.632653 0.000000
vt 0.653061 1.000000
vt 0.653061 0.000000
vt 0.673469 1.000000
vt 0.673469 0.000000
vt 0.693878 1.000000
vt 0.693878 0.000000
vt 0.714286 1.000000
vt 0.734694 1.000000
vt 0.734694 0.000000
vt 0.755102 1.000000
vt 0.755102 0.000000
vt 0.775510 1.000000
vt 0.775510 0.000000
vt 0.795918 1.000000
vt 0.795918 0.000000
vt 0.816327 1.000000
vt 0.816327 0.000000
vt 0.836735 1.000000
vt 0.836735 0.000000
vt 0.857143 1.000000
vt 0.877551 1.000000
vt 0.877551 0.000000
vt 0.897959 1.000000
vt 0.897959 0.000000
vt 0.918367 1.000000
vt 0.918367 0.000000
vt 0.938776 1.000000
vt 0.938776 0.000000
vt 0.959184 1.000000
vt 0.959184 0.000000
vt 0.979592 1.000000
vt 0.979592 0.000000
vt 0.005319 1.000000
vt 0.005319 0.000000
vt 0.010638 1.000000
vt 0.010638 0.000000
vt 0.015957 1.000000
vt 0.015957 0.000000
vt 0.021277 1.000000
vt 0.026596 1.000000
vt 0.026596 0.000000
vt 0.031915 1.000000
vt 0.031915 0.000000
vt 0.037234 1.000000
vt 0.037234 0.000000
vt 0.042553 1.000000
vt 0.047872 1.000000
vt 0.047872 0.000000
vt 0.053191 1.000000
vt 0.053191 0.000000
vt 0.058511 1.000000
vt 0.058511 0.000000
vt 0.063830 1.000000
vt 0.069149 1.000000
vt 0.069149 0.000000
vt 0.074468 1.000000
vt 0.074468 0.000000
vt 0.079787 1.000000
vt 0.079787 0.000000
vt 0.085106 1.000000
vt 0.090426 1.000000
vt 0.090426 0.000000
vt 0.095745 1.000000
vt 0.095745 0.000000
vt 0.101064 1.000000
vt 0.101064 0.000000
vt 0.106383 1.000000
vt 0.111702 1.000000
vt 0.111702 0.000000
vt 0.117021 1.000000
vt 0.117021 0.000000
vt 0.122340 1.000000
vt 0.122340 0.000000
vt 0.127660 1.000000
vt 0.132979 1.000000
vt 0.132979 0.000000
vt 0.138298 1.000000
vt 0.138298 0.000000
vt 0.143617 1.000000
vt 0.143617 0.000000
vt 0.148936 1.000000
vt 0.154255 1.000000
vt 0.154255 0.000000
vt 0.159574 1.000000
vt 0.159574 0.000000
vt 0.164894 1.000000
vt 0.164894 0.000000
vt 0.170213 1.000000
vt 0.175532 1.000000
vt 0.175532 0.000000
vt 0.180851 1.000000
vt 0.180851 0.000000
vt 0.186170 1.000000
vt 0.186170 0.000000
vt 0.191489 1.000000
vt 0.196809 1.000000
vt 0.196809 0.000000
vt 0.202128 1.000000
vt 0.202128 0.000000
vt 0.207447 1.000000
vt 0.207447 0.000000
vt 0.212766 1.000000
vt 0.218085 1.000000
vt 0.218085 0.000000
vt 0.223404 1.000000
vt 0.223404 0.000000
vt 0.228723 1.000000
vt 0.228723 0.000000
vt 0.234043 1.000000
vt 0.239362 1.000000
vt 0.239362 0.000000
vt 0.244681 1.000000
vt 0.244681 0.000000
vt 0.250000 1.000000
vt 0.250000 0.000000
vt 0.255319 1.000000
vt 0.260638 1.000000
vt 0.260638 0.000000
vt 0.265957 1.000000
vt 0.265957 0.000000
vt 0.271277 1.000000
vt 0.271277 0.000000
vt 0.276596 1.000000
vt 0.281915 1.000000
vt 0.281915 0.000000
vt 0.287234 1.000000
vt 0.287234 0.000000
vt 0.292553 1.000000
vt 0.292553 0.000000
vt 0.297872 1.000000
vt 0.303191 1.000000
vt 0.303191 0.000000
vt 0.308511 1.000000
vt 0.308511 0.000000
vt 0.313830 1.000000
vt 0.313830 0.000000
vt 0.319149 1.000000
vt 0.324468 1.000000
vt 0.324468 0.000000
vt 0.329787 1.000000
vt 0.329787 0.000000
vt 0.335106 1.000000
vt 0.335106 0.000000
vt 0.340426 1.000000
vt 0.345745 1.000000
vt 0.345745 0.000000
vt 0.351064 1.000000
vt 0.351064 0.000000
vt 0.356383 1.000000
vt 0.356383 0.000000
vt 0.361702 1.000000
vt 0.367021 1.000000
vt 0.367021 0.000000
vt 0.372340 1.000000
vt 0.372340 0.000000
vt 0.377660 1.000000
vt 0.377660 0.000000
vt 0.382979 1.000000
vt 0.388298 1.000000
vt 0.388298 0.000000
vt 0.393617 1.000000
vt 0.393617 0.000000
vt 0.398936 1.000000
vt 0.398936 0.000000
vt 0.404255 1.000000
vt 0.409574 1.000000
vt 0.409574 0.000000
vt 0.414894 1.000000
vt 0.414894 0.000000
vt 0.420213 1.000000
vt 0.420213 0.000000
vt 0.425532 1.000000
vt 0.430851 1.000000
vt 0.430851 0.000000
vt 0.436170 1.000000
vt 0.436170 0.000000
vt 0.441489 1.000000
vt 0.441489 0.000000
vt 0.446809 1.000000
vt 0.452128 1.000000
vt 0.452128 0.000000
vt 0.457447 1.000000
vt 0.457447 0.000000
vt 0.462766 1.000000
vt 0.462766 0.000000
vt 0.468085 1.000000
vt 0.473404 1.000000
vt 0.473404 0.000000
vt 0.478723 1.000000
vt 0.478723 0.000000
vt 0.484043 1.000000
vt 0.484043 0.000000
vt 0.489362 1.000000
vt 0.494681 1.000000
vt 0.494681 0.000000
vt 0.500000 1.000000
vt 0.505319 1.000000
vt 0.505319 0.000000
vt 0.510638 1.000000
vt 0.515957 1.000000
vt 0.515957 0.000000
vt 0.521277 1.000000
vt 0.521277 0.000000
vt 0.526596 1.000000
vt 0.526596 0.000000
vt 0.531915 1.000000
vt 0.537234 1.000000
vt 0.537234 0.000000
vt 0.542553 1.000000
vt 0.542553 0.000000
vt 0.547872 1.000000
vt 0.547872 0.000000
vt 0.553191 1.000000
vt 0.558511 1.000000
vt 0.558511 0.000000
vt 0.563830 1.000000
vt 0.563830 0.000000
vt 0.569149 1.000000
vt 0.569149 0.000000
vt 0.574468 1.000000
vt 0.579787 1.000000
vt 0.579787 0.000000
vt 0.585106 1.000000
vt 0.585106 0.000000
vt 0.590426 1.000000
vt 0.590426 0.000000
vt 0.595745 1.000000
vt 0.601064 1.000000
vt 0.601064 0.000000
vt 0.606383 1.000000
vt 0.606383 0.000000
vt 0.611702 1.000000
vt 0.611702 0.000000
vt 0.617021 1.000000
vt 0.622340 1.000000
vt 0.622340 0.000000
vt 0.627660 1.000000
vt 0.627660 0.000000
vt 0.632979 1.000000
vt 0.632979 0.000000
vt 0.638298 1.000000
vt 0.643617 1.000000
vt 0.643617 0.000000
vt 0.648936 1.000000
vt 0.648936 0.000000
vt 0.654255 1.000000
vt 0.654255 0.000000
vt 0.659574 1.000000
vt 0.664894 1.000000
vt 0.664894 0.000000
vt 0.670213 1.000000
vt 0.670213 0.000000
vt 0.675532 1.000000
vt 0.675532 0.000000
vt 0.680851 1.000000
vt 0.686170 1.000000
vt 0.686170 0.000000
vt 0.691489 1.000000
vt 0.691489 0.000000
vt 0.696809 1.000000
vt 0.696809 0.000000
vt 0.702128 1.000000
vt 0.707447 1.000000
vt 0.707447 0.000000
vt 0.712766 1.000000
vt 0.712766 0.000000
vt 0.718085 1.000000
vt 0.718085 0.000000
vt 0.723404 1.000000
vt 0.728723 1.000000
vt 0.728723 0.000000
vt 0.734043 1.000000
vt 0.734043 0.000000
vt 0.739362 1.000000
vt 0.739362 0.000000
vt 0.744681 1.000000
vt 0.750000 1.000000
vt 0.750000 0.000000
vt 0.755319 1.000000
vt 0.755319 0.000000
vt 0.760638 1.000000
vt 0.760638 0.000000
vt 0.765957 1.000000
vt 0.771277 1.000000
vt 0.771277 0.000000
vt 0.776596 1.000000
vt 0.776596 0.000000
vt 0.781915 1.000000
vt 0.781915 0.000000
vt 0.787234 1.000000
vt 0.792553 1.000000
vt 0.792553 0.000000
vt 0.797872 1.000000
vt 0.797872 0.000000
vt 0.803191 1.000000
vt 0.803191 0.000000
vt 0.808511 1.000000
vt 0.813830 1.000000
vt 0.813830 0.000000
vt 0.819149 1.000000
vt 0.819149 0.000000
vt 0.824468 1.000000
vt 0.824468 0.000000
vt 0.829787 1.000000
vt 0.835106 1.000000
vt 0.835106 0.000000
vt 0.840426 1.000000
vt 0.840426 0.000000
vt 0.845745 1.000000
vt 0.845745 0.000000
vt 0.851064 1.000000
vt 0.856383 1.000000
vt 0.856383 0.000000
vt 0.861702 1.000000
vt 0.861702 0.000000
vt 0.867021 1.000000
vt 0.867021 0.000000
vt 0.872340 1.000000
vt 0.877660 1.000000
vt 0.877660 0.000000
vt 0.882979 1.000000
vt 0.882979 0.000000
vt 0.888298 1.000000
vt 0.888298 0.000000
vt 0.893617 1.000000
vt 0.898936 1.000000
vt 0.898936 0.000000
vt 0.904255 1.000000
vt 0.904255 0.000000
vt 0.909574 1.000000
vt 0.909574 0.000000
vt 0.914894 1.000000
vt 0.920213 1.000000
vt 0.920213 0.000000
vt 0.925532 1.000000
vt 0.925532 0.000000
vt 0.930851 1.000000
vt 0.930851 0.000000
vt 0.936170 1.000000
vt 0.941489 1.000000
vt 0.941489 0.000000
vt 0.946809 1.000000
vt 0.946809 0.000000
vt 0.952128 1.000000
vt 0.952128 0.000000
vt 0.957447 1.000000
vt 0.962766 1.000000
vt 0.962766 0.000000
vt 0.968085 1.000000
vt 0.968085 0.000000
vt 0.973404 1.000000
vt 0.973404 0.000000
vt 0.978723 1.000000
vt 0.984043 1.000000
vt 0.984043 0.000000
vt 0.989362 1.000000
vt 0.989362 0.000000
vt 0.994681 1.000000
vt 0.994681 0.000000
vt 0.006173 1.000000
vt 0.006173 0.000000
vt 0.012346 1.000000
vt 0.012346 0.000000
vt 0.018519 1.000000
vt 0.018519 0.000000
vt 0.024691 1.000000
vt 0.024691 0.000000
vt 0.030864 1.000000
vt 0.030864 0.000000
vt 0.037037 1.000000
vt 0.037037 0.000000
vt 0.043210 1.000000
vt 0.043210 0.000000
vt 0.049383 1.000000
vt 0.049383 0.000000
vt 0.055556 1.000000
vt 0.055556 0.000000
vt 0.061728 1.000000
vt 0.061728 0.000000
vt 0.067901 1.000000
vt 0.067901 0.000000
vt 0.074074 1.000000
vt 0.074074 0.000000
vt 0.080247 1.000000
vt 0.080247 0.000000
vt 0.086420 1.000000
vt 0.086420 0.000000
vt 0.092593 1.000000
vt 0.092593 0.000000
vt 0.098765 1.000000
vt 0.098765 0.000000
vt 0.104938 1.000000
vt 0.104938 0.000000
vt 0.111111 1.000000
vt 0.117284 1.000000
vt 0.117284 0.000000
vt 0.123457 1.000000
vt 0.123457 0.000000
vt 0.129630 1.000000
vt 0.129630 0.000000
vt 0.135802 1.000000
vt 0.135802 0.000000
vt 0.141975 1.000000
vt 0.141975 0.000000
vt 0.148148 1.000000
vt 0.148148 0.000000
vt 0.154321 1.000000
vt 0.154321 0.000000
vt 0.160494 1.000000
vt 0.160494 0.000000
vt 0.166667 1.000000
vt 0.172840 1.000000
vt 0.172840 0.000000
vt 0.179012 1.000000
vt 0.179012 0.000000
vt 0.185185 1.000000
vt 0.185185 0.000000
vt 0.191358 1.000000
vt 0.191358 0.000000
vt 0.197531 1.000000
vt 0.197531 0.000000
vt 0.203704 1.000000
vt 0.203704 0.000000
vt 0.209877 1.000000
vt 0.209877 0.000000
vt 0.216049 1.000000
vt 0.216049 0.000000
vt 0.222222 1.000000
vt 0.228395 1.000000
vt 0.228395 0.000000
vt 0.234568 1.000000
vt 0.234568 0.000000
vt 0.240741 1.000000
vt 0.240741 0.000000
vt 0.246914 1.000000
vt 0.246914 0.000000
vt 0.253086 1.000000
vt 0.253086 0.000000
vt 0.259259 1.000000
vt 0.259259 0.000000
vt 0.265432 1.000000
vt 0.265432 0.000000
vt 0.271605 1.000000
vt 0.271605 0.000000
vt 0.277778 1.000000
vt 0.277778 0.000000
vt 0.283951 1.000000
vt 0.283951 0.000000
vt 0.290123 1.000000
vt 0.290123 0.000000
vt 0.296296 1.000000
vt 0.296296 0.000000
vt 0.302469 1.000000
vt 0.302469 0.000000
vt 0.308642 1.000000
vt 0.308642 0.000000
vt 0.314815 1.000000
vt 0.314815 0.000000
vt 0.320988 1.000000
vt 0.320988 0.000000
vt 0.327161 1.000000
vt 0.327161 0.000000
vt 0.339506 1.000000
vt 0.339506 0.000000
vt 0.345679 1.000000
vt 0.345679 0.000000
vt 0.351852 1.000000
vt 0.351852 0.000000
vt 0.358025 1.000000
vt 0.358025 0.000000
vt 0.364198 1.000000
vt 0.364198 0.000000
vt 0.370370 1.000000
vt 0.370370 0.000000
vt 0.376543 1.000000
vt 0.376543 0.000000
vt 0.382716 1.000000
vt 0.382716 0.000000
vt 0.388889 1.000000
vt 0.388889 0.000000
vt 0.395062 1.000000
vt 0.395062 0.000000
vt 0.401235 1.000000
vt 0.401235 0.000000
vt 0.407407 1.000000
vt 0.407407 0.000000
vt 0.413580 1.000000
vt 0.413580 0.000000
vt 0.419753 1.000000
vt 0.419753 0.000000
vt 0.425926 1.000000
vt 0.425926 0.000000
vt 0.432099 1.000000
vt 0.432099 0.000000
vt 0.438272 1.000000
vt 0.438272 0.000000
vt 0.444444 1.000000
vt 0.450617 1.000000
vt 0.450617 0.000000
vt 0.456790 1.000000
vt 0.456790 0.000000
vt 0.462963 1.000000
vt 0.462963 0.000000
vt 0.469136 1.000000
vt 0.469136 0.000000
vt 0.475309 1.000000
vt 0.475309 0.000000
vt 0.481481 1.000000
vt 0.481481 0.000000
vt 0.487654 1.000000
vt 0.487654 0.000000
vt 0.493827 1.000000
vt 0.493827 0.000000
vt 0.506173 1.000000
vt 0.506173 0.000000
vt 0.512346 1.000000
vt 0.512346 0.000000
vt 0.518519 1.000000
vt 0.518519 0.000000
vt 0.524691 1.000000
vt 0.524691 0.000000
vt 0.530864 1.000000
vt 0.530864 0.000000
vt 0.537037 1.000000
vt 0.537037 0.000000
vt 0.543210 1.000000
vt 0.543210 0.000000
vt 0.549383 1.000000
vt 0.549383 0.000000
vt 0.555556 1.000000
vt 0.561728 1.000000
vt 0.561728 0.000000
vt 0.567901 1.000000
vt 0.567901 0.000000
vt 0.574074 1.000000
vt 0.574074 0.000000
vt 0.580247 1.000000
vt 0.580247 0.000000
vt 0.586420 1.000000
vt 0.586420 0.000000
vt 0.592593 1.000000
vt 0.592593 0.000000
vt 0.598765 1.000000
vt 0.598765 0.000000
vt 0.604938 1.000000
vt 0.604938 0.000000
vt 0.611111 1.000000
vt 0.611111 0.000000
vt 0.617284 1.000000
vt 0.617284 0.000000
vt 0.623457 1.000000
vt 0.623457 0.000000
vt 0.629630 1.000000
vt 0.629630 0.000000
vt 0.635802 1.000000
vt 0.635802 0.000000
vt 0.641975 1.000000
vt 0.641975 0.000000
vt 0.648148 1.000000
vt 0.648148 0.000000
vt 0.654321 1.000000
vt 0.654321 0.000000
vt 0.660494 1.000000
vt 0.660494 0.000000
vt 0.672840 1.000000
vt 0.672840 0.000000
vt 0.679012 1.000000
vt 0.679012 0.000000
vt 0.685185 1.000000
vt 0.685185 0.000000
vt 0.691358 1.000000
vt 0.691358 0.000000
vt 0.697531 1.000000
vt 0.697531 0.000000
vt 0.703704 1.000000
vt 0.703704 0.000000
vt 0.709877 1.000000
vt 0.709877 0.000000
vt 0.716049 1.000000
vt 0.716049 0.000000
vt 0.722222 1.000000
vt 0.722222 0.000000
vt 0.728395 1.000000
vt 0.728395 0.000000
vt 0.734568 1.000000
vt 0.734568 0.000000
vt 0.740741 1.000000
vt 0.740741 0.000000
vt 0.746914 1.000000
vt 0.746914 0.000000
vt 0.753086 1.000000
vt 0.753086 0.000000
vt 0.759259 1.000000
vt 0.759259 0.000000
vt 0.765432 1.000000
vt 0.765432 0.000000
vt 0.771605 1.000000
vt 0.771605 0.000000
vt 0.777778 1.000000
vt 0.783951 1.000000
vt 0.783951 0.000000
vt 0.790123 1.000000
vt 0.790123 0.000000
vt 0.796296 1.000000
vt 0.796296 0.000000
vt 0.802469 1.000000
vt 0.802469 0.000000
vt 0.808642 1.000000
vt 0.808642 0.000000
vt 0.814815 1.000000
vt 0.814815 0.000000
vt 0.820988 1.000000
vt 0.820988 0.000000
vt 0.827160 1.000000
vt 0.827160 0.000000
vt 0.833333 1.000000
vt 0.839506 1.000000
vt 0.839506 0.000000
vt 0.845679 1.000000
vt 0.845679 0.000000
vt 0.851852 1.000000
vt 0.851852 0.000000
vt 0.858025 1.000000
vt 0.858025 0.000000
vt 0.864198 1.000000
vt 0.864198 0.000000
vt 0.870370 1.000000
vt 0.870370 0.000000
vt 0.876543 1.000000
vt 0.876543 0.000000
vt 0.882716 1.000000
vt 0.882716 0.000000
vt 0.888889 1.000000
vt 0.895062 1.000000
vt 0.895062 0.000000
vt 0.901235 1.000000
vt 0.901235 0.000000
vt 0.907407 1.000000
vt 0.907407 0.000000
vt 0.913580 1.000000
vt 0.913580 0.000000
vt 0.919753 1.000000
vt 0.919753 0.000000
vt 0.925926 1.000000
vt 0.925926 0.000000
vt 0.932099 1.000000
vt 0.932099 0.000000
vt 0.938272 1.000000
vt 0.938272 0.000000
vt 0.944444 1.000000
vt 0.944444 0.000000
vt 0.950617 1.000000
vt 0.950617 0.000000
vt 0.956790 1.000000
vt 0.956790 0.000000
vt 0.962963 1.000000
vt 0.962963 0.000000
vt 0.969136 1.000000
vt 0.969136 0.000000
vt 0.975309 1.000000
vt 0.975309 0.000000
vt 0.981481 1.000000
vt 0.981481 0.000000
vt 0.987654 1.000000
vt 0.987654 0.000000
vt 0.993827 1.000000
vt 0.993827 0.000000
vt 0.010204 1.000000
vt 0.010204 0.000000
vt 0.030612 1.000000
vt 0.030612 0.000000
vt 0.051020 1.000000
vt 0.051020 0.000000
vt 0.071429 1.000000
vt 0.091837 1.000000
vt 0.091837 0.000000
vt 0.112245 1.000000
vt 0.112245 0.000000
vt 0.132653 1.000000
vt 0.132653 0.000000
vt 0.153061 1.000000
vt 0.153061 0.000000
vt 0.173469 1.000000
vt 0.173469 0.000000
vt 0.193878 1.000000
vt 0.193878 0.000000
vt 0.214286 1.000000
vt 0.234694 1.000000
vt 0.234694 0.000000
vt 0.255102 1.000000
vt 0.255102 0.000000
vt 0.275510 1.000000
vt 0.275510 0.000000
vt 0.295918 1.000000
vt 0.295918 0.000000
vt 0.316327 1.000000
vt 0.316327 0.000000
vt 0.336735 1.000000
vt 0.336735 0.000000
vt 0.357143 1.000000
vt 0.377551 1.000000
vt 0.377551 0.000000
vt 0.397959 1.000000
vt 0.397959 0.000000
vt 0.418367 1.000000
vt 0.418367 0.000000
vt 0.438776 1.000000
vt 0.438776 0.000000
vt 0.459184 1.000000
vt 0.459184 0.000000
vt 0.479592 1.000000
vt 0.479592 0.000000
vt 0.520408 1.000000
vt 0.520408 0.000000
vt 0.540816 1.000000
vt 0.540816 0.000000
vt 0.561224 1.000000
vt 0.561224 0.000000
vt 0.581633 1.000000
vt 0.581633 0.000000
vt 0.602041 1.000000
vt 0.602041 0.000000
vt 0.622449 1.000000
vt 0.622449 0.000000
vt 0.642857 1.000000
vt 0.663265 1.000000
vt 0.663265 0.000000
vt 0.683673 1.000000
vt 0.683673 0.000000
vt 0.704082 1.000000
vt 0.704082 0.000000
vt 0.724490 1.000000
vt 0.724490 0.000000
vt 0.744898 1.000000
vt 0.744898 0.000000
vt 0.765306 1.000000
vt 0.765306 0.000000
vt 0.785714 1.000000
vt 0.806122 1.000000
vt 0.806122 0.000000
vt 0.826531 1.000000
vt 0.826531 0.000000
vt 0.846939 1.000000
vt 0.846939 0.000000
vt 0.867347 1.000000
vt 0.867347 0.000000
vt 0.887755 1.000000
vt 0.887755 0.000000
vt 0.908163 1.000000
vt 0.908163 0.000000
vt 0.928571 1.000000
vt 0.948980 1.000000
vt 0.948980 0.000000
vt 0.969388 1.000000
vt 0.969388 0.000000
vt 0.989796 1.000000
vt 0.989796 0.000000
vt 0.038462 1.000000
vt 0.038462 0.000000
vt 0.076923 1.000000
vt 0.076923 0.000000
vt 0.115385 1.000000
vt 0.115385 0.000000
vt 0.153846 1.000000
vt 0.153846 0.000000
vt 0.192308 1.000000
vt 0.192308 0.000000
vt 0.230769 1.000000
vt 0.230769 0.000000
vt 0.269231 1.000000
vt 0.269231 0.000000
vt 0.307692 1.000000
vt 0.307692 0.000000
vt 0.346154 1.000000
vt 0.346154 0.000000
vt 0.384615 1.000000
vt 0.384615 0.000000
vt 0.423077 1.000000
vt 0.423077 0.000000
vt 0.461538 1.000000
vt 0.461538 0.000000
vt 0.538462 1.000000
vt 0.538462 0.000000
vt 0.576923 1.000000
vt 0.576923 0.000000
vt 0.615385 1.000000
vt 0.615385 0.000000
vt 0.653846 1.000000
vt 0.653846 0.000000
vt 0.692308 1.000000
vt 0.692308 0.000000
vt 0.730769 1.000000
vt 0.730769 0.000000
vt 0.769231 1.000000
vt 0.769231 0.000000
vt 0.807692 1.000000
vt 0.807692 0.000000
vt 0.846154 1.000000
vt 0.846154 0.000000
vt 0.884615 1.000000
vt 0.884615 0.000000
vt 0.923077 1.000000
vt 0.923077 0.000000
vt 0.961538 1.000000
vt 0.961538 0.000000
vt 0.009009 1.000000
vt 0.009009 0.000000
vt 0.018018 1.000000
vt 0.018018 0.000000
vt 0.027027 1.000000
vt 0.027027 0.000000
vt 0.036036 1.000000
vt 0.036036 0.000000
vt 0.045045 1.000000
vt 0.045045 0.000000
vt 0.054054 1.000000
vt 0.054054 0.000000
vt 0.063063 1.000000
vt 0.063063 0.000000
vt 0.072072 1.000000
vt 0.072072 0.000000
vt 0.081081 1.000000
vt 0.081081 0.000000
vt 0.090090 1.000000
vt 0.090090 0.000000
vt 0.099099 1.000000
vt 0.099099 0.000000
vt 0.108108 1.000000
vt 0.108108 0.000000
vt 0.117117 1.000000
vt 0.117117 0.000000
vt 0.126126 1.000000
vt 0.126126 0.000000
vt 0.135135 1.000000
vt 0.135135 0.000000
vt 0.144144 1.000000
vt 0.144144 0.000000
vt 0.153153 1.000000
vt 0.153153 0.000000
vt 0.162162 1.000000
vt 0.162162 0.000000
vt 0.171171 1.000000
vt 0.171171 0.000000
vt 0.180180 1.000000
vt 0.180180 0.000000
vt 0.189189 1.000000
vt 0.189189 0.000000
vt 0.198198 1.000000
vt 0.198198 0.000000
vt 0.207207 1.000000
vt 0.207207 0.000000
vt 0.216216 1.000000
vt 0.216216 0.000000
vt 0.225225 1.000000
vt 0.225225 0.000000
vt 0.234234 1.000000
vt 0.234234 0.000000
vt 0.243243 1.000000
vt 0.243243 0.000000
vt 0.252252 1.000000
vt 0.252252 0.000000
vt 0.261261 1.000000
vt 0.261261 0.000000
vt 0.270270 1.000000
vt 0.270270 0.000000
vt 0.279279 1.000000
vt 0.279279 0.000000
vt 0.288288 1.000000
vt 0.288288 0.000000
vt 0.297297 1.000000
vt 0.297297 0.000000
vt 0.306306 1.000000
vt 0.306306 0.000000
vt 0.315315 1.000000
vt 0.315315 0.000000
vt 0.324324 1.000000
vt 0.324324 0.000000
vt 0.342342 1.000000
vt 0.342342 0.000000
vt 0.351351 1.000000
vt 0.351351 0.000000
vt 0.360360 1.000000
vt 0.360360 0.000000
vt 0.369369 1.000000
vt 0.369369 0.000000
vt 0.378378 1.000000
vt 0.378378 0.000000
vt 0.387387 1.000000
vt 0.387387 0.000000
vt 0.396396 1.000000
vt 0.396396 0.000000
vt 0.405405 1.000000
vt 0.405405 0.000000
vt 0.414414 1.000000
vt 0.414414 0.000000
vt 0.423423 1.000000
vt 0.423423 0.000000
vt 0.432432 1.000000
vt 0.432432 0.000000
vt 0.441441 1.000000
vt 0.441441 0.000000
vt 0.450450 1.000000
vt 0.450450 0.000000
vt 0.459459 1.000000
vt 0.459459 0.000000
vt 0.468468 1.000000
vt 0.468468 0.000000
vt 0.477477 1.000000
vt 0.477477 0.000000
vt 0.486486 1.000000
vt 0.486486 0.000000
vt 0.495495 1.000000
vt 0.495495 0.000000
vt 0.504505 1.000000
vt 0.504505 0.000000
vt 0.513514 1.000000
vt 0.513514 0.000000
vt 0.522523 1.000000
vt 0.522523 0.000000
vt 0.531532 1.000000
vt 0.531532 0.000000
vt 0.540541 1.000000
vt 0.540541 0.000000
vt 0.549550 1.000000
vt 0.549550 0.000000
vt 0.558559 1.000000
vt 0.558559 0.000000
vt 0.567568 1.000000
vt 0.567568 0.000000
vt 0.576577 1.000000
vt 0.576577 0.000000
vt 0.585586 1.000000
vt 0.585586 0.000000
vt 0.594595 1.000000
vt 0.594595 0.000000
vt 0.603604 1.000000
vt 0.603604 0.000000
vt 0.612613 1.000000
vt 0.612613 0.000000
vt 0.621622 1.000000
vt 0.621622 0.000000
vt 0.630631 1.000000
vt 0.630631 0.000000
vt 0.639640 1.000000
vt 0.639640 0.000000
vt 0.648649 1.000000
vt 0.648649 0.000000
vt 0.657658 1.000000
vt 0.657658 0.000000
vt 0.675676 1.000000
vt 0.675676 0.000000
vt 0.684685 1.000000
vt 0.684685 0.000000
vt 0.693694 1.000000
vt 0.693694 0.000000
vt 0.702703 1.000000
vt 0.702703 0.000000
vt 0.711712 1.000000
vt 0.711712 0.000000
vt 0.720721 1.000000
vt 0.720721 0.000000
vt 0.729730 1.000000
vt 0.729730 0.000000
vt 0.738739 1.000000
vt 0.738739 0.000000
vt 0.747748 1.000000
vt 0.747748 0.000000
vt 0.756757 1.000000
vt 0.756757 0.000000
vt 0.765766 1.000000
vt 0.765766 0.000000
vt 0.774775 1.000000
vt 0.774775 0.000000
vt 0.783784 1.000000
vt 0.783784 0.000000
vt 0.792793 1.000000
vt 0.792793 0.000000
vt 0.801802 1.000000
vt 0.801802 0.000000
vt 0.810811 1.000000
vt 0.810811 0.000000
vt 0.819820 1.000000
vt 0.819820 0.000000
vt 0.828829 1.000000
vt 0.828829 0.000000
vt 0.837838 1.000000
vt 0.837838 0.000000
vt 0.846847 1.000000
vt 0.846847 0.000000
vt 0.855856 1.000000
vt 0.855856 0.000000
vt 0.864865 1.000000
vt 0.864865 0.000000
vt 0.873874 1.000000
vt 0.873874 0.000000
vt 0.882883 1.000000
vt 0.882883 0.000000
vt 0.891892 1.000000
vt 0.891892 0.000000
vt 0.900901 1.000000
vt 0.900901 0.000000
vt 0.909910 1.000000
vt 0.909910 0.000000
vt 0.918919 1.000000
vt 0.918919 0.000000
vt 0.927928 1.000000
vt 0.927928 0.000000
vt 0.936937 1.000000
vt 0.936937 0.000000
vt 0.945946 1.000000
vt 0.945946 0.000000
vt 0.954955 1.000000
vt 0.954955 0.000000
vt 0.963964 1.000000
vt 0.963964 0.000000
vt 0.972973 1.000000
vt 0.972973 0.000000
vt 0.981982 1.000000
vt 0.981982 0.000000
vt 0.990991 1.000000
vt 0.990991 0.000000
vt 0.006623 1.000000
vt 0.006623 0.000000
vt 0.013245 1.000000
vt 0.013245 0.000000
vt 0.019868 1.000000
vt 0.019868 0.000000
vt 0.026490 1.000000
vt 0.026490 0.000000
vt 0.033113 1.000000
vt 0.033113 0.000000
vt 0.039735 1.000000
vt 0.039735 0.000000
vt 0.046358 1.000000
vt 0.046358 0.000000
vt 0.052980 1.000000
vt 0.052980 0.000000
vt 0.059603 1.000000
vt 0.059603 0.000000
vt 0.066225 1.000000
vt 0.066225 0.000000
vt 0.072848 1.000000
vt 0.072848 0.000000
vt 0.079470 1.000000
vt 0.079470 0.000000
vt 0.086093 1.000000
vt 0.086093 0.000000
vt 0.092715 1.000000
vt 0.092715 0.000000
vt 0.099338 1.000000
vt 0.099338 0.000000
vt 0.105960 1.000000
vt 0.105960 0.000000
vt 0.112583 1.000000
vt 0.112583 0.000000
vt 0.119205 1.000000
vt 0.119205 0.000000
vt 0.125828 1.000000
vt 0.125828 0.000000
vt 0.132450 1.000000
vt 0.132450 0.000000
vt 0.139073 1.000000
vt 0.139073 0.000000
vt 0.145695 1.000000
vt 0.145695 0.000000
vt 0.152318 1.000000
vt 0.152318 0.000000
vt 0.158940 1.000000
vt 0.158940 0.000000
vt 0.165563 1.000000
vt 0.165563 0.000000
vt 0.172185 1.000000
vt 0.172185 0.000000
vt 0.178808 1.000000
vt 0.178808 0.000000
vt 0.185430 1.000000
vt 0.185430 0.000000
vt 0.192053 1.000000
vt 0.192053 0.000000
vt 0.198675 1.000000
vt 0.198675 0.000000
vt 0.205298 1.000000
vt 0.205298 0.000000
vt 0.211921 1.000000
vt 0.211921 0.000000
vt 0.218543 1.000000
vt 0.218543 0.000000
vt 0.225166 1.000000
vt 0.225166 0.000000
vt 0.231788 1.000000
vt 0.231788 0.000000
vt 0.238411 1.000000
vt 0.238411 0.000000
vt 0.245033 1.000000
vt 0.245033 0.000000
vt 0.251656 1.000000
vt 0.251656 0.000000
vt 0.258278 1.000000
vt 0.258278 0.000000
vt 0.264901 1.000000
vt 0.264901 0.000000
vt 0.271523 1.000000
vt 0.271523 0.000000
vt 0.278146 1.000000
vt 0.278146 0.000000
vt 0.284768 1.000000
vt 0.284768 0.000000
vt 0.291391 1.000000
vt 0.291391 0.000000
vt 0.298013 1.000000
vt 0.298013 0.000000
vt 0.304636 1.000000
vt 0.304636 0.000000
vt 0.311258 1.000000
vt 0.311258 0.000000
vt 0.317881 1.000000
vt 0.317881 0.000000
vt 0.324503 1.000000
vt 0.324503 0.000000
vt 0.331126 1.000000
vt 0.331126 0.000000
vt 0.337748 1.000000
vt 0.337748 0.000000
vt 0.344371 1.000000
vt 0.344371 0.000000
vt 0.350993 1.000000
vt 0.350993 0.000000
vt 0.357616 1.000000
vt 0.357616 0.000000
vt 0.364238 1.000000
vt 0.364238 0.000000
vt 0.370861 1.000000
vt 0.370861 0.000000
vt 0.377483 1.000000
vt 0.377483 0.000000
vt 0.384106 1.000000
vt 0.384106 0.000000
vt 0.390728 1.000000
vt 0.390728 0.000000
vt 0.397351 1.000000
vt 0.397351 0.000000
vt 0.403974 1.000000
vt 0.403974 0.000000
vt 0.410596 1.000000
vt 0.410596 0.000000
vt 0.417219 1.000000
vt 0.417219 0.000000
vt 0.423841 1.000000
vt 0.423841 0.000000
vt 0.430464 1.000000
vt 0.430464 0.000000
vt 0.437086 1.000000
vt 0.437086 0.000000
vt 0.443709 1.000000
vt 0.443709 0.000000
vt 0.450331 1.000000
vt 0.450331 0.000000
vt 0.456954 1.000000
vt 0.456954 0.000000
vt 0.463576 1.000000
vt 0.463576 0.000000
vt 0.470199 1.000000
vt 0.470199 0.000000
vt 0.476821 1.000000
vt 0.476821 0.000000
vt 0.483444 1.000000
vt 0.483444 0.000000
vt 0.490066 1.000000
vt 0.490066 0.000000
vt 0.496689 1.000000
vt 0.496689 0.000000
vt 0.503311 1.000000
vt 0.503311 0.000000
vt 0.509934 1.000000
vt 0.509934 0.000000
vt 0.516556 1.000000
vt 0.516556 0.000000
vt 0.523179 1.000000
vt 0.523179 0.000000
vt 0.529801 1.000000
vt 0.529801 0.000000
vt 0.536424 1.000000
vt 0.536424 0.000000
vt 0.543046 1.000000
vt 0.543046 0.000000
vt 0.549669 1.000000
vt 0.549669 0.000000
vt 0.556291 1.000000
vt 0.556291 0.000000
vt 0.562914 1.000000
vt 0.562914 0.000000
vt 0.569536 1.000000
vt 0.569536 0.000000
vt 0.576159 1.000000
vt 0.576159 0.000000
vt 0.582781 1.000000
vt 0.582781 0.000000
vt 0.589404 1.000000
vt 0.589404 0.000000
vt 0.596026 1.000000
vt 0.596026 0.000000
vt 0.602649 1.000000
vt 0.602649 0.000000
vt 0.609272 1.000000
vt 0.609272 0.000000
vt 0.615894 1.000000
vt 0.615894 0.000000
vt 0.622517 1.000000
vt 0.622517 0.000000
vt 0.629139 1.000000
vt 0.629139 0.000000
vt 0.635762 1.000000
vt 0.635762 0.000000
vt 0.642384 1.000000
vt 0.642384 0.000000
vt 0.649007 1.000000
vt 0.649007 0.000000
vt 0.655629 1.000000
vt 0.655629 0.000000
vt 0.662252 1.000000
vt 0.662252 0.000000
vt 0.668874 1.000000
vt 0.668874 0.000000
vt 0.675497 1.000000
vt 0.675497 0.000000
vt 0.682119 1.000000
vt 0.682119 0.000000
vt 0.688742 1.000000
vt 0.688742 0.000000
vt 0.695364 1.000000
vt 0.695364 0.000000
vt 0.701987 1.000000
vt 0.701987 0.000000
vt 0.708609 1.000000
vt 0.708609 0.000000
vt 0.715232 1.000000
vt 0.715232 0.000000
vt 0.721854 1.000000
vt 0.721854 0.000000
vt 0.728477 1.000000
vt 0.728477 0.000000
vt 0.735099 1.000000
vt 0.735099 0.000000
vt 0.741722 1.000000
vt 0.741722 0.000000
vt 0.748344 1.000000
vt 0.748344 0.000000
vt 0.754967 1.000000
vt 0.754967 0.000000
vt 0.761589 1.000000
vt 0.761589 0.000000
vt 0.768212 1.000000
vt 0.768212 0.000000
vt 0.774834 1.000000
vt 0.774834 0.000000
vt 0.781457 1.000000
vt 0.781457 0.000000
vt 0.788079 1.000000
vt 0.788079 0.000000
vt 0.794702 1.000000
vt 0.794702 0.000000
vt 0.801324 1.000000
vt 0.801324 0.000000
vt 0.807947 1.000000
vt 0.807947 0.000000
vt 0.814570 1.000000
vt 0.814570 0.000000
vt 0.821192 1.000000
vt 0.821192 0.000000
vt 0.827815 1.000000
vt 0.827815 0.000000
vt 0.834437 1.000000
vt 0.834437 0.000000
vt 0.841060 1.000000
vt 0.841060 0.000000
vt 0.847682 1.000000
vt 0.847682 0.000000
vt 0.854305 1.000000
vt 0.854305 0.000000
vt 0.860927 1.000000
vt 0.860927 0.000000
vt 0.867550 1.000000
vt 0.867550 0.000000
vt 0.874172 1.000000
vt 0.874172 0.000000
vt 0.880795 1.000000
vt 0.880795 0.000000
vt 0.887417 1.000000
vt 0.887417 0.000000
vt 0.894040 1.000000
vt 0.894040 0.000000
vt 0.900662 1.000000
vt 0.900662 0.000000
vt 0.907285 1.000000
vt 0.907285 0.000000
vt 0.913907 1.000000
vt 0.913907 0.000000
vt 0.920530 1.000000
vt 0.920530 0.000000
vt 0.927152 1.000000
vt 0.927152 0.000000
vt 0.933775 1.000000
vt 0.933775 0.000000
vt 0.940397 1.000000
vt 0.940397 0.000000
vt 0.947020 1.000000
vt 0.947020 0.000000
vt 0.953642 1.000000
vt 0.953642 0.000000
vt 0.960265 1.000000
vt 0.960265 0.000000
vt 0.966887 1.000000
vt 0.966887 0.000000
vt 0.973510 1.000000
vt 0.973510 0.000000
vt 0.980132 1.000000
vt 0.980132 0.000000
vt 0.986755 1.000000
vt 0.986755 0.000000
vt 0.993378 1.000000
vt 0.993378 0.000000
vt 0.004762 1.000000
vt 0.009524 1.000000
vt 0.014286 1.000000
vt 0.019048 1.000000
vt 0.023810 1.000000
vt 0.028571 1.000000
vt 0.033333 1.000000
vt 0.038095 1.000000
vt 0.042857 1.000000
vt 0.047619 1.000000
vt 0.052381 1.000000
vt 0.057143 1.000000
vt 0.061905 1.000000
vt 0.066667 1.000000
vt 0.076190 1.000000
vt 0.080952 1.000000
vt 0.085714 1.000000
vt 0.090476 1.000000
vt 0.095238 1.000000
vt 0.100000 1.000000
vt 0.104762 1.000000
vt 0.109524 1.000000
vt 0.114286 1.000000
vt 0.119048 1.000000
vt 0.123810 1.000000
vt 0.128571 1.000000
vt 0.133333 1.000000
vt 0.138095 1.000000
vt 0.147619 1.000000
vt 0.152381 1.000000
vt 0.157143 1.000000
vt 0.161905 1.000000
vt 0.171429 1.000000
vt 0.176190 1.000000
vt 0.180952 1.000000
vt 0.185714 1.000000
vt 0.190476 1.000000
vt 0.195238 1.000000
vt 0.200000 1.000000
vt 0.204762 1.000000
vt 0.209524 1.000000
vt 0.219048 1.000000
vt 0.223810 1.000000
vt 0.228571 1.000000
vt 0.233333 1.000000
vt 0.238095 1.000000
vt 0.242857 1.000000
vt 0.247619 1.000000
vt 0.252381 1.000000
vt 0.257143 1.000000
vt 0.261905 1.000000
vt 0.266667 1.000000
vt 0.271429 1.000000
vt 0.276190 1.000000
vt 0.280952 1.000000
vt 0.290476 1.000000
vt 0.295238 1.000000
vt 0.300000 1.000000
vt 0.304762 1.000000
vt 0.309524 1.000000
vt 0.314286 1.000000
vt 0.319048 1.000000
vt 0.323810 1.000000
vt 0.328571 1.000000
vt 0.338095 1.000000
vt 0.342857 1.000000
vt 0.347619 1.000000
vt 0.352381 1.000000
vt 0.361905 1.000000
vt 0.366667 1.000000
vt 0.371429 1.000000
vt 0.376190 1.000000
vt 0.380952 1.000000
vt 0.385714 1.000000
vt 0.390476 1.000000
vt 0.395238 1.000000
vt 0.400000 1.000000
vt 0.404762 1.000000
vt 0.409524 1.000000
vt 0.414286 1.000000
vt 0.419048 1.000000
vt 0.423810 1.000000
vt 0.433333 1.000000
vt 0.438095 1.000000
vt 0.442857 1.000000
vt 0.447619 1.000000
vt 0.452381 1.000000
vt 0.457143 1.000000
vt 0.461905 1.000000
vt 0.466667 1.000000
vt 0.471429 1.000000
vt 0.476190 1.000000
vt 0.480952 1.000000
vt 0.485714 1.000000
vt 0.490476 1.000000
vt 0.495238 1.000000
vt 0.504762 1.000000
vt 0.509524 1.000000
vt 0.514286 1.000000
vt 0.519048 1.000000
vt 0.523810 1.000000
vt 0.528571 1.000000
vt 0.533333 1.000000
vt 0.538095 1.000000
vt 0.542857 1.000000
vt 0.547619 1.000000
vt 0.552381 1.000000
vt 0.557143 1.000000
vt 0.561905 1.000000
vt 0.566667 1.000000
vt 0.576190 1.000000
vt 0.580952 1.000000
vt 0.585714 1.000000
vt 0.590476 1.000000
vt 0.595238 1.000000
vt 0.600000 1.000000
vt 0.604762 1.000000
vt 0.609524 1.000000
vt 0.614286 1.000000
vt 0.619048 1.000000
vt 0.623810 1.000000
vt 0.628571 1.000000
vt 0.633333 1.000000
vt 0.638095 1.000000
vt 0.647619 1.000000
vt 0.652381 1.000000
vt 0.657143 1.000000
vt 0.661905 1.000000
vt 0.671429 1.000000
vt 0.676190 1.000000
vt 0.680952 1.000000
vt 0.685714 1.000000
vt 0.690476 1.000000
vt 0.695238 1.000000
vt 0.700000 1.000000
vt 0.704762 1.000000
vt 0.709524 1.000000
vt 0.719048 1.000000
vt 0.723810 1.000000
vt 0.728571 1.000000
vt 0.733333 1.000000
vt 0.738095 1.000000
vt 0.742857 1.000000
vt 0.747619 1.000000
vt 0.752381 1.000000
vt 0.757143 1.000000
vt 0.761905 1.000000
vt 0.766667 1.000000
vt 0.771429 1.000000
vt 0.776190 1.000000
vt 0.780952 1.000000
vt 0.790476 1.000000
vt 0.795238 1.000000
vt 0.800000 1.000000
vt 0.804762 1.000000
vt 0.809524 1.000000
vt 0.814286 1.000000
vt 0.819048 1.000000
vt 0.823810 1.000000
vt 0.828571 1.000000
vt 0.838095 1.000000
vt 0.842857 1.000000
vt 0.847619 1.000000
vt 0.852381 1.000000
vt 0.861905 1.000000
vt 0.866667 1.000000
vt 0.871429 1.000000
vt 0.876190 1.000000
vt 0.880952 1.000000
vt 0.885714 1.000000
vt 0.890476 1.000000
vt 0.895238 1.000000
vt 0.900000 1.000000
vt 0.904762 1.000000
vt 0.909524 1.000000
vt 0.914286 1.000000
vt 0.919048 1.000000
vt 0.923810 1.000000
vt 0.933333 1.000000
vt 0.938095 1.000000
vt 0.942857 1.000000
vt 0.947619 1.000000
vt 0.952381 1.000000
vt 0.957143 1.000000
vt 0.961905 1.000000
vt 0.966667 1.000000
vt 0.971429 1.000000
vt 0.976190 1.000000
vt 0.980952 1.000000
vt 0.985714 1.000000
vt 0.990476 1.000000
vt 0.995238 1.000000
s 0
usemtl マテリアル
f 26/1/1 2/2/1 1/3/1
f 26/1/1 3/4/1 2/2/1
f 26/1/1 4/5/1 3/4/1
f 26/1/1 5/6/1 4/5/1
f 26/1/1 6/7/1 5/6/1
f 25/8/1 6/7/1 26/1/1
f 25/8/1 7/9/1 6/7/1
f 24/10/1 7/9/1 25/8/1
f 24/10/1 8/11/1 7/9/1
f 23/12/1 8/11/1 24/10/1
f 22/13/1 8/11/1 23/12/1
f 22/13/1 9/14/1 8/11/1
f 21/15/1 9/14/1 22/13/1
f 21/15/1 10/16/1 9/14/1
f 62/17/1 64/18/1 63/19/1
f 62/17/1 65/20/1 64/18/1
f 20/21/1 10/16/1 21/15/1
f 20/21/1 11/22/1 10/16/1
f 62/17/1 66/23/1 65/20/1
f 62/17/1 67/24/1 66/23/1
f 19/25/1 11/22/1 20/21/1
f 19/25/1 12/26/1 11/22/1
f 62/17/1 68/27/1 67/24/1
f 62/17/1 69/28/1 68/27/1
f 18/29/1 12/26/1 19/25/1
f 18/29/1 13/30/1 12/26/1
f 62/17/1 70/31/1 69/28/1
f 61/32/1 70/31/1 62/17/1
f 60/33/1 70/31/1 61/32/1
f 60/33/1 71/34/1 70/31/1
f 18/29/1 17/35/1 13/30/1
f 17/35/1 16/36/1 13/30/1
f 16/36/1 15/37/1 13/30/1
f 15/37/1 14/38/1 13/30/1
f 59/39/1 71/34/1 60/33/1
f 59/39/1 72/40/1 71/34/1
f 58/41/1 72/40/1 59/39/1
f 58/41/1 73/42/1 72/40/1
f 57/43/1 73/42/1 58/41/1
f 57/43/1 74/44/1 73/42/1
f 56/45/1 74/44/1 57/43/1
f 56/45/1 75/46/1 74/44/1
f 56/45/1 76/47/1 75/46/1
f 55/48/1 76/47/1 56/45/1
f 54/49/1 76/47/1 55/48/1
f 98/50/1 100/51/1 99/52/1
f 54/49/1 77/53/1 76/47/1
f 97/54/1 100/51/1 98/50/1
f 97/54/1 101/55/1 100/51/1
f 96/56/1 101/55/1 97/54/1
f 53/57/1 77/53/1 54/49/1
f 96/56/1 102/58/1 101/55/1
f 53/57/1 78/59/1 77/53/1
f 95/60/1 102/58/1 96/56/1
f 52/61/1 78/59/1 53/57/1
f 95/60/1 103/62/1 102/58/1
f 94/63/1 103/62/1 95/60/1
f 52/61/1 79/64/1 78/59/1
f 51/65/1 79/64/1 52/61/1
f 50/66/1 79/64/1 51/65/1
f 93/67/1 103/62/1 94/63/1
f 93/67/1 104/68/1 103/62/1
f 50/66/1 80/69/1 79/64/1
f 49/70/1 80/69/1 50/66/1
f 92/71/1 104/68/1 93/67/1
f 48/72/1 80/69/1 49/70/1
f 48/72/1 81/73/1 80/69/1
f 92/71/1 105/74/1 104/68/1
f 47/75/1 81/73/1 48/72/1
f 91/76/1 105/74/1 92/71/1
f 47/75/1 82/77/1 81/73/1
f 46/78/1 82/77/1 47/75/1
f 91/76/1 106/79/1 105/74/1
f 90/80/1 106/79/1 91/76/1
f 46/78/1 83/81/1 82/77/1
f 45/82/1 83/81/1 46/78/1
f 45/82/1 84/83/1 83/81/1
f 89/84/1 172/85/1 90/80/1
f 172/85/1 106/79/1 90/80/1
f 44/86/1 84/83/1 45/82/1
f 172/85/1 171/87/1 106/79/1
f 171/87/1 107/88/1 106/79/1
f 89/84/1 173/89/1 172/85/1
f 89/84/1 174/90/1 173/89/1
f 170/91/1 107/88/1 171/87/1
f 89/84/1 175/92/1 174/90/1
f 169/93/1 107/88/1 170/91/1
f 44/86/1 85/94/1 84/83/1
f 43/95/1 85/94/1 44/86/1
f 89/84/1 176/96/1 175/92/1
f 168/97/1 107/88/1 169/93/1
f 88/98/1 176/96/1 89/84/1
f 88/98/1 177/99/1 176/96/1
f 43/95/1 86/100/1 85/94/1
f 167/101/1 107/88/1 168/97/1
f 42/102/1 86/100/1 43/95/1
f 167/101/1 108/103/1 107/88/1
f 88/98/1 178/104/1 177/99/1
f 87/105/1 178/104/1 88/98/1
f 166/106/1 108/103/1 167/101/1
f 42/102/1 87/105/1 86/100/1
f 41/107/1 87/105/1 42/102/1
f 87/105/1 179/108/1 178/104/1
f 165/109/1 108/103/1 166/106/1
f 41/107/1 179/108/1 87/105/1
f 40/110/1 179/108/1 41/107/1
f 40/110/1 180/111/1 179/108/1
f 165/109/1 109/112/1 108/103/1
f 164/113/1 109/112/1 165/109/1
f 39/114/1 180/111/1 40/110/1
f 39/114/1 181/115/1 180/111/1
f 38/116/1 181/115/1 39/114/1
f 163/117/1 109/112/1 164/113/1
f 38/116/1 182/118/1 181/115/1
f 163/117/1 110/119/1 109/112/1
f 37/120/1 182/118/1 38/116/1
f 162/121/1 110/119/1 163/117/1
f 36/122/1 182/118/1 37/120/1
f 36/122/1 183/123/1 182/118/1
f 35/124/1 183/123/1 36/122/1
f 34/125/1 183/123/1 35/124/1
f 161/126/1 110/119/1 162/121/1
f 33/127/1 183/123/1 34/125/1
f 33/127/1 184/128/1 183/123/1
f 161/126/1 111/129/1 110/119/1
f 32/130/1 184/128/1 33/127/1
f 31/131/1 184/128/1 32/130/1
f 160/132/1 111/129/1 161/126/1
f 30/133/1 184/128/1 31/131/1
f 30/133/1 211/134/1 184/128/1
f 211/134/1 185/135/1 184/128/1
f 29/136/1 211/134/1 30/133/1
f 28/137/1 211/134/1 29/136/1
f 27/138/1 211/134/1 28/137/1
f 159/139/1 111/129/1 160/132/1
f 236/140/1 211/134/1 27/138/1
f 159/139/1 112/141/1 111/129/1
f 235/142/1 211/134/1 236/140/1
f 234/143/1 211/134/1 235/142/1
f 233/144/1 211/134/1 234/143/1
f 232/145/1 211/134/1 233/144/1
f 231/146/1 211/134/1 232/145/1
f 230/147/1 211/134/1 231/146/1
f 158/148/1 112/141/1 159/139/1
f 229/149/1 211/134/1 230/147/1
f 229/149/1 212/150/1 211/134/1
f 210/151/1 185/135/1 211/134/1
f 228/152/1 212/150/1 229/149/1
f 227/153/1 212/150/1 228/152/1
f 226/154/1 212/150/1 227/153/1
f 225/155/1 212/150/1 226/154/1
f 225/155/1 213/156/1 212/150/1
f 224/157/1 213/156/1 225/155/1
f 158/148/1 113/158/1 112/141/1
f 223/159/1 213/156/1 224/157/1
f 157/160/1 113/158/1 158/148/1
f 223/159/1 214/161/1 213/156/1
f 223/159/1 215/162/1 214/161/1
f 156/163/1 113/158/1 157/160/1
f 223/159/1 216/164/1 215/162/1
f 156/163/1 114/165/1 113/158/1
f 223/159/1 217/166/1 216/164/1
f 155/167/1 114/165/1 156/163/1
f 210/151/1 186/168/1 185/135/1
f 223/159/1 218/169/1 217/166/1
f 154/170/1 114/165/1 155/167/1
f 223/159/1 219/171/1 218/169/1
f 154/170/1 115/172/1 114/165/1
f 223/159/1 220/173/1 219/171/1
f 153/174/1 115/172/1 154/170/1
f 223/159/1 221/175/1 220/173/1
f 135/176/1 137/177/1 136/178/1
f 210/151/1 187/179/1 186/168/1
f 223/159/2 222/180/2 221/175/2
f 209/181/1 187/179/1 210/151/1
f 135/176/1 138/182/1 137/177/1
f 152/183/1 115/172/1 153/174/1
f 152/183/1 116/184/1 115/172/1
f 135/176/1 139/185/1 138/182/1
f 135/176/1 140/186/1 139/185/1
f 151/187/1 116/184/1 152/183/1
f 135/176/1 141/188/1 140/186/1
f 135/176/1 142/189/1 141/188/1
f 150/190/1 116/184/1 151/187/1
f 135/176/1 143/191/1 142/189/1
f 135/176/1 144/192/1 143/191/1
f 149/193/1 116/184/1 150/190/1
f 135/176/1 145/194/1 144/192/1
f 149/193/1 117/195/1 116/184/1
f 135/176/1 146/196/1 145/194/1
f 148/197/1 117/195/1 149/193/1
f 135/176/1 147/198/1 146/196/1
f 135/176/1 148/197/1 147/198/1
f 135/176/1 117/195/1 148/197/1
f 208/199/1 187/179/1 209/181/1
f 208/199/1 188/200/1 187/179/1
f 135/176/1 118/201/1 117/195/1
f 135/176/1 119/202/1 118/201/1
f 207/203/1 188/200/1 208/199/1
f 207/203/1 189/204/1 188/200/1
f 134/205/1 119/202/1 135/176/1
f 134/205/1 120/206/1 119/202/1
f 133/207/1 120/206/1 134/205/1
f 132/208/1 120/206/1 133/207/1
f 131/209/1 120/206/1 132/208/1
f 131/209/1 121/210/1 120/206/1
f 130/211/1 121/210/1 131/209/1
f 129/212/1 121/210/1 130/211/1
f 128/213/1 121/210/1 129/212/1
f 128/213/1 122/214/1 121/210/1
f 127/215/1 122/214/1 128/213/1
f 126/216/1 122/214/1 127/215/1
f 125/217/1 122/214/1 126/216/1
f 125/217/1 123/218/1 122/214/1
f 124/219/1 123/218/1 125/217/1
f 206/220/1 189/204/1 207/203/1
f 206/220/1 190/221/1 189/204/1
f 205/222/1 190/221/1 206/220/1
f 205/222/1 191/223/1 190/221/1
f 204/224/1 191/223/1 205/222/1
f 204/224/1 192/225/1 191/223/1
f 203/226/1 192/225/1 204/224/1
f 203/226/1 193/227/1 192/225/1
f 202/228/1 193/227/1 203/226/1
f 202/228/1 194/229/1 193/227/1
f 201/230/1 194/229/1 202/228/1
f 201/230/1 195/231/1 194/229/1
f 200/232/1 195/231/1 201/230/1
f 200/232/1 196/233/1 195/231/1
f 199/234/1 196/233/1 200/232/1
f 199/234/1 197/235/1 196/233/1
f 198/236/1 197/235/1 199/234/1
f 484/237/1 486/238/1 485/239/1
f 483/240/1 486/238/1 484/237/1
f 483/240/1 487/241/1 486/238/1
f 482/242/1 487/241/1 483/240/1
f 482/242/1 488/243/1 487/241/1
f 481/244/1 488/243/1 482/242/1
f 481/244/1 489/245/1 488/243/1
f 480/246/1 489/245/1 481/244/1
f 480/246/1 490/247/1 489/245/1
f 479/248/1 490/247/1 480/246/1
f 479/248/1 491/249/1 490/247/1
f 478/250/1 491/249/1 479/248/1
f 478/250/1 492/251/1 491/249/1
f 477/252/1 492/251/1 478/250/1
f 477/252/1 493/253/1 492/251/1
f 476/254/1 493/253/1 477/252/1
f 476/254/1 494/255/1 493/253/1
f 475/256/1 494/255/1 476/254/1
f 475/256/1 495/257/1 494/255/1
f 474/258/1 495/257/1 475/256/1
f 474/258/1 496/259/1 495/257/1
f 473/260/1 496/259/1 474/258/1
f 473/260/1 497/261/1 496/259/1
f 472/262/1 497/261/1 473/260/1
f 472/262/1 498/140/1 497/261/1
f 472/262/1 388/263/1 498/140/1
f 471/264/1 388/263/1 472/262/1
f 471/264/1 389/265/1 388/263/1
f 470/266/1 389/265/1 471/264/1
f 469/267/1 389/265/1 470/266/1
f 469/267/1 390/268/1 389/265/1
f 468/269/1 390/268/1 469/267/1
f 468/269/1 391/270/1 390/268/1
f 467/271/1 391/270/1 468/269/1
f 466/272/1 391/270/1 467/271/1
f 466/272/1 392/273/1 391/270/1
f 465/274/1 392/273/1 466/272/1
f 465/274/1 393/275/1 392/273/1
f 464/276/1 393/275/1 465/274/1
f 464/276/1 394/277/1 393/275/1
f 463/278/1 394/277/1 464/276/1
f 463/278/1 395/279/1 394/277/1
f 462/280/1 395/279/1 463/278/1
f 462/280/1 396/281/1 395/279/1
f 461/282/1 396/281/1 462/280/1
f 410/283/1 412/284/1 411/285/1
f 409/286/1 412/284/1 410/283/1
f 460/287/1 396/281/1 461/282/1
f 460/287/1 397/288/1 396/281/1
f 408/289/1 412/284/1 409/286/1
f 408/289/1 413/290/1 412/284/1
f 407/291/1 413/290/1 408/289/1
f 407/291/1 414/292/1 413/290/1
f 459/293/1 397/288/1 460/287/1
f 406/294/1 414/292/1 407/291/1
f 406/294/1 415/295/1 414/292/1
f 405/296/1 415/295/1 406/294/1
f 459/293/1 398/297/1 397/288/1
f 404/298/1 415/295/1 405/296/1
f 458/299/1 398/297/1 459/293/1
f 404/298/1 416/300/1 415/295/1
f 403/301/1 416/300/1 404/298/1
f 403/301/1 417/302/1 416/300/1
f 402/303/1 417/302/1 403/301/1
f 458/299/1 399/304/1 398/297/1
f 457/305/1 399/304/1 458/299/1
f 401/306/1 417/302/1 402/303/1
f 401/306/1 418/307/1 417/302/1
f 400/308/1 418/307/1 401/306/1
f 456/309/1 399/304/1 457/305/1
f 399/304/1 418/307/1 400/308/1
f 399/304/1 419/310/1 418/307/1
f 456/309/1 419/310/1 399/304/1
f 456/309/1 420/311/1 419/310/1
f 455/312/1 420/311/1 456/309/1
f 455/312/1 421/313/1 420/311/1
f 454/314/1 421/313/1 455/312/1
f 454/314/1 422/315/1 421/313/1
f 454/314/1 423/316/1 422/315/1
f 453/317/1 423/316/1 454/314/1
f 453/317/1 424/318/1 423/316/1
f 453/317/1 425/319/1 424/318/1
f 453/317/1 426/320/1 425/319/1
f 452/321/1 426/320/1 453/317/1
f 452/321/1 427/322/1 426/320/1
f 452/321/1 428/323/1 427/322/1
f 452/321/1 429/324/1 428/323/1
f 452/321/1 430/325/1 429/324/1
f 452/321/1 431/326/1 430/325/1
f 452/321/1 432/327/1 431/326/1
f 451/328/1 432/327/1 452/321/1
f 451/328/1 433/329/1 432/327/1
f 451/328/1 434/330/1 433/329/1
f 451/328/1 435/331/1 434/330/1
f 451/328/1 436/332/1 435/331/1
f 451/328/1 437/333/1 436/332/1
f 451/328/1 438/334/1 437/333/1
f 451/328/1 439/335/1 438/334/1
f 450/336/1 439/335/1 451/328/1
f 450/336/1 440/337/1 439/335/1
f 450/336/1 441/338/1 440/337/1
f 450/336/1 442/339/1 441/338/1
f 450/336/1 443/340/1 442/339/1
f 450/336/1 444/341/1 443/340/1
f 450/336/1 445/342/1 444/341/1
f 449/343/1 445/342/1 450/336/1
f 449/343/1 446/344/1 445/342/1
f 449/343/1 447/345/1 446/344/1
f 449/343/1 448/346/1 447/345/1
f 271/347/1 273/348/1 272/349/1
f 271/347/1 274/350/1 273/348/1
f 270/351/1 274/350/1 271/347/1
f 270/351/1 275/352/1 274/350/1
f 269/353/1 275/352/1 270/351/1
f 269/353/1 276/354/1 275/352/1
f 268/355/1 276/354/1 269/353/1
f 268/355/1 277/356/1 276/354/1
f 267/357/1 277/356/1 268/355/1
f 267/357/1 278/358/1 277/356/1
f 266/359/1 278/358/1 267/357/1
f 266/359/1 279/360/1 278/358/1
f 265/361/1 279/360/1 266/359/1
f 265/361/1 280/362/1 279/360/1
f 264/363/1 280/362/1 265/361/1
f 264/363/1 281/364/1 280/362/1
f 264/363/1 282/365/1 281/364/1
f 263/366/1 282/365/1 264/363/1
f 263/366/1 283/367/1 282/365/1
f 262/368/1 283/367/1 263/366/1
f 262/368/1 284/369/1 283/367/1
f 261/370/1 284/369/1 262/368/1
f 261/370/1 285/371/1 284/369/1
f 260/372/1 285/371/1 261/370/1
f 260/372/1 286/373/1 285/371/1
f 259/374/1 286/373/1 260/372/1
f 258/375/1 286/373/1 259/374/1
f 257/376/1 286/373/1 258/375/1
f 256/377/1 286/373/1 257/376/1
f 255/378/1 286/373/1 256/377/1
f 254/379/1 286/373/1 255/378/1
f 253/380/1 286/373/1 254/379/1
f 252/381/1 286/373/1 253/380/1
f 251/382/1 286/373/1 252/381/1
f 250/383/1 286/373/1 251/382/1
f 249/384/1 286/373/1 250/383/1
f 297/385/1 299/386/1 298/387/1
f 296/388/1 299/386/1 297/385/1
f 295/389/1 299/386/1 296/388/1
f 294/390/1 299/386/1 295/389/1
f 293/391/1 299/386/1 294/390/1
f 292/392/1 299/386/1 293/391/1
f 248/393/1 286/373/1 249/384/1
f 291/394/1 299/386/1 292/392/1
f 290/395/1 299/386/1 291/394/1
f 289/396/1 299/386/1 290/395/1
f 288/397/1 299/386/1 289/396/1
f 374/398/1 376/399/1 375/400/1
f 287/401/1 299/386/1 288/397/1
f 374/398/1 377/402/1 376/399/1
f 286/373/1 299/386/1 287/401/1
f 248/393/1 299/386/1 286/373/1
f 374/398/1 378/403/1 377/402/1
f 374/398/1 379/404/1 378/403/1
f 374/398/1 380/405/1 379/404/1
f 374/398/1 381/406/1 380/405/1
f 247/407/1 299/386/1 248/393/1
f 374/398/1 382/408/1 381/406/1
f 246/409/1 299/386/1 247/407/1
f 245/410/1 299/386/1 246/409/1
f 374/398/1 383/411/1 382/408/1
f 244/412/1 299/386/1 245/410/1
f 243/413/1 299/386/1 244/412/1
f 374/398/1 384/414/1 383/411/1
f 242/415/1 299/386/1 243/413/1
f 241/416/1 299/386/1 242/415/1
f 374/398/1 385/417/1 384/414/1
f 240/418/1 299/386/1 241/416/1
f 239/419/1 299/386/1 240/418/1
f 374/398/1 386/420/1 385/417/1
f 238/421/1 299/386/1 239/419/1
f 237/3/1 299/386/1 238/421/1
f 374/398/1 387/422/1 386/420/1
f 387/422/1 299/386/1 237/3/1
f 374/398/1 299/386/1 387/422/1
f 374/398/1 300/423/1 299/386/1
f 374/398/1 301/424/1 300/423/1
f 374/398/1 302/425/1 301/424/1
f 374/398/1 303/426/1 302/425/1
f 374/398/1 304/427/1 303/426/1
f 374/398/1 305/428/1 304/427/1
f 374/398/1 306/429/1 305/428/1
f 374/398/1 307/430/1 306/429/1
f 374/398/1 308/431/1 307/430/1
f 374/398/1 309/432/1 308/431/1
f 374/398/1 310/433/1 309/432/1
f 374/398/1 311/434/1 310/433/1
f 374/398/1 350/435/1 311/434/1
f 350/435/1 312/436/1 311/434/1
f 373/437/1 350/435/1 374/398/1
f 372/438/1 350/435/1 373/437/1
f 371/439/1 350/435/1 372/438/1
f 370/440/1 350/435/1 371/439/1
f 369/441/1 350/435/1 370/440/1
f 369/441/1 351/442/1 350/435/1
f 349/443/1 312/436/1 350/435/1
f 369/441/1 352/444/1 351/442/1
f 368/445/1 352/444/1 369/441/1
f 368/445/1 353/446/1 352/444/1
f 367/447/1 353/446/1 368/445/1
f 367/447/1 354/448/1 353/446/1
f 366/449/1 354/448/1 367/447/1
f 366/449/1 355/450/1 354/448/1
f 366/449/1 356/451/1 355/450/1
f 365/452/1 356/451/1 366/449/1
f 365/452/1 357/453/1 356/451/1
f 365/452/1 358/454/1 357/453/1
f 364/455/1 358/454/1 365/452/1
f 364/455/1 359/456/1 358/454/1
f 363/457/1 359/456/1 364/455/1
f 363/457/1 360/458/1 359/456/1
f 363/457/1 361/459/1 360/458/1
f 362/460/1 361/459/1 363/457/1
f 348/461/1 312/436/1 349/443/1
f 348/461/1 313/462/1 312/436/1
f 347/463/1 313/462/1 348/461/1
f 347/463/1 314/464/1 313/462/1
f 346/465/1 314/464/1 347/463/1
f 346/465/1 315/466/1 314/464/1
f 345/467/1 315/466/1 346/465/1
f 345/467/1 316/468/1 315/466/1
f 344/469/1 316/468/1 345/467/1
f 343/470/1 316/468/1 344/469/1
f 343/470/1 317/471/1 316/468/1
f 342/472/1 317/471/1 343/470/1
f 342/472/1 318/473/1 317/471/1
f 341/474/1 318/473/1 342/472/1
f 340/475/1 318/473/1 341/474/1
f 340/475/1 319/476/1 318/473/1
f 339/477/1 319/476/1 340/475/1
f 339/477/1 320/478/1 319/476/1
f 338/479/1 320/478/1 339/477/1
f 337/480/1 320/478/1 338/479/1
f 337/480/1 321/481/1 320/478/1
f 336/482/1 321/481/1 337/480/1
f 335/483/1 321/481/1 336/482/1
f 334/484/1 321/481/1 335/483/1
f 334/484/1 322/485/1 321/481/1
f 333/486/1 322/485/1 334/484/1
f 332/487/1 322/485/1 333/486/1
f 331/488/1 322/485/1 332/487/1
f 330/489/1 322/485/1 331/488/1
f 329/490/1 322/485/1 330/489/1
f 328/491/1 322/485/1 329/490/1
f 327/492/1 322/485/1 328/491/1
f 327/492/1 323/493/1 322/485/1
f 326/494/1 323/493/1 327/492/1
f 325/495/1 323/493/1 326/494/1
f 324/496/1 323/493/1 325/495/1
f 608/497/1 610/498/1 609/499/1
f 608/497/1 611/500/1 610/498/1
f 607/501/1 611/500/1 608/497/1
f 607/501/1 612/502/1 611/500/1
f 606/503/1 612/502/1 607/501/1
f 606/503/1 613/504/1 612/502/1
f 605/505/1 613/504/1 606/503/1
f 605/505/1 614/506/1 613/504/1
f 604/507/1 614/506/1 605/505/1
f 604/507/1 615/508/1 614/506/1
f 603/509/1 615/508/1 604/507/1
f 603/509/1 616/510/1 615/508/1
f 602/511/1 616/510/1 603/509/1
f 602/511/1 617/512/1 616/510/1
f 601/513/1 617/512/1 602/511/1
f 601/513/1 618/514/1 617/512/1
f 600/515/1 618/514/1 601/513/1
f 600/515/1 619/516/1 618/514/1
f 599/517/1 619/516/1 600/515/1
f 598/518/1 619/516/1 599/517/1
f 598/518/1 620/519/1 619/516/1
f 597/520/1 620/519/1 598/518/1
f 597/520/1 621/521/1 620/519/1
f 596/522/1 621/521/1 597/520/1
f 596/522/1 622/140/1 621/521/1
f 596/522/1 525/523/1 622/140/1
f 595/524/1 525/523/1 596/522/1
f 595/524/1 526/525/1 525/523/1
f 594/526/1 526/525/1 595/524/1
f 594/526/1 527/527/1 526/525/1
f 593/528/1 527/527/1 594/526/1
f 593/528/1 528/529/1 527/527/1
f 592/530/1 528/529/1 593/528/1
f 592/530/1 529/531/1 528/529/1
f 591/532/1 529/531/1 592/530/1
f 591/532/1 530/533/1 529/531/1
f 591/532/1 531/534/1 530/533/1
f 590/535/1 531/534/1 591/532/1
f 590/535/1 532/536/1 531/534/1
f 589/537/1 532/536/1 590/535/1
f 589/537/1 533/538/1 532/536/1
f 588/539/1 533/538/1 589/537/1
f 588/539/1 534/540/1 533/538/1
f 587/541/1 534/540/1 588/539/1
f 587/541/1 535/542/1 534/540/1
f 586/543/1 535/542/1 587/541/1
f 586/543/1 536/544/1 535/542/1
f 585/545/1 536/544/1 586/543/1
f 585/545/1 537/546/1 536/544/1
f 584/547/1 537/546/1 585/545/1
f 584/547/1 538/548/1 537/546/1
f 559/549/1 561/550/1 560/551/1
f 584/547/1 539/552/1 538/548/1
f 583/553/1 539/552/1 584/547/1
f 558/554/1 561/550/1 559/549/1
f 583/553/1 540/496/1 539/552/1
f 557/555/1 561/550/1 558/554/1
f 582/556/1 540/496/1 583/553/1
f 557/555/1 562/557/1 561/550/1
f 582/556/1 541/558/1 540/496/1
f 556/559/1 562/557/1 557/555/1
f 555/560/1 562/557/1 556/559/1
f 582/556/1 542/561/1 541/558/1
f 581/285/1 542/561/1 582/556/1
f 555/560/1 563/562/1 562/557/1
f 554/563/1 563/562/1 555/560/1
f 581/285/1 543/564/1 542/561/1
f 553/565/1 563/562/1 554/563/1
f 553/565/1 564/566/1 563/562/1
f 581/285/1 544/567/1 543/564/1
f 580/568/1 544/567/1 581/285/1
f 552/569/1 564/566/1 553/565/1
f 580/568/1 545/570/1 544/567/1
f 551/571/1 564/566/1 552/569/1
f 551/571/1 565/572/1 564/566/1
f 580/568/1 546/573/1 545/570/1
f 550/574/1 565/572/1 551/571/1
f 579/575/1 546/573/1 580/568/1
f 579/575/1 547/576/1 546/573/1
f 549/577/1 565/572/1 550/574/1
f 579/575/1 548/578/1 547/576/1
f 548/578/1 565/572/1 549/577/1
f 579/575/1 565/572/1 548/578/1
f 579/575/1 566/579/1 565/572/1
f 578/580/1 566/579/1 579/575/1
f 578/580/1 567/581/1 566/579/1
f 577/582/1 567/581/1 578/580/1
f 577/582/1 568/583/1 567/581/1
f 577/582/1 569/584/1 568/583/1
f 576/585/1 569/584/1 577/582/1
f 576/585/1 570/586/1 569/584/1
f 575/587/1 570/586/1 576/585/1
f 575/587/1 571/588/1 570/586/1
f 574/589/1 571/588/1 575/587/1
f 574/589/1 572/590/1 571/588/1
f 573/591/1 572/590/1 574/589/1
f 511/592/1 513/593/1 512/594/1
f 510/595/1 513/593/1 511/592/1
f 510/595/1 514/596/1 513/593/1
f 509/597/1 514/596/1 510/595/1
f 509/597/1 515/598/1 514/596/1
f 508/599/1 515/598/1 509/597/1
f 508/599/1 516/600/1 515/598/1
f 507/601/1 516/600/1 508/599/1
f 507/601/1 517/602/1 516/600/1
f 506/603/1 517/602/1 507/601/1
f 506/603/1 518/604/1 517/602/1
f 505/605/1 518/604/1 506/603/1
f 505/605/1 519/606/1 518/604/1
f 504/607/1 519/606/1 505/605/1
f 504/607/1 520/608/1 519/606/1
f 503/609/1 520/608/1 504/607/1
f 503/609/1 521/610/1 520/608/1
f 502/611/1 521/610/1 503/609/1
f 502/611/1 522/612/1 521/610/1
f 501/613/1 522/612/1 502/611/1
f 501/613/1 523/614/1 522/612/1
f 500/615/1 523/614/1 501/613/1
f 500/615/1 524/616/1 523/614/1
f 499/3/1 524/616/1 500/615/1
f 819/617/1 821/618/1 820/619/1
f 819/617/1 822/620/1 821/618/1
f 818/621/1 822/620/1 819/617/1
f 818/621/1 823/622/1 822/620/1
f 817/623/1 823/622/1 818/621/1
f 817/623/1 824/624/1 823/622/1
f 816/625/1 824/624/1 817/623/1
f 816/625/1 825/626/1 824/624/1
f 815/627/1 825/626/1 816/625/1
f 815/627/1 826/628/1 825/626/1
f 814/629/1 826/628/1 815/627/1
f 814/629/1 827/630/1 826/628/1
f 813/631/1 827/630/1 814/629/1
f 813/631/1 828/632/1 827/630/1
f 812/633/1 828/632/1 813/631/1
f 812/633/1 829/634/1 828/632/1
f 811/635/1 829/634/1 812/633/1
f 811/635/1 830/636/1 829/634/1
f 810/637/1 830/636/1 811/635/1
f 810/637/1 831/638/1 830/636/1
f 809/639/1 831/638/1 810/637/1
f 809/639/1 832/640/1 831/638/1
f 808/641/1 832/640/1 809/639/1
f 808/641/1 833/140/1 832/640/1
f 807/642/1 833/140/1 808/641/1
f 807/642/1 672/643/1 833/140/1
f 806/644/1 672/643/1 807/642/1
f 805/645/1 672/643/1 806/644/1
f 804/646/1 672/643/1 805/645/1
f 803/647/1 672/643/1 804/646/1
f 802/648/1 672/643/1 803/647/1
f 683/649/1 685/650/1 684/651/1
f 801/652/1 672/643/1 802/648/1
f 682/653/1 685/650/1 683/649/1
f 681/654/1 685/650/1 682/653/1
f 680/655/1 685/650/1 681/654/1
f 679/656/1 685/650/1 680/655/1
f 678/657/1 685/650/1 679/656/1
f 677/658/1 685/650/1 678/657/1
f 676/659/1 685/650/1 677/658/1
f 675/660/1 685/650/1 676/659/1
f 674/661/1 685/650/1 675/660/1
f 673/662/1 685/650/1 674/661/1
f 672/643/1 685/650/1 673/662/1
f 801/652/1 685/650/1 672/643/1
f 800/663/1 685/650/1 801/652/1
f 799/664/1 685/650/1 800/663/1
f 798/665/1 685/650/1 799/664/1
f 797/666/1 685/650/1 798/665/1
f 797/666/1 686/667/1 685/650/1
f 797/666/1 687/668/1 686/667/1
f 797/666/1 688/669/1 687/668/1
f 797/666/1 689/670/1 688/669/1
f 797/666/1 690/671/1 689/670/1
f 797/666/1 691/672/1 690/671/1
f 796/673/1 697/674/1 797/666/1
f 697/674/1 691/672/1 797/666/1
f 697/674/1 692/675/1 691/672/1
f 697/674/1 693/496/1 692/675/1
f 697/674/1 694/676/1 693/496/1
f 697/674/1 695/677/1 694/676/1
f 697/674/1 696/678/1 695/677/1
f 796/673/1 698/679/1 697/674/1
f 795/680/1 698/679/1 796/673/1
f 795/680/1 699/681/1 698/679/1
f 794/682/1 699/681/1 795/680/1
f 794/682/1 700/683/1 699/681/1
f 793/684/1 700/683/1 794/682/1
f 793/684/1 701/685/1 700/683/1
f 792/686/1 701/685/1 793/684/1
f 792/686/1 702/687/1 701/685/1
f 791/204/1 702/687/1 792/686/1
f 791/204/1 703/688/1 702/687/1
f 790/689/1 703/688/1 791/204/1
f 790/689/1 704/690/1 703/688/1
f 789/691/1 704/690/1 790/689/1
f 789/691/1 705/692/1 704/690/1
f 788/693/1 705/692/1 789/691/1
f 788/693/1 706/694/1 705/692/1
f 787/695/1 706/694/1 788/693/1
f 787/695/1 707/60/1 706/694/1
f 786/696/1 707/60/1 787/695/1
f 786/696/1 708/697/1 707/60/1
f 785/698/1 708/697/1 786/696/1
f 785/698/1 709/699/1 708/697/1
f 784/700/1 709/699/1 785/698/1
f 771/701/1 773/702/1 772/703/1
f 771/701/1 774/704/1 773/702/1
f 771/701/1 775/705/1 774/704/1
f 771/701/1 776/706/1 775/705/1
f 771/701/1 777/707/1 776/706/1
f 771/701/1 778/708/1 777/707/1
f 784/700/1 710/709/1 709/699/1
f 771/701/1 779/710/1 778/708/1
f 770/711/1 779/710/1 771/701/1
f 770/711/1 780/712/1 779/710/1
f 770/711/1 781/713/1 780/712/1
f 770/711/1 782/714/1 781/713/1
f 770/711/1 783/715/1 782/714/1
f 770/711/1 784/700/1 783/715/1
f 769/716/1 784/700/1 770/711/1
f 769/716/1 710/709/1 784/700/1
f 768/717/1 710/709/1 769/716/1
f 767/718/1 710/709/1 768/717/1
f 767/718/1 711/719/1 710/709/1
f 767/718/1 712/720/1 711/719/1
f 766/721/1 712/720/1 767/718/1
f 766/721/1 713/722/1 712/720/1
f 765/723/1 713/722/1 766/721/1
f 765/723/1 714/724/1 713/722/1
f 764/725/1 623/3/1 765/723/1
f 623/3/1 671/726/1 765/723/1
f 671/726/1 714/724/1 765/723/1
f 671/726/1 670/727/1 714/724/1
f 670/727/1 669/728/1 714/724/1
f 669/728/1 715/729/1 714/724/1
f 668/730/1 715/729/1 669/728/1
f 667/731/1 715/729/1 668/730/1
f 764/725/1 624/732/1 623/3/1
f 666/733/1 715/729/1 667/731/1
f 665/72/1 715/729/1 666/733/1
f 664/734/1 715/729/1 665/72/1
f 764/725/1 625/735/1 624/732/1
f 663/736/1 715/729/1 664/734/1
f 662/737/1 715/729/1 663/736/1
f 661/738/1 715/729/1 662/737/1
f 764/725/1 626/739/1 625/735/1
f 660/740/1 715/729/1 661/738/1
f 659/741/1 715/729/1 660/740/1
f 658/742/1 735/743/1 659/741/1
f 735/743/1 715/729/1 659/741/1
f 764/725/1 627/744/1 626/739/1
f 763/285/1 627/744/1 764/725/1
f 735/743/1 716/745/1 715/729/1
f 763/285/1 628/746/1 627/744/1
f 763/285/1 629/747/1 628/746/1
f 735/743/1 717/748/1 716/745/1
f 762/749/1 629/747/1 763/285/1
f 658/742/1 736/750/1 735/743/1
f 734/751/1 717/748/1 735/743/1
f 762/749/1 630/752/1 629/747/1
f 734/751/1 718/753/1 717/748/1
f 733/754/1 718/753/1 734/751/1
f 762/749/1 631/755/1 630/752/1
f 761/756/1 631/755/1 762/749/1
f 761/756/1 632/757/1 631/755/1
f 732/758/1 718/753/1 733/754/1
f 732/758/1 719/759/1 718/753/1
f 761/756/1 633/760/1 632/757/1
f 731/761/1 719/759/1 732/758/1
f 760/762/1 633/760/1 761/756/1
f 731/761/1 720/763/1 719/759/1
f 657/764/1 736/750/1 658/742/1
f 760/762/1 634/765/1 633/760/1
f 730/766/1 720/763/1 731/761/1
f 730/766/1 721/767/1 720/763/1
f 656/768/1 736/750/1 657/764/1
f 760/762/1 635/769/1 634/765/1
f 729/770/1 721/767/1 730/766/1
f 759/771/1 635/769/1 760/762/1
f 656/768/1 737/772/1 736/750/1
f 759/771/1 636/773/1 635/769/1
f 728/774/1 721/767/1 729/770/1
f 655/775/1 737/772/1 656/768/1
f 728/774/1 722/776/1 721/767/1
f 759/771/1 637/777/1 636/773/1
f 654/778/1 737/772/1 655/775/1
f 727/779/1 722/776/1 728/774/1
f 654/778/1 738/780/1 737/772/1
f 758/781/1 637/777/1 759/771/1
f 727/779/1 726/782/1 722/776/1
f 726/782/1 725/783/1 722/776/1
f 725/783/1 724/784/1 722/776/1
f 724/784/1 723/785/1 722/776/1
f 758/781/1 638/786/1 637/777/1
f 653/787/1 738/780/1 654/778/1
f 758/781/1 639/788/1 638/786/1
f 653/787/1 739/789/1 738/780/1
f 652/790/1 739/789/1 653/787/1
f 757/791/1 639/788/1 758/781/1
f 757/791/1 640/792/1 639/788/1
f 651/793/1 739/789/1 652/790/1
f 757/791/1 641/794/1 640/792/1
f 651/793/1 740/795/1 739/789/1
f 650/796/1 740/795/1 651/793/1
f 757/791/1 642/797/1 641/794/1
f 649/798/1 740/795/1 650/796/1
f 756/799/1 642/797/1 757/791/1
f 756/799/1 643/800/1 642/797/1
f 648/801/1 740/795/1 649/798/1
f 756/799/1 644/802/1 643/800/1
f 647/803/1 740/795/1 648/801/1
f 756/799/1 645/804/1 644/802/1
f 647/803/1 741/805/1 740/795/1
f 646/806/1 741/805/1 647/803/1
f 756/799/1 646/806/1 645/804/1
f 756/799/1 741/805/1 646/806/1
f 755/807/1 741/805/1 756/799/1
f 755/807/1 742/808/1 741/805/1
f 754/809/1 742/808/1 755/807/1
f 754/809/1 743/810/1 742/808/1
f 753/811/1 743/810/1 754/809/1
f 753/811/1 744/812/1 743/810/1
f 752/813/1 744/812/1 753/811/1
f 752/813/1 745/814/1 744/812/1
f 751/815/1 745/814/1 752/813/1
f 751/815/1 746/816/1 745/814/1
f 750/817/1 746/816/1 751/815/1
f 750/817/1 747/818/1 746/816/1
f 749/189/1 747/818/1 750/817/1
f 749/189/1 748/819/1 747/818/1
f 1179/820/1 1181/821/1 1180/822/1
f 1178/823/1 1181/821/1 1179/820/1
f 1178/823/1 1182/824/1 1181/821/1
f 1177/825/1 1182/824/1 1178/823/1
f 1177/825/1 1183/826/1 1182/824/1
f 1177/825/1 1184/827/1 1183/826/1
f 1176/828/1 1184/827/1 1177/825/1
f 1176/828/1 1185/829/1 1184/827/1
f 1175/830/1 1185/829/1 1176/828/1
f 1175/830/1 1186/831/1 1185/829/1
f 1174/832/1 1186/831/1 1175/830/1
f 1174/832/1 1187/833/1 1186/831/1
f 1173/834/1 1187/833/1 1174/832/1
f 1173/834/1 1188/835/1 1187/833/1
f 1172/836/1 1188/835/1 1173/834/1
f 1172/836/1 1189/837/1 1188/835/1
f 1171/838/1 1189/837/1 1172/836/1
f 1171/838/1 1190/839/1 1189/837/1
f 1170/840/1 1190/839/1 1171/838/1
f 1170/840/1 1191/841/1 1190/839/1
f 1169/842/1 1191/841/1 1170/840/1
f 1169/842/1 1192/843/1 1191/841/1
f 1168/844/1 1192/843/1 1169/842/1
f 1168/844/1 1193/140/1 1192/843/1
f 1167/845/1 1193/140/1 1168/844/1
f 1167/845/1 1071/846/1 1193/140/1
f 1166/847/1 1071/846/1 1167/845/1
f 1166/847/1 1072/848/1 1071/846/1
f 1165/849/1 1072/848/1 1166/847/1
f 1165/849/1 1073/850/1 1072/848/1
f 1164/851/1 1073/850/1 1165/849/1
f 1164/851/1 1074/852/1 1073/850/1
f 1163/853/1 1074/852/1 1164/851/1
f 1163/853/1 1075/854/1 1074/852/1
f 1162/855/1 1075/854/1 1163/853/1
f 1162/855/1 1076/856/1 1075/854/1
f 1161/857/1 1076/856/1 1162/855/1
f 1161/857/1 1077/858/1 1076/856/1
f 1160/859/1 1077/858/1 1161/857/1
f 1160/859/1 1078/860/1 1077/858/1
f 1159/861/1 1078/860/1 1160/859/1
f 1159/861/1 1079/862/1 1078/860/1
f 1158/863/1 1079/862/1 1159/861/1
f 1158/863/1 1080/864/1 1079/862/1
f 1157/865/1 1080/864/1 1158/863/1
f 1157/865/1 1081/866/1 1080/864/1
f 1157/865/1 1082/867/1 1081/866/1
f 1156/868/1 1082/867/1 1157/865/1
f 1105/869/1 1107/870/1 1106/871/1
f 1156/868/1 1083/872/1 1082/867/1
f 1104/873/1 1107/870/1 1105/869/1
f 1156/868/1 1084/874/1 1083/872/1
f 1103/875/1 1107/870/1 1104/873/1
f 1155/876/1 1084/874/1 1156/868/1
f 1155/876/1 1085/877/1 1084/874/1
f 1103/875/1 1108/878/1 1107/870/1
f 1102/879/1 1108/878/1 1103/875/1
f 1155/876/1 1086/880/1 1085/877/1
f 1101/881/1 1108/878/1 1102/879/1
f 1101/881/1 1109/882/1 1108/878/1
f 1155/876/1 1087/883/1 1086/880/1
f 1154/884/1 1087/883/1 1155/876/1
f 1100/885/1 1109/882/1 1101/881/1
f 1154/884/1 1088/886/1 1087/883/1
f 1100/885/1 1110/887/1 1109/882/1
f 1099/888/1 1110/887/1 1100/885/1
f 1154/884/1 1089/889/1 1088/886/1
f 1098/890/1 1110/887/1 1099/888/1
f 1153/891/1 1089/889/1 1154/884/1
f 1153/891/1 1090/892/1 1089/889/1
f 1098/890/1 1111/893/1 1110/887/1
f 1097/894/1 1111/893/1 1098/890/1
f 1153/891/1 1091/895/1 1090/892/1
f 1097/894/1 1112/896/1 1111/893/1
f 1096/897/1 1112/896/1 1097/894/1
f 1153/891/1 1092/898/1 1091/895/1
f 1152/899/1 1092/898/1 1153/891/1
f 1152/899/1 1093/900/1 1092/898/1
f 1095/901/1 1112/896/1 1096/897/1
f 1095/901/1 1113/902/1 1112/896/1
f 1152/899/1 1094/903/1 1093/900/1
f 1094/903/1 1113/902/1 1095/901/1
f 1152/899/1 1113/902/1 1094/903/1
f 1151/904/1 1113/902/1 1152/899/1
f 1151/904/1 1114/905/1 1113/902/1
f 1151/904/1 1115/906/1 1114/905/1
f 1150/907/1 1115/906/1 1151/904/1
f 1150/907/1 1116/908/1 1115/906/1
f 1149/909/1 1116/908/1 1150/907/1
f 1149/909/1 1117/910/1 1116/908/1
f 1149/909/1 1118/911/1 1117/910/1
f 1148/912/1 1118/911/1 1149/909/1
f 1148/912/1 1119/913/1 1118/911/1
f 1148/912/1 1120/914/1 1119/913/1
f 1147/915/1 1120/914/1 1148/912/1
f 1147/915/1 1121/916/1 1120/914/1
f 1147/915/1 1122/917/1 1121/916/1
f 1147/915/1 1123/918/1 1122/917/1
f 1147/915/1 1124/919/1 1123/918/1
f 1147/915/1 1125/920/1 1124/919/1
f 1147/915/1 1126/921/1 1125/920/1
f 1146/922/1 1126/921/1 1147/915/1
f 1146/922/1 1127/923/1 1126/921/1
f 1146/922/1 1128/924/1 1127/923/1
f 1146/922/1 1129/925/1 1128/924/1
f 1146/922/1 1130/926/1 1129/925/1
f 1146/922/1 1131/927/1 1130/926/1
f 1146/922/1 1132/928/1 1131/927/1
f 1145/929/1 1132/928/1 1146/922/1
f 1145/929/1 1133/930/1 1132/928/1
f 1145/929/1 1134/931/1 1133/930/1
f 1145/929/1 1135/932/1 1134/931/1
f 1145/929/1 1136/933/1 1135/932/1
f 1145/929/1 1137/934/1 1136/933/1
f 1145/929/1 1138/935/1 1137/934/1
f 1145/929/1 1139/936/1 1138/935/1
f 1144/937/1 1139/936/1 1145/929/1
f 1144/937/1 1140/938/1 1139/936/1
f 1144/937/1 1141/939/1 1140/938/1
f 1144/937/1 1142/940/1 1141/939/1
f 1144/937/1 1143/941/1 1142/940/1
f 1056/942/1 1058/943/1 1057/944/1
f 1056/942/1 1059/945/1 1058/943/1
f 1055/946/1 1059/945/1 1056/942/1
f 1055/946/1 1060/947/1 1059/945/1
f 1054/948/1 1060/947/1 1055/946/1
f 1054/948/1 1061/949/1 1060/947/1
f 1053/950/1 1061/949/1 1054/948/1
f 1053/950/1 1062/951/1 1061/949/1
f 1052/952/1 1062/951/1 1053/950/1
f 1052/952/1 1063/953/1 1062/951/1
f 1052/952/1 1064/954/1 1063/953/1
f 1051/955/1 1064/954/1 1052/952/1
f 1051/955/1 1065/956/1 1064/954/1
f 1050/957/1 1065/956/1 1051/955/1
f 1050/957/1 1066/958/1 1065/956/1
f 1049/959/1 1066/958/1 1050/957/1
f 1049/959/1 1067/960/1 1066/958/1
f 1048/961/1 1067/960/1 1049/959/1
f 1048/961/1 1068/962/1 1067/960/1
f 1047/963/1 1068/962/1 1048/961/1
f 1047/963/1 1069/964/1 1068/962/1
f 1046/965/1 1069/964/1 1047/963/1
f 1046/965/1 1070/966/1 1069/964/1
f 1045/967/1 1070/966/1 1046/965/1
f 1045/967/1 883/968/1 1070/966/1
f 1044/969/1 883/968/1 1045/967/1
f 1044/969/1 884/970/1 883/968/1
f 1044/969/1 885/971/1 884/970/1
f 1044/969/1 886/972/1 885/971/1
f 1044/969/1 887/973/1 886/972/1
f 1044/969/1 888/974/1 887/973/1
f 1044/969/1 889/975/1 888/974/1
f 1044/969/1 890/976/1 889/975/1
f 1044/969/1 891/977/1 890/976/1
f 1044/969/1 892/978/1 891/977/1
f 1044/969/1 893/979/1 892/978/1
f 905/980/1 907/981/1 906/982/1
f 904/983/1 907/981/1 905/980/1
f 903/984/1 907/981/1 904/983/1
f 902/985/1 907/981/1 903/984/1
f 901/986/1 907/981/1 902/985/1
f 1044/969/1 894/987/1 893/979/1
f 900/988/1 907/981/1 901/986/1
f 899/989/1 907/981/1 900/988/1
f 898/990/1 907/981/1 899/989/1
f 897/991/1 907/981/1 898/990/1
f 896/992/1 907/981/1 897/991/1
f 895/993/1 907/981/1 896/992/1
f 1030/994/1 1032/995/1 1031/996/1
f 894/987/1 907/981/1 895/993/1
f 1030/994/1 1033/997/1 1032/995/1
f 1044/969/1 907/981/1 894/987/1
f 1030/994/1 1034/998/1 1033/997/1
f 1030/994/1 1035/999/1 1034/998/1
f 1030/994/1 1036/1000/1 1035/999/1
f 1030/994/1 1037/1001/1 1036/1000/1
f 1030/994/1 1038/1002/1 1037/1001/1
f 1043/1003/1 907/981/1 1044/969/1
f 1030/994/1 1039/1004/1 1038/1002/1
f 1030/994/1 1040/1005/1 1039/1004/1
f 1030/994/1 1041/1006/1 1040/1005/1
f 1030/994/1 1042/1007/1 1041/1006/1
f 1030/994/1 1043/1003/1 1042/1007/1
f 1030/994/1 907/981/1 1043/1003/1
f 1030/994/1 908/1008/1 907/981/1
f 1030/994/1 909/1009/1 908/1008/1
f 1030/994/1 910/1010/1 909/1009/1
f 1030/994/1 911/1011/1 910/1010/1
f 1030/994/1 912/1012/1 911/1011/1
f 1030/994/1 913/1013/1 912/1012/1
f 1030/994/1 914/1014/1 913/1013/1
f 1030/994/1 915/1015/1 914/1014/1
f 1030/994/1 916/1016/1 915/1015/1
f 1030/994/1 917/1017/1 916/1016/1
f 1030/994/1 918/1018/1 917/1017/1
f 1030/994/1 919/1019/1 918/1018/1
f 1029/1020/1 919/1019/1 1030/994/1
f 1029/1020/1 1017/1021/1 919/1019/1
f 1017/1021/1 920/1022/1 919/1019/1
f 1028/1023/1 1017/1021/1 1029/1020/1
f 1027/1024/1 1017/1021/1 1028/1023/1
f 1026/1025/1 1017/1021/1 1027/1024/1
f 1025/1026/1 1017/1021/1 1026/1025/1
f 1024/1027/1 1017/1021/1 1025/1026/1
f 1024/1027/1 1018/1028/1 1017/1021/1
f 1016/1029/1 920/1022/1 1017/1021/1
f 1023/1030/1 1018/1028/1 1024/1027/1
f 1022/1031/1 1018/1028/1 1023/1030/1
f 1021/1032/1 1018/1028/1 1022/1031/1
f 1020/1033/1 1018/1028/1 1021/1032/1
f 1019/1034/1 1018/1028/1 1020/1033/1
f 1016/1029/1 921/1035/1 920/1022/1
f 1015/1036/1 921/1035/1 1016/1029/1
f 1014/1037/1 921/1035/1 1015/1036/1
f 1014/1037/1 922/1038/1 921/1035/1
f 1013/1039/1 922/1038/1 1014/1037/1
f 1013/1039/1 923/1040/1 922/1038/1
f 1012/1041/1 923/1040/1 1013/1039/1
f 1012/1041/1 924/1042/1 923/1040/1
f 1011/1043/1 924/1042/1 1012/1041/1
f 1011/1043/1 925/1044/1 924/1042/1
f 1010/1045/1 925/1044/1 1011/1043/1
f 1010/1045/1 926/1046/1 925/1044/1
f 1009/1047/1 926/1046/1 1010/1045/1
f 1009/1047/1 927/1048/1 926/1046/1
f 1008/1049/1 927/1048/1 1009/1047/1
f 1008/1049/1 928/1050/1 927/1048/1
f 1007/1051/1 928/1050/1 1008/1049/1
f 1007/1051/1 929/1052/1 928/1050/1
f 1006/1053/1 929/1052/1 1007/1051/1
f 1006/1053/1 930/1054/1 929/1052/1
f 1005/1055/1 930/1054/1 1006/1053/1
f 992/1056/1 994/1057/1 993/1058/1
f 992/1056/1 995/1059/1 994/1057/1
f 992/1056/1 996/1060/1 995/1059/1
f 992/1056/1 997/1061/1 996/1060/1
f 992/1056/1 998/1062/1 997/1061/1
f 991/1063/1 998/1062/1 992/1056/1
f 991/1063/1 999/1064/1 998/1062/1
f 991/1063/1 1000/1065/1 999/1064/1
f 991/1063/1 1001/1066/1 1000/1065/1
f 991/1063/1 1002/1067/1 1001/1066/1
f 991/1063/1 1003/1068/1 1002/1067/1
f 990/1069/1 1003/1068/1 991/1063/1
f 990/1069/1 1004/1070/1 1003/1068/1
f 990/1069/1 1005/1055/1 1004/1070/1
f 990/1069/1 930/1054/1 1005/1055/1
f 990/1069/1 931/1071/1 930/1054/1
f 989/1072/1 931/1071/1 990/1069/1
f 988/1073/1 931/1071/1 989/1072/1
f 987/1074/1 931/1071/1 988/1073/1
f 987/1074/1 932/1075/1 931/1071/1
f 987/1074/1 933/1076/1 932/1075/1
f 986/1077/1 933/1076/1 987/1074/1
f 986/1077/1 934/1078/1 933/1076/1
f 985/1079/1 834/3/1 986/1077/1
f 834/3/1 882/1080/1 986/1077/1
f 882/1080/1 934/1078/1 986/1077/1
f 882/1080/1 881/1081/1 934/1078/1
f 881/1081/1 935/1082/1 934/1078/1
f 880/1083/1 935/1082/1 881/1081/1
f 879/1084/1 935/1082/1 880/1083/1
f 985/1079/1 835/1085/1 834/3/1
f 878/1086/1 935/1082/1 879/1084/1
f 877/1087/1 935/1082/1 878/1086/1
f 985/1079/1 836/1088/1 835/1085/1
f 876/1089/1 935/1082/1 877/1087/1
f 875/1090/1 935/1082/1 876/1089/1
f 874/1091/1 935/1082/1 875/1090/1
f 985/1079/1 837/1092/1 836/1088/1
f 874/1091/1 936/1093/1 935/1082/1
f 873/1094/1 936/1093/1 874/1091/1
f 872/1095/1 936/1093/1 873/1094/1
f 985/1079/1 838/1096/1 837/1092/1
f 871/1097/1 936/1093/1 872/1095/1
f 984/1098/1 838/1096/1 985/1079/1
f 870/1099/1 936/1093/1 871/1097/1
f 984/1098/1 839/1100/1 838/1096/1
f 869/1101/1 936/1093/1 870/1099/1
f 869/1101/1 937/1102/1 936/1093/1
f 984/1098/1 840/1103/1 839/1100/1
f 869/1101/1 938/1104/1 937/1102/1
f 984/1098/1 841/1105/1 840/1103/1
f 983/1106/1 841/1105/1 984/1098/1
f 983/1106/1 842/1107/1 841/1105/1
f 869/1101/1 956/1108/1 938/1104/1
f 956/1108/1 939/1109/1 938/1104/1
f 983/1106/1 843/1110/1 842/1107/1
f 982/1111/1 843/1110/1 983/1106/1
f 869/1101/1 957/1112/1 956/1108/1
f 955/1113/1 939/1109/1 956/1108/1
f 868/1114/1 957/1112/1 869/1101/1
f 955/1113/1 940/1115/1 939/1109/1
f 954/1116/1 940/1115/1 955/1113/1
f 982/1111/1 844/1117/1 843/1110/1
f 954/1116/1 941/1118/1 940/1115/1
f 953/1119/1 941/1118/1 954/1116/1
f 867/1120/1 957/1112/1 868/1114/1
f 981/1121/1 844/1117/1 982/1111/1
f 981/1121/1 845/1122/1 844/1117/1
f 867/1120/1 958/1123/1 957/1112/1
f 952/1124/1 941/1118/1 953/1119/1
f 952/1124/1 942/1125/1 941/1118/1
f 981/1121/1 846/1126/1 845/1122/1
f 866/1127/1 958/1123/1 867/1120/1
f 951/1128/1 942/1125/1 952/1124/1
f 951/1128/1 943/1129/1 942/1125/1
f 980/1130/1 846/1126/1 981/1121/1
f 866/1127/1 959/1131/1 958/1123/1
f 950/1132/1 943/1129/1 951/1128/1
f 980/1130/1 847/1133/1 846/1126/1
f 865/1134/1 959/1131/1 866/1127/1
f 950/1132/1 949/1135/1 943/1129/1
f 949/1135/1 948/1136/1 943/1129/1
f 948/1136/1 947/1137/1 943/1129/1
f 947/1137/1 946/1138/1 943/1129/1
f 946/1138/1 945/1139/1 943/1129/1
f 945/1139/1 944/1140/1 943/1129/1
f 980/1130/1 848/1141/1 847/1133/1
f 864/1142/1 959/1131/1 865/1134/1
f 979/1143/1 848/1141/1 980/1130/1
f 864/1142/1 960/1144/1 959/1131/1
f 979/1143/1 849/1145/1 848/1141/1
f 863/1146/1 960/1144/1 864/1142/1
f 979/1143/1 850/1147/1 849/1145/1
f 862/1148/1 960/1144/1 863/1146/1
f 862/1148/1 961/1149/1 960/1144/1
f 978/1150/1 850/1147/1 979/1143/1
f 978/1150/1 851/1151/1 850/1147/1
f 861/1152/1 961/1149/1 862/1148/1
f 978/1150/1 852/1153/1 851/1151/1
f 978/1150/1 853/1154/1 852/1153/1
f 860/1155/1 961/1149/1 861/1152/1
f 860/1155/1 962/1156/1 961/1149/1
f 977/1157/1 853/1154/1 978/1150/1
f 977/1157/1 854/1158/1 853/1154/1
f 859/1159/1 962/1156/1 860/1155/1
f 977/1157/1 855/1160/1 854/1158/1
f 858/1161/1 962/1156/1 859/1159/1
f 977/1157/1 856/1162/1 855/1160/1
f 857/1163/1 962/1156/1 858/1161/1
f 977/1157/1 857/1163/1 856/1162/1
f 977/1157/1 962/1156/1 857/1163/1
f 976/1164/1 962/1156/1 977/1157/1
f 976/1164/1 963/1165/1 962/1156/1
f 975/1166/1 963/1165/1 976/1164/1
f 975/1166/1 964/1167/1 963/1165/1
f 974/1168/1 964/1167/1 975/1166/1
f 974/1168/1 965/1169/1 964/1167/1
f 973/1170/1 965/1169/1 974/1168/1
f 973/1170/1 966/1171/1 965/1169/1
f 972/1172/1 966/1171/1 973/1170/1
f 972/1172/1 967/1173/1 966/1171/1
f 971/1174/1 967/1173/1 972/1172/1
f 971/1174/1 968/1175/1 967/1173/1
f 970/1176/1 968/1175/1 971/1174/1
f 970/1176/1 969/1177/1 968/1175/1
f 1219/1/3 1194/3/3 1195/2/3
f 1219/1/3 1195/2/3 1196/4/3
f 1219/1/3 1196/4/3 1197/5/3
f 1219/1/3 1197/5/3 1198/6/3
f 1219/1/3 1198/6/3 1199/7/3
f 1218/8/3 1219/1/3 1199/7/3
f 1218/8/3 1199/7/3 1200/9/3
f 1217/10/3 1218/8/3 1200/9/3
f 1217/10/3 1200/9/3 1201/11/3
f 1216/12/3 1217/10/3 1201/11/3
f 1215/13/3 1216/12/3 1201/11/3
f 1215/13/3 1201/11/3 1202/14/3
f 1214/15/3 1215/13/3 1202/14/3
f 1214/15/3 1202/14/3 1203/16/3
f 1255/17/3 1256/19/3 1257/18/3
f 1255/17/3 1257/18/3 1258/20/3
f 1213/21/3 1214/15/3 1203/16/3
f 1213/21/3 1203/16/3 1204/22/3
f 1255/17/3 1258/20/3 1259/23/3
f 1255/17/3 1259/23/3 1260/24/3
f 1212/25/3 1213/21/3 1204/22/3
f 1212/25/3 1204/22/3 1205/26/3
f 1255/17/3 1260/24/3 1261/27/3
f 1255/17/3 1261/27/3 1262/28/3
f 1211/29/3 1212/25/3 1205/26/3
f 1211/29/3 1205/26/3 1206/30/3
f 1255/17/3 1262/28/3 1263/31/3
f 1254/32/3 1255/17/3 1263/31/3
f 1253/33/3 1254/32/3 1263/31/3
f 1253/33/3 1263/31/3 1264/34/3
f 1211/29/3 1206/30/3 1210/35/3
f 1210/35/3 1206/30/3 1209/36/3
f 1209/36/3 1206/30/3 1208/37/3
f 1208/37/3 1206/30/3 1207/38/3
f 1252/39/3 1253/33/3 1264/34/3
f 1252/39/3 1264/34/3 1265/40/3
f 1251/41/3 1252/39/3 1265/40/3
f 1251/41/3 1265/40/3 1266/42/3
f 1250/43/3 1251/41/3 1266/42/3
f 1250/43/3 1266/42/3 1267/44/3
f 1249/45/3 1250/43/3 1267/44/3
f 1249/45/3 1267/44/3 1268/46/3
f 1249/45/3 1268/46/3 1269/47/3
f 1248/48/3 1249/45/3 1269/47/3
f 1247/49/3 1248/48/3 1269/47/3
f 1291/50/3 1292/52/3 1293/51/3
f 1247/49/3 1269/47/3 1270/53/3
f 1290/54/3 1291/50/3 1293/51/3
f 1290/54/3 1293/51/3 1294/55/3
f 1289/56/3 1290/54/3 1294/55/3
f 1246/57/3 1247/49/3 1270/53/3
f 1289/56/3 1294/55/3 1295/58/3
f 1246/57/3 1270/53/3 1271/59/3
f 1288/60/3 1289/56/3 1295/58/3
f 1245/61/3 1246/57/3 1271/59/3
f 1288/60/3 1295/58/3 1296/62/3
f 1287/63/3 1288/60/3 1296/62/3
f 1245/61/3 1271/59/3 1272/64/3
f 1244/65/3 1245/61/3 1272/64/3
f 1243/66/3 1244/65/3 1272/64/3
f 1286/67/3 1287/63/3 1296/62/3
f 1286/67/3 1296/62/3 1297/68/3
f 1243/66/3 1272/64/3 1273/69/3
f 1242/70/3 1243/66/3 1273/69/3
f 1285/71/3 1286/67/3 1297/68/3
f 1241/72/3 1242/70/3 1273/69/3
f 1241/72/3 1273/69/3 1274/73/3
f 1285/71/3 1297/68/3 1298/74/3
f 1240/75/3 1241/72/3 1274/73/3
f 1284/76/3 1285/71/3 1298/74/3
f 1240/75/3 1274/73/3 1275/77/3
f 1239/78/3 1240/75/3 1275/77/3
f 1284/76/3 1298/74/3 1299/79/3
f 1283/80/3 1284/76/3 1299/79/3
f 1239/78/3 1275/77/3 1276/81/3
f 1238/82/3 1239/78/3 1276/81/3
f 1238/82/3 1276/81/3 1277/83/3
f 1282/84/3 1283/80/3 1365/85/3
f 1365/85/3 1283/80/3 1299/79/3
f 1237/86/3 1238/82/3 1277/83/3
f 1365/85/3 1299/79/3 1364/87/3
f 1364/87/3 1299/79/3 1300/88/3
f 1282/84/3 1365/85/3 1366/89/3
f 1282/84/3 1366/89/3 1367/90/3
f 1363/91/3 1364/87/3 1300/88/3
f 1282/84/3 1367/90/3 1368/92/3
f 1362/93/3 1363/91/3 1300/88/3
f 1237/86/3 1277/83/3 1278/94/3
f 1236/95/3 1237/86/3 1278/94/3
f 1282/84/3 1368/92/3 1369/96/3
f 1361/97/3 1362/93/3 1300/88/3
f 1281/98/3 1282/84/3 1369/96/3
f 1281/98/3 1369/96/3 1370/99/3
f 1236/95/3 1278/94/3 1279/100/3
f 1360/101/3 1361/97/3 1300/88/3
f 1235/102/3 1236/95/3 1279/100/3
f 1360/101/3 1300/88/3 1301/103/3
f 1281/98/3 1370/99/3 1371/104/3
f 1280/105/3 1281/98/3 1371/104/3
f 1359/106/3 1360/101/3 1301/103/3
f 1235/102/3 1279/100/3 1280/105/3
f 1234/107/3 1235/102/3 1280/105/3
f 1280/105/3 1371/104/3 1372/108/3
f 1358/109/3 1359/106/3 1301/103/3
f 1234/107/3 1280/105/3 1372/108/3
f 1233/110/3 1234/107/3 1372/108/3
f 1233/110/3 1372/108/3 1373/111/3
f 1358/109/3 1301/103/3 1302/112/3
f 1357/113/3 1358/109/3 1302/112/3
f 1232/114/3 1233/110/3 1373/111/3
f 1232/114/3 1373/111/3 1374/115/3
f 1231/116/3 1232/114/3 1374/115/3
f 1356/117/3 1357/113/3 1302/112/3
f 1231/116/3 1374/115/3 1375/118/3
f 1356/117/3 1302/112/3 1303/119/3
f 1230/120/3 1231/116/3 1375/118/3
f 1355/121/3 1356/117/3 1303/119/3
f 1229/122/3 1230/120/3 1375/118/3
f 1229/122/3 1375/118/3 1376/123/3
f 1228/124/3 1229/122/3 1376/123/3
f 1227/125/3 1228/124/3 1376/123/3
f 1354/126/3 1355/121/3 1303/119/3
f 1226/127/3 1227/125/3 1376/123/3
f 1226/127/3 1376/123/3 1377/128/3
f 1354/126/3 1303/119/3 1304/129/3
f 1225/130/3 1226/127/3 1377/128/3
f 1224/131/3 1225/130/3 1377/128/3
f 1353/132/3 1354/126/3 1304/129/3
f 1223/133/3 1224/131/3 1377/128/3
f 1223/133/3 1377/128/3 1404/134/3
f 1404/134/3 1377/128/3 1378/135/3
f 1222/136/3 1223/133/3 1404/134/3
f 1221/137/3 1222/136/3 1404/134/3
f 1220/138/3 1221/137/3 1404/134/3
f 1352/139/3 1353/132/3 1304/129/3
f 1429/140/3 1220/138/3 1404/134/3
f 1352/139/3 1304/129/3 1305/141/3
f 1428/142/3 1429/140/3 1404/134/3
f 1427/143/3 1428/142/3 1404/134/3
f 1426/144/3 1427/143/3 1404/134/3
f 1425/145/3 1426/144/3 1404/134/3
f 1424/146/3 1425/145/3 1404/134/3
f 1423/147/3 1424/146/3 1404/134/3
f 1351/148/3 1352/139/3 1305/141/3
f 1422/149/3 1423/147/3 1404/134/3
f 1422/149/3 1404/134/3 1405/150/3
f 1403/151/3 1404/134/3 1378/135/3
f 1421/152/3 1422/149/3 1405/150/3
f 1420/153/3 1421/152/3 1405/150/3
f 1419/154/3 1420/153/3 1405/150/3
f 1418/155/3 1419/154/3 1405/150/3
f 1418/155/3 1405/150/3 1406/156/3
f 1417/157/3 1418/155/3 1406/156/3
f 1351/148/3 1305/141/3 1306/158/3
f 1416/159/3 1417/157/3 1406/156/3
f 1350/160/3 1351/148/3 1306/158/3
f 1416/159/3 1406/156/3 1407/161/3
f 1416/159/3 1407/161/3 1408/162/3
f 1349/163/3 1350/160/3 1306/158/3
f 1416/159/3 1408/162/3 1409/164/3
f 1349/163/3 1306/158/3 1307/165/3
f 1416/159/3 1409/164/3 1410/166/3
f 1348/167/3 1349/163/3 1307/165/3
f 1403/151/3 1378/135/3 1379/168/3
f 1416/159/3 1410/166/3 1411/169/3
f 1347/170/3 1348/167/3 1307/165/3
f 1416/159/3 1411/169/3 1412/171/3
f 1347/170/3 1307/165/3 1308/172/3
f 1416/159/3 1412/171/3 1413/173/3
f 1346/174/3 1347/170/3 1308/172/3
f 1416/159/3 1413/173/3 1414/175/3
f 1328/176/3 1329/178/3 1330/177/3
f 1403/151/3 1379/168/3 1380/179/3
f 1416/159/4 1414/175/4 1415/180/4
f 1402/181/3 1403/151/3 1380/179/3
f 1328/176/3 1330/177/3 1331/182/3
f 1345/183/3 1346/174/3 1308/172/3
f 1345/183/3 1308/172/3 1309/184/3
f 1328/176/3 1331/182/3 1332/185/3
f 1328/176/3 1332/185/3 1333/186/3
f 1344/187/3 1345/183/3 1309/184/3
f 1328/176/3 1333/186/3 1334/188/3
f 1328/176/3 1334/188/3 1335/189/3
f 1343/190/3 1344/187/3 1309/184/3
f 1328/176/3 1335/189/3 1336/191/3
f 1328/176/3 1336/191/3 1337/192/3
f 1342/193/3 1343/190/3 1309/184/3
f 1328/176/3 1337/192/3 1338/194/3
f 1342/193/3 1309/184/3 1310/195/3
f 1328/176/3 1338/194/3 1339/196/3
f 1341/197/3 1342/193/3 1310/195/3
f 1328/176/3 1339/196/3 1340/198/3
f 1328/176/3 1340/198/3 1341/197/3
f 1328/176/3 1341/197/3 1310/195/3
f 1401/199/3 1402/181/3 1380/179/3
f 1401/199/3 1380/179/3 1381/200/3
f 1328/176/3 1310/195/3 1311/201/3
f 1328/176/3 1311/201/3 1312/202/3
f 1400/203/3 1401/199/3 1381/200/3
f 1400/203/3 1381/200/3 1382/204/3
f 1327/205/3 1328/176/3 1312/202/3
f 1327/205/3 1312/202/3 1313/206/3
f 1326/207/3 1327/205/3 1313/206/3
f 1325/208/3 1326/207/3 1313/206/3
f 1324/209/3 1325/208/3 1313/206/3
f 1324/209/3 1313/206/3 1314/210/3
f 1323/211/3 1324/209/3 1314/210/3
f 1322/212/3 1323/211/3 1314/210/3
f 1321/213/3 1322/212/3 1314/210/3
f 1321/213/3 1314/210/3 1315/214/3
f 1320/215/3 1321/213/3 1315/214/3
f 1319/216/3 1320/215/3 1315/214/3
f 1318/217/3 1319/216/3 1315/214/3
f 1318/217/3 1315/214/3 1316/218/3
f 1317/219/3 1318/217/3 1316/218/3
f 1399/220/3 1400/203/3 1382/204/3
f 1399/220/3 1382/204/3 1383/221/3
f 1398/222/3 1399/220/3 1383/221/3
f 1398/222/3 1383/221/3 1384/223/3
f 1397/224/3 1398/222/3 1384/223/3
f 1397/224/3 1384/223/3 1385/225/3
f 1396/226/3 1397/224/3 1385/225/3
f 1396/226/3 1385/225/3 1386/227/3
f 1395/228/3 1396/226/3 1386/227/3
f 1395/228/3 1386/227/3 1387/229/3
f 1394/230/3 1395/228/3 1387/229/3
f 1394/230/3 1387/229/3 1388/231/3
f 1393/232/3 1394/230/3 1388/231/3
f 1393/232/3 1388/231/3 1389/233/3
f 1392/234/3 1393/232/3 1389/233/3
f 1392/234/3 1389/233/3 1390/235/3
f 1391/236/3 1392/234/3 1390/235/3
f 1677/237/3 1678/239/3 1679/238/3
f 1676/240/3 1677/237/3 1679/238/3
f 1676/240/3 1679/238/3 1680/241/3
f 1675/242/3 1676/240/3 1680/241/3
f 1675/242/3 1680/241/3 1681/243/3
f 1674/244/3 1675/242/3 1681/243/3
f 1674/244/3 1681/243/3 1682/245/3
f 1673/246/3 1674/244/3 1682/245/3
f 1673/246/3 1682/245/3 1683/247/3
f 1672/248/3 1673/246/3 1683/247/3
f 1672/248/3 1683/247/3 1684/249/3
f 1671/250/3 1672/248/3 1684/249/3
f 1671/250/3 1684/249/3 1685/251/3
f 1670/252/3 1671/250/3 1685/251/3
f 1670/252/3 1685/251/3 1686/253/3
f 1669/254/3 1670/252/3 1686/253/3
f 1669/254/3 1686/253/3 1687/255/3
f 1668/256/3 1669/254/3 1687/255/3
f 1668/256/3 1687/255/3 1688/257/3
f 1667/258/3 1668/256/3 1688/257/3
f 1667/258/3 1688/257/3 1689/259/3
f 1666/260/3 1667/258/3 1689/259/3
f 1666/260/3 1689/259/3 1690/261/3
f 1665/262/3 1666/260/3 1690/261/3
f 1665/262/3 1690/261/3 1691/140/3
f 1665/262/3 1691/140/3 1581/263/3
f 1664/264/3 1665/262/3 1581/263/3
f 1664/264/3 1581/263/3 1582/265/3
f 1663/266/3 1664/264/3 1582/265/3
f 1662/267/3 1663/266/3 1582/265/3
f 1662/267/3 1582/265/3 1583/268/3
f 1661/269/3 1662/267/3 1583/268/3
f 1661/269/3 1583/268/3 1584/270/3
f 1660/271/3 1661/269/3 1584/270/3
f 1659/272/3 1660/271/3 1584/270/3
f 1659/272/3 1584/270/3 1585/273/3
f 1658/274/3 1659/272/3 1585/273/3
f 1658/274/3 1585/273/3 1586/275/3
f 1657/276/3 1658/274/3 1586/275/3
f 1657/276/3 1586/275/3 1587/277/3
f 1656/278/3 1657/276/3 1587/277/3
f 1656/278/3 1587/277/3 1588/279/3
f 1655/280/3 1656/278/3 1588/279/3
f 1655/280/3 1588/279/3 1589/281/3
f 1654/282/3 1655/280/3 1589/281/3
f 1603/283/3 1604/285/3 1605/284/3
f 1602/286/3 1603/283/3 1605/284/3
f 1653/287/3 1654/282/3 1589/281/3
f 1653/287/3 1589/281/3 1590/288/3
f 1601/289/3 1602/286/3 1605/284/3
f 1601/289/3 1605/284/3 1606/290/3
f 1600/291/3 1601/289/3 1606/290/3
f 1600/291/3 1606/290/3 1607/292/3
f 1652/293/3 1653/287/3 1590/288/3
f 1599/294/3 1600/291/3 1607/292/3
f 1599/294/3 1607/292/3 1608/295/3
f 1598/296/3 1599/294/3 1608/295/3
f 1652/293/3 1590/288/3 1591/297/3
f 1597/298/3 1598/296/3 1608/295/3
f 1651/299/3 1652/293/3 1591/297/3
f 1597/298/3 1608/295/3 1609/300/3
f 1596/301/3 1597/298/3 1609/300/3
f 1596/301/3 1609/300/3 1610/302/3
f 1595/303/3 1596/301/3 1610/302/3
f 1651/299/3 1591/297/3 1592/304/3
f 1650/305/3 1651/299/3 1592/304/3
f 1594/306/3 1595/303/3 1610/302/3
f 1594/306/3 1610/302/3 1611/307/3
f 1593/308/3 1594/306/3 1611/307/3
f 1649/309/3 1650/305/3 1592/304/3
f 1592/304/3 1593/308/3 1611/307/3
f 1592/304/3 1611/307/3 1612/310/3
f 1649/309/3 1592/304/3 1612/310/3
f 1649/309/3 1612/310/3 1613/311/3
f 1648/312/3 1649/309/3 1613/311/3
f 1648/312/3 1613/311/3 1614/313/3
f 1647/314/3 1648/312/3 1614/313/3
f 1647/314/3 1614/313/3 1615/315/3
f 1647/314/3 1615/315/3 1616/316/3
f 1646/317/3 1647/314/3 1616/316/3
f 1646/317/3 1616/316/3 1617/318/3
f 1646/317/3 1617/318/3 1618/319/3
f 1646/317/3 1618/319/3 1619/320/3
f 1645/321/3 1646/317/3 1619/320/3
f 1645/321/3 1619/320/3 1620/322/3
f 1645/321/3 1620/322/3 1621/323/3
f 1645/321/3 1621/323/3 1622/324/3
f 1645/321/3 1622/324/3 1623/325/3
f 1645/321/3 1623/325/3 1624/326/3
f 1645/321/3 1624/326/3 1625/327/3
f 1644/328/3 1645/321/3 1625/327/3
f 1644/328/3 1625/327/3 1626/329/3
f 1644/328/3 1626/329/3 1627/330/3
f 1644/328/3 1627/330/3 1628/331/3
f 1644/328/3 1628/331/3 1629/332/3
f 1644/328/3 1629/332/3 1630/333/3
f 1644/328/3 1630/333/3 1631/334/3
f 1644/328/3 1631/334/3 1632/335/3
f 1643/336/3 1644/328/3 1632/335/3
f 1643/336/3 1632/335/3 1633/337/3
f 1643/336/3 1633/337/3 1634/338/3
f 1643/336/3 1634/338/3 1635/339/3
f 1643/336/3 1635/339/3 1636/340/3
f 1643/336/3 1636/340/3 1637/341/3
f 1643/336/3 1637/341/3 1638/342/3
f 1642/343/3 1643/336/3 1638/342/3
f 1642/343/3 1638/342/3 1639/344/3
f 1642/343/3 1639/344/3 1640/345/3
f 1642/343/3 1640/345/3 1641/346/3
f 1464/347/3 1465/349/3 1466/348/3
f 1464/347/3 1466/348/3 1467/350/3
f 1463/351/3 1464/347/3 1467/350/3
f 1463/351/3 1467/350/3 1468/352/3
f 1462/353/3 1463/351/3 1468/352/3
f 1462/353/3 1468/352/3 1469/354/3
f 1461/355/3 1462/353/3 1469/354/3
f 1461/355/3 1469/354/3 1470/356/3
f 1460/357/3 1461/355/3 1470/356/3
f 1460/357/3 1470/356/3 1471/358/3
f 1459/359/3 1460/357/3 1471/358/3
f 1459/359/3 1471/358/3 1472/360/3
f 1458/361/3 1459/359/3 1472/360/3
f 1458/361/3 1472/360/3 1473/362/3
f 1457/363/3 1458/361/3 1473/362/3
f 1457/363/3 1473/362/3 1474/364/3
f 1457/363/3 1474/364/3 1475/365/3
f 1456/366/3 1457/363/3 1475/365/3
f 1456/366/3 1475/365/3 1476/367/3
f 1455/368/3 1456/366/3 1476/367/3
f 1455/368/3 1476/367/3 1477/369/3
f 1454/370/3 1455/368/3 1477/369/3
f 1454/370/3 1477/369/3 1478/371/3
f 1453/372/3 1454/370/3 1478/371/3
f 1453/372/3 1478/371/3 1479/373/3
f 1452/374/3 1453/372/3 1479/373/3
f 1451/375/3 1452/374/3 1479/373/3
f 1450/376/3 1451/375/3 1479/373/3
f 1449/377/3 1450/376/3 1479/373/3
f 1448/378/3 1449/377/3 1479/373/3
f 1447/379/3 1448/378/3 1479/373/3
f 1446/380/3 1447/379/3 1479/373/3
f 1445/381/3 1446/380/3 1479/373/3
f 1444/382/3 1445/381/3 1479/373/3
f 1443/383/3 1444/382/3 1479/373/3
f 1442/384/3 1443/383/3 1479/373/3
f 1490/385/3 1491/387/3 1492/386/3
f 1489/388/3 1490/385/3 1492/386/3
f 1488/389/3 1489/388/3 1492/386/3
f 1487/390/3 1488/389/3 1492/386/3
f 1486/391/3 1487/390/3 1492/386/3
f 1485/392/3 1486/391/3 1492/386/3
f 1441/393/3 1442/384/3 1479/373/3
f 1484/394/3 1485/392/3 1492/386/3
f 1483/395/3 1484/394/3 1492/386/3
f 1482/396/3 1483/395/3 1492/386/3
f 1481/397/3 1482/396/3 1492/386/3
f 1567/398/3 1568/400/3 1569/399/3
f 1480/401/3 1481/397/3 1492/386/3
f 1567/398/3 1569/399/3 1570/402/3
f 1479/373/3 1480/401/3 1492/386/3
f 1441/393/3 1479/373/3 1492/386/3
f 1567/398/3 1570/402/3 1571/403/3
f 1567/398/3 1571/403/3 1572/404/3
f 1567/398/3 1572/404/3 1573/405/3
f 1567/398/3 1573/405/3 1574/406/3
f 1440/407/3 1441/393/3 1492/386/3
f 1567/398/3 1574/406/3 1575/408/3
f 1439/409/3 1440/407/3 1492/386/3
f 1438/410/3 1439/409/3 1492/386/3
f 1567/398/3 1575/408/3 1576/411/3
f 1437/412/3 1438/410/3 1492/386/3
f 1436/413/3 1437/412/3 1492/386/3
f 1567/398/3 1576/411/3 1577/414/3
f 1435/415/3 1436/413/3 1492/386/3
f 1434/416/3 1435/415/3 1492/386/3
f 1567/398/3 1577/414/3 1578/417/3
f 1433/418/3 1434/416/3 1492/386/3
f 1432/419/3 1433/418/3 1492/386/3
f 1567/398/3 1578/417/3 1579/420/3
f 1431/421/3 1432/419/3 1492/386/3
f 1430/3/3 1431/421/3 1492/386/3
f 1567/398/3 1579/420/3 1580/422/3
f 1580/422/3 1430/3/3 1492/386/3
f 1567/398/3 1580/422/3 1492/386/3
f 1567/398/3 1492/386/3 1493/423/3
f 1567/398/3 1493/423/3 1494/424/3
f 1567/398/3 1494/424/3 1495/425/3
f 1567/398/3 1495/425/3 1496/426/3
f 1567/398/3 1496/426/3 1497/427/3
f 1567/398/3 1497/427/3 1498/428/3
f 1567/398/3 1498/428/3 1499/429/3
f 1567/398/3 1499/429/3 1500/430/3
f 1567/398/3 1500/430/3 1501/431/3
f 1567/398/3 1501/431/3 1502/432/3
f 1567/398/3 1502/432/3 1503/433/3
f 1567/398/3 1503/433/3 1504/434/3
f 1567/398/3 1504/434/3 1543/435/3
f 1543/435/3 1504/434/3 1505/436/3
f 1566/437/3 1567/398/3 1543/435/3
f 1565/438/3 1566/437/3 1543/435/3
f 1564/439/3 1565/438/3 1543/435/3
f 1563/440/3 1564/439/3 1543/435/3
f 1562/441/3 1563/440/3 1543/435/3
f 1562/441/3 1543/435/3 1544/442/3
f 1542/443/3 1543/435/3 1505/436/3
f 1562/441/3 1544/442/3 1545/444/3
f 1561/445/3 1562/441/3 1545/444/3
f 1561/445/3 1545/444/3 1546/446/3
f 1560/447/3 1561/445/3 1546/446/3
f 1560/447/3 1546/446/3 1547/448/3
f 1559/449/3 1560/447/3 1547/448/3
f 1559/449/3 1547/448/3 1548/450/3
f 1559/449/3 1548/450/3 1549/451/3
f 1558/452/3 1559/449/3 1549/451/3
f 1558/452/3 1549/451/3 1550/453/3
f 1558/452/3 1550/453/3 1551/454/3
f 1557/455/3 1558/452/3 1551/454/3
f 1557/455/3 1551/454/3 1552/456/3
f 1556/457/3 1557/455/3 1552/456/3
f 1556/457/3 1552/456/3 1553/458/3
f 1556/457/3 1553/458/3 1554/459/3
f 1555/460/3 1556/457/3 1554/459/3
f 1541/461/3 1542/443/3 1505/436/3
f 1541/461/3 1505/436/3 1506/462/3
f 1540/463/3 1541/461/3 1506/462/3
f 1540/463/3 1506/462/3 1507/464/3
f 1539/465/3 1540/463/3 1507/464/3
f 1539/465/3 1507/464/3 1508/466/3
f 1538/467/3 1539/465/3 1508/466/3
f 1538/467/3 1508/466/3 1509/468/3
f 1537/469/3 1538/467/3 1509/468/3
f 1536/470/3 1537/469/3 1509/468/3
f 1536/470/3 1509/468/3 1510/471/3
f 1535/472/3 1536/470/3 1510/471/3
f 1535/472/3 1510/471/3 1511/473/3
f 1534/474/3 1535/472/3 1511/473/3
f 1533/475/3 1534/474/3 1511/473/3
f 1533/475/3 1511/473/3 1512/476/3
f 1532/477/3 1533/475/3 1512/476/3
f 1532/477/3 1512/476/3 1513/478/3
f 1531/479/3 1532/477/3 1513/478/3
f 1530/480/3 1531/479/3 1513/478/3
f 1530/480/3 1513/478/3 1514/481/3
f 1529/482/3 1530/480/3 1514/481/3
f 1528/483/3 1529/482/3 1514/481/3
f 1527/484/3 1528/483/3 1514/481/3
f 1527/484/3 1514/481/3 1515/485/3
f 1526/486/3 1527/484/3 1515/485/3
f 1525/487/3 1526/486/3 1515/485/3
f 1524/488/3 1525/487/3 1515/485/3
f 1523/489/3 1524/488/3 1515/485/3
f 1522/490/3 1523/489/3 1515/485/3
f 1521/491/3 1522/490/3 1515/485/3
f 1520/492/3 1521/491/3 1515/485/3
f 1520/492/3 1515/485/3 1516/493/3
f 1519/494/3 1520/492/3 1516/493/3
f 1518/495/3 1519/494/3 1516/493/3
f 1517/496/3 1518/495/3 1516/493/3
f 1801/497/3 1802/499/3 1803/498/3
f 1801/497/3 1803/498/3 1804/500/3
f 1800/501/3 1801/497/3 1804/500/3
f 1800/501/3 1804/500/3 1805/502/3
f 1799/503/3 1800/501/3 1805/502/3
f 1799/503/3 1805/502/3 1806/504/3
f 1798/505/3 1799/503/3 1806/504/3
f 1798/505/3 1806/504/3 1807/506/3
f 1797/507/3 1798/505/3 1807/506/3
f 1797/507/3 1807/506/3 1808/508/3
f 1796/509/3 1797/507/3 1808/508/3
f 1796/509/3 1808/508/3 1809/510/3
f 1795/511/3 1796/509/3 1809/510/3
f 1795/511/3 1809/510/3 1810/512/3
f 1794/513/3 1795/511/3 1810/512/3
f 1794/513/3 1810/512/3 1811/514/3
f 1793/515/3 1794/513/3 1811/514/3
f 1793/515/3 1811/514/3 1812/516/3
f 1792/517/3 1793/515/3 1812/516/3
f 1791/518/3 1792/517/3 1812/516/3
f 1791/518/3 1812/516/3 1813/519/3
f 1790/520/3 1791/518/3 1813/519/3
f 1790/520/3 1813/519/3 1814/521/3
f 1789/522/3 1790/520/3 1814/521/3
f 1789/522/3 1814/521/3 1815/140/3
f 1789/522/3 1815/140/3 1718/523/3
f 1788/524/3 1789/522/3 1718/523/3
f 1788/524/3 1718/523/3 1719/525/3
f 1787/526/3 1788/524/3 1719/525/3
f 1787/526/3 1719/525/3 1720/527/3
f 1786/528/3 1787/526/3 1720/527/3
f 1786/528/3 1720/527/3 1721/529/3
f 1785/530/3 1786/528/3 1721/529/3
f 1785/530/3 1721/529/3 1722/531/3
f 1784/532/3 1785/530/3 1722/531/3
f 1784/532/3 1722/531/3 1723/533/3
f 1784/532/3 1723/533/3 1724/534/3
f 1783/535/3 1784/532/3 1724/534/3
f 1783/535/3 1724/534/3 1725/536/3
f 1782/537/3 1783/535/3 1725/536/3
f 1782/537/3 1725/536/3 1726/538/3
f 1781/539/3 1782/537/3 1726/538/3
f 1781/539/3 1726/538/3 1727/540/3
f 1780/541/3 1781/539/3 1727/540/3
f 1780/541/3 1727/540/3 1728/542/3
f 1779/543/3 1780/541/3 1728/542/3
f 1779/543/3 1728/542/3 1729/544/3
f 1778/545/3 1779/543/3 1729/544/3
f 1778/545/3 1729/544/3 1730/546/3
f 1777/547/3 1778/545/3 1730/546/3
f 1777/547/3 1730/546/3 1731/548/3
f 1752/549/3 1753/551/3 1754/550/3
f 1777/547/3 1731/548/3 1732/552/3
f 1776/553/3 1777/547/3 1732/552/3
f 1751/554/3 1752/549/3 1754/550/3
f 1776/553/3 1732/552/3 1733/496/3
f 1750/555/3 1751/554/3 1754/550/3
f 1775/556/3 1776/553/3 1733/496/3
f 1750/555/3 1754/550/3 1755/557/3
f 1775/556/3 1733/496/3 1734/558/3
f 1749/559/3 1750/555/3 1755/557/3
f 1748/560/3 1749/559/3 1755/557/3
f 1775/556/3 1734/558/3 1735/561/3
f 1774/285/3 1775/556/3 1735/561/3
f 1748/560/3 1755/557/3 1756/562/3
f 1747/563/3 1748/560/3 1756/562/3
f 1774/285/3 1735/561/3 1736/564/3
f 1746/565/3 1747/563/3 1756/562/3
f 1746/565/3 1756/562/3 1757/566/3
f 1774/285/3 1736/564/3 1737/567/3
f 1773/568/3 1774/285/3 1737/567/3
f 1745/569/3 1746/565/3 1757/566/3
f 1773/568/3 1737/567/3 1738/570/3
f 1744/571/3 1745/569/3 1757/566/3
f 1744/571/3 1757/566/3 1758/572/3
f 1773/568/3 1738/570/3 1739/573/3
f 1743/574/3 1744/571/3 1758/572/3
f 1772/575/3 1773/568/3 1739/573/3
f 1772/575/3 1739/573/3 1740/576/3
f 1742/577/3 1743/574/3 1758/572/3
f 1772/575/3 1740/576/3 1741/578/3
f 1741/578/3 1742/577/3 1758/572/3
f 1772/575/3 1741/578/3 1758/572/3
f 1772/575/3 1758/572/3 1759/579/3
f 1771/580/3 1772/575/3 1759/579/3
f 1771/580/3 1759/579/3 1760/581/3
f 1770/582/3 1771/580/3 1760/581/3
f 1770/582/3 1760/581/3 1761/583/3
f 1770/582/3 1761/583/3 1762/584/3
f 1769/585/3 1770/582/3 1762/584/3
f 1769/585/3 1762/584/3 1763/586/3
f 1768/587/3 1769/585/3 1763/586/3
f 1768/587/3 1763/586/3 1764/588/3
f 1767/589/3 1768/587/3 1764/588/3
f 1767/589/3 1764/588/3 1765/590/3
f 1766/591/3 1767/589/3 1765/590/3
f 1704/592/3 1705/594/3 1706/593/3
f 1703/595/3 1704/592/3 1706/593/3
f 1703/595/3 1706/593/3 1707/596/3
f 1702/597/3 1703/595/3 1707/596/3
f 1702/597/3 1707/596/3 1708/598/3
f 1701/599/3 1702/597/3 1708/598/3
f 1701/599/3 1708/598/3 1709/600/3
f 1700/601/3 1701/599/3 1709/600/3
f 1700/601/3 1709/600/3 1710/602/3
f 1699/603/3 1700/601/3 1710/602/3
f 1699/603/3 1710/602/3 1711/604/3
f 1698/605/3 1699/603/3 1711/604/3
f 1698/605/3 1711/604/3 1712/606/3
f 1697/607/3 1698/605/3 1712/606/3
f 1697/607/3 1712/606/3 1713/608/3
f 1696/609/3 1697/607/3 1713/608/3
f 1696/609/3 1713/608/3 1714/610/3
f 1695/611/3 1696/609/3 1714/610/3
f 1695/611/3 1714/610/3 1715/612/3
f 1694/613/3 1695/611/3 1715/612/3
f 1694/613/3 1715/612/3 1716/614/3
f 1693/615/3 1694/613/3 1716/614/3
f 1693/615/3 1716/614/3 1717/616/3
f 1692/3/3 1693/615/3 1717/616/3
f 2012/617/3 2013/619/3 2014/618/3
f 2012/617/3 2014/618/3 2015/620/3
f 2011/621/3 2012/617/3 2015/620/3
f 2011/621/3 2015/620/3 2016/622/3
f 2010/623/3 2011/621/3 2016/622/3
f 2010/623/3 2016/622/3 2017/624/3
f 2009/625/3 2010/623/3 2017/624/3
f 2009/625/3 2017/624/3 2018/626/3
f 2008/627/3 2009/625/3 2018/626/3
f 2008/627/3 2018/626/3 2019/628/3
f 2007/629/3 2008/627/3 2019/628/3
f 2007/629/3 2019/628/3 2020/630/3
f 2006/631/3 2007/629/3 2020/630/3
f 2006/631/3 2020/630/3 2021/632/3
f 2005/633/3 2006/631/3 2021/632/3
f 2005/633/3 2021/632/3 2022/634/3
f 2004/635/3 2005/633/3 2022/634/3
f 2004/635/3 2022/634/3 2023/636/3
f 2003/637/3 2004/635/3 2023/636/3
f 2003/637/3 2023/636/3 2024/638/3
f 2002/639/3 2003/637/3 2024/638/3
f 2002/639/3 2024/638/3 2025/640/3
f 2001/641/3 2002/639/3 2025/640/3
f 2001/641/3 2025/640/3 2026/140/3
f 2000/642/3 2001/641/3 2026/140/3
f 2000/642/3 2026/140/3 1865/643/3
f 1999/644/3 2000/642/3 1865/643/3
f 1998/645/3 1999/644/3 1865/643/3
f 1997/646/3 1998/645/3 1865/643/3
f 1996/647/3 1997/646/3 1865/643/3
f 1995/648/3 1996/647/3 1865/643/3
f 1876/649/3 1877/651/3 1878/650/3
f 1994/652/3 1995/648/3 1865/643/3
f 1875/653/3 1876/649/3 1878/650/3
f 1874/654/3 1875/653/3 1878/650/3
f 1873/655/3 1874/654/3 1878/650/3
f 1872/656/3 1873/655/3 1878/650/3
f 1871/657/3 1872/656/3 1878/650/3
f 1870/658/3 1871/657/3 1878/650/3
f 1869/659/3 1870/658/3 1878/650/3
f 1868/660/3 1869/659/3 1878/650/3
f 1867/661/3 1868/660/3 1878/650/3
f 1866/662/3 1867/661/3 1878/650/3
f 1865/643/3 1866/662/3 1878/650/3
f 1994/652/3 1865/643/3 1878/650/3
f 1993/663/3 1994/652/3 1878/650/3
f 1992/664/3 1993/663/3 1878/650/3
f 1991/665/3 1992/664/3 1878/650/3
f 1990/666/3 1991/665/3 1878/650/3
f 1990/666/3 1878/650/3 1879/667/3
f 1990/666/3 1879/667/3 1880/668/3
f 1990/666/3 1880/668/3 1881/669/3
f 1990/666/3 1881/669/3 1882/670/3
f 1990/666/3 1882/670/3 1883/671/3
f 1990/666/3 1883/671/3 1884/672/3
f 1989/673/3 1990/666/3 1890/674/3
f 1890/674/3 1990/666/3 1884/672/3
f 1890/674/3 1884/672/3 1885/675/3
f 1890/674/3 1885/675/3 1886/496/3
f 1890/674/3 1886/496/3 1887/676/3
f 1890/674/3 1887/676/3 1888/677/3
f 1890/674/3 1888/677/3 1889/678/3
f 1989/673/3 1890/674/3 1891/679/3
f 1988/680/3 1989/673/3 1891/679/3
f 1988/680/3 1891/679/3 1892/681/3
f 1987/682/3 1988/680/3 1892/681/3
f 1987/682/3 1892/681/3 1893/683/3
f 1986/684/3 1987/682/3 1893/683/3
f 1986/684/3 1893/683/3 1894/685/3
f 1985/686/3 1986/684/3 1894/685/3
f 1985/686/3 1894/685/3 1895/687/3
f 1984/204/3 1985/686/3 1895/687/3
f 1984/204/3 1895/687/3 1896/688/3
f 1983/689/3 1984/204/3 1896/688/3
f 1983/689/3 1896/688/3 1897/690/3
f 1982/691/3 1983/689/3 1897/690/3
f 1982/691/3 1897/690/3 1898/692/3
f 1981/693/3 1982/691/3 1898/692/3
f 1981/693/3 1898/692/3 1899/694/3
f 1980/695/3 1981/693/3 1899/694/3
f 1980/695/3 1899/694/3 1900/60/3
f 1979/696/3 1980/695/3 1900/60/3
f 1979/696/3 1900/60/3 1901/697/3
f 1978/698/3 1979/696/3 1901/697/3
f 1978/698/3 1901/697/3 1902/699/3
f 1977/700/3 1978/698/3 1902/699/3
f 1964/701/3 1965/703/3 1966/702/3
f 1964/701/3 1966/702/3 1967/704/3
f 1964/701/3 1967/704/3 1968/705/3
f 1964/701/3 1968/705/3 1969/706/3
f 1964/701/3 1969/706/3 1970/707/3
f 1964/701/3 1970/707/3 1971/708/3
f 1977/700/3 1902/699/3 1903/709/3
f 1964/701/3 1971/708/3 1972/710/3
f 1963/711/3 1964/701/3 1972/710/3
f 1963/711/3 1972/710/3 1973/712/3
f 1963/711/3 1973/712/3 1974/713/3
f 1963/711/3 1974/713/3 1975/714/3
f 1963/711/3 1975/714/3 1976/715/3
f 1963/711/3 1976/715/3 1977/700/3
f 1962/716/3 1963/711/3 1977/700/3
f 1962/716/3 1977/700/3 1903/709/3
f 1961/717/3 1962/716/3 1903/709/3
f 1960/718/3 1961/717/3 1903/709/3
f 1960/718/3 1903/709/3 1904/719/3
f 1960/718/3 1904/719/3 1905/720/3
f 1959/721/3 1960/718/3 1905/720/3
f 1959/721/3 1905/720/3 1906/722/3
f 1958/723/3 1959/721/3 1906/722/3
f 1958/723/3 1906/722/3 1907/724/3
f 1957/725/3 1958/723/3 1816/3/3
f 1816/3/3 1958/723/3 1864/726/3
f 1864/726/3 1958/723/3 1907/724/3
f 1864/726/3 1907/724/3 1863/727/3
f 1863/727/3 1907/724/3 1862/728/3
f 1862/728/3 1907/724/3 1908/729/3
f 1861/730/3 1862/728/3 1908/729/3
f 1860/731/3 1861/730/3 1908/729/3
f 1957/725/3 1816/3/3 1817/732/3
f 1859/733/3 1860/731/3 1908/729/3
f 1858/72/3 1859/733/3 1908/729/3
f 1857/734/3 1858/72/3 1908/729/3
f 1957/725/3 1817/732/3 1818/735/3
f 1856/736/3 1857/734/3 1908/729/3
f 1855/737/3 1856/736/3 1908/729/3
f 1854/738/3 1855/737/3 1908/729/3
f 1957/725/3 1818/735/3 1819/739/3
f 1853/740/3 1854/738/3 1908/729/3
f 1852/741/3 1853/740/3 1908/729/3
f 1851/742/3 1852/741/3 1928/743/3
f 1928/743/3 1852/741/3 1908/729/3
f 1957/725/3 1819/739/3 1820/744/3
f 1956/285/3 1957/725/3 1820/744/3
f 1928/743/3 1908/729/3 1909/745/3
f 1956/285/3 1820/744/3 1821/746/3
f 1956/285/3 1821/746/3 1822/747/3
f 1928/743/3 1909/745/3 1910/748/3
f 1955/749/3 1956/285/3 1822/747/3
f 1851/742/3 1928/743/3 1929/750/3
f 1927/751/3 1928/743/3 1910/748/3
f 1955/749/3 1822/747/3 1823/752/3
f 1927/751/3 1910/748/3 1911/753/3
f 1926/754/3 1927/751/3 1911/753/3
f 1955/749/3 1823/752/3 1824/755/3
f 1954/756/3 1955/749/3 1824/755/3
f 1954/756/3 1824/755/3 1825/757/3
f 1925/758/3 1926/754/3 1911/753/3
f 1925/758/3 1911/753/3 1912/759/3
f 1954/756/3 1825/757/3 1826/760/3
f 1924/761/3 1925/758/3 1912/759/3
f 1953/762/3 1954/756/3 1826/760/3
f 1924/761/3 1912/759/3 1913/763/3
f 1850/764/3 1851/742/3 1929/750/3
f 1953/762/3 1826/760/3 1827/765/3
f 1923/766/3 1924/761/3 1913/763/3
f 1923/766/3 1913/763/3 1914/767/3
f 1849/768/3 1850/764/3 1929/750/3
f 1953/762/3 1827/765/3 1828/769/3
f 1922/770/3 1923/766/3 1914/767/3
f 1952/771/3 1953/762/3 1828/769/3
f 1849/768/3 1929/750/3 1930/772/3
f 1952/771/3 1828/769/3 1829/773/3
f 1921/774/3 1922/770/3 1914/767/3
f 1848/775/3 1849/768/3 1930/772/3
f 1921/774/3 1914/767/3 1915/776/3
f 1952/771/3 1829/773/3 1830/777/3
f 1847/778/3 1848/775/3 1930/772/3
f 1920/779/3 1921/774/3 1915/776/3
f 1847/778/3 1930/772/3 1931/780/3
f 1951/781/3 1952/771/3 1830/777/3
f 1920/779/3 1915/776/3 1919/782/3
f 1919/782/3 1915/776/3 1918/783/3
f 1918/783/3 1915/776/3 1917/784/3
f 1917/784/3 1915/776/3 1916/785/3
f 1951/781/3 1830/777/3 1831/786/3
f 1846/787/3 1847/778/3 1931/780/3
f 1951/781/3 1831/786/3 1832/788/3
f 1846/787/3 1931/780/3 1932/789/3
f 1845/790/3 1846/787/3 1932/789/3
f 1950/791/3 1951/781/3 1832/788/3
f 1950/791/3 1832/788/3 1833/792/3
f 1844/793/3 1845/790/3 1932/789/3
f 1950/791/3 1833/792/3 1834/794/3
f 1844/793/3 1932/789/3 1933/795/3
f 1843/796/3 1844/793/3 1933/795/3
f 1950/791/3 1834/794/3 1835/797/3
f 1842/798/3 1843/796/3 1933/795/3
f 1949/799/3 1950/791/3 1835/797/3
f 1949/799/3 1835/797/3 1836/800/3
f 1841/801/3 1842/798/3 1933/795/3
f 1949/799/3 1836/800/3 1837/802/3
f 1840/803/3 1841/801/3 1933/795/3
f 1949/799/3 1837/802/3 1838/804/3
f 1840/803/3 1933/795/3 1934/805/3
f 1839/806/3 1840/803/3 1934/805/3
f 1949/799/3 1838/804/3 1839/806/3
f 1949/799/3 1839/806/3 1934/805/3
f 1948/807/3 1949/799/3 1934/805/3
f 1948/807/3 1934/805/3 1935/808/3
f 1947/809/3 1948/807/3 1935/808/3
f 1947/809/3 1935/808/3 1936/810/3
f 1946/811/3 1947/809/3 1936/810/3
f 1946/811/3 1936/810/3 1937/812/3
f 1945/813/3 1946/811/3 1937/812/3
f 1945/813/3 1937/812/3 1938/814/3
f 1944/815/3 1945/813/3 1938/814/3
f 1944/815/3 1938/814/3 1939/816/3
f 1943/817/3 1944/815/3 1939/816/3
f 1943/817/3 1939/816/3 1940/818/3
f 1942/189/3 1943/817/3 1940/818/3
f 1942/189/3 1940/818/3 1941/819/3
f 2372/820/3 2373/822/3 2374/821/3
f 2371/823/3 2372/820/3 2374/821/3
f 2371/823/3 2374/821/3 2375/824/3
f 2370/825/3 2371/823/3 2375/824/3
f 2370/825/3 2375/824/3 2376/826/3
f 2370/825/3 2376/826/3 2377/827/3
f 2369/828/3 2370/825/3 2377/827/3
f 2369/828/3 2377/827/3 2378/829/3
f 2368/830/3 2369/828/3 2378/829/3
f 2368/830/3 2378/829/3 2379/831/3
f 2367/832/3 2368/830/3 2379/831/3
f 2367/832/3 2379/831/3 2380/833/3
f 2366/834/3 2367/832/3 2380/833/3
f 2366/834/3 2380/833/3 2381/835/3
f 2365/836/3 2366/834/3 2381/835/3
f 2365/836/3 2381/835/3 2382/837/3
f 2364/838/3 2365/836/3 2382/837/3
f 2364/838/3 2382/837/3 2383/839/3
f 2363/840/3 2364/838/3 2383/839/3
f 2363/840/3 2383/839/3 2384/841/3
f 2362/842/3 2363/840/3 2384/841/3
f 2362/842/3 2384/841/3 2385/843/3
f 2361/844/3 2362/842/3 2385/843/3
f 2361/844/3 2385/843/3 2386/140/3
f 2360/845/3 2361/844/3 2386/140/3
f 2360/845/3 2386/140/3 2264/846/3
f 2359/847/3 2360/845/3 2264/846/3
f 2359/847/3 2264/846/3 2265/848/3
f 2358/849/3 2359/847/3 2265/848/3
f 2358/849/3 2265/848/3 2266/850/3
f 2357/851/3 2358/849/3 2266/850/3
f 2357/851/3 2266/850/3 2267/852/3
f 2356/853/3 2357/851/3 2267/852/3
f 2356/853/3 2267/852/3 2268/854/3
f 2355/855/3 2356/853/3 2268/854/3
f 2355/855/3 2268/854/3 2269/856/3
f 2354/857/3 2355/855/3 2269/856/3
f 2354/857/3 2269/856/3 2270/858/3
f 2353/859/3 2354/857/3 2270/858/3
f 2353/859/3 2270/858/3 2271/860/3
f 2352/861/3 2353/859/3 2271/860/3
f 2352/861/3 2271/860/3 2272/862/3
f 2351/863/3 2352/861/3 2272/862/3
f 2351/863/3 2272/862/3 2273/864/3
f 2350/865/3 2351/863/3 2273/864/3
f 2350/865/3 2273/864/3 2274/866/3
f 2350/865/3 2274/866/3 2275/867/3
f 2349/868/3 2350/865/3 2275/867/3
f 2298/869/3 2299/871/3 2300/870/3
f 2349/868/3 2275/867/3 2276/872/3
f 2297/873/3 2298/869/3 2300/870/3
f 2349/868/3 2276/872/3 2277/874/3
f 2296/875/3 2297/873/3 2300/870/3
f 2348/876/3 2349/868/3 2277/874/3
f 2348/876/3 2277/874/3 2278/877/3
f 2296/875/3 2300/870/3 2301/878/3
f 2295/879/3 2296/875/3 2301/878/3
f 2348/876/3 2278/877/3 2279/880/3
f 2294/881/3 2295/879/3 2301/878/3
f 2294/881/3 2301/878/3 2302/882/3
f 2348/876/3 2279/880/3 2280/883/3
f 2347/884/3 2348/876/3 2280/883/3
f 2293/885/3 2294/881/3 2302/882/3
f 2347/884/3 2280/883/3 2281/886/3
f 2293/885/3 2302/882/3 2303/887/3
f 2292/888/3 2293/885/3 2303/887/3
f 2347/884/3 2281/886/3 2282/889/3
f 2291/890/3 2292/888/3 2303/887/3
f 2346/891/3 2347/884/3 2282/889/3
f 2346/891/3 2282/889/3 2283/892/3
f 2291/890/3 2303/887/3 2304/893/3
f 2290/894/3 2291/890/3 2304/893/3
f 2346/891/3 2283/892/3 2284/895/3
f 2290/894/3 2304/893/3 2305/896/3
f 2289/897/3 2290/894/3 2305/896/3
f 2346/891/3 2284/895/3 2285/898/3
f 2345/899/3 2346/891/3 2285/898/3
f 2345/899/3 2285/898/3 2286/900/3
f 2288/901/3 2289/897/3 2305/896/3
f 2288/901/3 2305/896/3 2306/902/3
f 2345/899/3 2286/900/3 2287/903/3
f 2287/903/3 2288/901/3 2306/902/3
f 2345/899/3 2287/903/3 2306/902/3
f 2344/904/3 2345/899/3 2306/902/3
f 2344/904/3 2306/902/3 2307/905/3
f 2344/904/3 2307/905/3 2308/906/3
f 2343/907/3 2344/904/3 2308/906/3
f 2343/907/3 2308/906/3 2309/908/3
f 2342/909/3 2343/907/3 2309/908/3
f 2342/909/3 2309/908/3 2310/910/3
f 2342/909/3 2310/910/3 2311/911/3
f 2341/912/3 2342/909/3 2311/911/3
f 2341/912/3 2311/911/3 2312/913/3
f 2341/912/3 2312/913/3 2313/914/3
f 2340/915/3 2341/912/3 2313/914/3
f 2340/915/3 2313/914/3 2314/916/3
f 2340/915/3 2314/916/3 2315/917/3
f 2340/915/3 2315/917/3 2316/918/3
f 2340/915/3 2316/918/3 2317/919/3
f 2340/915/3 2317/919/3 2318/920/3
f 2340/915/3 2318/920/3 2319/921/3
f 2339/922/3 2340/915/3 2319/921/3
f 2339/922/3 2319/921/3 2320/923/3
f 2339/922/3 2320/923/3 2321/924/3
f 2339/922/3 2321/924/3 2322/925/3
f 2339/922/3 2322/925/3 2323/926/3
f 2339/922/3 2323/926/3 2324/927/3
f 2339/922/3 2324/927/3 2325/928/3
f 2338/929/3 2339/922/3 2325/928/3
f 2338/929/3 2325/928/3 2326/930/3
f 2338/929/3 2326/930/3 2327/931/3
f 2338/929/3 2327/931/3 2328/932/3
f 2338/929/3 2328/932/3 2329/933/3
f 2338/929/3 2329/933/3 2330/934/3
f 2338/929/3 2330/934/3 2331/935/3
f 2338/929/3 2331/935/3 2332/936/3
f 2337/937/3 2338/929/3 2332/936/3
f 2337/937/3 2332/936/3 2333/938/3
f 2337/937/3 2333/938/3 2334/939/3
f 2337/937/3 2334/939/3 2335/940/3
f 2337/937/3 2335/940/3 2336/941/3
f 2249/942/3 2250/944/3 2251/943/3
f 2249/942/3 2251/943/3 2252/945/3
f 2248/946/3 2249/942/3 2252/945/3
f 2248/946/3 2252/945/3 2253/947/3
f 2247/948/3 2248/946/3 2253/947/3
f 2247/948/3 2253/947/3 2254/949/3
f 2246/950/3 2247/948/3 2254/949/3
f 2246/950/3 2254/949/3 2255/951/3
f 2245/952/3 2246/950/3 2255/951/3
f 2245/952/3 2255/951/3 2256/953/3
f 2245/952/3 2256/953/3 2257/954/3
f 2244/955/3 2245/952/3 2257/954/3
f 2244/955/3 2257/954/3 2258/956/3
f 2243/957/3 2244/955/3 2258/956/3
f 2243/957/3 2258/956/3 2259/958/3
f 2242/959/3 2243/957/3 2259/958/3
f 2242/959/3 2259/958/3 2260/960/3
f 2241/961/3 2242/959/3 2260/960/3
f 2241/961/3 2260/960/3 2261/962/3
f 2240/963/3 2241/961/3 2261/962/3
f 2240/963/3 2261/962/3 2262/964/3
f 2239/965/3 2240/963/3 2262/964/3
f 2239/965/3 2262/964/3 2263/966/3
f 2238/967/3 2239/965/3 2263/966/3
f 2238/967/3 2263/966/3 2076/968/3
f 2237/969/3 2238/967/3 2076/968/3
f 2237/969/3 2076/968/3 2077/970/3
f 2237/969/3 2077/970/3 2078/971/3
f 2237/969/3 2078/971/3 2079/972/3
f 2237/969/3 2079/972/3 2080/973/3
f 2237/969/3 2080/973/3 2081/974/3
f 2237/969/3 2081/974/3 2082/975/3
f 2237/969/3 2082/975/3 2083/976/3
f 2237/969/3 2083/976/3 2084/977/3
f 2237/969/3 2084/977/3 2085/978/3
f 2237/969/3 2085/978/3 2086/979/3
f 2098/980/3 2099/982/3 2100/981/3
f 2097/983/3 2098/980/3 2100/981/3
f 2096/984/3 2097/983/3 2100/981/3
f 2095/985/3 2096/984/3 2100/981/3
f 2094/986/3 2095/985/3 2100/981/3
f 2237/969/3 2086/979/3 2087/987/3
f 2093/988/3 2094/986/3 2100/981/3
f 2092/989/3 2093/988/3 2100/981/3
f 2091/990/3 2092/989/3 2100/981/3
f 2090/991/3 2091/990/3 2100/981/3
f 2089/992/3 2090/991/3 2100/981/3
f 2088/993/3 2089/992/3 2100/981/3
f 2223/994/3 2224/996/3 2225/995/3
f 2087/987/3 2088/993/3 2100/981/3
f 2223/994/3 2225/995/3 2226/997/3
f 2237/969/3 2087/987/3 2100/981/3
f 2223/994/3 2226/997/3 2227/998/3
f 2223/994/3 2227/998/3 2228/999/3
f 2223/994/3 2228/999/3 2229/1000/3
f 2223/994/3 2229/1000/3 2230/1001/3
f 2223/994/3 2230/1001/3 2231/1002/3
f 2236/1003/3 2237/969/3 2100/981/3
f 2223/994/3 2231/1002/3 2232/1004/3
f 2223/994/3 2232/1004/3 2233/1005/3
f 2223/994/3 2233/1005/3 2234/1006/3
f 2223/994/3 2234/1006/3 2235/1007/3
f 2223/994/3 2235/1007/3 2236/1003/3
f 2223/994/3 2236/1003/3 2100/981/3
f 2223/994/3 2100/981/3 2101/1008/3
f 2223/994/3 2101/1008/3 2102/1009/3
f 2223/994/3 2102/1009/3 2103/1010/3
f 2223/994/3 2103/1010/3 2104/1011/3
f 2223/994/3 2104/1011/3 2105/1012/3
f 2223/994/3 2105/1012/3 2106/1013/3
f 2223/994/3 2106/1013/3 2107/1014/3
f 2223/994/3 2107/1014/3 2108/1015/3
f 2223/994/3 2108/1015/3 2109/1016/3
f 2223/994/3 2109/1016/3 2110/1017/3
f 2223/994/3 2110/1017/3 2111/1018/3
f 2223/994/3 2111/1018/3 2112/1019/3
f 2222/1020/3 2223/994/3 2112/1019/3
f 2222/1020/3 2112/1019/3 2210/1021/3
f 2210/1021/3 2112/1019/3 2113/1022/3
f 2221/1023/3 2222/1020/3 2210/1021/3
f 2220/1024/3 2221/1023/3 2210/1021/3
f 2219/1025/3 2220/1024/3 2210/1021/3
f 2218/1026/3 2219/1025/3 2210/1021/3
f 2217/1027/3 2218/1026/3 2210/1021/3
f 2217/1027/3 2210/1021/3 2211/1028/3
f 2209/1029/3 2210/1021/3 2113/1022/3
f 2216/1030/3 2217/1027/3 2211/1028/3
f 2215/1031/3 2216/1030/3 2211/1028/3
f 2214/1032/3 2215/1031/3 2211/1028/3
f 2213/1033/3 2214/1032/3 2211/1028/3
f 2212/1034/3 2213/1033/3 2211/1028/3
f 2209/1029/3 2113/1022/3 2114/1035/3
f 2208/1036/3 2209/1029/3 2114/1035/3
f 2207/1037/3 2208/1036/3 2114/1035/3
f 2207/1037/3 2114/1035/3 2115/1038/3
f 2206/1039/3 2207/1037/3 2115/1038/3
f 2206/1039/3 2115/1038/3 2116/1040/3
f 2205/1041/3 2206/1039/3 2116/1040/3
f 2205/1041/3 2116/1040/3 2117/1042/3
f 2204/1043/3 2205/1041/3 2117/1042/3
f 2204/1043/3 2117/1042/3 2118/1044/3
f 2203/1045/3 2204/1043/3 2118/1044/3
f 2203/1045/3 2118/1044/3 2119/1046/3
f 2202/1047/3 2203/1045/3 2119/1046/3
f 2202/1047/3 2119/1046/3 2120/1048/3
f 2201/1049/3 2202/1047/3 2120/1048/3
f 2201/1049/3 2120/1048/3 2121/1050/3
f 2200/1051/3 2201/1049/3 2121/1050/3
f 2200/1051/3 2121/1050/3 2122/1052/3
f 2199/1053/3 2200/1051/3 2122/1052/3
f 2199/1053/3 2122/1052/3 2123/1054/3
f 2198/1055/3 2199/1053/3 2123/1054/3
f 2185/1056/3 2186/1058/3 2187/1057/3
f 2185/1056/3 2187/1057/3 2188/1059/3
f 2185/1056/3 2188/1059/3 2189/1060/3
f 2185/1056/3 2189/1060/3 2190/1061/3
f 2185/1056/3 2190/1061/3 2191/1062/3
f 2184/1063/3 2185/1056/3 2191/1062/3
f 2184/1063/3 2191/1062/3 2192/1064/3
f 2184/1063/3 2192/1064/3 2193/1065/3
f 2184/1063/3 2193/1065/3 2194/1066/3
f 2184/1063/3 2194/1066/3 2195/1067/3
f 2184/1063/3 2195/1067/3 2196/1068/3
f 2183/1069/3 2184/1063/3 2196/1068/3
f 2183/1069/3 2196/1068/3 2197/1070/3
f 2183/1069/3 2197/1070/3 2198/1055/3
f 2183/1069/3 2198/1055/3 2123/1054/3
f 2183/1069/3 2123/1054/3 2124/1071/3
f 2182/1072/3 2183/1069/3 2124/1071/3
f 2181/1073/3 2182/1072/3 2124/1071/3
f 2180/1074/3 2181/1073/3 2124/1071/3
f 2180/1074/3 2124/1071/3 2125/1075/3
f 2180/1074/3 2125/1075/3 2126/1076/3
f 2179/1077/3 2180/1074/3 2126/1076/3
f 2179/1077/3 2126/1076/3 2127/1078/3
f 2178/1079/3 2179/1077/3 2027/3/3
f 2027/3/3 2179/1077/3 2075/1080/3
f 2075/1080/3 2179/1077/3 2127/1078/3
f 2075/1080/3 2127/1078/3 2074/1081/3
f 2074/1081/3 2127/1078/3 2128/1082/3
f 2073/1083/3 2074/1081/3 2128/1082/3
f 2072/1084/3 2073/1083/3 2128/1082/3
f 2178/1079/3 2027/3/3 2028/1085/3
f 2071/1086/3 2072/1084/3 2128/1082/3
f 2070/1087/3 2071/1086/3 2128/1082/3
f 2178/1079/3 2028/1085/3 2029/1088/3
f 2069/1089/3 2070/1087/3 2128/1082/3
f 2068/1090/3 2069/1089/3 2128/1082/3
f 2067/1091/3 2068/1090/3 2128/1082/3
f 2178/1079/3 2029/1088/3 2030/1092/3
f 2067/1091/3 2128/1082/3 2129/1093/3
f 2066/1094/3 2067/1091/3 2129/1093/3
f 2065/1095/3 2066/1094/3 2129/1093/3
f 2178/1079/3 2030/1092/3 2031/1096/3
f 2064/1097/3 2065/1095/3 2129/1093/3
f 2177/1098/3 2178/1079/3 2031/1096/3
f 2063/1099/3 2064/1097/3 2129/1093/3
f 2177/1098/3 2031/1096/3 2032/1100/3
f 2062/1101/3 2063/1099/3 2129/1093/3
f 2062/1101/3 2129/1093/3 2130/1102/3
f 2177/1098/3 2032/1100/3 2033/1103/3
f 2062/1101/3 2130/1102/3 2131/1104/3
f 2177/1098/3 2033/1103/3 2034/1105/3
f 2176/1106/3 2177/1098/3 2034/1105/3
f 2176/1106/3 2034/1105/3 2035/1107/3
f 2062/1101/3 2131/1104/3 2149/1108/3
f 2149/1108/3 2131/1104/3 2132/1109/3
f 2176/1106/3 2035/1107/3 2036/1110/3
f 2175/1111/3 2176/1106/3 2036/1110/3
f 2062/1101/3 2149/1108/3 2150/1112/3
f 2148/1113/3 2149/1108/3 2132/1109/3
f 2061/1114/3 2062/1101/3 2150/1112/3
f 2148/1113/3 2132/1109/3 2133/1115/3
f 2147/1116/3 2148/1113/3 2133/1115/3
f 2175/1111/3 2036/1110/3 2037/1117/3
f 2147/1116/3 2133/1115/3 2134/1118/3
f 2146/1119/3 2147/1116/3 2134/1118/3
f 2060/1120/3 2061/1114/3 2150/1112/3
f 2174/1121/3 2175/1111/3 2037/1117/3
f 2174/1121/3 2037/1117/3 2038/1122/3
f 2060/1120/3 2150/1112/3 2151/1123/3
f 2145/1124/3 2146/1119/3 2134/1118/3
f 2145/1124/3 2134/1118/3 2135/1125/3
f 2174/1121/3 2038/1122/3 2039/1126/3
f 2059/1127/3 2060/1120/3 2151/1123/3
f 2144/1128/3 2145/1124/3 2135/1125/3
f 2144/1128/3 2135/1125/3 2136/1129/3
f 2173/1130/3 2174/1121/3 2039/1126/3
f 2059/1127/3 2151/1123/3 2152/1131/3
f 2143/1132/3 2144/1128/3 2136/1129/3
f 2173/1130/3 2039/1126/3 2040/1133/3
f 2058/1134/3 2059/1127/3 2152/1131/3
f 2143/1132/3 2136/1129/3 2142/1135/3
f 2142/1135/3 2136/1129/3 2141/1136/3
f 2141/1136/3 2136/1129/3 2140/1137/3
f 2140/1137/3 2136/1129/3 2139/1138/3
f 2139/1138/3 2136/1129/3 2138/1139/3
f 2138/1139/3 2136/1129/3 2137/1140/3
f 2173/1130/3 2040/1133/3 2041/1141/3
f 2057/1142/3 2058/1134/3 2152/1131/3
f 2172/1143/3 2173/1130/3 2041/1141/3
f 2057/1142/3 2152/1131/3 2153/1144/3
f 2172/1143/3 2041/1141/3 2042/1145/3
f 2056/1146/3 2057/1142/3 2153/1144/3
f 2172/1143/3 2042/1145/3 2043/1147/3
f 2055/1148/3 2056/1146/3 2153/1144/3
f 2055/1148/3 2153/1144/3 2154/1149/3
f 2171/1150/3 2172/1143/3 2043/1147/3
f 2171/1150/3 2043/1147/3 2044/1151/3
f 2054/1152/3 2055/1148/3 2154/1149/3
f 2171/1150/3 2044/1151/3 2045/1153/3
f 2171/1150/3 2045/1153/3 2046/1154/3
f 2053/1155/3 2054/1152/3 2154/1149/3
f 2053/1155/3 2154/1149/3 2155/1156/3
f 2170/1157/3 2171/1150/3 2046/1154/3
f 2170/1157/3 2046/1154/3 2047/1158/3
f 2052/1159/3 2053/1155/3 2155/1156/3
f 2170/1157/3 2047/1158/3 2048/1160/3
f 2051/1161/3 2052/1159/3 2155/1156/3
f 2170/1157/3 2048/1160/3 2049/1162/3
f 2050/1163/3 2051/1161/3 2155/1156/3
f 2170/1157/3 2049/1162/3 2050/1163/3
f 2170/1157/3 2050/1163/3 2155/1156/3
f 2169/1164/3 2170/1157/3 2155/1156/3
f 2169/1164/3 2155/1156/3 2156/1165/3
f 2168/1166/3 2169/1164/3 2156/1165/3
f 2168/1166/3 2156/1165/3 2157/1167/3
f 2167/1168/3 2168/1166/3 2157/1167/3
f 2167/1168/3 2157/1167/3 2158/1169/3
f 2166/1170/3 2167/1168/3 2158/1169/3
f 2166/1170/3 2158/1169/3 2159/1171/3
f 2165/1172/3 2166/1170/3 2159/1171/3
f 2165/1172/3 2159/1171/3 2160/1173/3
f 2164/1174/3 2165/1172/3 2160/1173/3
f 2164/1174/3 2160/1173/3 2161/1175/3
f 2163/1176/3 2164/1174/3 2161/1175/3
f 2163/1176/3 2161/1175/3 2162/1177/3
s 1
f 2388/1178/5 2390/1179/6 2389/615/6 2387/3/5
f 2390/1179/6 2392/1180/7 2391/613/7 2389/615/6
f 2392/1180/7 2394/1181/8 2393/611/8 2391/613/7
f 2394/1181/8 2396/1182/9 2395/609/9 2393/611/8
f 2396/1182/9 2398/1183/10 2397/607/10 2395/609/9
f 2398/1183/10 2400/1184/11 2399/605/11 2397/607/10
f 2400/1184/11 2402/1185/12 2401/603/12 2399/605/11
f 2402/1185/12 2404/1186/13 2403/601/13 2401/603/12
f 2404/1186/13 2406/1187/14 2405/599/14 2403/601/13
f 2406/1187/14 2408/1188/15 2407/597/15 2405/599/14
f 2408/1188/15 2410/1189/16 2409/595/16 2407/597/15
f 2410/1189/16 2412/1190/17 2411/592/17 2409/595/16
f 2412/1190/17 2414/1191/18 2413/594/18 2411/592/17
f 2414/1191/18 2416/1192/19 2415/593/19 2413/594/18
f 2416/1192/19 2418/1193/20 2417/596/20 2415/593/19
f 2418/1193/20 2420/1194/21 2419/598/21 2417/596/20
f 2420/1194/21 2422/1195/22 2421/600/22 2419/598/21
f 2422/1195/22 2424/1196/23 2423/602/23 2421/600/22
f 2424/1196/23 2426/1197/24 2425/604/24 2423/602/23
f 2426/1197/24 2428/1198/25 2427/606/25 2425/604/24
f 2428/1198/25 2430/1199/26 2429/608/26 2427/606/25
f 2430/1199/26 2432/1200/27 2431/610/27 2429/608/26
f 2432/1200/27 2434/1201/28 2433/612/28 2431/610/27
f 2434/1201/28 2436/1202/29 2435/614/29 2433/612/28
f 2436/1202/29 2438/1203/30 2437/616/30 2435/614/29
f 2438/1203/30 2440/1204/31 2439/523/31 2437/616/30
f 2440/1204/31 2442/1205/32 2441/525/32 2439/523/31
f 2442/1205/32 2444/1206/33 2443/527/33 2441/525/32
f 2444/1206/33 2446/1207/34 2445/529/34 2443/527/33
f 2446/1207/34 2448/1208/35 2447/531/35 2445/529/34
f 2448/1208/35 2450/1209/36 2449/533/36 2447/531/35
f 2450/1209/36 2452/1210/37 2451/534/37 2449/533/36
f 2452/1210/37 2454/1211/38 2453/536/38 2451/534/37
f 2454/1211/38 2456/1212/39 2455/538/39 2453/536/38
f 2456/1212/39 2458/1213/40 2457/540/40 2455/538/39
f 2458/1213/40 2460/1214/41 2459/542/41 2457/540/40
f 2460/1214/41 2462/1215/42 2461/544/42 2459/542/41
f 2462/1215/42 2464/1216/43 2463/546/43 2461/544/42
f 2464/1216/43 2466/1217/44 2465/548/44 2463/546/43
f 2466/1217/44 2468/1218/45 2467/552/45 2465/548/44
f 2468/1218/45 2470/1219/46 2469/496/46 2467/552/45
f 2470/1219/46 2472/1220/47 2471/558/47 2469/496/46
f 2472/1220/47 2474/1221/48 2473/561/48 2471/558/47
f 2474/1221/48 2476/1222/49 2475/564/49 2473/561/48
f 2476/1222/49 2478/1223/50 2477/567/50 2475/564/49
f 2478/1223/50 2480/1224/51 2479/570/51 2477/567/50
f 2480/1224/51 2482/1225/52 2481/573/52 2479/570/51
f 2482/1225/52 2484/1226/53 2483/576/53 2481/573/52
f 2484/1226/53 2486/1227/54 2485/578/54 2483/576/53
f 2486/1227/54 2488/1228/55 2487/577/55 2485/578/54
f 2488/1228/55 2490/1229/56 2489/574/56 2487/577/55
f 2490/1229/56 2492/1230/57 2491/571/57 2489/574/56
f 2492/1230/57 2494/1231/58 2493/569/58 2491/571/57
f 2494/1231/58 2496/1232/59 2495/565/59 2493/569/58
f 2496/1232/59 2498/1233/60 2497/563/60 2495/565/59
f 2498/1233/60 2500/1234/61 2499/560/61 2497/563/60
f 2500/1234/61 2502/1235/62 2501/559/62 2499/560/61
f 2502/1235/62 2504/1236/63 2503/555/63 2501/559/62
f 2504/1236/63 2506/1237/64 2505/554/64 2503/555/63
f 2506/1237/64 2508/1238/65 2507/549/65 2505/554/64
f 2508/1238/65 2510/1239/66 2509/551/66 2507/549/65
f 2510/1239/66 2512/1240/67 2511/550/67 2509/551/66
f 2512/1240/67 2514/1241/68 2513/557/68 2511/550/67
f 2514/1241/68 2516/1242/69 2515/562/69 2513/557/68
f 2516/1242/69 2518/1243/70 2517/566/70 2515/562/69
f 2518/1243/70 2520/1244/71 2519/572/71 2517/566/70
f 2520/1244/71 2522/1245/72 2521/579/72 2519/572/71
f 2522/1245/72 2524/1246/73 2523/581/73 2521/579/72
f 2524/1246/73 2526/1247/74 2525/583/74 2523/581/73
f 2526/1247/74 2528/1248/75 2527/584/75 2525/583/74
f 2528/1248/75 2530/1249/76 2529/586/76 2527/584/75
f 2530/1249/76 2532/1250/77 2531/588/77 2529/586/76
f 2532/1250/77 2534/1251/78 2533/590/78 2531/588/77
f 2534/1251/78 2536/1252/79 2535/591/79 2533/590/78
f 2536/1252/79 2538/1253/80 2537/589/80 2535/591/79
f 2538/1253/80 2540/1254/81 2539/587/81 2537/589/80
f 2540/1254/81 2542/1255/82 2541/585/82 2539/587/81
f 2542/1255/82 2544/1256/83 2543/582/83 2541/585/82
f 2544/1256/83 2546/1257/84 2545/580/84 2543/582/83
f 2546/1257/84 2548/1258/85 2547/575/85 2545/580/84
f 2548/1258/85 2550/1259/86 2549/568/86 2547/575/85
f 2550/1259/86 2552/1260/87 2551/285/87 2549/568/86
f 2552/1260/87 2554/1261/88 2553/556/88 2551/285/87
f 2554/1261/88 2556/1262/89 2555/553/89 2553/556/88
f 2556/1262/89 2558/1263/90 2557/547/90 2555/553/89
f 2558/1263/90 2560/1264/91 2559/545/91 2557/547/90
f 2560/1264/91 2562/1265/92 2561/543/92 2559/545/91
f 2562/1265/92 2564/1266/93 2563/541/93 2561/543/92
f 2564/1266/93 2566/1267/94 2565/539/94 2563/541/93
f 2566/1267/94 2568/1268/95 2567/537/95 2565/539/94
f 2568/1268/95 2570/1269/96 2569/535/96 2567/537/95
f 2570/1269/96 2572/1270/97 2571/532/97 2569/535/96
f 2572/1270/97 2574/1271/98 2573/530/98 2571/532/97
f 2574/1271/98 2576/1272/99 2575/528/99 2573/530/98
f 2576/1272/99 2578/1273/100 2577/526/100 2575/528/99
f 2578/1273/100 2580/1274/101 2579/524/101 2577/526/100
f 2580/1274/101 2582/1275/102 2581/522/102 2579/524/101
f 2582/1275/102 2584/1276/103 2583/520/103 2581/522/102
f 2584/1276/103 2586/1277/104 2585/518/104 2583/520/103
f 2586/1277/104 2588/1278/105 2587/517/105 2585/518/104
f 2588/1278/105 2590/1279/106 2589/515/106 2587/517/105
f 2590/1279/106 2592/1280/107 2591/513/107 2589/515/106
f 2592/1280/107 2594/1281/108 2593/511/108 2591/513/107
f 2594/1281/108 2596/1282/109 2595/509/109 2593/511/108
f 2596/1282/109 2598/1283/110 2597/507/110 2595/509/109
f 2598/1283/110 2600/1284/111 2599/505/111 2597/507/110
f 2600/1284/111 2602/1285/112 2601/503/112 2599/505/111
f 2602/1285/112 2604/1286/113 2603/501/113 2601/503/112
f 2604/1286/113 2606/1287/114 2605/497/114 2603/501/113
f 2606/1287/114 2608/1288/115 2607/499/115 2605/497/114
f 2608/1288/115 2610/1289/116 2609/498/116 2607/499/115
f 2610/1289/116 2612/1290/117 2611/500/117 2609/498/116
f 2612/1290/117 2614/1291/118 2613/502/118 2611/500/117
f 2614/1291/118 2616/1292/119 2615/504/119 2613/502/118
f 2616/1292/119 2618/1293/120 2617/506/120 2615/504/119
f 2618/1293/120 2620/1294/121 2619/508/121 2617/506/120
f 2620/1294/121 2622/1295/122 2621/510/122 2619/508/121
f 2622/1295/122 2624/1296/123 2623/512/123 2621/510/122
f 2624/1296/123 2626/1297/124 2625/514/124 2623/512/123
f 2626/1297/124 2628/1298/125 2627/516/125 2625/514/124
f 2628/1298/125 2630/1299/126 2629/519/126 2627/516/125
f 2630/1299/126 2632/1300/127 2631/521/127 2629/519/126
f 2632/1300/127 2388/1301/5 2387/140/5 2631/521/127
f 2634/1178/128 2636/1302/129 2635/1303/129 2633/3/128
f 2636/1302/129 2638/1304/130 2637/1305/130 2635/1303/129
f 2638/1304/130 2640/1306/131 2639/1307/131 2637/1305/130
f 2640/1306/131 2642/1308/132 2641/1309/132 2639/1307/131
f 2642/1308/132 2644/1310/133 2643/1311/133 2641/1309/132
f 2644/1310/133 2646/1312/134 2645/1313/134 2643/1311/133
f 2646/1312/134 2648/1314/135 2647/787/135 2645/1313/134
f 2648/1314/135 2650/1315/136 2649/1316/136 2647/787/135
f 2650/1315/136 2652/1317/137 2651/1318/137 2649/1316/136
f 2652/1317/137 2654/1319/138 2653/1320/138 2651/1318/137
f 2654/1319/138 2656/1321/139 2655/1322/139 2653/1320/138
f 2656/1321/139 2658/1323/140 2657/1324/140 2655/1322/139
f 2658/1323/140 2660/1325/141 2659/1326/141 2657/1324/140
f 2660/1325/141 2662/1327/142 2661/649/142 2659/1326/141
f 2662/1327/142 2664/1328/143 2663/1329/143 2661/649/142
f 2664/1328/143 2666/1330/144 2665/1331/144 2663/1329/143
f 2666/1330/144 2668/1332/145 2667/1333/145 2665/1331/144
f 2668/1332/145 2670/1334/146 2669/1335/146 2667/1333/145
f 2670/1334/146 2672/1336/147 2671/1337/147 2669/1335/146
f 2672/1336/147 2674/1338/148 2673/1339/148 2671/1337/147
f 2674/1338/148 2676/1340/149 2675/722/149 2673/1339/148
f 2676/1340/149 2678/1341/150 2677/1342/150 2675/722/149
f 2678/1341/150 2680/1343/151 2679/1344/151 2677/1342/150
f 2680/1343/151 2682/1345/152 2681/1346/152 2679/1344/151
f 2682/1345/152 2684/1347/153 2683/1348/153 2681/1346/152
f 2684/1347/153 2686/1349/154 2685/1350/154 2683/1348/153
f 2686/1349/154 2688/1351/155 2687/1352/155 2685/1350/154
f 2688/1351/155 2690/1353/156 2689/810/156 2687/1352/155
f 2690/1353/156 2692/1354/157 2691/1355/157 2689/810/156
f 2692/1354/157 2694/1356/158 2693/1357/158 2691/1355/157
f 2694/1356/158 2696/1358/159 2695/1359/159 2693/1357/158
f 2696/1358/159 2698/1360/160 2697/1361/160 2695/1359/159
f 2698/1360/160 2700/1362/161 2699/1363/161 2697/1361/160
f 2700/1362/161 2702/1364/162 2701/1365/162 2699/1363/161
f 2702/1364/162 2704/1366/163 2703/702/163 2701/1365/162
f 2704/1366/163 2706/1367/164 2705/1368/164 2703/702/163
f 2706/1367/164 2708/1369/165 2707/1370/165 2705/1368/164
f 2708/1369/165 2710/1371/166 2709/1372/166 2707/1370/165
f 2710/1371/166 2712/1373/167 2711/1374/167 2709/1372/166
f 2712/1373/167 2714/1375/168 2713/1376/168 2711/1374/167
f 2714/1375/168 2716/1377/169 2715/1378/169 2713/1376/168
f 2716/1377/169 2718/1379/170 2717/647/170 2715/1378/169
f 2718/1379/170 2720/1380/171 2719/1381/171 2717/647/170
f 2720/1380/171 2722/1382/172 2721/1383/172 2719/1381/171
f 2722/1382/172 2724/1384/173 2723/1385/173 2721/1383/172
f 2724/1384/173 2726/1386/174 2725/1387/174 2723/1385/173
f 2726/1386/174 2728/1388/175 2727/1389/175 2725/1387/174
f 2728/1388/175 2730/1390/176 2729/1391/176 2727/1389/175
f 2730/1390/176 2634/1301/128 2633/140/128 2729/1391/176
f 2732/1178/177 2734/1392/178 2733/1393/178 2731/3/177
f 2734/1392/178 2736/1394/179 2735/1395/179 2733/1393/178
f 2736/1394/179 2738/1396/180 2737/1397/180 2735/1395/179
f 2738/1396/180 2740/1398/62 2739/7/62 2737/1397/180
f 2740/1398/62 2742/1399/181 2741/1400/181 2739/7/62
f 2742/1399/181 2744/1401/182 2743/1402/182 2741/1400/181
f 2744/1401/182 2746/1403/183 2745/1404/183 2743/1402/182
f 2746/1403/183 2748/1405/184 2747/22/184 2745/1404/183
f 2748/1405/184 2750/1406/185 2749/1407/185 2747/22/184
f 2750/1406/185 2752/1408/186 2751/1409/186 2749/1407/185
f 2752/1408/186 2754/1410/187 2753/1411/187 2751/1409/186
f 2754/1410/187 2756/1412/188 2755/36/188 2753/1411/187
f 2756/1412/188 2758/1413/189 2757/1414/189 2755/36/188
f 2758/1413/189 2760/1415/190 2759/1416/190 2757/1414/189
f 2760/1415/190 2762/1417/191 2761/1418/191 2759/1416/190
f 2762/1417/191 2764/1419/192 2763/15/192 2761/1418/191
f 2764/1419/192 2766/1420/193 2765/1421/193 2763/15/192
f 2766/1420/193 2768/1422/194 2767/1423/194 2765/1421/193
f 2768/1422/194 2770/1424/195 2769/1425/195 2767/1423/194
f 2770/1424/195 2772/1426/196 2771/1/196 2769/1425/195
f 2772/1426/196 2774/1427/197 2773/1428/197 2771/1/196
f 2774/1427/197 2776/1429/198 2775/1430/198 2773/1428/197
f 2776/1429/198 2778/1431/199 2777/1432/199 2775/1430/198
f 2778/1431/199 2780/1433/200 2779/131/200 2777/1432/199
f 2780/1433/200 2782/1434/201 2781/1435/201 2779/131/200
f 2782/1434/201 2784/1436/202 2783/1437/202 2781/1435/201
f 2784/1436/202 2786/1438/203 2785/1439/203 2783/1437/202
f 2786/1438/203 2788/1440/204 2787/122/204 2785/1439/203
f 2788/1440/204 2790/1441/205 2789/1442/205 2787/122/204
f 2790/1441/205 2792/1443/206 2791/1444/206 2789/1442/205
f 2792/1443/206 2794/1445/207 2793/1446/207 2791/1444/206
f 2794/1445/207 2796/1447/208 2795/107/208 2793/1446/207
f 2796/1447/208 2798/1448/209 2797/1449/209 2795/107/208
f 2798/1448/209 2800/1450/210 2799/1451/210 2797/1449/209
f 2800/1450/210 2802/1452/211 2801/1453/211 2799/1451/210
f 2802/1452/211 2804/1454/212 2803/78/212 2801/1453/211
f 2804/1454/212 2806/1455/213 2805/1456/213 2803/78/212
f 2806/1455/213 2808/1457/214 2807/1458/214 2805/1456/213
f 2808/1457/214 2810/1459/215 2809/1460/215 2807/1458/214
f 2810/1459/215 2812/1461/216 2811/65/216 2809/1460/215
f 2812/1461/216 2814/1462/217 2813/1463/217 2811/65/216
f 2814/1462/217 2816/1464/218 2815/1465/218 2813/1463/217
f 2816/1464/218 2818/1466/219 2817/1467/219 2815/1465/218
f 2818/1466/219 2820/1468/220 2819/45/220 2817/1467/219
f 2820/1468/220 2822/1469/221 2821/1470/221 2819/45/220
f 2822/1469/221 2824/1471/222 2823/1472/222 2821/1470/221
f 2824/1471/222 2826/1473/223 2825/1474/223 2823/1472/222
f 2826/1473/223 2828/1475/224 2827/32/224 2825/1474/223
f 2828/1475/224 2830/1476/225 2829/1477/225 2827/32/224
f 2830/1476/225 2832/1478/226 2831/1479/226 2829/1477/225
f 2832/1478/226 2834/1480/227 2833/1481/227 2831/1479/226
f 2834/1480/227 2836/1482/228 2835/23/228 2833/1481/227
f 2836/1482/228 2838/1483/229 2837/1484/229 2835/23/228
f 2838/1483/229 2840/1485/230 2839/1486/230 2837/1484/229
f 2840/1485/230 2842/1487/231 2841/1488/231 2839/1486/230
f 2842/1487/231 2844/1489/232 2843/34/232 2841/1488/231
f 2844/1489/232 2846/1490/233 2845/1491/233 2843/34/232
f 2846/1490/233 2848/1492/234 2847/1493/234 2845/1491/233
f 2848/1492/234 2850/1494/235 2849/1495/235 2847/1493/234
f 2850/1494/235 2852/1496/27 2851/47/27 2849/1495/235
f 2852/1496/27 2854/1497/236 2853/1498/236 2851/47/27
f 2854/1497/236 2856/1499/237 2855/1500/237 2853/1498/236
f 2856/1499/237 2858/1501/238 2857/1502/238 2855/1500/237
f 2858/1501/238 2860/1503/239 2859/73/239 2857/1502/238
f 2860/1503/239 2862/1504/240 2861/1505/240 2859/73/239
f 2862/1504/240 2864/1506/241 2863/1507/241 2861/1505/240
f 2864/1506/241 2866/1508/242 2865/1509/242 2863/1507/241
f 2866/1508/242 2868/1510/243 2867/100/243 2865/1509/242
f 2868/1510/243 2870/1511/244 2869/1512/244 2867/100/243
f 2870/1511/244 2872/1513/245 2871/1514/245 2869/1512/244
f 2872/1513/245 2874/1515/246 2873/1516/246 2871/1514/245
f 2874/1515/246 2876/1517/247 2875/76/247 2873/1516/246
f 2876/1517/247 2878/1518/248 2877/1519/248 2875/76/247
f 2878/1518/248 2880/1520/249 2879/1521/249 2877/1519/248
f 2880/1520/249 2882/1522/250 2881/1523/250 2879/1521/249
f 2882/1522/250 2884/1524/251 2883/56/251 2881/1523/250
f 2884/1524/251 2886/1525/252 2885/1526/252 2883/56/251
f 2886/1525/252 2888/1527/253 2887/1528/253 2885/1526/252
f 2888/1527/253 2890/1529/254 2889/1530/254 2887/1528/253
f 2890/1529/254 2892/1531/255 2891/55/255 2889/1530/254
f 2892/1531/255 2894/1532/256 2893/1533/256 2891/55/255
f 2894/1532/256 2896/1534/257 2895/1535/257 2893/1533/256
f 2896/1534/257 2898/1536/258 2897/1537/258 2895/1535/257
f 2898/1536/258 2900/1538/259 2899/79/259 2897/1537/258
f 2900/1538/259 2902/1539/260 2901/1540/260 2899/79/259
f 2902/1539/260 2904/1541/261 2903/1542/261 2901/1540/260
f 2904/1541/261 2906/1543/262 2905/1544/262 2903/1542/261
f 2906/1543/262 2908/1545/263 2907/129/263 2905/1544/262
f 2908/1545/263 2910/1546/264 2909/1547/264 2907/129/263
f 2910/1546/264 2912/1548/265 2911/1549/265 2909/1547/264
f 2912/1548/265 2914/1550/266 2913/1551/266 2911/1549/265
f 2914/1550/266 2916/1552/267 2915/184/267 2913/1551/266
f 2916/1552/267 2918/1553/268 2917/1554/268 2915/184/267
f 2918/1553/268 2920/1555/269 2919/774/269 2917/1554/268
f 2920/1555/269 2922/1556/270 2921/1557/270 2919/774/269
f 2922/1556/270 2924/1558/271 2923/210/271 2921/1557/270
f 2924/1558/271 2926/1559/272 2925/1560/272 2923/210/271
f 2926/1559/272 2928/1561/273 2927/1562/273 2925/1560/272
f 2928/1561/273 2930/1563/274 2929/1564/274 2927/1562/273
f 2930/1563/274 2932/1565/275 2931/216/275 2929/1564/274
f 2932/1565/275 2934/1566/276 2933/1567/276 2931/216/275
f 2934/1566/276 2936/1568/277 2935/1569/277 2933/1567/276
f 2936/1568/277 2938/1570/278 2937/1571/278 2935/1569/277
f 2938/1570/278 2940/1572/279 2939/209/279 2937/1571/278
f 2940/1572/279 2942/1573/280 2941/1574/280 2939/209/279
f 2942/1573/280 2944/1575/281 2943/1576/281 2941/1574/280
f 2944/1575/281 2946/1577/282 2945/1578/282 2943/1576/281
f 2946/1577/282 2948/1579/283 2947/178/283 2945/1578/282
f 2948/1579/283 2950/1580/284 2949/1581/284 2947/178/283
f 2950/1580/284 2952/1582/285 2951/1583/285 2949/1581/284
f 2952/1582/285 2954/1584/286 2953/1585/286 2951/1583/285
f 2954/1584/286 2956/1586/287 2955/188/287 2953/1585/286
f 2956/1586/287 2958/1587/288 2957/1588/288 2955/188/287
f 2958/1587/288 2960/1589/289 2959/1590/289 2957/1588/288
f 2960/1589/289 2962/1591/290 2961/1592/290 2959/1590/289
f 2962/1591/290 2964/1593/291 2963/196/291 2961/1592/290
f 2964/1593/291 2966/1594/292 2965/1595/292 2963/196/291
f 2966/1594/292 2968/1596/293 2967/1597/293 2965/1595/292
f 2968/1596/293 2970/1598/294 2969/1599/294 2967/1597/293
f 2970/1598/294 2972/1600/295 2971/187/295 2969/1599/294
f 2972/1600/295 2974/1601/296 2973/1602/296 2971/187/295
f 2974/1601/296 2976/1603/297 2975/1604/297 2973/1602/296
f 2976/1603/297 2978/1605/298 2977/1606/298 2975/1604/297
f 2978/1605/298 2980/1607/299 2979/163/299 2977/1606/298
f 2980/1607/299 2982/1608/300 2981/1609/300 2979/163/299
f 2982/1608/300 2984/1610/301 2983/1611/301 2981/1609/300
f 2984/1610/301 2986/1612/302 2985/1613/302 2983/1611/301
f 2986/1612/302 2988/1614/303 2987/126/303 2985/1613/302
f 2988/1614/303 2990/1615/304 2989/1616/304 2987/126/303
f 2990/1615/304 2992/1617/305 2991/1618/305 2989/1616/304
f 2992/1617/305 2994/1619/306 2993/1620/306 2991/1618/305
f 2994/1619/306 2996/1621/307 2995/106/307 2993/1620/306
f 2996/1621/307 2998/1622/308 2997/1623/308 2995/106/307
f 2998/1622/308 3000/1624/309 2999/1625/309 2997/1623/308
f 3000/1624/309 3002/1626/261 3001/1627/261 2999/1625/309
f 3002/1626/261 3004/1628/310 3003/87/310 3001/1627/261
f 3004/1628/310 3006/1629/311 3005/1630/311 3003/87/310
f 3006/1629/311 3008/1631/312 3007/1632/312 3005/1630/311
f 3008/1631/312 3010/1633/313 3009/1634/313 3007/1632/312
f 3010/1633/313 3012/1635/314 3011/96/314 3009/1634/313
f 3012/1635/314 3014/1636/315 3013/1637/315 3011/96/314
f 3014/1636/315 3016/1638/316 3015/1639/316 3013/1637/315
f 3016/1638/316 3018/1640/317 3017/1641/317 3015/1639/316
f 3018/1640/317 3020/1642/318 3019/115/318 3017/1641/317
f 3020/1642/318 3022/1643/319 3021/1644/319 3019/115/318
f 3022/1643/319 3024/1645/320 3023/1646/320 3021/1644/319
f 3024/1645/320 3026/1647/321 3025/1648/321 3023/1646/320
f 3026/1647/321 3028/1649/322 3027/168/322 3025/1648/321
f 3028/1649/322 3030/1650/323 3029/1651/323 3027/168/322
f 3030/1650/323 3032/1652/324 3031/1653/324 3029/1651/323
f 3032/1652/324 3034/1654/325 3033/1655/325 3031/1653/324
f 3034/1654/325 3036/1656/326 3035/223/326 3033/1655/325
f 3036/1656/326 3038/1657/327 3037/1658/327 3035/223/326
f 3038/1657/327 3040/1659/328 3039/1660/328 3037/1658/327
f 3040/1659/328 3042/1661/329 3041/1662/329 3039/1660/328
f 3042/1661/329 3044/1663/330 3043/233/330 3041/1662/329
f 3044/1663/330 3046/1664/331 3045/1665/331 3043/233/330
f 3046/1664/331 3048/1666/332 3047/1667/332 3045/1665/331
f 3048/1666/332 3050/1668/333 3049/1669/333 3047/1667/332
f 3050/1668/333 3052/1670/334 3051/230/334 3049/1669/333
f 3052/1670/334 3054/1671/335 3053/1672/335 3051/230/334
f 3054/1671/335 3056/1673/336 3055/1674/336 3053/1672/335
f 3056/1673/336 3058/1675/337 3057/1676/337 3055/1674/336
f 3058/1675/337 3060/1677/338 3059/220/338 3057/1676/337
f 3060/1677/338 3062/1678/339 3061/1679/339 3059/220/338
f 3062/1678/339 3064/1680/340 3063/1681/340 3061/1679/339
f 3064/1680/340 3066/1682/341 3065/1683/341 3063/1681/340
f 3066/1682/341 3068/1684/342 3067/134/342 3065/1683/341
f 3068/1684/342 3070/1685/343 3069/1686/343 3067/134/342
f 3070/1685/343 3072/1687/344 3071/1688/344 3069/1686/343
f 3072/1687/344 3074/1689/345 3073/1690/345 3071/1688/344
f 3074/1689/345 3076/1691/346 3075/164/346 3073/1690/345
f 3076/1691/346 3078/1692/347 3077/1693/347 3075/164/346
f 3078/1692/347 3080/1694/348 3079/1695/348 3077/1693/347
f 3080/1694/348 3082/1696/349 3081/1697/349 3079/1695/348
f 3082/1696/349 3084/1698/350 3083/175/350 3081/1697/349
f 3084/1698/350 3086/1699/351 3085/1700/351 3083/175/350
f 3086/1699/351 3088/1701/352 3087/1702/352 3085/1700/351
f 3088/1701/352 3090/1703/353 3089/1704/353 3087/1702/352
f 3090/1703/353 3092/1705/354 3091/154/354 3089/1704/353
f 3092/1705/354 3094/1706/355 3093/1707/355 3091/154/354
f 3094/1706/355 3096/1708/356 3095/1709/356 3093/1707/355
f 3096/1708/356 3098/1710/357 3097/1711/357 3095/1709/356
f 3098/1710/357 3100/1712/358 3099/146/358 3097/1711/357
f 3100/1712/358 3102/1713/359 3101/1714/359 3099/146/358
f 3102/1713/359 3104/1715/360 3103/1716/360 3101/1714/359
f 3104/1715/360 3106/1717/361 3105/1718/361 3103/1716/360
f 3106/1717/361 2732/1301/177 2731/140/177 3105/1718/361
f 3108/1178/362 3110/1302/363 3109/1303/363 3107/3/362
f 3110/1302/363 3112/1304/364 3111/1305/364 3109/1303/363
f 3112/1304/364 3114/1306/365 3113/1307/365 3111/1305/364
f 3114/1306/365 3116/1308/366 3115/1309/366 3113/1307/365
f 3116/1308/366 3118/1310/367 3117/1311/367 3115/1309/366
f 3118/1310/367 3120/1312/368 3119/1313/368 3117/1311/367
f 3120/1312/368 3122/1314/369 3121/787/369 3119/1313/368
f 3122/1314/369 3124/1315/370 3123/1316/370 3121/787/369
f 3124/1315/370 3126/1317/371 3125/1318/371 3123/1316/370
f 3126/1317/371 3128/1319/372 3127/1320/372 3125/1318/371
f 3128/1319/372 3130/1321/373 3129/1322/373 3127/1320/372
f 3130/1321/373 3132/1323/374 3131/1324/374 3129/1322/373
f 3132/1323/374 3134/1325/375 3133/1326/375 3131/1324/374
f 3134/1325/375 3136/1327/376 3135/649/376 3133/1326/375
f 3136/1327/376 3138/1328/377 3137/1329/377 3135/649/376
f 3138/1328/377 3140/1330/378 3139/1331/378 3137/1329/377
f 3140/1330/378 3142/1332/379 3141/1333/379 3139/1331/378
f 3142/1332/379 3144/1334/380 3143/1335/380 3141/1333/379
f 3144/1334/380 3146/1336/381 3145/1337/381 3143/1335/380
f 3146/1336/381 3148/1338/382 3147/1339/382 3145/1337/381
f 3148/1338/382 3150/1340/383 3149/722/383 3147/1339/382
f 3150/1340/383 3152/1341/384 3151/1342/384 3149/722/383
f 3152/1341/384 3154/1343/385 3153/1344/385 3151/1342/384
f 3154/1343/385 3156/1345/386 3155/1346/386 3153/1344/385
f 3156/1345/386 3158/1347/387 3157/1348/387 3155/1346/386
f 3158/1347/387 3160/1349/388 3159/1350/388 3157/1348/387
f 3160/1349/388 3162/1351/389 3161/1352/389 3159/1350/388
f 3162/1351/389 3164/1353/390 3163/810/390 3161/1352/389
f 3164/1353/390 3166/1354/391 3165/1355/391 3163/810/390
f 3166/1354/391 3168/1356/392 3167/1357/392 3165/1355/391
f 3168/1356/392 3170/1358/393 3169/1359/393 3167/1357/392
f 3170/1358/393 3172/1360/394 3171/1361/394 3169/1359/393
f 3172/1360/394 3174/1362/395 3173/1363/395 3171/1361/394
f 3174/1362/395 3176/1364/396 3175/1365/396 3173/1363/395
f 3176/1364/396 3178/1366/397 3177/702/397 3175/1365/396
f 3178/1366/397 3180/1367/398 3179/1368/398 3177/702/397
f 3180/1367/398 3182/1369/399 3181/1370/399 3179/1368/398
f 3182/1369/399 3184/1371/400 3183/1372/400 3181/1370/399
f 3184/1371/400 3186/1373/401 3185/1374/401 3183/1372/400
f 3186/1373/401 3188/1375/402 3187/1376/402 3185/1374/401
f 3188/1375/402 3190/1377/403 3189/1378/403 3187/1376/402
f 3190/1377/403 3192/1379/404 3191/647/404 3189/1378/403
f 3192/1379/404 3194/1380/405 3193/1381/405 3191/647/404
f 3194/1380/405 3196/1382/406 3195/1383/406 3193/1381/405
f 3196/1382/406 3198/1384/407 3197/1385/407 3195/1383/406
f 3198/1384/407 3200/1386/408 3199/1387/408 3197/1385/407
f 3200/1386/408 3202/1388/409 3201/1389/409 3199/1387/408
f 3202/1388/409 3204/1390/176 3203/1391/176 3201/1389/409
f 3204/1390/176 3108/1301/362 3107/140/362 3203/1391/176
f 3206/1178/410 3208/1719/411 3207/1720/411 3205/3/410
f 3208/1719/411 3210/1721/412 3209/1722/412 3207/1720/411
f 3210/1721/412 3212/1723/413 3211/1724/413 3209/1722/412
f 3212/1723/413 3214/1725/414 3213/1726/414 3211/1724/413
f 3214/1725/414 3216/1727/415 3215/1728/415 3213/1726/414
f 3216/1727/415 3218/1729/416 3217/1730/416 3215/1728/415
f 3218/1729/416 3220/1731/417 3219/1732/417 3217/1730/416
f 3220/1731/417 3222/1733/418 3221/1734/418 3219/1732/417
f 3222/1733/418 3224/1735/419 3223/1736/419 3221/1734/418
f 3224/1735/419 3226/1737/420 3225/1738/420 3223/1736/419
f 3226/1737/420 3228/1739/421 3227/1740/421 3225/1738/420
f 3228/1739/421 3230/1741/422 3229/1742/422 3227/1740/421
f 3230/1741/422 3232/1743/423 3231/1744/423 3229/1742/422
f 3232/1743/423 3234/1745/424 3233/1746/424 3231/1744/423
f 3234/1745/424 3236/1747/425 3235/1748/425 3233/1746/424
f 3236/1747/425 3238/1749/426 3237/1750/426 3235/1748/425
f 3238/1749/426 3240/1751/427 3239/1752/427 3237/1750/426
f 3240/1751/427 3242/1753/428 3241/359/428 3239/1752/427
f 3242/1753/428 3244/1754/429 3243/1755/429 3241/359/428
f 3244/1754/429 3246/1756/430 3245/1757/430 3243/1755/429
f 3246/1756/430 3248/1758/431 3247/1759/431 3245/1757/430
f 3248/1758/431 3250/1760/432 3249/1761/432 3247/1759/431
f 3250/1760/432 3252/1762/433 3251/1763/433 3249/1761/432
f 3252/1762/433 3254/1764/434 3253/1765/434 3251/1763/433
f 3254/1764/434 3256/1766/435 3255/1767/435 3253/1765/434
f 3256/1766/435 3258/1768/436 3257/1769/436 3255/1767/435
f 3258/1768/436 3260/1770/437 3259/742/437 3257/1769/436
f 3260/1770/437 3262/1771/438 3261/1772/438 3259/742/437
f 3262/1771/438 3264/1773/439 3263/1774/439 3261/1772/438
f 3264/1773/439 3266/1775/440 3265/1776/440 3263/1774/439
f 3266/1775/440 3268/1777/441 3267/1778/441 3265/1776/440
f 3268/1777/441 3270/1779/442 3269/1780/442 3267/1778/441
f 3270/1779/442 3272/1781/443 3271/1782/443 3269/1780/442
f 3272/1781/443 3274/1783/444 3273/1784/444 3271/1782/443
f 3274/1783/444 3276/1785/445 3275/1786/445 3273/1784/444
f 3276/1785/445 3278/1787/446 3277/389/446 3275/1786/445
f 3278/1787/446 3280/1788/447 3279/1789/447 3277/389/446
f 3280/1788/447 3282/1790/448 3281/1791/448 3279/1789/447
f 3282/1790/448 3284/1792/449 3283/1793/449 3281/1791/448
f 3284/1792/449 3286/1794/450 3285/1795/450 3283/1793/449
f 3286/1794/450 3288/1796/451 3287/1797/451 3285/1795/450
f 3288/1796/451 3290/1798/452 3289/1799/452 3287/1797/451
f 3290/1798/452 3292/1800/453 3291/1801/453 3289/1799/452
f 3292/1800/453 3294/1802/454 3293/1803/454 3291/1801/453
f 3294/1802/454 3296/1804/455 3295/1805/455 3293/1803/454
f 3296/1804/455 3298/1806/456 3297/1807/456 3295/1805/455
f 3298/1806/456 3300/1808/457 3299/1809/457 3297/1807/456
f 3300/1808/457 3302/1810/458 3301/1811/458 3299/1809/457
f 3302/1810/458 3304/1812/459 3303/1813/459 3301/1811/458
f 3304/1812/459 3306/1814/460 3305/1815/460 3303/1813/459
f 3306/1814/460 3308/1816/461 3307/1817/461 3305/1815/460
f 3308/1816/461 3310/1818/462 3309/1819/462 3307/1817/461
f 3310/1818/462 3312/1820/463 3311/1821/463 3309/1819/462
f 3312/1820/463 3314/1219/464 3313/496/464 3311/1821/463
f 3314/1219/464 3316/1822/465 3315/1823/465 3313/496/464
f 3316/1822/465 3318/1824/466 3317/1825/466 3315/1823/465
f 3318/1824/466 3320/1826/467 3319/1827/467 3317/1825/466
f 3320/1826/467 3322/1828/468 3321/1829/468 3319/1827/467
f 3322/1828/468 3324/1830/469 3323/1831/469 3321/1829/468
f 3324/1830/469 3326/1832/470 3325/1833/470 3323/1831/469
f 3326/1832/470 3328/1834/471 3327/1835/471 3325/1833/470
f 3328/1834/471 3330/1836/472 3329/1837/472 3327/1835/471
f 3330/1836/472 3332/1838/473 3331/1839/473 3329/1837/472
f 3332/1838/473 3334/1840/474 3333/1841/474 3331/1839/473
f 3334/1840/474 3336/1842/475 3335/1843/475 3333/1841/474
f 3336/1842/475 3338/1844/476 3337/1845/476 3335/1843/475
f 3338/1844/476 3340/1846/477 3339/1847/477 3337/1845/476
f 3340/1846/477 3342/1848/478 3341/1849/478 3339/1847/477
f 3342/1848/478 3344/1850/479 3343/1851/479 3341/1849/478
f 3344/1850/479 3346/1852/480 3345/1853/480 3343/1851/479
f 3346/1852/480 3348/1854/481 3347/1855/481 3345/1853/480
f 3348/1854/481 3350/1856/482 3349/446/482 3347/1855/481
f 3350/1856/482 3352/1857/483 3351/1858/483 3349/446/482
f 3352/1857/483 3354/1859/484 3353/1860/484 3351/1858/483
f 3354/1859/484 3356/1861/485 3355/1862/485 3353/1860/484
f 3356/1861/485 3358/1863/486 3357/1864/486 3355/1862/485
f 3358/1863/486 3360/1865/487 3359/1866/487 3357/1864/486
f 3360/1865/487 3362/1867/488 3361/1868/488 3359/1866/487
f 3362/1867/488 3364/1869/489 3363/1870/489 3361/1868/488
f 3364/1869/489 3366/1871/490 3365/1872/490 3363/1870/489
f 3366/1871/490 3368/1555/491 3367/774/491 3365/1872/490
f 3368/1555/491 3370/1873/492 3369/1874/492 3367/774/491
f 3370/1873/492 3372/1875/493 3371/1876/493 3369/1874/492
f 3372/1875/493 3374/1877/494 3373/1878/494 3371/1876/493
f 3374/1877/494 3376/1879/495 3375/1880/495 3373/1878/494
f 3376/1879/495 3378/1881/496 3377/1882/496 3375/1880/495
f 3378/1881/496 3380/1883/497 3379/1884/497 3377/1882/496
f 3380/1883/497 3382/1885/498 3381/1886/498 3379/1884/497
f 3382/1885/498 3384/1887/499 3383/1888/499 3381/1886/498
f 3384/1887/499 3386/1889/500 3385/408/500 3383/1888/499
f 3386/1889/500 3388/1890/501 3387/1891/501 3385/408/500
f 3388/1890/501 3390/1892/502 3389/1893/502 3387/1891/501
f 3390/1892/502 3392/1894/503 3391/1895/503 3389/1893/502
f 3392/1894/503 3394/1896/504 3393/1897/504 3391/1895/503
f 3394/1896/504 3396/1898/505 3395/1899/505 3393/1897/504
f 3396/1898/505 3398/1900/506 3397/1901/506 3395/1899/505
f 3398/1900/506 3400/1902/507 3399/1903/507 3397/1901/506
f 3400/1902/507 3402/1904/508 3401/1905/508 3399/1903/507
f 3402/1904/508 3404/1906/509 3403/1907/509 3401/1905/508
f 3404/1906/509 3406/1908/510 3405/1909/510 3403/1907/509
f 3406/1908/510 3408/1910/511 3407/1911/511 3405/1909/510
f 3408/1910/511 3410/1912/512 3409/1913/512 3407/1911/511
f 3410/1912/512 3412/1914/513 3411/1915/513 3409/1913/512
f 3412/1914/513 3414/1916/514 3413/1917/514 3411/1915/513
f 3414/1916/514 3416/1918/515 3415/1919/515 3413/1917/514
f 3416/1918/515 3418/1920/516 3417/1921/516 3415/1919/515
f 3418/1920/516 3420/1922/517 3419/1923/517 3417/1921/516
f 3420/1922/517 3422/1260/518 3421/285/518 3419/1923/517
f 3422/1260/518 3424/1924/519 3423/1925/519 3421/285/518
f 3424/1924/519 3426/1926/520 3425/1927/520 3423/1925/519
f 3426/1926/520 3428/1928/521 3427/1929/521 3425/1927/520
f 3428/1928/521 3430/1930/522 3429/1931/522 3427/1929/521
f 3430/1930/522 3432/1932/523 3431/1933/523 3429/1931/522
f 3432/1932/523 3434/1934/302 3433/1935/302 3431/1933/523
f 3434/1934/302 3436/1936/524 3435/1937/524 3433/1935/302
f 3436/1936/524 3438/1938/525 3437/1939/525 3435/1937/524
f 3438/1938/525 3440/1940/526 3439/1941/526 3437/1939/525
f 3440/1940/526 3442/1942/527 3441/1943/527 3439/1941/526
f 3442/1942/527 3444/1944/528 3443/1945/528 3441/1943/527
f 3444/1944/528 3446/1946/529 3445/1947/529 3443/1945/528
f 3446/1946/529 3448/1948/530 3447/1949/530 3445/1947/529
f 3448/1948/530 3450/1950/531 3449/1951/531 3447/1949/530
f 3450/1950/531 3452/1952/532 3451/1953/532 3449/1951/531
f 3452/1952/532 3454/1954/533 3453/1955/533 3451/1953/532
f 3454/1954/533 3456/1956/534 3455/1957/534 3453/1955/533
f 3456/1956/534 3458/1958/535 3457/337/535 3455/1957/534
f 3458/1958/535 3460/1959/536 3459/1960/536 3457/337/535
f 3460/1959/536 3462/1961/537 3461/1962/537 3459/1960/536
f 3462/1961/537 3464/1963/533 3463/1964/533 3461/1962/537
f 3464/1963/533 3466/1965/538 3465/1966/538 3463/1964/533
f 3466/1965/538 3468/1967/539 3467/1968/539 3465/1966/538
f 3468/1967/539 3470/1969/540 3469/1970/540 3467/1968/539
f 3470/1969/540 3472/1971/532 3471/1972/532 3469/1970/540
f 3472/1971/532 3474/1973/541 3473/1974/541 3471/1972/532
f 3474/1973/541 3476/1975/542 3475/665/542 3473/1974/541
f 3476/1975/542 3478/1976/543 3477/1977/543 3475/665/542
f 3478/1976/543 3480/1978/544 3479/1979/544 3477/1977/543
f 3480/1978/544 3482/1980/545 3481/1981/545 3479/1979/544
f 3482/1980/545 3484/1982/546 3483/1983/546 3481/1981/545
f 3484/1982/546 3486/1984/547 3485/1985/547 3483/1983/546
f 3486/1984/547 3488/1986/548 3487/1987/548 3485/1985/547
f 3488/1986/548 3490/1988/549 3489/1989/549 3487/1987/548
f 3490/1988/549 3492/1990/550 3491/1991/550 3489/1989/549
f 3492/1990/550 3494/1992/551 3493/267/551 3491/1991/550
f 3494/1992/551 3496/1993/552 3495/1994/552 3493/267/551
f 3496/1993/552 3498/1995/553 3497/1996/553 3495/1994/552
f 3498/1995/553 3500/1997/554 3499/1998/554 3497/1996/553
f 3500/1997/554 3502/1999/555 3501/2000/555 3499/1998/554
f 3502/1999/555 3504/2001/556 3503/2002/556 3501/2000/555
f 3504/2001/556 3506/2003/11 3505/2004/11 3503/2002/556
f 3506/2003/11 3508/2005/557 3507/2006/557 3505/2004/11
f 3508/2005/557 3510/2007/558 3509/2008/558 3507/2006/557
f 3510/2007/558 3512/2009/559 3511/2010/559 3509/2008/558
f 3512/2009/559 3514/2011/560 3513/2012/560 3511/2010/559
f 3514/2011/560 3516/2013/561 3515/2014/561 3513/2012/560
f 3516/2013/561 3518/2015/562 3517/2016/562 3515/2014/561
f 3518/2015/562 3520/2017/563 3519/2018/563 3517/2016/562
f 3520/2017/563 3522/2019/564 3521/2020/564 3519/2018/563
f 3522/2019/564 3524/2021/565 3523/2022/565 3521/2020/564
f 3524/2021/565 3526/2023/566 3525/2024/566 3523/2022/565
f 3526/2023/566 3528/2025/567 3527/2026/567 3525/2024/566
f 3528/2025/567 3206/1301/410 3205/140/410 3527/2026/567
f 3530/1178/568 3532/2027/569 3531/2028/569 3529/3/568
f 3532/2027/569 3534/1302/570 3533/1303/570 3531/2028/569
f 3534/1302/570 3536/2029/571 3535/2030/571 3533/1303/570
f 3536/2029/571 3538/1304/572 3537/1305/572 3535/2030/571
f 3538/1304/572 3540/2031/573 3539/2032/573 3537/1305/572
f 3540/2031/573 3542/1306/574 3541/1307/574 3539/2032/573
f 3542/1306/574 3544/2033/575 3543/786/575 3541/1307/574
f 3544/2033/575 3546/1308/576 3545/1309/576 3543/786/575
f 3546/1308/576 3548/2034/577 3547/2035/577 3545/1309/576
f 3548/2034/577 3550/1310/578 3549/1311/578 3547/2035/577
f 3550/1310/578 3552/2036/579 3551/2037/579 3549/1311/578
f 3552/2036/579 3554/1312/580 3553/1313/580 3551/2037/579
f 3554/1312/580 3556/2038/374 3555/2039/374 3553/1313/580
f 3556/2038/374 3558/1314/581 3557/787/581 3555/2039/374
f 3558/1314/581 3560/2040/582 3559/2041/582 3557/787/581
f 3560/2040/582 3562/1315/583 3561/1316/583 3559/2041/582
f 3562/1315/583 3564/2042/584 3563/2043/584 3561/1316/583
f 3564/2042/584 3566/1317/585 3565/1318/585 3563/2043/584
f 3566/1317/585 3568/2044/586 3567/2045/586 3565/1318/585
f 3568/2044/586 3570/1319/587 3569/1320/587 3567/2045/586
f 3570/1319/587 3572/2046/588 3571/730/588 3569/1320/587
f 3572/2046/588 3574/1321/589 3573/1322/589 3571/730/588
f 3574/1321/589 3576/2047/590 3575/2048/590 3573/1322/589
f 3576/2047/590 3578/1323/591 3577/1324/591 3575/2048/590
f 3578/1323/591 3580/2049/592 3579/2050/592 3577/1324/591
f 3580/2049/592 3582/1325/593 3581/1326/593 3579/2050/592
f 3582/1325/593 3584/2051/594 3583/2052/594 3581/1326/593
f 3584/2051/594 3586/1327/595 3585/649/595 3583/2052/594
f 3586/1327/595 3588/2053/596 3587/2054/596 3585/649/595
f 3588/2053/596 3590/1328/597 3589/1329/597 3587/2054/596
f 3590/1328/597 3592/2055/598 3591/2056/598 3589/1329/597
f 3592/2055/598 3594/1330/599 3593/1331/599 3591/2056/598
f 3594/1330/599 3596/2057/600 3595/2058/600 3593/1331/599
f 3596/2057/600 3598/1332/601 3597/1333/601 3595/2058/600
f 3598/1332/601 3600/2059/602 3599/679/602 3597/1333/601
f 3600/2059/602 3602/1334/603 3601/1335/603 3599/679/602
f 3602/1334/603 3604/2060/604 3603/2061/604 3601/1335/603
f 3604/2060/604 3606/1336/605 3605/1337/605 3603/2061/604
f 3606/1336/605 3608/2062/606 3607/2063/606 3605/1337/605
f 3608/2062/606 3610/1338/607 3609/1339/607 3607/2063/606
f 3610/1338/607 3612/2064/608 3611/2065/608 3609/1339/607
f 3612/2064/608 3614/1340/609 3613/722/609 3611/2065/608
f 3614/1340/609 3616/2066/610 3615/2067/610 3613/722/609
f 3616/2066/610 3618/1341/611 3617/1342/611 3615/2067/610
f 3618/1341/611 3620/2068/612 3619/2069/612 3617/1342/611
f 3620/2068/612 3622/1343/613 3621/1344/613 3619/2069/612
f 3622/1343/613 3624/2070/614 3623/2071/614 3621/1344/613
f 3624/2070/614 3626/1345/615 3625/1346/615 3623/2071/614
f 3626/1345/615 3628/1555/616 3627/774/616 3625/1346/615
f 3628/1555/616 3630/1347/617 3629/1348/617 3627/774/616
f 3630/1347/617 3632/2072/618 3631/2073/618 3629/1348/617
f 3632/2072/618 3634/1349/619 3633/1350/619 3631/2073/618
f 3634/1349/619 3636/2074/620 3635/2075/620 3633/1350/619
f 3636/2074/620 3638/1351/621 3637/1352/621 3635/2075/620
f 3638/1351/621 3640/2076/622 3639/2077/622 3637/1352/621
f 3640/2076/622 3642/1353/623 3641/810/623 3639/2077/622
f 3642/1353/623 3644/2078/624 3643/2079/624 3641/810/623
f 3644/2078/624 3646/1354/625 3645/1355/625 3643/2079/624
f 3646/1354/625 3648/2080/626 3647/2081/626 3645/1355/625
f 3648/2080/626 3650/1356/627 3649/1357/627 3647/2081/626
f 3650/1356/627 3652/2082/628 3651/2083/628 3649/1357/627
f 3652/2082/628 3654/1358/629 3653/1359/629 3651/2083/628
f 3654/1358/629 3656/2084/630 3655/781/630 3653/1359/629
f 3656/2084/630 3658/1360/631 3657/1361/631 3655/781/630
f 3658/1360/631 3660/2085/632 3659/2086/632 3657/1361/631
f 3660/2085/632 3662/1362/633 3661/1363/633 3659/2086/632
f 3662/1362/633 3664/2087/634 3663/2088/634 3661/1363/633
f 3664/2087/634 3666/1364/531 3665/1365/531 3663/2088/634
f 3666/1364/531 3668/2089/635 3667/2090/635 3665/1365/531
f 3668/2089/635 3670/1366/636 3669/702/636 3667/2090/635
f 3670/1366/636 3672/2091/637 3671/2092/637 3669/702/636
f 3672/2091/637 3674/1367/638 3673/1368/638 3671/2092/637
f 3674/1367/638 3676/2093/639 3675/2094/639 3673/1368/638
f 3676/2093/639 3678/1369/640 3677/1370/640 3675/2094/639
f 3678/1369/640 3680/2095/641 3679/2096/641 3677/1370/640
f 3680/2095/641 3682/1371/642 3681/1372/642 3679/2096/641
f 3682/1371/642 3684/2097/643 3683/693/643 3681/1372/642
f 3684/2097/643 3686/1373/644 3685/1374/644 3683/693/643
f 3686/1373/644 3688/2098/645 3687/2099/645 3685/1374/644
f 3688/2098/645 3690/1375/646 3689/1376/646 3687/2099/645
f 3690/1375/646 3692/2100/647 3691/2101/647 3689/1376/646
f 3692/2100/647 3694/1377/648 3693/1378/648 3691/2101/647
f 3694/1377/648 3696/2102/649 3695/2103/649 3693/1378/648
f 3696/2102/649 3698/1379/650 3697/647/650 3695/2103/649
f 3698/1379/650 3700/2104/651 3699/2105/651 3697/647/650
f 3700/2104/651 3702/1380/9 3701/1381/9 3699/2105/651
f 3702/1380/9 3704/2106/652 3703/2107/652 3701/1381/9
f 3704/2106/652 3706/1382/653 3705/1383/653 3703/2107/652
f 3706/1382/653 3708/2108/654 3707/2109/654 3705/1383/653
f 3708/2108/654 3710/1384/655 3709/1385/655 3707/2109/654
f 3710/1384/655 3712/2110/357 3711/621/357 3709/1385/655
f 3712/2110/357 3714/1386/656 3713/1387/656 3711/621/357
f 3714/1386/656 3716/2111/657 3715/2112/657 3713/1387/656
f 3716/2111/657 3718/1388/658 3717/1389/658 3715/2112/657
f 3718/1388/658 3720/2113/659 3719/2114/659 3717/1389/658
f 3720/2113/659 3722/1390/660 3721/1391/660 3719/2114/659
f 3722/1390/660 3724/2115/661 3723/2116/661 3721/1391/660
f 3724/2115/661 3530/1301/568 3529/140/568 3723/2116/661
f 3726/1178/662 3728/2117/663 3727/2118/663 3725/3/662
f 3728/2117/663 3730/2119/664 3729/2120/664 3727/2118/663
f 3730/2119/664 3732/2121/665 3731/2122/665 3729/2120/664
f 3732/2121/665 3734/2123/666 3733/2124/666 3731/2122/665
f 3734/2123/666 3736/2125/667 3735/2126/667 3733/2124/666
f 3736/2125/667 3738/2127/668 3737/2128/668 3735/2126/667
f 3738/2127/668 3740/2129/669 3739/2130/669 3737/2128/668
f 3740/2129/669 3742/2131/670 3741/2132/670 3739/2130/669
f 3742/2131/670 3744/2133/671 3743/2134/671 3741/2132/670
f 3744/2133/671 3746/2135/672 3745/2136/672 3743/2134/671
f 3746/2135/672 3748/2137/673 3747/2138/673 3745/2136/672
f 3748/2137/673 3750/2139/674 3749/2140/674 3747/2138/673
f 3750/2139/674 3752/1555/675 3751/774/675 3749/2140/674
f 3752/1555/675 3754/2141/676 3753/2142/676 3751/774/675
f 3754/2141/676 3756/2143/677 3755/2144/677 3753/2142/676
f 3756/2143/677 3758/2145/678 3757/2146/678 3755/2144/677
f 3758/2145/678 3760/2147/679 3759/2148/679 3757/2146/678
f 3760/2147/679 3762/2149/680 3761/2150/680 3759/2148/679
f 3762/2149/680 3764/2151/681 3763/2152/681 3761/2150/680
f 3764/2151/681 3766/2153/682 3765/2154/682 3763/2152/681
f 3766/2153/682 3768/2155/683 3767/2156/683 3765/2154/682
f 3768/2155/683 3770/2157/684 3769/2158/684 3767/2156/683
f 3770/2157/684 3772/2159/685 3771/2160/685 3769/2158/684
f 3772/2159/685 3774/2161/686 3773/2162/686 3771/2160/685
f 3774/2161/686 3776/2163/687 3775/2164/687 3773/2162/686
f 3776/2163/687 3726/1301/662 3725/140/662 3775/2164/687
f 3778/1178/688 3780/2165/251 3779/2166/251 3777/3/688
f 3780/2165/251 3782/2167/689 3781/2168/689 3779/2166/251
f 3782/2167/689 3784/2169/690 3783/2170/690 3781/2168/689
f 3784/2169/690 3786/2171/691 3785/2172/691 3783/2170/690
f 3786/2171/691 3788/2173/692 3787/2174/692 3785/2172/691
f 3788/2173/692 3790/2175/693 3789/2176/693 3787/2174/692
f 3790/2175/693 3792/2177/694 3791/2178/694 3789/2176/693
f 3792/2177/694 3794/2179/695 3793/2180/695 3791/2178/694
f 3794/2179/695 3796/2181/696 3795/2182/696 3793/2180/695
f 3796/2181/696 3798/2183/697 3797/2184/697 3795/2182/696
f 3798/2183/697 3800/2185/698 3799/2186/698 3797/2184/697
f 3800/2185/698 3802/2187/699 3801/2188/699 3799/2186/698
f 3802/2187/699 3804/2189/700 3803/2190/700 3801/2188/699
f 3804/2189/700 3806/2191/701 3805/2192/701 3803/2190/700
f 3806/2191/701 3808/2193/702 3807/2194/702 3805/2192/701
f 3808/2193/702 3810/2195/703 3809/2196/703 3807/2194/702
f 3810/2195/703 3812/2197/704 3811/2198/704 3809/2196/703
f 3812/2197/704 3814/2199/705 3813/2200/705 3811/2198/704
f 3814/2199/705 3816/2201/706 3815/2202/706 3813/2200/705
f 3816/2201/706 3818/2203/707 3817/2204/707 3815/2202/706
f 3818/2203/707 3820/2205/708 3819/2206/708 3817/2204/707
f 3820/2205/708 3822/2207/709 3821/2208/709 3819/2206/708
f 3822/2207/709 3824/2209/710 3823/2210/710 3821/2208/709
f 3824/2209/710 3826/2211/711 3825/2212/711 3823/2210/710
f 3826/2211/711 3828/2213/712 3827/2214/712 3825/2212/711
f 3828/2213/712 3830/2215/713 3829/2216/713 3827/2214/712
f 3830/2215/713 3832/2217/714 3831/2218/714 3829/2216/713
f 3832/2217/714 3834/2219/715 3833/2220/715 3831/2218/714
f 3834/2219/715 3836/2221/716 3835/2222/716 3833/2220/715
f 3836/2221/716 3838/2223/717 3837/2224/717 3835/2222/716
f 3838/2223/717 3840/2225/718 3839/2226/718 3837/2224/717
f 3840/2225/718 3842/2227/719 3841/2228/719 3839/2226/718
f 3842/2227/719 3844/2229/720 3843/2230/720 3841/2228/719
f 3844/2229/720 3846/2231/721 3845/2232/721 3843/2230/720
f 3846/2231/721 3848/2233/722 3847/2234/722 3845/2232/721
f 3848/2233/722 3850/2235/723 3849/2236/723 3847/2234/722
f 3850/2235/723 3852/1219/724 3851/496/724 3849/2236/723
f 3852/1219/724 3854/2237/725 3853/2238/725 3851/496/724
f 3854/2237/725 3856/2239/726 3855/2240/726 3853/2238/725
f 3856/2239/726 3858/2241/727 3857/2242/727 3855/2240/726
f 3858/2241/727 3860/2243/10 3859/2244/10 3857/2242/727
f 3860/2243/10 3862/2245/728 3861/2246/728 3859/2244/10
f 3862/2245/728 3864/2247/729 3863/2248/729 3861/2246/728
f 3864/2247/729 3866/2249/730 3865/2250/730 3863/2248/729
f 3866/2249/730 3868/2251/731 3867/2252/731 3865/2250/730
f 3868/2251/731 3870/2253/732 3869/2254/732 3867/2252/731
f 3870/2253/732 3872/2255/733 3871/2256/733 3869/2254/732
f 3872/2255/733 3874/2257/734 3873/2258/734 3871/2256/733
f 3874/2257/734 3876/2259/735 3875/2260/735 3873/2258/734
f 3876/2259/735 3878/2261/736 3877/2262/736 3875/2260/735
f 3878/2261/736 3880/2263/737 3879/2264/737 3877/2262/736
f 3880/2263/737 3882/2265/738 3881/2266/738 3879/2264/737
f 3882/2265/738 3884/2267/739 3883/2268/739 3881/2266/738
f 3884/2267/739 3886/2269/740 3885/2270/740 3883/2268/739
f 3886/2269/740 3888/2271/741 3887/2272/741 3885/2270/740
f 3888/2271/741 3890/2273/738 3889/2274/738 3887/2272/741
f 3890/2273/738 3892/2275/737 3891/2276/737 3889/2274/738
f 3892/2275/737 3894/2277/736 3893/2278/736 3891/2276/737
f 3894/2277/736 3896/2279/742 3895/2280/742 3893/2278/736
f 3896/2279/742 3898/2281/743 3897/2282/743 3895/2280/742
f 3898/2281/743 3900/2283/744 3899/2284/744 3897/2282/743
f 3900/2283/744 3902/2285/745 3901/2286/745 3899/2284/744
f 3902/2285/745 3904/2287/746 3903/2288/746 3901/2286/745
f 3904/2287/746 3906/2289/747 3905/2290/747 3903/2288/746
f 3906/2289/747 3908/2291/748 3907/2292/748 3905/2290/747
f 3908/2291/748 3910/2293/749 3909/2294/749 3907/2292/748
f 3910/2293/749 3912/2295/750 3911/2296/750 3909/2294/749
f 3912/2295/750 3914/2297/751 3913/2298/751 3911/2296/750
f 3914/2297/751 3916/2299/752 3915/2300/752 3913/2298/751
f 3916/2299/752 3918/2301/753 3917/2302/753 3915/2300/752
f 3918/2301/753 3920/2303/754 3919/2304/754 3917/2302/753
f 3920/2303/754 3922/2305/755 3921/2306/755 3919/2304/754
f 3922/2305/755 3924/2307/756 3923/2308/756 3921/2306/755
f 3924/2307/756 3926/1260/757 3925/285/757 3923/2308/756
f 3926/1260/757 3928/2309/758 3927/2310/758 3925/285/757
f 3928/2309/758 3930/2311/759 3929/2312/759 3927/2310/758
f 3930/2311/759 3932/2313/760 3931/2314/760 3929/2312/759
f 3932/2313/760 3934/2315/761 3933/2316/761 3931/2314/760
f 3934/2315/761 3936/2317/762 3935/2318/762 3933/2316/761
f 3936/2317/762 3938/2319/763 3937/2320/763 3935/2318/762
f 3938/2319/763 3940/2321/764 3939/2322/764 3937/2320/763
f 3940/2321/764 3942/2323/102 3941/2324/102 3939/2322/764
f 3942/2323/102 3944/2325/98 3943/2326/98 3941/2324/102
f 3944/2325/98 3946/2327/765 3945/2328/765 3943/2326/98
f 3946/2327/765 3948/2329/766 3947/2330/766 3945/2328/765
f 3948/2329/766 3950/2331/767 3949/2332/767 3947/2330/766
f 3950/2331/767 3952/2333/768 3951/2334/768 3949/2332/767
f 3952/2333/768 3954/2335/769 3953/2336/769 3951/2334/768
f 3954/2335/769 3956/2337/770 3955/2338/770 3953/2336/769
f 3956/2337/770 3958/2339/771 3957/2340/771 3955/2338/770
f 3958/2339/771 3960/2341/772 3959/2342/772 3957/2340/771
f 3960/2341/772 3962/2343/773 3961/2344/773 3959/2342/772
f 3962/2343/773 3964/2345/774 3963/2346/774 3961/2344/773
f 3964/2345/774 3966/2347/775 3965/2348/775 3963/2346/774
f 3966/2347/775 3968/2349/776 3967/2350/776 3965/2348/775
f 3968/2349/776 3970/2351/777 3969/2352/777 3967/2350/776
f 3970/2351/777 3972/2353/778 3971/2354/778 3969/2352/777
f 3972/2353/778 3974/2355/779 3973/2356/779 3971/2354/778
f 3974/2355/779 3976/2357/780 3975/2358/780 3973/2356/779
f 3976/2357/780 3978/2359/781 3977/2360/781 3975/2358/780
f 3978/2359/781 3980/2361/782 3979/2362/782 3977/2360/781
f 3980/2361/782 3982/2363/783 3981/2364/783 3979/2362/782
f 3982/2363/783 3984/2365/784 3983/2366/784 3981/2364/783
f 3984/2365/784 3986/2367/785 3985/2368/785 3983/2366/784
f 3986/2367/785 3988/2369/786 3987/2370/786 3985/2368/785
f 3988/2369/786 3990/2371/787 3989/2372/787 3987/2370/786
f 3990/2371/787 3992/2373/788 3991/2374/788 3989/2372/787
f 3992/2373/788 3994/2375/789 3993/2376/789 3991/2374/788
f 3994/2375/789 3996/2377/790 3995/2378/790 3993/2376/789
f 3996/2377/790 3998/2379/791 3997/2380/791 3995/2378/790
f 3998/2379/791 3778/1301/688 3777/140/688 3997/2380/791
f 4000/1178/792 4002/2381/793 4001/2382/793 3999/3/792
f 4002/2381/793 4004/2383/794 4003/2384/794 4001/2382/793
f 4004/2383/794 4006/2385/795 4005/2386/795 4003/2384/794
f 4006/2385/795 4008/2387/796 4007/2388/796 4005/2386/795
f 4008/2387/796 4010/2389/797 4009/2390/797 4007/2388/796
f 4010/2389/797 4012/2391/798 4011/2392/798 4009/2390/797
f 4012/2391/798 4014/2393/799 4013/2394/799 4011/2392/798
f 4014/2393/799 4016/2395/800 4015/2396/800 4013/2394/799
f 4016/2395/800 4018/2397/801 4017/2398/801 4015/2396/800
f 4018/2397/801 4020/2399/802 4019/2400/802 4017/2398/801
f 4020/2399/802 4022/2401/803 4021/2402/803 4019/2400/802
f 4022/2401/803 4024/2403/804 4023/2404/804 4021/2402/803
f 4024/2403/804 4026/2405/805 4025/2406/805 4023/2404/804
f 4026/2405/805 4028/2407/529 4027/2408/529 4025/2406/805
f 4028/2407/529 4030/2409/806 4029/2410/806 4027/2408/529
f 4030/2409/806 4032/2411/807 4031/2412/807 4029/2410/806
f 4032/2411/807 4034/2413/808 4033/2414/808 4031/2412/807
f 4034/2413/808 4036/2415/809 4035/2416/809 4033/2414/808
f 4036/2415/809 4038/2417/810 4037/2418/810 4035/2416/809
f 4038/2417/810 4040/2419/811 4039/2420/811 4037/2418/810
f 4040/2419/811 4042/2421/812 4041/2422/812 4039/2420/811
f 4042/2421/812 4044/2423/813 4043/2424/813 4041/2422/812
f 4044/2423/813 4046/2425/814 4045/2426/814 4043/2424/813
f 4046/2425/814 4048/2427/815 4047/2428/815 4045/2426/814
f 4048/2427/815 4050/2429/816 4049/2430/816 4047/2428/815
f 4050/2429/816 4052/2431/817 4051/2432/817 4049/2430/816
f 4052/2431/817 4054/2433/818 4053/2434/818 4051/2432/817
f 4054/2433/818 4056/2435/819 4055/2436/819 4053/2434/818
f 4056/2435/819 4058/2437/820 4057/2438/820 4055/2436/819
f 4058/2437/820 4060/2439/821 4059/2440/821 4057/2438/820
f 4060/2439/821 4062/2441/822 4061/2442/822 4059/2440/821
f 4062/2441/822 4064/2443/823 4063/2444/823 4061/2442/822
f 4064/2443/823 4066/2445/824 4065/2446/824 4063/2444/823
f 4066/2445/824 4068/2447/825 4067/2448/825 4065/2446/824
f 4068/2447/825 4070/2449/826 4069/2450/826 4067/2448/825
f 4070/2449/826 4072/2451/827 4071/2452/827 4069/2450/826
f 4072/2451/827 4074/2453/828 4073/2454/828 4071/2452/827
f 4074/2453/828 4076/2455/829 4075/2456/829 4073/2454/828
f 4076/2455/829 4078/2457/830 4077/2458/830 4075/2456/829
f 4078/2457/830 4080/2459/831 4079/2460/831 4077/2458/830
f 4080/2459/831 4082/2461/832 4081/2462/832 4079/2460/831
f 4082/2461/832 4084/2463/833 4083/2464/833 4081/2462/832
f 4084/2463/833 4086/2465/834 4085/2466/834 4083/2464/833
f 4086/2465/834 4088/2467/835 4087/2468/835 4085/2466/834
f 4088/2467/835 4090/2469/836 4089/2470/836 4087/2468/835
f 4090/2469/836 4092/2471/837 4091/2472/837 4089/2470/836
f 4092/2471/837 4094/2473/838 4093/2474/838 4091/2472/837
f 4094/2473/838 4096/2475/839 4095/2476/839 4093/2474/838
f 4096/2475/839 4098/2477/840 4097/2478/840 4095/2476/839
f 4098/2477/840 4100/2479/841 4099/2480/841 4097/2478/840
f 4100/2479/841 4102/2481/842 4101/2482/842 4099/2480/841
f 4102/2481/842 4104/2483/843 4103/2484/843 4101/2482/842
f 4104/2483/843 4106/2485/844 4105/2486/844 4103/2484/843
f 4106/2485/844 4108/2487/845 4107/2488/845 4105/2486/844
f 4108/2487/845 4110/2489/846 4109/2490/846 4107/2488/845
f 4110/2489/846 4112/2491/847 4111/2492/847 4109/2490/846
f 4112/2491/847 4114/2493/848 4113/2494/848 4111/2492/847
f 4114/2493/848 4116/2495/849 4115/2496/849 4113/2494/848
f 4116/2495/849 4118/2497/850 4117/2498/850 4115/2496/849
f 4118/2497/850 4120/2499/851 4119/2500/851 4117/2498/850
f 4120/2499/851 4122/2501/852 4121/2502/852 4119/2500/851
f 4122/2501/852 4124/2503/853 4123/2504/853 4121/2502/852
f 4124/2503/853 4126/2505/854 4125/2506/854 4123/2504/853
f 4126/2505/854 4128/2507/855 4127/2508/855 4125/2506/854
f 4128/2507/855 4130/2509/856 4129/2510/856 4127/2508/855
f 4130/2509/856 4132/2511/857 4131/2512/857 4129/2510/856
f 4132/2511/857 4134/2513/858 4133/2514/858 4131/2512/857
f 4134/2513/858 4136/2515/859 4135/2516/859 4133/2514/858
f 4136/2515/859 4138/2517/860 4137/2518/860 4135/2516/859
f 4138/2517/860 4140/2519/861 4139/2520/861 4137/2518/860
f 4140/2519/861 4142/2521/862 4141/2522/862 4139/2520/861
f 4142/2521/862 4144/2523/863 4143/2524/863 4141/2522/862
f 4144/2523/863 4146/2525/864 4145/2526/864 4143/2524/863
f 4146/2525/864 4148/2527/865 4147/2528/865 4145/2526/864
f 4148/2527/865 4150/2529/866 4149/2530/866 4147/2528/865
f 4150/2529/866 4152/2531/867 4151/2532/867 4149/2530/866
f 4152/2531/867 4154/2533/868 4153/2534/868 4151/2532/867
f 4154/2533/868 4156/2535/869 4155/2536/869 4153/2534/868
f 4156/2535/869 4158/2537/870 4157/2538/870 4155/2536/869
f 4158/2537/870 4160/2539/871 4159/2540/871 4157/2538/870
f 4160/2539/871 4162/2541/872 4161/2542/872 4159/2540/871
f 4162/2541/872 4164/2543/253 4163/2544/253 4161/2542/872
f 4164/2543/253 4166/2545/873 4165/2546/873 4163/2544/253
f 4166/2545/873 4168/2547/874 4167/2548/874 4165/2546/873
f 4168/2547/874 4170/2549/875 4169/2550/875 4167/2548/874
f 4170/2549/875 4172/2551/876 4171/2552/876 4169/2550/875
f 4172/2551/876 4174/2553/877 4173/2554/877 4171/2552/876
f 4174/2553/877 4176/2555/878 4175/2556/878 4173/2554/877
f 4176/2555/878 4178/2557/879 4177/2558/879 4175/2556/878
f 4178/2557/879 4180/2559/880 4179/2560/880 4177/2558/879
f 4180/2559/880 4182/2561/881 4181/2562/881 4179/2560/880
f 4182/2561/881 4184/2563/882 4183/2564/882 4181/2562/881
f 4184/2563/882 4186/2565/883 4185/2566/883 4183/2564/882
f 4186/2565/883 4188/2567/884 4187/2568/884 4185/2566/883
f 4188/2567/884 4190/2569/885 4189/2570/885 4187/2568/884
f 4190/2569/885 4192/2571/886 4191/2572/886 4189/2570/885
f 4192/2571/886 4194/2573/887 4193/2574/887 4191/2572/886
f 4194/2573/887 4196/2575/888 4195/2576/888 4193/2574/887
f 4196/2575/888 4198/2577/889 4197/2578/889 4195/2576/888
f 4198/2577/889 4200/2579/890 4199/2580/890 4197/2578/889
f 4200/2579/890 4202/2581/891 4201/2582/891 4199/2580/890
f 4202/2581/891 4204/2583/892 4203/2584/892 4201/2582/891
f 4204/2583/892 4206/2585/893 4205/2586/893 4203/2584/892
f 4206/2585/893 4208/2587/894 4207/2588/894 4205/2586/893
f 4208/2587/894 4210/2589/895 4209/2590/895 4207/2588/894
f 4210/2589/895 4212/2591/896 4211/2592/896 4209/2590/895
f 4212/2591/896 4214/2593/897 4213/2594/897 4211/2592/896
f 4214/2593/897 4216/2595/898 4215/2596/898 4213/2594/897
f 4216/2595/898 4218/2597/899 4217/2598/899 4215/2596/898
f 4218/2597/899 4220/2599/900 4219/2600/900 4217/2598/899
f 4220/2599/900 4222/2601/901 4221/2602/901 4219/2600/900
f 4222/2601/901 4224/2603/902 4223/2604/902 4221/2602/901
f 4224/2603/902 4226/2605/903 4225/2606/903 4223/2604/902
f 4226/2605/903 4228/2607/904 4227/2608/904 4225/2606/903
f 4228/2607/904 4230/2609/905 4229/2610/905 4227/2608/904
f 4230/2609/905 4232/2611/906 4231/2612/906 4229/2610/905
f 4232/2611/906 4234/2613/907 4233/2614/907 4231/2612/906
f 4234/2613/907 4236/2615/908 4235/2616/908 4233/2614/907
f 4236/2615/908 4238/2617/909 4237/2618/909 4235/2616/908
f 4238/2617/909 4240/2619/910 4239/2620/910 4237/2618/909
f 4240/2619/910 4242/2621/911 4241/2622/911 4239/2620/910
f 4242/2621/911 4244/2623/912 4243/2624/912 4241/2622/911
f 4244/2623/912 4246/2625/913 4245/2626/913 4243/2624/912
f 4246/2625/913 4248/2627/914 4247/2628/914 4245/2626/913
f 4248/2627/914 4250/2629/915 4249/2630/915 4247/2628/914
f 4250/2629/915 4252/2631/916 4251/2632/916 4249/2630/915
f 4252/2631/916 4254/2633/917 4253/2634/917 4251/2632/916
f 4254/2633/917 4256/2635/918 4255/2636/918 4253/2634/917
f 4256/2635/918 4258/2637/919 4257/2638/919 4255/2636/918
f 4258/2637/919 4260/2639/920 4259/2640/920 4257/2638/919
f 4260/2639/920 4262/2641/921 4261/2642/921 4259/2640/920
f 4262/2641/921 4264/2643/922 4263/2644/922 4261/2642/921
f 4264/2643/922 4266/2645/923 4265/2646/923 4263/2644/922
f 4266/2645/923 4268/2647/924 4267/2648/924 4265/2646/923
f 4268/2647/924 4270/2649/925 4269/2650/925 4267/2648/924
f 4270/2649/925 4272/2651/926 4271/2652/926 4269/2650/925
f 4272/2651/926 4274/2653/927 4273/2654/927 4271/2652/926
f 4274/2653/927 4276/2655/928 4275/2656/928 4273/2654/927
f 4276/2655/928 4278/2657/929 4277/2658/929 4275/2656/928
f 4278/2657/929 4280/2659/930 4279/2660/930 4277/2658/929
f 4280/2659/930 4282/2661/931 4281/2662/931 4279/2660/930
f 4282/2661/931 4284/2663/932 4283/2664/932 4281/2662/931
f 4284/2663/932 4286/2665/933 4285/2666/933 4283/2664/932
f 4286/2665/933 4288/2667/934 4287/2668/934 4285/2666/933
f 4288/2667/934 4290/2669/935 4289/2670/935 4287/2668/934
f 4290/2669/935 4292/2671/936 4291/2672/936 4289/2670/935
f 4292/2671/936 4294/2673/937 4293/2674/937 4291/2672/936
f 4294/2673/937 4296/2675/938 4295/2676/938 4293/2674/937
f 4296/2675/938 4298/2677/939 4297/2678/939 4295/2676/938
f 4298/2677/939 4300/2679/940 4299/2680/940 4297/2678/939
f 4300/2679/940 4000/1301/792 3999/140/792 4299/2680/940
f 4302/1178/941 4304/2117/942 4303/2118/942 4301/3/941
f 4304/2117/942 4306/2119/943 4305/2120/943 4303/2118/942
f 4306/2119/943 4308/2121/944 4307/2122/944 4305/2120/943
f 4308/2121/944 4310/2123/945 4309/2124/945 4307/2122/944
f 4310/2123/945 4312/2125/946 4311/2126/946 4309/2124/945
f 4312/2125/946 4314/2127/947 4313/2128/947 4311/2126/946
f 4314/2127/947 4316/2129/948 4315/2130/948 4313/2128/947
f 4316/2129/948 4318/2131/949 4317/2132/949 4315/2130/948
f 4318/2131/949 4320/2133/950 4319/2134/950 4317/2132/949
f 4320/2133/950 4322/2135/951 4321/2136/951 4319/2134/950
f 4322/2135/951 4324/2137/952 4323/2138/952 4321/2136/951
f 4324/2137/952 4326/2139/953 4325/2140/953 4323/2138/952
f 4326/2139/953 4328/1555/954 4327/774/954 4325/2140/953
f 4328/1555/954 4330/2141/955 4329/2142/955 4327/774/954
f 4330/2141/955 4332/2143/956 4331/2144/956 4329/2142/955
f 4332/2143/956 4334/2145/957 4333/2146/957 4331/2144/956
f 4334/2145/957 4336/2147/958 4335/2148/958 4333/2146/957
f 4336/2147/958 4338/2149/959 4337/2150/959 4335/2148/958
f 4338/2149/959 4340/2151/960 4339/2152/960 4337/2150/959
f 4340/2151/960 4342/2153/961 4341/2154/961 4339/2152/960
f 4342/2153/961 4344/2155/962 4343/2156/962 4341/2154/961
f 4344/2155/962 4346/2157/963 4345/2158/963 4343/2156/962
f 4346/2157/963 4348/2159/964 4347/2160/964 4345/2158/963
f 4348/2159/964 4350/2161/965 4349/2162/965 4347/2160/964
f 4350/2161/965 4352/2163/966 4351/2164/966 4349/2162/965
f 4352/2163/966 4302/1301/941 4301/140/941 4351/2164/966
f 4354/1178/967 4356/2681/968 4355/732/968 4353/3/967
f 4356/2681/968 4358/2682/969 4357/735/969 4355/732/968
f 4358/2682/969 4360/2683/970 4359/739/970 4357/735/969
f 4360/2683/970 4362/2684/971 4361/744/971 4359/739/970
f 4362/2684/971 4364/2685/972 4363/746/972 4361/744/971
f 4364/2685/972 4366/2686/973 4365/747/973 4363/746/972
f 4366/2686/973 4368/2687/974 4367/752/974 4365/747/973
f 4368/2687/974 4370/2688/975 4369/755/975 4367/752/974
f 4370/2688/975 4372/2689/976 4371/757/976 4369/755/975
f 4372/2689/976 4374/2690/977 4373/760/977 4371/757/976
f 4374/2690/977 4376/2691/978 4375/765/978 4373/760/977
f 4376/2691/978 4378/2692/979 4377/769/979 4375/765/978
f 4378/2692/979 4380/2693/980 4379/773/980 4377/769/979
f 4380/2693/980 4382/2694/981 4381/777/981 4379/773/980
f 4382/2694/981 4384/2033/982 4383/786/982 4381/777/981
f 4384/2033/982 4386/2695/983 4385/788/983 4383/786/982
f 4386/2695/983 4388/2696/984 4387/792/984 4385/788/983
f 4388/2696/984 4390/2697/985 4389/794/985 4387/792/984
f 4390/2697/985 4392/2698/986 4391/797/986 4389/794/985
f 4392/2698/986 4394/2699/987 4393/800/987 4391/797/986
f 4394/2699/987 4396/2700/988 4395/802/988 4393/800/987
f 4396/2700/988 4398/2701/989 4397/804/989 4395/802/988
f 4398/2701/989 4400/2702/990 4399/806/990 4397/804/989
f 4400/2702/990 4402/2703/991 4401/803/991 4399/806/990
f 4402/2703/991 4404/2704/992 4403/801/992 4401/803/991
f 4404/2704/992 4406/2705/993 4405/798/993 4403/801/992
f 4406/2705/993 4408/2706/994 4407/796/994 4405/798/993
f 4408/2706/994 4410/2707/995 4409/793/995 4407/796/994
f 4410/2707/995 4412/2708/996 4411/790/996 4409/793/995
f 4412/2708/996 4414/1314/997 4413/787/997 4411/790/996
f 4414/1314/997 4416/2709/998 4415/778/998 4413/787/997
f 4416/2709/998 4418/2710/999 4417/775/999 4415/778/998
f 4418/2710/999 4420/2711/1000 4419/768/1000 4417/775/999
f 4420/2711/1000 4422/2712/164 4421/764/164 4419/768/1000
f 4422/2712/164 4424/1770/1001 4423/742/1001 4421/764/164
f 4424/1770/1001 4426/2713/1002 4425/741/1002 4423/742/1001
f 4426/2713/1002 4428/2714/1003 4427/740/1003 4425/741/1002
f 4428/2714/1003 4430/2715/1004 4429/738/1004 4427/740/1003
f 4430/2715/1004 4432/2716/1005 4431/737/1005 4429/738/1004
f 4432/2716/1005 4434/2717/1006 4433/736/1006 4431/737/1005
f 4434/2717/1006 4436/2718/1007 4435/734/1007 4433/736/1006
f 4436/2718/1007 4438/2719/1008 4437/72/1008 4435/734/1007
f 4438/2719/1008 4440/2720/1009 4439/733/1009 4437/72/1008
f 4440/2720/1009 4442/2721/1010 4441/731/1010 4439/733/1009
f 4442/2721/1010 4444/2046/1011 4443/730/1011 4441/731/1010
f 4444/2046/1011 4446/2722/1012 4445/728/1012 4443/730/1011
f 4446/2722/1012 4448/2723/1013 4447/727/1013 4445/728/1012
f 4448/2723/1013 4450/2724/1014 4449/726/1014 4447/727/1013
f 4450/2724/1014 4452/2725/1015 4451/643/1015 4449/726/1014
f 4452/2725/1015 4454/2726/1016 4453/662/1016 4451/643/1015
f 4454/2726/1016 4456/2727/1017 4455/661/1017 4453/662/1016
f 4456/2727/1017 4458/2728/1018 4457/660/1018 4455/661/1017
f 4458/2728/1018 4460/2729/1019 4459/659/1019 4457/660/1018
f 4460/2729/1019 4462/2730/1020 4461/658/1020 4459/659/1019
f 4462/2730/1020 4464/2731/1021 4463/657/1021 4461/658/1020
f 4464/2731/1021 4466/2732/1022 4465/656/1022 4463/657/1021
f 4466/2732/1022 4468/2733/1023 4467/655/1023 4465/656/1022
f 4468/2733/1023 4470/2734/1024 4469/654/1024 4467/655/1023
f 4470/2734/1024 4472/2735/1025 4471/653/1025 4469/654/1024
f 4472/2735/1025 4474/1327/450 4473/649/450 4471/653/1025
f 4474/1327/450 4476/2736/1026 4475/651/1026 4473/649/450
f 4476/2736/1026 4478/2737/1027 4477/650/1027 4475/651/1026
f 4478/2737/1027 4480/2738/1028 4479/667/1028 4477/650/1027
f 4480/2738/1028 4482/2739/1029 4481/668/1029 4479/667/1028
f 4482/2739/1029 4484/2740/1030 4483/669/1030 4481/668/1029
f 4484/2740/1030 4486/2741/1031 4485/670/1031 4483/669/1030
f 4486/2741/1031 4488/2742/1032 4487/671/1032 4485/670/1031
f 4488/2742/1032 4490/2743/1033 4489/672/1033 4487/671/1032
f 4490/2743/1033 4492/2744/1034 4491/675/1034 4489/672/1033
f 4492/2744/1034 4494/1219/1035 4493/496/1035 4491/675/1034
f 4494/1219/1035 4496/2745/1036 4495/676/1036 4493/496/1035
f 4496/2745/1036 4498/2746/1037 4497/677/1037 4495/676/1036
f 4498/2746/1037 4500/2747/1038 4499/678/1038 4497/677/1037
f 4500/2747/1038 4502/2748/1039 4501/674/1039 4499/678/1038
f 4502/2748/1039 4504/2059/1040 4503/679/1040 4501/674/1039
f 4504/2059/1040 4506/2749/1041 4505/681/1041 4503/679/1040
f 4506/2749/1041 4508/2750/1042 4507/683/1042 4505/681/1041
f 4508/2750/1042 4510/2751/587 4509/685/587 4507/683/1042
f 4510/2751/587 4512/2752/1043 4511/687/1043 4509/685/587
f 4512/2752/1043 4514/2753/1044 4513/688/1044 4511/687/1043
f 4514/2753/1044 4516/2754/1045 4515/690/1045 4513/688/1044
f 4516/2754/1045 4518/2755/1046 4517/692/1046 4515/690/1045
f 4518/2755/1046 4520/2756/1047 4519/694/1047 4517/692/1046
f 4520/2756/1047 4522/2757/1048 4521/60/1048 4519/694/1047
f 4522/2757/1048 4524/2758/1049 4523/697/1049 4521/60/1048
f 4524/2758/1049 4526/2759/1050 4525/699/1050 4523/697/1049
f 4526/2759/1050 4528/2760/1051 4527/709/1051 4525/699/1050
f 4528/2760/1051 4530/2761/1052 4529/719/1052 4527/709/1051
f 4530/2761/1052 4532/2762/1053 4531/720/1053 4529/719/1052
f 4532/2762/1053 4534/1340/1054 4533/722/1054 4531/720/1053
f 4534/1340/1054 4536/2763/1055 4535/724/1055 4533/722/1054
f 4536/2763/1055 4538/2764/1056 4537/729/1056 4535/724/1055
f 4538/2764/1056 4540/2765/1057 4539/745/1057 4537/729/1056
f 4540/2765/1057 4542/2766/1058 4541/748/1058 4539/745/1057
f 4542/2766/1058 4544/2767/1059 4543/753/1059 4541/748/1058
f 4544/2767/1059 4546/2768/1060 4545/759/1060 4543/753/1059
f 4546/2768/1060 4548/2769/1061 4547/763/1061 4545/759/1060
f 4548/2769/1061 4550/2770/1062 4549/767/1062 4547/763/1061
f 4550/2770/1062 4552/2771/1063 4551/776/1063 4549/767/1062
f 4552/2771/1063 4554/2772/1064 4553/785/1064 4551/776/1063
f 4554/2772/1064 4556/2773/1065 4555/784/1065 4553/785/1064
f 4556/2773/1065 4558/2774/1066 4557/783/1066 4555/784/1065
f 4558/2774/1066 4560/2775/1067 4559/782/1067 4557/783/1066
f 4560/2775/1067 4562/2776/1068 4561/779/1068 4559/782/1067
f 4562/2776/1068 4564/1555/1069 4563/774/1069 4561/779/1068
f 4564/1555/1069 4566/2777/1070 4565/770/1070 4563/774/1069
f 4566/2777/1070 4568/2778/1071 4567/766/1071 4565/770/1070
f 4568/2778/1071 4570/2779/1072 4569/761/1072 4567/766/1071
f 4570/2779/1072 4572/2780/1073 4571/758/1073 4569/761/1072
f 4572/2780/1073 4574/2781/1074 4573/754/1074 4571/758/1073
f 4574/2781/1074 4576/2782/1075 4575/751/1075 4573/754/1074
f 4576/2782/1075 4578/2783/1076 4577/743/1076 4575/751/1075
f 4578/2783/1076 4580/2784/1077 4579/750/1077 4577/743/1076
f 4580/2784/1077 4582/2785/1078 4581/772/1078 4579/750/1077
f 4582/2785/1078 4584/2786/1079 4583/780/1079 4581/772/1078
f 4584/2786/1079 4586/2787/1080 4585/789/1080 4583/780/1079
f 4586/2787/1080 4588/2788/1081 4587/795/1081 4585/789/1080
f 4588/2788/1081 4590/2789/1082 4589/805/1082 4587/795/1081
f 4590/2789/1082 4592/2790/1083 4591/808/1083 4589/805/1082
f 4592/2790/1083 4594/1353/1084 4593/810/1084 4591/808/1083
f 4594/1353/1084 4596/2791/794 4595/812/794 4593/810/1084
f 4596/2791/794 4598/2792/1085 4597/814/1085 4595/812/794
f 4598/2792/1085 4600/2793/1086 4599/816/1086 4597/814/1085
f 4600/2793/1086 4602/2794/1087 4601/818/1087 4599/816/1086
f 4602/2794/1087 4604/2795/1088 4603/819/1088 4601/818/1087
f 4604/2795/1088 4606/2796/1089 4605/189/1089 4603/819/1088
f 4606/2796/1089 4608/2797/1090 4607/817/1090 4605/189/1089
f 4608/2797/1090 4610/2798/1091 4609/815/1091 4607/817/1090
f 4610/2798/1091 4612/2799/1092 4611/813/1092 4609/815/1091
f 4612/2799/1092 4614/2800/1093 4613/811/1093 4611/813/1092
f 4614/2800/1093 4616/2801/1094 4615/809/1094 4613/811/1093
f 4616/2801/1094 4618/2802/1095 4617/807/1095 4615/809/1094
f 4618/2802/1095 4620/2803/1096 4619/799/1096 4617/807/1095
f 4620/2803/1096 4622/2804/1097 4621/791/1097 4619/799/1096
f 4622/2804/1097 4624/2084/1098 4623/781/1098 4621/791/1097
f 4624/2084/1098 4626/2805/1099 4625/771/1099 4623/781/1098
f 4626/2805/1099 4628/2806/1100 4627/762/1100 4625/771/1099
f 4628/2806/1100 4630/2807/1101 4629/756/1101 4627/762/1100
f 4630/2807/1101 4632/2808/1102 4631/749/1102 4629/756/1101
f 4632/2808/1102 4634/1260/1103 4633/285/1103 4631/749/1102
f 4634/1260/1103 4636/2809/1104 4635/725/1104 4633/285/1103
f 4636/2809/1104 4638/2810/1105 4637/723/1105 4635/725/1104
f 4638/2810/1105 4640/2811/1106 4639/721/1106 4637/723/1105
f 4640/2811/1106 4642/2812/1107 4641/718/1107 4639/721/1106
f 4642/2812/1107 4644/2813/1108 4643/717/1108 4641/718/1107
f 4644/2813/1108 4646/2814/1109 4645/716/1109 4643/717/1108
f 4646/2814/1109 4648/2815/1110 4647/711/1110 4645/716/1109
f 4648/2815/1110 4650/2816/1111 4649/701/1111 4647/711/1110
f 4650/2816/1111 4652/2817/1112 4651/703/1112 4649/701/1111
f 4652/2817/1112 4654/1366/1113 4653/702/1113 4651/703/1112
f 4654/1366/1113 4656/2818/1114 4655/704/1114 4653/702/1113
f 4656/2818/1114 4658/2819/1115 4657/705/1115 4655/704/1114
f 4658/2819/1115 4660/2820/1116 4659/706/1116 4657/705/1115
f 4660/2820/1116 4662/2821/1117 4661/707/1117 4659/706/1116
f 4662/2821/1117 4664/2822/1118 4663/708/1118 4661/707/1117
f 4664/2822/1118 4666/2823/1119 4665/710/1119 4663/708/1118
f 4666/2823/1119 4668/2824/1120 4667/712/1120 4665/710/1119
f 4668/2824/1120 4670/2825/1121 4669/713/1121 4667/712/1120
f 4670/2825/1121 4672/2826/1122 4671/714/1122 4669/713/1121
f 4672/2826/1122 4674/2827/1123 4673/715/1123 4671/714/1122
f 4674/2827/1123 4676/2828/1124 4675/700/1124 4673/715/1123
f 4676/2828/1124 4678/2829/1125 4677/698/1125 4675/700/1124
f 4678/2829/1125 4680/2830/1126 4679/696/1126 4677/698/1125
f 4680/2830/1126 4682/2831/1127 4681/695/1127 4679/696/1126
f 4682/2831/1127 4684/2097/1128 4683/693/1128 4681/695/1127
f 4684/2097/1128 4686/2832/1129 4685/691/1129 4683/693/1128
f 4686/2832/1129 4688/2833/1130 4687/689/1130 4685/691/1129
f 4688/2833/1130 4690/2834/1131 4689/204/1131 4687/689/1130
f 4690/2834/1131 4692/2835/1132 4691/686/1132 4689/204/1131
f 4692/2835/1132 4694/2836/1133 4693/684/1133 4691/686/1132
f 4694/2836/1133 4696/2837/1134 4695/682/1134 4693/684/1133
f 4696/2837/1134 4698/2838/1135 4697/680/1135 4695/682/1134
f 4698/2838/1135 4700/2839/1136 4699/673/1136 4697/680/1135
f 4700/2839/1136 4702/2840/1137 4701/666/1137 4699/673/1136
f 4702/2840/1137 4704/1975/1138 4703/665/1138 4701/666/1137
f 4704/1975/1138 4706/2841/1139 4705/664/1139 4703/665/1138
f 4706/2841/1139 4708/2842/1140 4707/663/1140 4705/664/1139
f 4708/2842/1140 4710/2843/1141 4709/652/1141 4707/663/1140
f 4710/2843/1141 4712/2844/1142 4711/648/1142 4709/652/1141
f 4712/2844/1142 4714/1379/1143 4713/647/1143 4711/648/1142
f 4714/1379/1143 4716/2845/1144 4715/646/1144 4713/647/1143
f 4716/2845/1144 4718/2846/1145 4717/645/1145 4715/646/1144
f 4718/2846/1145 4720/2847/1146 4719/644/1146 4717/645/1145
f 4720/2847/1146 4722/2848/1147 4721/642/1147 4719/644/1146
f 4722/2848/1147 4724/2849/1148 4723/641/1148 4721/642/1147
f 4724/2849/1148 4726/2850/1149 4725/639/1149 4723/641/1148
f 4726/2850/1149 4728/2851/1150 4727/637/1150 4725/639/1149
f 4728/2851/1150 4730/2852/1151 4729/635/1151 4727/637/1150
f 4730/2852/1151 4732/2853/1152 4731/633/1152 4729/635/1151
f 4732/2853/1152 4734/2854/1153 4733/631/1153 4731/633/1152
f 4734/2854/1153 4736/2855/1154 4735/629/1154 4733/631/1153
f 4736/2855/1154 4738/2856/1155 4737/627/1155 4735/629/1154
f 4738/2856/1155 4740/2857/1156 4739/625/1156 4737/627/1155
f 4740/2857/1156 4742/2858/1157 4741/623/1157 4739/625/1156
f 4742/2858/1157 4744/2110/1158 4743/621/1158 4741/623/1157
f 4744/2110/1158 4746/2859/1159 4745/617/1159 4743/621/1158
f 4746/2859/1159 4748/2860/1160 4747/619/1160 4745/617/1159
f 4748/2860/1160 4750/2861/1161 4749/618/1161 4747/619/1160
f 4750/2861/1161 4752/2862/1162 4751/620/1162 4749/618/1161
f 4752/2862/1162 4754/2863/1163 4753/622/1163 4751/620/1162
f 4754/2863/1163 4756/2864/1164 4755/624/1164 4753/622/1163
f 4756/2864/1164 4758/2865/1165 4757/626/1165 4755/624/1164
f 4758/2865/1165 4760/2866/1166 4759/628/1166 4757/626/1165
f 4760/2866/1166 4762/2867/1167 4761/630/1167 4759/628/1166
f 4762/2867/1167 4764/2868/1168 4763/632/1168 4761/630/1167
f 4764/2868/1168 4766/2869/1169 4765/634/1169 4763/632/1168
f 4766/2869/1169 4768/2870/1170 4767/636/1170 4765/634/1169
f 4768/2870/1170 4770/2871/1171 4769/638/1171 4767/636/1170
f 4770/2871/1171 4772/2872/1172 4771/640/1172 4769/638/1171
f 4772/2872/1172 4354/1301/967 4353/140/967 4771/640/1172
