# Blender 4.4.1
# www.blender.org
mtllib Message3.mtl
o 平面
v -2.479503 0.000000 0.819672
v 2.479503 0.000000 0.819672
v -2.479503 0.000000 -0.819672
v 2.479503 0.000000 -0.819672
v -2.016662 0.000000 0.879781
v -1.008331 0.000000 0.879781
v 0.000000 0.000000 0.879781
v 1.008331 0.000000 0.879781
v 2.016662 0.000000 0.879781
v 2.016662 0.000000 -0.879781
v 1.008331 0.000000 -0.879781
v -0.000000 0.000000 -0.879781
v -1.008331 0.000000 -0.879781
v -2.016662 0.000000 -0.879781
v -2.661333 0.000000 -0.666667
v -2.661333 0.000000 -0.333333
v -2.661333 0.000000 0.000000
v -2.661333 0.000000 0.333333
v -2.661333 0.000000 0.666667
v 2.661333 0.000000 0.666667
v 2.661333 0.000000 0.333333
v 2.661333 0.000000 -0.000000
v 2.661333 0.000000 -0.333333
v 2.661333 0.000000 -0.666667
v -2.016662 0.000000 0.666667
v -2.016662 0.000000 0.333333
v -2.016662 0.000000 -0.000000
v -2.016662 0.000000 -0.333333
v -2.016662 0.000000 -0.666667
v -1.008331 0.000000 0.666667
v -1.008331 0.000000 0.333333
v -1.008331 0.000000 -0.000000
v -1.008331 0.000000 -0.333333
v -1.008331 0.000000 -0.666667
v 0.000000 0.000000 0.666667
v 0.000000 0.000000 0.333333
v -0.000000 0.000000 -0.000000
v -0.000000 0.000000 -0.333333
v -0.000000 0.000000 -0.666667
v 1.008331 0.000000 0.666667
v 1.008331 0.000000 0.333333
v 1.008331 0.000000 -0.000000
v 1.008331 0.000000 -0.333333
v 1.008331 0.000000 -0.666667
v 2.016662 0.000000 0.666667
v 2.016662 0.000000 0.333333
v 2.016662 0.000000 -0.000000
v 2.016662 0.000000 -0.333333
v 2.016662 0.000000 -0.666667
v -0.504165 0.000000 0.879781
v -0.504166 0.000000 -0.879781
v -0.504165 0.000000 0.666667
v -0.504166 0.000000 0.333333
v -0.504166 0.000000 -0.000000
v -0.504166 0.000000 -0.333333
v -0.504166 0.000000 -0.666667
v -2.588385 0.000000 1.412015
v -1.512497 0.000000 -0.879781
v -1.512497 0.000000 0.666667
v -1.512497 0.000000 0.333333
v -1.512497 0.000000 -0.000000
v -1.512497 0.000000 -0.333333
v -1.512497 0.000000 -0.666667
vn -0.0000 1.0000 -0.0000
vt 0.833333 0.833333
vt 1.000000 0.833333
vt 1.000000 1.000000
vt 0.833333 1.000000
vt 0.000000 0.833333
vt 0.166667 0.833333
vt 0.166667 1.000000
vt 0.000000 1.000000
vt 0.250000 0.833333
vt 0.333333 0.833333
vt 0.333333 1.000000
vt 0.250000 1.000000
vt 0.416667 0.833333
vt 0.500000 0.833333
vt 0.500000 1.000000
vt 0.416667 1.000000
vt 0.666667 0.833333
vt 0.666667 1.000000
vt 0.666667 0.000000
vt 0.833333 0.000000
vt 0.833333 0.166667
vt 0.666667 0.166667
vt 0.833333 0.333333
vt 0.666667 0.333333
vt 0.833333 0.500000
vt 0.666667 0.500000
vt 0.833333 0.666667
vt 0.666667 0.666667
vt 0.500000 0.000000
vt 0.500000 0.166667
vt 0.500000 0.333333
vt 0.500000 0.500000
vt 0.500000 0.666667
vt 0.416667 0.000000
vt 0.416667 0.166667
vt 0.416667 0.333333
vt 0.416667 0.500000
vt 0.416667 0.666667
vt 0.250000 0.000000
vt 0.333333 0.000000
vt 0.333333 0.166667
vt 0.250000 0.166667
vt 0.333333 0.333333
vt 0.250000 0.333333
vt 0.333333 0.500000
vt 0.250000 0.500000
vt 0.333333 0.666667
vt 0.250000 0.666667
vt 0.000000 0.000000
vt 0.166667 0.000000
vt 0.166667 0.166667
vt 0.000000 0.166667
vt 0.166667 0.333333
vt 0.000000 0.333333
vt 0.166667 0.500000
vt 0.000000 0.500000
vt 0.166667 0.666667
vt 0.000000 0.666667
vt 1.000000 0.000000
vt 1.000000 0.166667
vt 1.000000 0.333333
vt 1.000000 0.500000
vt 1.000000 0.666667
s 0
usemtl マテリアル
f 49/1/1 24/2/1 4/3/1 10/4/1
f 15/5/1 29/6/1 14/7/1 3/8/1
f 63/9/1 34/10/1 13/11/1 58/12/1
f 56/13/1 39/14/1 12/15/1 51/16/1
f 39/14/1 44/17/1 11/18/1 12/15/1
f 44/17/1 49/1/1 10/4/1 11/18/1
f 8/19/1 9/20/1 45/21/1 40/22/1
f 40/22/1 45/21/1 46/23/1 41/24/1
f 41/24/1 46/23/1 47/25/1 42/26/1
f 42/26/1 47/25/1 48/27/1 43/28/1
f 43/28/1 48/27/1 49/1/1 44/17/1
f 7/29/1 8/19/1 40/22/1 35/30/1
f 35/30/1 40/22/1 41/24/1 36/31/1
f 36/31/1 41/24/1 42/26/1 37/32/1
f 37/32/1 42/26/1 43/28/1 38/33/1
f 38/33/1 43/28/1 44/17/1 39/14/1
f 50/34/1 7/29/1 35/30/1 52/35/1
f 52/35/1 35/30/1 36/31/1 53/36/1
f 53/36/1 36/31/1 37/32/1 54/37/1
f 54/37/1 37/32/1 38/33/1 55/38/1
f 55/38/1 38/33/1 39/14/1 56/13/1
f 57/39/1 6/40/1 30/41/1 59/42/1
f 59/42/1 30/41/1 31/43/1 60/44/1
f 60/44/1 31/43/1 32/45/1 61/46/1
f 61/46/1 32/45/1 33/47/1 62/48/1
f 62/48/1 33/47/1 34/10/1 63/9/1
f 1/49/1 5/50/1 25/51/1 19/52/1
f 19/52/1 25/51/1 26/53/1 18/54/1
f 18/54/1 26/53/1 27/55/1 17/56/1
f 17/56/1 27/55/1 28/57/1 16/58/1
f 16/58/1 28/57/1 29/6/1 15/5/1
f 9/20/1 2/59/1 20/60/1 45/21/1
f 45/21/1 20/60/1 21/61/1 46/23/1
f 46/23/1 21/61/1 22/62/1 47/25/1
f 47/25/1 22/62/1 23/63/1 48/27/1
f 48/27/1 23/63/1 24/2/1 49/1/1
f 33/47/1 55/38/1 56/13/1 34/10/1
f 32/45/1 54/37/1 55/38/1 33/47/1
f 31/43/1 53/36/1 54/37/1 32/45/1
f 30/41/1 52/35/1 53/36/1 31/43/1
f 6/40/1 50/34/1 52/35/1 30/41/1
f 34/10/1 56/13/1 51/16/1 13/11/1
f 28/57/1 62/48/1 63/9/1 29/6/1
f 27/55/1 61/46/1 62/48/1 28/57/1
f 26/53/1 60/44/1 61/46/1 27/55/1
f 25/51/1 59/42/1 60/44/1 26/53/1
f 5/50/1 57/39/1 59/42/1 25/51/1
f 29/6/1 63/9/1 58/12/1 14/7/1
o テキスト
v 2.035308 0.015913 -0.320345
v 2.036798 0.015913 -0.257766
v 2.040812 0.015913 -0.258324
v 2.045010 0.015913 -0.258877
v 2.049358 0.015913 -0.259419
v 2.053822 0.015913 -0.259946
v 2.058369 0.015913 -0.260452
v 2.062965 0.015913 -0.260932
v 2.067577 0.015913 -0.261381
v 2.072171 0.015913 -0.261794
v 2.076713 0.015913 -0.262166
v 2.081169 0.015913 -0.262491
v 2.085507 0.015913 -0.262764
v 2.089692 0.015913 -0.262981
v 2.101017 0.015913 -0.263613
v 2.115915 0.015913 -0.264374
v 2.133705 0.015913 -0.265239
v 2.153706 0.015913 -0.266182
v 2.175239 0.015913 -0.267176
v 2.197622 0.015913 -0.268196
v 2.220177 0.015913 -0.269216
v 2.242222 0.015913 -0.270210
v 2.263077 0.015913 -0.271152
v 2.282061 0.015913 -0.272017
v 2.298495 0.015913 -0.272779
v 2.311699 0.015913 -0.273411
v 2.293218 0.015913 -0.255231
v 2.269948 0.015913 -0.233516
v 2.242659 0.015913 -0.208888
v 2.212119 0.015913 -0.181970
v 2.179095 0.015913 -0.153387
v 2.144356 0.015913 -0.123761
v 2.108670 0.015913 -0.093716
v 2.072806 0.015913 -0.063876
v 2.037531 0.015913 -0.034863
v 2.003615 0.015913 -0.007302
v 1.971825 0.015913 0.018185
v 1.942929 0.015913 0.040974
v 1.988374 0.015913 0.087164
v 2.011177 0.015913 0.065335
v 2.033225 0.015913 0.044644
v 2.054817 0.015913 0.025236
v 2.076255 0.015913 0.007257
v 2.097837 0.015913 -0.009150
v 2.119864 0.015913 -0.023840
v 2.142637 0.015913 -0.036667
v 2.166454 0.015913 -0.047486
v 2.191616 0.015913 -0.056153
v 2.218424 0.015913 -0.062524
v 2.247176 0.015913 -0.066452
v 2.278174 0.015913 -0.067794
v 2.301284 0.015913 -0.066785
v 2.322873 0.015913 -0.063821
v 2.342849 0.015913 -0.058994
v 2.361116 0.015913 -0.052398
v 2.377584 0.015913 -0.044125
v 2.392158 0.015913 -0.034269
v 2.404745 0.015913 -0.022924
v 2.415252 0.015913 -0.010182
v 2.423587 0.015913 0.003865
v 2.429655 0.015913 0.019121
v 2.433365 0.015913 0.035496
v 2.434622 0.015913 0.052894
v 2.431849 0.015913 0.079296
v 2.423678 0.015913 0.103312
v 2.410328 0.015913 0.124855
v 2.392019 0.015913 0.143838
v 2.368972 0.015913 0.160172
v 2.341405 0.015913 0.173769
v 2.309539 0.015913 0.184541
v 2.273594 0.015913 0.192400
v 2.233789 0.015913 0.197259
v 2.190344 0.015913 0.199029
v 2.143480 0.015913 0.197623
v 2.093417 0.015913 0.192952
v 2.109807 0.015913 0.253296
v 2.169230 0.015913 0.256310
v 2.224125 0.015913 0.255372
v 2.274368 0.015913 0.250595
v 2.319839 0.015913 0.242094
v 2.360415 0.015913 0.229981
v 2.395976 0.015913 0.214370
v 2.426399 0.015913 0.195377
v 2.451563 0.015913 0.173113
v 2.471347 0.015913 0.147694
v 2.485629 0.015913 0.119233
v 2.494288 0.015913 0.087843
v 2.497201 0.015913 0.053639
v 2.495458 0.015913 0.028998
v 2.490337 0.015913 0.005822
v 2.481998 0.015913 -0.015761
v 2.470602 0.015913 -0.035621
v 2.456308 0.015913 -0.053630
v 2.439278 0.015913 -0.069656
v 2.419671 0.015913 -0.083572
v 2.397648 0.015913 -0.095248
v 2.373370 0.015913 -0.104554
v 2.346996 0.015913 -0.111362
v 2.318687 0.015913 -0.115541
v 2.288604 0.015913 -0.116963
v 2.281016 0.015913 -0.116852
v 2.273159 0.015913 -0.116508
v 2.265044 0.015913 -0.115916
v 2.256680 0.015913 -0.115059
v 2.248078 0.015913 -0.113924
v 2.239249 0.015913 -0.112493
v 2.230201 0.015913 -0.110752
v 2.220948 0.015913 -0.108686
v 2.211497 0.015913 -0.106277
v 2.201861 0.015913 -0.103512
v 2.192048 0.015913 -0.100374
v 2.182070 0.015913 -0.096848
v 2.198068 0.015913 -0.109950
v 2.214998 0.015913 -0.123813
v 2.232648 0.015913 -0.138265
v 2.250803 0.015913 -0.153136
v 2.269247 0.015913 -0.168256
v 2.287766 0.015913 -0.183453
v 2.306146 0.015913 -0.198557
v 2.324171 0.015913 -0.213398
v 2.341626 0.015913 -0.227803
v 2.358299 0.015913 -0.241604
v 2.373972 0.015913 -0.254628
v 2.388433 0.015913 -0.266706
v 2.390457 0.015913 -0.268283
v 2.392775 0.015913 -0.270013
v 2.395335 0.015913 -0.271863
v 2.398090 0.015913 -0.273797
v 2.400989 0.015913 -0.275783
v 2.403984 0.015913 -0.277788
v 2.407025 0.015913 -0.279776
v 2.410064 0.015913 -0.281716
v 2.413052 0.015913 -0.283573
v 2.415938 0.015913 -0.285313
v 2.418674 0.015913 -0.286904
v 2.421212 0.015913 -0.288310
v 2.385453 0.015913 -0.331520
v 2.382526 0.015913 -0.330790
v 2.379362 0.015913 -0.330092
v 2.376001 0.015913 -0.329425
v 2.372484 0.015913 -0.328788
v 2.368854 0.015913 -0.328183
v 2.365152 0.015913 -0.327609
v 2.361418 0.015913 -0.327065
v 2.357695 0.015913 -0.326553
v 2.354023 0.015913 -0.326072
v 2.350445 0.015913 -0.325622
v 2.347001 0.015913 -0.325203
v 2.343733 0.015913 -0.324815
v 2.329585 0.015913 -0.324057
v 2.311195 0.015913 -0.323284
v 2.289442 0.015913 -0.322510
v 2.265206 0.015913 -0.321752
v 2.239366 0.015913 -0.321025
v 2.212801 0.015913 -0.320345
v 2.186392 0.015913 -0.319727
v 2.161018 0.015913 -0.319186
v 2.137558 0.015913 -0.318739
v 2.116891 0.015913 -0.318400
v 2.099898 0.015913 -0.318185
v 2.087457 0.015913 -0.318110
v 2.082462 0.015913 -0.318126
v 2.077541 0.015913 -0.318172
v 2.072709 0.015913 -0.318250
v 2.067977 0.015913 -0.318358
v 2.063359 0.015913 -0.318498
v 2.058868 0.015913 -0.318669
v 2.054517 0.015913 -0.318870
v 2.050318 0.015913 -0.319103
v 2.046285 0.015913 -0.319367
v 2.042430 0.015913 -0.319662
v 2.038767 0.015913 -0.319988
v 1.530951 0.015913 -0.249571
v 1.573415 0.015913 -0.283096
v 1.565783 0.015913 -0.290705
v 1.557181 0.015913 -0.298899
v 1.547818 0.015913 -0.307517
v 1.537904 0.015913 -0.316399
v 1.527649 0.015913 -0.325385
v 1.517262 0.015913 -0.334314
v 1.506952 0.015913 -0.343025
v 1.496930 0.015913 -0.351359
v 1.487404 0.015913 -0.359154
v 1.478585 0.015913 -0.366251
v 1.470681 0.015913 -0.372490
v 1.463902 0.015913 -0.377709
v 1.421438 0.015913 -0.347165
v 1.429767 0.015913 -0.340777
v 1.438655 0.015913 -0.333624
v 1.447978 0.015913 -0.325839
v 1.457611 0.015913 -0.317558
v 1.467430 0.015913 -0.308915
v 1.477312 0.015913 -0.300044
v 1.487131 0.015913 -0.291080
v 1.496764 0.015913 -0.282157
v 1.506087 0.015913 -0.273411
v 1.514975 0.015913 -0.264974
v 1.523304 0.015913 -0.256983
v 1.162182 0.015913 -0.096103
v 1.190491 0.015913 -0.035014
v 1.199424 0.015913 -0.039152
v 1.209057 0.015913 -0.043720
v 1.219348 0.015913 -0.048680
v 1.230252 0.015913 -0.053998
v 1.241724 0.015913 -0.059636
v 1.253722 0.015913 -0.065559
v 1.266201 0.015913 -0.071730
v 1.279117 0.015913 -0.078113
v 1.292427 0.015913 -0.084673
v 1.306085 0.015913 -0.091371
v 1.320049 0.015913 -0.098174
v 1.334274 0.015913 -0.105043
v 1.362584 0.015913 -0.043209
v 1.373057 0.015913 -0.018377
v 1.383229 0.015913 0.007198
v 1.393081 0.015913 0.033327
v 1.402592 0.015913 0.059820
v 1.411741 0.015913 0.086489
v 1.420506 0.015913 0.113145
v 1.428868 0.015913 0.139600
v 1.436806 0.015913 0.165663
v 1.444299 0.015913 0.191148
v 1.451327 0.015913 0.215864
v 1.457868 0.015913 0.239623
v 1.463902 0.015913 0.262236
v 1.527971 0.015913 0.245101
v 1.521204 0.015913 0.223494
v 1.513633 0.015913 0.199885
v 1.505354 0.015913 0.174630
v 1.496461 0.015913 0.148087
v 1.487050 0.015913 0.120613
v 1.477219 0.015913 0.092565
v 1.467061 0.015913 0.064299
v 1.456673 0.015913 0.036173
v 1.446150 0.015913 0.008544
v 1.435589 0.015913 -0.018232
v 1.425085 0.015913 -0.043797
v 1.414733 0.015913 -0.067794
v 1.386423 0.015913 -0.129628
v 1.408118 0.015913 -0.139559
v 1.429922 0.015913 -0.149170
v 1.451726 0.015913 -0.158357
v 1.473421 0.015913 -0.167015
v 1.494899 0.015913 -0.175043
v 1.516051 0.015913 -0.182336
v 1.536768 0.015913 -0.188791
v 1.556942 0.015913 -0.194304
v 1.576465 0.015913 -0.198772
v 1.595226 0.015913 -0.202092
v 1.613119 0.015913 -0.204160
v 1.630034 0.015913 -0.204872
v 1.647497 0.015913 -0.204055
v 1.663386 0.015913 -0.201688
v 1.677714 0.015913 -0.197899
v 1.690489 0.015913 -0.192814
v 1.701722 0.015913 -0.186560
v 1.711424 0.015913 -0.179263
v 1.719606 0.015913 -0.171050
v 1.726276 0.015913 -0.162049
v 1.731446 0.015913 -0.152385
v 1.735126 0.015913 -0.142186
v 1.737327 0.015913 -0.131578
v 1.738058 0.015913 -0.120688
v 1.737336 0.015913 -0.107485
v 1.735143 0.015913 -0.094779
v 1.731434 0.015913 -0.082694
v 1.726165 0.015913 -0.071353
v 1.719293 0.015913 -0.060882
v 1.710772 0.015913 -0.051404
v 1.700560 0.015913 -0.043044
v 1.688612 0.015913 -0.035925
v 1.674885 0.015913 -0.030172
v 1.659334 0.015913 -0.025909
v 1.641915 0.015913 -0.023260
v 1.622584 0.015913 -0.022350
v 1.612763 0.015913 -0.022577
v 1.603056 0.015913 -0.023236
v 1.593483 0.015913 -0.024294
v 1.584066 0.015913 -0.025716
v 1.574824 0.015913 -0.027469
v 1.565779 0.015913 -0.029520
v 1.556951 0.015913 -0.031835
v 1.548361 0.015913 -0.034380
v 1.540030 0.015913 -0.037121
v 1.531978 0.015913 -0.040026
v 1.524227 0.015913 -0.043060
v 1.516796 0.015913 -0.046189
v 1.514561 0.015913 0.011920
v 1.521910 0.015913 0.014521
v 1.529771 0.015913 0.017086
v 1.538098 0.015913 0.019579
v 1.546844 0.015913 0.021963
v 1.555962 0.015913 0.024203
v 1.565407 0.015913 0.026261
v 1.575130 0.015913 0.028102
v 1.585087 0.015913 0.029689
v 1.595230 0.015913 0.030987
v 1.605512 0.015913 0.031959
v 1.615887 0.015913 0.032568
v 1.626309 0.015913 0.032779
v 1.654095 0.015913 0.031455
v 1.679355 0.015913 0.027582
v 1.702112 0.015913 0.021314
v 1.722385 0.015913 0.012803
v 1.740196 0.015913 0.002202
v 1.755565 0.015913 -0.010337
v 1.768512 0.015913 -0.024660
v 1.779060 0.015913 -0.040616
v 1.787227 0.015913 -0.058051
v 1.793035 0.015913 -0.076813
v 1.796505 0.015913 -0.096750
v 1.797657 0.015913 -0.117708
v 1.796351 0.015913 -0.137522
v 1.792490 0.015913 -0.156279
v 1.786156 0.015913 -0.173850
v 1.777432 0.015913 -0.190110
v 1.766400 0.015913 -0.204932
v 1.753144 0.015913 -0.218188
v 1.737746 0.015913 -0.229753
v 1.720288 0.015913 -0.239500
v 1.700855 0.015913 -0.247301
v 1.679528 0.015913 -0.253030
v 1.656390 0.015913 -0.256561
v 1.631524 0.015913 -0.257766
v 1.611693 0.015913 -0.256952
v 1.591015 0.015913 -0.254603
v 1.569609 0.015913 -0.250863
v 1.547589 0.015913 -0.245874
v 1.525072 0.015913 -0.239777
v 1.502176 0.015913 -0.232716
v 1.479015 0.015913 -0.224832
v 1.455707 0.015913 -0.216267
v 1.432368 0.015913 -0.207165
v 1.409114 0.015913 -0.197667
v 1.386062 0.015913 -0.187915
v 1.363329 0.015913 -0.178052
v 1.359604 0.015913 -0.185841
v 1.355886 0.015913 -0.193556
v 1.352177 0.015913 -0.201182
v 1.348484 0.015913 -0.208707
v 1.344812 0.015913 -0.216119
v 1.341165 0.015913 -0.223403
v 1.337550 0.015913 -0.230548
v 1.333970 0.015913 -0.237541
v 1.330433 0.015913 -0.244368
v 1.326941 0.015913 -0.251016
v 1.323502 0.015913 -0.257473
v 1.320119 0.015913 -0.263726
v 1.317984 0.015913 -0.267297
v 1.315704 0.015913 -0.271252
v 1.313321 0.015913 -0.275506
v 1.310876 0.015913 -0.279978
v 1.308410 0.015913 -0.284584
v 1.305964 0.015913 -0.289242
v 1.303581 0.015913 -0.293869
v 1.301301 0.015913 -0.298382
v 1.299166 0.015913 -0.302698
v 1.297218 0.015913 -0.306735
v 1.295497 0.015913 -0.310410
v 1.294045 0.015913 -0.313640
v 1.232956 0.015913 -0.289055
v 1.235993 0.015913 -0.285169
v 1.239126 0.015913 -0.280999
v 1.242326 0.015913 -0.276600
v 1.245565 0.015913 -0.272031
v 1.248815 0.015913 -0.267348
v 1.252046 0.015913 -0.262608
v 1.255231 0.015913 -0.257869
v 1.258340 0.015913 -0.253186
v 1.261347 0.015913 -0.248617
v 1.264221 0.015913 -0.244218
v 1.266935 0.015913 -0.240048
v 1.269460 0.015913 -0.236161
v 1.272657 0.015913 -0.230793
v 1.275917 0.015913 -0.225124
v 1.279238 0.015913 -0.219166
v 1.282621 0.015913 -0.212929
v 1.286067 0.015913 -0.206422
v 1.289575 0.015913 -0.199657
v 1.293144 0.015913 -0.192643
v 1.296776 0.015913 -0.185392
v 1.300470 0.015913 -0.177912
v 1.304226 0.015913 -0.170216
v 1.308044 0.015913 -0.162313
v 1.311924 0.015913 -0.154213
v 1.303621 0.015913 -0.150520
v 1.295476 0.015913 -0.146897
v 1.287491 0.015913 -0.143352
v 1.279669 0.015913 -0.139892
v 1.272013 0.015913 -0.136526
v 1.264524 0.015913 -0.133260
v 1.257207 0.015913 -0.130103
v 1.250063 0.015913 -0.127062
v 1.243094 0.015913 -0.124145
v 1.236305 0.015913 -0.121361
v 1.229696 0.015913 -0.118716
v 1.223271 0.015913 -0.116218
v 1.219664 0.015913 -0.114827
v 1.215590 0.015913 -0.113280
v 1.211106 0.015913 -0.111609
v 1.206274 0.015913 -0.109844
v 1.201152 0.015913 -0.108018
v 1.195799 0.015913 -0.106161
v 1.190276 0.015913 -0.104304
v 1.184642 0.015913 -0.102477
v 1.178956 0.015913 -0.100713
v 1.173277 0.015913 -0.099042
v 1.167666 0.015913 -0.097495
v 0.780003 0.015913 -0.329285
v 0.714444 0.015913 -0.356104
v 0.712194 0.015913 -0.350764
v 0.709919 0.015913 -0.345544
v 0.707622 0.015913 -0.340436
v 0.705311 0.015913 -0.335438
v 0.702989 0.015913 -0.330543
v 0.700661 0.015913 -0.325746
v 0.698334 0.015913 -0.321043
v 0.696012 0.015913 -0.316427
v 0.693700 0.015913 -0.311894
v 0.691404 0.015913 -0.307439
v 0.689129 0.015913 -0.303056
v 0.686879 0.015913 -0.298740
v 0.674395 0.015913 -0.276041
v 0.657594 0.015913 -0.244974
v 0.637279 0.015913 -0.206886
v 0.614257 0.015913 -0.163125
v 0.589330 0.015913 -0.115039
v 0.563304 0.015913 -0.063976
v 0.536983 0.015913 -0.011283
v 0.511172 0.015913 0.041692
v 0.486675 0.015913 0.093601
v 0.464297 0.015913 0.143096
v 0.444841 0.015913 0.188831
v 0.429113 0.015913 0.229456
v 0.493182 0.015913 0.251806
v 0.496051 0.015913 0.241493
v 0.499739 0.015913 0.229394
v 0.504136 0.015913 0.215837
v 0.509130 0.015913 0.201147
v 0.514611 0.015913 0.185650
v 0.520467 0.015913 0.169671
v 0.526587 0.015913 0.153537
v 0.532860 0.015913 0.137575
v 0.539174 0.015913 0.122108
v 0.545418 0.015913 0.107465
v 0.551481 0.015913 0.093969
v 0.557251 0.015913 0.081949
v 0.565061 0.015913 0.067396
v 0.573910 0.015913 0.052942
v 0.583722 0.015913 0.038809
v 0.594418 0.015913 0.025219
v 0.605921 0.015913 0.012395
v 0.618154 0.015913 0.000559
v 0.631039 0.015913 -0.010067
v 0.644498 0.015913 -0.019259
v 0.658453 0.015913 -0.026796
v 0.672828 0.015913 -0.032455
v 0.687544 0.015913 -0.036014
v 0.702524 0.015913 -0.037249
v 0.710594 0.015913 -0.036849
v 0.718038 0.015913 -0.035663
v 0.724850 0.015913 -0.033711
v 0.731027 0.015913 -0.031014
v 0.736561 0.015913 -0.027592
v 0.741450 0.015913 -0.023467
v 0.745686 0.015913 -0.018659
v 0.749265 0.015913 -0.013189
v 0.752182 0.015913 -0.007077
v 0.754432 0.015913 -0.000345
v 0.756009 0.015913 0.006988
v 0.756908 0.015913 0.014900
v 0.757394 0.015913 0.025467
v 0.757750 0.015913 0.036611
v 0.758002 0.015913 0.048226
v 0.758177 0.015913 0.060206
v 0.758301 0.015913 0.072445
v 0.758398 0.015913 0.084836
v 0.758496 0.015913 0.097273
v 0.758619 0.015913 0.109651
v 0.758794 0.015913 0.121864
v 0.759046 0.015913 0.133805
v 0.759403 0.015913 0.145368
v 0.759888 0.015913 0.156448
v 0.761117 0.015913 0.167543
v 0.763389 0.015913 0.178718
v 0.766814 0.015913 0.189774
v 0.771504 0.015913 0.200512
v 0.777571 0.015913 0.210733
v 0.785124 0.015913 0.220237
v 0.794277 0.015913 0.228826
v 0.805139 0.015913 0.236299
v 0.817823 0.015913 0.242459
v 0.832438 0.015913 0.247105
v 0.849097 0.015913 0.250039
v 0.867911 0.015913 0.251061
v 0.893983 0.015913 0.249350
v 0.918239 0.015913 0.244325
v 0.940757 0.015913 0.236150
v 0.961614 0.015913 0.224986
v 0.980888 0.015913 0.210999
v 0.998657 0.015913 0.194349
v 1.014997 0.015913 0.175200
v 1.029988 0.015913 0.153716
v 1.043705 0.015913 0.130059
v 1.056228 0.015913 0.104391
v 1.067633 0.015913 0.076877
v 1.077998 0.015913 0.047679
v 1.028829 0.015913 0.007450
v 1.023363 0.015913 0.027615
v 1.016643 0.015913 0.048335
v 1.008656 0.015913 0.069168
v 0.999388 0.015913 0.089675
v 0.988827 0.015913 0.109416
v 0.976959 0.015913 0.127952
v 0.963772 0.015913 0.144842
v 0.949253 0.015913 0.159648
v 0.933389 0.015913 0.171929
v 0.916166 0.015913 0.181246
v 0.897573 0.015913 0.187158
v 0.877596 0.015913 0.189227
v 0.869566 0.015913 0.188898
v 0.861900 0.015913 0.187896
v 0.854653 0.015913 0.186201
v 0.847879 0.015913 0.183791
v 0.841634 0.015913 0.180648
v 0.835970 0.015913 0.176748
v 0.830943 0.015913 0.172073
v 0.826606 0.015913 0.166601
v 0.823014 0.015913 0.160312
v 0.820222 0.015913 0.153185
v 0.818283 0.015913 0.145199
v 0.817252 0.015913 0.136333
v 0.816752 0.015913 0.126792
v 0.816359 0.015913 0.116501
v 0.816053 0.015913 0.105579
v 0.815817 0.015913 0.094144
v 0.815633 0.015913 0.082317
v 0.815483 0.015913 0.070215
v 0.815348 0.015913 0.057958
v 0.815210 0.015913 0.045665
v 0.815052 0.015913 0.033455
v 0.814855 0.015913 0.021446
v 0.814601 0.015913 0.009758
v 0.814272 0.015913 -0.001490
v 0.813027 0.015913 -0.015627
v 0.810454 0.015913 -0.028603
v 0.806624 0.015913 -0.040404
v 0.801607 0.015913 -0.051018
v 0.795473 0.015913 -0.060432
v 0.788291 0.015913 -0.068632
v 0.780131 0.015913 -0.075606
v 0.771063 0.015913 -0.081342
v 0.761157 0.015913 -0.085825
v 0.750483 0.015913 -0.089043
v 0.739110 0.015913 -0.090984
v 0.727109 0.015913 -0.091634
v 0.718095 0.015913 -0.091351
v 0.708953 0.015913 -0.090488
v 0.699707 0.015913 -0.089026
v 0.690383 0.015913 -0.086943
v 0.681008 0.015913 -0.084218
v 0.671607 0.015913 -0.080831
v 0.662206 0.015913 -0.076761
v 0.652830 0.015913 -0.071988
v 0.643507 0.015913 -0.066490
v 0.634261 0.015913 -0.060247
v 0.625118 0.015913 -0.053239
v 0.616105 0.015913 -0.045444
v 0.626373 0.015913 -0.064510
v 0.637655 0.015913 -0.085287
v 0.649723 0.015913 -0.107348
v 0.662350 0.015913 -0.130263
v 0.675308 0.015913 -0.153601
v 0.688369 0.015913 -0.176935
v 0.701306 0.015913 -0.199834
v 0.713892 0.015913 -0.221869
v 0.725898 0.015913 -0.242610
v 0.737097 0.015913 -0.261629
v 0.747261 0.015913 -0.278495
v 0.756163 0.015913 -0.292780
v 0.758382 0.015913 -0.296301
v 0.760567 0.015913 -0.299778
v 0.762717 0.015913 -0.303199
v 0.764827 0.015913 -0.306549
v 0.766896 0.015913 -0.309816
v 0.768921 0.015913 -0.312988
v 0.770900 0.015913 -0.316051
v 0.772829 0.015913 -0.318993
v 0.774706 0.015913 -0.321800
v 0.776530 0.015913 -0.324460
v 0.778296 0.015913 -0.326959
v -0.139313 0.015913 -0.224986
v -0.201892 0.015913 -0.233181
v -0.203294 0.015913 -0.212092
v -0.205224 0.015913 -0.188323
v -0.207619 0.015913 -0.162454
v -0.210418 0.015913 -0.135064
v -0.213558 0.015913 -0.106732
v -0.216978 0.015913 -0.078038
v -0.220615 0.015913 -0.049561
v -0.224407 0.015913 -0.021881
v -0.228292 0.015913 0.004423
v -0.232209 0.015913 0.028772
v -0.236094 0.015913 0.050585
v -0.239886 0.015913 0.069284
v -0.184757 0.015913 0.082694
v -0.183592 0.015913 0.079699
v -0.182326 0.015913 0.076675
v -0.180951 0.015913 0.073626
v -0.179459 0.015913 0.070553
v -0.177844 0.015913 0.067460
v -0.176097 0.015913 0.064348
v -0.174210 0.015913 0.061221
v -0.172175 0.015913 0.058081
v -0.169985 0.015913 0.054931
v -0.167633 0.015913 0.051773
v -0.165109 0.015913 0.048610
v -0.162407 0.015913 0.045444
v -0.148786 0.015913 0.030334
v -0.134022 0.015913 0.016321
v -0.118150 0.015913 0.003446
v -0.101208 0.015913 -0.008250
v -0.083231 0.015913 -0.018725
v -0.064255 0.015913 -0.027937
v -0.044317 0.015913 -0.035846
v -0.023453 0.015913 -0.042409
v -0.001699 0.015913 -0.047586
v 0.020908 0.015913 -0.051335
v 0.044333 0.015913 -0.053615
v 0.068539 0.015913 -0.054384
v 0.087082 0.015913 -0.053514
v 0.104636 0.015913 -0.050963
v 0.121084 0.015913 -0.046818
v 0.136305 0.015913 -0.041168
v 0.150182 0.015913 -0.034100
v 0.162594 0.015913 -0.025702
v 0.173423 0.015913 -0.016063
v 0.182550 0.015913 -0.005270
v 0.189856 0.015913 0.006588
v 0.195221 0.015913 0.019425
v 0.198528 0.015913 0.033151
v 0.199657 0.015913 0.047679
v 0.197263 0.015913 0.072445
v 0.190069 0.015913 0.095565
v 0.178052 0.015913 0.116823
v 0.161193 0.015913 0.136002
v 0.139471 0.015913 0.152883
v 0.112866 0.015913 0.167250
v 0.081355 0.015913 0.178885
v 0.044920 0.015913 0.187572
v 0.003539 0.015913 0.193092
v -0.042809 0.015913 0.195228
v -0.094144 0.015913 0.193764
v -0.150488 0.015913 0.188482
v -0.132608 0.015913 0.249571
v -0.066621 0.015913 0.253026
v -0.007133 0.015913 0.252006
v 0.046003 0.015913 0.246754
v 0.092930 0.015913 0.237513
v 0.133794 0.015913 0.224527
v 0.168740 0.015913 0.208038
v 0.197912 0.015913 0.188290
v 0.221455 0.015913 0.165525
v 0.239514 0.015913 0.139988
v 0.252234 0.015913 0.111921
v 0.259759 0.015913 0.081567
v 0.262236 0.015913 0.049169
v 0.260675 0.015913 0.027795
v 0.256079 0.015913 0.007371
v 0.248582 0.015913 -0.011931
v 0.238314 0.015913 -0.029938
v 0.225407 0.015913 -0.046474
v 0.209994 0.015913 -0.061368
v 0.192206 0.015913 -0.074447
v 0.172175 0.015913 -0.085536
v 0.150034 0.015913 -0.094462
v 0.125913 0.015913 -0.101053
v 0.099946 0.015913 -0.105134
v 0.072264 0.015913 -0.106533
v 0.050071 0.015913 -0.105940
v 0.028199 0.015913 -0.104147
v 0.006658 0.015913 -0.101132
v -0.014541 0.015913 -0.096876
v -0.035389 0.015913 -0.091358
v -0.055874 0.015913 -0.084556
v -0.075987 0.015913 -0.076451
v -0.095717 0.015913 -0.067021
v -0.115054 0.015913 -0.056247
v -0.133987 0.015913 -0.044106
v -0.152507 0.015913 -0.030579
v -0.170602 0.015913 -0.015645
v -0.168464 0.015913 -0.028812
v -0.166163 0.015913 -0.044189
v -0.163723 0.015913 -0.061345
v -0.161166 0.015913 -0.079852
v -0.158516 0.015913 -0.099279
v -0.155796 0.015913 -0.119198
v -0.153029 0.015913 -0.139179
v -0.150239 0.015913 -0.158793
v -0.147449 0.015913 -0.177610
v -0.144683 0.015913 -0.195201
v -0.141963 0.015913 -0.211136
v -0.122923 0.015913 -0.360574
v -0.137823 0.015913 -0.303955
v -0.121593 0.015913 -0.299710
v -0.101667 0.015913 -0.294891
v -0.078724 0.015913 -0.289637
v -0.053446 0.015913 -0.284089
v -0.026512 0.015913 -0.278385
v 0.001397 0.015913 -0.272666
v 0.029601 0.015913 -0.267071
v 0.057419 0.015913 -0.261739
v 0.084172 0.015913 -0.256811
v 0.109179 0.015913 -0.252427
v 0.131759 0.015913 -0.248725
v 0.151233 0.015913 -0.245846
v 0.165387 0.015913 -0.303210
v 0.147166 0.015913 -0.305207
v 0.125717 0.015913 -0.308132
v 0.101691 0.015913 -0.311859
v 0.075740 0.015913 -0.316261
v 0.048517 0.015913 -0.321212
v 0.020673 0.015913 -0.326584
v -0.007139 0.015913 -0.332251
v -0.034269 0.015913 -0.338087
v -0.060065 0.015913 -0.343963
v -0.083873 0.015913 -0.349755
v -0.105043 0.015913 -0.355334
v -0.563211 0.015913 -0.275646
v -0.621320 0.015913 -0.255531
v -0.604002 0.015913 -0.232423
v -0.587816 0.015913 -0.206872
v -0.572780 0.015913 -0.179170
v -0.558907 0.015913 -0.149605
v -0.546213 0.015913 -0.118467
v -0.534715 0.015913 -0.086046
v -0.524428 0.015913 -0.052632
v -0.515366 0.015913 -0.018514
v -0.507546 0.015913 0.016017
v -0.500984 0.015913 0.050673
v -0.495694 0.015913 0.085163
v -0.491692 0.015913 0.119198
v -0.432093 0.015913 0.094614
v -0.435754 0.015913 0.062530
v -0.441081 0.015913 0.029472
v -0.447971 0.015913 -0.004202
v -0.456319 0.015913 -0.038132
v -0.466023 0.015913 -0.071959
v -0.476979 0.015913 -0.105323
v -0.489083 0.015913 -0.137864
v -0.502232 0.015913 -0.169223
v -0.516323 0.015913 -0.199040
v -0.531253 0.015913 -0.226956
v -0.546916 0.015913 -0.252611
v -0.951350 0.015913 -0.296505
v -1.023614 0.015913 -0.297995
v -1.022572 0.015913 -0.293262
v -1.021676 0.015913 -0.288066
v -1.020913 0.015913 -0.282502
v -1.020275 0.015913 -0.276667
v -1.019751 0.015913 -0.270655
v -1.019330 0.015913 -0.264564
v -1.019003 0.015913 -0.258488
v -1.018758 0.015913 -0.252523
v -1.018585 0.015913 -0.246766
v -1.018475 0.015913 -0.241311
v -1.018416 0.015913 -0.236254
v -1.018399 0.015913 -0.231691
v -1.018380 0.015913 -0.219938
v -1.018309 0.015913 -0.206455
v -1.018166 0.015913 -0.191497
v -1.017930 0.015913 -0.175321
v -1.017580 0.015913 -0.158182
v -1.017095 0.015913 -0.140337
v -1.016455 0.015913 -0.122042
v -1.015640 0.015913 -0.103553
v -1.014627 0.015913 -0.085127
v -1.013398 0.015913 -0.067018
v -1.011930 0.015913 -0.049484
v -1.010204 0.015913 -0.032779
v -1.004208 0.015913 0.012928
v -0.996380 0.015913 0.053698
v -0.986877 0.015913 0.089713
v -0.975852 0.015913 0.121157
v -0.963461 0.015913 0.148214
v -0.949860 0.015913 0.171068
v -0.935203 0.015913 0.189902
v -0.919647 0.015913 0.204899
v -0.903345 0.015913 0.216244
v -0.886453 0.015913 0.224121
v -0.869127 0.015913 0.228712
v -0.851522 0.015913 0.230201
v -0.839134 0.015913 0.229278
v -0.826920 0.015913 0.226414
v -0.814866 0.015913 0.221471
v -0.802959 0.015913 0.214308
v -0.791187 0.015913 0.204786
v -0.779537 0.015913 0.192766
v -0.767995 0.015913 0.178106
v -0.756549 0.015913 0.160669
v -0.745186 0.015913 0.140314
v -0.733893 0.015913 0.116901
v -0.722656 0.015913 0.090291
v -0.711464 0.015913 0.060344
v -0.758398 0.015913 0.007450
v -0.763559 0.015913 0.026090
v -0.769328 0.015913 0.044575
v -0.775661 0.015913 0.062626
v -0.782514 0.015913 0.079962
v -0.789842 0.015913 0.096305
v -0.797603 0.015913 0.111376
v -0.805752 0.015913 0.124894
v -0.814245 0.015913 0.136581
v -0.823037 0.015913 0.146157
v -0.832086 0.015913 0.153343
v -0.841347 0.015913 0.157860
v -0.850777 0.015913 0.159427
v -0.863654 0.015913 0.157728
v -0.875820 0.015913 0.152726
v -0.887246 0.015913 0.144563
v -0.897904 0.015913 0.133381
v -0.907765 0.015913 0.119322
v -0.916801 0.015913 0.102529
v -0.924984 0.015913 0.083144
v -0.932284 0.015913 0.061310
v -0.938674 0.015913 0.037168
v -0.944124 0.015913 0.010861
v -0.948608 0.015913 -0.017469
v -0.952095 0.015913 -0.047679
v -0.953307 0.015913 -0.063246
v -0.954344 0.015913 -0.078969
v -0.955215 0.015913 -0.094753
v -0.955930 0.015913 -0.110507
v -0.956501 0.015913 -0.126136
v -0.956937 0.015913 -0.141548
v -0.957250 0.015913 -0.156649
v -0.957448 0.015913 -0.171347
v -0.957543 0.015913 -0.185549
v -0.957544 0.015913 -0.199160
v -0.957463 0.015913 -0.212089
v -0.957310 0.015913 -0.224241
v -0.957250 0.015913 -0.229391
v -0.957075 0.015913 -0.235078
v -0.956798 0.015913 -0.241190
v -0.956427 0.015913 -0.247612
v -0.955973 0.015913 -0.254231
v -0.955447 0.015913 -0.260932
v -0.954859 0.015913 -0.267603
v -0.954220 0.015913 -0.274128
v -0.953538 0.015913 -0.280395
v -0.952826 0.015913 -0.286289
v -0.952093 0.015913 -0.291697
v -1.769347 0.015913 -0.258511
v -1.759063 0.015913 -0.254965
v -1.748415 0.015913 -0.251068
v -1.737534 0.015913 -0.246871
v -1.726552 0.015913 -0.242425
v -1.715600 0.015913 -0.237782
v -1.704812 0.015913 -0.232995
v -1.694319 0.015913 -0.228115
v -1.684253 0.015913 -0.223193
v -1.674745 0.015913 -0.218282
v -1.665928 0.015913 -0.213432
v -1.657934 0.015913 -0.208697
v -1.650894 0.015913 -0.204127
v -1.626309 0.015913 -0.244356
v -1.633506 0.015913 -0.248710
v -1.641602 0.015913 -0.253175
v -1.650475 0.015913 -0.257708
v -1.659999 0.015913 -0.262263
v -1.670052 0.015913 -0.266798
v -1.680507 0.015913 -0.271269
v -1.691243 0.015913 -0.275631
v -1.702133 0.015913 -0.279840
v -1.713054 0.015913 -0.283852
v -1.723882 0.015913 -0.287624
v -1.734493 0.015913 -0.291112
v -1.744763 0.015913 -0.294270
v -1.458687 0.015913 -0.253296
v -1.447458 0.015913 -0.249951
v -1.435841 0.015913 -0.246281
v -1.423975 0.015913 -0.242331
v -1.412001 0.015913 -0.238148
v -1.400058 0.015913 -0.233779
v -1.388286 0.015913 -0.229270
v -1.376824 0.015913 -0.224668
v -1.365812 0.015913 -0.220020
v -1.355390 0.015913 -0.215371
v -1.345697 0.015913 -0.210770
v -1.336874 0.015913 -0.206261
v -1.329059 0.015913 -0.201892
v -1.305219 0.015913 -0.243611
v -1.313219 0.015913 -0.247779
v -1.322220 0.015913 -0.252058
v -1.332074 0.015913 -0.256404
v -1.342634 0.015913 -0.260774
v -1.353754 0.015913 -0.265122
v -1.365284 0.015913 -0.269406
v -1.377079 0.015913 -0.273582
v -1.388989 0.015913 -0.277605
v -1.400869 0.015913 -0.281431
v -1.412570 0.015913 -0.285017
v -1.423945 0.015913 -0.288318
v -1.434847 0.015913 -0.291290
v -1.668774 0.015913 0.136333
v -1.305964 0.015913 0.136333
v -1.305964 0.015913 0.211577
v -1.668774 0.015913 0.211577
v -1.668774 0.015913 0.091634
v -1.668774 0.015913 0.019370
v -1.305964 0.015913 0.019370
v -1.305964 0.015913 0.091634
v -1.792442 0.015913 -0.368769
v -1.792442 0.015913 -0.321090
v -1.571180 0.015913 -0.321090
v -1.571180 0.015913 -0.221262
v -1.592441 0.015913 -0.211973
v -1.613686 0.015913 -0.202764
v -1.634807 0.015913 -0.193685
v -1.655695 0.015913 -0.184785
v -1.676242 0.015913 -0.176112
v -1.696338 0.015913 -0.167716
v -1.715876 0.015913 -0.159645
v -1.734746 0.015913 -0.151950
v -1.752841 0.015913 -0.144679
v -1.770051 0.015913 -0.137881
v -1.786267 0.015913 -0.131606
v -1.801382 0.015913 -0.125903
v -1.781267 0.015913 -0.079714
v -1.766022 0.015913 -0.086398
v -1.750133 0.015913 -0.093396
v -1.733669 0.015913 -0.100678
v -1.716701 0.015913 -0.108216
v -1.699299 0.015913 -0.115982
v -1.681532 0.015913 -0.123947
v -1.663469 0.015913 -0.132083
v -1.645182 0.015913 -0.140361
v -1.626740 0.015913 -0.148753
v -1.608212 0.015913 -0.157230
v -1.589669 0.015913 -0.165765
v -1.571180 0.015913 -0.174327
v -1.571180 0.015913 -0.075989
v -1.526481 0.015913 -0.075989
v -1.528016 0.015913 -0.071862
v -1.529637 0.015913 -0.067684
v -1.531335 0.015913 -0.063464
v -1.533103 0.015913 -0.059213
v -1.534933 0.015913 -0.054941
v -1.536818 0.015913 -0.050659
v -1.538749 0.015913 -0.046377
v -1.540719 0.015913 -0.042106
v -1.542719 0.015913 -0.037855
v -1.544744 0.015913 -0.033635
v -1.546783 0.015913 -0.029456
v -1.548831 0.015913 -0.025330
v -1.724648 0.015913 -0.025330
v -1.724648 0.015913 0.285331
v -1.668774 0.015913 0.285331
v -1.668774 0.015913 0.255531
v -1.305964 0.015913 0.255531
v -1.305964 0.015913 0.285331
v -1.247855 0.015913 0.285331
v -1.247855 0.015913 -0.025330
v -1.493701 0.015913 -0.025330
v -1.490908 0.015913 -0.029845
v -1.488117 0.015913 -0.034449
v -1.485332 0.015913 -0.039135
v -1.482554 0.015913 -0.043899
v -1.479787 0.015913 -0.048736
v -1.477032 0.015913 -0.053639
v -1.474293 0.015913 -0.058605
v -1.471572 0.015913 -0.063628
v -1.468872 0.015913 -0.068702
v -1.466195 0.015913 -0.073823
v -1.463544 0.015913 -0.078985
v -1.460922 0.015913 -0.084184
v -1.519031 0.015913 -0.095359
v -1.519031 0.015913 -0.368769
v -1.481037 0.015913 -0.366534
v -1.481037 0.015913 -0.318855
v -1.251580 0.015913 -0.318855
v -1.251580 0.015913 -0.226476
v -1.272483 0.015913 -0.217330
v -1.293396 0.015913 -0.208183
v -1.314206 0.015913 -0.199098
v -1.334798 0.015913 -0.190138
v -1.355060 0.015913 -0.181363
v -1.374876 0.015913 -0.172837
v -1.394133 0.015913 -0.164622
v -1.412719 0.015913 -0.156779
v -1.430517 0.015913 -0.149370
v -1.447416 0.015913 -0.142458
v -1.463300 0.015913 -0.136105
v -1.478057 0.015913 -0.130373
v -1.455707 0.015913 -0.084929
v -1.251580 0.015913 -0.182522
v -1.251580 0.015913 -0.069284
v -1.200921 0.015913 -0.069284
v -1.200921 0.015913 -0.366534
v -2.544880 0.015913 0.076734
v -2.546822 0.015913 0.092859
v -2.548933 0.015913 0.109134
v -2.551224 0.015913 0.125461
v -2.553710 0.015913 0.141741
v -2.556402 0.015913 0.157876
v -2.559314 0.015913 0.173768
v -2.562459 0.015913 0.189319
v -2.565850 0.015913 0.204430
v -2.569499 0.015913 0.219003
v -2.573421 0.015913 0.232940
v -2.577626 0.015913 0.246142
v -2.582129 0.015913 0.258511
v -2.578946 0.015913 0.259516
v -2.575407 0.015913 0.260656
v -2.571595 0.015913 0.261910
v -2.567588 0.015913 0.263257
v -2.563468 0.015913 0.264676
v -2.559314 0.015913 0.266147
v -2.555207 0.015913 0.267649
v -2.551226 0.015913 0.269162
v -2.547452 0.015913 0.270664
v -2.543966 0.015913 0.272135
v -2.540847 0.015913 0.273554
v -2.538175 0.015913 0.274901
v -2.534297 0.015913 0.262271
v -2.530494 0.015913 0.248671
v -2.526779 0.015913 0.234217
v -2.523165 0.015913 0.219027
v -2.519665 0.015913 0.203215
v -2.516291 0.015913 0.186899
v -2.513057 0.015913 0.170195
v -2.509976 0.015913 0.153219
v -2.507060 0.015913 0.136088
v -2.504323 0.015913 0.118919
v -2.501777 0.015913 0.101827
v -2.499436 0.015913 0.084929
v -2.216340 0.015913 -0.137823
v -2.212279 0.015913 -0.129597
v -2.208311 0.015913 -0.120999
v -2.204467 0.015913 -0.112121
v -2.200778 0.015913 -0.103057
v -2.197276 0.015913 -0.093900
v -2.193990 0.015913 -0.084742
v -2.190953 0.015913 -0.075678
v -2.188196 0.015913 -0.066801
v -2.185749 0.015913 -0.058202
v -2.183643 0.015913 -0.049976
v -2.181910 0.015913 -0.042216
v -2.180581 0.015913 -0.035014
v -2.147056 0.015913 -0.044699
v -2.148586 0.015913 -0.052042
v -2.150543 0.015913 -0.059861
v -2.152888 0.015913 -0.068073
v -2.155582 0.015913 -0.076596
v -2.158587 0.015913 -0.085346
v -2.161863 0.015913 -0.094241
v -2.165372 0.015913 -0.103198
v -2.169075 0.015913 -0.112135
v -2.172933 0.015913 -0.120967
v -2.176908 0.015913 -0.129614
v -2.180960 0.015913 -0.137992
v -2.185051 0.015913 -0.146018
v -2.015938 0.015913 -0.149743
v -2.018181 0.015913 -0.141771
v -2.020781 0.015913 -0.133212
v -2.023691 0.015913 -0.124192
v -2.026865 0.015913 -0.114839
v -2.030256 0.015913 -0.105278
v -2.033818 0.015913 -0.095638
v -2.037504 0.015913 -0.086044
v -2.041268 0.015913 -0.076623
v -2.045063 0.015913 -0.067503
v -2.048842 0.015913 -0.058809
v -2.052559 0.015913 -0.050669
v -2.056168 0.015913 -0.043209
v -2.026368 0.015913 -0.032035
v -2.022599 0.015913 -0.039224
v -2.018753 0.015913 -0.046962
v -2.014844 0.015913 -0.055176
v -2.010889 0.015913 -0.063793
v -2.006903 0.015913 -0.072742
v -2.002901 0.015913 -0.081949
v -1.998899 0.015913 -0.091342
v -1.994913 0.015913 -0.100849
v -1.990958 0.015913 -0.110398
v -1.987049 0.015913 -0.119916
v -1.983203 0.015913 -0.129330
v -1.979434 0.015913 -0.138568
v -2.393647 0.015913 0.067794
v -2.389898 0.015913 0.079430
v -2.386128 0.015913 0.091534
v -2.382380 0.015913 0.103984
v -2.378693 0.015913 0.116660
v -2.375109 0.015913 0.129439
v -2.371670 0.015913 0.142200
v -2.368418 0.015913 0.154821
v -2.365393 0.015913 0.167181
v -2.362637 0.015913 0.179158
v -2.360192 0.015913 0.190631
v -2.358099 0.015913 0.201477
v -2.356398 0.015913 0.211577
v -2.316913 0.015913 0.199657
v -2.318629 0.015913 0.189573
v -2.320766 0.015913 0.178770
v -2.323281 0.015913 0.167366
v -2.326129 0.015913 0.155482
v -2.329267 0.015913 0.143235
v -2.332651 0.015913 0.130745
v -2.336237 0.015913 0.118132
v -2.339981 0.015913 0.105512
v -2.343838 0.015913 0.093007
v -2.347765 0.015913 0.080735
v -2.351718 0.015913 0.068814
v -2.355653 0.015913 0.057364
v -2.131412 0.015913 -0.401549
v -2.131412 0.015913 -0.323325
v -2.307974 0.015913 -0.323325
v -2.307974 0.015913 -0.273411
v -2.131412 0.015913 -0.273411
v -2.131412 0.015913 -0.213067
v -2.287859 0.015913 -0.213067
v -2.287859 0.015913 0.029800
v -2.161211 0.015913 0.029800
v -2.170848 0.015913 0.047257
v -2.181443 0.015913 0.064538
v -2.192896 0.015913 0.081530
v -2.205110 0.015913 0.098118
v -2.217986 0.015913 0.114188
v -2.231426 0.015913 0.129628
v -2.245332 0.015913 0.144323
v -2.259605 0.015913 0.158158
v -2.274147 0.015913 0.171021
v -2.288859 0.015913 0.182798
v -2.303644 0.015913 0.193374
v -2.318403 0.015913 0.202637
v -2.315211 0.015913 0.205593
v -2.311985 0.015913 0.208838
v -2.308753 0.015913 0.212322
v -2.305546 0.015913 0.215991
v -2.302389 0.015913 0.219796
v -2.299313 0.015913 0.223683
v -2.296346 0.015913 0.227601
v -2.293515 0.015913 0.231498
v -2.290850 0.015913 0.235323
v -2.288380 0.015913 0.239024
v -2.286131 0.015913 0.242549
v -2.284134 0.015913 0.245846
v -2.269974 0.015913 0.235587
v -2.255849 0.015913 0.224241
v -2.241821 0.015913 0.211903
v -2.227957 0.015913 0.198664
v -2.214319 0.015913 0.184617
v -2.200975 0.015913 0.169857
v -2.187987 0.015913 0.154476
v -2.175421 0.015913 0.138568
v -2.163341 0.015913 0.122225
v -2.151813 0.015913 0.105540
v -2.140899 0.015913 0.088607
v -2.130666 0.015913 0.071519
v -2.130666 0.015913 0.283096
v -2.077772 0.015913 0.283096
v -2.077772 0.015913 0.054384
v -2.067172 0.015913 0.072104
v -2.055923 0.015913 0.089799
v -2.044120 0.015913 0.107348
v -2.031859 0.015913 0.124634
v -2.019236 0.015913 0.141537
v -2.006346 0.015913 0.157938
v -1.993286 0.015913 0.173718
v -1.980151 0.015913 0.188758
v -1.967037 0.015913 0.202939
v -1.954039 0.015913 0.216143
v -1.941253 0.015913 0.228250
v -1.928775 0.015913 0.239141
v -1.926220 0.015913 0.235718
v -1.923425 0.015913 0.232178
v -1.920428 0.015913 0.228560
v -1.917269 0.015913 0.224904
v -1.913985 0.015913 0.221247
v -1.910616 0.015913 0.217630
v -1.907200 0.015913 0.214090
v -1.903776 0.015913 0.210666
v -1.900384 0.015913 0.207398
v -1.897061 0.015913 0.204323
v -1.893847 0.015913 0.201482
v -1.890780 0.015913 0.198912
v -1.904016 0.015913 0.189310
v -1.917576 0.015913 0.178470
v -1.931347 0.015913 0.166517
v -1.945220 0.015913 0.153578
v -1.959082 0.015913 0.139781
v -1.972822 0.015913 0.125251
v -1.986330 0.015913 0.110116
v -1.999493 0.015913 0.094503
v -2.012201 0.015913 0.078538
v -2.024343 0.015913 0.062348
v -2.035807 0.015913 0.046060
v -2.046483 0.015913 0.029800
v -1.921325 0.015913 0.029800
v -1.921325 0.015913 -0.213067
v -2.078517 0.015913 -0.213067
v -2.078517 0.015913 -0.273411
v -1.901210 0.015913 -0.273411
v -1.901210 0.015913 -0.323325
v -2.078517 0.015913 -0.323325
v -2.078517 0.015913 -0.401549
v -2.242415 0.015913 -0.166877
v -2.128431 0.015913 -0.166877
v -2.128431 0.015913 -0.015645
v -2.242415 0.015913 -0.015645
v -2.082242 0.015913 -0.166877
v -1.969749 0.015913 -0.166877
v -1.969749 0.015913 -0.015645
v -2.082242 0.015913 -0.015645
v -2.558290 0.015913 0.044699
v -2.554505 0.015913 0.042871
v -2.549926 0.015913 0.041064
v -2.544100 0.015913 0.039205
v -2.536575 0.015913 0.037222
v -2.526897 0.015913 0.035042
v -2.514615 0.015913 0.032593
v -2.499275 0.015913 0.029803
v -2.480425 0.015913 0.026599
v -2.457612 0.015913 0.022908
v -2.430383 0.015913 0.018659
v -2.398286 0.015913 0.013779
v -2.360868 0.015913 0.008195
v -2.352673 0.015913 0.053639
v -2.308719 0.015913 0.040229
v -2.310294 0.015913 0.029809
v -2.312382 0.015913 0.018390
v -2.314934 0.015913 0.006123
v -2.317907 0.015913 -0.006843
v -2.321252 0.015913 -0.020357
v -2.324922 0.015913 -0.034269
v -2.328872 0.015913 -0.048430
v -2.333055 0.015913 -0.062689
v -2.337424 0.015913 -0.076897
v -2.341933 0.015913 -0.090902
v -2.346534 0.015913 -0.104556
v -2.351183 0.015913 -0.117708
v -2.392902 0.015913 -0.107278
v -2.391040 0.015913 -0.101802
v -2.389181 0.015913 -0.096186
v -2.387326 0.015913 -0.090446
v -2.385480 0.015913 -0.084598
v -2.383644 0.015913 -0.078656
v -2.381820 0.015913 -0.072636
v -2.380013 0.015913 -0.066555
v -2.378223 0.015913 -0.060427
v -2.376454 0.015913 -0.054268
v -2.374709 0.015913 -0.048093
v -2.372989 0.015913 -0.041919
v -2.371298 0.015913 -0.035759
v -2.491986 0.015913 -0.019370
v -2.476936 0.015913 -0.037067
v -2.461979 0.015913 -0.055471
v -2.447147 0.015913 -0.074510
v -2.432469 0.015913 -0.094117
v -2.417978 0.015913 -0.114220
v -2.403704 0.015913 -0.134750
v -2.389679 0.015913 -0.155637
v -2.375933 0.015913 -0.176811
v -2.362497 0.015913 -0.198202
v -2.349403 0.015913 -0.219741
v -2.336681 0.015913 -0.241357
v -2.324363 0.015913 -0.262981
v -2.372787 0.015913 -0.290545
v -2.376945 0.015913 -0.281979
v -2.381217 0.015913 -0.273421
v -2.385592 0.015913 -0.264878
v -2.390060 0.015913 -0.256359
v -2.394611 0.015913 -0.247870
v -2.399235 0.015913 -0.239421
v -2.403920 0.015913 -0.231018
v -2.408657 0.015913 -0.222669
v -2.413436 0.015913 -0.214382
v -2.418246 0.015913 -0.206165
v -2.423076 0.015913 -0.198026
v -2.427917 0.015913 -0.189972
v -2.505395 0.015913 -0.183267
v -2.495142 0.015913 -0.197752
v -2.484895 0.015913 -0.212853
v -2.474688 0.015913 -0.228502
v -2.464559 0.015913 -0.244632
v -2.454544 0.015913 -0.261176
v -2.444679 0.015913 -0.278067
v -2.435000 0.015913 -0.295237
v -2.425544 0.015913 -0.312619
v -2.416346 0.015913 -0.330146
v -2.407444 0.015913 -0.347751
v -2.398872 0.015913 -0.365366
v -2.390667 0.015913 -0.382924
v -2.440582 0.015913 -0.403784
v -2.448635 0.015913 -0.383429
v -2.457389 0.015913 -0.363123
v -2.466645 0.015913 -0.343102
v -2.476203 0.015913 -0.323601
v -2.485865 0.015913 -0.304855
v -2.495431 0.015913 -0.287100
v -2.504703 0.015913 -0.270571
v -2.513480 0.015913 -0.255503
v -2.521564 0.015913 -0.242133
v -2.528756 0.015913 -0.230695
v -2.534856 0.015913 -0.221424
v -2.539665 0.015913 -0.214557
v -2.543359 0.015913 -0.209112
v -2.546994 0.015913 -0.203968
v -2.550572 0.015913 -0.199145
v -2.554096 0.015913 -0.194663
v -2.557568 0.015913 -0.190543
v -2.560990 0.015913 -0.186806
v -2.564366 0.015913 -0.183472
v -2.567698 0.015913 -0.180563
v -2.570989 0.015913 -0.178099
v -2.574241 0.015913 -0.176100
v -2.577457 0.015913 -0.174588
v -2.580639 0.015913 -0.173582
v -2.579107 0.015913 -0.169982
v -2.577508 0.015913 -0.165953
v -2.575867 0.015913 -0.161593
v -2.574210 0.015913 -0.156999
v -2.572564 0.015913 -0.152272
v -2.570955 0.015913 -0.147508
v -2.569407 0.015913 -0.142806
v -2.567947 0.015913 -0.138264
v -2.566601 0.015913 -0.133981
v -2.565395 0.015913 -0.130056
v -2.564354 0.015913 -0.126585
v -2.563505 0.015913 -0.123668
v -2.560741 0.015913 -0.124774
v -2.557534 0.015913 -0.125872
v -2.553692 0.015913 -0.126986
v -2.549019 0.015913 -0.128138
v -2.543322 0.015913 -0.129352
v -2.536406 0.015913 -0.130652
v -2.528078 0.015913 -0.132061
v -2.518143 0.015913 -0.133601
v -2.506408 0.015913 -0.135297
v -2.492679 0.015913 -0.137171
v -2.476762 0.015913 -0.139247
v -2.458461 0.015913 -0.141548
v -2.465113 0.015913 -0.131496
v -2.471633 0.015913 -0.121854
v -2.477982 0.015913 -0.112656
v -2.484122 0.015913 -0.103940
v -2.490013 0.015913 -0.095740
v -2.495618 0.015913 -0.088095
v -2.500896 0.015913 -0.081039
v -2.505810 0.015913 -0.074609
v -2.510320 0.015913 -0.068842
v -2.514387 0.015913 -0.063772
v -2.517974 0.015913 -0.059438
v -2.521040 0.015913 -0.055874
v -2.526678 0.015913 -0.049173
v -2.532056 0.015913 -0.042864
v -2.537197 0.015913 -0.036970
v -2.542121 0.015913 -0.031510
v -2.546848 0.015913 -0.026506
v -2.551399 0.015913 -0.021977
v -2.555794 0.015913 -0.017945
v -2.560055 0.015913 -0.014431
v -2.564203 0.015913 -0.011454
v -2.568257 0.015913 -0.009036
v -2.572239 0.015913 -0.007198
v -2.576169 0.015913 -0.005960
v -2.574466 0.015913 -0.002203
v -2.572724 0.015913 0.001931
v -2.570966 0.015913 0.006356
v -2.569216 0.015913 0.010982
v -2.567497 0.015913 0.015721
v -2.565833 0.015913 0.020487
v -2.564246 0.015913 0.025191
v -2.562759 0.015913 0.029744
v -2.561398 0.015913 0.034060
v -2.560183 0.015913 0.038050
v -2.559139 0.015913 0.041625
v -2.465911 0.015913 0.081204
v -2.463695 0.015913 0.095274
v -2.461531 0.015913 0.109834
v -2.459439 0.015913 0.124751
v -2.457440 0.015913 0.139892
v -2.455555 0.015913 0.155127
v -2.453805 0.015913 0.170323
v -2.452210 0.015913 0.185348
v -2.450790 0.015913 0.200071
v -2.449568 0.015913 0.214359
v -2.448562 0.015913 0.228080
v -2.447795 0.015913 0.241103
v -2.447287 0.015913 0.253296
v -2.404822 0.015913 0.245101
v -2.405517 0.015913 0.233080
v -2.406467 0.015913 0.220203
v -2.407651 0.015913 0.206606
v -2.409044 0.015913 0.192428
v -2.410623 0.015913 0.177804
v -2.412365 0.015913 0.162873
v -2.414247 0.015913 0.147771
v -2.416245 0.015913 0.132636
v -2.418337 0.015913 0.117603
v -2.420498 0.015913 0.102812
v -2.422706 0.015913 0.088398
v -2.424937 0.015913 0.074499
vn -0.0000 1.0000 -0.0000
vt 0.801170 0.000000
vt 0.789474 0.000000
vt 0.795322 0.000000
vt 0.807018 0.000000
vt 0.812865 0.000000
vt 0.818713 0.000000
vt 0.824561 0.000000
vt 0.830409 0.000000
vt 0.836257 0.000000
vt 0.842105 0.000000
vt 0.847953 0.000000
vt 0.853801 0.000000
vt 0.859649 0.000000
vt 0.865497 0.000000
vt 0.871345 0.000000
vt 0.877193 0.000000
vt 0.883041 0.000000
vt 0.888889 0.000000
vt 0.894737 0.000000
vt 0.900585 0.000000
vt 0.906433 0.000000
vt 0.005848 0.000000
vt 1.000000 0.000000
vt 0.000000 0.000000
vt 0.994152 0.000000
vt 0.912281 0.000000
vt 0.988304 0.000000
vt 0.982456 0.000000
vt 0.918129 0.000000
vt 0.976608 0.000000
vt 0.970760 0.000000
vt 0.923977 0.000000
vt 0.964912 0.000000
vt 0.959064 0.000000
vt 0.929825 0.000000
vt 0.953216 0.000000
vt 0.947368 0.000000
vt 0.935673 0.000000
vt 0.941520 0.000000
vt 0.011696 0.000000
vt 0.017544 0.000000
vt 0.023392 0.000000
vt 0.029240 0.000000
vt 0.035088 0.000000
vt 0.040936 0.000000
vt 0.046784 0.000000
vt 0.052632 0.000000
vt 0.058480 0.000000
vt 0.064327 0.000000
vt 0.783626 0.000000
vt 0.777778 0.000000
vt 0.771930 0.000000
vt 0.070175 0.000000
vt 0.766082 0.000000
vt 0.081871 0.000000
vt 0.760234 0.000000
vt 0.087719 0.000000
vt 0.093567 0.000000
vt 0.099415 0.000000
vt 0.754386 0.000000
vt 0.105263 0.000000
vt 0.146199 0.000000
vt 0.748538 0.000000
vt 0.742690 0.000000
vt 0.736842 0.000000
vt 0.111111 0.000000
vt 0.140351 0.000000
vt 0.152047 0.000000
vt 0.134503 0.000000
vt 0.116959 0.000000
vt 0.128655 0.000000
vt 0.730994 0.000000
vt 0.122807 0.000000
vt 0.725146 0.000000
vt 0.719298 0.000000
vt 0.713450 0.000000
vt 0.076023 0.000000
vt 0.157895 0.000000
vt 0.707602 0.000000
vt 0.701754 0.000000
vt 0.163743 0.000000
vt 0.695906 0.000000
vt 0.690058 0.000000
vt 0.169591 0.000000
vt 0.684211 0.000000
vt 0.678363 0.000000
vt 0.175439 0.000000
vt 0.672515 0.000000
vt 0.181287 0.000000
vt 0.666667 0.000000
vt 0.660819 0.000000
vt 0.654971 0.000000
vt 0.187135 0.000000
vt 0.584795 0.000000
vt 0.573099 0.000000
vt 0.578947 0.000000
vt 0.590643 0.000000
vt 0.596491 0.000000
vt 0.602339 0.000000
vt 0.567251 0.000000
vt 0.608187 0.000000
vt 0.614035 0.000000
vt 0.619883 0.000000
vt 0.561404 0.000000
vt 0.625731 0.000000
vt 0.649123 0.000000
vt 0.631579 0.000000
vt 0.637427 0.000000
vt 0.555556 0.000000
vt 0.643275 0.000000
vt 0.549708 0.000000
vt 0.192982 0.000000
vt 0.292398 0.000000
vt 0.543860 0.000000
vt 0.298246 0.000000
vt 0.538012 0.000000
vt 0.286550 0.000000
vt 0.304094 0.000000
vt 0.280702 0.000000
vt 0.198830 0.000000
vt 0.309942 0.000000
vt 0.274854 0.000000
vt 0.315789 0.000000
vt 0.269006 0.000000
vt 0.532164 0.000000
vt 0.321637 0.000000
vt 0.263158 0.000000
vt 0.327485 0.000000
vt 0.257310 0.000000
vt 0.526316 0.000000
vt 0.204678 0.000000
vt 0.333333 0.000000
vt 0.251462 0.000000
vt 0.339181 0.000000
vt 0.520468 0.000000
vt 0.345029 0.000000
vt 0.245614 0.000000
vt 0.210526 0.000000
vt 0.350877 0.000000
vt 0.514620 0.000000
vt 0.239766 0.000000
vt 0.216374 0.000000
vt 0.356725 0.000000
vt 0.233918 0.000000
vt 0.508772 0.000000
vt 0.362573 0.000000
vt 0.222222 0.000000
vt 0.228070 0.000000
vt 0.368421 0.000000
vt 0.502924 0.000000
vt 0.374269 0.000000
vt 0.497076 0.000000
vt 0.380117 0.000000
vt 0.491228 0.000000
vt 0.385965 0.000000
vt 0.391813 0.000000
vt 0.485380 0.000000
vt 0.397661 0.000000
vt 0.479532 0.000000
vt 0.403509 0.000000
vt 0.409357 0.000000
vt 0.415205 0.000000
vt 0.438596 0.000000
vt 0.426901 0.000000
vt 0.432749 0.000000
vt 0.473684 0.000000
vt 0.421053 0.000000
vt 0.467836 0.000000
vt 0.461988 0.000000
vt 0.456140 0.000000
vt 0.450292 0.000000
vt 0.444444 0.000000
vt 0.059574 0.000000
vt 0.051064 0.000000
vt 0.055319 0.000000
vt 0.046809 0.000000
vt 0.042553 0.000000
vt 0.038298 0.000000
vt 0.034043 0.000000
vt 0.063830 0.000000
vt 0.029787 0.000000
vt 0.068085 0.000000
vt 0.025532 0.000000
vt 0.072340 0.000000
vt 0.076596 0.000000
vt 0.021277 0.000000
vt 0.080851 0.000000
vt 0.017021 0.000000
vt 0.800000 0.000000
vt 0.791489 0.000000
vt 0.795745 0.000000
vt 0.787234 0.000000
vt 0.085106 0.000000
vt 0.012766 0.000000
vt 0.782979 0.000000
vt 0.778723 0.000000
vt 0.089362 0.000000
vt 0.008511 0.000000
vt 0.774468 0.000000
vt 0.770213 0.000000
vt 0.093617 0.000000
vt 0.004255 0.000000
vt 0.765957 0.000000
vt 0.804255 0.000000
vt 0.808511 0.000000
vt 0.761702 0.000000
vt 0.097872 0.000000
vt 0.102128 0.000000
vt 0.106383 0.000000
vt 0.812766 0.000000
vt 0.757447 0.000000
vt 0.817021 0.000000
vt 0.753191 0.000000
vt 0.821277 0.000000
vt 0.748936 0.000000
vt 0.825532 0.000000
vt 0.744681 0.000000
vt 0.740426 0.000000
vt 0.829787 0.000000
vt 0.834043 0.000000
vt 0.646809 0.000000
vt 0.638298 0.000000
vt 0.642553 0.000000
vt 0.736170 0.000000
vt 0.651064 0.000000
vt 0.634043 0.000000
vt 0.655319 0.000000
vt 0.838298 0.000000
vt 0.629787 0.000000
vt 0.731915 0.000000
vt 0.659574 0.000000
vt 0.842553 0.000000
vt 0.625532 0.000000
vt 0.663830 0.000000
vt 0.727660 0.000000
vt 0.846808 0.000000
vt 0.851064 0.000000
vt 0.668085 0.000000
vt 0.621277 0.000000
vt 0.723404 0.000000
vt 0.855319 0.000000
vt 0.672340 0.000000
vt 0.859574 0.000000
vt 0.719149 0.000000
vt 0.617021 0.000000
vt 0.863830 0.000000
vt 0.676596 0.000000
vt 0.714894 0.000000
vt 0.868085 0.000000
vt 0.612766 0.000000
vt 0.680851 0.000000
vt 0.710638 0.000000
vt 0.872340 0.000000
vt 0.706383 0.000000
vt 0.685106 0.000000
vt 0.331915 0.000000
vt 0.876596 0.000000
vt 0.336170 0.000000
vt 0.608511 0.000000
vt 0.327660 0.000000
vt 0.323404 0.000000
vt 0.340426 0.000000
vt 0.319149 0.000000
vt 0.344681 0.000000
vt 0.702128 0.000000
vt 0.880851 0.000000
vt 0.314894 0.000000
vt 0.348936 0.000000
vt 0.689362 0.000000
vt 0.310638 0.000000
vt 0.697872 0.000000
vt 0.353191 0.000000
vt 0.885106 0.000000
vt 0.604255 0.000000
vt 0.306383 0.000000
vt 0.693617 0.000000
vt 0.357447 0.000000
vt 0.889362 0.000000
vt 0.302128 0.000000
vt 0.361702 0.000000
vt 0.893617 0.000000
vt 0.297872 0.000000
vt 0.600000 0.000000
vt 0.365957 0.000000
vt 0.897872 0.000000
vt 0.293617 0.000000
vt 0.902128 0.000000
vt 0.370213 0.000000
vt 0.289362 0.000000
vt 0.595745 0.000000
vt 0.906383 0.000000
vt 0.374468 0.000000
vt 0.910638 0.000000
vt 0.285106 0.000000
vt 0.914894 0.000000
vt 0.919149 0.000000
vt 0.378723 0.000000
vt 0.923404 0.000000
vt 0.280851 0.000000
vt 0.591489 0.000000
vt 0.927660 0.000000
vt 0.931915 0.000000
vt 0.382979 0.000000
vt 0.936170 0.000000
vt 0.165957 0.000000
vt 0.276596 0.000000
vt 0.940426 0.000000
vt 0.944681 0.000000
vt 0.948936 0.000000
vt 0.387234 0.000000
vt 0.953192 0.000000
vt 0.587234 0.000000
vt 0.957447 0.000000
vt 0.961702 0.000000
vt 0.965957 0.000000
vt 0.970213 0.000000
vt 0.974468 0.000000
vt 0.978723 0.000000
vt 0.391489 0.000000
vt 0.982979 0.000000
vt 0.161702 0.000000
vt 0.170213 0.000000
vt 0.987234 0.000000
vt 0.991489 0.000000
vt 0.995745 0.000000
vt 0.157447 0.000000
vt 0.110638 0.000000
vt 0.582979 0.000000
vt 0.114894 0.000000
vt 0.395745 0.000000
vt 0.153191 0.000000
vt 0.148936 0.000000
vt 0.400000 0.000000
vt 0.144681 0.000000
vt 0.578723 0.000000
vt 0.140426 0.000000
vt 0.404255 0.000000
vt 0.272340 0.000000
vt 0.136170 0.000000
vt 0.408511 0.000000
vt 0.131915 0.000000
vt 0.574468 0.000000
vt 0.127660 0.000000
vt 0.412766 0.000000
vt 0.123404 0.000000
vt 0.489362 0.000000
vt 0.480851 0.000000
vt 0.485106 0.000000
vt 0.268085 0.000000
vt 0.119149 0.000000
vt 0.174468 0.000000
vt 0.476596 0.000000
vt 0.417021 0.000000
vt 0.570213 0.000000
vt 0.472340 0.000000
vt 0.468085 0.000000
vt 0.421277 0.000000
vt 0.463830 0.000000
vt 0.459574 0.000000
vt 0.425532 0.000000
vt 0.455319 0.000000
vt 0.451064 0.000000
vt 0.429787 0.000000
vt 0.446809 0.000000
vt 0.565957 0.000000
vt 0.442553 0.000000
vt 0.434043 0.000000
vt 0.438298 0.000000
vt 0.178723 0.000000
vt 0.263830 0.000000
vt 0.561702 0.000000
vt 0.557447 0.000000
vt 0.182979 0.000000
vt 0.259574 0.000000
vt 0.493617 0.000000
vt 0.553191 0.000000
vt 0.497872 0.000000
vt 0.502128 0.000000
vt 0.506383 0.000000
vt 0.548936 0.000000
vt 0.510638 0.000000
vt 0.514894 0.000000
vt 0.519149 0.000000
vt 0.544681 0.000000
vt 0.523404 0.000000
vt 0.527660 0.000000
vt 0.531915 0.000000
vt 0.540426 0.000000
vt 0.536170 0.000000
vt 0.187234 0.000000
vt 0.255319 0.000000
vt 0.191489 0.000000
vt 0.251064 0.000000
vt 0.195745 0.000000
vt 0.246809 0.000000
vt 0.200000 0.000000
vt 0.242553 0.000000
vt 0.204255 0.000000
vt 0.238298 0.000000
vt 0.208511 0.000000
vt 0.234043 0.000000
vt 0.212766 0.000000
vt 0.229787 0.000000
vt 0.217021 0.000000
vt 0.225532 0.000000
vt 0.221277 0.000000
vt 0.010989 0.000000
vt 0.005495 0.000000
vt 0.016484 0.000000
vt 0.021978 0.000000
vt 0.027473 0.000000
vt 0.032967 0.000000
vt 0.038462 0.000000
vt 0.994505 0.000000
vt 0.043956 0.000000
vt 0.989011 0.000000
vt 0.983516 0.000000
vt 0.049451 0.000000
vt 0.978022 0.000000
vt 0.054945 0.000000
vt 0.972527 0.000000
vt 0.967033 0.000000
vt 0.060440 0.000000
vt 0.961538 0.000000
vt 0.065934 0.000000
vt 0.956044 0.000000
vt 0.950549 0.000000
vt 0.071429 0.000000
vt 0.945055 0.000000
vt 0.076923 0.000000
vt 0.939560 0.000000
vt 0.934066 0.000000
vt 0.928571 0.000000
vt 0.082418 0.000000
vt 0.923077 0.000000
vt 0.087912 0.000000
vt 0.917582 0.000000
vt 0.912088 0.000000
vt 0.093407 0.000000
vt 0.906593 0.000000
vt 0.901099 0.000000
vt 0.098901 0.000000
vt 0.895604 0.000000
vt 0.890110 0.000000
vt 0.104396 0.000000
vt 0.884615 0.000000
vt 0.813187 0.000000
vt 0.802198 0.000000
vt 0.807692 0.000000
vt 0.818681 0.000000
vt 0.796703 0.000000
vt 0.824176 0.000000
vt 0.791209 0.000000
vt 0.829670 0.000000
vt 0.835165 0.000000
vt 0.785714 0.000000
vt 0.879121 0.000000
vt 0.840659 0.000000
vt 0.780220 0.000000
vt 0.846154 0.000000
vt 0.851648 0.000000
vt 0.774725 0.000000
vt 0.857143 0.000000
vt 0.769231 0.000000
vt 0.862637 0.000000
vt 0.873626 0.000000
vt 0.109890 0.000000
vt 0.763736 0.000000
vt 0.868132 0.000000
vt 0.758242 0.000000
vt 0.269231 0.000000
vt 0.274725 0.000000
vt 0.280220 0.000000
vt 0.752747 0.000000
vt 0.285714 0.000000
vt 0.263736 0.000000
vt 0.291209 0.000000
vt 0.296703 0.000000
vt 0.258242 0.000000
vt 0.302198 0.000000
vt 0.747253 0.000000
vt 0.307692 0.000000
vt 0.252747 0.000000
vt 0.313187 0.000000
vt 0.247253 0.000000
vt 0.318681 0.000000
vt 0.741758 0.000000
vt 0.324176 0.000000
vt 0.115385 0.000000
vt 0.241758 0.000000
vt 0.329670 0.000000
vt 0.736264 0.000000
vt 0.335165 0.000000
vt 0.236264 0.000000
vt 0.340659 0.000000
vt 0.549451 0.000000
vt 0.538462 0.000000
vt 0.543956 0.000000
vt 0.730769 0.000000
vt 0.230769 0.000000
vt 0.346154 0.000000
vt 0.725275 0.000000
vt 0.225275 0.000000
vt 0.351648 0.000000
vt 0.554945 0.000000
vt 0.719780 0.000000
vt 0.357143 0.000000
vt 0.219780 0.000000
vt 0.120879 0.000000
vt 0.714286 0.000000
vt 0.532967 0.000000
vt 0.362637 0.000000
vt 0.560440 0.000000
vt 0.214286 0.000000
vt 0.708791 0.000000
vt 0.368132 0.000000
vt 0.208791 0.000000
vt 0.565934 0.000000
vt 0.703297 0.000000
vt 0.373626 0.000000
vt 0.527473 0.000000
vt 0.203297 0.000000
vt 0.697802 0.000000
vt 0.379121 0.000000
vt 0.571429 0.000000
vt 0.126374 0.000000
vt 0.197802 0.000000
vt 0.692308 0.000000
vt 0.384615 0.000000
vt 0.521978 0.000000
vt 0.686813 0.000000
vt 0.192308 0.000000
vt 0.576923 0.000000
vt 0.390110 0.000000
vt 0.681319 0.000000
vt 0.395604 0.000000
vt 0.186813 0.000000
vt 0.675824 0.000000
vt 0.582418 0.000000
vt 0.516484 0.000000
vt 0.401099 0.000000
vt 0.670330 0.000000
vt 0.181319 0.000000
vt 0.131868 0.000000
vt 0.587912 0.000000
vt 0.664835 0.000000
vt 0.406593 0.000000
vt 0.659341 0.000000
vt 0.175824 0.000000
vt 0.510989 0.000000
vt 0.412088 0.000000
vt 0.593407 0.000000
vt 0.653846 0.000000
vt 0.648352 0.000000
vt 0.417582 0.000000
vt 0.170330 0.000000
vt 0.598901 0.000000
vt 0.642857 0.000000
vt 0.505495 0.000000
vt 0.637363 0.000000
vt 0.423077 0.000000
vt 0.631868 0.000000
vt 0.604396 0.000000
vt 0.626374 0.000000
vt 0.164835 0.000000
vt 0.620879 0.000000
vt 0.609890 0.000000
vt 0.615385 0.000000
vt 0.137363 0.000000
vt 0.428571 0.000000
vt 0.500000 0.000000
vt 0.434066 0.000000
vt 0.159341 0.000000
vt 0.439560 0.000000
vt 0.494505 0.000000
vt 0.153846 0.000000
vt 0.445055 0.000000
vt 0.489011 0.000000
vt 0.450549 0.000000
vt 0.148352 0.000000
vt 0.142857 0.000000
vt 0.483516 0.000000
vt 0.456044 0.000000
vt 0.461538 0.000000
vt 0.478022 0.000000
vt 0.467033 0.000000
vt 0.472527 0.000000
vt 0.823529 0.000000
vt 0.816176 0.000000
vt 0.992647 0.000000
vt 0.985294 0.000000
vt 0.977941 0.000000
vt 0.970588 0.000000
vt 0.963235 0.000000
vt 0.955882 0.000000
vt 0.948529 0.000000
vt 0.941176 0.000000
vt 0.933824 0.000000
vt 0.926471 0.000000
vt 0.919118 0.000000
vt 0.830882 0.000000
vt 0.911765 0.000000
vt 0.838235 0.000000
vt 0.845588 0.000000
vt 0.852941 0.000000
vt 0.860294 0.000000
vt 0.867647 0.000000
vt 0.875000 0.000000
vt 0.882353 0.000000
vt 0.889706 0.000000
vt 0.897059 0.000000
vt 0.904412 0.000000
vt 0.014706 0.000000
vt 0.007353 0.000000
vt 0.808824 0.000000
vt 0.022059 0.000000
vt 0.801471 0.000000
vt 0.794118 0.000000
vt 0.029412 0.000000
vt 0.786765 0.000000
vt 0.036765 0.000000
vt 0.779412 0.000000
vt 0.772059 0.000000
vt 0.044118 0.000000
vt 0.764706 0.000000
vt 0.051471 0.000000
vt 0.647059 0.000000
vt 0.632353 0.000000
vt 0.639706 0.000000
vt 0.654412 0.000000
vt 0.625000 0.000000
vt 0.661765 0.000000
vt 0.669118 0.000000
vt 0.617647 0.000000
vt 0.757353 0.000000
vt 0.676471 0.000000
vt 0.610294 0.000000
vt 0.683824 0.000000
vt 0.602941 0.000000
vt 0.691176 0.000000
vt 0.750000 0.000000
vt 0.058824 0.000000
vt 0.698529 0.000000
vt 0.595588 0.000000
vt 0.705882 0.000000
vt 0.279412 0.000000
vt 0.286765 0.000000
vt 0.588235 0.000000
vt 0.742647 0.000000
vt 0.713235 0.000000
vt 0.272059 0.000000
vt 0.264706 0.000000
vt 0.294118 0.000000
vt 0.257353 0.000000
vt 0.301471 0.000000
vt 0.066176 0.000000
vt 0.250000 0.000000
vt 0.308824 0.000000
vt 0.580882 0.000000
vt 0.735294 0.000000
vt 0.720588 0.000000
vt 0.242647 0.000000
vt 0.316176 0.000000
vt 0.235294 0.000000
vt 0.323529 0.000000
vt 0.727941 0.000000
vt 0.573529 0.000000
vt 0.227941 0.000000
vt 0.330882 0.000000
vt 0.073529 0.000000
vt 0.220588 0.000000
vt 0.338235 0.000000
vt 0.566176 0.000000
vt 0.213235 0.000000
vt 0.345588 0.000000
vt 0.205882 0.000000
vt 0.080882 0.000000
vt 0.352941 0.000000
vt 0.558824 0.000000
vt 0.198529 0.000000
vt 0.360294 0.000000
vt 0.551471 0.000000
vt 0.088235 0.000000
vt 0.191176 0.000000
vt 0.367647 0.000000
vt 0.183824 0.000000
vt 0.375000 0.000000
vt 0.176471 0.000000
vt 0.544118 0.000000
vt 0.095588 0.000000
vt 0.169118 0.000000
vt 0.161765 0.000000
vt 0.154412 0.000000
vt 0.147059 0.000000
vt 0.139706 0.000000
vt 0.132353 0.000000
vt 0.102941 0.000000
vt 0.110294 0.000000
vt 0.117647 0.000000
vt 0.125000 0.000000
vt 0.382353 0.000000
vt 0.536765 0.000000
vt 0.389706 0.000000
vt 0.529412 0.000000
vt 0.397059 0.000000
vt 0.404412 0.000000
vt 0.522059 0.000000
vt 0.411765 0.000000
vt 0.514706 0.000000
vt 0.419118 0.000000
vt 0.426471 0.000000
vt 0.433824 0.000000
vt 0.507353 0.000000
vt 0.463235 0.000000
vt 0.448529 0.000000
vt 0.455882 0.000000
vt 0.441176 0.000000
vt 0.492647 0.000000
vt 0.485294 0.000000
vt 0.477941 0.000000
vt 0.470588 0.000000
vt 0.227642 0.000000
vt 0.211382 0.000000
vt 0.219512 0.000000
vt 0.235772 0.000000
vt 0.991870 0.000000
vt 0.243902 0.000000
vt 0.983740 0.000000
vt 0.252033 0.000000
vt 0.975610 0.000000
vt 0.260163 0.000000
vt 0.967480 0.000000
vt 0.268293 0.000000
vt 0.959350 0.000000
vt 0.276423 0.000000
vt 0.951219 0.000000
vt 0.284553 0.000000
vt 0.943089 0.000000
vt 0.292683 0.000000
vt 0.934959 0.000000
vt 0.300813 0.000000
vt 0.308943 0.000000
vt 0.926829 0.000000
vt 0.317073 0.000000
vt 0.918699 0.000000
vt 0.325203 0.000000
vt 0.910569 0.000000
vt 0.902439 0.000000
vt 0.894309 0.000000
vt 0.341463 0.000000
vt 0.886179 0.000000
vt 0.349593 0.000000
vt 0.878049 0.000000
vt 0.357724 0.000000
vt 0.869919 0.000000
vt 0.365854 0.000000
vt 0.861789 0.000000
vt 0.853659 0.000000
vt 0.373984 0.000000
vt 0.845528 0.000000
vt 0.382114 0.000000
vt 0.837398 0.000000
vt 0.390244 0.000000
vt 0.829268 0.000000
vt 0.398374 0.000000
vt 0.821138 0.000000
vt 0.406504 0.000000
vt 0.813008 0.000000
vt 0.414634 0.000000
vt 0.804878 0.000000
vt 0.422764 0.000000
vt 0.796748 0.000000
vt 0.626016 0.000000
vt 0.609756 0.000000
vt 0.617886 0.000000
vt 0.788618 0.000000
vt 0.430894 0.000000
vt 0.634146 0.000000
vt 0.780488 0.000000
vt 0.642276 0.000000
vt 0.439024 0.000000
vt 0.601626 0.000000
vt 0.772358 0.000000
vt 0.650406 0.000000
vt 0.658537 0.000000
vt 0.764228 0.000000
vt 0.447154 0.000000
vt 0.593496 0.000000
vt 0.756098 0.000000
vt 0.674797 0.000000
vt 0.585366 0.000000
vt 0.747967 0.000000
vt 0.455285 0.000000
vt 0.682927 0.000000
vt 0.739837 0.000000
vt 0.691057 0.000000
vt 0.577236 0.000000
vt 0.731707 0.000000
vt 0.699187 0.000000
vt 0.463415 0.000000
vt 0.723577 0.000000
vt 0.707317 0.000000
vt 0.715447 0.000000
vt 0.569106 0.000000
vt 0.471545 0.000000
vt 0.560976 0.000000
vt 0.479675 0.000000
vt 0.552846 0.000000
vt 0.544715 0.000000
vt 0.487805 0.000000
vt 0.536585 0.000000
vt 0.495935 0.000000
vt 0.528455 0.000000
vt 0.504065 0.000000
vt 0.520325 0.000000
vt 0.512195 0.000000
vt 0.008130 0.000000
vt 0.203252 0.000000
vt 0.016260 0.000000
vt 0.195122 0.000000
vt 0.024390 0.000000
vt 0.186992 0.000000
vt 0.032520 0.000000
vt 0.178862 0.000000
vt 0.040650 0.000000
vt 0.170732 0.000000
vt 0.048780 0.000000
vt 0.162602 0.000000
vt 0.056911 0.000000
vt 0.154472 0.000000
vt 0.065041 0.000000
vt 0.146341 0.000000
vt 0.073171 0.000000
vt 0.138211 0.000000
vt 0.081301 0.000000
vt 0.130081 0.000000
vt 0.089431 0.000000
vt 0.121951 0.000000
vt 0.097561 0.000000
vt 0.113821 0.000000
vt 0.105691 0.000000
vt 0.417808 0.000000
vt 0.856164 0.000000
vt 0.410959 0.000000
vt 0.424658 0.000000
vt 0.849315 0.000000
vt 0.869863 0.000000
vt 0.863014 0.000000
vt 0.876712 0.000000
vt 0.993151 0.000000
vt 0.431507 0.000000
vt 0.883562 0.000000
vt 0.164384 0.000000
vt 0.171233 0.000000
vt 0.178082 0.000000
vt 0.342466 0.000000
vt 0.349315 0.000000
vt 0.157534 0.000000
vt 0.335616 0.000000
vt 0.150685 0.000000
vt 0.328767 0.000000
vt 0.143836 0.000000
vt 0.321918 0.000000
vt 0.136986 0.000000
vt 0.315068 0.000000
vt 0.130137 0.000000
vt 0.308219 0.000000
vt 0.123288 0.000000
vt 0.301370 0.000000
vt 0.116438 0.000000
vt 0.294521 0.000000
vt 0.109589 0.000000
vt 0.287671 0.000000
vt 0.006849 0.000000
vt 0.102740 0.000000
vt 0.280822 0.000000
vt 0.013699 0.000000
vt 0.184932 0.000000
vt 0.095890 0.000000
vt 0.273973 0.000000
vt 0.020548 0.000000
vt 0.191781 0.000000
vt 0.089041 0.000000
vt 0.267123 0.000000
vt 0.027397 0.000000
vt 0.198630 0.000000
vt 0.034247 0.000000
vt 0.041096 0.000000
vt 0.047945 0.000000
vt 0.054795 0.000000
vt 0.061644 0.000000
vt 0.068493 0.000000
vt 0.075342 0.000000
vt 0.082192 0.000000
vt 0.205479 0.000000
vt 0.212329 0.000000
vt 0.219178 0.000000
vt 0.226027 0.000000
vt 0.232877 0.000000
vt 0.239726 0.000000
vt 0.246575 0.000000
vt 0.253425 0.000000
vt 0.260274 0.000000
vt 0.890411 0.000000
vt 0.979452 0.000000
vt 0.438356 0.000000
vt 0.897260 0.000000
vt 0.445205 0.000000
vt 0.602740 0.000000
vt 0.904110 0.000000
vt 0.452055 0.000000
vt 0.910959 0.000000
vt 0.458904 0.000000
vt 0.917808 0.000000
vt 0.465753 0.000000
vt 0.972603 0.000000
vt 0.986301 0.000000
vt 0.924658 0.000000
vt 0.472603 0.000000
vt 0.595890 0.000000
vt 0.609589 0.000000
vt 0.931507 0.000000
vt 0.479452 0.000000
vt 0.589041 0.000000
vt 0.938356 0.000000
vt 0.486301 0.000000
vt 0.582192 0.000000
vt 0.945205 0.000000
vt 0.493151 0.000000
vt 0.952055 0.000000
vt 0.575342 0.000000
vt 0.958904 0.000000
vt 0.568493 0.000000
vt 0.506849 0.000000
vt 0.965753 0.000000
vt 0.561644 0.000000
vt 0.513699 0.000000
vt 0.520548 0.000000
vt 0.554795 0.000000
vt 0.547945 0.000000
vt 0.541096 0.000000
vt 0.534247 0.000000
vt 0.842466 0.000000
vt 0.527397 0.000000
vt 0.835616 0.000000
vt 0.616438 0.000000
vt 0.828767 0.000000
vt 0.623288 0.000000
vt 0.821918 0.000000
vt 0.630137 0.000000
vt 0.815068 0.000000
vt 0.636986 0.000000
vt 0.808219 0.000000
vt 0.643836 0.000000
vt 0.650685 0.000000
vt 0.801370 0.000000
vt 0.657534 0.000000
vt 0.794521 0.000000
vt 0.664384 0.000000
vt 0.787671 0.000000
vt 0.671233 0.000000
vt 0.780822 0.000000
vt 0.678082 0.000000
vt 0.773973 0.000000
vt 0.684932 0.000000
vt 0.767123 0.000000
vt 0.691781 0.000000
vt 0.760274 0.000000
vt 0.698630 0.000000
vt 0.712329 0.000000
vt 0.390411 0.000000
vt 0.705479 0.000000
vt 0.753425 0.000000
vt 0.397260 0.000000
vt 0.746575 0.000000
vt 0.383562 0.000000
vt 0.404110 0.000000
vt 0.356164 0.000000
vt 0.363014 0.000000
vt 0.376712 0.000000
vt 0.369863 0.000000
vt 0.726027 0.000000
vt 0.732877 0.000000
vt 0.719178 0.000000
vt 0.739726 0.000000
vt 0.732010 0.000000
vt 0.727047 0.000000
vt 0.729529 0.000000
vt 0.287841 0.000000
vt 0.511166 0.000000
vt 0.285360 0.000000
vt 0.508685 0.000000
vt 0.734491 0.000000
vt 0.724566 0.000000
vt 0.722084 0.000000
vt 0.736973 0.000000
vt 0.719603 0.000000
vt 0.739454 0.000000
vt 0.717122 0.000000
vt 0.741935 0.000000
vt 0.292804 0.000000
vt 0.290323 0.000000
vt 0.506203 0.000000
vt 0.503722 0.000000
vt 0.714640 0.000000
vt 0.744417 0.000000
vt 0.712159 0.000000
vt 0.667494 0.000000
vt 0.662531 0.000000
vt 0.665012 0.000000
vt 0.746898 0.000000
vt 0.669975 0.000000
vt 0.709677 0.000000
vt 0.672457 0.000000
vt 0.295285 0.000000
vt 0.297767 0.000000
vt 0.501241 0.000000
vt 0.498759 0.000000
vt 0.749380 0.000000
vt 0.674938 0.000000
vt 0.660050 0.000000
vt 0.707196 0.000000
vt 0.677419 0.000000
vt 0.751861 0.000000
vt 0.679901 0.000000
vt 0.704715 0.000000
vt 0.754342 0.000000
vt 0.657568 0.000000
vt 0.682382 0.000000
vt 0.684864 0.000000
vt 0.756824 0.000000
vt 0.702233 0.000000
vt 0.687345 0.000000
vt 0.759305 0.000000
vt 0.655087 0.000000
vt 0.761787 0.000000
vt 0.689826 0.000000
vt 0.302730 0.000000
vt 0.513648 0.000000
vt 0.300248 0.000000
vt 0.496278 0.000000
vt 0.516129 0.000000
vt 0.523573 0.000000
vt 0.526055 0.000000
vt 0.493797 0.000000
vt 0.699752 0.000000
vt 0.764268 0.000000
vt 0.766749 0.000000
vt 0.652605 0.000000
vt 0.694789 0.000000
vt 0.697270 0.000000
vt 0.771712 0.000000
vt 0.774194 0.000000
vt 0.776675 0.000000
vt 0.779156 0.000000
vt 0.781638 0.000000
vt 0.784119 0.000000
vt 0.650124 0.000000
vt 0.786600 0.000000
vt 0.789082 0.000000
vt 0.791563 0.000000
vt 0.794045 0.000000
vt 0.521092 0.000000
vt 0.518610 0.000000
vt 0.531017 0.000000
vt 0.528536 0.000000
vt 0.796526 0.000000
vt 0.799007 0.000000
vt 0.801489 0.000000
vt 0.848635 0.000000
vt 0.647643 0.000000
vt 0.803970 0.000000
vt 0.158809 0.000000
vt 0.218362 0.000000
vt 0.156328 0.000000
vt 0.806452 0.000000
vt 0.091811 0.000000
vt 0.151365 0.000000
vt 0.808933 0.000000
vt 0.161290 0.000000
vt 0.851117 0.000000
vt 0.843672 0.000000
vt 0.215881 0.000000
vt 0.811414 0.000000
vt 0.148883 0.000000
vt 0.094293 0.000000
vt 0.841191 0.000000
vt 0.838710 0.000000
vt 0.645161 0.000000
vt 0.813896 0.000000
vt 0.836228 0.000000
vt 0.163772 0.000000
vt 0.833747 0.000000
vt 0.853598 0.000000
vt 0.831266 0.000000
vt 0.816377 0.000000
vt 0.146402 0.000000
vt 0.096774 0.000000
vt 0.828784 0.000000
vt 0.213399 0.000000
vt 0.826303 0.000000
vt 0.823821 0.000000
vt 0.818859 0.000000
vt 0.821340 0.000000
vt 0.166253 0.000000
vt 0.856079 0.000000
vt 0.099256 0.000000
vt 0.143921 0.000000
vt 0.210918 0.000000
vt 0.600496 0.000000
vt 0.595533 0.000000
vt 0.598015 0.000000
vt 0.168734 0.000000
vt 0.642680 0.000000
vt 0.858561 0.000000
vt 0.141439 0.000000
vt 0.101737 0.000000
vt 0.208437 0.000000
vt 0.602978 0.000000
vt 0.171216 0.000000
vt 0.593052 0.000000
vt 0.861042 0.000000
vt 0.138958 0.000000
vt 0.104218 0.000000
vt 0.605459 0.000000
vt 0.205955 0.000000
vt 0.607940 0.000000
vt 0.863524 0.000000
vt 0.173697 0.000000
vt 0.136476 0.000000
vt 0.640199 0.000000
vt 0.106700 0.000000
vt 0.203474 0.000000
vt 0.590571 0.000000
vt 0.610422 0.000000
vt 0.866005 0.000000
vt 0.176179 0.000000
vt 0.133995 0.000000
vt 0.109181 0.000000
vt 0.612903 0.000000
vt 0.200993 0.000000
vt 0.868486 0.000000
vt 0.588089 0.000000
vt 0.178660 0.000000
vt 0.131514 0.000000
vt 0.111663 0.000000
vt 0.870968 0.000000
vt 0.637717 0.000000
vt 0.198511 0.000000
vt 0.617866 0.000000
vt 0.873449 0.000000
vt 0.129032 0.000000
vt 0.181141 0.000000
vt 0.114144 0.000000
vt 0.620347 0.000000
vt 0.196030 0.000000
vt 0.875931 0.000000
vt 0.585608 0.000000
vt 0.622829 0.000000
vt 0.126551 0.000000
vt 0.878412 0.000000
vt 0.183623 0.000000
vt 0.116625 0.000000
vt 0.880893 0.000000
vt 0.635236 0.000000
vt 0.193548 0.000000
vt 0.625310 0.000000
vt 0.124069 0.000000
vt 0.186104 0.000000
vt 0.119107 0.000000
vt 0.883375 0.000000
vt 0.583127 0.000000
vt 0.627792 0.000000
vt 0.191067 0.000000
vt 0.121588 0.000000
vt 0.188586 0.000000
vt 0.885856 0.000000
vt 0.630273 0.000000
vt 0.632754 0.000000
vt 0.888337 0.000000
vt 0.580645 0.000000
vt 0.890819 0.000000
vt 0.893300 0.000000
vt 0.895782 0.000000
vt 0.578164 0.000000
vt 0.898263 0.000000
vt 0.900744 0.000000
vt 0.903226 0.000000
vt 0.905707 0.000000
vt 0.908189 0.000000
vt 0.575682 0.000000
vt 0.910670 0.000000
vt 0.913151 0.000000
vt 0.915633 0.000000
vt 0.563275 0.000000
vt 0.573201 0.000000
vt 0.918114 0.000000
vt 0.560794 0.000000
vt 0.565757 0.000000
vt 0.920596 0.000000
vt 0.558313 0.000000
vt 0.570720 0.000000
vt 0.555831 0.000000
vt 0.925558 0.000000
vt 0.553350 0.000000
vt 0.928040 0.000000
vt 0.550869 0.000000
vt 0.930521 0.000000
vt 0.305211 0.000000
vt 0.491315 0.000000
vt 0.488834 0.000000
vt 0.548387 0.000000
vt 0.568238 0.000000
vt 0.545906 0.000000
vt 0.933002 0.000000
vt 0.543424 0.000000
vt 0.540943 0.000000
vt 0.935484 0.000000
vt 0.535980 0.000000
vt 0.533499 0.000000
vt 0.401985 0.000000
vt 0.486352 0.000000
vt 0.310174 0.000000
vt 0.394541 0.000000
vt 0.399504 0.000000
vt 0.404467 0.000000
vt 0.220844 0.000000
vt 0.280397 0.000000
vt 0.282878 0.000000
vt 0.483871 0.000000
vt 0.312655 0.000000
vt 0.223325 0.000000
vt 0.277916 0.000000
vt 0.392060 0.000000
vt 0.397022 0.000000
vt 0.406948 0.000000
vt 0.481390 0.000000
vt 0.225806 0.000000
vt 0.275434 0.000000
vt 0.315136 0.000000
vt 0.389578 0.000000
vt 0.409429 0.000000
vt 0.228288 0.000000
vt 0.272953 0.000000
vt 0.478908 0.000000
vt 0.317618 0.000000
vt 0.270471 0.000000
vt 0.387097 0.000000
vt 0.411911 0.000000
vt 0.476427 0.000000
vt 0.320099 0.000000
vt 0.233251 0.000000
vt 0.267990 0.000000
vt 0.414392 0.000000
vt 0.473945 0.000000
vt 0.235732 0.000000
vt 0.322581 0.000000
vt 0.265509 0.000000
vt 0.382134 0.000000
vt 0.471464 0.000000
vt 0.416873 0.000000
vt 0.238213 0.000000
vt 0.263027 0.000000
vt 0.325062 0.000000
vt 0.468983 0.000000
vt 0.379653 0.000000
vt 0.240695 0.000000
vt 0.260546 0.000000
vt 0.419355 0.000000
vt 0.327543 0.000000
vt 0.466501 0.000000
vt 0.243176 0.000000
vt 0.258065 0.000000
vt 0.377171 0.000000
vt 0.330025 0.000000
vt 0.421836 0.000000
vt 0.464020 0.000000
vt 0.255583 0.000000
vt 0.245658 0.000000
vt 0.332506 0.000000
vt 0.374690 0.000000
vt 0.424318 0.000000
vt 0.253102 0.000000
vt 0.248139 0.000000
vt 0.334988 0.000000
vt 0.372208 0.000000
vt 0.459057 0.000000
vt 0.250620 0.000000
vt 0.456576 0.000000
vt 0.337469 0.000000
vt 0.426799 0.000000
vt 0.454094 0.000000
vt 0.339950 0.000000
vt 0.451613 0.000000
vt 0.342432 0.000000
vt 0.449132 0.000000
vt 0.369727 0.000000
vt 0.344913 0.000000
vt 0.446650 0.000000
vt 0.347395 0.000000
vt 0.429280 0.000000
vt 0.444169 0.000000
vt 0.349876 0.000000
vt 0.441687 0.000000
vt 0.352357 0.000000
vt 0.367246 0.000000
vt 0.439206 0.000000
vt 0.354839 0.000000
vt 0.431762 0.000000
vt 0.434243 0.000000
vt 0.436725 0.000000
vt 0.357320 0.000000
vt 0.359802 0.000000
vt 0.362283 0.000000
vt 0.364764 0.000000
vt 0.937965 0.000000
vt 0.997519 0.000000
vt 0.940447 0.000000
vt 0.995037 0.000000
vt 0.942928 0.000000
vt 0.992556 0.000000
vt 0.945409 0.000000
vt 0.990074 0.000000
vt 0.947891 0.000000
vt 0.987593 0.000000
vt 0.950372 0.000000
vt 0.985112 0.000000
vt 0.952854 0.000000
vt 0.982630 0.000000
vt 0.955335 0.000000
vt 0.980149 0.000000
vt 0.957816 0.000000
vt 0.977668 0.000000
vt 0.960298 0.000000
vt 0.975186 0.000000
vt 0.962779 0.000000
vt 0.972705 0.000000
vt 0.965261 0.000000
vt 0.970223 0.000000
vt 0.967742 0.000000
vt 0.002481 0.000000
vt 0.089330 0.000000
vt 0.086849 0.000000
vt 0.004963 0.000000
vt 0.084367 0.000000
vt 0.007444 0.000000
vt 0.081886 0.000000
vt 0.009926 0.000000
vt 0.079404 0.000000
vt 0.012407 0.000000
vt 0.014888 0.000000
vt 0.074442 0.000000
vt 0.017370 0.000000
vt 0.071960 0.000000
vt 0.019851 0.000000
vt 0.069479 0.000000
vt 0.022333 0.000000
vt 0.024814 0.000000
vt 0.066998 0.000000
vt 0.027295 0.000000
vt 0.064516 0.000000
vt 0.029777 0.000000
vt 0.062035 0.000000
vt 0.032258 0.000000
vt 0.034739 0.000000
vt 0.037221 0.000000
vt 0.039702 0.000000
vt 0.042184 0.000000
vt 0.044665 0.000000
vt 0.047146 0.000000
vt 0.049628 0.000000
vt 0.052109 0.000000
vt 0.054591 0.000000
vt 0.057072 0.000000
vt 0.059553 0.000000
s 0
usemtl マテリアル.001
f 201/64/2 199/65/2 200/66/2
f 202/67/2 199/65/2 201/64/2
f 203/68/2 199/65/2 202/67/2
f 204/69/2 199/65/2 203/68/2
f 205/70/2 199/65/2 204/69/2
f 206/71/2 199/65/2 205/70/2
f 207/72/2 199/65/2 206/71/2
f 208/73/2 199/65/2 207/72/2
f 209/74/2 199/65/2 208/73/2
f 210/75/2 199/65/2 209/74/2
f 211/76/2 199/65/2 210/75/2
f 212/77/2 199/65/2 211/76/2
f 213/78/2 199/65/2 212/77/2
f 214/79/2 199/65/2 213/78/2
f 215/80/2 199/65/2 214/79/2
f 216/81/2 199/65/2 215/80/2
f 217/82/2 199/65/2 216/81/2
f 218/83/2 199/65/2 217/82/2
f 219/84/2 199/65/2 218/83/2
f 65/85/2 235/86/2 64/87/2
f 65/85/2 234/88/2 235/86/2
f 220/89/2 199/65/2 219/84/2
f 65/85/2 233/90/2 234/88/2
f 65/85/2 232/91/2 233/90/2
f 221/92/2 199/65/2 220/89/2
f 65/85/2 231/93/2 232/91/2
f 65/85/2 230/94/2 231/93/2
f 222/95/2 199/65/2 221/92/2
f 65/85/2 229/96/2 230/94/2
f 65/85/2 228/97/2 229/96/2
f 223/98/2 199/65/2 222/95/2
f 65/85/2 227/99/2 228/97/2
f 65/85/2 226/100/2 227/99/2
f 224/101/2 199/65/2 223/98/2
f 65/85/2 225/102/2 226/100/2
f 65/85/2 224/101/2 225/102/2
f 65/85/2 66/103/2 224/101/2
f 66/103/2 67/104/2 224/101/2
f 67/104/2 68/105/2 224/101/2
f 68/105/2 69/106/2 224/101/2
f 69/106/2 70/107/2 224/101/2
f 70/107/2 71/108/2 224/101/2
f 71/108/2 72/109/2 224/101/2
f 72/109/2 73/110/2 224/101/2
f 73/110/2 74/111/2 224/101/2
f 74/111/2 199/65/2 224/101/2
f 74/111/2 75/112/2 199/65/2
f 75/112/2 198/113/2 199/65/2
f 75/112/2 197/114/2 198/113/2
f 75/112/2 196/115/2 197/114/2
f 75/112/2 76/116/2 196/115/2
f 76/116/2 195/117/2 196/115/2
f 76/116/2 78/118/2 195/117/2
f 78/118/2 194/119/2 195/117/2
f 78/118/2 79/120/2 194/119/2
f 79/120/2 80/121/2 194/119/2
f 80/121/2 81/122/2 194/119/2
f 81/122/2 193/123/2 194/119/2
f 81/122/2 82/124/2 193/123/2
f 82/124/2 89/125/2 193/123/2
f 89/125/2 192/126/2 193/123/2
f 89/125/2 191/127/2 192/126/2
f 89/125/2 190/128/2 191/127/2
f 82/124/2 83/129/2 89/125/2
f 83/129/2 88/130/2 89/125/2
f 90/131/2 190/128/2 89/125/2
f 83/129/2 87/132/2 88/130/2
f 83/129/2 84/133/2 87/132/2
f 84/133/2 86/134/2 87/132/2
f 90/131/2 189/135/2 190/128/2
f 84/133/2 85/136/2 86/134/2
f 90/131/2 188/137/2 189/135/2
f 90/131/2 187/138/2 188/137/2
f 90/131/2 186/139/2 187/138/2
f 76/116/2 77/140/2 78/118/2
f 91/141/2 186/139/2 90/131/2
f 91/141/2 185/142/2 186/139/2
f 91/141/2 184/143/2 185/142/2
f 92/144/2 184/143/2 91/141/2
f 92/144/2 183/145/2 184/143/2
f 92/144/2 182/146/2 183/145/2
f 93/147/2 182/146/2 92/144/2
f 93/147/2 181/148/2 182/146/2
f 93/147/2 180/149/2 181/148/2
f 94/150/2 180/149/2 93/147/2
f 94/150/2 179/151/2 180/149/2
f 95/152/2 179/151/2 94/150/2
f 95/152/2 178/153/2 179/151/2
f 95/152/2 177/154/2 178/153/2
f 95/152/2 176/155/2 177/154/2
f 96/156/2 176/155/2 95/152/2
f 164/157/2 162/158/2 163/159/2
f 165/160/2 162/158/2 164/157/2
f 166/161/2 162/158/2 165/160/2
f 167/162/2 162/158/2 166/161/2
f 167/162/2 161/163/2 162/158/2
f 168/164/2 161/163/2 167/162/2
f 169/165/2 161/163/2 168/164/2
f 170/166/2 161/163/2 169/165/2
f 170/166/2 160/167/2 161/163/2
f 171/168/2 160/167/2 170/166/2
f 96/156/2 175/169/2 176/155/2
f 172/170/2 160/167/2 171/168/2
f 173/171/2 160/167/2 172/170/2
f 173/171/2 159/172/2 160/167/2
f 174/173/2 159/172/2 173/171/2
f 175/169/2 159/172/2 174/173/2
f 96/156/2 159/172/2 175/169/2
f 96/156/2 158/174/2 159/172/2
f 97/175/2 158/174/2 96/156/2
f 97/175/2 114/176/2 158/174/2
f 114/176/2 157/177/2 158/174/2
f 114/176/2 115/178/2 157/177/2
f 115/178/2 156/179/2 157/177/2
f 97/175/2 113/180/2 114/176/2
f 116/181/2 156/179/2 115/178/2
f 97/175/2 112/182/2 113/180/2
f 98/183/2 112/182/2 97/175/2
f 117/184/2 156/179/2 116/181/2
f 98/183/2 111/185/2 112/182/2
f 118/186/2 156/179/2 117/184/2
f 98/183/2 110/187/2 111/185/2
f 118/186/2 155/188/2 156/179/2
f 119/189/2 155/188/2 118/186/2
f 98/183/2 109/190/2 110/187/2
f 120/191/2 155/188/2 119/189/2
f 98/183/2 108/192/2 109/190/2
f 120/191/2 154/193/2 155/188/2
f 99/194/2 108/192/2 98/183/2
f 121/195/2 154/193/2 120/191/2
f 99/194/2 107/196/2 108/192/2
f 122/197/2 154/193/2 121/195/2
f 122/197/2 153/198/2 154/193/2
f 123/199/2 153/198/2 122/197/2
f 99/194/2 106/200/2 107/196/2
f 100/201/2 106/200/2 99/194/2
f 124/202/2 153/198/2 123/199/2
f 124/202/2 152/203/2 153/198/2
f 100/201/2 105/204/2 106/200/2
f 101/205/2 105/204/2 100/201/2
f 125/206/2 152/203/2 124/202/2
f 101/205/2 104/207/2 105/204/2
f 125/206/2 151/208/2 152/203/2
f 126/209/2 151/208/2 125/206/2
f 102/210/2 103/211/2 101/205/2
f 103/211/2 104/207/2 101/205/2
f 127/212/2 151/208/2 126/209/2
f 127/212/2 150/213/2 151/208/2
f 128/214/2 150/213/2 127/212/2
f 128/214/2 149/215/2 150/213/2
f 129/216/2 149/215/2 128/214/2
f 129/216/2 148/217/2 149/215/2
f 130/218/2 148/217/2 129/216/2
f 131/219/2 148/217/2 130/218/2
f 131/219/2 147/220/2 148/217/2
f 132/221/2 147/220/2 131/219/2
f 132/221/2 146/222/2 147/220/2
f 133/223/2 146/222/2 132/221/2
f 134/224/2 146/222/2 133/223/2
f 135/225/2 146/222/2 134/224/2
f 139/226/2 137/227/2 138/228/2
f 135/225/2 145/229/2 146/222/2
f 136/230/2 145/229/2 135/225/2
f 139/226/2 136/230/2 137/227/2
f 139/226/2 145/229/2 136/230/2
f 139/226/2 144/231/2 145/229/2
f 139/226/2 143/232/2 144/231/2
f 139/226/2 142/233/2 143/232/2
f 139/226/2 141/234/2 142/233/2
f 140/235/2 141/234/2 139/226/2
f 250/236/2 248/237/2 249/238/2
f 250/236/2 247/239/2 248/237/2
f 250/236/2 246/240/2 247/239/2
f 250/236/2 245/241/2 246/240/2
f 250/236/2 244/242/2 245/241/2
f 251/243/2 244/242/2 250/236/2
f 251/243/2 243/244/2 244/242/2
f 252/245/2 243/244/2 251/243/2
f 252/245/2 242/246/2 243/244/2
f 253/247/2 242/246/2 252/245/2
f 254/248/2 242/246/2 253/247/2
f 254/248/2 241/249/2 242/246/2
f 255/250/2 241/249/2 254/248/2
f 255/250/2 240/251/2 241/249/2
f 424/252/2 422/253/2 423/254/2
f 424/252/2 421/255/2 422/253/2
f 256/256/2 240/251/2 255/250/2
f 256/256/2 239/257/2 240/251/2
f 424/252/2 420/258/2 421/255/2
f 424/252/2 419/259/2 420/258/2
f 257/260/2 239/257/2 256/256/2
f 257/260/2 238/261/2 239/257/2
f 424/252/2 418/262/2 419/259/2
f 424/252/2 417/263/2 418/262/2
f 258/264/2 238/261/2 257/260/2
f 258/264/2 237/265/2 238/261/2
f 424/252/2 416/266/2 417/263/2
f 425/267/2 416/266/2 424/252/2
f 426/268/2 416/266/2 425/267/2
f 426/268/2 415/269/2 416/266/2
f 258/264/2 259/270/2 237/265/2
f 259/270/2 260/271/2 237/265/2
f 260/271/2 261/272/2 237/265/2
f 261/272/2 236/87/2 237/265/2
f 427/273/2 415/269/2 426/268/2
f 427/273/2 414/274/2 415/269/2
f 428/275/2 414/274/2 427/273/2
f 428/275/2 413/276/2 414/274/2
f 429/277/2 413/276/2 428/275/2
f 429/277/2 412/278/2 413/276/2
f 430/279/2 412/278/2 429/277/2
f 430/279/2 411/280/2 412/278/2
f 430/279/2 410/281/2 411/280/2
f 431/282/2 410/281/2 430/279/2
f 432/283/2 410/281/2 431/282/2
f 388/284/2 386/285/2 387/286/2
f 432/283/2 409/287/2 410/281/2
f 389/288/2 386/285/2 388/284/2
f 389/288/2 385/289/2 386/285/2
f 390/290/2 385/289/2 389/288/2
f 433/291/2 409/287/2 432/283/2
f 390/290/2 384/292/2 385/289/2
f 433/291/2 408/293/2 409/287/2
f 391/294/2 384/292/2 390/290/2
f 434/295/2 408/293/2 433/291/2
f 391/294/2 383/296/2 384/292/2
f 392/297/2 383/296/2 391/294/2
f 434/295/2 407/298/2 408/293/2
f 435/299/2 407/298/2 434/295/2
f 436/300/2 407/298/2 435/299/2
f 393/301/2 383/296/2 392/297/2
f 393/301/2 382/302/2 383/296/2
f 436/300/2 406/303/2 407/298/2
f 437/304/2 406/303/2 436/300/2
f 394/305/2 382/302/2 393/301/2
f 438/306/2 406/303/2 437/304/2
f 438/306/2 405/307/2 406/303/2
f 394/305/2 381/308/2 382/302/2
f 439/309/2 405/307/2 438/306/2
f 395/310/2 381/308/2 394/305/2
f 439/309/2 404/311/2 405/307/2
f 440/312/2 404/311/2 439/309/2
f 395/310/2 380/313/2 381/308/2
f 396/314/2 380/313/2 395/310/2
f 440/312/2 403/315/2 404/311/2
f 441/316/2 403/315/2 440/312/2
f 441/316/2 402/317/2 403/315/2
f 397/318/2 314/319/2 396/314/2
f 314/319/2 380/313/2 396/314/2
f 442/320/2 402/317/2 441/316/2
f 314/319/2 315/321/2 380/313/2
f 315/321/2 379/322/2 380/313/2
f 397/318/2 313/323/2 314/319/2
f 397/318/2 312/324/2 313/323/2
f 316/325/2 379/322/2 315/321/2
f 397/318/2 311/326/2 312/324/2
f 317/327/2 379/322/2 316/325/2
f 442/320/2 401/328/2 402/317/2
f 443/329/2 401/328/2 442/320/2
f 397/318/2 310/330/2 311/326/2
f 318/331/2 379/322/2 317/327/2
f 398/332/2 310/330/2 397/318/2
f 398/332/2 309/333/2 310/330/2
f 443/329/2 400/334/2 401/328/2
f 319/335/2 379/322/2 318/331/2
f 444/336/2 400/334/2 443/329/2
f 319/335/2 378/337/2 379/322/2
f 398/332/2 308/338/2 309/333/2
f 399/339/2 308/338/2 398/332/2
f 320/340/2 378/337/2 319/335/2
f 444/336/2 399/339/2 400/334/2
f 445/341/2 399/339/2 444/336/2
f 399/339/2 307/342/2 308/338/2
f 321/343/2 378/337/2 320/340/2
f 445/341/2 307/342/2 399/339/2
f 446/344/2 307/342/2 445/341/2
f 446/344/2 306/345/2 307/342/2
f 321/343/2 377/346/2 378/337/2
f 322/347/2 377/346/2 321/343/2
f 447/348/2 306/345/2 446/344/2
f 447/348/2 305/349/2 306/345/2
f 448/350/2 305/349/2 447/348/2
f 323/351/2 377/346/2 322/347/2
f 448/350/2 304/352/2 305/349/2
f 323/351/2 376/353/2 377/346/2
f 449/354/2 304/352/2 448/350/2
f 324/355/2 376/353/2 323/351/2
f 450/356/2 304/352/2 449/354/2
f 450/356/2 303/357/2 304/352/2
f 451/358/2 303/357/2 450/356/2
f 452/359/2 303/357/2 451/358/2
f 325/360/2 376/353/2 324/355/2
f 453/361/2 303/357/2 452/359/2
f 453/361/2 302/362/2 303/357/2
f 325/360/2 375/363/2 376/353/2
f 454/364/2 302/362/2 453/361/2
f 455/365/2 302/362/2 454/364/2
f 326/366/2 375/363/2 325/360/2
f 456/367/2 302/362/2 455/365/2
f 456/367/2 275/368/2 302/362/2
f 275/368/2 301/369/2 302/362/2
f 457/370/2 275/368/2 456/367/2
f 458/371/2 275/368/2 457/370/2
f 459/372/2 275/368/2 458/371/2
f 327/373/2 375/363/2 326/366/2
f 460/374/2 275/368/2 459/372/2
f 327/373/2 374/375/2 375/363/2
f 461/376/2 275/368/2 460/374/2
f 462/377/2 275/368/2 461/376/2
f 463/378/2 275/368/2 462/377/2
f 464/379/2 275/368/2 463/378/2
f 465/380/2 275/368/2 464/379/2
f 466/381/2 275/368/2 465/380/2
f 328/382/2 374/375/2 327/373/2
f 467/383/2 275/368/2 466/381/2
f 467/383/2 274/384/2 275/368/2
f 276/385/2 301/369/2 275/368/2
f 468/386/2 274/384/2 467/383/2
f 469/387/2 274/384/2 468/386/2
f 470/388/2 274/384/2 469/387/2
f 471/86/2 274/384/2 470/388/2
f 471/86/2 273/389/2 274/384/2
f 262/390/2 273/389/2 471/86/2
f 328/382/2 373/391/2 374/375/2
f 263/392/2 273/389/2 262/390/2
f 329/393/2 373/391/2 328/382/2
f 263/392/2 272/394/2 273/389/2
f 263/392/2 271/395/2 272/394/2
f 330/396/2 373/391/2 329/393/2
f 263/392/2 270/397/2 271/395/2
f 330/396/2 372/398/2 373/391/2
f 263/392/2 269/399/2 270/397/2
f 331/400/2 372/398/2 330/396/2
f 276/385/2 300/401/2 301/369/2
f 263/392/2 268/402/2 269/399/2
f 332/403/2 372/398/2 331/400/2
f 263/392/2 267/404/2 268/402/2
f 332/403/2 371/405/2 372/398/2
f 263/392/2 266/406/2 267/404/2
f 333/407/2 371/405/2 332/403/2
f 263/392/2 265/408/2 266/406/2
f 351/409/2 349/410/2 350/411/2
f 276/385/2 299/412/2 300/401/2
f 263/392/2 264/413/2 265/408/2
f 277/414/2 299/412/2 276/385/2
f 351/409/2 348/415/2 349/410/2
f 334/416/2 371/405/2 333/407/2
f 334/416/2 370/417/2 371/405/2
f 351/409/2 347/418/2 348/415/2
f 351/409/2 346/419/2 347/418/2
f 335/420/2 370/417/2 334/416/2
f 351/409/2 345/421/2 346/419/2
f 351/409/2 344/422/2 345/421/2
f 336/423/2 370/417/2 335/420/2
f 351/409/2 343/424/2 344/422/2
f 351/409/2 342/425/2 343/424/2
f 337/426/2 370/417/2 336/423/2
f 351/409/2 341/427/2 342/425/2
f 337/426/2 369/428/2 370/417/2
f 351/409/2 340/429/2 341/427/2
f 338/430/2 369/428/2 337/426/2
f 351/409/2 339/431/2 340/429/2
f 351/409/2 338/430/2 339/431/2
f 351/409/2 369/428/2 338/430/2
f 278/432/2 299/412/2 277/414/2
f 278/432/2 298/433/2 299/412/2
f 351/409/2 368/434/2 369/428/2
f 351/409/2 367/435/2 368/434/2
f 279/436/2 298/433/2 278/432/2
f 279/436/2 297/437/2 298/433/2
f 352/438/2 367/435/2 351/409/2
f 352/438/2 366/439/2 367/435/2
f 353/440/2 366/439/2 352/438/2
f 354/441/2 366/439/2 353/440/2
f 355/442/2 366/439/2 354/441/2
f 355/442/2 365/443/2 366/439/2
f 356/444/2 365/443/2 355/442/2
f 357/445/2 365/443/2 356/444/2
f 358/446/2 365/443/2 357/445/2
f 358/446/2 364/447/2 365/443/2
f 359/448/2 364/447/2 358/446/2
f 360/449/2 364/447/2 359/448/2
f 361/450/2 364/447/2 360/449/2
f 361/450/2 363/451/2 364/447/2
f 362/452/2 363/451/2 361/450/2
f 280/453/2 297/437/2 279/436/2
f 280/453/2 296/454/2 297/437/2
f 281/455/2 296/454/2 280/453/2
f 281/455/2 295/456/2 296/454/2
f 282/457/2 295/456/2 281/455/2
f 282/457/2 294/458/2 295/456/2
f 283/459/2 294/458/2 282/457/2
f 283/459/2 293/460/2 294/458/2
f 284/461/2 293/460/2 283/459/2
f 284/461/2 292/462/2 293/460/2
f 285/463/2 292/462/2 284/461/2
f 285/463/2 291/464/2 292/462/2
f 286/465/2 291/464/2 285/463/2
f 286/465/2 290/466/2 291/464/2
f 287/467/2 290/466/2 286/465/2
f 287/467/2 289/468/2 290/466/2
f 288/469/2 289/468/2 287/467/2
f 474/470/2 472/87/2 473/471/2
f 475/472/2 472/87/2 474/470/2
f 476/473/2 472/87/2 475/472/2
f 477/474/2 472/87/2 476/473/2
f 478/475/2 472/87/2 477/474/2
f 479/476/2 472/87/2 478/475/2
f 479/476/2 654/86/2 472/87/2
f 479/476/2 653/477/2 654/86/2
f 480/478/2 653/477/2 479/476/2
f 480/478/2 652/479/2 653/477/2
f 480/478/2 651/480/2 652/479/2
f 481/481/2 651/480/2 480/478/2
f 481/481/2 650/482/2 651/480/2
f 482/483/2 650/482/2 481/481/2
f 482/483/2 649/484/2 650/482/2
f 482/483/2 648/485/2 649/484/2
f 483/486/2 648/485/2 482/483/2
f 483/486/2 647/487/2 648/485/2
f 484/488/2 647/487/2 483/486/2
f 484/488/2 646/489/2 647/487/2
f 484/488/2 645/490/2 646/489/2
f 485/491/2 645/490/2 484/488/2
f 485/491/2 644/492/2 645/490/2
f 486/493/2 644/492/2 485/491/2
f 486/493/2 643/494/2 644/492/2
f 486/493/2 642/495/2 643/494/2
f 486/493/2 641/496/2 642/495/2
f 487/497/2 641/496/2 486/493/2
f 487/497/2 640/498/2 641/496/2
f 488/499/2 640/498/2 487/497/2
f 488/499/2 639/500/2 640/498/2
f 488/499/2 638/501/2 639/500/2
f 489/502/2 638/501/2 488/499/2
f 489/502/2 637/503/2 638/501/2
f 489/502/2 636/504/2 637/503/2
f 490/505/2 636/504/2 489/502/2
f 490/505/2 635/506/2 636/504/2
f 490/505/2 634/507/2 635/506/2
f 491/508/2 634/507/2 490/505/2
f 491/508/2 633/509/2 634/507/2
f 620/510/2 618/511/2 619/512/2
f 621/513/2 618/511/2 620/510/2
f 621/513/2 617/514/2 618/511/2
f 622/515/2 617/514/2 621/513/2
f 622/515/2 616/516/2 617/514/2
f 623/517/2 616/516/2 622/515/2
f 624/518/2 616/516/2 623/517/2
f 624/518/2 615/519/2 616/516/2
f 491/508/2 632/520/2 633/509/2
f 625/521/2 615/519/2 624/518/2
f 625/521/2 614/522/2 615/519/2
f 626/523/2 614/522/2 625/521/2
f 627/524/2 614/522/2 626/523/2
f 627/524/2 613/525/2 614/522/2
f 628/526/2 613/525/2 627/524/2
f 628/526/2 612/527/2 613/525/2
f 629/528/2 612/527/2 628/526/2
f 491/508/2 631/529/2 632/520/2
f 492/530/2 631/529/2 491/508/2
f 629/528/2 611/531/2 612/527/2
f 630/532/2 611/531/2 629/528/2
f 631/529/2 611/531/2 630/532/2
f 631/529/2 610/533/2 611/531/2
f 492/530/2 521/534/2 631/529/2
f 521/534/2 522/535/2 631/529/2
f 522/535/2 610/533/2 631/529/2
f 522/535/2 523/536/2 610/533/2
f 523/536/2 609/537/2 610/533/2
f 524/538/2 609/537/2 523/536/2
f 492/530/2 520/539/2 521/534/2
f 525/540/2 609/537/2 524/538/2
f 526/541/2 609/537/2 525/540/2
f 492/530/2 519/542/2 520/539/2
f 527/543/2 609/537/2 526/541/2
f 527/543/2 608/544/2 609/537/2
f 528/545/2 608/544/2 527/543/2
f 492/530/2 518/546/2 519/542/2
f 529/547/2 608/544/2 528/545/2
f 492/530/2 517/548/2 518/546/2
f 530/549/2 608/544/2 529/547/2
f 530/549/2 607/550/2 608/544/2
f 531/551/2 607/550/2 530/549/2
f 493/552/2 517/548/2 492/530/2
f 493/552/2 516/553/2 517/548/2
f 532/554/2 607/550/2 531/551/2
f 532/554/2 606/555/2 607/550/2
f 533/556/2 606/555/2 532/554/2
f 493/552/2 515/557/2 516/553/2
f 534/558/2 606/555/2 533/556/2
f 572/559/2 570/560/2 571/561/2
f 534/558/2 605/562/2 606/555/2
f 493/552/2 514/563/2 515/557/2
f 535/564/2 605/562/2 534/558/2
f 535/564/2 604/565/2 605/562/2
f 493/552/2 513/566/2 514/563/2
f 536/567/2 604/565/2 535/564/2
f 573/568/2 570/560/2 572/559/2
f 536/567/2 603/569/2 604/565/2
f 537/570/2 603/569/2 536/567/2
f 493/552/2 512/571/2 513/566/2
f 494/572/2 512/571/2 493/552/2
f 537/570/2 602/573/2 603/569/2
f 573/568/2 569/574/2 570/560/2
f 538/575/2 602/573/2 537/570/2
f 574/576/2 569/574/2 573/568/2
f 494/572/2 511/577/2 512/571/2
f 538/575/2 601/578/2 602/573/2
f 539/579/2 601/578/2 538/575/2
f 494/572/2 510/580/2 511/577/2
f 575/581/2 569/574/2 574/576/2
f 539/579/2 600/582/2 601/578/2
f 540/583/2 600/582/2 539/579/2
f 575/581/2 568/584/2 569/574/2
f 494/572/2 509/585/2 510/580/2
f 540/583/2 599/586/2 600/582/2
f 541/587/2 599/586/2 540/583/2
f 576/588/2 568/584/2 575/581/2
f 495/589/2 509/585/2 494/572/2
f 495/589/2 508/590/2 509/585/2
f 541/587/2 598/591/2 599/586/2
f 542/592/2 598/591/2 541/587/2
f 576/588/2 567/593/2 568/584/2
f 542/592/2 597/594/2 598/591/2
f 495/589/2 507/595/2 508/590/2
f 577/596/2 567/593/2 576/588/2
f 543/597/2 597/594/2 542/592/2
f 543/597/2 596/598/2 597/594/2
f 544/599/2 596/598/2 543/597/2
f 495/589/2 506/600/2 507/595/2
f 544/599/2 595/601/2 596/598/2
f 578/602/2 567/593/2 577/596/2
f 578/602/2 566/603/2 567/593/2
f 545/604/2 595/601/2 544/599/2
f 545/604/2 594/605/2 595/601/2
f 495/589/2 505/606/2 506/600/2
f 496/607/2 505/606/2 495/589/2
f 579/608/2 566/603/2 578/602/2
f 545/604/2 593/609/2 594/605/2
f 546/610/2 593/609/2 545/604/2
f 546/610/2 592/611/2 593/609/2
f 496/607/2 504/612/2 505/606/2
f 579/608/2 565/613/2 566/603/2
f 547/614/2 592/611/2 546/610/2
f 580/615/2 565/613/2 579/608/2
f 547/614/2 591/616/2 592/611/2
f 547/614/2 590/617/2 591/616/2
f 548/618/2 590/617/2 547/614/2
f 496/607/2 503/619/2 504/612/2
f 581/620/2 565/613/2 580/615/2
f 548/618/2 589/621/2 590/617/2
f 581/620/2 564/622/2 565/613/2
f 548/618/2 588/623/2 589/621/2
f 549/624/2 588/623/2 548/618/2
f 549/624/2 587/625/2 588/623/2
f 582/626/2 564/622/2 581/620/2
f 549/624/2 586/627/2 587/625/2
f 496/607/2 502/628/2 503/619/2
f 549/624/2 585/629/2 586/627/2
f 583/630/2 564/622/2 582/626/2
f 549/624/2 584/631/2 585/629/2
f 497/632/2 502/628/2 496/607/2
f 549/624/2 583/630/2 584/631/2
f 549/624/2 564/622/2 583/630/2
f 550/633/2 564/622/2 549/624/2
f 550/633/2 563/634/2 564/622/2
f 551/635/2 563/634/2 550/633/2
f 497/632/2 501/636/2 502/628/2
f 552/637/2 563/634/2 551/635/2
f 552/637/2 562/638/2 563/634/2
f 497/632/2 500/639/2 501/636/2
f 553/640/2 562/638/2 552/637/2
f 553/640/2 561/641/2 562/638/2
f 554/642/2 561/641/2 553/640/2
f 497/632/2 499/643/2 500/639/2
f 498/644/2 499/643/2 497/632/2
f 554/642/2 560/645/2 561/641/2
f 555/646/2 560/645/2 554/642/2
f 556/647/2 560/645/2 555/646/2
f 556/647/2 559/648/2 560/645/2
f 557/649/2 559/648/2 556/647/2
f 557/649/2 558/650/2 559/648/2
f 767/651/2 791/86/2 766/652/2
f 767/651/2 790/653/2 791/86/2
f 767/651/2 789/654/2 790/653/2
f 767/651/2 788/655/2 789/654/2
f 767/651/2 787/656/2 788/655/2
f 767/651/2 786/657/2 787/656/2
f 767/651/2 785/658/2 786/657/2
f 767/651/2 784/659/2 785/658/2
f 767/651/2 783/660/2 784/659/2
f 767/651/2 782/661/2 783/660/2
f 767/651/2 781/662/2 782/661/2
f 767/651/2 780/663/2 781/662/2
f 768/664/2 780/663/2 767/651/2
f 768/664/2 779/665/2 780/663/2
f 769/666/2 779/665/2 768/664/2
f 770/667/2 779/665/2 769/666/2
f 771/668/2 779/665/2 770/667/2
f 772/669/2 779/665/2 771/668/2
f 773/670/2 779/665/2 772/669/2
f 774/671/2 779/665/2 773/670/2
f 775/672/2 779/665/2 774/671/2
f 776/673/2 779/665/2 775/672/2
f 777/674/2 779/665/2 776/673/2
f 778/675/2 779/665/2 777/674/2
f 657/676/2 655/87/2 656/677/2
f 657/676/2 765/678/2 655/87/2
f 658/679/2 765/678/2 657/676/2
f 658/679/2 764/680/2 765/678/2
f 658/679/2 763/681/2 764/680/2
f 659/682/2 763/681/2 658/679/2
f 659/682/2 762/683/2 763/681/2
f 660/684/2 762/683/2 659/682/2
f 660/684/2 761/685/2 762/683/2
f 660/684/2 760/686/2 761/685/2
f 661/687/2 760/686/2 660/684/2
f 661/687/2 759/688/2 760/686/2
f 662/689/2 759/688/2 661/687/2
f 743/690/2 741/691/2 742/692/2
f 744/693/2 741/691/2 743/690/2
f 744/693/2 740/694/2 741/691/2
f 745/695/2 740/694/2 744/693/2
f 746/696/2 740/694/2 745/695/2
f 746/696/2 739/697/2 740/694/2
f 662/689/2 758/698/2 759/688/2
f 747/699/2 739/697/2 746/696/2
f 747/699/2 738/700/2 739/697/2
f 748/701/2 738/700/2 747/699/2
f 748/701/2 737/702/2 738/700/2
f 749/703/2 737/702/2 748/701/2
f 662/689/2 757/704/2 758/698/2
f 663/705/2 757/704/2 662/689/2
f 750/706/2 737/702/2 749/703/2
f 750/706/2 736/707/2 737/702/2
f 751/708/2 736/707/2 750/706/2
f 751/708/2 693/709/2 736/707/2
f 693/709/2 694/710/2 736/707/2
f 694/710/2 735/711/2 736/707/2
f 663/705/2 756/712/2 757/704/2
f 752/713/2 692/714/2 751/708/2
f 692/714/2 693/709/2 751/708/2
f 752/713/2 691/715/2 692/714/2
f 695/716/2 735/711/2 694/710/2
f 752/713/2 690/717/2 691/715/2
f 696/718/2 735/711/2 695/716/2
f 664/719/2 756/712/2 663/705/2
f 752/713/2 689/720/2 690/717/2
f 697/721/2 735/711/2 696/718/2
f 697/721/2 734/722/2 735/711/2
f 664/719/2 755/723/2 756/712/2
f 753/724/2 689/720/2 752/713/2
f 753/724/2 688/725/2 689/720/2
f 698/726/2 734/722/2 697/721/2
f 753/724/2 687/727/2 688/725/2
f 699/728/2 734/722/2 698/726/2
f 754/729/2 687/727/2 753/724/2
f 699/728/2 733/730/2 734/722/2
f 664/719/2 754/729/2 755/723/2
f 754/729/2 686/731/2 687/727/2
f 700/732/2 733/730/2 699/728/2
f 665/733/2 754/729/2 664/719/2
f 754/729/2 685/734/2 686/731/2
f 701/735/2 733/730/2 700/732/2
f 665/733/2 685/734/2 754/729/2
f 701/735/2 732/736/2 733/730/2
f 665/733/2 684/737/2 685/734/2
f 702/738/2 732/736/2 701/735/2
f 665/733/2 683/739/2 684/737/2
f 666/740/2 683/739/2 665/733/2
f 703/741/2 732/736/2 702/738/2
f 703/741/2 731/742/2 732/736/2
f 666/740/2 682/743/2 683/739/2
f 704/744/2 731/742/2 703/741/2
f 704/744/2 730/745/2 731/742/2
f 667/746/2 682/743/2 666/740/2
f 667/746/2 681/747/2 682/743/2
f 705/748/2 730/745/2 704/744/2
f 667/746/2 680/749/2 681/747/2
f 706/750/2 730/745/2 705/748/2
f 667/746/2 679/751/2 680/749/2
f 706/750/2 729/752/2 730/745/2
f 668/753/2 679/751/2 667/746/2
f 668/753/2 678/754/2 679/751/2
f 668/753/2 677/755/2 678/754/2
f 668/753/2 676/756/2 677/755/2
f 668/753/2 675/757/2 676/756/2
f 668/753/2 674/758/2 675/757/2
f 668/753/2 673/759/2 674/758/2
f 669/760/2 670/761/2 668/753/2
f 670/761/2 671/762/2 668/753/2
f 671/762/2 672/763/2 668/753/2
f 672/763/2 673/759/2 668/753/2
f 707/764/2 729/752/2 706/750/2
f 707/764/2 728/765/2 729/752/2
f 708/766/2 728/765/2 707/764/2
f 708/766/2 727/767/2 728/765/2
f 709/768/2 727/767/2 708/766/2
f 710/769/2 727/767/2 709/768/2
f 710/769/2 726/770/2 727/767/2
f 711/771/2 726/770/2 710/769/2
f 711/771/2 725/772/2 726/770/2
f 712/773/2 725/772/2 711/771/2
f 713/774/2 725/772/2 712/773/2
f 714/775/2 725/772/2 713/774/2
f 714/775/2 724/776/2 725/772/2
f 718/777/2 716/778/2 717/779/2
f 715/780/2 724/776/2 714/775/2
f 718/777/2 715/780/2 716/778/2
f 718/777/2 724/776/2 715/780/2
f 718/777/2 723/634/2 724/776/2
f 718/777/2 722/781/2 723/634/2
f 718/777/2 721/782/2 722/781/2
f 718/777/2 720/783/2 721/782/2
f 719/784/2 720/783/2 718/777/2
f 820/785/2 818/786/2 819/787/2
f 820/785/2 915/86/2 818/786/2
f 821/788/2 915/86/2 820/785/2
f 821/788/2 914/789/2 915/86/2
f 822/790/2 914/789/2 821/788/2
f 822/790/2 913/791/2 914/789/2
f 823/792/2 913/791/2 822/790/2
f 823/792/2 912/793/2 913/791/2
f 824/794/2 912/793/2 823/792/2
f 824/794/2 911/795/2 912/793/2
f 825/796/2 911/795/2 824/794/2
f 825/796/2 910/797/2 911/795/2
f 826/798/2 910/797/2 825/796/2
f 826/798/2 909/799/2 910/797/2
f 827/800/2 909/799/2 826/798/2
f 827/800/2 908/801/2 909/799/2
f 828/802/2 908/801/2 827/800/2
f 828/802/2 907/803/2 908/801/2
f 829/804/2 907/803/2 828/802/2
f 830/805/2 907/803/2 829/804/2
f 830/805/2 906/806/2 907/803/2
f 831/807/2 906/806/2 830/805/2
f 831/807/2 905/808/2 906/806/2
f 832/809/2 905/808/2 831/807/2
f 832/809/2 904/810/2 905/808/2
f 832/809/2 903/811/2 904/810/2
f 833/195/2 903/811/2 832/809/2
f 833/195/2 902/812/2 903/811/2
f 834/813/2 902/812/2 833/195/2
f 834/813/2 901/814/2 902/812/2
f 835/815/2 901/814/2 834/813/2
f 835/815/2 900/816/2 901/814/2
f 836/817/2 900/816/2 835/815/2
f 836/817/2 899/818/2 900/816/2
f 837/819/2 899/818/2 836/817/2
f 837/819/2 898/820/2 899/818/2
f 837/819/2 897/821/2 898/820/2
f 838/822/2 897/821/2 837/819/2
f 838/822/2 896/823/2 897/821/2
f 839/824/2 896/823/2 838/822/2
f 839/824/2 895/825/2 896/823/2
f 840/826/2 895/825/2 839/824/2
f 840/826/2 894/827/2 895/825/2
f 841/828/2 894/827/2 840/826/2
f 841/828/2 893/829/2 894/827/2
f 842/830/2 893/829/2 841/828/2
f 842/830/2 892/831/2 893/829/2
f 843/832/2 892/831/2 842/830/2
f 843/832/2 891/833/2 892/831/2
f 844/834/2 891/833/2 843/832/2
f 844/834/2 890/835/2 891/833/2
f 869/836/2 867/837/2 868/838/2
f 844/834/2 889/839/2 890/835/2
f 845/840/2 889/839/2 844/834/2
f 870/841/2 867/837/2 869/836/2
f 845/840/2 888/842/2 889/839/2
f 871/843/2 867/837/2 870/841/2
f 846/844/2 888/842/2 845/840/2
f 871/843/2 866/845/2 867/837/2
f 846/844/2 887/846/2 888/842/2
f 872/847/2 866/845/2 871/843/2
f 873/848/2 866/845/2 872/847/2
f 846/844/2 886/849/2 887/846/2
f 847/850/2 886/849/2 846/844/2
f 873/848/2 865/851/2 866/845/2
f 874/153/2 865/851/2 873/848/2
f 847/850/2 885/852/2 886/849/2
f 875/853/2 865/851/2 874/153/2
f 875/853/2 864/854/2 865/851/2
f 847/850/2 884/855/2 885/852/2
f 848/856/2 884/855/2 847/850/2
f 876/857/2 864/854/2 875/853/2
f 848/856/2 883/858/2 884/855/2
f 877/859/2 864/854/2 876/857/2
f 877/859/2 863/860/2 864/854/2
f 848/856/2 882/861/2 883/858/2
f 878/862/2 863/860/2 877/859/2
f 849/863/2 882/861/2 848/856/2
f 849/863/2 881/864/2 882/861/2
f 879/865/2 863/860/2 878/862/2
f 849/863/2 880/866/2 881/864/2
f 880/866/2 863/860/2 879/865/2
f 849/863/2 863/860/2 880/866/2
f 849/863/2 862/867/2 863/860/2
f 850/868/2 862/867/2 849/863/2
f 850/868/2 861/869/2 862/867/2
f 851/870/2 861/869/2 850/868/2
f 851/870/2 860/871/2 861/869/2
f 851/870/2 859/872/2 860/871/2
f 852/873/2 859/872/2 851/870/2
f 852/873/2 858/874/2 859/872/2
f 853/875/2 858/874/2 852/873/2
f 853/875/2 857/876/2 858/874/2
f 854/877/2 857/876/2 853/875/2
f 854/877/2 856/878/2 857/876/2
f 855/879/2 856/878/2 854/877/2
f 793/880/2 817/881/2 792/87/2
f 794/882/2 817/881/2 793/880/2
f 794/882/2 816/883/2 817/881/2
f 795/884/2 816/883/2 794/882/2
f 795/884/2 815/885/2 816/883/2
f 796/886/2 815/885/2 795/884/2
f 796/886/2 814/887/2 815/885/2
f 797/888/2 814/887/2 796/886/2
f 797/888/2 813/889/2 814/887/2
f 798/890/2 813/889/2 797/888/2
f 798/890/2 812/891/2 813/889/2
f 799/892/2 812/891/2 798/890/2
f 799/892/2 811/893/2 812/891/2
f 800/894/2 811/893/2 799/892/2
f 800/894/2 810/895/2 811/893/2
f 801/896/2 810/895/2 800/894/2
f 801/896/2 809/897/2 810/895/2
f 802/898/2 809/897/2 801/896/2
f 802/898/2 808/899/2 809/897/2
f 803/900/2 808/899/2 802/898/2
f 803/900/2 807/901/2 808/899/2
f 804/902/2 807/901/2 803/900/2
f 804/902/2 806/903/2 807/901/2
f 805/904/2 806/903/2 804/902/2
f 977/905/2 1041/906/2 976/907/2
f 977/905/2 978/908/2 1041/906/2
f 978/908/2 1040/909/2 1041/906/2
f 1043/910/2 1062/86/2 1042/911/2
f 1043/910/2 1044/912/2 1062/86/2
f 1044/912/2 1061/913/2 1062/86/2
f 979/914/2 1040/909/2 978/908/2
f 1045/915/2 1061/913/2 1044/912/2
f 916/87/2 940/916/2 941/917/2
f 942/918/2 966/919/2 967/920/2
f 916/87/2 939/921/2 940/916/2
f 942/918/2 965/922/2 966/919/2
f 916/87/2 938/923/2 939/921/2
f 942/918/2 964/924/2 965/922/2
f 916/87/2 937/925/2 938/923/2
f 942/918/2 963/926/2 964/924/2
f 916/87/2 936/927/2 937/925/2
f 942/918/2 962/928/2 963/926/2
f 916/87/2 935/929/2 936/927/2
f 942/918/2 961/930/2 962/928/2
f 916/87/2 934/931/2 935/929/2
f 942/918/2 960/932/2 961/930/2
f 916/87/2 933/933/2 934/931/2
f 942/918/2 959/934/2 960/932/2
f 916/87/2 932/935/2 933/933/2
f 942/918/2 958/936/2 959/934/2
f 917/937/2 932/935/2 916/87/2
f 917/937/2 931/938/2 932/935/2
f 942/918/2 957/939/2 958/936/2
f 918/940/2 931/938/2 917/937/2
f 943/941/2 957/939/2 942/918/2
f 918/940/2 930/942/2 931/938/2
f 943/941/2 956/943/2 957/939/2
f 919/944/2 930/942/2 918/940/2
f 944/945/2 956/943/2 943/941/2
f 919/944/2 929/946/2 930/942/2
f 944/945/2 955/947/2 956/943/2
f 920/948/2 929/946/2 919/944/2
f 945/949/2 955/947/2 944/945/2
f 920/948/2 921/950/2 929/946/2
f 921/950/2 922/951/2 929/946/2
f 922/951/2 923/952/2 929/946/2
f 923/952/2 924/953/2 929/946/2
f 924/953/2 925/954/2 929/946/2
f 925/954/2 926/955/2 929/946/2
f 926/955/2 927/956/2 929/946/2
f 927/956/2 928/957/2 929/946/2
f 945/949/2 946/958/2 955/947/2
f 946/958/2 947/959/2 955/947/2
f 947/959/2 948/960/2 955/947/2
f 948/960/2 949/961/2 955/947/2
f 949/961/2 950/962/2 955/947/2
f 950/962/2 951/963/2 955/947/2
f 951/963/2 952/964/2 955/947/2
f 952/964/2 953/965/2 955/947/2
f 953/965/2 954/966/2 955/947/2
f 1046/967/2 1059/968/2 1045/915/2
f 1059/968/2 1061/913/2 1045/915/2
f 980/969/2 1040/909/2 979/914/2
f 1047/970/2 1059/968/2 1046/967/2
f 981/971/2 1004/972/2 980/969/2
f 1004/972/2 1040/909/2 980/969/2
f 1048/973/2 1059/968/2 1047/970/2
f 982/974/2 1004/972/2 981/971/2
f 1049/975/2 1059/968/2 1048/973/2
f 983/976/2 1004/972/2 982/974/2
f 1050/977/2 1059/968/2 1049/975/2
f 984/978/2 1004/972/2 983/976/2
f 1050/977/2 1058/979/2 1059/968/2
f 1060/980/2 1061/913/2 1059/968/2
f 1051/981/2 1058/979/2 1050/977/2
f 985/982/2 1004/972/2 984/978/2
f 985/982/2 1003/983/2 1004/972/2
f 1005/984/2 1040/909/2 1004/972/2
f 1052/985/2 1058/979/2 1051/981/2
f 986/986/2 1003/983/2 985/982/2
f 986/986/2 1002/987/2 1003/983/2
f 1053/988/2 1058/979/2 1052/985/2
f 987/989/2 1002/987/2 986/986/2
f 987/989/2 1001/990/2 1002/987/2
f 1054/991/2 1058/979/2 1053/988/2
f 988/992/2 1001/990/2 987/989/2
f 1055/993/2 1058/979/2 1054/991/2
f 988/992/2 1000/994/2 1001/990/2
f 989/634/2 1000/994/2 988/992/2
f 1056/995/2 1058/979/2 1055/993/2
f 989/634/2 999/996/2 1000/994/2
f 990/997/2 999/996/2 989/634/2
f 1057/998/2 1058/979/2 1056/995/2
f 990/997/2 998/999/2 999/996/2
f 991/1000/2 998/999/2 990/997/2
f 992/1001/2 998/999/2 991/1000/2
f 992/1001/2 997/1002/2 998/999/2
f 992/1001/2 996/1003/2 997/1002/2
f 992/1001/2 995/1004/2 996/1003/2
f 992/1001/2 994/1005/2 995/1004/2
f 1005/984/2 1039/1006/2 1040/909/2
f 992/1001/2 993/1007/2 994/1005/2
f 1005/984/2 1038/1008/2 1039/1006/2
f 1005/984/2 1006/1009/2 1038/1008/2
f 1006/1009/2 1037/1010/2 1038/1008/2
f 1007/1011/2 1037/1010/2 1006/1009/2
f 1007/1011/2 1036/1012/2 1037/1010/2
f 1008/1013/2 1036/1012/2 1007/1011/2
f 1008/1013/2 1035/1014/2 1036/1012/2
f 1009/1015/2 1035/1014/2 1008/1013/2
f 1009/1015/2 1034/1016/2 1035/1014/2
f 1010/1017/2 1034/1016/2 1009/1015/2
f 1011/1018/2 1034/1016/2 1010/1017/2
f 1011/1018/2 1033/1019/2 1034/1016/2
f 1012/1020/2 1033/1019/2 1011/1018/2
f 1012/1020/2 1032/1021/2 1033/1019/2
f 1013/1022/2 1032/1021/2 1012/1020/2
f 1013/1022/2 1031/1023/2 1032/1021/2
f 1014/1024/2 1031/1023/2 1013/1022/2
f 1014/1024/2 1030/1025/2 1031/1023/2
f 1015/1026/2 1030/1025/2 1014/1024/2
f 1015/1026/2 1029/1027/2 1030/1025/2
f 1016/1028/2 1029/1027/2 1015/1026/2
f 1016/1028/2 1028/1029/2 1029/1027/2
f 1017/1030/2 1028/1029/2 1016/1028/2
f 1017/1030/2 1027/1031/2 1028/1029/2
f 1018/1032/2 1027/1031/2 1017/1030/2
f 1020/1033/2 973/1034/2 1019/1035/2
f 973/1034/2 1018/1032/2 1019/1035/2
f 973/1034/2 1027/1031/2 1018/1032/2
f 973/1034/2 1026/1036/2 1027/1031/2
f 973/1034/2 974/1037/2 1026/1036/2
f 974/1037/2 1025/1038/2 1026/1036/2
f 1020/1033/2 972/1039/2 973/1034/2
f 975/1040/2 1025/1038/2 974/1037/2
f 1020/1033/2 968/1041/2 972/1039/2
f 968/1041/2 975/1040/2 972/1039/2
f 968/1041/2 969/1042/2 975/1040/2
f 969/1042/2 1025/1038/2 975/1040/2
f 1020/1033/2 971/1043/2 968/1041/2
f 970/1044/2 1025/1038/2 969/1042/2
f 1020/1033/2 1022/1045/2 971/1043/2
f 1022/1045/2 970/1044/2 971/1043/2
f 1022/1045/2 1023/1046/2 970/1044/2
f 1023/1046/2 1025/1038/2 970/1044/2
f 1020/1033/2 1021/1047/2 1022/1045/2
f 1024/1048/2 1025/1038/2 1023/1046/2
f 1358/1049/2 1356/1050/2 1357/1051/2
f 1179/1052/2 1269/1053/2 1178/1054/2
f 1179/1052/2 1268/1055/2 1269/1053/2
f 1359/1056/2 1356/1050/2 1358/1049/2
f 1359/1056/2 1355/1057/2 1356/1050/2
f 1359/1056/2 1354/1058/2 1355/1057/2
f 1360/1059/2 1354/1058/2 1359/1056/2
f 1360/1059/2 1353/1060/2 1354/1058/2
f 1361/1061/2 1353/1060/2 1360/1059/2
f 1361/1061/2 1352/1062/2 1353/1060/2
f 1362/1063/2 1352/1062/2 1361/1061/2
f 1181/1064/2 1179/1052/2 1180/1065/2
f 1181/1064/2 1268/1055/2 1179/1052/2
f 1181/1064/2 1267/1066/2 1268/1055/2
f 1181/1064/2 1266/1067/2 1267/1066/2
f 1362/1063/2 1351/1068/2 1352/1062/2
f 1363/1069/2 1351/1068/2 1362/1063/2
f 1363/1069/2 1350/1070/2 1351/1068/2
f 1332/1071/2 1330/1072/2 1331/1073/2
f 1364/1074/2 1350/1070/2 1363/1069/2
f 1333/1075/2 1330/1072/2 1332/1071/2
f 1364/1074/2 1349/1076/2 1350/1070/2
f 1334/1077/2 1330/1072/2 1333/1075/2
f 1182/1078/2 1266/1067/2 1181/1064/2
f 1183/1079/2 1265/1080/2 1182/1078/2
f 1265/1080/2 1266/1067/2 1182/1078/2
f 1183/1079/2 1264/1081/2 1265/1080/2
f 1365/1082/2 1349/1076/2 1364/1074/2
f 1335/1083/2 1330/1072/2 1334/1077/2
f 1335/1083/2 1329/1084/2 1330/1072/2
f 1365/1082/2 1348/1085/2 1349/1076/2
f 1336/1086/2 1329/1084/2 1335/1083/2
f 1366/1087/2 1348/1085/2 1365/1082/2
f 1337/1088/2 1329/1084/2 1336/1086/2
f 1366/1087/2 1347/1089/2 1348/1085/2
f 1367/1090/2 1347/1089/2 1366/1087/2
f 1337/1088/2 1328/1091/2 1329/1084/2
f 1338/1092/2 1328/1091/2 1337/1088/2
f 1339/1093/2 1328/1091/2 1338/1092/2
f 1368/1094/2 1347/1089/2 1367/1090/2
f 1368/1094/2 1346/1095/2 1347/1089/2
f 1340/1096/2 1328/1091/2 1339/1093/2
f 1369/1097/2 1346/1095/2 1368/1094/2
f 1340/1096/2 1327/1098/2 1328/1091/2
f 1370/1099/2 1346/1095/2 1369/1097/2
f 1341/1100/2 1327/1098/2 1340/1096/2
f 1185/1101/2 1270/1102/2 1184/1103/2
f 1270/1102/2 1183/1079/2 1184/1103/2
f 1270/1102/2 1264/1081/2 1183/1079/2
f 1270/1102/2 1263/1104/2 1264/1081/2
f 1270/1102/2 1271/1105/2 1263/1104/2
f 1271/1105/2 1274/1106/2 1263/1104/2
f 1274/1106/2 1275/1107/2 1263/1104/2
f 1275/1107/2 1262/1108/2 1263/1104/2
f 1370/1099/2 1345/1109/2 1346/1095/2
f 1371/1110/2 1345/1109/2 1370/1099/2
f 1342/591/2 1327/1098/2 1341/1100/2
f 1372/1111/2 1345/1109/2 1371/1110/2
f 1373/527/2 1345/1109/2 1372/1111/2
f 1342/591/2 1326/1112/2 1327/1098/2
f 1343/1113/2 1326/1112/2 1342/591/2
f 1373/527/2 1344/1114/2 1345/1109/2
f 1374/1115/2 1344/1114/2 1373/527/2
f 1375/1116/2 1344/1114/2 1374/1115/2
f 1344/1114/2 1326/1112/2 1343/1113/2
f 1376/1117/2 1344/1114/2 1375/1116/2
f 1377/1118/2 1344/1114/2 1376/1117/2
f 1377/1118/2 1326/1112/2 1344/1114/2
f 1378/1119/2 1326/1112/2 1377/1118/2
f 1379/1120/2 1326/1112/2 1378/1119/2
f 1379/1120/2 1325/1121/2 1326/1112/2
f 1380/1122/2 1325/1121/2 1379/1120/2
f 1381/1123/2 1325/1121/2 1380/1122/2
f 1382/1124/2 1325/1121/2 1381/1123/2
f 1383/1125/2 1325/1121/2 1382/1124/2
f 1185/1101/2 1273/1126/2 1270/1102/2
f 1272/1127/2 1274/1106/2 1271/1105/2
f 1272/1127/2 1277/1128/2 1274/1106/2
f 1276/1129/2 1262/1108/2 1275/1107/2
f 1384/1130/2 1325/1121/2 1383/1125/2
f 1385/1131/2 1325/1121/2 1384/1130/2
f 1386/1132/2 1325/1121/2 1385/1131/2
f 1386/1132/2 1405/1133/2 1325/1121/2
f 1405/1133/2 1324/1134/2 1325/1121/2
f 1387/1135/2 1405/1133/2 1386/1132/2
f 1127/1136/2 1151/1137/2 1126/1138/2
f 1388/1139/2 1405/1133/2 1387/1135/2
f 1100/1140/2 1124/1141/2 1125/639/2
f 1389/1142/2 1405/1133/2 1388/1139/2
f 1128/1143/2 1151/1137/2 1127/1136/2
f 1389/1142/2 1404/523/2 1405/1133/2
f 1406/1144/2 1324/1134/2 1405/1133/2
f 1389/1142/2 1403/1145/2 1404/523/2
f 1128/1143/2 1150/1146/2 1151/1137/2
f 1390/1147/2 1403/1145/2 1389/1142/2
f 1100/1140/2 1123/1148/2 1124/1141/2
f 1101/1149/2 1123/1148/2 1100/1140/2
f 1390/1147/2 1402/1150/2 1403/1145/2
f 1390/1147/2 1401/1151/2 1402/1150/2
f 1406/1144/2 1323/1152/2 1324/1134/2
f 1391/1153/2 1401/1151/2 1390/1147/2
f 1391/1153/2 1400/1154/2 1401/1151/2
f 1129/1155/2 1150/1146/2 1128/1143/2
f 1391/1153/2 1399/1156/2 1400/1154/2
f 1407/1157/2 1323/1152/2 1406/1144/2
f 1391/1153/2 1398/1158/2 1399/1156/2
f 1392/1159/2 1398/1158/2 1391/1153/2
f 1101/1149/2 1122/1160/2 1123/1148/2
f 1102/1161/2 1122/1160/2 1101/1149/2
f 1392/1159/2 1397/1162/2 1398/1158/2
f 1129/1155/2 1149/1163/2 1150/1146/2
f 1392/1159/2 1396/1164/2 1397/1162/2
f 1392/1159/2 1395/1165/2 1396/1164/2
f 1393/1166/2 1394/1167/2 1392/1159/2
f 1394/1167/2 1395/1165/2 1392/1159/2
f 1130/1168/2 1149/1163/2 1129/1155/2
f 1408/1169/2 1323/1152/2 1407/1157/2
f 1103/1170/2 1122/1160/2 1102/1161/2
f 1103/1170/2 1121/1171/2 1122/1160/2
f 1130/1168/2 1148/1172/2 1149/1163/2
f 1305/1173/2 1303/1174/2 1304/1175/2
f 1131/1176/2 1148/1172/2 1130/1168/2
f 1408/1169/2 1322/1177/2 1323/1152/2
f 1409/1178/2 1322/1177/2 1408/1169/2
f 1103/1170/2 1120/1179/2 1121/1171/2
f 1104/1180/2 1120/1179/2 1103/1170/2
f 1131/1176/2 1147/1181/2 1148/1172/2
f 1306/1182/2 1303/1174/2 1305/1173/2
f 1132/1183/2 1147/1181/2 1131/1176/2
f 1306/1182/2 1302/1184/2 1303/1174/2
f 1410/1185/2 1322/1177/2 1409/1178/2
f 1104/1180/2 1119/1186/2 1120/1179/2
f 1105/1187/2 1119/1186/2 1104/1180/2
f 1307/1188/2 1302/1184/2 1306/1182/2
f 1132/1183/2 1146/1189/2 1147/1181/2
f 1308/1190/2 1302/1184/2 1307/1188/2
f 1411/1191/2 1322/1177/2 1410/1185/2
f 1133/1192/2 1146/1189/2 1132/1183/2
f 1105/1187/2 1118/1193/2 1119/1186/2
f 1411/1191/2 1321/1194/2 1322/1177/2
f 1106/1195/2 1118/1193/2 1105/1187/2
f 1133/1192/2 1145/1196/2 1146/1189/2
f 1308/1190/2 1301/1197/2 1302/1184/2
f 1309/1198/2 1301/1197/2 1308/1190/2
f 1412/1199/2 1321/1194/2 1411/1191/2
f 1134/1200/2 1145/1196/2 1133/1192/2
f 1106/1195/2 1117/1201/2 1118/1193/2
f 1107/1202/2 1117/1201/2 1106/1195/2
f 1310/1203/2 1301/1197/2 1309/1198/2
f 1134/1200/2 1144/1204/2 1145/1196/2
f 1413/1205/2 1321/1194/2 1412/1199/2
f 1311/631/2 1301/1197/2 1310/1203/2
f 1311/631/2 1300/1206/2 1301/1197/2
f 1135/1207/2 1144/1204/2 1134/1200/2
f 1107/1202/2 1116/1208/2 1117/1201/2
f 1108/1209/2 1116/1208/2 1107/1202/2
f 1414/1210/2 1321/1194/2 1413/1205/2
f 1414/1210/2 1320/1211/2 1321/1194/2
f 1135/1207/2 1143/1212/2 1144/1204/2
f 1312/1213/2 1300/1206/2 1311/631/2
f 1415/1214/2 1320/1211/2 1414/1210/2
f 1108/1209/2 1115/1215/2 1116/1208/2
f 1136/1216/2 1143/1212/2 1135/1207/2
f 1109/1217/2 1115/1215/2 1108/1209/2
f 1313/1218/2 1300/1206/2 1312/1213/2
f 1136/1216/2 1142/1219/2 1143/1212/2
f 1416/1220/2 1320/1211/2 1415/1214/2
f 1313/1218/2 1299/1221/2 1300/1206/2
f 1314/1222/2 1299/1221/2 1313/1218/2
f 1109/1217/2 1114/1223/2 1115/1215/2
f 1417/1224/2 1320/1211/2 1416/1220/2
f 1137/1225/2 1142/1219/2 1136/1216/2
f 1110/1226/2 1114/1223/2 1109/1217/2
f 1418/1227/2 1320/1211/2 1417/1224/2
f 1418/1227/2 1319/1228/2 1320/1211/2
f 1137/1225/2 1141/1229/2 1142/1219/2
f 1315/1230/2 1299/1221/2 1314/1222/2
f 1110/1226/2 1113/1231/2 1114/1223/2
f 1138/1232/2 1141/1229/2 1137/1225/2
f 1111/1233/2 1113/1231/2 1110/1226/2
f 1419/1234/2 1319/1228/2 1418/1227/2
f 1315/1230/2 1298/1235/2 1299/1221/2
f 1316/1236/2 1298/1235/2 1315/1230/2
f 1138/1232/2 1140/1237/2 1141/1229/2
f 1111/1233/2 1112/1238/2 1113/1231/2
f 1139/1239/2 1140/1237/2 1138/1232/2
f 1420/1240/2 1319/1228/2 1419/1234/2
f 1317/1241/2 1298/1235/2 1316/1236/2
f 1420/1240/2 1318/1242/2 1319/1228/2
f 1421/1243/2 1318/1242/2 1420/1240/2
f 1318/1242/2 1298/1235/2 1317/1241/2
f 1318/1242/2 1297/1244/2 1298/1235/2
f 1422/1245/2 1318/1242/2 1421/1243/2
f 1423/1246/2 1318/1242/2 1422/1245/2
f 1424/1247/2 1318/1242/2 1423/1246/2
f 1318/1242/2 1296/1248/2 1297/1244/2
f 1424/1247/2 1296/1248/2 1318/1242/2
f 1425/1249/2 1296/1248/2 1424/1247/2
f 1185/1101/2 1272/1127/2 1273/1126/2
f 1185/1101/2 1277/1128/2 1272/1127/2
f 1185/1101/2 1276/1129/2 1277/1128/2
f 1185/1101/2 1262/1108/2 1276/1129/2
f 1426/1250/2 1296/1248/2 1425/1249/2
f 1427/1251/2 1296/1248/2 1426/1250/2
f 1428/1252/2 1296/1248/2 1427/1251/2
f 1429/1253/2 1296/1248/2 1428/1252/2
f 1429/1253/2 1295/1254/2 1296/1248/2
f 1430/1255/2 1295/1254/2 1429/1253/2
f 1431/1256/2 1295/1254/2 1430/1255/2
f 1432/1257/2 1295/1254/2 1431/1256/2
f 1432/1257/2 1290/1258/2 1295/1254/2
f 1290/1258/2 1294/1259/2 1295/1254/2
f 1433/1260/2 1290/1258/2 1432/1257/2
f 1433/1260/2 1289/1261/2 1290/1258/2
f 1291/1262/2 1294/1259/2 1290/1258/2
f 1434/1263/2 1289/1261/2 1433/1260/2
f 1434/1263/2 1288/1264/2 1289/1261/2
f 1435/498/2 1288/1264/2 1434/1263/2
f 1291/1262/2 1293/1265/2 1294/1259/2
f 1435/498/2 1287/1266/2 1288/1264/2
f 1436/1267/2 1287/1266/2 1435/498/2
f 1436/1267/2 1286/1268/2 1287/1266/2
f 1437/1269/2 1286/1268/2 1436/1267/2
f 1437/1269/2 1285/1270/2 1286/1268/2
f 1438/1271/2 1285/1270/2 1437/1269/2
f 1186/1272/2 1262/1108/2 1185/1101/2
f 1187/545/2 1261/1273/2 1186/1272/2
f 1261/1273/2 1262/1108/2 1186/1272/2
f 1187/545/2 1260/1274/2 1261/1273/2
f 1438/1271/2 1284/1275/2 1285/1270/2
f 1291/1262/2 1292/1276/2 1293/1265/2
f 1438/1271/2 1283/1277/2 1284/1275/2
f 1439/1278/2 1283/1277/2 1438/1271/2
f 1439/1278/2 1282/1279/2 1283/1277/2
f 1439/1278/2 1281/1280/2 1282/1279/2
f 1440/1281/2 1281/1280/2 1439/1278/2
f 1440/1281/2 1280/560/2 1281/1280/2
f 1440/1281/2 1279/1282/2 1280/560/2
f 1278/1283/2 1279/1282/2 1440/1281/2
f 1187/545/2 1225/1284/2 1260/1274/2
f 1225/1284/2 1259/1285/2 1260/1274/2
f 1188/1286/2 1225/1284/2 1187/545/2
f 1188/1286/2 1222/1287/2 1225/1284/2
f 1222/1287/2 1224/1288/2 1225/1284/2
f 1226/1289/2 1259/1285/2 1225/1284/2
f 1152/1290/2 1176/1291/2 1177/1292/2
f 1226/1289/2 1258/1293/2 1259/1285/2
f 1189/1294/2 1222/1287/2 1188/1286/2
f 1153/1295/2 1176/1291/2 1152/1290/2
f 1153/1295/2 1175/1296/2 1176/1291/2
f 1189/1294/2 1221/1297/2 1222/1287/2
f 1223/1298/2 1224/1288/2 1222/1287/2
f 1227/1299/2 1258/1293/2 1226/1289/2
f 1227/1299/2 1257/1300/2 1258/1293/2
f 1154/1301/2 1175/1296/2 1153/1295/2
f 1154/1301/2 1174/1302/2 1175/1296/2
f 1190/1303/2 1221/1297/2 1189/1294/2
f 1190/1303/2 1220/1304/2 1221/1297/2
f 1228/1305/2 1257/1300/2 1227/1299/2
f 1155/1306/2 1174/1302/2 1154/1301/2
f 1155/1306/2 1173/1307/2 1174/1302/2
f 1228/1305/2 1256/1308/2 1257/1300/2
f 1191/1309/2 1220/1304/2 1190/1303/2
f 1156/563/2 1173/1307/2 1155/1306/2
f 1156/563/2 1172/1310/2 1173/1307/2
f 1191/1309/2 1219/1311/2 1220/1304/2
f 1229/1312/2 1256/1308/2 1228/1305/2
f 1229/1312/2 1255/1313/2 1256/1308/2
f 1192/1314/2 1219/1311/2 1191/1309/2
f 1157/1315/2 1172/1310/2 1156/563/2
f 1157/1315/2 1171/1316/2 1172/1310/2
f 1192/1314/2 1218/592/2 1219/1311/2
f 1230/1317/2 1255/1313/2 1229/1312/2
f 1230/1317/2 1254/1318/2 1255/1313/2
f 1158/1319/2 1171/1316/2 1157/1315/2
f 1193/1320/2 1218/592/2 1192/1314/2
f 1158/1319/2 1170/1321/2 1171/1316/2
f 1193/1320/2 1217/1322/2 1218/592/2
f 1230/1317/2 1253/1323/2 1254/1318/2
f 1231/1324/2 1253/1323/2 1230/1317/2
f 1159/1325/2 1170/1321/2 1158/1319/2
f 1159/1325/2 1169/1326/2 1170/1321/2
f 1194/1327/2 1217/1322/2 1193/1320/2
f 1231/1324/2 1252/1328/2 1253/1323/2
f 1194/1327/2 1216/1329/2 1217/1322/2
f 1160/1330/2 1169/1326/2 1159/1325/2
f 1160/1330/2 1168/1331/2 1169/1326/2
f 1232/1332/2 1252/1328/2 1231/1324/2
f 1195/1333/2 1216/1329/2 1194/1327/2
f 1232/1332/2 1251/1334/2 1252/1328/2
f 1161/1335/2 1168/1331/2 1160/1330/2
f 1161/1335/2 1167/1336/2 1168/1331/2
f 1195/1333/2 1215/1337/2 1216/1329/2
f 1196/1338/2 1215/1337/2 1195/1333/2
f 1233/1339/2 1251/1334/2 1232/1332/2
f 1233/1339/2 1250/1340/2 1251/1334/2
f 1161/1335/2 1166/1341/2 1167/1336/2
f 1162/1342/2 1166/1341/2 1161/1335/2
f 1197/1343/2 1215/1337/2 1196/1338/2
f 1197/1343/2 1214/1344/2 1215/1337/2
f 1234/1345/2 1250/1340/2 1233/1339/2
f 1234/1345/2 1249/647/2 1250/1340/2
f 1162/1342/2 1165/1346/2 1166/1341/2
f 1163/1347/2 1165/1346/2 1162/1342/2
f 1198/1348/2 1214/1344/2 1197/1343/2
f 1198/1348/2 1213/1349/2 1214/1344/2
f 1234/1345/2 1248/1350/2 1249/647/2
f 1163/1347/2 1164/1351/2 1165/1346/2
f 1234/1345/2 1247/1352/2 1248/1350/2
f 1199/1353/2 1213/1349/2 1198/1348/2
f 1235/1354/2 1247/1352/2 1234/1345/2
f 1235/1354/2 1246/1355/2 1247/1352/2
f 1200/1356/2 1213/1349/2 1199/1353/2
f 1235/1354/2 1245/1357/2 1246/1355/2
f 1201/1358/2 1213/1349/2 1200/1356/2
f 1235/1354/2 1244/1359/2 1245/1357/2
f 1201/1358/2 1212/1360/2 1213/1349/2
f 1202/1361/2 1212/1360/2 1201/1358/2
f 1235/1354/2 1243/1362/2 1244/1359/2
f 1203/1363/2 1212/1360/2 1202/1361/2
f 1236/1364/2 1243/1362/2 1235/1354/2
f 1236/1364/2 1242/1365/2 1243/1362/2
f 1204/1366/2 1212/1360/2 1203/1363/2
f 1236/1364/2 1241/1367/2 1242/1365/2
f 1205/1368/2 1212/1360/2 1204/1366/2
f 1205/1368/2 1211/1369/2 1212/1360/2
f 1236/1364/2 1240/1370/2 1241/1367/2
f 1206/1371/2 1211/1369/2 1205/1368/2
f 1237/1372/2 1238/1373/2 1236/1364/2
f 1238/1373/2 1239/1374/2 1236/1364/2
f 1239/1374/2 1240/1370/2 1236/1364/2
f 1207/1375/2 1211/1369/2 1206/1371/2
f 1208/1376/2 1211/1369/2 1207/1375/2
f 1208/1376/2 1209/1377/2 1211/1369/2
f 1209/1377/2 1210/1378/2 1211/1369/2
f 1441/1379/2 1465/1380/2 1466/86/2
f 1442/1381/2 1465/1380/2 1441/1379/2
f 1442/1381/2 1464/1382/2 1465/1380/2
f 1443/1383/2 1464/1382/2 1442/1381/2
f 1443/1383/2 1463/1384/2 1464/1382/2
f 1444/1385/2 1463/1384/2 1443/1383/2
f 1444/1385/2 1462/1386/2 1463/1384/2
f 1445/1387/2 1462/1386/2 1444/1385/2
f 1445/1387/2 1461/1388/2 1462/1386/2
f 1446/1389/2 1461/1388/2 1445/1387/2
f 1446/1389/2 1460/1390/2 1461/1388/2
f 1447/1391/2 1460/1390/2 1446/1389/2
f 1447/1391/2 1459/1392/2 1460/1390/2
f 1448/1393/2 1459/1392/2 1447/1391/2
f 1448/1393/2 1458/1394/2 1459/1392/2
f 1449/1395/2 1458/1394/2 1448/1393/2
f 1449/1395/2 1457/1396/2 1458/1394/2
f 1450/1397/2 1457/1396/2 1449/1395/2
f 1450/1397/2 1456/1398/2 1457/1396/2
f 1451/1399/2 1456/1398/2 1450/1397/2
f 1451/1399/2 1455/1400/2 1456/1398/2
f 1452/1401/2 1455/1400/2 1451/1399/2
f 1452/1401/2 1454/1402/2 1455/1400/2
f 1453/1403/2 1454/1402/2 1452/1401/2
f 1064/1404/2 1099/1405/2 1063/87/2
f 1064/1404/2 1098/1406/2 1099/1405/2
f 1065/1407/2 1098/1406/2 1064/1404/2
f 1065/1407/2 1097/1408/2 1098/1406/2
f 1066/1409/2 1097/1408/2 1065/1407/2
f 1066/1409/2 1096/1410/2 1097/1408/2
f 1067/1411/2 1096/1410/2 1066/1409/2
f 1067/1411/2 1095/1412/2 1096/1410/2
f 1068/1413/2 1095/1412/2 1067/1411/2
f 1068/1413/2 1094/493/2 1095/1412/2
f 1069/1414/2 1094/493/2 1068/1413/2
f 1069/1414/2 1093/1415/2 1094/493/2
f 1070/1416/2 1093/1415/2 1069/1414/2
f 1070/1416/2 1092/1417/2 1093/1415/2
f 1071/1418/2 1092/1417/2 1070/1416/2
f 1071/1418/2 1091/1419/2 1092/1417/2
f 1072/1420/2 1091/1419/2 1071/1418/2
f 1073/1421/2 1091/1419/2 1072/1420/2
f 1073/1421/2 1090/1422/2 1091/1419/2
f 1074/1423/2 1090/1422/2 1073/1421/2
f 1074/1423/2 1089/1424/2 1090/1422/2
f 1075/1425/2 1089/1424/2 1074/1423/2
f 1075/1425/2 1088/1426/2 1089/1424/2
f 1076/1427/2 1088/1426/2 1075/1425/2
f 1077/1428/2 1088/1426/2 1076/1427/2
f 1078/1429/2 1088/1426/2 1077/1428/2
f 1079/1430/2 1088/1426/2 1078/1429/2
f 1079/1430/2 1080/1431/2 1088/1426/2
f 1080/1431/2 1081/1432/2 1088/1426/2
f 1081/1432/2 1082/1433/2 1088/1426/2
f 1082/1433/2 1083/1434/2 1088/1426/2
f 1083/1434/2 1084/1435/2 1088/1426/2
f 1084/1435/2 1085/1436/2 1088/1426/2
f 1085/1436/2 1086/1437/2 1088/1426/2
f 1086/1437/2 1087/1438/2 1088/1426/2
