# Blender 4.4.1
# www.blender.org
mtllib Ose.mtl
o テキスト
v -1.059950 -0.257113 -0.100000
v -1.058347 -0.264903 -0.100000
v -1.055766 -0.272297 -0.100000
v -1.052278 -0.279222 -0.100000
v -1.047957 -0.285606 -0.100000
v -1.042875 -0.291375 -0.100000
v -1.037106 -0.296457 -0.100000
v -1.030722 -0.300778 -0.100000
v -1.023797 -0.304266 -0.100000
v -1.016403 -0.306847 -0.100000
v -1.008613 -0.308450 -0.100000
v -1.000500 -0.309000 -0.100000
v -0.992387 -0.308450 -0.100000
v -0.984597 -0.306847 -0.100000
v -0.977203 -0.304266 -0.100000
v -0.970278 -0.300778 -0.100000
v -0.963894 -0.296457 -0.100000
v -0.958125 -0.291375 -0.100000
v -0.953043 -0.285606 -0.100000
v -0.948722 -0.279222 -0.100000
v -0.945234 -0.272297 -0.100000
v -0.942653 -0.264903 -0.100000
v -0.941050 -0.257113 -0.100000
v -0.940500 -0.249000 -0.100000
v -0.941050 -0.240887 -0.100000
v -0.942653 -0.233097 -0.100000
v -0.945234 -0.225703 -0.100000
v -0.948722 -0.218778 -0.100000
v -0.953043 -0.212394 -0.100000
v -0.958125 -0.206625 -0.100000
v -0.963894 -0.201543 -0.100000
v -0.970278 -0.197222 -0.100000
v -0.977203 -0.193734 -0.100000
v -0.984597 -0.191153 -0.100000
v -0.992387 -0.189550 -0.100000
v -1.000500 -0.189000 -0.100000
v -1.008613 -0.189550 -0.100000
v -1.016403 -0.191153 -0.100000
v -1.023797 -0.193734 -0.100000
v -1.030722 -0.197222 -0.100000
v -1.037106 -0.201543 -0.100000
v -1.042875 -0.206625 -0.100000
v -1.047957 -0.212394 -0.100000
v -1.052278 -0.218778 -0.100000
v -1.055766 -0.225703 -0.100000
v -1.058347 -0.233097 -0.100000
v -1.059950 -0.240887 -0.100000
v -1.060500 -0.249000 -0.100000
v -1.008584 0.389979 -0.100000
v -1.016843 0.386912 -0.100000
v -1.024281 0.381797 -0.100000
v -1.030907 0.374630 -0.100000
v -1.036728 0.365407 -0.100000
v -1.041750 0.354125 -0.100000
v -1.045980 0.340781 -0.100000
v -1.049426 0.325370 -0.100000
v -1.052094 0.307891 -0.100000
v -1.053991 0.288338 -0.100000
v -1.055124 0.266709 -0.100000
v -1.055500 0.243000 -0.100000
v -1.055459 0.232167 -0.100000
v -1.055333 0.221671 -0.100000
v -1.055125 0.211516 -0.100000
v -1.054833 0.201704 -0.100000
v -1.054458 0.192239 -0.100000
v -1.054000 0.183125 -0.100000
v -1.053458 0.174365 -0.100000
v -1.052833 0.165963 -0.100000
v -1.052125 0.157922 -0.100000
v -1.051333 0.150245 -0.100000
v -1.050458 0.142937 -0.100000
v -1.049500 0.136000 -0.100000
v -1.024500 -0.036000 -0.100000
v -1.022996 -0.046483 -0.100000
v -1.021468 -0.055944 -0.100000
v -1.019891 -0.064406 -0.100000
v -1.018241 -0.071889 -0.100000
v -1.016494 -0.078413 -0.100000
v -1.014625 -0.084000 -0.100000
v -1.012611 -0.088670 -0.100000
v -1.010426 -0.092444 -0.100000
v -1.008047 -0.095344 -0.100000
v -1.005449 -0.097389 -0.100000
v -1.002608 -0.098601 -0.100000
v -0.999500 -0.099000 -0.100000
v -0.996392 -0.098601 -0.100000
v -0.993551 -0.097389 -0.100000
v -0.990953 -0.095344 -0.100000
v -0.988574 -0.092444 -0.100000
v -0.986389 -0.088670 -0.100000
v -0.984375 -0.084000 -0.100000
v -0.982506 -0.078413 -0.100000
v -0.980759 -0.071889 -0.100000
v -0.979109 -0.064406 -0.100000
v -0.977532 -0.055944 -0.100000
v -0.976004 -0.046483 -0.100000
v -0.974500 -0.036000 -0.100000
v -0.949500 0.136000 -0.100000
v -0.948542 0.142937 -0.100000
v -0.947667 0.150245 -0.100000
v -0.946875 0.157922 -0.100000
v -0.946167 0.165963 -0.100000
v -0.945542 0.174365 -0.100000
v -0.945000 0.183125 -0.100000
v -0.944542 0.192239 -0.100000
v -0.944167 0.201704 -0.100000
v -0.943875 0.211516 -0.100000
v -0.943667 0.221671 -0.100000
v -0.943542 0.232167 -0.100000
v -0.943500 0.243000 -0.100000
v -0.943876 0.266709 -0.100000
v -0.945009 0.288338 -0.100000
v -0.946906 0.307891 -0.100000
v -0.949574 0.325370 -0.100000
v -0.953020 0.340781 -0.100000
v -0.957250 0.354125 -0.100000
v -0.962272 0.365407 -0.100000
v -0.968093 0.374630 -0.100000
v -0.974719 0.381797 -0.100000
v -0.982157 0.386912 -0.100000
v -0.990416 0.389979 -0.100000
v -0.999500 0.391000 -0.100000
v -0.126500 0.216000 -0.100000
v -0.127500 0.355000 -0.100000
v -0.127458 0.362593 -0.100000
v -0.127333 0.369907 -0.100000
v -0.127125 0.377000 -0.100000
v -0.126833 0.383926 -0.100000
v -0.126458 0.390741 -0.100000
v -0.126000 0.397500 -0.100000
v -0.125458 0.404259 -0.100000
v -0.124833 0.411074 -0.100000
v -0.124125 0.418000 -0.100000
v -0.123333 0.425093 -0.100000
v -0.122458 0.432407 -0.100000
v -0.121500 0.440000 -0.100000
v -0.208500 0.440000 -0.100000
v -0.208001 0.434167 -0.100000
v -0.207509 0.428167 -0.100000
v -0.207031 0.422000 -0.100000
v -0.206574 0.415667 -0.100000
v -0.206145 0.409167 -0.100000
v -0.205750 0.402500 -0.100000
v -0.205397 0.395667 -0.100000
v -0.205093 0.388667 -0.100000
v -0.204844 0.381500 -0.100000
v -0.204657 0.374167 -0.100000
v -0.204541 0.366667 -0.100000
v -0.204500 0.359000 -0.100000
v -0.203500 0.224000 -0.100000
v -0.228359 0.226289 -0.100000
v -0.253875 0.228648 -0.100000
v -0.279953 0.231063 -0.100000
v -0.306500 0.233519 -0.100000
v -0.333422 0.236002 -0.100000
v -0.360625 0.238500 -0.100000
v -0.388016 0.240998 -0.100000
v -0.415500 0.243482 -0.100000
v -0.442984 0.245938 -0.100000
v -0.470375 0.248352 -0.100000
v -0.497578 0.250711 -0.100000
v -0.524500 0.253000 -0.100000
v -0.524500 0.396000 -0.100000
v -0.524459 0.401773 -0.100000
v -0.524338 0.408014 -0.100000
v -0.524141 0.414609 -0.100000
v -0.523870 0.421444 -0.100000
v -0.523531 0.428405 -0.100000
v -0.523125 0.435375 -0.100000
v -0.522657 0.442241 -0.100000
v -0.522130 0.448889 -0.100000
v -0.521547 0.455203 -0.100000
v -0.520912 0.461069 -0.100000
v -0.520229 0.466373 -0.100000
v -0.519500 0.471000 -0.100000
v -0.604500 0.471000 -0.100000
v -0.603791 0.466413 -0.100000
v -0.603157 0.461222 -0.100000
v -0.602594 0.455531 -0.100000
v -0.602093 0.449444 -0.100000
v -0.601647 0.443066 -0.100000
v -0.601250 0.436500 -0.100000
v -0.600895 0.429851 -0.100000
v -0.600574 0.423222 -0.100000
v -0.600281 0.416719 -0.100000
v -0.600009 0.410444 -0.100000
v -0.599751 0.404504 -0.100000
v -0.599500 0.399000 -0.100000
v -0.597500 0.259000 -0.100000
v -0.708500 0.266000 -0.100000
v -0.715038 0.266499 -0.100000
v -0.721639 0.266995 -0.100000
v -0.728281 0.267484 -0.100000
v -0.734945 0.267963 -0.100000
v -0.741608 0.268428 -0.100000
v -0.748250 0.268875 -0.100000
v -0.754851 0.269302 -0.100000
v -0.761389 0.269704 -0.100000
v -0.767844 0.270078 -0.100000
v -0.774195 0.270421 -0.100000
v -0.780420 0.270730 -0.100000
v -0.786500 0.271000 -0.100000
v -0.786500 0.193000 -0.100000
v -0.782062 0.193210 -0.100000
v -0.776829 0.193347 -0.100000
v -0.770922 0.193422 -0.100000
v -0.764463 0.193444 -0.100000
v -0.757574 0.193425 -0.100000
v -0.750375 0.193375 -0.100000
v -0.742989 0.193304 -0.100000
v -0.735537 0.193222 -0.100000
v -0.728141 0.193141 -0.100000
v -0.720921 0.193069 -0.100000
v -0.714001 0.193019 -0.100000
v -0.707500 0.193000 -0.100000
v -0.699835 0.192729 -0.100000
v -0.691843 0.192417 -0.100000
v -0.683531 0.192062 -0.100000
v -0.674908 0.191667 -0.100000
v -0.665978 0.191229 -0.100000
v -0.656750 0.190750 -0.100000
v -0.647230 0.190229 -0.100000
v -0.637426 0.189667 -0.100000
v -0.627344 0.189062 -0.100000
v -0.616991 0.188417 -0.100000
v -0.606374 0.187729 -0.100000
v -0.595500 0.187000 -0.100000
v -0.594995 0.168450 -0.100000
v -0.594463 0.149435 -0.100000
v -0.593875 0.130156 -0.100000
v -0.593204 0.110815 -0.100000
v -0.592421 0.091612 -0.100000
v -0.591500 0.072750 -0.100000
v -0.590412 0.054429 -0.100000
v -0.589130 0.036852 -0.100000
v -0.587625 0.020219 -0.100000
v -0.585870 0.004731 -0.100000
v -0.583838 -0.009409 -0.100000
v -0.581500 -0.022000 -0.100000
v -0.578973 -0.032365 -0.100000
v -0.575866 -0.041500 -0.100000
v -0.572141 -0.049469 -0.100000
v -0.567759 -0.056333 -0.100000
v -0.562684 -0.062156 -0.100000
v -0.556875 -0.067000 -0.100000
v -0.550296 -0.070927 -0.100000
v -0.542907 -0.074000 -0.100000
v -0.534672 -0.076281 -0.100000
v -0.525551 -0.077833 -0.100000
v -0.515506 -0.078719 -0.100000
v -0.504500 -0.079000 -0.100000
v -0.494856 -0.078820 -0.100000
v -0.484097 -0.078310 -0.100000
v -0.472484 -0.077516 -0.100000
v -0.460278 -0.076481 -0.100000
v -0.447738 -0.075253 -0.100000
v -0.435125 -0.073875 -0.100000
v -0.422700 -0.072393 -0.100000
v -0.410722 -0.070852 -0.100000
v -0.399453 -0.069297 -0.100000
v -0.389153 -0.067773 -0.100000
v -0.380082 -0.066326 -0.100000
v -0.372500 -0.065000 -0.100000
v -0.374500 0.004000 -0.100000
v -0.383171 0.002064 -0.100000
v -0.392116 0.000259 -0.100000
v -0.401235 -0.001406 -0.100000
v -0.410426 -0.002926 -0.100000
v -0.419590 -0.004293 -0.100000
v -0.428625 -0.005500 -0.100000
v -0.437431 -0.006541 -0.100000
v -0.445908 -0.007407 -0.100000
v -0.453953 -0.008094 -0.100000
v -0.461468 -0.008593 -0.100000
v -0.468350 -0.008897 -0.100000
v -0.474500 -0.009000 -0.100000
v -0.480232 -0.008908 -0.100000
v -0.485440 -0.008597 -0.100000
v -0.490141 -0.008016 -0.100000
v -0.494352 -0.007111 -0.100000
v -0.498091 -0.005832 -0.100000
v -0.501375 -0.004125 -0.100000
v -0.504222 -0.001939 -0.100000
v -0.506648 0.000778 -0.100000
v -0.508672 0.004078 -0.100000
v -0.510310 0.008014 -0.100000
v -0.511580 0.012637 -0.100000
v -0.512500 0.018000 -0.100000
v -0.513729 0.026956 -0.100000
v -0.514912 0.037231 -0.100000
v -0.516047 0.048688 -0.100000
v -0.517130 0.061185 -0.100000
v -0.518157 0.074586 -0.100000
v -0.519125 0.088750 -0.100000
v -0.520031 0.103539 -0.100000
v -0.520870 0.118815 -0.100000
v -0.521641 0.134438 -0.100000
v -0.522338 0.150269 -0.100000
v -0.522959 0.166169 -0.100000
v -0.523500 0.182000 -0.100000
v -0.497476 0.179920 -0.100000
v -0.470977 0.177694 -0.100000
v -0.444109 0.175344 -0.100000
v -0.416982 0.172889 -0.100000
v -0.389701 0.170351 -0.100000
v -0.362375 0.167750 -0.100000
v -0.335112 0.165108 -0.100000
v -0.308019 0.162444 -0.100000
v -0.281203 0.159781 -0.100000
v -0.254773 0.157139 -0.100000
v -0.228836 0.154538 -0.100000
v -0.203500 0.152000 -0.100000
v -0.203271 0.126267 -0.100000
v -0.203083 0.100722 -0.100000
v -0.202938 0.075594 -0.100000
v -0.202833 0.051111 -0.100000
v -0.202771 0.027503 -0.100000
v -0.202750 0.005000 -0.100000
v -0.202771 -0.016170 -0.100000
v -0.202833 -0.035778 -0.100000
v -0.202938 -0.053594 -0.100000
v -0.203083 -0.069389 -0.100000
v -0.203271 -0.082934 -0.100000
v -0.203500 -0.094000 -0.100000
v -0.204329 -0.119560 -0.100000
v -0.205713 -0.142315 -0.100000
v -0.208250 -0.162375 -0.100000
v -0.212537 -0.179852 -0.100000
v -0.219171 -0.194856 -0.100000
v -0.228750 -0.207500 -0.100000
v -0.241870 -0.217894 -0.100000
v -0.259130 -0.226148 -0.100000
v -0.281125 -0.232375 -0.100000
v -0.308454 -0.236685 -0.100000
v -0.341713 -0.239190 -0.100000
v -0.381500 -0.240000 -0.100000
v -0.408790 -0.239757 -0.100000
v -0.436486 -0.239056 -0.100000
v -0.464328 -0.237938 -0.100000
v -0.492056 -0.236444 -0.100000
v -0.519408 -0.234618 -0.100000
v -0.546125 -0.232500 -0.100000
v -0.571946 -0.230132 -0.100000
v -0.596611 -0.227556 -0.100000
v -0.619859 -0.224813 -0.100000
v -0.641431 -0.221944 -0.100000
v -0.661064 -0.218993 -0.100000
v -0.678500 -0.216000 -0.100000
v -0.675500 -0.301000 -0.100000
v -0.657648 -0.302785 -0.100000
v -0.637769 -0.304616 -0.100000
v -0.616125 -0.306453 -0.100000
v -0.592982 -0.308259 -0.100000
v -0.568602 -0.309996 -0.100000
v -0.543250 -0.311625 -0.100000
v -0.517190 -0.313108 -0.100000
v -0.490685 -0.314407 -0.100000
v -0.464000 -0.315484 -0.100000
v -0.437398 -0.316301 -0.100000
v -0.411144 -0.316819 -0.100000
v -0.385500 -0.317000 -0.100000
v -0.331993 -0.315865 -0.100000
v -0.286528 -0.312338 -0.100000
v -0.248438 -0.306234 -0.100000
v -0.217056 -0.297370 -0.100000
v -0.191715 -0.285562 -0.100000
v -0.171750 -0.270625 -0.100000
v -0.156493 -0.252376 -0.100000
v -0.145278 -0.230630 -0.100000
v -0.137438 -0.205203 -0.100000
v -0.132306 -0.175912 -0.100000
v -0.129215 -0.142572 -0.100000
v -0.127500 -0.105000 -0.100000
v -0.127270 -0.092977 -0.100000
v -0.127079 -0.078569 -0.100000
v -0.126922 -0.062016 -0.100000
v -0.126796 -0.043556 -0.100000
v -0.126699 -0.023429 -0.100000
v -0.126625 -0.001875 -0.100000
v -0.126572 0.020866 -0.100000
v -0.126537 0.044556 -0.100000
v -0.126516 0.068953 -0.100000
v -0.126505 0.093819 -0.100000
v -0.126501 0.118915 -0.100000
v -0.126500 0.144000 -0.100000
v -0.019500 0.132000 -0.100000
v -0.011516 0.130961 -0.100000
v -0.003130 0.129852 -0.100000
v 0.005562 0.128688 -0.100000
v 0.014463 0.127482 -0.100000
v 0.023474 0.126248 -0.100000
v 0.032500 0.125000 -0.100000
v 0.041442 0.123752 -0.100000
v 0.050204 0.122519 -0.100000
v 0.058687 0.121312 -0.100000
v 0.066796 0.120148 -0.100000
v 0.074433 0.119039 -0.100000
v 0.081500 0.118000 -0.100000
v 0.090500 0.200000 -0.100000
v 0.082629 0.200042 -0.100000
v 0.074532 0.200167 -0.100000
v 0.066234 0.200375 -0.100000
v 0.057759 0.200667 -0.100000
v 0.049131 0.201042 -0.100000
v 0.040375 0.201500 -0.100000
v 0.031514 0.202042 -0.100000
v 0.022574 0.202667 -0.100000
v 0.013578 0.203375 -0.100000
v 0.004551 0.204167 -0.100000
v -0.004483 0.205042 -0.100000
v -0.013500 0.206000 -0.100000
v 0.226500 0.178000 -0.100000
v 0.239978 0.190175 -0.100000
v 0.255662 0.203069 -0.100000
v 0.273172 0.216484 -0.100000
v 0.292130 0.230222 -0.100000
v 0.312157 0.244085 -0.100000
v 0.332875 0.257875 -0.100000
v 0.353906 0.271394 -0.100000
v 0.374870 0.284444 -0.100000
v 0.395391 0.296828 -0.100000
v 0.415088 0.308347 -0.100000
v 0.433584 0.318804 -0.100000
v 0.450500 0.328000 -0.100000
v 0.414500 0.388000 -0.100000
v 0.396015 0.377909 -0.100000
v 0.376287 0.366769 -0.100000
v 0.355656 0.354781 -0.100000
v 0.334463 0.342148 -0.100000
v 0.313047 0.329071 -0.100000
v 0.291750 0.315750 -0.100000
v 0.270911 0.302388 -0.100000
v 0.250870 0.289185 -0.100000
v 0.231969 0.276344 -0.100000
v 0.214546 0.264065 -0.100000
v 0.198943 0.252550 -0.100000
v 0.185500 0.242000 -0.100000
v 0.951100 -0.173336 -0.100000
v 0.947134 -0.184269 -0.100000
v 0.940953 -0.194688 -0.100000
v 0.932907 -0.204481 -0.100000
v 0.923348 -0.213539 -0.100000
v 0.912625 -0.221750 -0.100000
v 0.901090 -0.229002 -0.100000
v 0.889093 -0.235185 -0.100000
v 0.876984 -0.240188 -0.100000
v 0.865116 -0.243898 -0.100000
v 0.853837 -0.246206 -0.100000
v 0.843500 -0.247000 -0.100000
v 0.837960 -0.246666 -0.100000
v 0.832847 -0.245662 -0.100000
v 0.828172 -0.243984 -0.100000
v 0.823944 -0.241630 -0.100000
v 0.820175 -0.238594 -0.100000
v 0.816875 -0.234875 -0.100000
v 0.814054 -0.230468 -0.100000
v 0.811722 -0.225370 -0.100000
v 0.809891 -0.219578 -0.100000
v 0.808569 -0.213088 -0.100000
v 0.807769 -0.205896 -0.100000
v 0.807500 -0.198000 -0.100000
v 0.810500 -0.021000 -0.100000
v 0.830309 -0.030898 -0.100000
v 0.849143 -0.041514 -0.100000
v 0.866859 -0.052734 -0.100000
v 0.883315 -0.064444 -0.100000
v 0.898367 -0.076530 -0.100000
v 0.911875 -0.088875 -0.100000
v 0.923695 -0.101366 -0.100000
v 0.933685 -0.113889 -0.100000
v 0.941703 -0.126328 -0.100000
v 0.947606 -0.138569 -0.100000
v 0.951253 -0.150498 -0.100000
v 0.952500 -0.162000 -0.100000
v 0.880688 0.311021 -0.100000
v 0.874755 0.311083 -0.100000
v 0.868703 0.311187 -0.100000
v 0.862537 0.311333 -0.100000
v 0.856260 0.311521 -0.100000
v 0.849875 0.311750 -0.100000
v 0.843386 0.312021 -0.100000
v 0.836796 0.312333 -0.100000
v 0.830109 0.312688 -0.100000
v 0.823329 0.313083 -0.100000
v 0.816458 0.313521 -0.100000
v 0.809500 0.314000 -0.100000
v 0.808500 0.428000 -0.100000
v 0.808541 0.433274 -0.100000
v 0.808662 0.439023 -0.100000
v 0.808859 0.445141 -0.100000
v 0.809130 0.451519 -0.100000
v 0.809469 0.458049 -0.100000
v 0.809875 0.464625 -0.100000
v 0.810343 0.471138 -0.100000
v 0.810870 0.477482 -0.100000
v 0.811453 0.483547 -0.100000
v 0.812088 0.489227 -0.100000
v 0.812771 0.494414 -0.100000
v 0.813500 0.499000 -0.100000
v 0.724500 0.499000 -0.100000
v 0.725249 0.494300 -0.100000
v 0.725991 0.489236 -0.100000
v 0.726719 0.483859 -0.100000
v 0.727426 0.478222 -0.100000
v 0.728105 0.472377 -0.100000
v 0.728750 0.466375 -0.100000
v 0.729353 0.460269 -0.100000
v 0.729907 0.454111 -0.100000
v 0.730406 0.447953 -0.100000
v 0.730843 0.441847 -0.100000
v 0.731209 0.435845 -0.100000
v 0.731500 0.430000 -0.100000
v 0.735500 0.322000 -0.100000
v 0.717200 0.324353 -0.100000
v 0.698852 0.326907 -0.100000
v 0.680531 0.329656 -0.100000
v 0.662315 0.332593 -0.100000
v 0.644279 0.335710 -0.100000
v 0.626500 0.339000 -0.100000
v 0.609054 0.342457 -0.100000
v 0.592018 0.346074 -0.100000
v 0.575469 0.349844 -0.100000
v 0.559481 0.353759 -0.100000
v 0.544133 0.357814 -0.100000
v 0.529500 0.362000 -0.100000
v 0.527500 0.284000 -0.100000
v 0.542632 0.280523 -0.100000
v 0.558472 0.277102 -0.100000
v 0.574937 0.273750 -0.100000
v 0.591944 0.270482 -0.100000
v 0.609410 0.267310 -0.100000
v 0.627250 0.264250 -0.100000
v 0.645382 0.261315 -0.100000
v 0.663722 0.258519 -0.100000
v 0.682187 0.255875 -0.100000
v 0.700694 0.253398 -0.100000
v 0.719160 0.251102 -0.100000
v 0.737500 0.249000 -0.100000
v 0.739500 0.114000 -0.100000
v 0.739500 0.079000 -0.100000
v 0.720466 0.084770 -0.100000
v 0.701398 0.090074 -0.100000
v 0.682344 0.094906 -0.100000
v 0.663352 0.099259 -0.100000
v 0.644471 0.103126 -0.100000
v 0.625750 0.106500 -0.100000
v 0.607237 0.109374 -0.100000
v 0.588981 0.111741 -0.100000
v 0.571031 0.113594 -0.100000
v 0.553435 0.114926 -0.100000
v 0.536242 0.115730 -0.100000
v 0.519500 0.116000 -0.100000
v 0.483891 0.114376 -0.100000
v 0.450213 0.109593 -0.100000
v 0.418687 0.101781 -0.100000
v 0.389537 0.091074 -0.100000
v 0.362984 0.077603 -0.100000
v 0.339250 0.061500 -0.100000
v 0.318558 0.042897 -0.100000
v 0.301130 0.021926 -0.100000
v 0.287187 -0.001281 -0.100000
v 0.276954 -0.026593 -0.100000
v 0.270650 -0.053876 -0.100000
v 0.268500 -0.083000 -0.100000
v 0.270074 -0.112333 -0.100000
v 0.274764 -0.139833 -0.100000
v 0.282515 -0.165500 -0.100000
v 0.293278 -0.189333 -0.100000
v 0.306998 -0.211333 -0.100000
v 0.323625 -0.231500 -0.100000
v 0.343106 -0.249833 -0.100000
v 0.365389 -0.266333 -0.100000
v 0.390422 -0.281000 -0.100000
v 0.418153 -0.293833 -0.100000
v 0.448529 -0.304833 -0.100000
v 0.481500 -0.314000 -0.100000
v 0.492724 -0.316338 -0.100000
v 0.503880 -0.318370 -0.100000
v 0.514937 -0.320125 -0.100000
v 0.525870 -0.321630 -0.100000
v 0.536650 -0.322912 -0.100000
v 0.547250 -0.324000 -0.100000
v 0.557641 -0.324921 -0.100000
v 0.567796 -0.325704 -0.100000
v 0.577687 -0.326375 -0.100000
v 0.587287 -0.326963 -0.100000
v 0.596567 -0.327495 -0.100000
v 0.605500 -0.328000 -0.100000
v 0.633500 -0.247000 -0.100000
v 0.624132 -0.247225 -0.100000
v 0.614555 -0.247384 -0.100000
v 0.604812 -0.247453 -0.100000
v 0.594944 -0.247407 -0.100000
v 0.584993 -0.247223 -0.100000
v 0.575000 -0.246875 -0.100000
v 0.565007 -0.246340 -0.100000
v 0.555055 -0.245593 -0.100000
v 0.545187 -0.244609 -0.100000
v 0.535444 -0.243366 -0.100000
v 0.525868 -0.241837 -0.100000
v 0.516500 -0.240000 -0.100000
v 0.494708 -0.235116 -0.100000
v 0.473500 -0.228931 -0.100000
v 0.453125 -0.221391 -0.100000
v 0.433833 -0.212444 -0.100000
v 0.415875 -0.202040 -0.100000
v 0.399500 -0.190125 -0.100000
v 0.384958 -0.176648 -0.100000
v 0.372500 -0.161556 -0.100000
v 0.362375 -0.144797 -0.100000
v 0.354833 -0.126319 -0.100000
v 0.350125 -0.106071 -0.100000
v 0.348500 -0.084000 -0.100000
v 0.350070 -0.063567 -0.100000
v 0.354643 -0.044782 -0.100000
v 0.362015 -0.027672 -0.100000
v 0.371981 -0.012259 -0.100000
v 0.384336 0.001431 -0.100000
v 0.398875 0.013375 -0.100000
v 0.415393 0.023548 -0.100000
v 0.433685 0.031926 -0.100000
v 0.453547 0.038484 -0.100000
v 0.474773 0.043199 -0.100000
v 0.497159 0.046046 -0.100000
v 0.520500 0.047000 -0.100000
v 0.539170 0.046710 -0.100000
v 0.557690 0.045847 -0.100000
v 0.576078 0.044422 -0.100000
v 0.594352 0.042444 -0.100000
v 0.612528 0.039925 -0.100000
v 0.630625 0.036875 -0.100000
v 0.648659 0.033304 -0.100000
v 0.666648 0.029222 -0.100000
v 0.684609 0.024641 -0.100000
v 0.702560 0.019569 -0.100000
v 0.720518 0.014019 -0.100000
v 0.738500 0.008000 -0.100000
v 0.734500 -0.209000 -0.100000
v 0.735200 -0.230957 -0.100000
v 0.737268 -0.250403 -0.100000
v 0.740656 -0.267453 -0.100000
v 0.745315 -0.282222 -0.100000
v 0.751196 -0.294825 -0.100000
v 0.758250 -0.305375 -0.100000
v 0.766429 -0.313988 -0.100000
v 0.775685 -0.320778 -0.100000
v 0.785969 -0.325859 -0.100000
v 0.797231 -0.329347 -0.100000
v 0.809425 -0.331356 -0.100000
v 0.822500 -0.332000 -0.100000
v 0.842978 -0.330434 -0.100000
v 0.864991 -0.325884 -0.100000
v 0.887906 -0.318578 -0.100000
v 0.911092 -0.308741 -0.100000
v 0.933918 -0.296598 -0.100000
v 0.955750 -0.282375 -0.100000
v 0.975957 -0.266298 -0.100000
v 0.993907 -0.248593 -0.100000
v 1.008969 -0.229484 -0.100000
v 1.020509 -0.209199 -0.100000
v 1.027897 -0.187962 -0.100000
v 1.030500 -0.166000 -0.100000
v 1.028387 -0.145191 -0.100000
v 1.022264 -0.124361 -0.100000
v 1.012453 -0.103656 -0.100000
v 0.999278 -0.083222 -0.100000
v 0.983061 -0.063205 -0.100000
v 0.964125 -0.043750 -0.100000
v 0.942793 -0.025003 -0.100000
v 0.919389 -0.007111 -0.100000
v 0.894234 0.009781 -0.100000
v 0.867653 0.025528 -0.100000
v 0.839967 0.039983 -0.100000
v 0.811500 0.053000 -0.100000
v 0.811500 0.110000 -0.100000
v 0.810500 0.241000 -0.100000
v 0.817437 0.240521 -0.100000
v 0.824245 0.240083 -0.100000
v 0.830922 0.239688 -0.100000
v 0.837463 0.239333 -0.100000
v 0.843865 0.239021 -0.100000
v 0.850125 0.238750 -0.100000
v 0.856239 0.238521 -0.100000
v 0.862204 0.238333 -0.100000
v 0.868016 0.238188 -0.100000
v 0.873671 0.238083 -0.100000
v 0.879167 0.238021 -0.100000
v 0.884500 0.238000 -0.100000
v 0.898343 0.238022 -0.100000
v 0.911412 0.238093 -0.100000
v 0.923766 0.238219 -0.100000
v 0.935463 0.238407 -0.100000
v 0.946563 0.238666 -0.100000
v 0.957125 0.239000 -0.100000
v 0.967208 0.239418 -0.100000
v 0.976870 0.239926 -0.100000
v 0.986172 0.240531 -0.100000
v 0.995171 0.241241 -0.100000
v 1.003928 0.242061 -0.100000
v 1.012500 0.243000 -0.100000
v 1.014500 0.319000 -0.100000
v 1.001134 0.317372 -0.100000
v 0.988491 0.315977 -0.100000
v 0.976500 0.314797 -0.100000
v 0.965093 0.313815 -0.100000
v 0.954199 0.313013 -0.100000
v 0.943750 0.312375 -0.100000
v 0.933676 0.311883 -0.100000
v 0.923907 0.311519 -0.100000
v 0.914375 0.311266 -0.100000
v 0.905009 0.311106 -0.100000
v 0.895741 0.311024 -0.100000
v 0.886500 0.311000 -0.100000
v -1.059950 -0.257113 0.100000
v -1.058347 -0.264903 0.100000
v -1.055766 -0.272297 0.100000
v -1.052278 -0.279222 0.100000
v -1.047957 -0.285606 0.100000
v -1.042875 -0.291375 0.100000
v -1.037106 -0.296457 0.100000
v -1.030722 -0.300778 0.100000
v -1.023797 -0.304266 0.100000
v -1.016403 -0.306847 0.100000
v -1.008613 -0.308450 0.100000
v -1.000500 -0.309000 0.100000
v -0.992387 -0.308450 0.100000
v -0.984597 -0.306847 0.100000
v -0.977203 -0.304266 0.100000
v -0.970278 -0.300778 0.100000
v -0.963894 -0.296457 0.100000
v -0.958125 -0.291375 0.100000
v -0.953043 -0.285606 0.100000
v -0.948722 -0.279222 0.100000
v -0.945234 -0.272297 0.100000
v -0.942653 -0.264903 0.100000
v -0.941050 -0.257113 0.100000
v -0.940500 -0.249000 0.100000
v -0.941050 -0.240887 0.100000
v -0.942653 -0.233097 0.100000
v -0.945234 -0.225703 0.100000
v -0.948722 -0.218778 0.100000
v -0.953043 -0.212394 0.100000
v -0.958125 -0.206625 0.100000
v -0.963894 -0.201543 0.100000
v -0.970278 -0.197222 0.100000
v -0.977203 -0.193734 0.100000
v -0.984597 -0.191153 0.100000
v -0.992387 -0.189550 0.100000
v -1.000500 -0.189000 0.100000
v -1.008613 -0.189550 0.100000
v -1.016403 -0.191153 0.100000
v -1.023797 -0.193734 0.100000
v -1.030722 -0.197222 0.100000
v -1.037106 -0.201543 0.100000
v -1.042875 -0.206625 0.100000
v -1.047957 -0.212394 0.100000
v -1.052278 -0.218778 0.100000
v -1.055766 -0.225703 0.100000
v -1.058347 -0.233097 0.100000
v -1.059950 -0.240887 0.100000
v -1.060500 -0.249000 0.100000
v -1.008584 0.389979 0.100000
v -1.016843 0.386912 0.100000
v -1.024281 0.381797 0.100000
v -1.030907 0.374630 0.100000
v -1.036728 0.365407 0.100000
v -1.041750 0.354125 0.100000
v -1.045980 0.340781 0.100000
v -1.049426 0.325370 0.100000
v -1.052094 0.307891 0.100000
v -1.053991 0.288338 0.100000
v -1.055124 0.266709 0.100000
v -1.055500 0.243000 0.100000
v -1.055459 0.232167 0.100000
v -1.055333 0.221671 0.100000
v -1.055125 0.211516 0.100000
v -1.054833 0.201704 0.100000
v -1.054458 0.192239 0.100000
v -1.054000 0.183125 0.100000
v -1.053458 0.174365 0.100000
v -1.052833 0.165963 0.100000
v -1.052125 0.157922 0.100000
v -1.051333 0.150245 0.100000
v -1.050458 0.142937 0.100000
v -1.049500 0.136000 0.100000
v -1.024500 -0.036000 0.100000
v -1.022996 -0.046483 0.100000
v -1.021468 -0.055944 0.100000
v -1.019891 -0.064406 0.100000
v -1.018241 -0.071889 0.100000
v -1.016494 -0.078413 0.100000
v -1.014625 -0.084000 0.100000
v -1.012611 -0.088670 0.100000
v -1.010426 -0.092444 0.100000
v -1.008047 -0.095344 0.100000
v -1.005449 -0.097389 0.100000
v -1.002608 -0.098601 0.100000
v -0.999500 -0.099000 0.100000
v -0.996392 -0.098601 0.100000
v -0.993551 -0.097389 0.100000
v -0.990953 -0.095344 0.100000
v -0.988574 -0.092444 0.100000
v -0.986389 -0.088670 0.100000
v -0.984375 -0.084000 0.100000
v -0.982506 -0.078413 0.100000
v -0.980759 -0.071889 0.100000
v -0.979109 -0.064406 0.100000
v -0.977532 -0.055944 0.100000
v -0.976004 -0.046483 0.100000
v -0.974500 -0.036000 0.100000
v -0.949500 0.136000 0.100000
v -0.948542 0.142937 0.100000
v -0.947667 0.150245 0.100000
v -0.946875 0.157922 0.100000
v -0.946167 0.165963 0.100000
v -0.945542 0.174365 0.100000
v -0.945000 0.183125 0.100000
v -0.944542 0.192239 0.100000
v -0.944167 0.201704 0.100000
v -0.943875 0.211516 0.100000
v -0.943667 0.221671 0.100000
v -0.943542 0.232167 0.100000
v -0.943500 0.243000 0.100000
v -0.943876 0.266709 0.100000
v -0.945009 0.288338 0.100000
v -0.946906 0.307891 0.100000
v -0.949574 0.325370 0.100000
v -0.953020 0.340781 0.100000
v -0.957250 0.354125 0.100000
v -0.962272 0.365407 0.100000
v -0.968093 0.374630 0.100000
v -0.974719 0.381797 0.100000
v -0.982157 0.386912 0.100000
v -0.990416 0.389979 0.100000
v -0.999500 0.391000 0.100000
v -0.126500 0.216000 0.100000
v -0.127500 0.355000 0.100000
v -0.127458 0.362593 0.100000
v -0.127333 0.369907 0.100000
v -0.127125 0.377000 0.100000
v -0.126833 0.383926 0.100000
v -0.126458 0.390741 0.100000
v -0.126000 0.397500 0.100000
v -0.125458 0.404259 0.100000
v -0.124833 0.411074 0.100000
v -0.124125 0.418000 0.100000
v -0.123333 0.425093 0.100000
v -0.122458 0.432407 0.100000
v -0.121500 0.440000 0.100000
v -0.208500 0.440000 0.100000
v -0.208001 0.434167 0.100000
v -0.207509 0.428167 0.100000
v -0.207031 0.422000 0.100000
v -0.206574 0.415667 0.100000
v -0.206145 0.409167 0.100000
v -0.205750 0.402500 0.100000
v -0.205397 0.395667 0.100000
v -0.205093 0.388667 0.100000
v -0.204844 0.381500 0.100000
v -0.204657 0.374167 0.100000
v -0.204541 0.366667 0.100000
v -0.204500 0.359000 0.100000
v -0.203500 0.224000 0.100000
v -0.228359 0.226289 0.100000
v -0.253875 0.228648 0.100000
v -0.279953 0.231063 0.100000
v -0.306500 0.233519 0.100000
v -0.333422 0.236002 0.100000
v -0.360625 0.238500 0.100000
v -0.388016 0.240998 0.100000
v -0.415500 0.243482 0.100000
v -0.442984 0.245938 0.100000
v -0.470375 0.248352 0.100000
v -0.497578 0.250711 0.100000
v -0.524500 0.253000 0.100000
v -0.524500 0.396000 0.100000
v -0.524459 0.401773 0.100000
v -0.524338 0.408014 0.100000
v -0.524141 0.414609 0.100000
v -0.523870 0.421444 0.100000
v -0.523531 0.428405 0.100000
v -0.523125 0.435375 0.100000
v -0.522657 0.442241 0.100000
v -0.522130 0.448889 0.100000
v -0.521547 0.455203 0.100000
v -0.520912 0.461069 0.100000
v -0.520229 0.466373 0.100000
v -0.519500 0.471000 0.100000
v -0.604500 0.471000 0.100000
v -0.603791 0.466413 0.100000
v -0.603157 0.461222 0.100000
v -0.602594 0.455531 0.100000
v -0.602093 0.449444 0.100000
v -0.601647 0.443066 0.100000
v -0.601250 0.436500 0.100000
v -0.600895 0.429851 0.100000
v -0.600574 0.423222 0.100000
v -0.600281 0.416719 0.100000
v -0.600009 0.410444 0.100000
v -0.599751 0.404504 0.100000
v -0.599500 0.399000 0.100000
v -0.597500 0.259000 0.100000
v -0.708500 0.266000 0.100000
v -0.715038 0.266499 0.100000
v -0.721639 0.266995 0.100000
v -0.728281 0.267484 0.100000
v -0.734945 0.267963 0.100000
v -0.741608 0.268428 0.100000
v -0.748250 0.268875 0.100000
v -0.754851 0.269302 0.100000
v -0.761389 0.269704 0.100000
v -0.767844 0.270078 0.100000
v -0.774195 0.270421 0.100000
v -0.780420 0.270730 0.100000
v -0.786500 0.271000 0.100000
v -0.786500 0.193000 0.100000
v -0.782062 0.193210 0.100000
v -0.776829 0.193347 0.100000
v -0.770922 0.193422 0.100000
v -0.764463 0.193444 0.100000
v -0.757574 0.193425 0.100000
v -0.750375 0.193375 0.100000
v -0.742989 0.193304 0.100000
v -0.735537 0.193222 0.100000
v -0.728141 0.193141 0.100000
v -0.720921 0.193069 0.100000
v -0.714001 0.193019 0.100000
v -0.707500 0.193000 0.100000
v -0.699835 0.192729 0.100000
v -0.691843 0.192417 0.100000
v -0.683531 0.192062 0.100000
v -0.674908 0.191667 0.100000
v -0.665978 0.191229 0.100000
v -0.656750 0.190750 0.100000
v -0.647230 0.190229 0.100000
v -0.637426 0.189667 0.100000
v -0.627344 0.189062 0.100000
v -0.616991 0.188417 0.100000
v -0.606374 0.187729 0.100000
v -0.595500 0.187000 0.100000
v -0.594995 0.168450 0.100000
v -0.594463 0.149435 0.100000
v -0.593875 0.130156 0.100000
v -0.593204 0.110815 0.100000
v -0.592421 0.091612 0.100000
v -0.591500 0.072750 0.100000
v -0.590412 0.054429 0.100000
v -0.589130 0.036852 0.100000
v -0.587625 0.020219 0.100000
v -0.585870 0.004731 0.100000
v -0.583838 -0.009409 0.100000
v -0.581500 -0.022000 0.100000
v -0.578973 -0.032365 0.100000
v -0.575866 -0.041500 0.100000
v -0.572141 -0.049469 0.100000
v -0.567759 -0.056333 0.100000
v -0.562684 -0.062156 0.100000
v -0.556875 -0.067000 0.100000
v -0.550296 -0.070927 0.100000
v -0.542907 -0.074000 0.100000
v -0.534672 -0.076281 0.100000
v -0.525551 -0.077833 0.100000
v -0.515506 -0.078719 0.100000
v -0.504500 -0.079000 0.100000
v -0.494856 -0.078820 0.100000
v -0.484097 -0.078310 0.100000
v -0.472484 -0.077516 0.100000
v -0.460278 -0.076481 0.100000
v -0.447738 -0.075253 0.100000
v -0.435125 -0.073875 0.100000
v -0.422700 -0.072393 0.100000
v -0.410722 -0.070852 0.100000
v -0.399453 -0.069297 0.100000
v -0.389153 -0.067773 0.100000
v -0.380082 -0.066326 0.100000
v -0.372500 -0.065000 0.100000
v -0.374500 0.004000 0.100000
v -0.383171 0.002064 0.100000
v -0.392116 0.000259 0.100000
v -0.401234 -0.001406 0.100000
v -0.410426 -0.002926 0.100000
v -0.419590 -0.004293 0.100000
v -0.428625 -0.005500 0.100000
v -0.437431 -0.006541 0.100000
v -0.445907 -0.007407 0.100000
v -0.453953 -0.008094 0.100000
v -0.461468 -0.008593 0.100000
v -0.468350 -0.008897 0.100000
v -0.474500 -0.009000 0.100000
v -0.480232 -0.008908 0.100000
v -0.485440 -0.008597 0.100000
v -0.490141 -0.008016 0.100000
v -0.494352 -0.007111 0.100000
v -0.498091 -0.005832 0.100000
v -0.501375 -0.004125 0.100000
v -0.504222 -0.001939 0.100000
v -0.506648 0.000778 0.100000
v -0.508672 0.004078 0.100000
v -0.510310 0.008014 0.100000
v -0.511580 0.012637 0.100000
v -0.512500 0.018000 0.100000
v -0.513729 0.026956 0.100000
v -0.514912 0.037231 0.100000
v -0.516047 0.048688 0.100000
v -0.517130 0.061185 0.100000
v -0.518157 0.074586 0.100000
v -0.519125 0.088750 0.100000
v -0.520031 0.103539 0.100000
v -0.520870 0.118815 0.100000
v -0.521641 0.134438 0.100000
v -0.522338 0.150269 0.100000
v -0.522959 0.166169 0.100000
v -0.523500 0.182000 0.100000
v -0.497476 0.179920 0.100000
v -0.470977 0.177694 0.100000
v -0.444109 0.175344 0.100000
v -0.416981 0.172889 0.100000
v -0.389701 0.170351 0.100000
v -0.362375 0.167750 0.100000
v -0.335112 0.165108 0.100000
v -0.308019 0.162444 0.100000
v -0.281203 0.159781 0.100000
v -0.254773 0.157139 0.100000
v -0.228836 0.154538 0.100000
v -0.203500 0.152000 0.100000
v -0.203271 0.126267 0.100000
v -0.203083 0.100722 0.100000
v -0.202938 0.075594 0.100000
v -0.202833 0.051111 0.100000
v -0.202771 0.027503 0.100000
v -0.202750 0.005000 0.100000
v -0.202771 -0.016170 0.100000
v -0.202833 -0.035778 0.100000
v -0.202938 -0.053594 0.100000
v -0.203083 -0.069389 0.100000
v -0.203271 -0.082934 0.100000
v -0.203500 -0.094000 0.100000
v -0.204329 -0.119560 0.100000
v -0.205713 -0.142315 0.100000
v -0.208250 -0.162375 0.100000
v -0.212537 -0.179852 0.100000
v -0.219171 -0.194856 0.100000
v -0.228750 -0.207500 0.100000
v -0.241870 -0.217894 0.100000
v -0.259130 -0.226148 0.100000
v -0.281125 -0.232375 0.100000
v -0.308454 -0.236685 0.100000
v -0.341713 -0.239190 0.100000
v -0.381500 -0.240000 0.100000
v -0.408790 -0.239757 0.100000
v -0.436486 -0.239056 0.100000
v -0.464328 -0.237938 0.100000
v -0.492056 -0.236444 0.100000
v -0.519408 -0.234618 0.100000
v -0.546125 -0.232500 0.100000
v -0.571946 -0.230132 0.100000
v -0.596611 -0.227556 0.100000
v -0.619859 -0.224813 0.100000
v -0.641431 -0.221944 0.100000
v -0.661064 -0.218993 0.100000
v -0.678500 -0.216000 0.100000
v -0.675500 -0.301000 0.100000
v -0.657648 -0.302785 0.100000
v -0.637769 -0.304616 0.100000
v -0.616125 -0.306453 0.100000
v -0.592982 -0.308259 0.100000
v -0.568602 -0.309996 0.100000
v -0.543250 -0.311625 0.100000
v -0.517190 -0.313108 0.100000
v -0.490685 -0.314407 0.100000
v -0.464000 -0.315484 0.100000
v -0.437398 -0.316301 0.100000
v -0.411144 -0.316819 0.100000
v -0.385500 -0.317000 0.100000
v -0.331993 -0.315865 0.100000
v -0.286528 -0.312338 0.100000
v -0.248438 -0.306234 0.100000
v -0.217056 -0.297370 0.100000
v -0.191715 -0.285562 0.100000
v -0.171750 -0.270625 0.100000
v -0.156493 -0.252376 0.100000
v -0.145278 -0.230630 0.100000
v -0.137438 -0.205203 0.100000
v -0.132306 -0.175912 0.100000
v -0.129215 -0.142572 0.100000
v -0.127500 -0.105000 0.100000
v -0.127270 -0.092977 0.100000
v -0.127079 -0.078569 0.100000
v -0.126922 -0.062016 0.100000
v -0.126796 -0.043556 0.100000
v -0.126699 -0.023429 0.100000
v -0.126625 -0.001875 0.100000
v -0.126572 0.020866 0.100000
v -0.126537 0.044556 0.100000
v -0.126516 0.068953 0.100000
v -0.126505 0.093819 0.100000
v -0.126501 0.118915 0.100000
v -0.126500 0.144000 0.100000
v -0.019500 0.132000 0.100000
v -0.011516 0.130961 0.100000
v -0.003130 0.129852 0.100000
v 0.005562 0.128688 0.100000
v 0.014463 0.127482 0.100000
v 0.023474 0.126248 0.100000
v 0.032500 0.125000 0.100000
v 0.041442 0.123752 0.100000
v 0.050204 0.122519 0.100000
v 0.058687 0.121313 0.100000
v 0.066796 0.120148 0.100000
v 0.074433 0.119039 0.100000
v 0.081500 0.118000 0.100000
v 0.090500 0.200000 0.100000
v 0.082629 0.200042 0.100000
v 0.074532 0.200167 0.100000
v 0.066234 0.200375 0.100000
v 0.057759 0.200667 0.100000
v 0.049131 0.201042 0.100000
v 0.040375 0.201500 0.100000
v 0.031514 0.202042 0.100000
v 0.022574 0.202667 0.100000
v 0.013578 0.203375 0.100000
v 0.004551 0.204167 0.100000
v -0.004483 0.205042 0.100000
v -0.013500 0.206000 0.100000
v 0.226500 0.178000 0.100000
v 0.239979 0.190175 0.100000
v 0.255662 0.203069 0.100000
v 0.273172 0.216484 0.100000
v 0.292130 0.230222 0.100000
v 0.312157 0.244085 0.100000
v 0.332875 0.257875 0.100000
v 0.353906 0.271394 0.100000
v 0.374870 0.284444 0.100000
v 0.395391 0.296828 0.100000
v 0.415088 0.308347 0.100000
v 0.433584 0.318804 0.100000
v 0.450500 0.328000 0.100000
v 0.414500 0.388000 0.100000
v 0.396015 0.377909 0.100000
v 0.376287 0.366769 0.100000
v 0.355656 0.354781 0.100000
v 0.334463 0.342148 0.100000
v 0.313047 0.329071 0.100000
v 0.291750 0.315750 0.100000
v 0.270911 0.302388 0.100000
v 0.250870 0.289185 0.100000
v 0.231969 0.276344 0.100000
v 0.214546 0.264065 0.100000
v 0.198943 0.252550 0.100000
v 0.185500 0.242000 0.100000
v 0.951100 -0.173336 0.100000
v 0.947134 -0.184269 0.100000
v 0.940953 -0.194688 0.100000
v 0.932907 -0.204481 0.100000
v 0.923348 -0.213539 0.100000
v 0.912625 -0.221750 0.100000
v 0.901090 -0.229002 0.100000
v 0.889093 -0.235185 0.100000
v 0.876984 -0.240188 0.100000
v 0.865116 -0.243898 0.100000
v 0.853837 -0.246206 0.100000
v 0.843500 -0.247000 0.100000
v 0.837960 -0.246666 0.100000
v 0.832847 -0.245662 0.100000
v 0.828172 -0.243984 0.100000
v 0.823944 -0.241630 0.100000
v 0.820175 -0.238594 0.100000
v 0.816875 -0.234875 0.100000
v 0.814054 -0.230468 0.100000
v 0.811722 -0.225370 0.100000
v 0.809891 -0.219578 0.100000
v 0.808569 -0.213088 0.100000
v 0.807769 -0.205896 0.100000
v 0.807500 -0.198000 0.100000
v 0.810500 -0.021000 0.100000
v 0.830309 -0.030898 0.100000
v 0.849143 -0.041514 0.100000
v 0.866859 -0.052734 0.100000
v 0.883315 -0.064444 0.100000
v 0.898367 -0.076530 0.100000
v 0.911875 -0.088875 0.100000
v 0.923695 -0.101366 0.100000
v 0.933685 -0.113889 0.100000
v 0.941703 -0.126328 0.100000
v 0.947606 -0.138569 0.100000
v 0.951253 -0.150498 0.100000
v 0.952500 -0.162000 0.100000
v 0.880688 0.311021 0.100000
v 0.874755 0.311083 0.100000
v 0.868703 0.311187 0.100000
v 0.862537 0.311333 0.100000
v 0.856260 0.311521 0.100000
v 0.849875 0.311750 0.100000
v 0.843386 0.312021 0.100000
v 0.836796 0.312333 0.100000
v 0.830109 0.312688 0.100000
v 0.823329 0.313083 0.100000
v 0.816458 0.313521 0.100000
v 0.809500 0.314000 0.100000
v 0.808500 0.428000 0.100000
v 0.808541 0.433274 0.100000
v 0.808662 0.439023 0.100000
v 0.808859 0.445141 0.100000
v 0.809130 0.451519 0.100000
v 0.809469 0.458049 0.100000
v 0.809875 0.464625 0.100000
v 0.810343 0.471138 0.100000
v 0.810870 0.477482 0.100000
v 0.811453 0.483547 0.100000
v 0.812088 0.489227 0.100000
v 0.812771 0.494414 0.100000
v 0.813500 0.499000 0.100000
v 0.724500 0.499000 0.100000
v 0.725249 0.494300 0.100000
v 0.725991 0.489236 0.100000
v 0.726719 0.483859 0.100000
v 0.727426 0.478222 0.100000
v 0.728105 0.472377 0.100000
v 0.728750 0.466375 0.100000
v 0.729353 0.460269 0.100000
v 0.729907 0.454111 0.100000
v 0.730406 0.447953 0.100000
v 0.730843 0.441847 0.100000
v 0.731209 0.435845 0.100000
v 0.731500 0.430000 0.100000
v 0.735500 0.322000 0.100000
v 0.717200 0.324353 0.100000
v 0.698852 0.326907 0.100000
v 0.680531 0.329656 0.100000
v 0.662315 0.332593 0.100000
v 0.644279 0.335710 0.100000
v 0.626500 0.339000 0.100000
v 0.609054 0.342457 0.100000
v 0.592018 0.346074 0.100000
v 0.575469 0.349844 0.100000
v 0.559481 0.353759 0.100000
v 0.544133 0.357814 0.100000
v 0.529500 0.362000 0.100000
v 0.527500 0.284000 0.100000
v 0.542632 0.280523 0.100000
v 0.558472 0.277102 0.100000
v 0.574937 0.273750 0.100000
v 0.591944 0.270482 0.100000
v 0.609410 0.267310 0.100000
v 0.627250 0.264250 0.100000
v 0.645382 0.261315 0.100000
v 0.663722 0.258519 0.100000
v 0.682187 0.255875 0.100000
v 0.700694 0.253398 0.100000
v 0.719160 0.251102 0.100000
v 0.737500 0.249000 0.100000
v 0.739500 0.114000 0.100000
v 0.739500 0.079000 0.100000
v 0.720466 0.084770 0.100000
v 0.701398 0.090074 0.100000
v 0.682344 0.094906 0.100000
v 0.663352 0.099259 0.100000
v 0.644471 0.103126 0.100000
v 0.625750 0.106500 0.100000
v 0.607237 0.109374 0.100000
v 0.588981 0.111741 0.100000
v 0.571031 0.113594 0.100000
v 0.553435 0.114926 0.100000
v 0.536242 0.115730 0.100000
v 0.519500 0.116000 0.100000
v 0.483891 0.114376 0.100000
v 0.450213 0.109593 0.100000
v 0.418687 0.101781 0.100000
v 0.389537 0.091074 0.100000
v 0.362984 0.077603 0.100000
v 0.339250 0.061500 0.100000
v 0.318558 0.042897 0.100000
v 0.301130 0.021926 0.100000
v 0.287187 -0.001281 0.100000
v 0.276954 -0.026593 0.100000
v 0.270650 -0.053876 0.100000
v 0.268500 -0.083000 0.100000
v 0.270075 -0.112333 0.100000
v 0.274764 -0.139833 0.100000
v 0.282516 -0.165500 0.100000
v 0.293278 -0.189333 0.100000
v 0.306998 -0.211333 0.100000
v 0.323625 -0.231500 0.100000
v 0.343106 -0.249833 0.100000
v 0.365389 -0.266333 0.100000
v 0.390422 -0.281000 0.100000
v 0.418153 -0.293833 0.100000
v 0.448529 -0.304833 0.100000
v 0.481500 -0.314000 0.100000
v 0.492724 -0.316338 0.100000
v 0.503880 -0.318370 0.100000
v 0.514937 -0.320125 0.100000
v 0.525870 -0.321630 0.100000
v 0.536650 -0.322912 0.100000
v 0.547250 -0.324000 0.100000
v 0.557641 -0.324921 0.100000
v 0.567796 -0.325704 0.100000
v 0.577687 -0.326375 0.100000
v 0.587287 -0.326963 0.100000
v 0.596567 -0.327495 0.100000
v 0.605500 -0.328000 0.100000
v 0.633500 -0.247000 0.100000
v 0.624132 -0.247225 0.100000
v 0.614555 -0.247384 0.100000
v 0.604812 -0.247453 0.100000
v 0.594944 -0.247407 0.100000
v 0.584993 -0.247223 0.100000
v 0.575000 -0.246875 0.100000
v 0.565007 -0.246340 0.100000
v 0.555055 -0.245593 0.100000
v 0.545187 -0.244609 0.100000
v 0.535444 -0.243366 0.100000
v 0.525868 -0.241837 0.100000
v 0.516500 -0.240000 0.100000
v 0.494708 -0.235116 0.100000
v 0.473500 -0.228931 0.100000
v 0.453125 -0.221391 0.100000
v 0.433833 -0.212444 0.100000
v 0.415875 -0.202040 0.100000
v 0.399500 -0.190125 0.100000
v 0.384958 -0.176648 0.100000
v 0.372500 -0.161556 0.100000
v 0.362375 -0.144797 0.100000
v 0.354833 -0.126319 0.100000
v 0.350125 -0.106071 0.100000
v 0.348500 -0.084000 0.100000
v 0.350070 -0.063567 0.100000
v 0.354643 -0.044782 0.100000
v 0.362016 -0.027672 0.100000
v 0.371981 -0.012259 0.100000
v 0.384336 0.001431 0.100000
v 0.398875 0.013375 0.100000
v 0.415393 0.023548 0.100000
v 0.433685 0.031926 0.100000
v 0.453547 0.038484 0.100000
v 0.474773 0.043199 0.100000
v 0.497159 0.046046 0.100000
v 0.520500 0.047000 0.100000
v 0.539170 0.046710 0.100000
v 0.557690 0.045847 0.100000
v 0.576078 0.044422 0.100000
v 0.594352 0.042444 0.100000
v 0.612528 0.039925 0.100000
v 0.630625 0.036875 0.100000
v 0.648659 0.033304 0.100000
v 0.666648 0.029222 0.100000
v 0.684609 0.024641 0.100000
v 0.702560 0.019569 0.100000
v 0.720518 0.014019 0.100000
v 0.738500 0.008000 0.100000
v 0.734500 -0.209000 0.100000
v 0.735200 -0.230957 0.100000
v 0.737268 -0.250403 0.100000
v 0.740656 -0.267453 0.100000
v 0.745315 -0.282222 0.100000
v 0.751196 -0.294825 0.100000
v 0.758250 -0.305375 0.100000
v 0.766429 -0.313988 0.100000
v 0.775685 -0.320778 0.100000
v 0.785969 -0.325859 0.100000
v 0.797231 -0.329347 0.100000
v 0.809425 -0.331356 0.100000
v 0.822500 -0.332000 0.100000
v 0.842978 -0.330434 0.100000
v 0.864991 -0.325884 0.100000
v 0.887906 -0.318578 0.100000
v 0.911092 -0.308741 0.100000
v 0.933918 -0.296598 0.100000
v 0.955750 -0.282375 0.100000
v 0.975957 -0.266298 0.100000
v 0.993907 -0.248593 0.100000
v 1.008969 -0.229484 0.100000
v 1.020509 -0.209199 0.100000
v 1.027897 -0.187962 0.100000
v 1.030500 -0.166000 0.100000
v 1.028387 -0.145191 0.100000
v 1.022264 -0.124361 0.100000
v 1.012453 -0.103656 0.100000
v 0.999278 -0.083222 0.100000
v 0.983061 -0.063205 0.100000
v 0.964125 -0.043750 0.100000
v 0.942793 -0.025003 0.100000
v 0.919389 -0.007111 0.100000
v 0.894234 0.009781 0.100000
v 0.867653 0.025528 0.100000
v 0.839967 0.039983 0.100000
v 0.811500 0.053000 0.100000
v 0.811500 0.110000 0.100000
v 0.810500 0.241000 0.100000
v 0.817437 0.240521 0.100000
v 0.824245 0.240083 0.100000
v 0.830922 0.239688 0.100000
v 0.837463 0.239333 0.100000
v 0.843865 0.239021 0.100000
v 0.850125 0.238750 0.100000
v 0.856239 0.238521 0.100000
v 0.862204 0.238333 0.100000
v 0.868016 0.238188 0.100000
v 0.873671 0.238083 0.100000
v 0.879167 0.238021 0.100000
v 0.884500 0.238000 0.100000
v 0.898343 0.238022 0.100000
v 0.911412 0.238093 0.100000
v 0.923766 0.238219 0.100000
v 0.935463 0.238407 0.100000
v 0.946563 0.238666 0.100000
v 0.957125 0.239000 0.100000
v 0.967208 0.239418 0.100000
v 0.976870 0.239926 0.100000
v 0.986172 0.240531 0.100000
v 0.995171 0.241241 0.100000
v 1.003928 0.242061 0.100000
v 1.012500 0.243000 0.100000
v 1.014500 0.319000 0.100000
v 1.001134 0.317372 0.100000
v 0.988491 0.315977 0.100000
v 0.976500 0.314797 0.100000
v 0.965093 0.313815 0.100000
v 0.954199 0.313013 0.100000
v 0.943750 0.312375 0.100000
v 0.933676 0.311883 0.100000
v 0.923907 0.311519 0.100000
v 0.914375 0.311266 0.100000
v 0.905009 0.311106 0.100000
v 0.895741 0.311024 0.100000
v 0.886500 0.311000 0.100000
v 0.226500 0.178000 0.100000
v 0.226500 0.178000 -0.100000
v 0.239979 0.190175 0.100000
v 0.239978 0.190175 -0.100000
v 0.255662 0.203069 0.100000
v 0.255662 0.203069 -0.100000
v 0.273172 0.216484 0.100000
v 0.273172 0.216484 -0.100000
v 0.292130 0.230222 0.100000
v 0.292130 0.230222 -0.100000
v 0.312157 0.244085 0.100000
v 0.312157 0.244085 -0.100000
v 0.332875 0.257875 0.100000
v 0.332875 0.257875 -0.100000
v 0.353906 0.271394 0.100000
v 0.353906 0.271394 -0.100000
v 0.374870 0.284444 0.100000
v 0.374870 0.284444 -0.100000
v 0.395391 0.296828 0.100000
v 0.395391 0.296828 -0.100000
v 0.415088 0.308347 0.100000
v 0.415088 0.308347 -0.100000
v 0.433584 0.318804 0.100000
v 0.433584 0.318804 -0.100000
v 0.450500 0.328000 0.100000
v 0.450500 0.328000 -0.100000
v 0.414500 0.388000 0.100000
v 0.414500 0.388000 -0.100000
v 0.396015 0.377909 0.100000
v 0.396015 0.377909 -0.100000
v 0.376287 0.366769 0.100000
v 0.376287 0.366769 -0.100000
v 0.355656 0.354781 0.100000
v 0.355656 0.354781 -0.100000
v 0.334463 0.342148 0.100000
v 0.334463 0.342148 -0.100000
v 0.313047 0.329071 0.100000
v 0.313047 0.329071 -0.100000
v 0.291750 0.315750 0.100000
v 0.291750 0.315750 -0.100000
v 0.270911 0.302388 0.100000
v 0.270911 0.302388 -0.100000
v 0.250870 0.289185 0.100000
v 0.250870 0.289185 -0.100000
v 0.231969 0.276344 0.100000
v 0.231969 0.276344 -0.100000
v 0.214546 0.264065 0.100000
v 0.214546 0.264065 -0.100000
v 0.198943 0.252550 0.100000
v 0.198943 0.252550 -0.100000
v 0.185500 0.242000 0.100000
v 0.185500 0.242000 -0.100000
v 0.951100 -0.173336 0.100000
v 0.951100 -0.173336 -0.100000
v 0.947134 -0.184269 0.100000
v 0.947134 -0.184269 -0.100000
v 0.940953 -0.194688 0.100000
v 0.940953 -0.194688 -0.100000
v 0.932907 -0.204481 0.100000
v 0.932907 -0.204481 -0.100000
v 0.923348 -0.213539 0.100000
v 0.923348 -0.213539 -0.100000
v 0.912625 -0.221750 0.100000
v 0.912625 -0.221750 -0.100000
v 0.901090 -0.229002 0.100000
v 0.901090 -0.229002 -0.100000
v 0.889093 -0.235185 0.100000
v 0.889093 -0.235185 -0.100000
v 0.876984 -0.240188 0.100000
v 0.876984 -0.240188 -0.100000
v 0.865116 -0.243898 0.100000
v 0.865116 -0.243898 -0.100000
v 0.853837 -0.246206 0.100000
v 0.853837 -0.246206 -0.100000
v 0.843500 -0.247000 0.100000
v 0.843500 -0.247000 -0.100000
v 0.837960 -0.246666 0.100000
v 0.837960 -0.246666 -0.100000
v 0.832847 -0.245662 0.100000
v 0.832847 -0.245662 -0.100000
v 0.828172 -0.243984 0.100000
v 0.828172 -0.243984 -0.100000
v 0.823944 -0.241630 0.100000
v 0.823944 -0.241630 -0.100000
v 0.820175 -0.238594 0.100000
v 0.820175 -0.238594 -0.100000
v 0.816875 -0.234875 0.100000
v 0.816875 -0.234875 -0.100000
v 0.814054 -0.230468 0.100000
v 0.814054 -0.230468 -0.100000
v 0.811722 -0.225370 0.100000
v 0.811722 -0.225370 -0.100000
v 0.809891 -0.219578 0.100000
v 0.809891 -0.219578 -0.100000
v 0.808569 -0.213088 0.100000
v 0.808569 -0.213088 -0.100000
v 0.807769 -0.205896 0.100000
v 0.807769 -0.205896 -0.100000
v 0.807500 -0.198000 0.100000
v 0.807500 -0.198000 -0.100000
v 0.810500 -0.021000 0.100000
v 0.810500 -0.021000 -0.100000
v 0.830309 -0.030898 0.100000
v 0.830309 -0.030898 -0.100000
v 0.849143 -0.041514 0.100000
v 0.849143 -0.041514 -0.100000
v 0.866859 -0.052734 0.100000
v 0.866859 -0.052734 -0.100000
v 0.883315 -0.064444 0.100000
v 0.883315 -0.064444 -0.100000
v 0.898367 -0.076530 0.100000
v 0.898367 -0.076530 -0.100000
v 0.911875 -0.088875 0.100000
v 0.911875 -0.088875 -0.100000
v 0.923695 -0.101366 0.100000
v 0.923695 -0.101366 -0.100000
v 0.933685 -0.113889 0.100000
v 0.933685 -0.113889 -0.100000
v 0.941703 -0.126328 0.100000
v 0.941703 -0.126328 -0.100000
v 0.947606 -0.138569 0.100000
v 0.947606 -0.138569 -0.100000
v 0.951253 -0.150498 0.100000
v 0.951253 -0.150498 -0.100000
v 0.952500 -0.162000 0.100000
v 0.952500 -0.162000 -0.100000
v 0.880688 0.311021 0.100000
v 0.880688 0.311021 -0.100000
v 0.874755 0.311083 0.100000
v 0.874755 0.311083 -0.100000
v 0.868703 0.311187 0.100000
v 0.868703 0.311187 -0.100000
v 0.862537 0.311333 0.100000
v 0.862537 0.311333 -0.100000
v 0.856260 0.311521 0.100000
v 0.856260 0.311521 -0.100000
v 0.849875 0.311750 0.100000
v 0.849875 0.311750 -0.100000
v 0.843386 0.312021 0.100000
v 0.843386 0.312021 -0.100000
v 0.836796 0.312333 0.100000
v 0.836796 0.312333 -0.100000
v 0.830109 0.312688 0.100000
v 0.830109 0.312688 -0.100000
v 0.823329 0.313083 0.100000
v 0.823329 0.313083 -0.100000
v 0.816458 0.313521 0.100000
v 0.816458 0.313521 -0.100000
v 0.809500 0.314000 0.100000
v 0.809500 0.314000 -0.100000
v 0.808500 0.428000 0.100000
v 0.808500 0.428000 -0.100000
v 0.808541 0.433274 0.100000
v 0.808541 0.433274 -0.100000
v 0.808662 0.439023 0.100000
v 0.808662 0.439023 -0.100000
v 0.808859 0.445141 0.100000
v 0.808859 0.445141 -0.100000
v 0.809130 0.451519 0.100000
v 0.809130 0.451519 -0.100000
v 0.809469 0.458049 0.100000
v 0.809469 0.458049 -0.100000
v 0.809875 0.464625 0.100000
v 0.809875 0.464625 -0.100000
v 0.810343 0.471138 0.100000
v 0.810343 0.471138 -0.100000
v 0.810870 0.477482 0.100000
v 0.810870 0.477482 -0.100000
v 0.811453 0.483547 0.100000
v 0.811453 0.483547 -0.100000
v 0.812088 0.489227 0.100000
v 0.812088 0.489227 -0.100000
v 0.812771 0.494414 0.100000
v 0.812771 0.494414 -0.100000
v 0.813500 0.499000 0.100000
v 0.813500 0.499000 -0.100000
v 0.724500 0.499000 0.100000
v 0.724500 0.499000 -0.100000
v 0.725249 0.494300 0.100000
v 0.725249 0.494300 -0.100000
v 0.725991 0.489236 0.100000
v 0.725991 0.489236 -0.100000
v 0.726719 0.483859 0.100000
v 0.726719 0.483859 -0.100000
v 0.727426 0.478222 0.100000
v 0.727426 0.478222 -0.100000
v 0.728105 0.472377 0.100000
v 0.728105 0.472377 -0.100000
v 0.728750 0.466375 0.100000
v 0.728750 0.466375 -0.100000
v 0.729353 0.460269 0.100000
v 0.729353 0.460269 -0.100000
v 0.729907 0.454111 0.100000
v 0.729907 0.454111 -0.100000
v 0.730406 0.447953 0.100000
v 0.730406 0.447953 -0.100000
v 0.730843 0.441847 0.100000
v 0.730843 0.441847 -0.100000
v 0.731209 0.435845 0.100000
v 0.731209 0.435845 -0.100000
v 0.731500 0.430000 0.100000
v 0.731500 0.430000 -0.100000
v 0.735500 0.322000 0.100000
v 0.735500 0.322000 -0.100000
v 0.717200 0.324353 0.100000
v 0.717200 0.324353 -0.100000
v 0.698852 0.326907 0.100000
v 0.698852 0.326907 -0.100000
v 0.680531 0.329656 0.100000
v 0.680531 0.329656 -0.100000
v 0.662315 0.332593 0.100000
v 0.662315 0.332593 -0.100000
v 0.644279 0.335710 0.100000
v 0.644279 0.335710 -0.100000
v 0.626500 0.339000 0.100000
v 0.626500 0.339000 -0.100000
v 0.609054 0.342457 0.100000
v 0.609054 0.342457 -0.100000
v 0.592018 0.346074 0.100000
v 0.592018 0.346074 -0.100000
v 0.575469 0.349844 0.100000
v 0.575469 0.349844 -0.100000
v 0.559481 0.353759 0.100000
v 0.559481 0.353759 -0.100000
v 0.544133 0.357814 0.100000
v 0.544133 0.357814 -0.100000
v 0.529500 0.362000 0.100000
v 0.529500 0.362000 -0.100000
v 0.527500 0.284000 0.100000
v 0.527500 0.284000 -0.100000
v 0.542632 0.280523 0.100000
v 0.542632 0.280523 -0.100000
v 0.558472 0.277102 0.100000
v 0.558472 0.277102 -0.100000
v 0.574937 0.273750 0.100000
v 0.574937 0.273750 -0.100000
v 0.591944 0.270482 0.100000
v 0.591944 0.270482 -0.100000
v 0.609410 0.267310 0.100000
v 0.609410 0.267310 -0.100000
v 0.627250 0.264250 0.100000
v 0.627250 0.264250 -0.100000
v 0.645382 0.261315 0.100000
v 0.645382 0.261315 -0.100000
v 0.663722 0.258519 0.100000
v 0.663722 0.258519 -0.100000
v 0.682187 0.255875 0.100000
v 0.682187 0.255875 -0.100000
v 0.700694 0.253398 0.100000
v 0.700694 0.253398 -0.100000
v 0.719160 0.251102 0.100000
v 0.719160 0.251102 -0.100000
v 0.737500 0.249000 0.100000
v 0.737500 0.249000 -0.100000
v 0.739500 0.114000 0.100000
v 0.739500 0.114000 -0.100000
v 0.739500 0.079000 0.100000
v 0.739500 0.079000 -0.100000
v 0.720466 0.084770 0.100000
v 0.720466 0.084770 -0.100000
v 0.701398 0.090074 0.100000
v 0.701398 0.090074 -0.100000
v 0.682344 0.094906 0.100000
v 0.682344 0.094906 -0.100000
v 0.663352 0.099259 0.100000
v 0.663352 0.099259 -0.100000
v 0.644471 0.103126 0.100000
v 0.644471 0.103126 -0.100000
v 0.625750 0.106500 0.100000
v 0.625750 0.106500 -0.100000
v 0.607237 0.109374 0.100000
v 0.607237 0.109374 -0.100000
v 0.588981 0.111741 0.100000
v 0.588981 0.111741 -0.100000
v 0.571031 0.113594 0.100000
v 0.571031 0.113594 -0.100000
v 0.553435 0.114926 0.100000
v 0.553435 0.114926 -0.100000
v 0.536242 0.115730 0.100000
v 0.536242 0.115730 -0.100000
v 0.519500 0.116000 0.100000
v 0.519500 0.116000 -0.100000
v 0.483891 0.114376 0.100000
v 0.483891 0.114376 -0.100000
v 0.450213 0.109593 0.100000
v 0.450213 0.109593 -0.100000
v 0.418687 0.101781 0.100000
v 0.418687 0.101781 -0.100000
v 0.389537 0.091074 0.100000
v 0.389537 0.091074 -0.100000
v 0.362984 0.077603 0.100000
v 0.362984 0.077603 -0.100000
v 0.339250 0.061500 0.100000
v 0.339250 0.061500 -0.100000
v 0.318558 0.042897 0.100000
v 0.318558 0.042897 -0.100000
v 0.301130 0.021926 0.100000
v 0.301130 0.021926 -0.100000
v 0.287187 -0.001281 0.100000
v 0.287187 -0.001281 -0.100000
v 0.276954 -0.026593 0.100000
v 0.276954 -0.026593 -0.100000
v 0.270650 -0.053876 0.100000
v 0.270650 -0.053876 -0.100000
v 0.268500 -0.083000 0.100000
v 0.268500 -0.083000 -0.100000
v 0.270075 -0.112333 0.100000
v 0.270074 -0.112333 -0.100000
v 0.274764 -0.139833 0.100000
v 0.274764 -0.139833 -0.100000
v 0.282516 -0.165500 0.100000
v 0.282515 -0.165500 -0.100000
v 0.293278 -0.189333 0.100000
v 0.293278 -0.189333 -0.100000
v 0.306998 -0.211333 0.100000
v 0.306998 -0.211333 -0.100000
v 0.323625 -0.231500 0.100000
v 0.323625 -0.231500 -0.100000
v 0.343106 -0.249833 0.100000
v 0.343106 -0.249833 -0.100000
v 0.365389 -0.266333 0.100000
v 0.365389 -0.266333 -0.100000
v 0.390422 -0.281000 0.100000
v 0.390422 -0.281000 -0.100000
v 0.418153 -0.293833 0.100000
v 0.418153 -0.293833 -0.100000
v 0.448529 -0.304833 0.100000
v 0.448529 -0.304833 -0.100000
v 0.481500 -0.314000 0.100000
v 0.481500 -0.314000 -0.100000
v 0.492724 -0.316338 0.100000
v 0.492724 -0.316338 -0.100000
v 0.503880 -0.318370 0.100000
v 0.503880 -0.318370 -0.100000
v 0.514937 -0.320125 0.100000
v 0.514937 -0.320125 -0.100000
v 0.525870 -0.321630 0.100000
v 0.525870 -0.321630 -0.100000
v 0.536650 -0.322912 0.100000
v 0.536650 -0.322912 -0.100000
v 0.547250 -0.324000 0.100000
v 0.547250 -0.324000 -0.100000
v 0.557641 -0.324921 0.100000
v 0.557641 -0.324921 -0.100000
v 0.567796 -0.325704 0.100000
v 0.567796 -0.325704 -0.100000
v 0.577687 -0.326375 0.100000
v 0.577687 -0.326375 -0.100000
v 0.587287 -0.326963 0.100000
v 0.587287 -0.326963 -0.100000
v 0.596567 -0.327495 0.100000
v 0.596567 -0.327495 -0.100000
v 0.605500 -0.328000 0.100000
v 0.605500 -0.328000 -0.100000
v 0.633500 -0.247000 0.100000
v 0.633500 -0.247000 -0.100000
v 0.624132 -0.247225 0.100000
v 0.624132 -0.247225 -0.100000
v 0.614555 -0.247384 0.100000
v 0.614555 -0.247384 -0.100000
v 0.604812 -0.247453 0.100000
v 0.604812 -0.247453 -0.100000
v 0.594944 -0.247407 0.100000
v 0.594944 -0.247407 -0.100000
v 0.584993 -0.247223 0.100000
v 0.584993 -0.247223 -0.100000
v 0.575000 -0.246875 0.100000
v 0.575000 -0.246875 -0.100000
v 0.565007 -0.246340 0.100000
v 0.565007 -0.246340 -0.100000
v 0.555055 -0.245593 0.100000
v 0.555055 -0.245593 -0.100000
v 0.545187 -0.244609 0.100000
v 0.545187 -0.244609 -0.100000
v 0.535444 -0.243366 0.100000
v 0.535444 -0.243366 -0.100000
v 0.525868 -0.241837 0.100000
v 0.525868 -0.241837 -0.100000
v 0.516500 -0.240000 0.100000
v 0.516500 -0.240000 -0.100000
v 0.494708 -0.235116 0.100000
v 0.494708 -0.235116 -0.100000
v 0.473500 -0.228931 0.100000
v 0.473500 -0.228931 -0.100000
v 0.453125 -0.221391 0.100000
v 0.453125 -0.221391 -0.100000
v 0.433833 -0.212444 0.100000
v 0.433833 -0.212444 -0.100000
v 0.415875 -0.202040 0.100000
v 0.415875 -0.202040 -0.100000
v 0.399500 -0.190125 0.100000
v 0.399500 -0.190125 -0.100000
v 0.384958 -0.176648 0.100000
v 0.384958 -0.176648 -0.100000
v 0.372500 -0.161556 0.100000
v 0.372500 -0.161556 -0.100000
v 0.362375 -0.144797 0.100000
v 0.362375 -0.144797 -0.100000
v 0.354833 -0.126319 0.100000
v 0.354833 -0.126319 -0.100000
v 0.350125 -0.106071 0.100000
v 0.350125 -0.106071 -0.100000
v 0.348500 -0.084000 0.100000
v 0.348500 -0.084000 -0.100000
v 0.350070 -0.063567 0.100000
v 0.350070 -0.063567 -0.100000
v 0.354643 -0.044782 0.100000
v 0.354643 -0.044782 -0.100000
v 0.362016 -0.027672 0.100000
v 0.362015 -0.027672 -0.100000
v 0.371981 -0.012259 0.100000
v 0.371981 -0.012259 -0.100000
v 0.384336 0.001431 0.100000
v 0.384336 0.001431 -0.100000
v 0.398875 0.013375 0.100000
v 0.398875 0.013375 -0.100000
v 0.415393 0.023548 0.100000
v 0.415393 0.023548 -0.100000
v 0.433685 0.031926 0.100000
v 0.433685 0.031926 -0.100000
v 0.453547 0.038484 0.100000
v 0.453547 0.038484 -0.100000
v 0.474773 0.043199 0.100000
v 0.474773 0.043199 -0.100000
v 0.497159 0.046046 0.100000
v 0.497159 0.046046 -0.100000
v 0.520500 0.047000 0.100000
v 0.520500 0.047000 -0.100000
v 0.539170 0.046710 0.100000
v 0.539170 0.046710 -0.100000
v 0.557690 0.045847 0.100000
v 0.557690 0.045847 -0.100000
v 0.576078 0.044422 0.100000
v 0.576078 0.044422 -0.100000
v 0.594352 0.042444 0.100000
v 0.594352 0.042444 -0.100000
v 0.612528 0.039925 0.100000
v 0.612528 0.039925 -0.100000
v 0.630625 0.036875 0.100000
v 0.630625 0.036875 -0.100000
v 0.648659 0.033304 0.100000
v 0.648659 0.033304 -0.100000
v 0.666648 0.029222 0.100000
v 0.666648 0.029222 -0.100000
v 0.684609 0.024641 0.100000
v 0.684609 0.024641 -0.100000
v 0.702560 0.019569 0.100000
v 0.702560 0.019569 -0.100000
v 0.720518 0.014019 0.100000
v 0.720518 0.014019 -0.100000
v 0.738500 0.008000 0.100000
v 0.738500 0.008000 -0.100000
v 0.734500 -0.209000 0.100000
v 0.734500 -0.209000 -0.100000
v 0.735200 -0.230957 0.100000
v 0.735200 -0.230957 -0.100000
v 0.737268 -0.250403 0.100000
v 0.737268 -0.250403 -0.100000
v 0.740656 -0.267453 0.100000
v 0.740656 -0.267453 -0.100000
v 0.745315 -0.282222 0.100000
v 0.745315 -0.282222 -0.100000
v 0.751196 -0.294825 0.100000
v 0.751196 -0.294825 -0.100000
v 0.758250 -0.305375 0.100000
v 0.758250 -0.305375 -0.100000
v 0.766429 -0.313988 0.100000
v 0.766429 -0.313988 -0.100000
v 0.775685 -0.320778 0.100000
v 0.775685 -0.320778 -0.100000
v 0.785969 -0.325859 0.100000
v 0.785969 -0.325859 -0.100000
v 0.797231 -0.329347 0.100000
v 0.797231 -0.329347 -0.100000
v 0.809425 -0.331356 0.100000
v 0.809425 -0.331356 -0.100000
v 0.822500 -0.332000 0.100000
v 0.822500 -0.332000 -0.100000
v 0.842978 -0.330434 0.100000
v 0.842978 -0.330434 -0.100000
v 0.864991 -0.325884 0.100000
v 0.864991 -0.325884 -0.100000
v 0.887906 -0.318578 0.100000
v 0.887906 -0.318578 -0.100000
v 0.911092 -0.308741 0.100000
v 0.911092 -0.308741 -0.100000
v 0.933918 -0.296598 0.100000
v 0.933918 -0.296598 -0.100000
v 0.955750 -0.282375 0.100000
v 0.955750 -0.282375 -0.100000
v 0.975957 -0.266298 0.100000
v 0.975957 -0.266298 -0.100000
v 0.993907 -0.248593 0.100000
v 0.993907 -0.248593 -0.100000
v 1.008969 -0.229484 0.100000
v 1.008969 -0.229484 -0.100000
v 1.020509 -0.209199 0.100000
v 1.020509 -0.209199 -0.100000
v 1.027897 -0.187962 0.100000
v 1.027897 -0.187962 -0.100000
v 1.030500 -0.166000 0.100000
v 1.030500 -0.166000 -0.100000
v 1.028387 -0.145191 0.100000
v 1.028387 -0.145191 -0.100000
v 1.022264 -0.124361 0.100000
v 1.022264 -0.124361 -0.100000
v 1.012453 -0.103656 0.100000
v 1.012453 -0.103656 -0.100000
v 0.999278 -0.083222 0.100000
v 0.999278 -0.083222 -0.100000
v 0.983061 -0.063205 0.100000
v 0.983061 -0.063205 -0.100000
v 0.964125 -0.043750 0.100000
v 0.964125 -0.043750 -0.100000
v 0.942793 -0.025003 0.100000
v 0.942793 -0.025003 -0.100000
v 0.919389 -0.007111 0.100000
v 0.919389 -0.007111 -0.100000
v 0.894234 0.009781 0.100000
v 0.894234 0.009781 -0.100000
v 0.867653 0.025528 0.100000
v 0.867653 0.025528 -0.100000
v 0.839967 0.039983 0.100000
v 0.839967 0.039983 -0.100000
v 0.811500 0.053000 0.100000
v 0.811500 0.053000 -0.100000
v 0.811500 0.110000 0.100000
v 0.811500 0.110000 -0.100000
v 0.810500 0.241000 0.100000
v 0.810500 0.241000 -0.100000
v 0.817437 0.240521 0.100000
v 0.817437 0.240521 -0.100000
v 0.824245 0.240083 0.100000
v 0.824245 0.240083 -0.100000
v 0.830922 0.239688 0.100000
v 0.830922 0.239688 -0.100000
v 0.837463 0.239333 0.100000
v 0.837463 0.239333 -0.100000
v 0.843865 0.239021 0.100000
v 0.843865 0.239021 -0.100000
v 0.850125 0.238750 0.100000
v 0.850125 0.238750 -0.100000
v 0.856239 0.238521 0.100000
v 0.856239 0.238521 -0.100000
v 0.862204 0.238333 0.100000
v 0.862204 0.238333 -0.100000
v 0.868016 0.238188 0.100000
v 0.868016 0.238188 -0.100000
v 0.873671 0.238083 0.100000
v 0.873671 0.238083 -0.100000
v 0.879167 0.238021 0.100000
v 0.879167 0.238021 -0.100000
v 0.884500 0.238000 0.100000
v 0.884500 0.238000 -0.100000
v 0.898343 0.238022 0.100000
v 0.898343 0.238022 -0.100000
v 0.911412 0.238093 0.100000
v 0.911412 0.238093 -0.100000
v 0.923766 0.238219 0.100000
v 0.923766 0.238219 -0.100000
v 0.935463 0.238407 0.100000
v 0.935463 0.238407 -0.100000
v 0.946563 0.238666 0.100000
v 0.946563 0.238666 -0.100000
v 0.957125 0.239000 0.100000
v 0.957125 0.239000 -0.100000
v 0.967208 0.239418 0.100000
v 0.967208 0.239418 -0.100000
v 0.976870 0.239926 0.100000
v 0.976870 0.239926 -0.100000
v 0.986172 0.240531 0.100000
v 0.986172 0.240531 -0.100000
v 0.995171 0.241241 0.100000
v 0.995171 0.241241 -0.100000
v 1.003928 0.242061 0.100000
v 1.003928 0.242061 -0.100000
v 1.012500 0.243000 0.100000
v 1.012500 0.243000 -0.100000
v 1.014500 0.319000 0.100000
v 1.014500 0.319000 -0.100000
v 1.001134 0.317372 0.100000
v 1.001134 0.317372 -0.100000
v 0.988491 0.315977 0.100000
v 0.988491 0.315977 -0.100000
v 0.976500 0.314797 0.100000
v 0.976500 0.314797 -0.100000
v 0.965093 0.313815 0.100000
v 0.965093 0.313815 -0.100000
v 0.954199 0.313013 0.100000
v 0.954199 0.313013 -0.100000
v 0.943750 0.312375 0.100000
v 0.943750 0.312375 -0.100000
v 0.933676 0.311883 0.100000
v 0.933676 0.311883 -0.100000
v 0.923907 0.311519 0.100000
v 0.923907 0.311519 -0.100000
v 0.914375 0.311266 0.100000
v 0.914375 0.311266 -0.100000
v 0.905009 0.311106 0.100000
v 0.905009 0.311106 -0.100000
v 0.895741 0.311024 0.100000
v 0.895741 0.311024 -0.100000
v 0.886500 0.311000 0.100000
v 0.886500 0.311000 -0.100000
v -0.126500 0.216000 0.100000
v -0.126500 0.216000 -0.100000
v -0.127500 0.355000 0.100000
v -0.127500 0.355000 -0.100000
v -0.127458 0.362593 0.100000
v -0.127458 0.362593 -0.100000
v -0.127333 0.369907 0.100000
v -0.127333 0.369907 -0.100000
v -0.127125 0.377000 0.100000
v -0.127125 0.377000 -0.100000
v -0.126833 0.383926 0.100000
v -0.126833 0.383926 -0.100000
v -0.126458 0.390741 0.100000
v -0.126458 0.390741 -0.100000
v -0.126000 0.397500 0.100000
v -0.126000 0.397500 -0.100000
v -0.125458 0.404259 0.100000
v -0.125458 0.404259 -0.100000
v -0.124833 0.411074 0.100000
v -0.124833 0.411074 -0.100000
v -0.124125 0.418000 0.100000
v -0.124125 0.418000 -0.100000
v -0.123333 0.425093 0.100000
v -0.123333 0.425093 -0.100000
v -0.122458 0.432407 0.100000
v -0.122458 0.432407 -0.100000
v -0.121500 0.440000 0.100000
v -0.121500 0.440000 -0.100000
v -0.208500 0.440000 0.100000
v -0.208500 0.440000 -0.100000
v -0.208001 0.434167 0.100000
v -0.208001 0.434167 -0.100000
v -0.207509 0.428167 0.100000
v -0.207509 0.428167 -0.100000
v -0.207031 0.422000 0.100000
v -0.207031 0.422000 -0.100000
v -0.206574 0.415667 0.100000
v -0.206574 0.415667 -0.100000
v -0.206145 0.409167 0.100000
v -0.206145 0.409167 -0.100000
v -0.205750 0.402500 0.100000
v -0.205750 0.402500 -0.100000
v -0.205397 0.395667 0.100000
v -0.205397 0.395667 -0.100000
v -0.205093 0.388667 0.100000
v -0.205093 0.388667 -0.100000
v -0.204844 0.381500 0.100000
v -0.204844 0.381500 -0.100000
v -0.204657 0.374167 0.100000
v -0.204657 0.374167 -0.100000
v -0.204541 0.366667 0.100000
v -0.204541 0.366667 -0.100000
v -0.204500 0.359000 0.100000
v -0.204500 0.359000 -0.100000
v -0.203500 0.224000 0.100000
v -0.203500 0.224000 -0.100000
v -0.228359 0.226289 0.100000
v -0.228359 0.226289 -0.100000
v -0.253875 0.228648 0.100000
v -0.253875 0.228648 -0.100000
v -0.279953 0.231063 0.100000
v -0.279953 0.231063 -0.100000
v -0.306500 0.233519 0.100000
v -0.306500 0.233519 -0.100000
v -0.333422 0.236002 0.100000
v -0.333422 0.236002 -0.100000
v -0.360625 0.238500 0.100000
v -0.360625 0.238500 -0.100000
v -0.388016 0.240998 0.100000
v -0.388016 0.240998 -0.100000
v -0.415500 0.243482 0.100000
v -0.415500 0.243482 -0.100000
v -0.442984 0.245938 0.100000
v -0.442984 0.245938 -0.100000
v -0.470375 0.248352 0.100000
v -0.470375 0.248352 -0.100000
v -0.497578 0.250711 0.100000
v -0.497578 0.250711 -0.100000
v -0.524500 0.253000 0.100000
v -0.524500 0.253000 -0.100000
v -0.524500 0.396000 0.100000
v -0.524500 0.396000 -0.100000
v -0.524459 0.401773 0.100000
v -0.524459 0.401773 -0.100000
v -0.524338 0.408014 0.100000
v -0.524338 0.408014 -0.100000
v -0.524141 0.414609 0.100000
v -0.524141 0.414609 -0.100000
v -0.523870 0.421444 0.100000
v -0.523870 0.421444 -0.100000
v -0.523531 0.428405 0.100000
v -0.523531 0.428405 -0.100000
v -0.523125 0.435375 0.100000
v -0.523125 0.435375 -0.100000
v -0.522657 0.442241 0.100000
v -0.522657 0.442241 -0.100000
v -0.522130 0.448889 0.100000
v -0.522130 0.448889 -0.100000
v -0.521547 0.455203 0.100000
v -0.521547 0.455203 -0.100000
v -0.520912 0.461069 0.100000
v -0.520912 0.461069 -0.100000
v -0.520229 0.466373 0.100000
v -0.520229 0.466373 -0.100000
v -0.519500 0.471000 0.100000
v -0.519500 0.471000 -0.100000
v -0.604500 0.471000 0.100000
v -0.604500 0.471000 -0.100000
v -0.603791 0.466413 0.100000
v -0.603791 0.466413 -0.100000
v -0.603157 0.461222 0.100000
v -0.603157 0.461222 -0.100000
v -0.602594 0.455531 0.100000
v -0.602594 0.455531 -0.100000
v -0.602093 0.449444 0.100000
v -0.602093 0.449444 -0.100000
v -0.601647 0.443066 0.100000
v -0.601647 0.443066 -0.100000
v -0.601250 0.436500 0.100000
v -0.601250 0.436500 -0.100000
v -0.600895 0.429851 0.100000
v -0.600895 0.429851 -0.100000
v -0.600574 0.423222 0.100000
v -0.600574 0.423222 -0.100000
v -0.600281 0.416719 0.100000
v -0.600281 0.416719 -0.100000
v -0.600009 0.410444 0.100000
v -0.600009 0.410444 -0.100000
v -0.599751 0.404504 0.100000
v -0.599751 0.404504 -0.100000
v -0.599500 0.399000 0.100000
v -0.599500 0.399000 -0.100000
v -0.597500 0.259000 0.100000
v -0.597500 0.259000 -0.100000
v -0.708500 0.266000 0.100000
v -0.708500 0.266000 -0.100000
v -0.715038 0.266499 0.100000
v -0.715038 0.266499 -0.100000
v -0.721639 0.266995 0.100000
v -0.721639 0.266995 -0.100000
v -0.728281 0.267484 0.100000
v -0.728281 0.267484 -0.100000
v -0.734945 0.267963 0.100000
v -0.734945 0.267963 -0.100000
v -0.741608 0.268428 0.100000
v -0.741608 0.268428 -0.100000
v -0.748250 0.268875 0.100000
v -0.748250 0.268875 -0.100000
v -0.754851 0.269302 0.100000
v -0.754851 0.269302 -0.100000
v -0.761389 0.269704 0.100000
v -0.761389 0.269704 -0.100000
v -0.767844 0.270078 0.100000
v -0.767844 0.270078 -0.100000
v -0.774195 0.270421 0.100000
v -0.774195 0.270421 -0.100000
v -0.780420 0.270730 0.100000
v -0.780420 0.270730 -0.100000
v -0.786500 0.271000 0.100000
v -0.786500 0.271000 -0.100000
v -0.786500 0.193000 0.100000
v -0.786500 0.193000 -0.100000
v -0.782062 0.193210 0.100000
v -0.782062 0.193210 -0.100000
v -0.776829 0.193347 0.100000
v -0.776829 0.193347 -0.100000
v -0.770922 0.193422 0.100000
v -0.770922 0.193422 -0.100000
v -0.764463 0.193444 0.100000
v -0.764463 0.193444 -0.100000
v -0.757574 0.193425 0.100000
v -0.757574 0.193425 -0.100000
v -0.750375 0.193375 0.100000
v -0.750375 0.193375 -0.100000
v -0.742989 0.193304 0.100000
v -0.742989 0.193304 -0.100000
v -0.735537 0.193222 0.100000
v -0.735537 0.193222 -0.100000
v -0.728141 0.193141 0.100000
v -0.728141 0.193141 -0.100000
v -0.720921 0.193069 0.100000
v -0.720921 0.193069 -0.100000
v -0.714001 0.193019 0.100000
v -0.714001 0.193019 -0.100000
v -0.707500 0.193000 0.100000
v -0.707500 0.193000 -0.100000
v -0.699835 0.192729 0.100000
v -0.699835 0.192729 -0.100000
v -0.691843 0.192417 0.100000
v -0.691843 0.192417 -0.100000
v -0.683531 0.192062 0.100000
v -0.683531 0.192062 -0.100000
v -0.674908 0.191667 0.100000
v -0.674908 0.191667 -0.100000
v -0.665978 0.191229 0.100000
v -0.665978 0.191229 -0.100000
v -0.656750 0.190750 0.100000
v -0.656750 0.190750 -0.100000
v -0.647230 0.190229 0.100000
v -0.647230 0.190229 -0.100000
v -0.637426 0.189667 0.100000
v -0.637426 0.189667 -0.100000
v -0.627344 0.189062 0.100000
v -0.627344 0.189062 -0.100000
v -0.616991 0.188417 0.100000
v -0.616991 0.188417 -0.100000
v -0.606374 0.187729 0.100000
v -0.606374 0.187729 -0.100000
v -0.595500 0.187000 0.100000
v -0.595500 0.187000 -0.100000
v -0.594995 0.168450 0.100000
v -0.594995 0.168450 -0.100000
v -0.594463 0.149435 0.100000
v -0.594463 0.149435 -0.100000
v -0.593875 0.130156 0.100000
v -0.593875 0.130156 -0.100000
v -0.593204 0.110815 0.100000
v -0.593204 0.110815 -0.100000
v -0.592421 0.091612 0.100000
v -0.592421 0.091612 -0.100000
v -0.591500 0.072750 0.100000
v -0.591500 0.072750 -0.100000
v -0.590412 0.054429 0.100000
v -0.590412 0.054429 -0.100000
v -0.589130 0.036852 0.100000
v -0.589130 0.036852 -0.100000
v -0.587625 0.020219 0.100000
v -0.587625 0.020219 -0.100000
v -0.585870 0.004731 0.100000
v -0.585870 0.004731 -0.100000
v -0.583838 -0.009409 0.100000
v -0.583838 -0.009409 -0.100000
v -0.581500 -0.022000 0.100000
v -0.581500 -0.022000 -0.100000
v -0.578973 -0.032365 0.100000
v -0.578973 -0.032365 -0.100000
v -0.575866 -0.041500 0.100000
v -0.575866 -0.041500 -0.100000
v -0.572141 -0.049469 0.100000
v -0.572141 -0.049469 -0.100000
v -0.567759 -0.056333 0.100000
v -0.567759 -0.056333 -0.100000
v -0.562684 -0.062156 0.100000
v -0.562684 -0.062156 -0.100000
v -0.556875 -0.067000 0.100000
v -0.556875 -0.067000 -0.100000
v -0.550296 -0.070927 0.100000
v -0.550296 -0.070927 -0.100000
v -0.542907 -0.074000 0.100000
v -0.542907 -0.074000 -0.100000
v -0.534672 -0.076281 0.100000
v -0.534672 -0.076281 -0.100000
v -0.525551 -0.077833 0.100000
v -0.525551 -0.077833 -0.100000
v -0.515506 -0.078719 0.100000
v -0.515506 -0.078719 -0.100000
v -0.504500 -0.079000 0.100000
v -0.504500 -0.079000 -0.100000
v -0.494856 -0.078820 0.100000
v -0.494856 -0.078820 -0.100000
v -0.484097 -0.078310 0.100000
v -0.484097 -0.078310 -0.100000
v -0.472484 -0.077516 0.100000
v -0.472484 -0.077516 -0.100000
v -0.460278 -0.076481 0.100000
v -0.460278 -0.076481 -0.100000
v -0.447738 -0.075253 0.100000
v -0.447738 -0.075253 -0.100000
v -0.435125 -0.073875 0.100000
v -0.435125 -0.073875 -0.100000
v -0.422700 -0.072393 0.100000
v -0.422700 -0.072393 -0.100000
v -0.410722 -0.070852 0.100000
v -0.410722 -0.070852 -0.100000
v -0.399453 -0.069297 0.100000
v -0.399453 -0.069297 -0.100000
v -0.389153 -0.067773 0.100000
v -0.389153 -0.067773 -0.100000
v -0.380082 -0.066326 0.100000
v -0.380082 -0.066326 -0.100000
v -0.372500 -0.065000 0.100000
v -0.372500 -0.065000 -0.100000
v -0.374500 0.004000 0.100000
v -0.374500 0.004000 -0.100000
v -0.383171 0.002064 0.100000
v -0.383171 0.002064 -0.100000
v -0.392116 0.000259 0.100000
v -0.392116 0.000259 -0.100000
v -0.401234 -0.001406 0.100000
v -0.401235 -0.001406 -0.100000
v -0.410426 -0.002926 0.100000
v -0.410426 -0.002926 -0.100000
v -0.419590 -0.004293 0.100000
v -0.419590 -0.004293 -0.100000
v -0.428625 -0.005500 0.100000
v -0.428625 -0.005500 -0.100000
v -0.437431 -0.006541 0.100000
v -0.437431 -0.006541 -0.100000
v -0.445907 -0.007407 0.100000
v -0.445908 -0.007407 -0.100000
v -0.453953 -0.008094 0.100000
v -0.453953 -0.008094 -0.100000
v -0.461468 -0.008593 0.100000
v -0.461468 -0.008593 -0.100000
v -0.468350 -0.008897 0.100000
v -0.468350 -0.008897 -0.100000
v -0.474500 -0.009000 0.100000
v -0.474500 -0.009000 -0.100000
v -0.480232 -0.008908 0.100000
v -0.480232 -0.008908 -0.100000
v -0.485440 -0.008597 0.100000
v -0.485440 -0.008597 -0.100000
v -0.490141 -0.008016 0.100000
v -0.490141 -0.008016 -0.100000
v -0.494352 -0.007111 0.100000
v -0.494352 -0.007111 -0.100000
v -0.498091 -0.005832 0.100000
v -0.498091 -0.005832 -0.100000
v -0.501375 -0.004125 0.100000
v -0.501375 -0.004125 -0.100000
v -0.504222 -0.001939 0.100000
v -0.504222 -0.001939 -0.100000
v -0.506648 0.000778 0.100000
v -0.506648 0.000778 -0.100000
v -0.508672 0.004078 0.100000
v -0.508672 0.004078 -0.100000
v -0.510310 0.008014 0.100000
v -0.510310 0.008014 -0.100000
v -0.511580 0.012637 0.100000
v -0.511580 0.012637 -0.100000
v -0.512500 0.018000 0.100000
v -0.512500 0.018000 -0.100000
v -0.513729 0.026956 0.100000
v -0.513729 0.026956 -0.100000
v -0.514912 0.037231 0.100000
v -0.514912 0.037231 -0.100000
v -0.516047 0.048688 0.100000
v -0.516047 0.048688 -0.100000
v -0.517130 0.061185 0.100000
v -0.517130 0.061185 -0.100000
v -0.518157 0.074586 0.100000
v -0.518157 0.074586 -0.100000
v -0.519125 0.088750 0.100000
v -0.519125 0.088750 -0.100000
v -0.520031 0.103539 0.100000
v -0.520031 0.103539 -0.100000
v -0.520870 0.118815 0.100000
v -0.520870 0.118815 -0.100000
v -0.521641 0.134438 0.100000
v -0.521641 0.134438 -0.100000
v -0.522338 0.150269 0.100000
v -0.522338 0.150269 -0.100000
v -0.522959 0.166169 0.100000
v -0.522959 0.166169 -0.100000
v -0.523500 0.182000 0.100000
v -0.523500 0.182000 -0.100000
v -0.497476 0.179920 0.100000
v -0.497476 0.179920 -0.100000
v -0.470977 0.177694 0.100000
v -0.470977 0.177694 -0.100000
v -0.444109 0.175344 0.100000
v -0.444109 0.175344 -0.100000
v -0.416981 0.172889 0.100000
v -0.416982 0.172889 -0.100000
v -0.389701 0.170351 0.100000
v -0.389701 0.170351 -0.100000
v -0.362375 0.167750 0.100000
v -0.362375 0.167750 -0.100000
v -0.335112 0.165108 0.100000
v -0.335112 0.165108 -0.100000
v -0.308019 0.162444 0.100000
v -0.308019 0.162444 -0.100000
v -0.281203 0.159781 0.100000
v -0.281203 0.159781 -0.100000
v -0.254773 0.157139 0.100000
v -0.254773 0.157139 -0.100000
v -0.228836 0.154538 0.100000
v -0.228836 0.154538 -0.100000
v -0.203500 0.152000 0.100000
v -0.203500 0.152000 -0.100000
v -0.203271 0.126267 0.100000
v -0.203271 0.126267 -0.100000
v -0.203083 0.100722 0.100000
v -0.203083 0.100722 -0.100000
v -0.202938 0.075594 0.100000
v -0.202938 0.075594 -0.100000
v -0.202833 0.051111 0.100000
v -0.202833 0.051111 -0.100000
v -0.202771 0.027503 0.100000
v -0.202771 0.027503 -0.100000
v -0.202750 0.005000 0.100000
v -0.202750 0.005000 -0.100000
v -0.202771 -0.016170 0.100000
v -0.202771 -0.016170 -0.100000
v -0.202833 -0.035778 0.100000
v -0.202833 -0.035778 -0.100000
v -0.202938 -0.053594 0.100000
v -0.202938 -0.053594 -0.100000
v -0.203083 -0.069389 0.100000
v -0.203083 -0.069389 -0.100000
v -0.203271 -0.082934 0.100000
v -0.203271 -0.082934 -0.100000
v -0.203500 -0.094000 0.100000
v -0.203500 -0.094000 -0.100000
v -0.204329 -0.119560 0.100000
v -0.204329 -0.119560 -0.100000
v -0.205713 -0.142315 0.100000
v -0.205713 -0.142315 -0.100000
v -0.208250 -0.162375 0.100000
v -0.208250 -0.162375 -0.100000
v -0.212537 -0.179852 0.100000
v -0.212537 -0.179852 -0.100000
v -0.219171 -0.194856 0.100000
v -0.219171 -0.194856 -0.100000
v -0.228750 -0.207500 0.100000
v -0.228750 -0.207500 -0.100000
v -0.241870 -0.217894 0.100000
v -0.241870 -0.217894 -0.100000
v -0.259130 -0.226148 0.100000
v -0.259130 -0.226148 -0.100000
v -0.281125 -0.232375 0.100000
v -0.281125 -0.232375 -0.100000
v -0.308454 -0.236685 0.100000
v -0.308454 -0.236685 -0.100000
v -0.341713 -0.239190 0.100000
v -0.341713 -0.239190 -0.100000
v -0.381500 -0.240000 0.100000
v -0.381500 -0.240000 -0.100000
v -0.408790 -0.239757 0.100000
v -0.408790 -0.239757 -0.100000
v -0.436486 -0.239056 0.100000
v -0.436486 -0.239056 -0.100000
v -0.464328 -0.237938 0.100000
v -0.464328 -0.237938 -0.100000
v -0.492056 -0.236444 0.100000
v -0.492056 -0.236444 -0.100000
v -0.519408 -0.234618 0.100000
v -0.519408 -0.234618 -0.100000
v -0.546125 -0.232500 0.100000
v -0.546125 -0.232500 -0.100000
v -0.571946 -0.230132 0.100000
v -0.571946 -0.230132 -0.100000
v -0.596611 -0.227556 0.100000
v -0.596611 -0.227556 -0.100000
v -0.619859 -0.224813 0.100000
v -0.619859 -0.224813 -0.100000
v -0.641431 -0.221944 0.100000
v -0.641431 -0.221944 -0.100000
v -0.661064 -0.218993 0.100000
v -0.661064 -0.218993 -0.100000
v -0.678500 -0.216000 0.100000
v -0.678500 -0.216000 -0.100000
v -0.675500 -0.301000 0.100000
v -0.675500 -0.301000 -0.100000
v -0.657648 -0.302785 0.100000
v -0.657648 -0.302785 -0.100000
v -0.637769 -0.304616 0.100000
v -0.637769 -0.304616 -0.100000
v -0.616125 -0.306453 0.100000
v -0.616125 -0.306453 -0.100000
v -0.592982 -0.308259 0.100000
v -0.592982 -0.308259 -0.100000
v -0.568602 -0.309996 0.100000
v -0.568602 -0.309996 -0.100000
v -0.543250 -0.311625 0.100000
v -0.543250 -0.311625 -0.100000
v -0.517190 -0.313108 0.100000
v -0.517190 -0.313108 -0.100000
v -0.490685 -0.314407 0.100000
v -0.490685 -0.314407 -0.100000
v -0.464000 -0.315484 0.100000
v -0.464000 -0.315484 -0.100000
v -0.437398 -0.316301 0.100000
v -0.437398 -0.316301 -0.100000
v -0.411144 -0.316819 0.100000
v -0.411144 -0.316819 -0.100000
v -0.385500 -0.317000 0.100000
v -0.385500 -0.317000 -0.100000
v -0.331993 -0.315865 0.100000
v -0.331993 -0.315865 -0.100000
v -0.286528 -0.312338 0.100000
v -0.286528 -0.312338 -0.100000
v -0.248438 -0.306234 0.100000
v -0.248438 -0.306234 -0.100000
v -0.217056 -0.297370 0.100000
v -0.217056 -0.297370 -0.100000
v -0.191715 -0.285562 0.100000
v -0.191715 -0.285562 -0.100000
v -0.171750 -0.270625 0.100000
v -0.171750 -0.270625 -0.100000
v -0.156493 -0.252376 0.100000
v -0.156493 -0.252376 -0.100000
v -0.145278 -0.230630 0.100000
v -0.145278 -0.230630 -0.100000
v -0.137438 -0.205203 0.100000
v -0.137438 -0.205203 -0.100000
v -0.132306 -0.175912 0.100000
v -0.132306 -0.175912 -0.100000
v -0.129215 -0.142572 0.100000
v -0.129215 -0.142572 -0.100000
v -0.127500 -0.105000 0.100000
v -0.127500 -0.105000 -0.100000
v -0.127270 -0.092977 0.100000
v -0.127270 -0.092977 -0.100000
v -0.127079 -0.078569 0.100000
v -0.127079 -0.078569 -0.100000
v -0.126922 -0.062016 0.100000
v -0.126922 -0.062016 -0.100000
v -0.126796 -0.043556 0.100000
v -0.126796 -0.043556 -0.100000
v -0.126699 -0.023429 0.100000
v -0.126699 -0.023429 -0.100000
v -0.126625 -0.001875 0.100000
v -0.126625 -0.001875 -0.100000
v -0.126572 0.020866 0.100000
v -0.126572 0.020866 -0.100000
v -0.126537 0.044556 0.100000
v -0.126537 0.044556 -0.100000
v -0.126516 0.068953 0.100000
v -0.126516 0.068953 -0.100000
v -0.126505 0.093819 0.100000
v -0.126505 0.093819 -0.100000
v -0.126501 0.118915 0.100000
v -0.126501 0.118915 -0.100000
v -0.126500 0.144000 0.100000
v -0.126500 0.144000 -0.100000
v -0.019500 0.132000 0.100000
v -0.019500 0.132000 -0.100000
v -0.011516 0.130961 0.100000
v -0.011516 0.130961 -0.100000
v -0.003130 0.129852 0.100000
v -0.003130 0.129852 -0.100000
v 0.005562 0.128688 0.100000
v 0.005562 0.128688 -0.100000
v 0.014463 0.127482 0.100000
v 0.014463 0.127482 -0.100000
v 0.023474 0.126248 0.100000
v 0.023474 0.126248 -0.100000
v 0.032500 0.125000 0.100000
v 0.032500 0.125000 -0.100000
v 0.041442 0.123752 0.100000
v 0.041442 0.123752 -0.100000
v 0.050204 0.122519 0.100000
v 0.050204 0.122519 -0.100000
v 0.058687 0.121313 0.100000
v 0.058687 0.121312 -0.100000
v 0.066796 0.120148 0.100000
v 0.066796 0.120148 -0.100000
v 0.074433 0.119039 0.100000
v 0.074433 0.119039 -0.100000
v 0.081500 0.118000 0.100000
v 0.081500 0.118000 -0.100000
v 0.090500 0.200000 0.100000
v 0.090500 0.200000 -0.100000
v 0.082629 0.200042 0.100000
v 0.082629 0.200042 -0.100000
v 0.074532 0.200167 0.100000
v 0.074532 0.200167 -0.100000
v 0.066234 0.200375 0.100000
v 0.066234 0.200375 -0.100000
v 0.057759 0.200667 0.100000
v 0.057759 0.200667 -0.100000
v 0.049131 0.201042 0.100000
v 0.049131 0.201042 -0.100000
v 0.040375 0.201500 0.100000
v 0.040375 0.201500 -0.100000
v 0.031514 0.202042 0.100000
v 0.031514 0.202042 -0.100000
v 0.022574 0.202667 0.100000
v 0.022574 0.202667 -0.100000
v 0.013578 0.203375 0.100000
v 0.013578 0.203375 -0.100000
v 0.004551 0.204167 0.100000
v 0.004551 0.204167 -0.100000
v -0.004483 0.205042 0.100000
v -0.004483 0.205042 -0.100000
v -0.013500 0.206000 0.100000
v -0.013500 0.206000 -0.100000
v -1.008584 0.389979 0.100000
v -1.008584 0.389979 -0.100000
v -1.016843 0.386912 0.100000
v -1.016843 0.386912 -0.100000
v -1.024281 0.381797 0.100000
v -1.024281 0.381797 -0.100000
v -1.030907 0.374630 0.100000
v -1.030907 0.374630 -0.100000
v -1.036728 0.365407 0.100000
v -1.036728 0.365407 -0.100000
v -1.041750 0.354125 0.100000
v -1.041750 0.354125 -0.100000
v -1.045980 0.340781 0.100000
v -1.045980 0.340781 -0.100000
v -1.049426 0.325370 0.100000
v -1.049426 0.325370 -0.100000
v -1.052094 0.307891 0.100000
v -1.052094 0.307891 -0.100000
v -1.053991 0.288338 0.100000
v -1.053991 0.288338 -0.100000
v -1.055124 0.266709 0.100000
v -1.055124 0.266709 -0.100000
v -1.055500 0.243000 0.100000
v -1.055500 0.243000 -0.100000
v -1.055459 0.232167 0.100000
v -1.055459 0.232167 -0.100000
v -1.055333 0.221671 0.100000
v -1.055333 0.221671 -0.100000
v -1.055125 0.211516 0.100000
v -1.055125 0.211516 -0.100000
v -1.054833 0.201704 0.100000
v -1.054833 0.201704 -0.100000
v -1.054458 0.192239 0.100000
v -1.054458 0.192239 -0.100000
v -1.054000 0.183125 0.100000
v -1.054000 0.183125 -0.100000
v -1.053458 0.174365 0.100000
v -1.053458 0.174365 -0.100000
v -1.052833 0.165963 0.100000
v -1.052833 0.165963 -0.100000
v -1.052125 0.157922 0.100000
v -1.052125 0.157922 -0.100000
v -1.051333 0.150245 0.100000
v -1.051333 0.150245 -0.100000
v -1.050458 0.142937 0.100000
v -1.050458 0.142937 -0.100000
v -1.049500 0.136000 0.100000
v -1.049500 0.136000 -0.100000
v -1.024500 -0.036000 0.100000
v -1.024500 -0.036000 -0.100000
v -1.022996 -0.046483 0.100000
v -1.022996 -0.046483 -0.100000
v -1.021468 -0.055944 0.100000
v -1.021468 -0.055944 -0.100000
v -1.019891 -0.064406 0.100000
v -1.019891 -0.064406 -0.100000
v -1.018241 -0.071889 0.100000
v -1.018241 -0.071889 -0.100000
v -1.016494 -0.078413 0.100000
v -1.016494 -0.078413 -0.100000
v -1.014625 -0.084000 0.100000
v -1.014625 -0.084000 -0.100000
v -1.012611 -0.088670 0.100000
v -1.012611 -0.088670 -0.100000
v -1.010426 -0.092444 0.100000
v -1.010426 -0.092444 -0.100000
v -1.008047 -0.095344 0.100000
v -1.008047 -0.095344 -0.100000
v -1.005449 -0.097389 0.100000
v -1.005449 -0.097389 -0.100000
v -1.002608 -0.098601 0.100000
v -1.002608 -0.098601 -0.100000
v -0.999500 -0.099000 0.100000
v -0.999500 -0.099000 -0.100000
v -0.996392 -0.098601 0.100000
v -0.996392 -0.098601 -0.100000
v -0.993551 -0.097389 0.100000
v -0.993551 -0.097389 -0.100000
v -0.990953 -0.095344 0.100000
v -0.990953 -0.095344 -0.100000
v -0.988574 -0.092444 0.100000
v -0.988574 -0.092444 -0.100000
v -0.986389 -0.088670 0.100000
v -0.986389 -0.088670 -0.100000
v -0.984375 -0.084000 0.100000
v -0.984375 -0.084000 -0.100000
v -0.982506 -0.078413 0.100000
v -0.982506 -0.078413 -0.100000
v -0.980759 -0.071889 0.100000
v -0.980759 -0.071889 -0.100000
v -0.979109 -0.064406 0.100000
v -0.979109 -0.064406 -0.100000
v -0.977532 -0.055944 0.100000
v -0.977532 -0.055944 -0.100000
v -0.976004 -0.046483 0.100000
v -0.976004 -0.046483 -0.100000
v -0.974500 -0.036000 0.100000
v -0.974500 -0.036000 -0.100000
v -0.949500 0.136000 0.100000
v -0.949500 0.136000 -0.100000
v -0.948542 0.142937 0.100000
v -0.948542 0.142937 -0.100000
v -0.947667 0.150245 0.100000
v -0.947667 0.150245 -0.100000
v -0.946875 0.157922 0.100000
v -0.946875 0.157922 -0.100000
v -0.946167 0.165963 0.100000
v -0.946167 0.165963 -0.100000
v -0.945542 0.174365 0.100000
v -0.945542 0.174365 -0.100000
v -0.945000 0.183125 0.100000
v -0.945000 0.183125 -0.100000
v -0.944542 0.192239 0.100000
v -0.944542 0.192239 -0.100000
v -0.944167 0.201704 0.100000
v -0.944167 0.201704 -0.100000
v -0.943875 0.211516 0.100000
v -0.943875 0.211516 -0.100000
v -0.943667 0.221671 0.100000
v -0.943667 0.221671 -0.100000
v -0.943542 0.232167 0.100000
v -0.943542 0.232167 -0.100000
v -0.943500 0.243000 0.100000
v -0.943500 0.243000 -0.100000
v -0.943876 0.266709 0.100000
v -0.943876 0.266709 -0.100000
v -0.945009 0.288338 0.100000
v -0.945009 0.288338 -0.100000
v -0.946906 0.307891 0.100000
v -0.946906 0.307891 -0.100000
v -0.949574 0.325370 0.100000
v -0.949574 0.325370 -0.100000
v -0.953020 0.340781 0.100000
v -0.953020 0.340781 -0.100000
v -0.957250 0.354125 0.100000
v -0.957250 0.354125 -0.100000
v -0.962272 0.365407 0.100000
v -0.962272 0.365407 -0.100000
v -0.968093 0.374630 0.100000
v -0.968093 0.374630 -0.100000
v -0.974719 0.381797 0.100000
v -0.974719 0.381797 -0.100000
v -0.982157 0.386912 0.100000
v -0.982157 0.386912 -0.100000
v -0.990416 0.389979 0.100000
v -0.990416 0.389979 -0.100000
v -0.999500 0.391000 0.100000
v -0.999500 0.391000 -0.100000
v -1.059950 -0.257113 0.100000
v -1.059950 -0.257113 -0.100000
v -1.058347 -0.264903 0.100000
v -1.058347 -0.264903 -0.100000
v -1.055766 -0.272297 0.100000
v -1.055766 -0.272297 -0.100000
v -1.052278 -0.279222 0.100000
v -1.052278 -0.279222 -0.100000
v -1.047957 -0.285606 0.100000
v -1.047957 -0.285606 -0.100000
v -1.042875 -0.291375 0.100000
v -1.042875 -0.291375 -0.100000
v -1.037106 -0.296457 0.100000
v -1.037106 -0.296457 -0.100000
v -1.030722 -0.300778 0.100000
v -1.030722 -0.300778 -0.100000
v -1.023797 -0.304266 0.100000
v -1.023797 -0.304266 -0.100000
v -1.016403 -0.306847 0.100000
v -1.016403 -0.306847 -0.100000
v -1.008613 -0.308450 0.100000
v -1.008613 -0.308450 -0.100000
v -1.000500 -0.309000 0.100000
v -1.000500 -0.309000 -0.100000
v -0.992387 -0.308450 0.100000
v -0.992387 -0.308450 -0.100000
v -0.984597 -0.306847 0.100000
v -0.984597 -0.306847 -0.100000
v -0.977203 -0.304266 0.100000
v -0.977203 -0.304266 -0.100000
v -0.970278 -0.300778 0.100000
v -0.970278 -0.300778 -0.100000
v -0.963894 -0.296457 0.100000
v -0.963894 -0.296457 -0.100000
v -0.958125 -0.291375 0.100000
v -0.958125 -0.291375 -0.100000
v -0.953043 -0.285606 0.100000
v -0.953043 -0.285606 -0.100000
v -0.948722 -0.279222 0.100000
v -0.948722 -0.279222 -0.100000
v -0.945234 -0.272297 0.100000
v -0.945234 -0.272297 -0.100000
v -0.942653 -0.264903 0.100000
v -0.942653 -0.264903 -0.100000
v -0.941050 -0.257113 0.100000
v -0.941050 -0.257113 -0.100000
v -0.940500 -0.249000 0.100000
v -0.940500 -0.249000 -0.100000
v -0.941050 -0.240887 0.100000
v -0.941050 -0.240887 -0.100000
v -0.942653 -0.233097 0.100000
v -0.942653 -0.233097 -0.100000
v -0.945234 -0.225703 0.100000
v -0.945234 -0.225703 -0.100000
v -0.948722 -0.218778 0.100000
v -0.948722 -0.218778 -0.100000
v -0.953043 -0.212394 0.100000
v -0.953043 -0.212394 -0.100000
v -0.958125 -0.206625 0.100000
v -0.958125 -0.206625 -0.100000
v -0.963894 -0.201543 0.100000
v -0.963894 -0.201543 -0.100000
v -0.970278 -0.197222 0.100000
v -0.970278 -0.197222 -0.100000
v -0.977203 -0.193734 0.100000
v -0.977203 -0.193734 -0.100000
v -0.984597 -0.191153 0.100000
v -0.984597 -0.191153 -0.100000
v -0.992387 -0.189550 0.100000
v -0.992387 -0.189550 -0.100000
v -1.000500 -0.189000 0.100000
v -1.000500 -0.189000 -0.100000
v -1.008613 -0.189550 0.100000
v -1.008613 -0.189550 -0.100000
v -1.016403 -0.191153 0.100000
v -1.016403 -0.191153 -0.100000
v -1.023797 -0.193734 0.100000
v -1.023797 -0.193734 -0.100000
v -1.030722 -0.197222 0.100000
v -1.030722 -0.197222 -0.100000
v -1.037106 -0.201543 0.100000
v -1.037106 -0.201543 -0.100000
v -1.042875 -0.206625 0.100000
v -1.042875 -0.206625 -0.100000
v -1.047957 -0.212394 0.100000
v -1.047957 -0.212394 -0.100000
v -1.052278 -0.218778 0.100000
v -1.052278 -0.218778 -0.100000
v -1.055766 -0.225703 0.100000
v -1.055766 -0.225703 -0.100000
v -1.058347 -0.233097 0.100000
v -1.058347 -0.233097 -0.100000
v -1.059950 -0.240887 0.100000
v -1.059950 -0.240887 -0.100000
v -1.060500 -0.249000 0.100000
v -1.060500 -0.249000 -0.100000
vn -0.0000 -0.0000 -1.0000
vn -0.0000 -0.0000 1.0000
vn -0.1328 -0.9911 -0.0000
vn 0.6529 -0.7575 -0.0000
vn 0.6217 -0.7832 -0.0000
vn 0.5975 -0.8018 -0.0000
vn 0.5780 -0.8160 -0.0000
vn 0.5616 -0.8274 -0.0000
vn 0.5474 -0.8369 -0.0000
vn 0.5346 -0.8451 -0.0000
vn 0.5226 -0.8526 -0.0000
vn 0.5108 -0.8597 -0.0000
vn 0.4985 -0.8669 -0.0000
vn 0.4849 -0.8746 -0.0000
vn 0.9648 -0.2631 -0.0000
vn 0.2622 0.9650 -0.0000
vn -0.4855 0.8743 -0.0000
vn -0.4971 0.8677 -0.0000
vn -0.5072 0.8618 -0.0000
vn -0.5166 0.8562 -0.0000
vn -0.5257 0.8507 -0.0000
vn -0.5350 0.8448 -0.0000
vn -0.5450 0.8385 -0.0000
vn -0.5561 0.8311 -0.0000
vn -0.5690 0.8223 -0.0000
vn -0.5850 0.8111 -0.0000
vn -0.6056 0.7957 -0.0000
vn -0.9859 0.1670 -0.0000
vn -0.9724 0.2333 -0.0000
vn -0.9040 0.4275 -0.0000
vn -0.8187 0.5742 -0.0000
vn -0.7317 0.6817 -0.0000
vn -0.6488 0.7610 -0.0000
vn -0.5707 0.8212 -0.0000
vn -0.4956 0.8685 -0.0000
vn -0.4203 0.9074 -0.0000
vn -0.3405 0.9403 -0.0000
vn -0.2498 0.9683 -0.0000
vn -0.1388 0.9903 -0.0000
vn -0.0082 1.0000 -0.0000
vn 0.1267 0.9919 -0.0000
vn 0.2660 0.9640 -0.0000
vn 0.4136 0.9105 -0.0000
vn 0.5589 0.8292 -0.0000
vn 0.6900 0.7238 -0.0000
vn 0.7975 0.6033 -0.0000
vn 0.8780 0.4787 -0.0000
vn 0.9332 0.3594 -0.0000
vn 0.9680 0.2508 -0.0000
vn 0.9879 0.1552 -0.0000
vn 0.9974 0.0724 -0.0000
vn 1.0000 0.0086 -0.0000
vn 0.5186 -0.8550 -0.0000
vn -0.4691 -0.8831 -0.0000
vn -0.5132 -0.8583 -0.0000
vn -0.5576 -0.8301 -0.0000
vn -0.6032 -0.7976 -0.0000
vn -0.6507 -0.7594 -0.0000
vn -0.7010 -0.7132 -0.0000
vn -0.7547 -0.6561 -0.0000
vn -0.8122 -0.5834 -0.0000
vn -0.8723 -0.4890 -0.0000
vn -0.9312 -0.3644 -0.0000
vn -0.9796 -0.2010 -0.0000
vn -1.0000 0.0074 -0.0000
vn 0.0071 1.0000 -0.0000
vn 0.0139 0.9999 -0.0000
vn 0.0204 0.9998 -0.0000
vn 0.0268 0.9996 -0.0000
vn 0.0329 0.9995 -0.0000
vn 0.0388 0.9992 -0.0000
vn 0.0445 0.9990 -0.0000
vn 0.0501 0.9987 -0.0000
vn 0.0556 0.9985 -0.0000
vn 0.0609 0.9981 -0.0000
vn 0.0661 0.9978 -0.0000
vn 0.7280 0.6856 -0.0000
vn 1.0000 0.0005 -0.0000
vn 0.9999 -0.0144 -0.0000
vn 0.9996 -0.0266 -0.0000
vn 0.9993 -0.0373 -0.0000
vn 0.9989 -0.0471 -0.0000
vn 0.9984 -0.0568 -0.0000
vn 0.9978 -0.0666 -0.0000
vn 0.9970 -0.0773 -0.0000
vn 0.9960 -0.0892 -0.0000
vn 0.9946 -0.1034 -0.0000
vn 0.9927 -0.1209 -0.0000
vn 0.9896 -0.1438 -0.0000
vn 0.7606 0.6493 -0.0000
vn -0.7607 0.6491 -0.0000
vn -0.9885 -0.1512 -0.0000
vn -0.9902 -0.1396 -0.0000
vn -0.9916 -0.1293 -0.0000
vn -0.9928 -0.1200 -0.0000
vn -0.9938 -0.1111 -0.0000
vn -0.9947 -0.1025 -0.0000
vn -0.9956 -0.0940 -0.0000
vn -0.9964 -0.0852 -0.0000
vn -0.9971 -0.0760 -0.0000
vn -0.9978 -0.0662 -0.0000
vn -0.9985 -0.0553 -0.0000
vn -0.9991 -0.0433 -0.0000
vn -0.6743 0.7385 -0.0000
vn 0.1327 0.9912 -0.0000
vn 0.1431 0.9897 -0.0000
vn 0.1538 0.9881 -0.0000
vn 0.1647 0.9863 -0.0000
vn 0.1761 0.9844 -0.0000
vn 0.1882 0.9821 -0.0000
vn 0.2010 0.9796 -0.0000
vn 0.2149 0.9766 -0.0000
vn 0.2300 0.9732 -0.0000
vn 0.2467 0.9691 -0.0000
vn 0.2652 0.9642 -0.0000
vn -0.5918 0.8061 -0.0000
vn -0.7902 -0.6128 -0.0000
vn -0.2175 -0.9761 -0.0000
vn -0.2053 -0.9787 -0.0000
vn -0.1941 -0.9810 -0.0000
vn -0.1837 -0.9830 -0.0000
vn -0.1739 -0.9848 -0.0000
vn -0.1644 -0.9864 -0.0000
vn -0.1553 -0.9879 -0.0000
vn -0.1462 -0.9893 -0.0000
vn -0.1372 -0.9905 -0.0000
vn -0.1280 -0.9918 -0.0000
vn -0.1186 -0.9929 -0.0000
vn -0.7413 -0.6711 -0.0000
vn -1.0000 -0.0074 -0.0000
vn -0.5958 0.8031 -0.0000
vn 0.2791 0.9603 -0.0000
vn 0.2569 0.9664 -0.0000
vn 0.2346 0.9721 -0.0000
vn 0.2120 0.9773 -0.0000
vn 0.1890 0.9820 -0.0000
vn 0.1654 0.9862 -0.0000
vn 0.1410 0.9900 -0.0000
vn 0.1156 0.9933 -0.0000
vn 0.0891 0.9960 -0.0000
vn 0.0611 0.9981 -0.0000
vn 0.0314 0.9995 -0.0000
vn -0.0147 0.9999 -0.0000
vn -0.0932 0.9956 -0.0000
vn -0.1908 0.9816 -0.0000
vn -0.2931 0.9561 -0.0000
vn -0.3993 0.9168 -0.0000
vn -0.5080 0.8614 -0.0000
vn -0.6164 0.7874 -0.0000
vn -0.7207 0.6932 -0.0000
vn -0.8155 0.5787 -0.0000
vn -0.8949 0.4463 -0.0000
vn -0.9537 0.3009 -0.0000
vn -0.9887 0.1498 -0.0000
vn -0.9999 0.0100 -0.0000
vn -0.9938 -0.1110 -0.0000
vn -0.9734 -0.2290 -0.0000
vn -0.9363 -0.3511 -0.0000
vn -0.8819 -0.4714 -0.0000
vn -0.8118 -0.5839 -0.0000
vn -0.7299 -0.6835 -0.0000
vn -0.6413 -0.7673 -0.0000
vn -0.5511 -0.8344 -0.0000
vn -0.4633 -0.8862 -0.0000
vn -0.3806 -0.9247 -0.0000
vn -0.3044 -0.9525 -0.0000
vn -0.2360 -0.9717 -0.0000
vn -0.1916 -0.9815 -0.0000
vn -0.1680 -0.9858 -0.0000
vn -0.1465 -0.9892 -0.0000
vn -0.1272 -0.9919 -0.0000
vn -0.1101 -0.9939 -0.0000
vn -0.0952 -0.9955 -0.0000
vn -0.0826 -0.9966 -0.0000
vn -0.0723 -0.9974 -0.0000
vn -0.0644 -0.9979 -0.0000
vn -0.0592 -0.9982 -0.0000
vn -0.0568 -0.9984 -0.0000
vn 0.5570 -0.8305 -0.0000
vn 0.8074 0.5900 -0.0000
vn -0.0203 0.9998 -0.0000
vn -0.0118 0.9999 -0.0000
vn -0.0012 1.0000 -0.0000
vn 0.0116 0.9999 -0.0000
vn 0.0267 0.9996 -0.0000
vn 0.0441 0.9990 -0.0000
vn 0.0642 0.9979 -0.0000
vn 0.0870 0.9962 -0.0000
vn 0.1129 0.9936 -0.0000
vn 0.1421 0.9898 -0.0000
vn 0.1751 0.9846 -0.0000
vn 0.2056 0.9786 -0.0000
vn 0.2495 0.9684 -0.0000
vn 0.3137 0.9495 -0.0000
vn 0.3842 0.9233 -0.0000
vn 0.4615 0.8872 -0.0000
vn 0.5456 0.8381 -0.0000
vn 0.6352 0.7724 -0.0000
vn 0.7271 0.6865 -0.0000
vn 0.8157 0.5784 -0.0000
vn 0.8936 0.4489 -0.0000
vn 0.9529 0.3031 -0.0000
vn 0.9886 0.1504 -0.0000
vn 1.0000 -0.0016 -0.0000
vn 0.9876 -0.1571 -0.0000
vn 0.9483 -0.3172 -0.0000
vn 0.8821 -0.4710 -0.0000
vn 0.7936 -0.6084 -0.0000
vn 0.6905 -0.7233 -0.0000
vn 0.5809 -0.8140 -0.0000
vn 0.4713 -0.8820 -0.0000
vn 0.3655 -0.9308 -0.0000
vn 0.2655 -0.9641 -0.0000
vn 0.1717 -0.9852 -0.0000
vn 0.0836 -0.9965 -0.0000
vn 0.0127 -0.9999 -0.0000
vn -0.0310 -0.9995 -0.0000
vn -0.0619 -0.9981 -0.0000
vn -0.0924 -0.9957 -0.0000
vn -0.1224 -0.9925 -0.0000
vn -0.1518 -0.9884 -0.0000
vn -0.1803 -0.9836 -0.0000
vn -0.2078 -0.9782 -0.0000
vn -0.2342 -0.9722 -0.0000
vn -0.2595 -0.9657 -0.0000
vn -0.2836 -0.9589 -0.0000
vn -0.3064 -0.9519 -0.0000
vn -0.8170 -0.5767 -0.0000
vn -1.0000 -0.0067 -0.0000
vn -0.9976 -0.0689 -0.0000
vn -0.9886 -0.1505 -0.0000
vn -0.9687 -0.2482 -0.0000
vn -0.9319 -0.3626 -0.0000
vn -0.8713 -0.4908 -0.0000
vn -0.7810 -0.6245 -0.0000
vn -0.6609 -0.7504 -0.0000
vn -0.5192 -0.8546 -0.0000
vn -0.3706 -0.9288 -0.0000
vn -0.2297 -0.9733 -0.0000
vn -0.1060 -0.9944 -0.0000
vn 0.0136 -0.9999 -0.0000
vn 0.1396 -0.9902 -0.0000
vn 0.2534 -0.9674 -0.0000
vn 0.3475 -0.9377 -0.0000
vn 0.4305 -0.9026 -0.0000
vn 0.5083 -0.8612 -0.0000
vn 0.5849 -0.8111 -0.0000
vn 0.6634 -0.7483 -0.0000
vn 0.7452 -0.6668 -0.0000
vn 0.8296 -0.5583 -0.0000
vn 0.9106 -0.4132 -0.0000
vn 0.9745 -0.2244 -0.0000
vn 1.0000 -0.0084 -0.0000
vn 0.9813 0.1923 -0.0000
vn 0.9344 0.3562 -0.0000
vn 0.8739 0.4861 -0.0000
vn 0.8099 0.5866 -0.0000
vn 0.7476 0.6642 -0.0000
vn 0.6889 0.7249 -0.0000
vn 0.6341 0.7733 -0.0000
vn 0.5827 0.8127 -0.0000
vn 0.5338 0.8456 -0.0000
vn 0.4864 0.8737 -0.0000
vn 0.4395 0.8982 -0.0000
vn 0.8414 0.5404 -0.0000
vn 1.0000 0.0038 -0.0000
vn 0.6851 -0.7285 -0.0000
vn -0.0665 -0.9978 -0.0000
vn -0.0617 -0.9981 -0.0000
vn -0.0566 -0.9984 -0.0000
vn -0.0514 -0.9987 -0.0000
vn -0.0460 -0.9989 -0.0000
vn -0.0403 -0.9992 -0.0000
vn -0.0344 -0.9994 -0.0000
vn -0.0283 -0.9996 -0.0000
vn -0.0217 -0.9998 -0.0000
vn -0.0149 -0.9999 -0.0000
vn -0.0076 -1.0000 -0.0000
vn -0.0012 -1.0000 -0.0000
vn 0.0035 -1.0000 -0.0000
vn 0.0078 -1.0000 -0.0000
vn 0.0132 -0.9999 -0.0000
vn 0.0197 -0.9998 -0.0000
vn 0.0274 -0.9996 -0.0000
vn 0.0365 -0.9993 -0.0000
vn 0.0470 -0.9989 -0.0000
vn 0.0587 -0.9983 -0.0000
vn 0.0718 -0.9974 -0.0000
vn 0.0860 -0.9963 -0.0000
vn 0.1011 -0.9949 -0.0000
vn 0.7358 -0.6773 -0.0000
vn 0.6728 0.7398 -0.0000
vn -0.1153 0.9933 -0.0000
vn -0.1038 0.9946 -0.0000
vn -0.0919 0.9958 -0.0000
vn -0.0796 0.9968 -0.0000
vn -0.0672 0.9977 -0.0000
vn -0.0549 0.9985 -0.0000
vn -0.0430 0.9991 -0.0000
vn -0.0319 0.9995 -0.0000
vn -0.0218 0.9998 -0.0000
vn -0.0130 0.9999 -0.0000
vn -0.0057 1.0000 -0.0000
vn 0.0005 1.0000 -0.0000
vn 0.7352 0.6779 -0.0000
vn 1.0000 0.0009 -0.0000
vn 0.9999 -0.0113 -0.0000
vn 0.9997 -0.0232 -0.0000
vn 0.9994 -0.0357 -0.0000
vn 0.9988 -0.0485 -0.0000
vn 0.9981 -0.0613 -0.0000
vn 0.9973 -0.0738 -0.0000
vn 0.9963 -0.0856 -0.0000
vn 0.9953 -0.0965 -0.0000
vn 0.9943 -0.1063 -0.0000
vn 0.9934 -0.1149 -0.0000
vn 0.9925 -0.1220 -0.0000
vn 0.7501 0.6614 -0.0000
vn -0.7366 0.6763 -0.0000
vn -0.9965 -0.0835 -0.0000
vn -0.9968 -0.0795 -0.0000
vn -0.9972 -0.0746 -0.0000
vn -0.9976 -0.0690 -0.0000
vn -0.9980 -0.0625 -0.0000
vn -0.9989 -0.0475 -0.0000
vn -0.9992 -0.0391 -0.0000
vn -0.9995 -0.0301 -0.0000
vn -0.9998 -0.0205 -0.0000
vn -0.9999 -0.0104 -0.0000
vn -1.0000 -0.0063 -0.0000
vn -0.6766 0.7363 -0.0000
vn 0.0919 0.9958 -0.0000
vn 0.0921 0.9957 -0.0000
vn 0.0922 0.9957 -0.0000
vn 0.0920 0.9958 -0.0000
vn 0.0917 0.9958 -0.0000
vn 0.0911 0.9958 -0.0000
vn 0.0904 0.9959 -0.0000
vn 0.0895 0.9960 -0.0000
vn 0.0884 0.9961 -0.0000
vn 0.0871 0.9962 -0.0000
vn 0.0856 0.9963 -0.0000
vn 0.7365 0.6765 -0.0000
vn 1.0000 -0.0036 -0.0000
vn 0.9999 -0.0132 -0.0000
vn 0.9997 -0.0246 -0.0000
vn 0.9994 -0.0347 -0.0000
vn 0.9990 -0.0441 -0.0000
vn 0.9986 -0.0534 -0.0000
vn 0.9980 -0.0631 -0.0000
vn 0.9973 -0.0735 -0.0000
vn 0.9963 -0.0855 -0.0000
vn 0.9950 -0.0998 -0.0000
vn 0.9930 -0.1177 -0.0000
vn 0.9899 -0.1417 -0.0000
vn 0.7601 0.6498 -0.0000
vn -0.7592 0.6508 -0.0000
vn -0.9906 -0.1370 -0.0000
vn -0.9940 -0.1098 -0.0000
vn -0.9959 -0.0903 -0.0000
vn -0.9971 -0.0759 -0.0000
vn -0.9979 -0.0650 -0.0000
vn -0.9984 -0.0569 -0.0000
vn -0.9987 -0.0508 -0.0000
vn -0.9989 -0.0466 -0.0000
vn -0.9990 -0.0441 -0.0000
vn -0.9991 -0.0434 -0.0000
vn -0.9990 -0.0445 -0.0000
vn -0.9996 -0.0299 -0.0000
vn -0.6897 0.7241 -0.0000
vn 0.0696 0.9976 -0.0000
vn 0.0755 0.9971 -0.0000
vn 0.0742 0.9972 -0.0000
vn 0.0725 0.9974 -0.0000
vn 0.0706 0.9975 -0.0000
vn 0.0684 0.9977 -0.0000
vn 0.0658 0.9978 -0.0000
vn 0.0629 0.9980 -0.0000
vn 0.0597 0.9982 -0.0000
vn 0.0559 0.9984 -0.0000
vn 0.0517 0.9987 -0.0000
vn 0.0469 0.9989 -0.0000
vn -0.6912 0.7226 -0.0000
vn -0.6902 -0.7236 -0.0000
vn 0.0367 -0.9993 -0.0000
vn 0.0194 -0.9998 -0.0000
vn 0.0081 -1.0000 -0.0000
vn 0.0004 -1.0000 -0.0000
vn -0.0049 -1.0000 -0.0000
vn -0.0083 -1.0000 -0.0000
vn -0.0103 -0.9999 -0.0000
vn -0.0110 -0.9999 -0.0000
vn -0.0104 -0.9999 -0.0000
vn -0.0086 -1.0000 -0.0000
vn -0.0051 -1.0000 -0.0000
vn -0.0191 -0.9998 -0.0000
vn -0.0372 -0.9993 -0.0000
vn -0.0408 -0.9992 -0.0000
vn -0.0442 -0.9990 -0.0000
vn -0.0474 -0.9989 -0.0000
vn -0.0504 -0.9987 -0.0000
vn -0.0532 -0.9986 -0.0000
vn -0.0560 -0.9984 -0.0000
vn -0.0585 -0.9983 -0.0000
vn -0.0610 -0.9981 -0.0000
vn -0.0634 -0.9980 -0.0000
vn -0.0658 -0.9978 -0.0000
vn -0.7210 -0.6929 -0.0000
vn -0.9996 -0.0276 -0.0000
vn -0.9996 -0.0292 -0.0000
vn -0.9995 -0.0326 -0.0000
vn -0.9993 -0.0377 -0.0000
vn -0.9990 -0.0447 -0.0000
vn -0.9985 -0.0540 -0.0000
vn -0.9978 -0.0660 -0.0000
vn -0.9967 -0.0814 -0.0000
vn -0.9949 -0.1013 -0.0000
vn -0.9918 -0.1274 -0.0000
vn -0.9867 -0.1625 -0.0000
vn -0.9777 -0.2098 -0.0000
vn -0.9601 -0.2797 -0.0000
vn -0.9277 -0.3733 -0.0000
vn -0.8763 -0.4818 -0.0000
vn -0.8006 -0.5992 -0.0000
vn -0.6993 -0.7148 -0.0000
vn -0.5783 -0.8158 -0.0000
vn -0.4494 -0.8933 -0.0000
vn -0.3261 -0.9453 -0.0000
vn -0.2176 -0.9760 -0.0000
vn -0.1279 -0.9918 -0.0000
vn -0.0567 -0.9984 -0.0000
vn -0.0034 -1.0000 -0.0000
vn 0.0330 -0.9995 -0.0000
vn 0.0578 -0.9983 -0.0000
vn 0.0763 -0.9971 -0.0000
vn 0.0910 -0.9959 -0.0000
vn 0.1031 -0.9947 -0.0000
vn 0.1135 -0.9935 -0.0000
vn 0.1230 -0.9924 -0.0000
vn 0.1322 -0.9912 -0.0000
vn 0.1415 -0.9899 -0.0000
vn 0.1520 -0.9884 -0.0000
vn 0.1649 -0.9863 -0.0000
vn 0.7748 -0.6322 -0.0000
vn 0.6139 0.7893 -0.0000
vn -0.2079 0.9782 -0.0000
vn -0.1887 0.9820 -0.0000
vn -0.1714 0.9852 -0.0000
vn -0.1553 0.9879 -0.0000
vn -0.1400 0.9902 -0.0000
vn -0.1249 0.9922 -0.0000
vn -0.1095 0.9940 -0.0000
vn -0.0934 0.9956 -0.0000
vn -0.0756 0.9971 -0.0000
vn -0.0552 0.9985 -0.0000
vn -0.0305 0.9995 -0.0000
vn -0.0003 1.0000 -0.0000
vn 0.0378 0.9993 -0.0000
vn 0.0912 0.9958 -0.0000
vn 0.1666 0.9860 -0.0000
vn 0.2674 0.9636 -0.0000
vn 0.3935 0.9193 -0.0000
vn 0.5371 0.8435 -0.0000
vn 0.6804 0.7328 -0.0000
vn 0.8024 0.5968 -0.0000
vn 0.8905 0.4549 -0.0000
vn 0.9456 0.3253 -0.0000
vn 0.9761 0.2172 -0.0000
vn 0.9883 0.1525 -0.0000
vn 0.9921 0.1252 -0.0000
vn 0.9943 0.1065 -0.0000
vn 0.9957 0.0925 -0.0000
vn 0.9967 0.0814 -0.0000
vn 0.9974 0.0723 -0.0000
vn 0.9979 0.0647 -0.0000
vn 0.9983 0.0580 -0.0000
vn 0.9986 0.0521 -0.0000
vn 0.9989 0.0466 -0.0000
vn 0.9991 0.0415 -0.0000
vn 0.9993 0.0366 -0.0000
vn 0.6908 -0.7230 -0.0000
vn -0.0817 -0.9967 -0.0000
vn -0.0854 -0.9963 -0.0000
vn -0.0886 -0.9961 -0.0000
vn -0.0914 -0.9958 -0.0000
vn -0.0937 -0.9956 -0.0000
vn -0.0956 -0.9954 -0.0000
vn -0.0971 -0.9953 -0.0000
vn -0.0983 -0.9952 -0.0000
vn -0.0992 -0.9951 -0.0000
vn -0.0996 -0.9950 -0.0000
vn -0.0997 -0.9950 -0.0000
vn -0.7385 -0.6742 -0.0000
vn -1.0000 -0.0081 -0.0000
vn -1.0000 -0.0066 -0.0000
vn -1.0000 -0.0050 -0.0000
vn -1.0000 -0.0035 -0.0000
vn -1.0000 -0.0018 -0.0000
vn -1.0000 -0.0000 -0.0000
vn -1.0000 0.0021 -0.0000
vn -1.0000 0.0045 -0.0000
vn -1.0000 0.0075 -0.0000
vn -0.9999 0.0115 -0.0000
vn -0.9999 0.0173 -0.0000
vn -0.9996 0.0266 -0.0000
vn -0.9989 0.0466 -0.0000
vn -0.9957 0.0931 -0.0000
vn -0.9833 0.1822 -0.0000
vn -0.9466 0.3226 -0.0000
vn -0.8616 0.5075 -0.0000
vn -0.7147 0.6994 -0.0000
vn -0.5295 0.8483 -0.0000
vn -0.3532 0.9355 -0.0000
vn -0.2145 0.9767 -0.0000
vn -0.1155 0.9933 -0.0000
vn -0.0477 0.9989 -0.0000
vn 0.0171 0.9999 -0.0000
vn 0.0327 0.9995 -0.0000
vn 0.0602 0.9982 -0.0000
vn 0.0728 0.9973 -0.0000
vn 0.0852 0.9964 -0.0000
vn 0.0976 0.9952 -0.0000
vn 0.1105 0.9939 -0.0000
vn 0.1245 0.9922 -0.0000
vn 0.1402 0.9901 -0.0000
vn 0.1589 0.9873 -0.0000
vn -0.6579 0.7531 -0.0000
vn -0.7295 -0.6840 -0.0000
vn -0.0881 -0.9961 -0.0000
vn -0.0812 -0.9967 -0.0000
vn -0.0744 -0.9972 -0.0000
vn -0.0676 -0.9977 -0.0000
vn -0.0605 -0.9982 -0.0000
vn -0.0529 -0.9986 -0.0000
vn -0.0446 -0.9990 -0.0000
vn -0.0355 -0.9994 -0.0000
vn -0.0252 -0.9997 -0.0000
vn -0.0134 -0.9999 -0.0000
vn 0.0071 -1.0000 -0.0000
vn 0.0493 -0.9988 -0.0000
vn 0.1179 -0.9930 -0.0000
vn 0.2154 -0.9765 -0.0000
vn 0.3482 -0.9374 -0.0000
vn 0.5134 -0.8581 -0.0000
vn 0.6878 -0.7259 -0.0000
vn 0.8330 -0.5532 -0.0000
vn 0.9258 -0.3780 -0.0000
vn 0.9722 -0.2341 -0.0000
vn 0.9912 -0.1325 -0.0000
vn 0.9976 -0.0690 -0.0000
vn 0.9995 -0.0324 -0.0000
vn 0.9999 -0.0162 -0.0000
vn 0.9999 -0.0114 -0.0000
vn 1.0000 -0.0081 -0.0000
vn 1.0000 -0.0058 -0.0000
vn 1.0000 -0.0041 -0.0000
vn 1.0000 -0.0029 -0.0000
vn 1.0000 -0.0019 -0.0000
vn 1.0000 -0.0012 -0.0000
vn 1.0000 -0.0007 -0.0000
vn 1.0000 -0.0003 -0.0000
vn 1.0000 -0.0001 -0.0000
vn 0.6665 -0.7455 -0.0000
vn -0.1203 -0.9927 -0.0000
vn -0.1301 -0.9915 -0.0000
vn -0.1319 -0.9913 -0.0000
vn -0.1335 -0.9910 -0.0000
vn -0.1350 -0.9909 -0.0000
vn -0.1363 -0.9907 -0.0000
vn -0.1376 -0.9905 -0.0000
vn -0.1388 -0.9903 -0.0000
vn -0.1401 -0.9901 -0.0000
vn -0.1414 -0.9899 -0.0000
vn -0.1429 -0.9897 -0.0000
vn -0.1446 -0.9895 -0.0000
vn 0.6113 -0.7914 -0.0000
vn 0.7464 0.6654 -0.0000
vn 0.0104 0.9999 -0.0000
vn 0.0203 0.9998 -0.0000
vn 0.0297 0.9996 -0.0000
vn 0.0389 0.9992 -0.0000
vn 0.0478 0.9989 -0.0000
vn 0.0566 0.9984 -0.0000
vn 0.0654 0.9979 -0.0000
vn 0.0741 0.9972 -0.0000
vn 0.0829 0.9966 -0.0000
vn 0.1010 0.9949 -0.0000
vn 0.0969 0.9953 -0.0000
vn -0.2316 0.9728 -0.0000
vn -0.4609 0.8875 -0.0000
vn -0.6545 0.7561 -0.0000
vn -0.7933 0.6088 -0.0000
vn -0.8819 0.4714 -0.0000
vn -0.9349 0.3550 -0.0000
vn -0.9655 0.2604 -0.0000
vn -0.9828 0.1846 -0.0000
vn -0.9923 0.1238 -0.0000
vn -0.9972 0.0745 -0.0000
vn -0.9994 0.0341 -0.0000
vn -1.0000 0.0060 -0.0000
vn -1.0000 -0.0079 -0.0000
vn -0.9999 -0.0162 -0.0000
vn -0.9997 -0.0251 -0.0000
vn -0.9994 -0.0347 -0.0000
vn -0.9990 -0.0449 -0.0000
vn -0.9984 -0.0560 -0.0000
vn -0.9977 -0.0680 -0.0000
vn -0.9967 -0.0810 -0.0000
vn -0.9955 -0.0952 -0.0000
vn -0.9938 -0.1107 -0.0000
vn -0.9918 -0.1279 -0.0000
vn -0.9901 -0.1403 -0.0000
vn -0.9897 -0.1429 -0.0000
vn -0.9886 -0.1507 -0.0000
vn -0.9852 -0.1713 -0.0000
vn -0.9799 -0.1993 -0.0000
vn -0.9715 -0.2371 -0.0000
vn -0.9576 -0.2881 -0.0000
vn -0.9341 -0.3570 -0.0000
vn -0.8934 -0.4493 -0.0000
vn -0.8220 -0.5695 -0.0000
vn -0.6999 -0.7142 -0.0000
vn -0.5099 -0.8602 -0.0000
vn -0.2624 -0.9650 -0.0000
vn -0.0000 -1.0000 -0.0000
vn 0.2624 -0.9650 -0.0000
vn 0.5099 -0.8602 -0.0000
vn 0.6999 -0.7142 -0.0000
vn 0.8220 -0.5695 -0.0000
vn 0.8934 -0.4493 -0.0000
vn 0.9341 -0.3569 -0.0000
vn 0.9576 -0.2881 -0.0000
vn 0.9715 -0.2371 -0.0000
vn 0.9799 -0.1993 -0.0000
vn 0.9852 -0.1713 -0.0000
vn 0.9886 -0.1507 -0.0000
vn 0.9897 -0.1429 -0.0000
vn 0.9901 -0.1403 -0.0000
vn 0.9918 -0.1279 -0.0000
vn 0.9939 -0.1107 -0.0000
vn 0.9955 -0.0952 -0.0000
vn 0.9967 -0.0810 -0.0000
vn 0.9977 -0.0680 -0.0000
vn 0.9984 -0.0560 -0.0000
vn 0.9990 -0.0449 -0.0000
vn 0.9994 -0.0346 -0.0000
vn 0.9997 -0.0251 -0.0000
vn 1.0000 -0.0079 -0.0000
vn 1.0000 0.0060 -0.0000
vn 0.9994 0.0341 -0.0000
vn 0.9972 0.0745 -0.0000
vn 0.9923 0.1238 -0.0000
vn 0.9828 0.1846 -0.0000
vn 0.9655 0.2604 -0.0000
vn 0.9349 0.3550 -0.0000
vn 0.8819 0.4714 -0.0000
vn 0.7933 0.6088 -0.0000
vn 0.6545 0.7561 -0.0000
vn 0.4609 0.8875 -0.0000
vn 0.2316 0.9728 -0.0000
vn -0.0000 1.0000 -0.0000
vn -0.9909 -0.1349 -0.0000
vn -0.9639 -0.2661 -0.0000
vn -0.9206 -0.3905 -0.0000
vn -0.8624 -0.5062 -0.0000
vn -0.7909 -0.6120 -0.0000
vn -0.7071 -0.7071 -0.0000
vn -0.6120 -0.7909 -0.0000
vn -0.5062 -0.8624 -0.0000
vn -0.3906 -0.9206 -0.0000
vn -0.2661 -0.9639 -0.0000
vn -0.1349 -0.9909 -0.0000
vn 0.1349 -0.9909 -0.0000
vn 0.2661 -0.9639 -0.0000
vn 0.3906 -0.9206 -0.0000
vn 0.5062 -0.8624 -0.0000
vn 0.6120 -0.7909 -0.0000
vn 0.7071 -0.7071 -0.0000
vn 0.7909 -0.6120 -0.0000
vn 0.8624 -0.5062 -0.0000
vn 0.9206 -0.3906 -0.0000
vn 0.9639 -0.2661 -0.0000
vn 0.9909 -0.1349 -0.0000
vn 1.0000 -0.0000 -0.0000
vn 0.9909 0.1349 -0.0000
vn 0.9639 0.2661 -0.0000
vn 0.9206 0.3905 -0.0000
vn 0.8624 0.5062 -0.0000
vn 0.7909 0.6120 -0.0000
vn 0.7071 0.7071 -0.0000
vn 0.6120 0.7909 -0.0000
vn 0.5062 0.8624 -0.0000
vn 0.3906 0.9206 -0.0000
vn 0.2661 0.9639 -0.0000
vn 0.1349 0.9909 -0.0000
vn -0.1349 0.9909 -0.0000
vn -0.2661 0.9639 -0.0000
vn -0.3906 0.9206 -0.0000
vn -0.5062 0.8624 -0.0000
vn -0.6120 0.7909 -0.0000
vn -0.7071 0.7071 -0.0000
vn -0.7909 0.6120 -0.0000
vn -0.8624 0.5062 -0.0000
vn -0.9206 0.3905 -0.0000
vn -0.9639 0.2661 -0.0000
vn -0.9909 0.1349 -0.0000
vt 0.991736 0.000000
vt 0.396694 0.000000
vt 1.000000 0.000000
vt 0.983471 0.000000
vt 0.404959 0.000000
vt 0.975207 0.000000
vt 0.413223 0.000000
vt 0.966942 0.000000
vt 0.421488 0.000000
vt 0.958678 0.000000
vt 0.429752 0.000000
vt 0.950413 0.000000
vt 0.438017 0.000000
vt 0.942149 0.000000
vt 0.446281 0.000000
vt 0.933884 0.000000
vt 0.454545 0.000000
vt 0.925620 0.000000
vt 0.462810 0.000000
vt 0.917355 0.000000
vt 0.471074 0.000000
vt 0.909091 0.000000
vt 0.479339 0.000000
vt 0.900826 0.000000
vt 0.487603 0.000000
vt 0.892562 0.000000
vt 0.495868 0.000000
vt 0.884298 0.000000
vt 0.504132 0.000000
vt 0.876033 0.000000
vt 0.512397 0.000000
vt 0.867769 0.000000
vt 0.520661 0.000000
vt 0.859504 0.000000
vt 0.528926 0.000000
vt 0.851240 0.000000
vt 0.537190 0.000000
vt 0.545455 0.000000
vt 0.842975 0.000000
vt 0.553719 0.000000
vt 0.834711 0.000000
vt 0.561983 0.000000
vt 0.826446 0.000000
vt 0.570248 0.000000
vt 0.818182 0.000000
vt 0.578512 0.000000
vt 0.809917 0.000000
vt 0.586777 0.000000
vt 0.801653 0.000000
vt 0.793388 0.000000
vt 0.595041 0.000000
vt 0.785124 0.000000
vt 0.603306 0.000000
vt 0.776860 0.000000
vt 0.611570 0.000000
vt 0.768595 0.000000
vt 0.619835 0.000000
vt 0.760331 0.000000
vt 0.628099 0.000000
vt 0.752066 0.000000
vt 0.636364 0.000000
vt 0.743802 0.000000
vt 0.644628 0.000000
vt 0.735537 0.000000
vt 0.652893 0.000000
vt 0.727273 0.000000
vt 0.661157 0.000000
vt 0.719008 0.000000
vt 0.669421 0.000000
vt 0.710744 0.000000
vt 0.677686 0.000000
vt 0.702479 0.000000
vt 0.685950 0.000000
vt 0.694215 0.000000
vt 0.280992 0.000000
vt 0.297521 0.000000
vt 0.289256 0.000000
vt 0.272727 0.000000
vt 0.305785 0.000000
vt 0.264463 0.000000
vt 0.314050 0.000000
vt 0.256198 0.000000
vt 0.322314 0.000000
vt 0.247934 0.000000
vt 0.330579 0.000000
vt 0.239669 0.000000
vt 0.338843 0.000000
vt 0.231405 0.000000
vt 0.347107 0.000000
vt 0.223140 0.000000
vt 0.355372 0.000000
vt 0.214876 0.000000
vt 0.363636 0.000000
vt 0.206612 0.000000
vt 0.371901 0.000000
vt 0.198347 0.000000
vt 0.380165 0.000000
vt 0.190083 0.000000
vt 0.388430 0.000000
vt 0.181818 0.000000
vt 0.000000 0.000000
vt 0.008264 0.000000
vt 0.173554 0.000000
vt 0.016529 0.000000
vt 0.165289 0.000000
vt 0.024793 0.000000
vt 0.157025 0.000000
vt 0.033058 0.000000
vt 0.148760 0.000000
vt 0.041322 0.000000
vt 0.140496 0.000000
vt 0.049587 0.000000
vt 0.132231 0.000000
vt 0.057851 0.000000
vt 0.123967 0.000000
vt 0.066116 0.000000
vt 0.115702 0.000000
vt 0.074380 0.000000
vt 0.107438 0.000000
vt 0.082645 0.000000
vt 0.099174 0.000000
vt 0.090909 0.000000
vt 0.177083 0.000000
vt 0.184028 0.000000
vt 0.180556 0.000000
vt 0.187500 0.000000
vt 0.190972 0.000000
vt 0.173611 0.000000
vt 0.194444 0.000000
vt 0.170139 0.000000
vt 0.197917 0.000000
vt 0.166667 0.000000
vt 0.201389 0.000000
vt 0.163194 0.000000
vt 0.204861 0.000000
vt 0.159722 0.000000
vt 0.041667 0.000000
vt 0.048611 0.000000
vt 0.045139 0.000000
vt 0.052083 0.000000
vt 0.208333 0.000000
vt 0.156250 0.000000
vt 0.055556 0.000000
vt 0.038194 0.000000
vt 0.211806 0.000000
vt 0.152778 0.000000
vt 0.059028 0.000000
vt 0.034722 0.000000
vt 0.215278 0.000000
vt 0.062500 0.000000
vt 0.149306 0.000000
vt 0.031250 0.000000
vt 0.218750 0.000000
vt 0.065972 0.000000
vt 0.145833 0.000000
vt 0.027778 0.000000
vt 0.222222 0.000000
vt 0.069444 0.000000
vt 0.142361 0.000000
vt 0.225694 0.000000
vt 0.024306 0.000000
vt 0.072917 0.000000
vt 0.138889 0.000000
vt 0.229167 0.000000
vt 0.020833 0.000000
vt 0.135417 0.000000
vt 0.076389 0.000000
vt 0.017361 0.000000
vt 0.079861 0.000000
vt 0.013889 0.000000
vt 0.083333 0.000000
vt 0.010417 0.000000
vt 0.086806 0.000000
vt 0.006944 0.000000
vt 0.090278 0.000000
vt 0.003472 0.000000
vt 0.093750 0.000000
vt 0.270833 0.000000
vt 0.277778 0.000000
vt 0.274306 0.000000
vt 0.267361 0.000000
vt 0.263889 0.000000
vt 0.260417 0.000000
vt 0.256944 0.000000
vt 0.253472 0.000000
vt 0.250000 0.000000
vt 0.246528 0.000000
vt 0.243056 0.000000
vt 0.239583 0.000000
vt 0.236111 0.000000
vt 0.232639 0.000000
vt 0.131944 0.000000
vt 0.128472 0.000000
vt 0.125000 0.000000
vt 0.121528 0.000000
vt 0.118056 0.000000
vt 0.114583 0.000000
vt 0.111111 0.000000
vt 0.107639 0.000000
vt 0.104167 0.000000
vt 0.100694 0.000000
vt 0.097222 0.000000
vt 0.281250 0.000000
vt 0.284722 0.000000
vt 0.996528 0.000000
vt 0.993056 0.000000
vt 0.989583 0.000000
vt 0.986111 0.000000
vt 0.288194 0.000000
vt 0.982639 0.000000
vt 0.979167 0.000000
vt 0.975694 0.000000
vt 0.972222 0.000000
vt 0.968750 0.000000
vt 0.965278 0.000000
vt 0.961806 0.000000
vt 0.958333 0.000000
vt 0.954861 0.000000
vt 0.951389 0.000000
vt 0.947917 0.000000
vt 0.944444 0.000000
vt 0.940972 0.000000
vt 0.937500 0.000000
vt 0.934028 0.000000
vt 0.930556 0.000000
vt 0.927083 0.000000
vt 0.923611 0.000000
vt 0.920139 0.000000
vt 0.916667 0.000000
vt 0.913194 0.000000
vt 0.909722 0.000000
vt 0.656250 0.000000
vt 0.649306 0.000000
vt 0.645833 0.000000
vt 0.642361 0.000000
vt 0.638889 0.000000
vt 0.635417 0.000000
vt 0.631944 0.000000
vt 0.628472 0.000000
vt 0.625000 0.000000
vt 0.621528 0.000000
vt 0.618056 0.000000
vt 0.614583 0.000000
vt 0.361111 0.000000
vt 0.357639 0.000000
vt 0.354167 0.000000
vt 0.350694 0.000000
vt 0.347222 0.000000
vt 0.343750 0.000000
vt 0.340278 0.000000
vt 0.336806 0.000000
vt 0.333333 0.000000
vt 0.329861 0.000000
vt 0.326389 0.000000
vt 0.322917 0.000000
vt 0.319444 0.000000
vt 0.298611 0.000000
vt 0.295139 0.000000
vt 0.291667 0.000000
vt 0.302083 0.000000
vt 0.305556 0.000000
vt 0.309028 0.000000
vt 0.312500 0.000000
vt 0.315972 0.000000
vt 0.364583 0.000000
vt 0.611111 0.000000
vt 0.368056 0.000000
vt 0.607639 0.000000
vt 0.652778 0.000000
vt 0.659722 0.000000
vt 0.604167 0.000000
vt 0.371528 0.000000
vt 0.906250 0.000000
vt 0.600694 0.000000
vt 0.375000 0.000000
vt 0.663194 0.000000
vt 0.902778 0.000000
vt 0.597222 0.000000
vt 0.378472 0.000000
vt 0.593750 0.000000
vt 0.666667 0.000000
vt 0.899306 0.000000
vt 0.381944 0.000000
vt 0.590278 0.000000
vt 0.670139 0.000000
vt 0.586806 0.000000
vt 0.385417 0.000000
vt 0.895833 0.000000
vt 0.583333 0.000000
vt 0.388889 0.000000
vt 0.673611 0.000000
vt 0.579861 0.000000
vt 0.892361 0.000000
vt 0.576389 0.000000
vt 0.392361 0.000000
vt 0.677083 0.000000
vt 0.572917 0.000000
vt 0.888889 0.000000
vt 0.395833 0.000000
vt 0.569444 0.000000
vt 0.565972 0.000000
vt 0.562500 0.000000
vt 0.680556 0.000000
vt 0.399306 0.000000
vt 0.559028 0.000000
vt 0.486111 0.000000
vt 0.493056 0.000000
vt 0.489583 0.000000
vt 0.496528 0.000000
vt 0.555556 0.000000
vt 0.500000 0.000000
vt 0.503472 0.000000
vt 0.885417 0.000000
vt 0.552083 0.000000
vt 0.506944 0.000000
vt 0.548611 0.000000
vt 0.510417 0.000000
vt 0.513889 0.000000
vt 0.545139 0.000000
vt 0.517361 0.000000
vt 0.541667 0.000000
vt 0.520833 0.000000
vt 0.538194 0.000000
vt 0.524306 0.000000
vt 0.527778 0.000000
vt 0.534722 0.000000
vt 0.531250 0.000000
vt 0.402778 0.000000
vt 0.684028 0.000000
vt 0.406250 0.000000
vt 0.881944 0.000000
vt 0.409722 0.000000
vt 0.687500 0.000000
vt 0.413194 0.000000
vt 0.878472 0.000000
vt 0.416667 0.000000
vt 0.690972 0.000000
vt 0.420139 0.000000
vt 0.875000 0.000000
vt 0.423611 0.000000
vt 0.482639 0.000000
vt 0.479167 0.000000
vt 0.427083 0.000000
vt 0.475694 0.000000
vt 0.472222 0.000000
vt 0.694444 0.000000
vt 0.468750 0.000000
vt 0.430556 0.000000
vt 0.465278 0.000000
vt 0.461806 0.000000
vt 0.434028 0.000000
vt 0.458333 0.000000
vt 0.437500 0.000000
vt 0.454861 0.000000
vt 0.451389 0.000000
vt 0.440972 0.000000
vt 0.447917 0.000000
vt 0.871528 0.000000
vt 0.444444 0.000000
vt 0.697917 0.000000
vt 0.868056 0.000000
vt 0.701389 0.000000
vt 0.864583 0.000000
vt 0.704861 0.000000
vt 0.708333 0.000000
vt 0.861111 0.000000
vt 0.711806 0.000000
vt 0.857639 0.000000
vt 0.715278 0.000000
vt 0.718750 0.000000
vt 0.854167 0.000000
vt 0.722222 0.000000
vt 0.777778 0.000000
vt 0.784722 0.000000
vt 0.781250 0.000000
vt 0.725694 0.000000
vt 0.774306 0.000000
vt 0.770833 0.000000
vt 0.767361 0.000000
vt 0.729167 0.000000
vt 0.763889 0.000000
vt 0.760417 0.000000
vt 0.850694 0.000000
vt 0.732639 0.000000
vt 0.756944 0.000000
vt 0.753472 0.000000
vt 0.750000 0.000000
vt 0.736111 0.000000
vt 0.746528 0.000000
vt 0.743056 0.000000
vt 0.739583 0.000000
vt 0.847222 0.000000
vt 0.843750 0.000000
vt 0.840278 0.000000
vt 0.836806 0.000000
vt 0.788194 0.000000
vt 0.791667 0.000000
vt 0.795139 0.000000
vt 0.833333 0.000000
vt 0.798611 0.000000
vt 0.802083 0.000000
vt 0.805556 0.000000
vt 0.809028 0.000000
vt 0.829861 0.000000
vt 0.812500 0.000000
vt 0.815972 0.000000
vt 0.819444 0.000000
vt 0.826389 0.000000
vt 0.822917 0.000000
vt 0.285714 0.000000
vt 0.292359 0.000000
vt 0.289037 0.000000
vt 0.295681 0.000000
vt 0.282392 0.000000
vt 0.299003 0.000000
vt 0.302326 0.000000
vt 0.279070 0.000000
vt 0.305648 0.000000
vt 0.275748 0.000000
vt 0.308970 0.000000
vt 0.272425 0.000000
vt 0.312292 0.000000
vt 0.269103 0.000000
vt 0.315615 0.000000
vt 0.265781 0.000000
vt 0.318937 0.000000
vt 0.262458 0.000000
vt 0.322259 0.000000
vt 0.259136 0.000000
vt 0.325581 0.000000
vt 0.255814 0.000000
vt 0.328904 0.000000
vt 0.252492 0.000000
vt 0.332226 0.000000
vt 0.249169 0.000000
vt 0.335548 0.000000
vt 0.245847 0.000000
vt 0.039867 0.000000
vt 0.046512 0.000000
vt 0.043189 0.000000
vt 0.049834 0.000000
vt 0.053156 0.000000
vt 0.372093 0.000000
vt 0.378738 0.000000
vt 0.375415 0.000000
vt 0.368771 0.000000
vt 0.056478 0.000000
vt 0.365449 0.000000
vt 0.362126 0.000000
vt 0.358804 0.000000
vt 0.355482 0.000000
vt 0.059801 0.000000
vt 0.352159 0.000000
vt 0.348837 0.000000
vt 0.345515 0.000000
vt 0.342193 0.000000
vt 0.063123 0.000000
vt 0.036545 0.000000
vt 0.338870 0.000000
vt 0.956811 0.000000
vt 0.963455 0.000000
vt 0.960133 0.000000
vt 0.033223 0.000000
vt 0.966777 0.000000
vt 0.970100 0.000000
vt 0.066445 0.000000
vt 0.973422 0.000000
vt 0.242525 0.000000
vt 0.976744 0.000000
vt 0.239203 0.000000
vt 0.235880 0.000000
vt 0.980066 0.000000
vt 0.232558 0.000000
vt 0.983389 0.000000
vt 0.229236 0.000000
vt 0.225914 0.000000
vt 0.986711 0.000000
vt 0.222591 0.000000
vt 0.219269 0.000000
vt 0.990033 0.000000
vt 0.215947 0.000000
vt 0.993355 0.000000
vt 0.212625 0.000000
vt 0.996678 0.000000
vt 0.209302 0.000000
vt 0.029900 0.000000
vt 0.069767 0.000000
vt 0.026578 0.000000
vt 0.073090 0.000000
vt 0.023256 0.000000
vt 0.382060 0.000000
vt 0.385382 0.000000
vt 0.388704 0.000000
vt 0.076412 0.000000
vt 0.392027 0.000000
vt 0.019934 0.000000
vt 0.395349 0.000000
vt 0.398671 0.000000
vt 0.401993 0.000000
vt 0.079734 0.000000
vt 0.405316 0.000000
vt 0.408638 0.000000
vt 0.016611 0.000000
vt 0.411960 0.000000
vt 0.415282 0.000000
vt 0.083056 0.000000
vt 0.418605 0.000000
vt 0.877076 0.000000
vt 0.421927 0.000000
vt 0.013289 0.000000
vt 0.953488 0.000000
vt 0.950166 0.000000
vt 0.009967 0.000000
vt 0.006645 0.000000
vt 0.003322 0.000000
vt 0.946844 0.000000
vt 0.880399 0.000000
vt 0.873754 0.000000
vt 0.943522 0.000000
vt 0.883721 0.000000
vt 0.887043 0.000000
vt 0.940199 0.000000
vt 0.890365 0.000000
vt 0.936877 0.000000
vt 0.893688 0.000000
vt 0.897010 0.000000
vt 0.933555 0.000000
vt 0.900332 0.000000
vt 0.930233 0.000000
vt 0.903654 0.000000
vt 0.926910 0.000000
vt 0.906977 0.000000
vt 0.923588 0.000000
vt 0.910299 0.000000
vt 0.920266 0.000000
vt 0.913621 0.000000
vt 0.916944 0.000000
vt 0.461794 0.000000
vt 0.468439 0.000000
vt 0.465116 0.000000
vt 0.458472 0.000000
vt 0.455150 0.000000
vt 0.471761 0.000000
vt 0.425249 0.000000
vt 0.451827 0.000000
vt 0.448505 0.000000
vt 0.870432 0.000000
vt 0.475083 0.000000
vt 0.445183 0.000000
vt 0.441860 0.000000
vt 0.438538 0.000000
vt 0.478405 0.000000
vt 0.435216 0.000000
vt 0.431894 0.000000
vt 0.481728 0.000000
vt 0.428571 0.000000
vt 0.485050 0.000000
vt 0.488372 0.000000
vt 0.867110 0.000000
vt 0.710963 0.000000
vt 0.707641 0.000000
vt 0.704319 0.000000
vt 0.714286 0.000000
vt 0.700997 0.000000
vt 0.717608 0.000000
vt 0.720930 0.000000
vt 0.697674 0.000000
vt 0.491694 0.000000
vt 0.724252 0.000000
vt 0.863787 0.000000
vt 0.727575 0.000000
vt 0.694352 0.000000
vt 0.730897 0.000000
vt 0.734219 0.000000
vt 0.691030 0.000000
vt 0.737542 0.000000
vt 0.860465 0.000000
vt 0.740864 0.000000
vt 0.687708 0.000000
vt 0.495017 0.000000
vt 0.744186 0.000000
vt 0.747508 0.000000
vt 0.684385 0.000000
vt 0.857143 0.000000
vt 0.166113 0.000000
vt 0.750831 0.000000
vt 0.681063 0.000000
vt 0.498339 0.000000
vt 0.853821 0.000000
vt 0.677741 0.000000
vt 0.169435 0.000000
vt 0.162791 0.000000
vt 0.850498 0.000000
vt 0.501661 0.000000
vt 0.674419 0.000000
vt 0.172757 0.000000
vt 0.176080 0.000000
vt 0.847176 0.000000
vt 0.671096 0.000000
vt 0.179402 0.000000
vt 0.504983 0.000000
vt 0.843854 0.000000
vt 0.667774 0.000000
vt 0.182724 0.000000
vt 0.186047 0.000000
vt 0.508306 0.000000
vt 0.840532 0.000000
vt 0.664452 0.000000
vt 0.189369 0.000000
vt 0.192691 0.000000
vt 0.837209 0.000000
vt 0.661130 0.000000
vt 0.511628 0.000000
vt 0.196013 0.000000
vt 0.833887 0.000000
vt 0.657807 0.000000
vt 0.199336 0.000000
vt 0.202658 0.000000
vt 0.514950 0.000000
vt 0.654485 0.000000
vt 0.830565 0.000000
vt 0.205980 0.000000
vt 0.651163 0.000000
vt 0.086379 0.000000
vt 0.518272 0.000000
vt 0.827243 0.000000
vt 0.089701 0.000000
vt 0.647841 0.000000
vt 0.093023 0.000000
vt 0.823920 0.000000
vt 0.521595 0.000000
vt 0.644518 0.000000
vt 0.096346 0.000000
vt 0.159468 0.000000
vt 0.641196 0.000000
vt 0.099668 0.000000
vt 0.156146 0.000000
vt 0.754153 0.000000
vt 0.820598 0.000000
vt 0.524917 0.000000
vt 0.637874 0.000000
vt 0.152824 0.000000
vt 0.102990 0.000000
vt 0.149502 0.000000
vt 0.634551 0.000000
vt 0.106312 0.000000
vt 0.146179 0.000000
vt 0.631229 0.000000
vt 0.109635 0.000000
vt 0.817276 0.000000
vt 0.142857 0.000000
vt 0.757475 0.000000
vt 0.528239 0.000000
vt 0.139535 0.000000
vt 0.627907 0.000000
vt 0.112957 0.000000
vt 0.136213 0.000000
vt 0.624585 0.000000
vt 0.116279 0.000000
vt 0.132890 0.000000
vt 0.621262 0.000000
vt 0.617940 0.000000
vt 0.119601 0.000000
vt 0.129568 0.000000
vt 0.614618 0.000000
vt 0.611296 0.000000
vt 0.126246 0.000000
vt 0.122924 0.000000
vt 0.607973 0.000000
vt 0.604651 0.000000
vt 0.584718 0.000000
vt 0.591362 0.000000
vt 0.588040 0.000000
vt 0.601329 0.000000
vt 0.594684 0.000000
vt 0.598007 0.000000
vt 0.813953 0.000000
vt 0.531561 0.000000
vt 0.760797 0.000000
vt 0.810631 0.000000
vt 0.534884 0.000000
vt 0.764120 0.000000
vt 0.538206 0.000000
vt 0.767442 0.000000
vt 0.807309 0.000000
vt 0.541528 0.000000
vt 0.770764 0.000000
vt 0.803987 0.000000
vt 0.544850 0.000000
vt 0.774086 0.000000
vt 0.800664 0.000000
vt 0.777409 0.000000
vt 0.548173 0.000000
vt 0.551495 0.000000
vt 0.554817 0.000000
vt 0.797342 0.000000
vt 0.558140 0.000000
vt 0.780731 0.000000
vt 0.561462 0.000000
vt 0.564784 0.000000
vt 0.568106 0.000000
vt 0.571429 0.000000
vt 0.574751 0.000000
vt 0.784053 0.000000
vt 0.794020 0.000000
vt 0.578073 0.000000
vt 0.581395 0.000000
vt 0.787375 0.000000
vt 0.790698 0.000000
vt 0.000000 1.000000
vt 0.038462 1.000000
vt 0.038462 0.000000
vt 0.076923 1.000000
vt 0.076923 0.000000
vt 0.115385 1.000000
vt 0.115385 0.000000
vt 0.153846 1.000000
vt 0.153846 0.000000
vt 0.192308 1.000000
vt 0.192308 0.000000
vt 0.230769 1.000000
vt 0.230769 0.000000
vt 0.269231 1.000000
vt 0.269231 0.000000
vt 0.307692 1.000000
vt 0.307692 0.000000
vt 0.346154 1.000000
vt 0.346154 0.000000
vt 0.384615 1.000000
vt 0.384615 0.000000
vt 0.423077 1.000000
vt 0.423077 0.000000
vt 0.461538 1.000000
vt 0.461538 0.000000
vt 0.500000 1.000000
vt 0.538462 1.000000
vt 0.538462 0.000000
vt 0.576923 1.000000
vt 0.576923 0.000000
vt 0.615385 1.000000
vt 0.615385 0.000000
vt 0.653846 1.000000
vt 0.653846 0.000000
vt 0.692308 1.000000
vt 0.692308 0.000000
vt 0.730769 1.000000
vt 0.730769 0.000000
vt 0.769231 1.000000
vt 0.769231 0.000000
vt 0.807692 1.000000
vt 0.807692 0.000000
vt 0.846154 1.000000
vt 0.846154 0.000000
vt 0.884615 1.000000
vt 0.884615 0.000000
vt 0.923077 1.000000
vt 0.923077 0.000000
vt 0.961538 1.000000
vt 0.961538 0.000000
vt 1.000000 1.000000
vt 0.027027 1.000000
vt 0.027027 0.000000
vt 0.054054 1.000000
vt 0.054054 0.000000
vt 0.081081 1.000000
vt 0.081081 0.000000
vt 0.108108 1.000000
vt 0.108108 0.000000
vt 0.135135 1.000000
vt 0.135135 0.000000
vt 0.162162 1.000000
vt 0.162162 0.000000
vt 0.189189 1.000000
vt 0.189189 0.000000
vt 0.216216 1.000000
vt 0.216216 0.000000
vt 0.243243 1.000000
vt 0.243243 0.000000
vt 0.270270 1.000000
vt 0.270270 0.000000
vt 0.297297 1.000000
vt 0.297297 0.000000
vt 0.324324 1.000000
vt 0.324324 0.000000
vt 0.351351 1.000000
vt 0.351351 0.000000
vt 0.378378 1.000000
vt 0.378378 0.000000
vt 0.405405 1.000000
vt 0.405405 0.000000
vt 0.432432 1.000000
vt 0.432432 0.000000
vt 0.459459 1.000000
vt 0.459459 0.000000
vt 0.486486 1.000000
vt 0.486486 0.000000
vt 0.513514 1.000000
vt 0.513514 0.000000
vt 0.540541 1.000000
vt 0.540541 0.000000
vt 0.567568 1.000000
vt 0.567568 0.000000
vt 0.594595 1.000000
vt 0.594595 0.000000
vt 0.621622 1.000000
vt 0.621622 0.000000
vt 0.648649 1.000000
vt 0.648649 0.000000
vt 0.675676 1.000000
vt 0.675676 0.000000
vt 0.702703 1.000000
vt 0.702703 0.000000
vt 0.729730 1.000000
vt 0.729730 0.000000
vt 0.756757 1.000000
vt 0.756757 0.000000
vt 0.783784 1.000000
vt 0.783784 0.000000
vt 0.810811 1.000000
vt 0.810811 0.000000
vt 0.837838 1.000000
vt 0.837838 0.000000
vt 0.864865 1.000000
vt 0.864865 0.000000
vt 0.891892 1.000000
vt 0.891892 0.000000
vt 0.918919 1.000000
vt 0.918919 0.000000
vt 0.945946 1.000000
vt 0.945946 0.000000
vt 0.972973 1.000000
vt 0.972973 0.000000
vt 0.004184 1.000000
vt 0.004184 0.000000
vt 0.008368 1.000000
vt 0.008368 0.000000
vt 0.012552 1.000000
vt 0.012552 0.000000
vt 0.016736 1.000000
vt 0.016736 0.000000
vt 0.020921 1.000000
vt 0.020921 0.000000
vt 0.025105 1.000000
vt 0.025105 0.000000
vt 0.029289 1.000000
vt 0.029289 0.000000
vt 0.033473 1.000000
vt 0.033473 0.000000
vt 0.037657 1.000000
vt 0.037657 0.000000
vt 0.041841 1.000000
vt 0.041841 0.000000
vt 0.046025 1.000000
vt 0.046025 0.000000
vt 0.050209 1.000000
vt 0.050209 0.000000
vt 0.054393 1.000000
vt 0.054393 0.000000
vt 0.058577 1.000000
vt 0.058577 0.000000
vt 0.062762 1.000000
vt 0.062762 0.000000
vt 0.066946 1.000000
vt 0.066946 0.000000
vt 0.071130 1.000000
vt 0.071130 0.000000
vt 0.075314 1.000000
vt 0.075314 0.000000
vt 0.079498 1.000000
vt 0.079498 0.000000
vt 0.083682 1.000000
vt 0.083682 0.000000
vt 0.087866 1.000000
vt 0.087866 0.000000
vt 0.092050 1.000000
vt 0.092050 0.000000
vt 0.096234 1.000000
vt 0.096234 0.000000
vt 0.100418 1.000000
vt 0.100418 0.000000
vt 0.104603 1.000000
vt 0.104603 0.000000
vt 0.108787 1.000000
vt 0.108787 0.000000
vt 0.112971 1.000000
vt 0.112971 0.000000
vt 0.117155 1.000000
vt 0.117155 0.000000
vt 0.121339 1.000000
vt 0.121339 0.000000
vt 0.125523 1.000000
vt 0.125523 0.000000
vt 0.129707 1.000000
vt 0.129707 0.000000
vt 0.133891 1.000000
vt 0.133891 0.000000
vt 0.138075 1.000000
vt 0.138075 0.000000
vt 0.142259 1.000000
vt 0.142259 0.000000
vt 0.146444 1.000000
vt 0.146444 0.000000
vt 0.150628 1.000000
vt 0.150628 0.000000
vt 0.154812 1.000000
vt 0.154812 0.000000
vt 0.158996 1.000000
vt 0.158996 0.000000
vt 0.163180 1.000000
vt 0.163180 0.000000
vt 0.167364 1.000000
vt 0.167364 0.000000
vt 0.171548 1.000000
vt 0.171548 0.000000
vt 0.175732 1.000000
vt 0.175732 0.000000
vt 0.179916 1.000000
vt 0.179916 0.000000
vt 0.184100 1.000000
vt 0.184100 0.000000
vt 0.188285 1.000000
vt 0.188285 0.000000
vt 0.192469 1.000000
vt 0.192469 0.000000
vt 0.196653 1.000000
vt 0.196653 0.000000
vt 0.200837 1.000000
vt 0.200837 0.000000
vt 0.205021 1.000000
vt 0.205021 0.000000
vt 0.209205 1.000000
vt 0.209205 0.000000
vt 0.213389 1.000000
vt 0.213389 0.000000
vt 0.217573 1.000000
vt 0.217573 0.000000
vt 0.221757 1.000000
vt 0.221757 0.000000
vt 0.225941 1.000000
vt 0.225941 0.000000
vt 0.230126 1.000000
vt 0.230126 0.000000
vt 0.234310 1.000000
vt 0.234310 0.000000
vt 0.238494 1.000000
vt 0.238494 0.000000
vt 0.242678 1.000000
vt 0.242678 0.000000
vt 0.246862 1.000000
vt 0.246862 0.000000
vt 0.251046 1.000000
vt 0.251046 0.000000
vt 0.255230 1.000000
vt 0.255230 0.000000
vt 0.259414 1.000000
vt 0.259414 0.000000
vt 0.263598 1.000000
vt 0.263598 0.000000
vt 0.267782 1.000000
vt 0.267782 0.000000
vt 0.271967 1.000000
vt 0.271967 0.000000
vt 0.276151 1.000000
vt 0.276151 0.000000
vt 0.280335 1.000000
vt 0.280335 0.000000
vt 0.284519 1.000000
vt 0.284519 0.000000
vt 0.288703 1.000000
vt 0.288703 0.000000
vt 0.292887 1.000000
vt 0.292887 0.000000
vt 0.297071 1.000000
vt 0.297071 0.000000
vt 0.301255 1.000000
vt 0.301255 0.000000
vt 0.305439 1.000000
vt 0.305439 0.000000
vt 0.309623 1.000000
vt 0.309623 0.000000
vt 0.313808 1.000000
vt 0.313808 0.000000
vt 0.317992 1.000000
vt 0.317992 0.000000
vt 0.322176 1.000000
vt 0.322176 0.000000
vt 0.326360 1.000000
vt 0.326360 0.000000
vt 0.330544 1.000000
vt 0.330544 0.000000
vt 0.334728 1.000000
vt 0.334728 0.000000
vt 0.338912 1.000000
vt 0.338912 0.000000
vt 0.343096 1.000000
vt 0.343096 0.000000
vt 0.347280 1.000000
vt 0.347280 0.000000
vt 0.351464 1.000000
vt 0.351464 0.000000
vt 0.355649 1.000000
vt 0.355649 0.000000
vt 0.359833 1.000000
vt 0.359833 0.000000
vt 0.364017 1.000000
vt 0.364017 0.000000
vt 0.368201 1.000000
vt 0.368201 0.000000
vt 0.372385 1.000000
vt 0.372385 0.000000
vt 0.376569 1.000000
vt 0.376569 0.000000
vt 0.380753 1.000000
vt 0.380753 0.000000
vt 0.384937 1.000000
vt 0.384937 0.000000
vt 0.389121 1.000000
vt 0.389121 0.000000
vt 0.393305 1.000000
vt 0.393305 0.000000
vt 0.397490 1.000000
vt 0.397490 0.000000
vt 0.401674 1.000000
vt 0.401674 0.000000
vt 0.405858 1.000000
vt 0.405858 0.000000
vt 0.410042 1.000000
vt 0.410042 0.000000
vt 0.414226 1.000000
vt 0.414226 0.000000
vt 0.418410 1.000000
vt 0.418410 0.000000
vt 0.422594 1.000000
vt 0.422594 0.000000
vt 0.426778 1.000000
vt 0.426778 0.000000
vt 0.430962 1.000000
vt 0.430962 0.000000
vt 0.435146 1.000000
vt 0.435146 0.000000
vt 0.439331 1.000000
vt 0.439331 0.000000
vt 0.443515 1.000000
vt 0.443515 0.000000
vt 0.447699 1.000000
vt 0.447699 0.000000
vt 0.451883 1.000000
vt 0.451883 0.000000
vt 0.456067 1.000000
vt 0.456067 0.000000
vt 0.460251 1.000000
vt 0.460251 0.000000
vt 0.464435 1.000000
vt 0.464435 0.000000
vt 0.468619 1.000000
vt 0.468619 0.000000
vt 0.472803 1.000000
vt 0.472803 0.000000
vt 0.476987 1.000000
vt 0.476987 0.000000
vt 0.481172 1.000000
vt 0.481172 0.000000
vt 0.485356 1.000000
vt 0.485356 0.000000
vt 0.489540 1.000000
vt 0.489540 0.000000
vt 0.493724 1.000000
vt 0.493724 0.000000
vt 0.497908 1.000000
vt 0.497908 0.000000
vt 0.502092 1.000000
vt 0.502092 0.000000
vt 0.506276 1.000000
vt 0.506276 0.000000
vt 0.510460 1.000000
vt 0.510460 0.000000
vt 0.514644 1.000000
vt 0.514644 0.000000
vt 0.518828 1.000000
vt 0.518828 0.000000
vt 0.523013 1.000000
vt 0.523013 0.000000
vt 0.527197 1.000000
vt 0.527197 0.000000
vt 0.531381 1.000000
vt 0.531381 0.000000
vt 0.535565 1.000000
vt 0.535565 0.000000
vt 0.539749 1.000000
vt 0.539749 0.000000
vt 0.543933 1.000000
vt 0.543933 0.000000
vt 0.548117 1.000000
vt 0.548117 0.000000
vt 0.552301 1.000000
vt 0.552301 0.000000
vt 0.556485 1.000000
vt 0.556485 0.000000
vt 0.560669 1.000000
vt 0.560669 0.000000
vt 0.564854 1.000000
vt 0.564854 0.000000
vt 0.569038 1.000000
vt 0.569038 0.000000
vt 0.573222 1.000000
vt 0.573222 0.000000
vt 0.577406 1.000000
vt 0.577406 0.000000
vt 0.581590 1.000000
vt 0.581590 0.000000
vt 0.585774 1.000000
vt 0.585774 0.000000
vt 0.589958 1.000000
vt 0.589958 0.000000
vt 0.594142 1.000000
vt 0.594142 0.000000
vt 0.598326 1.000000
vt 0.598326 0.000000
vt 0.602510 1.000000
vt 0.602510 0.000000
vt 0.606695 1.000000
vt 0.606695 0.000000
vt 0.610879 1.000000
vt 0.610879 0.000000
vt 0.615063 1.000000
vt 0.615063 0.000000
vt 0.619247 1.000000
vt 0.619247 0.000000
vt 0.623431 1.000000
vt 0.623431 0.000000
vt 0.627615 1.000000
vt 0.627615 0.000000
vt 0.631799 1.000000
vt 0.631799 0.000000
vt 0.635983 1.000000
vt 0.635983 0.000000
vt 0.640167 1.000000
vt 0.640167 0.000000
vt 0.644351 1.000000
vt 0.644351 0.000000
vt 0.648536 1.000000
vt 0.648536 0.000000
vt 0.652720 1.000000
vt 0.652720 0.000000
vt 0.656904 1.000000
vt 0.656904 0.000000
vt 0.661088 1.000000
vt 0.661088 0.000000
vt 0.665272 1.000000
vt 0.665272 0.000000
vt 0.669456 1.000000
vt 0.669456 0.000000
vt 0.673640 1.000000
vt 0.673640 0.000000
vt 0.677824 1.000000
vt 0.677824 0.000000
vt 0.682008 1.000000
vt 0.682008 0.000000
vt 0.686192 1.000000
vt 0.686192 0.000000
vt 0.690377 1.000000
vt 0.690377 0.000000
vt 0.694561 1.000000
vt 0.694561 0.000000
vt 0.698745 1.000000
vt 0.698745 0.000000
vt 0.702929 1.000000
vt 0.702929 0.000000
vt 0.707113 1.000000
vt 0.707113 0.000000
vt 0.711297 1.000000
vt 0.711297 0.000000
vt 0.715481 1.000000
vt 0.715481 0.000000
vt 0.719665 1.000000
vt 0.719665 0.000000
vt 0.723849 1.000000
vt 0.723849 0.000000
vt 0.728033 1.000000
vt 0.728033 0.000000
vt 0.732218 1.000000
vt 0.732218 0.000000
vt 0.736402 1.000000
vt 0.736402 0.000000
vt 0.740586 1.000000
vt 0.740586 0.000000
vt 0.744770 1.000000
vt 0.744770 0.000000
vt 0.748954 1.000000
vt 0.748954 0.000000
vt 0.753138 1.000000
vt 0.753138 0.000000
vt 0.757322 1.000000
vt 0.757322 0.000000
vt 0.761506 1.000000
vt 0.761506 0.000000
vt 0.765690 1.000000
vt 0.765690 0.000000
vt 0.769874 1.000000
vt 0.769874 0.000000
vt 0.774059 1.000000
vt 0.774059 0.000000
vt 0.778243 1.000000
vt 0.778243 0.000000
vt 0.782427 1.000000
vt 0.782427 0.000000
vt 0.786611 1.000000
vt 0.786611 0.000000
vt 0.790795 1.000000
vt 0.790795 0.000000
vt 0.794979 1.000000
vt 0.794979 0.000000
vt 0.799163 1.000000
vt 0.799163 0.000000
vt 0.803347 1.000000
vt 0.803347 0.000000
vt 0.807531 1.000000
vt 0.807531 0.000000
vt 0.811715 1.000000
vt 0.811715 0.000000
vt 0.815900 1.000000
vt 0.815900 0.000000
vt 0.820084 1.000000
vt 0.820084 0.000000
vt 0.824268 1.000000
vt 0.824268 0.000000
vt 0.828452 1.000000
vt 0.828452 0.000000
vt 0.832636 1.000000
vt 0.832636 0.000000
vt 0.836820 1.000000
vt 0.836820 0.000000
vt 0.841004 1.000000
vt 0.841004 0.000000
vt 0.845188 1.000000
vt 0.845188 0.000000
vt 0.849372 1.000000
vt 0.849372 0.000000
vt 0.853557 1.000000
vt 0.853557 0.000000
vt 0.857741 1.000000
vt 0.857741 0.000000
vt 0.861925 1.000000
vt 0.861925 0.000000
vt 0.866109 1.000000
vt 0.866109 0.000000
vt 0.870293 1.000000
vt 0.870293 0.000000
vt 0.874477 1.000000
vt 0.874477 0.000000
vt 0.878661 1.000000
vt 0.878661 0.000000
vt 0.882845 1.000000
vt 0.882845 0.000000
vt 0.887029 1.000000
vt 0.887029 0.000000
vt 0.891213 1.000000
vt 0.891213 0.000000
vt 0.895397 1.000000
vt 0.895397 0.000000
vt 0.899582 1.000000
vt 0.899582 0.000000
vt 0.903766 1.000000
vt 0.903766 0.000000
vt 0.907950 1.000000
vt 0.907950 0.000000
vt 0.912134 1.000000
vt 0.912134 0.000000
vt 0.916318 1.000000
vt 0.916318 0.000000
vt 0.920502 1.000000
vt 0.920502 0.000000
vt 0.924686 1.000000
vt 0.924686 0.000000
vt 0.928870 1.000000
vt 0.928870 0.000000
vt 0.933054 1.000000
vt 0.933054 0.000000
vt 0.937239 1.000000
vt 0.937239 0.000000
vt 0.941423 1.000000
vt 0.941423 0.000000
vt 0.945607 1.000000
vt 0.945607 0.000000
vt 0.949791 1.000000
vt 0.949791 0.000000
vt 0.953975 1.000000
vt 0.953975 0.000000
vt 0.958159 1.000000
vt 0.958159 0.000000
vt 0.962343 1.000000
vt 0.962343 0.000000
vt 0.966527 1.000000
vt 0.966527 0.000000
vt 0.970711 1.000000
vt 0.970711 0.000000
vt 0.974895 1.000000
vt 0.974895 0.000000
vt 0.979079 1.000000
vt 0.979079 0.000000
vt 0.983264 1.000000
vt 0.983264 0.000000
vt 0.987448 1.000000
vt 0.987448 0.000000
vt 0.991632 1.000000
vt 0.991632 0.000000
vt 0.995816 1.000000
vt 0.995816 0.000000
vt 0.003460 1.000000
vt 0.003460 0.000000
vt 0.006920 1.000000
vt 0.006920 0.000000
vt 0.010381 1.000000
vt 0.010381 0.000000
vt 0.013841 1.000000
vt 0.013841 0.000000
vt 0.017301 1.000000
vt 0.017301 0.000000
vt 0.020761 1.000000
vt 0.020761 0.000000
vt 0.024221 1.000000
vt 0.024221 0.000000
vt 0.027682 1.000000
vt 0.027682 0.000000
vt 0.031142 1.000000
vt 0.031142 0.000000
vt 0.034602 1.000000
vt 0.034602 0.000000
vt 0.038062 1.000000
vt 0.038062 0.000000
vt 0.041522 1.000000
vt 0.041522 0.000000
vt 0.044983 1.000000
vt 0.044983 0.000000
vt 0.048443 1.000000
vt 0.048443 0.000000
vt 0.051903 1.000000
vt 0.051903 0.000000
vt 0.055363 1.000000
vt 0.055363 0.000000
vt 0.058824 1.000000
vt 0.058824 0.000000
vt 0.062284 1.000000
vt 0.062284 0.000000
vt 0.065744 1.000000
vt 0.065744 0.000000
vt 0.069204 1.000000
vt 0.069204 0.000000
vt 0.072664 1.000000
vt 0.072664 0.000000
vt 0.076125 1.000000
vt 0.076125 0.000000
vt 0.079585 1.000000
vt 0.079585 0.000000
vt 0.083045 1.000000
vt 0.083045 0.000000
vt 0.086505 1.000000
vt 0.086505 0.000000
vt 0.089965 1.000000
vt 0.089965 0.000000
vt 0.093426 1.000000
vt 0.093426 0.000000
vt 0.096886 1.000000
vt 0.096886 0.000000
vt 0.100346 1.000000
vt 0.100346 0.000000
vt 0.103806 1.000000
vt 0.103806 0.000000
vt 0.107266 1.000000
vt 0.107266 0.000000
vt 0.110727 1.000000
vt 0.110727 0.000000
vt 0.114187 1.000000
vt 0.114187 0.000000
vt 0.117647 1.000000
vt 0.117647 0.000000
vt 0.121107 1.000000
vt 0.121107 0.000000
vt 0.124567 1.000000
vt 0.124567 0.000000
vt 0.128028 1.000000
vt 0.128028 0.000000
vt 0.131488 1.000000
vt 0.131488 0.000000
vt 0.134948 1.000000
vt 0.134948 0.000000
vt 0.138408 1.000000
vt 0.138408 0.000000
vt 0.141869 1.000000
vt 0.141869 0.000000
vt 0.145329 1.000000
vt 0.145329 0.000000
vt 0.148789 1.000000
vt 0.148789 0.000000
vt 0.152249 1.000000
vt 0.152249 0.000000
vt 0.155709 1.000000
vt 0.155709 0.000000
vt 0.159170 1.000000
vt 0.159170 0.000000
vt 0.162630 1.000000
vt 0.162630 0.000000
vt 0.166090 1.000000
vt 0.166090 0.000000
vt 0.169550 1.000000
vt 0.169550 0.000000
vt 0.173010 1.000000
vt 0.173010 0.000000
vt 0.176471 1.000000
vt 0.176471 0.000000
vt 0.179931 1.000000
vt 0.179931 0.000000
vt 0.183391 1.000000
vt 0.183391 0.000000
vt 0.186851 1.000000
vt 0.186851 0.000000
vt 0.190311 1.000000
vt 0.190311 0.000000
vt 0.193772 1.000000
vt 0.193772 0.000000
vt 0.197232 1.000000
vt 0.197232 0.000000
vt 0.200692 1.000000
vt 0.200692 0.000000
vt 0.204152 1.000000
vt 0.204152 0.000000
vt 0.207612 1.000000
vt 0.207612 0.000000
vt 0.211073 1.000000
vt 0.211073 0.000000
vt 0.214533 1.000000
vt 0.214533 0.000000
vt 0.217993 1.000000
vt 0.217993 0.000000
vt 0.221453 1.000000
vt 0.221453 0.000000
vt 0.224913 1.000000
vt 0.224913 0.000000
vt 0.228374 1.000000
vt 0.228374 0.000000
vt 0.231834 1.000000
vt 0.231834 0.000000
vt 0.235294 1.000000
vt 0.235294 0.000000
vt 0.238754 1.000000
vt 0.238754 0.000000
vt 0.242215 1.000000
vt 0.242215 0.000000
vt 0.245675 1.000000
vt 0.245675 0.000000
vt 0.249135 1.000000
vt 0.249135 0.000000
vt 0.252595 1.000000
vt 0.252595 0.000000
vt 0.256055 1.000000
vt 0.256055 0.000000
vt 0.259516 1.000000
vt 0.259516 0.000000
vt 0.262976 1.000000
vt 0.262976 0.000000
vt 0.266436 1.000000
vt 0.266436 0.000000
vt 0.269896 1.000000
vt 0.269896 0.000000
vt 0.273356 1.000000
vt 0.273356 0.000000
vt 0.276817 1.000000
vt 0.276817 0.000000
vt 0.280277 1.000000
vt 0.280277 0.000000
vt 0.283737 1.000000
vt 0.283737 0.000000
vt 0.287197 1.000000
vt 0.287197 0.000000
vt 0.290657 1.000000
vt 0.290657 0.000000
vt 0.294118 1.000000
vt 0.294118 0.000000
vt 0.297578 1.000000
vt 0.297578 0.000000
vt 0.301038 1.000000
vt 0.301038 0.000000
vt 0.304498 1.000000
vt 0.304498 0.000000
vt 0.307958 1.000000
vt 0.307958 0.000000
vt 0.311419 1.000000
vt 0.311419 0.000000
vt 0.314879 1.000000
vt 0.314879 0.000000
vt 0.318339 1.000000
vt 0.318339 0.000000
vt 0.321799 1.000000
vt 0.321799 0.000000
vt 0.325260 1.000000
vt 0.325260 0.000000
vt 0.328720 1.000000
vt 0.328720 0.000000
vt 0.332180 1.000000
vt 0.332180 0.000000
vt 0.335640 1.000000
vt 0.335640 0.000000
vt 0.339100 1.000000
vt 0.339100 0.000000
vt 0.342561 1.000000
vt 0.342561 0.000000
vt 0.346021 1.000000
vt 0.346021 0.000000
vt 0.349481 1.000000
vt 0.349481 0.000000
vt 0.352941 1.000000
vt 0.352941 0.000000
vt 0.356401 1.000000
vt 0.356401 0.000000
vt 0.359862 1.000000
vt 0.359862 0.000000
vt 0.363322 1.000000
vt 0.363322 0.000000
vt 0.366782 1.000000
vt 0.366782 0.000000
vt 0.370242 1.000000
vt 0.370242 0.000000
vt 0.373702 1.000000
vt 0.373702 0.000000
vt 0.377163 1.000000
vt 0.377163 0.000000
vt 0.380623 1.000000
vt 0.380623 0.000000
vt 0.384083 1.000000
vt 0.384083 0.000000
vt 0.387543 1.000000
vt 0.387543 0.000000
vt 0.391003 1.000000
vt 0.391003 0.000000
vt 0.394464 1.000000
vt 0.394464 0.000000
vt 0.397924 1.000000
vt 0.397924 0.000000
vt 0.401384 1.000000
vt 0.401384 0.000000
vt 0.404844 1.000000
vt 0.404844 0.000000
vt 0.408305 1.000000
vt 0.408305 0.000000
vt 0.411765 1.000000
vt 0.411765 0.000000
vt 0.415225 1.000000
vt 0.415225 0.000000
vt 0.418685 1.000000
vt 0.418685 0.000000
vt 0.422145 1.000000
vt 0.422145 0.000000
vt 0.425606 1.000000
vt 0.425606 0.000000
vt 0.429066 1.000000
vt 0.429066 0.000000
vt 0.432526 1.000000
vt 0.432526 0.000000
vt 0.435986 1.000000
vt 0.435986 0.000000
vt 0.439446 1.000000
vt 0.439446 0.000000
vt 0.442907 1.000000
vt 0.442907 0.000000
vt 0.446367 1.000000
vt 0.446367 0.000000
vt 0.449827 1.000000
vt 0.449827 0.000000
vt 0.453287 1.000000
vt 0.453287 0.000000
vt 0.456747 1.000000
vt 0.456747 0.000000
vt 0.460208 1.000000
vt 0.460208 0.000000
vt 0.463668 1.000000
vt 0.463668 0.000000
vt 0.467128 1.000000
vt 0.467128 0.000000
vt 0.470588 1.000000
vt 0.470588 0.000000
vt 0.474048 1.000000
vt 0.474048 0.000000
vt 0.477509 1.000000
vt 0.477509 0.000000
vt 0.480969 1.000000
vt 0.480969 0.000000
vt 0.484429 1.000000
vt 0.484429 0.000000
vt 0.487889 1.000000
vt 0.487889 0.000000
vt 0.491349 1.000000
vt 0.491349 0.000000
vt 0.494810 1.000000
vt 0.494810 0.000000
vt 0.498270 1.000000
vt 0.498270 0.000000
vt 0.501730 1.000000
vt 0.501730 0.000000
vt 0.505190 1.000000
vt 0.505190 0.000000
vt 0.508651 1.000000
vt 0.508651 0.000000
vt 0.512111 1.000000
vt 0.512111 0.000000
vt 0.515571 1.000000
vt 0.515571 0.000000
vt 0.519031 1.000000
vt 0.519031 0.000000
vt 0.522491 1.000000
vt 0.522491 0.000000
vt 0.525952 1.000000
vt 0.525952 0.000000
vt 0.529412 1.000000
vt 0.529412 0.000000
vt 0.532872 1.000000
vt 0.532872 0.000000
vt 0.536332 1.000000
vt 0.536332 0.000000
vt 0.539792 1.000000
vt 0.539792 0.000000
vt 0.543253 1.000000
vt 0.543253 0.000000
vt 0.546713 1.000000
vt 0.546713 0.000000
vt 0.550173 1.000000
vt 0.550173 0.000000
vt 0.553633 1.000000
vt 0.553633 0.000000
vt 0.557093 1.000000
vt 0.557093 0.000000
vt 0.560554 1.000000
vt 0.560554 0.000000
vt 0.564014 1.000000
vt 0.564014 0.000000
vt 0.567474 1.000000
vt 0.567474 0.000000
vt 0.570934 1.000000
vt 0.570934 0.000000
vt 0.574394 1.000000
vt 0.574394 0.000000
vt 0.577855 1.000000
vt 0.577855 0.000000
vt 0.581315 1.000000
vt 0.581315 0.000000
vt 0.584775 1.000000
vt 0.584775 0.000000
vt 0.588235 1.000000
vt 0.588235 0.000000
vt 0.591695 1.000000
vt 0.591695 0.000000
vt 0.595156 1.000000
vt 0.595156 0.000000
vt 0.598616 1.000000
vt 0.598616 0.000000
vt 0.602076 1.000000
vt 0.602076 0.000000
vt 0.605536 1.000000
vt 0.605536 0.000000
vt 0.608997 1.000000
vt 0.608997 0.000000
vt 0.612457 1.000000
vt 0.612457 0.000000
vt 0.615917 1.000000
vt 0.615917 0.000000
vt 0.619377 1.000000
vt 0.619377 0.000000
vt 0.622837 1.000000
vt 0.622837 0.000000
vt 0.626298 1.000000
vt 0.626298 0.000000
vt 0.629758 1.000000
vt 0.629758 0.000000
vt 0.633218 1.000000
vt 0.633218 0.000000
vt 0.636678 1.000000
vt 0.636678 0.000000
vt 0.640138 1.000000
vt 0.640138 0.000000
vt 0.643599 1.000000
vt 0.643599 0.000000
vt 0.647059 1.000000
vt 0.647059 0.000000
vt 0.650519 1.000000
vt 0.650519 0.000000
vt 0.653979 1.000000
vt 0.653979 0.000000
vt 0.657439 1.000000
vt 0.657439 0.000000
vt 0.660900 1.000000
vt 0.660900 0.000000
vt 0.664360 1.000000
vt 0.664360 0.000000
vt 0.667820 1.000000
vt 0.667820 0.000000
vt 0.671280 1.000000
vt 0.671280 0.000000
vt 0.674740 1.000000
vt 0.674740 0.000000
vt 0.678201 1.000000
vt 0.678201 0.000000
vt 0.681661 1.000000
vt 0.681661 0.000000
vt 0.685121 1.000000
vt 0.685121 0.000000
vt 0.688581 1.000000
vt 0.688581 0.000000
vt 0.692042 1.000000
vt 0.692042 0.000000
vt 0.695502 1.000000
vt 0.695502 0.000000
vt 0.698962 1.000000
vt 0.698962 0.000000
vt 0.702422 1.000000
vt 0.702422 0.000000
vt 0.705882 1.000000
vt 0.705882 0.000000
vt 0.709343 1.000000
vt 0.709343 0.000000
vt 0.712803 1.000000
vt 0.712803 0.000000
vt 0.716263 1.000000
vt 0.716263 0.000000
vt 0.719723 1.000000
vt 0.719723 0.000000
vt 0.723183 1.000000
vt 0.723183 0.000000
vt 0.726644 1.000000
vt 0.726644 0.000000
vt 0.730104 1.000000
vt 0.730104 0.000000
vt 0.733564 1.000000
vt 0.733564 0.000000
vt 0.737024 1.000000
vt 0.737024 0.000000
vt 0.740484 1.000000
vt 0.740484 0.000000
vt 0.743945 1.000000
vt 0.743945 0.000000
vt 0.747405 1.000000
vt 0.747405 0.000000
vt 0.750865 1.000000
vt 0.750865 0.000000
vt 0.754325 1.000000
vt 0.754325 0.000000
vt 0.757785 1.000000
vt 0.757785 0.000000
vt 0.761246 1.000000
vt 0.761246 0.000000
vt 0.764706 1.000000
vt 0.764706 0.000000
vt 0.768166 1.000000
vt 0.768166 0.000000
vt 0.771626 1.000000
vt 0.771626 0.000000
vt 0.775087 1.000000
vt 0.775087 0.000000
vt 0.778547 1.000000
vt 0.778547 0.000000
vt 0.782007 1.000000
vt 0.782007 0.000000
vt 0.785467 1.000000
vt 0.785467 0.000000
vt 0.788927 1.000000
vt 0.788927 0.000000
vt 0.792388 1.000000
vt 0.792388 0.000000
vt 0.795848 1.000000
vt 0.795848 0.000000
vt 0.799308 1.000000
vt 0.799308 0.000000
vt 0.802768 1.000000
vt 0.802768 0.000000
vt 0.806228 1.000000
vt 0.806228 0.000000
vt 0.809689 1.000000
vt 0.809689 0.000000
vt 0.813149 1.000000
vt 0.813149 0.000000
vt 0.816609 1.000000
vt 0.816609 0.000000
vt 0.820069 1.000000
vt 0.820069 0.000000
vt 0.823529 1.000000
vt 0.823529 0.000000
vt 0.826990 1.000000
vt 0.826990 0.000000
vt 0.830450 1.000000
vt 0.830450 0.000000
vt 0.833910 1.000000
vt 0.833910 0.000000
vt 0.837370 1.000000
vt 0.837370 0.000000
vt 0.840830 1.000000
vt 0.840830 0.000000
vt 0.844291 1.000000
vt 0.844291 0.000000
vt 0.847751 1.000000
vt 0.847751 0.000000
vt 0.851211 1.000000
vt 0.851211 0.000000
vt 0.854671 1.000000
vt 0.854671 0.000000
vt 0.858131 1.000000
vt 0.858131 0.000000
vt 0.861592 1.000000
vt 0.861592 0.000000
vt 0.865052 1.000000
vt 0.865052 0.000000
vt 0.868512 1.000000
vt 0.868512 0.000000
vt 0.871972 1.000000
vt 0.871972 0.000000
vt 0.875433 1.000000
vt 0.875433 0.000000
vt 0.878893 1.000000
vt 0.878893 0.000000
vt 0.882353 1.000000
vt 0.882353 0.000000
vt 0.885813 1.000000
vt 0.885813 0.000000
vt 0.889273 1.000000
vt 0.889273 0.000000
vt 0.892734 1.000000
vt 0.892734 0.000000
vt 0.896194 1.000000
vt 0.896194 0.000000
vt 0.899654 1.000000
vt 0.899654 0.000000
vt 0.903114 1.000000
vt 0.903114 0.000000
vt 0.906574 1.000000
vt 0.906574 0.000000
vt 0.910035 1.000000
vt 0.910035 0.000000
vt 0.913495 1.000000
vt 0.913495 0.000000
vt 0.916955 1.000000
vt 0.916955 0.000000
vt 0.920415 1.000000
vt 0.920415 0.000000
vt 0.923875 1.000000
vt 0.923875 0.000000
vt 0.927336 1.000000
vt 0.927336 0.000000
vt 0.930796 1.000000
vt 0.930796 0.000000
vt 0.934256 1.000000
vt 0.934256 0.000000
vt 0.937716 1.000000
vt 0.937716 0.000000
vt 0.941176 1.000000
vt 0.941176 0.000000
vt 0.944637 1.000000
vt 0.944637 0.000000
vt 0.948097 1.000000
vt 0.948097 0.000000
vt 0.951557 1.000000
vt 0.951557 0.000000
vt 0.955017 1.000000
vt 0.955017 0.000000
vt 0.958477 1.000000
vt 0.958477 0.000000
vt 0.961938 1.000000
vt 0.961938 0.000000
vt 0.965398 1.000000
vt 0.965398 0.000000
vt 0.968858 1.000000
vt 0.968858 0.000000
vt 0.972318 1.000000
vt 0.972318 0.000000
vt 0.975779 1.000000
vt 0.975779 0.000000
vt 0.979239 1.000000
vt 0.979239 0.000000
vt 0.982699 1.000000
vt 0.982699 0.000000
vt 0.986159 1.000000
vt 0.986159 0.000000
vt 0.989619 1.000000
vt 0.989619 0.000000
vt 0.993080 1.000000
vt 0.993080 0.000000
vt 0.996540 1.000000
vt 0.996540 0.000000
vt 0.013514 1.000000
vt 0.013514 0.000000
vt 0.040541 1.000000
vt 0.040541 0.000000
vt 0.067568 1.000000
vt 0.067568 0.000000
vt 0.094595 1.000000
vt 0.094595 0.000000
vt 0.121622 1.000000
vt 0.121622 0.000000
vt 0.148649 1.000000
vt 0.148649 0.000000
vt 0.175676 1.000000
vt 0.175676 0.000000
vt 0.202703 1.000000
vt 0.202703 0.000000
vt 0.229730 1.000000
vt 0.229730 0.000000
vt 0.256757 1.000000
vt 0.256757 0.000000
vt 0.283784 1.000000
vt 0.283784 0.000000
vt 0.310811 1.000000
vt 0.310811 0.000000
vt 0.337838 1.000000
vt 0.337838 0.000000
vt 0.364865 1.000000
vt 0.364865 0.000000
vt 0.391892 1.000000
vt 0.391892 0.000000
vt 0.418919 1.000000
vt 0.418919 0.000000
vt 0.445946 1.000000
vt 0.445946 0.000000
vt 0.472973 1.000000
vt 0.472973 0.000000
vt 0.527027 1.000000
vt 0.527027 0.000000
vt 0.554054 1.000000
vt 0.554054 0.000000
vt 0.581081 1.000000
vt 0.581081 0.000000
vt 0.608108 1.000000
vt 0.608108 0.000000
vt 0.635135 1.000000
vt 0.635135 0.000000
vt 0.662162 1.000000
vt 0.662162 0.000000
vt 0.689189 1.000000
vt 0.689189 0.000000
vt 0.716216 1.000000
vt 0.716216 0.000000
vt 0.743243 1.000000
vt 0.743243 0.000000
vt 0.770270 1.000000
vt 0.770270 0.000000
vt 0.797297 1.000000
vt 0.797297 0.000000
vt 0.824324 1.000000
vt 0.824324 0.000000
vt 0.851351 1.000000
vt 0.851351 0.000000
vt 0.878378 1.000000
vt 0.878378 0.000000
vt 0.905405 1.000000
vt 0.905405 0.000000
vt 0.932432 1.000000
vt 0.932432 0.000000
vt 0.959459 1.000000
vt 0.959459 0.000000
vt 0.986486 1.000000
vt 0.986486 0.000000
vt 0.020833 1.000000
vt 0.041667 1.000000
vt 0.062500 1.000000
vt 0.083333 1.000000
vt 0.104167 1.000000
vt 0.125000 1.000000
vt 0.145833 1.000000
vt 0.166667 1.000000
vt 0.187500 1.000000
vt 0.208333 1.000000
vt 0.229167 1.000000
vt 0.250000 1.000000
vt 0.270833 1.000000
vt 0.291667 1.000000
vt 0.312500 1.000000
vt 0.333333 1.000000
vt 0.354167 1.000000
vt 0.375000 1.000000
vt 0.395833 1.000000
vt 0.416667 1.000000
vt 0.437500 1.000000
vt 0.458333 1.000000
vt 0.479167 1.000000
vt 0.520833 1.000000
vt 0.541667 1.000000
vt 0.562500 1.000000
vt 0.583333 1.000000
vt 0.604167 1.000000
vt 0.625000 1.000000
vt 0.645833 1.000000
vt 0.666667 1.000000
vt 0.687500 1.000000
vt 0.708333 1.000000
vt 0.729167 1.000000
vt 0.750000 1.000000
vt 0.770833 1.000000
vt 0.791667 1.000000
vt 0.812500 1.000000
vt 0.833333 1.000000
vt 0.854167 1.000000
vt 0.875000 1.000000
vt 0.895833 1.000000
vt 0.916667 1.000000
vt 0.937500 1.000000
vt 0.958333 1.000000
vt 0.979167 1.000000
s 0
usemtl マテリアル
f 121/1/1 49/2/1 122/3/1
f 120/4/1 49/2/1 121/1/1
f 120/4/1 50/5/1 49/2/1
f 119/6/1 50/5/1 120/4/1
f 119/6/1 51/7/1 50/5/1
f 118/8/1 51/7/1 119/6/1
f 118/8/1 52/9/1 51/7/1
f 117/10/1 52/9/1 118/8/1
f 117/10/1 53/11/1 52/9/1
f 116/12/1 53/11/1 117/10/1
f 116/12/1 54/13/1 53/11/1
f 115/14/1 54/13/1 116/12/1
f 115/14/1 55/15/1 54/13/1
f 114/16/1 55/15/1 115/14/1
f 114/16/1 56/17/1 55/15/1
f 113/18/1 56/17/1 114/16/1
f 113/18/1 57/19/1 56/17/1
f 112/20/1 57/19/1 113/18/1
f 112/20/1 58/21/1 57/19/1
f 111/22/1 58/21/1 112/20/1
f 111/22/1 59/23/1 58/21/1
f 110/24/1 59/23/1 111/22/1
f 110/24/1 60/25/1 59/23/1
f 109/26/1 60/25/1 110/24/1
f 109/26/1 61/27/1 60/25/1
f 108/28/1 61/27/1 109/26/1
f 108/28/1 62/29/1 61/27/1
f 107/30/1 62/29/1 108/28/1
f 107/30/1 63/31/1 62/29/1
f 106/32/1 63/31/1 107/30/1
f 106/32/1 64/33/1 63/31/1
f 105/34/1 64/33/1 106/32/1
f 105/34/1 65/35/1 64/33/1
f 104/36/1 65/35/1 105/34/1
f 104/36/1 66/37/1 65/35/1
f 104/36/1 67/38/1 66/37/1
f 103/39/1 67/38/1 104/36/1
f 103/39/1 68/40/1 67/38/1
f 102/41/1 68/40/1 103/39/1
f 102/41/1 69/42/1 68/40/1
f 101/43/1 69/42/1 102/41/1
f 101/43/1 70/44/1 69/42/1
f 100/45/1 70/44/1 101/43/1
f 100/45/1 71/46/1 70/44/1
f 99/47/1 71/46/1 100/45/1
f 99/47/1 72/48/1 71/46/1
f 98/49/1 72/48/1 99/47/1
f 97/50/1 72/48/1 98/49/1
f 97/50/1 73/51/1 72/48/1
f 96/52/1 73/51/1 97/50/1
f 96/52/1 74/53/1 73/51/1
f 95/54/1 74/53/1 96/52/1
f 95/54/1 75/55/1 74/53/1
f 94/56/1 75/55/1 95/54/1
f 94/56/1 76/57/1 75/55/1
f 93/58/1 76/57/1 94/56/1
f 93/58/1 77/59/1 76/57/1
f 92/60/1 77/59/1 93/58/1
f 92/60/1 78/61/1 77/59/1
f 91/62/1 78/61/1 92/60/1
f 91/62/1 79/63/1 78/61/1
f 90/64/1 79/63/1 91/62/1
f 90/64/1 80/65/1 79/63/1
f 89/66/1 80/65/1 90/64/1
f 89/66/1 81/67/1 80/65/1
f 88/68/1 81/67/1 89/66/1
f 88/68/1 82/69/1 81/67/1
f 87/70/1 82/69/1 88/68/1
f 87/70/1 83/71/1 82/69/1
f 86/72/1 83/71/1 87/70/1
f 86/72/1 84/73/1 83/71/1
f 85/74/1 84/73/1 86/72/1
f 35/75/1 37/76/1 36/77/1
f 34/78/1 37/76/1 35/75/1
f 34/78/1 38/79/1 37/76/1
f 33/80/1 38/79/1 34/78/1
f 33/80/1 39/81/1 38/79/1
f 32/82/1 39/81/1 33/80/1
f 32/82/1 40/83/1 39/81/1
f 31/84/1 40/83/1 32/82/1
f 31/84/1 41/85/1 40/83/1
f 30/86/1 41/85/1 31/84/1
f 30/86/1 42/87/1 41/85/1
f 29/88/1 42/87/1 30/86/1
f 29/88/1 43/89/1 42/87/1
f 28/90/1 43/89/1 29/88/1
f 28/90/1 44/91/1 43/89/1
f 27/92/1 44/91/1 28/90/1
f 27/92/1 45/93/1 44/91/1
f 26/94/1 45/93/1 27/92/1
f 26/94/1 46/95/1 45/93/1
f 25/96/1 46/95/1 26/94/1
f 25/96/1 47/97/1 46/95/1
f 24/98/1 47/97/1 25/96/1
f 24/98/1 48/99/1 47/97/1
f 23/100/1 48/99/1 24/98/1
f 23/100/1 1/101/1 48/99/1
f 23/100/1 2/102/1 1/101/1
f 22/103/1 2/102/1 23/100/1
f 22/103/1 3/104/1 2/102/1
f 21/105/1 3/104/1 22/103/1
f 21/105/1 4/106/1 3/104/1
f 20/107/1 4/106/1 21/105/1
f 20/107/1 5/108/1 4/106/1
f 19/109/1 5/108/1 20/107/1
f 19/109/1 6/110/1 5/108/1
f 18/111/1 6/110/1 19/109/1
f 18/111/1 7/112/1 6/110/1
f 17/113/1 7/112/1 18/111/1
f 17/113/1 8/114/1 7/112/1
f 16/115/1 8/114/1 17/113/1
f 16/115/1 9/116/1 8/114/1
f 15/117/1 9/116/1 16/115/1
f 15/117/1 10/118/1 9/116/1
f 14/119/1 10/118/1 15/117/1
f 14/119/1 11/120/1 10/118/1
f 13/121/1 11/120/1 14/119/1
f 13/121/1 12/122/1 11/120/1
f 174/123/1 176/124/1 175/125/1
f 174/123/1 177/126/1 176/124/1
f 174/123/1 178/127/1 177/126/1
f 173/128/1 178/127/1 174/123/1
f 173/128/1 179/129/1 178/127/1
f 172/130/1 179/129/1 173/128/1
f 172/130/1 180/131/1 179/129/1
f 171/132/1 180/131/1 172/130/1
f 171/132/1 181/133/1 180/131/1
f 170/134/1 181/133/1 171/132/1
f 170/134/1 182/135/1 181/133/1
f 169/136/1 182/135/1 170/134/1
f 135/137/1 137/138/1 136/139/1
f 135/137/1 138/140/1 137/138/1
f 169/136/1 183/141/1 182/135/1
f 168/142/1 183/141/1 169/136/1
f 135/137/1 139/143/1 138/140/1
f 134/144/1 139/143/1 135/137/1
f 168/142/1 184/145/1 183/141/1
f 167/146/1 184/145/1 168/142/1
f 134/144/1 140/147/1 139/143/1
f 133/148/1 140/147/1 134/144/1
f 167/146/1 185/149/1 184/145/1
f 133/148/1 141/150/1 140/147/1
f 166/151/1 185/149/1 167/146/1
f 132/152/1 141/150/1 133/148/1
f 166/151/1 186/153/1 185/149/1
f 132/152/1 142/154/1 141/150/1
f 165/155/1 186/153/1 166/151/1
f 131/156/1 142/154/1 132/152/1
f 165/155/1 187/157/1 186/153/1
f 131/156/1 143/158/1 142/154/1
f 164/159/1 187/157/1 165/155/1
f 164/159/1 188/160/1 187/157/1
f 130/161/1 143/158/1 131/156/1
f 130/161/1 144/162/1 143/158/1
f 163/163/1 188/160/1 164/159/1
f 163/163/1 189/164/1 188/160/1
f 129/165/1 144/162/1 130/161/1
f 162/166/1 189/164/1 163/163/1
f 129/165/1 145/167/1 144/162/1
f 128/168/1 145/167/1 129/165/1
f 128/168/1 146/169/1 145/167/1
f 127/170/1 146/169/1 128/168/1
f 127/170/1 147/171/1 146/169/1
f 126/172/1 147/171/1 127/170/1
f 126/172/1 148/173/1 147/171/1
f 125/174/1 148/173/1 126/172/1
f 125/174/1 149/175/1 148/173/1
f 124/176/1 149/175/1 125/174/1
f 124/176/1 150/177/1 149/175/1
f 123/101/1 150/177/1 124/176/1
f 201/178/1 203/179/1 202/180/1
f 200/181/1 203/179/1 201/178/1
f 199/182/1 203/179/1 200/181/1
f 198/183/1 203/179/1 199/182/1
f 197/184/1 203/179/1 198/183/1
f 196/185/1 203/179/1 197/184/1
f 195/186/1 203/179/1 196/185/1
f 194/187/1 203/179/1 195/186/1
f 193/188/1 203/179/1 194/187/1
f 192/189/1 203/179/1 193/188/1
f 191/190/1 203/179/1 192/189/1
f 190/191/1 203/179/1 191/190/1
f 189/164/1 203/179/1 190/191/1
f 162/166/1 203/179/1 189/164/1
f 161/192/1 203/179/1 162/166/1
f 160/193/1 203/179/1 161/192/1
f 159/194/1 203/179/1 160/193/1
f 158/195/1 203/179/1 159/194/1
f 157/196/1 203/179/1 158/195/1
f 156/197/1 203/179/1 157/196/1
f 155/198/1 203/179/1 156/197/1
f 154/199/1 203/179/1 155/198/1
f 153/200/1 203/179/1 154/199/1
f 152/201/1 203/179/1 153/200/1
f 151/202/1 203/179/1 152/201/1
f 150/177/1 203/179/1 151/202/1
f 123/101/1 204/203/1 150/177/1
f 204/203/1 203/179/1 150/177/1
f 411/3/1 205/204/1 123/101/1
f 205/204/1 204/203/1 123/101/1
f 410/205/1 205/204/1 411/3/1
f 409/206/1 205/204/1 410/205/1
f 408/207/1 205/204/1 409/206/1
f 407/208/1 206/209/1 408/207/1
f 206/209/1 205/204/1 408/207/1
f 406/210/1 206/209/1 407/208/1
f 405/211/1 206/209/1 406/210/1
f 404/212/1 206/209/1 405/211/1
f 403/213/1 206/209/1 404/212/1
f 402/214/1 206/209/1 403/213/1
f 401/215/1 206/209/1 402/214/1
f 400/216/1 206/209/1 401/215/1
f 399/217/1 206/209/1 400/216/1
f 398/218/1 397/219/1 399/217/1
f 397/219/1 396/220/1 399/217/1
f 396/220/1 395/221/1 399/217/1
f 395/221/1 394/222/1 399/217/1
f 394/222/1 393/223/1 399/217/1
f 393/223/1 392/224/1 399/217/1
f 392/224/1 391/225/1 399/217/1
f 391/225/1 390/226/1 399/217/1
f 390/226/1 389/227/1 399/217/1
f 389/227/1 388/228/1 399/217/1
f 388/228/1 387/229/1 399/217/1
f 387/229/1 386/230/1 399/217/1
f 386/230/1 385/231/1 399/217/1
f 385/231/1 312/232/1 399/217/1
f 312/232/1 310/233/1 399/217/1
f 310/233/1 309/234/1 399/217/1
f 309/234/1 308/235/1 399/217/1
f 308/235/1 307/236/1 399/217/1
f 307/236/1 306/237/1 399/217/1
f 306/237/1 305/238/1 399/217/1
f 305/238/1 304/239/1 399/217/1
f 304/239/1 303/240/1 399/217/1
f 303/240/1 302/241/1 399/217/1
f 302/241/1 301/242/1 399/217/1
f 301/242/1 300/243/1 399/217/1
f 300/243/1 227/244/1 399/217/1
f 227/244/1 226/245/1 399/217/1
f 226/245/1 225/246/1 399/217/1
f 225/246/1 224/247/1 399/217/1
f 224/247/1 223/248/1 399/217/1
f 223/248/1 222/249/1 399/217/1
f 222/249/1 221/250/1 399/217/1
f 221/250/1 220/251/1 399/217/1
f 220/251/1 219/252/1 399/217/1
f 219/252/1 218/253/1 399/217/1
f 218/253/1 217/254/1 399/217/1
f 217/254/1 216/255/1 399/217/1
f 216/255/1 215/256/1 399/217/1
f 215/256/1 209/257/1 399/217/1
f 209/257/1 208/258/1 399/217/1
f 208/258/1 207/259/1 399/217/1
f 207/259/1 206/209/1 399/217/1
f 215/256/1 210/260/1 209/257/1
f 215/256/1 211/261/1 210/260/1
f 215/256/1 212/262/1 211/261/1
f 215/256/1 213/263/1 212/262/1
f 215/256/1 214/264/1 213/263/1
f 300/243/1 228/265/1 227/244/1
f 299/266/1 228/265/1 300/243/1
f 299/266/1 229/267/1 228/265/1
f 298/268/1 229/267/1 299/266/1
f 312/232/1 311/269/1 310/233/1
f 385/231/1 313/270/1 312/232/1
f 297/271/1 229/267/1 298/268/1
f 297/271/1 230/272/1 229/267/1
f 384/273/1 313/270/1 385/231/1
f 296/274/1 230/272/1 297/271/1
f 296/274/1 231/275/1 230/272/1
f 384/273/1 314/276/1 313/270/1
f 383/277/1 314/276/1 384/273/1
f 295/278/1 231/275/1 296/274/1
f 295/278/1 232/279/1 231/275/1
f 294/280/1 232/279/1 295/278/1
f 383/277/1 315/281/1 314/276/1
f 382/282/1 315/281/1 383/277/1
f 294/280/1 233/283/1 232/279/1
f 293/284/1 233/283/1 294/280/1
f 382/282/1 316/285/1 315/281/1
f 292/286/1 233/283/1 293/284/1
f 292/286/1 234/287/1 233/283/1
f 381/288/1 316/285/1 382/282/1
f 291/289/1 234/287/1 292/286/1
f 291/289/1 235/290/1 234/287/1
f 381/288/1 317/291/1 316/285/1
f 290/292/1 235/290/1 291/289/1
f 380/293/1 317/291/1 381/288/1
f 289/294/1 235/290/1 290/292/1
f 289/294/1 236/295/1 235/290/1
f 380/293/1 318/296/1 317/291/1
f 288/297/1 236/295/1 289/294/1
f 379/298/1 318/296/1 380/293/1
f 288/297/1 237/299/1 236/295/1
f 287/300/1 237/299/1 288/297/1
f 286/301/1 237/299/1 287/300/1
f 285/302/1 237/299/1 286/301/1
f 379/298/1 319/303/1 318/296/1
f 285/302/1 238/304/1 237/299/1
f 284/305/1 238/304/1 285/302/1
f 263/306/1 265/307/1 264/308/1
f 263/306/1 266/309/1 265/307/1
f 283/310/1 238/304/1 284/305/1
f 263/306/1 267/311/1 266/309/1
f 263/306/1 268/312/1 267/311/1
f 378/313/1 319/303/1 379/298/1
f 282/314/1 238/304/1 283/310/1
f 263/306/1 269/315/1 268/312/1
f 281/316/1 238/304/1 282/314/1
f 263/306/1 270/317/1 269/315/1
f 263/306/1 271/318/1 270/317/1
f 280/319/1 238/304/1 281/316/1
f 263/306/1 272/320/1 271/318/1
f 279/321/1 238/304/1 280/319/1
f 263/306/1 273/322/1 272/320/1
f 278/323/1 238/304/1 279/321/1
f 263/306/1 274/324/1 273/322/1
f 263/306/1 275/325/1 274/324/1
f 277/326/1 238/304/1 278/323/1
f 263/306/1 276/327/1 275/325/1
f 276/327/1 238/304/1 277/326/1
f 263/306/1 238/304/1 276/327/1
f 263/306/1 239/328/1 238/304/1
f 378/313/1 320/329/1 319/303/1
f 263/306/1 240/330/1 239/328/1
f 377/331/1 320/329/1 378/313/1
f 263/306/1 241/332/1 240/330/1
f 377/331/1 321/333/1 320/329/1
f 263/306/1 242/334/1 241/332/1
f 376/335/1 321/333/1 377/331/1
f 263/306/1 243/336/1 242/334/1
f 376/335/1 322/337/1 321/333/1
f 263/306/1 244/338/1 243/336/1
f 375/339/1 322/337/1 376/335/1
f 263/306/1 245/340/1 244/338/1
f 262/341/1 245/340/1 263/306/1
f 261/342/1 245/340/1 262/341/1
f 261/342/1 246/343/1 245/340/1
f 260/344/1 246/343/1 261/342/1
f 259/345/1 246/343/1 260/344/1
f 375/339/1 323/346/1 322/337/1
f 258/347/1 246/343/1 259/345/1
f 258/347/1 247/348/1 246/343/1
f 257/349/1 247/348/1 258/347/1
f 256/350/1 247/348/1 257/349/1
f 256/350/1 248/351/1 247/348/1
f 255/352/1 248/351/1 256/350/1
f 255/352/1 249/353/1 248/351/1
f 254/354/1 249/353/1 255/352/1
f 253/355/1 249/353/1 254/354/1
f 253/355/1 250/356/1 249/353/1
f 252/357/1 250/356/1 253/355/1
f 374/358/1 323/346/1 375/339/1
f 252/357/1 251/359/1 250/356/1
f 374/358/1 324/360/1 323/346/1
f 373/361/1 324/360/1 374/358/1
f 373/361/1 325/362/1 324/360/1
f 372/363/1 325/362/1 373/361/1
f 372/363/1 326/364/1 325/362/1
f 372/363/1 327/365/1 326/364/1
f 371/366/1 327/365/1 372/363/1
f 371/366/1 328/367/1 327/365/1
f 370/368/1 328/367/1 371/366/1
f 370/368/1 329/369/1 328/367/1
f 370/368/1 330/370/1 329/369/1
f 369/371/1 330/370/1 370/368/1
f 369/371/1 331/372/1 330/370/1
f 347/373/1 349/374/1 348/375/1
f 369/371/1 332/376/1 331/372/1
f 346/377/1 349/374/1 347/373/1
f 345/378/1 349/374/1 346/377/1
f 344/379/1 349/374/1 345/378/1
f 369/371/1 333/380/1 332/376/1
f 343/381/1 349/374/1 344/379/1
f 342/382/1 349/374/1 343/381/1
f 368/383/1 333/380/1 369/371/1
f 368/383/1 334/384/1 333/380/1
f 341/385/1 349/374/1 342/382/1
f 340/386/1 349/374/1 341/385/1
f 339/387/1 349/374/1 340/386/1
f 368/383/1 335/388/1 334/384/1
f 338/389/1 349/374/1 339/387/1
f 337/390/1 349/374/1 338/389/1
f 368/383/1 336/391/1 335/388/1
f 336/391/1 349/374/1 337/390/1
f 368/383/1 349/374/1 336/391/1
f 367/392/1 349/374/1 368/383/1
f 366/393/1 349/374/1 367/392/1
f 365/394/1 349/374/1 366/393/1
f 364/395/1 349/374/1 365/394/1
f 364/395/1 350/396/1 349/374/1
f 364/395/1 351/397/1 350/396/1
f 364/395/1 352/398/1 351/397/1
f 363/399/1 352/398/1 364/395/1
f 363/399/1 353/400/1 352/398/1
f 363/399/1 354/401/1 353/400/1
f 363/399/1 355/402/1 354/401/1
f 363/399/1 356/403/1 355/402/1
f 362/404/1 356/403/1 363/399/1
f 362/404/1 357/405/1 356/403/1
f 362/404/1 358/406/1 357/405/1
f 362/404/1 359/407/1 358/406/1
f 361/408/1 359/407/1 362/404/1
f 361/408/1 360/409/1 359/407/1
f 498/410/1 500/411/1 499/412/1
f 498/410/1 501/413/1 500/411/1
f 497/414/1 501/413/1 498/410/1
f 497/414/1 502/415/1 501/413/1
f 497/414/1 503/416/1 502/415/1
f 496/417/1 503/416/1 497/414/1
f 496/417/1 504/418/1 503/416/1
f 495/419/1 504/418/1 496/417/1
f 495/419/1 505/420/1 504/418/1
f 494/421/1 505/420/1 495/419/1
f 494/421/1 506/422/1 505/420/1
f 493/423/1 506/422/1 494/421/1
f 493/423/1 507/424/1 506/422/1
f 492/425/1 507/424/1 493/423/1
f 492/425/1 508/426/1 507/424/1
f 491/427/1 508/426/1 492/425/1
f 491/427/1 509/428/1 508/426/1
f 490/429/1 509/428/1 491/427/1
f 490/429/1 510/430/1 509/428/1
f 489/431/1 510/430/1 490/429/1
f 489/431/1 511/432/1 510/430/1
f 488/433/1 511/432/1 489/431/1
f 488/433/1 512/434/1 511/432/1
f 487/435/1 512/434/1 488/433/1
f 487/435/1 513/436/1 512/434/1
f 486/437/1 513/436/1 487/435/1
f 424/438/1 426/439/1 425/440/1
f 424/438/1 427/441/1 426/439/1
f 424/438/1 428/442/1 427/441/1
f 524/443/1 526/444/1 525/445/1
f 523/446/1 526/444/1 524/443/1
f 424/438/1 429/447/1 428/442/1
f 522/448/1 526/444/1 523/446/1
f 521/449/1 526/444/1 522/448/1
f 520/450/1 526/444/1 521/449/1
f 519/451/1 526/444/1 520/450/1
f 424/438/1 430/452/1 429/447/1
f 518/453/1 526/444/1 519/451/1
f 517/454/1 526/444/1 518/453/1
f 516/455/1 526/444/1 517/454/1
f 515/456/1 526/444/1 516/455/1
f 424/438/1 431/457/1 430/452/1
f 423/458/1 431/457/1 424/438/1
f 514/459/1 526/444/1 515/456/1
f 513/436/1 526/444/1 514/459/1
f 486/437/1 526/444/1 513/436/1
f 700/460/1 702/461/1 701/462/1
f 422/463/1 431/457/1 423/458/1
f 700/460/1 703/464/1 702/461/1
f 700/460/1 704/465/1 703/464/1
f 422/463/1 432/466/1 431/457/1
f 700/460/1 705/467/1 704/465/1
f 485/468/1 526/444/1 486/437/1
f 700/460/1 706/469/1 705/467/1
f 484/470/1 526/444/1 485/468/1
f 483/471/1 526/444/1 484/470/1
f 700/460/1 707/472/1 706/469/1
f 482/473/1 526/444/1 483/471/1
f 700/460/1 708/474/1 707/472/1
f 481/475/1 526/444/1 482/473/1
f 480/476/1 526/444/1 481/475/1
f 700/460/1 709/477/1 708/474/1
f 479/478/1 526/444/1 480/476/1
f 478/479/1 526/444/1 479/478/1
f 700/460/1 710/480/1 709/477/1
f 477/481/1 526/444/1 478/479/1
f 700/460/1 711/482/1 710/480/1
f 476/483/1 526/444/1 477/481/1
f 700/460/1 712/484/1 711/482/1
f 475/485/1 526/444/1 476/483/1
f 700/460/1 713/3/1 712/484/1
f 713/3/1 526/444/1 475/485/1
f 700/460/1 526/444/1 713/3/1
f 421/486/1 432/466/1 422/463/1
f 421/486/1 433/487/1 432/466/1
f 420/488/1 433/487/1 421/486/1
f 420/488/1 434/489/1 433/487/1
f 419/490/1 434/489/1 420/488/1
f 700/460/1 527/491/1 526/444/1
f 700/460/1 528/492/1 527/491/1
f 700/460/1 529/493/1 528/492/1
f 419/490/1 435/494/1 434/489/1
f 700/460/1 530/495/1 529/493/1
f 418/496/1 435/494/1 419/490/1
f 700/460/1 531/497/1 530/495/1
f 700/460/1 532/498/1 531/497/1
f 700/460/1 533/499/1 532/498/1
f 418/496/1 436/500/1 435/494/1
f 700/460/1 534/501/1 533/499/1
f 700/460/1 535/502/1 534/501/1
f 417/503/1 436/500/1 418/496/1
f 700/460/1 536/504/1 535/502/1
f 700/460/1 537/505/1 536/504/1
f 417/503/1 437/506/1 436/500/1
f 700/460/1 538/507/1 537/505/1
f 700/460/1 676/508/1 538/507/1
f 676/508/1 539/509/1 538/507/1
f 416/510/1 437/506/1 417/503/1
f 699/511/1 676/508/1 700/460/1
f 698/512/1 676/508/1 699/511/1
f 416/510/1 415/513/1 437/506/1
f 415/513/1 414/514/1 437/506/1
f 414/514/1 413/515/1 437/506/1
f 413/515/1 412/101/1 437/506/1
f 697/516/1 676/508/1 698/512/1
f 697/516/1 677/517/1 676/508/1
f 675/518/1 539/509/1 676/508/1
f 696/519/1 677/517/1 697/516/1
f 696/519/1 678/520/1 677/517/1
f 696/519/1 679/521/1 678/520/1
f 695/522/1 679/521/1 696/519/1
f 695/522/1 680/523/1 679/521/1
f 694/524/1 680/523/1 695/522/1
f 694/524/1 681/525/1 680/523/1
f 694/524/1 682/526/1 681/525/1
f 693/527/1 682/526/1 694/524/1
f 693/527/1 683/528/1 682/526/1
f 692/529/1 683/528/1 693/527/1
f 692/529/1 684/530/1 683/528/1
f 691/531/1 684/530/1 692/529/1
f 691/531/1 685/532/1 684/530/1
f 690/533/1 685/532/1 691/531/1
f 690/533/1 686/534/1 685/532/1
f 689/535/1 686/534/1 690/533/1
f 689/535/1 687/536/1 686/534/1
f 688/537/1 687/536/1 689/535/1
f 551/538/1 553/539/1 552/540/1
f 550/541/1 553/539/1 551/538/1
f 549/542/1 553/539/1 550/541/1
f 549/542/1 554/543/1 553/539/1
f 675/518/1 540/544/1 539/509/1
f 548/545/1 554/543/1 549/542/1
f 547/546/1 554/543/1 548/545/1
f 674/547/1 540/544/1 675/518/1
f 547/546/1 555/548/1 554/543/1
f 546/549/1 555/548/1 547/546/1
f 545/550/1 555/548/1 546/549/1
f 544/551/1 555/548/1 545/550/1
f 544/551/1 556/552/1 555/548/1
f 543/553/1 556/552/1 544/551/1
f 542/554/1 556/552/1 543/553/1
f 542/554/1 557/555/1 556/552/1
f 541/556/1 557/555/1 542/554/1
f 540/544/1 557/555/1 541/556/1
f 674/547/1 557/555/1 540/544/1
f 674/547/1 558/557/1 557/555/1
f 674/547/1 559/558/1 558/557/1
f 673/559/1 626/560/1 674/547/1
f 626/560/1 625/561/1 674/547/1
f 625/561/1 559/558/1 674/547/1
f 624/562/1 559/558/1 625/561/1
f 673/559/1 627/563/1 626/560/1
f 623/564/1 559/558/1 624/562/1
f 673/559/1 628/565/1 627/563/1
f 673/559/1 629/566/1 628/565/1
f 622/567/1 559/558/1 623/564/1
f 622/567/1 560/568/1 559/558/1
f 673/559/1 630/569/1 629/566/1
f 672/570/1 630/569/1 673/559/1
f 672/570/1 631/571/1 630/569/1
f 621/572/1 560/568/1 622/567/1
f 672/570/1 632/573/1 631/571/1
f 672/570/1 633/574/1 632/573/1
f 620/575/1 560/568/1 621/572/1
f 672/570/1 634/576/1 633/574/1
f 671/577/1 634/576/1 672/570/1
f 671/577/1 635/578/1 634/576/1
f 619/579/1 560/568/1 620/575/1
f 619/579/1 561/580/1 560/568/1
f 671/577/1 636/581/1 635/578/1
f 671/577/1 637/582/1 636/581/1
f 618/583/1 561/580/1 619/579/1
f 670/584/1 637/582/1 671/577/1
f 670/584/1 462/585/1 637/582/1
f 462/585/1 638/586/1 637/582/1
f 617/587/1 561/580/1 618/583/1
f 617/587/1 562/588/1 561/580/1
f 669/589/1 462/585/1 670/584/1
f 616/590/1 562/588/1 617/587/1
f 669/589/1 463/591/1 462/585/1
f 461/592/1 638/586/1 462/585/1
f 668/593/1 463/591/1 669/589/1
f 616/590/1 563/594/1 562/588/1
f 615/595/1 563/594/1 616/590/1
f 668/593/1 464/596/1 463/591/1
f 668/593/1 465/597/1 464/596/1
f 667/598/1 465/597/1 668/593/1
f 614/599/1 563/594/1 615/595/1
f 667/598/1 466/600/1 465/597/1
f 614/599/1 564/601/1 563/594/1
f 666/602/1 466/600/1 667/598/1
f 613/603/1 564/601/1 614/599/1
f 666/602/1 467/604/1 466/600/1
f 666/602/1 468/605/1 467/604/1
f 613/603/1 565/606/1 564/601/1
f 665/607/1 468/605/1 666/602/1
f 612/608/1 565/606/1 613/603/1
f 665/607/1 469/609/1 468/605/1
f 665/607/1 470/610/1 469/609/1
f 664/611/1 470/610/1 665/607/1
f 611/612/1 565/606/1 612/608/1
f 611/612/1 566/613/1 565/606/1
f 664/611/1 471/614/1 470/610/1
f 663/615/1 471/614/1 664/611/1
f 610/616/1 566/613/1 611/612/1
f 663/615/1 472/617/1 471/614/1
f 663/615/1 473/618/1 472/617/1
f 610/616/1 567/619/1 566/613/1
f 609/620/1 567/619/1 610/616/1
f 662/621/1 473/618/1 663/615/1
f 662/621/1 474/622/1 473/618/1
f 608/623/1 567/619/1 609/620/1
f 662/621/1 438/624/1 474/622/1
f 608/623/1 568/625/1 567/619/1
f 661/626/1 438/624/1 662/621/1
f 661/626/1 439/627/1 438/624/1
f 607/628/1 568/625/1 608/623/1
f 661/626/1 440/629/1 439/627/1
f 660/630/1 440/629/1 661/626/1
f 607/628/1 569/631/1 568/625/1
f 606/632/1 569/631/1 607/628/1
f 660/630/1 441/633/1 440/629/1
f 460/634/1 638/586/1 461/592/1
f 605/635/1 569/631/1 606/632/1
f 660/630/1 442/636/1 441/633/1
f 459/637/1 638/586/1 460/634/1
f 459/637/1 639/638/1 638/586/1
f 659/639/1 442/636/1 660/630/1
f 605/635/1 570/640/1 569/631/1
f 604/641/1 570/640/1 605/635/1
f 458/642/1 639/638/1 459/637/1
f 659/639/1 443/643/1 442/636/1
f 457/644/1 639/638/1 458/642/1
f 603/645/1 570/640/1 604/641/1
f 659/639/1 444/646/1 443/643/1
f 456/647/1 639/638/1 457/644/1
f 602/648/1 570/640/1 603/645/1
f 659/639/1 445/649/1 444/646/1
f 658/650/1 445/649/1 659/639/1
f 455/651/1 639/638/1 456/647/1
f 455/651/1 640/652/1 639/638/1
f 602/648/1 571/653/1 570/640/1
f 454/654/1 640/652/1 455/651/1
f 601/655/1 571/653/1 602/648/1
f 658/650/1 446/656/1 445/649/1
f 453/657/1 640/652/1 454/654/1
f 600/658/1 571/653/1 601/655/1
f 658/650/1 447/659/1 446/656/1
f 452/660/1 640/652/1 453/657/1
f 599/661/1 571/653/1 600/658/1
f 598/662/1 571/653/1 599/661/1
f 658/650/1 448/663/1 447/659/1
f 451/664/1 640/652/1 452/660/1
f 597/665/1 571/653/1 598/662/1
f 596/666/1 571/653/1 597/665/1
f 450/667/1 640/652/1 451/664/1
f 658/650/1 449/668/1 448/663/1
f 595/669/1 571/653/1 596/666/1
f 449/668/1 640/652/1 450/667/1
f 594/670/1 571/653/1 595/669/1
f 658/650/1 640/652/1 449/668/1
f 588/671/1 590/672/1 589/673/1
f 593/674/1 571/653/1 594/670/1
f 588/671/1 591/675/1 590/672/1
f 588/671/1 592/676/1 591/675/1
f 592/676/1 571/653/1 593/674/1
f 588/671/1 571/653/1 592/676/1
f 657/677/1 640/652/1 658/650/1
f 588/671/1 572/678/1 571/653/1
f 657/677/1 641/679/1 640/652/1
f 656/680/1 641/679/1 657/677/1
f 588/671/1 573/681/1 572/678/1
f 656/680/1 642/682/1 641/679/1
f 588/671/1 574/683/1 573/681/1
f 656/680/1 643/684/1 642/682/1
f 655/685/1 643/684/1 656/680/1
f 588/671/1 575/686/1 574/683/1
f 655/685/1 644/687/1 643/684/1
f 654/688/1 644/687/1 655/685/1
f 588/671/1 576/689/1 575/686/1
f 654/688/1 645/690/1 644/687/1
f 653/691/1 645/690/1 654/688/1
f 653/691/1 646/692/1 645/690/1
f 588/671/1 577/693/1 576/689/1
f 588/671/1 578/694/1 577/693/1
f 588/671/1 579/695/1 578/694/1
f 652/696/1 646/692/1 653/691/1
f 588/671/1 580/697/1 579/695/1
f 652/696/1 647/698/1 646/692/1
f 588/671/1 581/699/1 580/697/1
f 588/671/1 582/700/1 581/699/1
f 588/671/1 583/701/1 582/700/1
f 588/671/1 584/702/1 583/701/1
f 588/671/1 585/703/1 584/702/1
f 652/696/1 648/704/1 647/698/1
f 651/705/1 648/704/1 652/696/1
f 588/671/1 586/706/1 585/703/1
f 588/671/1 587/707/1 586/706/1
f 651/705/1 649/708/1 648/704/1
f 650/709/1 649/708/1 651/705/1
f 834/1/2 835/3/2 762/2/2
f 833/4/2 834/1/2 762/2/2
f 833/4/2 762/2/2 763/5/2
f 832/6/2 833/4/2 763/5/2
f 832/6/2 763/5/2 764/7/2
f 831/8/2 832/6/2 764/7/2
f 831/8/2 764/7/2 765/9/2
f 830/10/2 831/8/2 765/9/2
f 830/10/2 765/9/2 766/11/2
f 829/12/2 830/10/2 766/11/2
f 829/12/2 766/11/2 767/13/2
f 828/14/2 829/12/2 767/13/2
f 828/14/2 767/13/2 768/15/2
f 827/16/2 828/14/2 768/15/2
f 827/16/2 768/15/2 769/17/2
f 826/18/2 827/16/2 769/17/2
f 826/18/2 769/17/2 770/19/2
f 825/20/2 826/18/2 770/19/2
f 825/20/2 770/19/2 771/21/2
f 824/22/2 825/20/2 771/21/2
f 824/22/2 771/21/2 772/23/2
f 823/24/2 824/22/2 772/23/2
f 823/24/2 772/23/2 773/25/2
f 822/26/2 823/24/2 773/25/2
f 822/26/2 773/25/2 774/27/2
f 821/28/2 822/26/2 774/27/2
f 821/28/2 774/27/2 775/29/2
f 820/30/2 821/28/2 775/29/2
f 820/30/2 775/29/2 776/31/2
f 819/32/2 820/30/2 776/31/2
f 819/32/2 776/31/2 777/33/2
f 818/34/2 819/32/2 777/33/2
f 818/34/2 777/33/2 778/35/2
f 817/36/2 818/34/2 778/35/2
f 817/36/2 778/35/2 779/37/2
f 817/36/2 779/37/2 780/38/2
f 816/39/2 817/36/2 780/38/2
f 816/39/2 780/38/2 781/40/2
f 815/41/2 816/39/2 781/40/2
f 815/41/2 781/40/2 782/42/2
f 814/43/2 815/41/2 782/42/2
f 814/43/2 782/42/2 783/44/2
f 813/45/2 814/43/2 783/44/2
f 813/45/2 783/44/2 784/46/2
f 812/47/2 813/45/2 784/46/2
f 812/47/2 784/46/2 785/48/2
f 811/49/2 812/47/2 785/48/2
f 810/50/2 811/49/2 785/48/2
f 810/50/2 785/48/2 786/51/2
f 809/52/2 810/50/2 786/51/2
f 809/52/2 786/51/2 787/53/2
f 808/54/2 809/52/2 787/53/2
f 808/54/2 787/53/2 788/55/2
f 807/56/2 808/54/2 788/55/2
f 807/56/2 788/55/2 789/57/2
f 806/58/2 807/56/2 789/57/2
f 806/58/2 789/57/2 790/59/2
f 805/60/2 806/58/2 790/59/2
f 805/60/2 790/59/2 791/61/2
f 804/62/2 805/60/2 791/61/2
f 804/62/2 791/61/2 792/63/2
f 803/64/2 804/62/2 792/63/2
f 803/64/2 792/63/2 793/65/2
f 802/66/2 803/64/2 793/65/2
f 802/66/2 793/65/2 794/67/2
f 801/68/2 802/66/2 794/67/2
f 801/68/2 794/67/2 795/69/2
f 800/70/2 801/68/2 795/69/2
f 800/70/2 795/69/2 796/71/2
f 799/72/2 800/70/2 796/71/2
f 799/72/2 796/71/2 797/73/2
f 798/74/2 799/72/2 797/73/2
f 748/75/2 749/77/2 750/76/2
f 747/78/2 748/75/2 750/76/2
f 747/78/2 750/76/2 751/79/2
f 746/80/2 747/78/2 751/79/2
f 746/80/2 751/79/2 752/81/2
f 745/82/2 746/80/2 752/81/2
f 745/82/2 752/81/2 753/83/2
f 744/84/2 745/82/2 753/83/2
f 744/84/2 753/83/2 754/85/2
f 743/86/2 744/84/2 754/85/2
f 743/86/2 754/85/2 755/87/2
f 742/88/2 743/86/2 755/87/2
f 742/88/2 755/87/2 756/89/2
f 741/90/2 742/88/2 756/89/2
f 741/90/2 756/89/2 757/91/2
f 740/92/2 741/90/2 757/91/2
f 740/92/2 757/91/2 758/93/2
f 739/94/2 740/92/2 758/93/2
f 739/94/2 758/93/2 759/95/2
f 738/96/2 739/94/2 759/95/2
f 738/96/2 759/95/2 760/97/2
f 737/98/2 738/96/2 760/97/2
f 737/98/2 760/97/2 761/99/2
f 736/100/2 737/98/2 761/99/2
f 736/100/2 761/99/2 714/101/2
f 736/100/2 714/101/2 715/102/2
f 735/103/2 736/100/2 715/102/2
f 735/103/2 715/102/2 716/104/2
f 734/105/2 735/103/2 716/104/2
f 734/105/2 716/104/2 717/106/2
f 733/107/2 734/105/2 717/106/2
f 733/107/2 717/106/2 718/108/2
f 732/109/2 733/107/2 718/108/2
f 732/109/2 718/108/2 719/110/2
f 731/111/2 732/109/2 719/110/2
f 731/111/2 719/110/2 720/112/2
f 730/113/2 731/111/2 720/112/2
f 730/113/2 720/112/2 721/114/2
f 729/115/2 730/113/2 721/114/2
f 729/115/2 721/114/2 722/116/2
f 728/117/2 729/115/2 722/116/2
f 728/117/2 722/116/2 723/118/2
f 727/119/2 728/117/2 723/118/2
f 727/119/2 723/118/2 724/120/2
f 726/121/2 727/119/2 724/120/2
f 726/121/2 724/120/2 725/122/2
f 887/123/2 888/125/2 889/124/2
f 887/123/2 889/124/2 890/126/2
f 887/123/2 890/126/2 891/127/2
f 886/128/2 887/123/2 891/127/2
f 886/128/2 891/127/2 892/129/2
f 885/130/2 886/128/2 892/129/2
f 885/130/2 892/129/2 893/131/2
f 884/132/2 885/130/2 893/131/2
f 884/132/2 893/131/2 894/133/2
f 883/134/2 884/132/2 894/133/2
f 883/134/2 894/133/2 895/135/2
f 882/136/2 883/134/2 895/135/2
f 848/137/2 849/139/2 850/138/2
f 848/137/2 850/138/2 851/140/2
f 882/136/2 895/135/2 896/141/2
f 881/142/2 882/136/2 896/141/2
f 848/137/2 851/140/2 852/143/2
f 847/144/2 848/137/2 852/143/2
f 881/142/2 896/141/2 897/145/2
f 880/146/2 881/142/2 897/145/2
f 847/144/2 852/143/2 853/147/2
f 846/148/2 847/144/2 853/147/2
f 880/146/2 897/145/2 898/149/2
f 846/148/2 853/147/2 854/150/2
f 879/151/2 880/146/2 898/149/2
f 845/152/2 846/148/2 854/150/2
f 879/151/2 898/149/2 899/153/2
f 845/152/2 854/150/2 855/154/2
f 878/155/2 879/151/2 899/153/2
f 844/156/2 845/152/2 855/154/2
f 878/155/2 899/153/2 900/157/2
f 844/156/2 855/154/2 856/158/2
f 877/159/2 878/155/2 900/157/2
f 877/159/2 900/157/2 901/160/2
f 843/161/2 844/156/2 856/158/2
f 843/161/2 856/158/2 857/162/2
f 876/163/2 877/159/2 901/160/2
f 876/163/2 901/160/2 902/164/2
f 842/165/2 843/161/2 857/162/2
f 875/166/2 876/163/2 902/164/2
f 842/165/2 857/162/2 858/167/2
f 841/168/2 842/165/2 858/167/2
f 841/168/2 858/167/2 859/169/2
f 840/170/2 841/168/2 859/169/2
f 840/170/2 859/169/2 860/171/2
f 839/172/2 840/170/2 860/171/2
f 839/172/2 860/171/2 861/173/2
f 838/174/2 839/172/2 861/173/2
f 838/174/2 861/173/2 862/175/2
f 837/176/2 838/174/2 862/175/2
f 837/176/2 862/175/2 863/177/2
f 836/101/2 837/176/2 863/177/2
f 914/178/2 915/180/2 916/179/2
f 913/181/2 914/178/2 916/179/2
f 912/182/2 913/181/2 916/179/2
f 911/183/2 912/182/2 916/179/2
f 910/184/2 911/183/2 916/179/2
f 909/185/2 910/184/2 916/179/2
f 908/186/2 909/185/2 916/179/2
f 907/187/2 908/186/2 916/179/2
f 906/188/2 907/187/2 916/179/2
f 905/189/2 906/188/2 916/179/2
f 904/190/2 905/189/2 916/179/2
f 903/191/2 904/190/2 916/179/2
f 902/164/2 903/191/2 916/179/2
f 875/166/2 902/164/2 916/179/2
f 874/192/2 875/166/2 916/179/2
f 873/193/2 874/192/2 916/179/2
f 872/194/2 873/193/2 916/179/2
f 871/195/2 872/194/2 916/179/2
f 870/196/2 871/195/2 916/179/2
f 869/197/2 870/196/2 916/179/2
f 868/198/2 869/197/2 916/179/2
f 867/199/2 868/198/2 916/179/2
f 866/200/2 867/199/2 916/179/2
f 865/201/2 866/200/2 916/179/2
f 864/202/2 865/201/2 916/179/2
f 863/177/2 864/202/2 916/179/2
f 836/101/2 863/177/2 917/203/2
f 917/203/2 863/177/2 916/179/2
f 1124/3/2 836/101/2 918/204/2
f 918/204/2 836/101/2 917/203/2
f 1123/205/2 1124/3/2 918/204/2
f 1122/206/2 1123/205/2 918/204/2
f 1121/207/2 1122/206/2 918/204/2
f 1120/208/2 1121/207/2 919/209/2
f 919/209/2 1121/207/2 918/204/2
f 1119/210/2 1120/208/2 919/209/2
f 1118/211/2 1119/210/2 919/209/2
f 1117/212/2 1118/211/2 919/209/2
f 1116/213/2 1117/212/2 919/209/2
f 1115/214/2 1116/213/2 919/209/2
f 1114/215/2 1115/214/2 919/209/2
f 1113/216/2 1114/215/2 919/209/2
f 1112/217/2 1113/216/2 919/209/2
f 1111/218/2 1112/217/2 1110/219/2
f 1110/219/2 1112/217/2 1109/220/2
f 1109/220/2 1112/217/2 1108/221/2
f 1108/221/2 1112/217/2 1107/222/2
f 1107/222/2 1112/217/2 1106/223/2
f 1106/223/2 1112/217/2 1105/224/2
f 1105/224/2 1112/217/2 1104/225/2
f 1104/225/2 1112/217/2 1103/226/2
f 1103/226/2 1112/217/2 1102/227/2
f 1102/227/2 1112/217/2 1101/228/2
f 1101/228/2 1112/217/2 1100/229/2
f 1100/229/2 1112/217/2 1099/230/2
f 1099/230/2 1112/217/2 1098/231/2
f 1098/231/2 1112/217/2 1025/232/2
f 1025/232/2 1112/217/2 1023/233/2
f 1023/233/2 1112/217/2 1022/234/2
f 1022/234/2 1112/217/2 1021/235/2
f 1021/235/2 1112/217/2 1020/236/2
f 1020/236/2 1112/217/2 1019/237/2
f 1019/237/2 1112/217/2 1018/238/2
f 1018/238/2 1112/217/2 1017/239/2
f 1017/239/2 1112/217/2 1016/240/2
f 1016/240/2 1112/217/2 1015/241/2
f 1015/241/2 1112/217/2 1014/242/2
f 1014/242/2 1112/217/2 1013/243/2
f 1013/243/2 1112/217/2 940/244/2
f 940/244/2 1112/217/2 939/245/2
f 939/245/2 1112/217/2 938/246/2
f 938/246/2 1112/217/2 937/247/2
f 937/247/2 1112/217/2 936/248/2
f 936/248/2 1112/217/2 935/249/2
f 935/249/2 1112/217/2 934/250/2
f 934/250/2 1112/217/2 933/251/2
f 933/251/2 1112/217/2 932/252/2
f 932/252/2 1112/217/2 931/253/2
f 931/253/2 1112/217/2 930/254/2
f 930/254/2 1112/217/2 929/255/2
f 929/255/2 1112/217/2 928/256/2
f 928/256/2 1112/217/2 922/257/2
f 922/257/2 1112/217/2 921/258/2
f 921/258/2 1112/217/2 920/259/2
f 920/259/2 1112/217/2 919/209/2
f 928/256/2 922/257/2 923/260/2
f 928/256/2 923/260/2 924/261/2
f 928/256/2 924/261/2 925/262/2
f 928/256/2 925/262/2 926/263/2
f 928/256/2 926/263/2 927/264/2
f 1013/243/2 940/244/2 941/265/2
f 1012/266/2 1013/243/2 941/265/2
f 1012/266/2 941/265/2 942/267/2
f 1011/268/2 1012/266/2 942/267/2
f 1025/232/2 1023/233/2 1024/269/2
f 1098/231/2 1025/232/2 1026/270/2
f 1010/271/2 1011/268/2 942/267/2
f 1010/271/2 942/267/2 943/272/2
f 1097/273/2 1098/231/2 1026/270/2
f 1009/274/2 1010/271/2 943/272/2
f 1009/274/2 943/272/2 944/275/2
f 1097/273/2 1026/270/2 1027/276/2
f 1096/277/2 1097/273/2 1027/276/2
f 1008/278/2 1009/274/2 944/275/2
f 1008/278/2 944/275/2 945/279/2
f 1007/280/2 1008/278/2 945/279/2
f 1096/277/2 1027/276/2 1028/281/2
f 1095/282/2 1096/277/2 1028/281/2
f 1007/280/2 945/279/2 946/283/2
f 1006/284/2 1007/280/2 946/283/2
f 1095/282/2 1028/281/2 1029/285/2
f 1005/286/2 1006/284/2 946/283/2
f 1005/286/2 946/283/2 947/287/2
f 1094/288/2 1095/282/2 1029/285/2
f 1004/289/2 1005/286/2 947/287/2
f 1004/289/2 947/287/2 948/290/2
f 1094/288/2 1029/285/2 1030/291/2
f 1003/292/2 1004/289/2 948/290/2
f 1093/293/2 1094/288/2 1030/291/2
f 1002/294/2 1003/292/2 948/290/2
f 1002/294/2 948/290/2 949/295/2
f 1093/293/2 1030/291/2 1031/296/2
f 1001/297/2 1002/294/2 949/295/2
f 1092/298/2 1093/293/2 1031/296/2
f 1001/297/2 949/295/2 950/299/2
f 1000/300/2 1001/297/2 950/299/2
f 999/301/2 1000/300/2 950/299/2
f 998/302/2 999/301/2 950/299/2
f 1092/298/2 1031/296/2 1032/303/2
f 998/302/2 950/299/2 951/304/2
f 997/305/2 998/302/2 951/304/2
f 976/306/2 977/308/2 978/307/2
f 976/306/2 978/307/2 979/309/2
f 996/310/2 997/305/2 951/304/2
f 976/306/2 979/309/2 980/311/2
f 976/306/2 980/311/2 981/312/2
f 1091/313/2 1092/298/2 1032/303/2
f 995/314/2 996/310/2 951/304/2
f 976/306/2 981/312/2 982/315/2
f 994/316/2 995/314/2 951/304/2
f 976/306/2 982/315/2 983/317/2
f 976/306/2 983/317/2 984/318/2
f 993/319/2 994/316/2 951/304/2
f 976/306/2 984/318/2 985/320/2
f 992/321/2 993/319/2 951/304/2
f 976/306/2 985/320/2 986/322/2
f 991/323/2 992/321/2 951/304/2
f 976/306/2 986/322/2 987/324/2
f 976/306/2 987/324/2 988/325/2
f 990/326/2 991/323/2 951/304/2
f 976/306/2 988/325/2 989/327/2
f 989/327/2 990/326/2 951/304/2
f 976/306/2 989/327/2 951/304/2
f 976/306/2 951/304/2 952/328/2
f 1091/313/2 1032/303/2 1033/329/2
f 976/306/2 952/328/2 953/330/2
f 1090/331/2 1091/313/2 1033/329/2
f 976/306/2 953/330/2 954/332/2
f 1090/331/2 1033/329/2 1034/333/2
f 976/306/2 954/332/2 955/334/2
f 1089/335/2 1090/331/2 1034/333/2
f 976/306/2 955/334/2 956/336/2
f 1089/335/2 1034/333/2 1035/337/2
f 976/306/2 956/336/2 957/338/2
f 1088/339/2 1089/335/2 1035/337/2
f 976/306/2 957/338/2 958/340/2
f 975/341/2 976/306/2 958/340/2
f 974/342/2 975/341/2 958/340/2
f 974/342/2 958/340/2 959/343/2
f 973/344/2 974/342/2 959/343/2
f 972/345/2 973/344/2 959/343/2
f 1088/339/2 1035/337/2 1036/346/2
f 971/347/2 972/345/2 959/343/2
f 971/347/2 959/343/2 960/348/2
f 970/349/2 971/347/2 960/348/2
f 969/350/2 970/349/2 960/348/2
f 969/350/2 960/348/2 961/351/2
f 968/352/2 969/350/2 961/351/2
f 968/352/2 961/351/2 962/353/2
f 967/354/2 968/352/2 962/353/2
f 966/355/2 967/354/2 962/353/2
f 966/355/2 962/353/2 963/356/2
f 965/357/2 966/355/2 963/356/2
f 1087/358/2 1088/339/2 1036/346/2
f 965/357/2 963/356/2 964/359/2
f 1087/358/2 1036/346/2 1037/360/2
f 1086/361/2 1087/358/2 1037/360/2
f 1086/361/2 1037/360/2 1038/362/2
f 1085/363/2 1086/361/2 1038/362/2
f 1085/363/2 1038/362/2 1039/364/2
f 1085/363/2 1039/364/2 1040/365/2
f 1084/366/2 1085/363/2 1040/365/2
f 1084/366/2 1040/365/2 1041/367/2
f 1083/368/2 1084/366/2 1041/367/2
f 1083/368/2 1041/367/2 1042/369/2
f 1083/368/2 1042/369/2 1043/370/2
f 1082/371/2 1083/368/2 1043/370/2
f 1082/371/2 1043/370/2 1044/372/2
f 1060/373/2 1061/375/2 1062/374/2
f 1082/371/2 1044/372/2 1045/376/2
f 1059/377/2 1060/373/2 1062/374/2
f 1058/378/2 1059/377/2 1062/374/2
f 1057/379/2 1058/378/2 1062/374/2
f 1082/371/2 1045/376/2 1046/380/2
f 1056/381/2 1057/379/2 1062/374/2
f 1055/382/2 1056/381/2 1062/374/2
f 1081/383/2 1082/371/2 1046/380/2
f 1081/383/2 1046/380/2 1047/384/2
f 1054/385/2 1055/382/2 1062/374/2
f 1053/386/2 1054/385/2 1062/374/2
f 1052/387/2 1053/386/2 1062/374/2
f 1081/383/2 1047/384/2 1048/388/2
f 1051/389/2 1052/387/2 1062/374/2
f 1050/390/2 1051/389/2 1062/374/2
f 1081/383/2 1048/388/2 1049/391/2
f 1049/391/2 1050/390/2 1062/374/2
f 1081/383/2 1049/391/2 1062/374/2
f 1080/392/2 1081/383/2 1062/374/2
f 1079/393/2 1080/392/2 1062/374/2
f 1078/394/2 1079/393/2 1062/374/2
f 1077/395/2 1078/394/2 1062/374/2
f 1077/395/2 1062/374/2 1063/396/2
f 1077/395/2 1063/396/2 1064/397/2
f 1077/395/2 1064/397/2 1065/398/2
f 1076/399/2 1077/395/2 1065/398/2
f 1076/399/2 1065/398/2 1066/400/2
f 1076/399/2 1066/400/2 1067/401/2
f 1076/399/2 1067/401/2 1068/402/2
f 1076/399/2 1068/402/2 1069/403/2
f 1075/404/2 1076/399/2 1069/403/2
f 1075/404/2 1069/403/2 1070/405/2
f 1075/404/2 1070/405/2 1071/406/2
f 1075/404/2 1071/406/2 1072/407/2
f 1074/408/2 1075/404/2 1072/407/2
f 1074/408/2 1072/407/2 1073/409/2
f 1211/410/2 1212/412/2 1213/411/2
f 1211/410/2 1213/411/2 1214/413/2
f 1210/414/2 1211/410/2 1214/413/2
f 1210/414/2 1214/413/2 1215/415/2
f 1210/414/2 1215/415/2 1216/416/2
f 1209/417/2 1210/414/2 1216/416/2
f 1209/417/2 1216/416/2 1217/418/2
f 1208/419/2 1209/417/2 1217/418/2
f 1208/419/2 1217/418/2 1218/420/2
f 1207/421/2 1208/419/2 1218/420/2
f 1207/421/2 1218/420/2 1219/422/2
f 1206/423/2 1207/421/2 1219/422/2
f 1206/423/2 1219/422/2 1220/424/2
f 1205/425/2 1206/423/2 1220/424/2
f 1205/425/2 1220/424/2 1221/426/2
f 1204/427/2 1205/425/2 1221/426/2
f 1204/427/2 1221/426/2 1222/428/2
f 1203/429/2 1204/427/2 1222/428/2
f 1203/429/2 1222/428/2 1223/430/2
f 1202/431/2 1203/429/2 1223/430/2
f 1202/431/2 1223/430/2 1224/432/2
f 1201/433/2 1202/431/2 1224/432/2
f 1201/433/2 1224/432/2 1225/434/2
f 1200/435/2 1201/433/2 1225/434/2
f 1200/435/2 1225/434/2 1226/436/2
f 1199/437/2 1200/435/2 1226/436/2
f 1137/438/2 1138/440/2 1139/439/2
f 1137/438/2 1139/439/2 1140/441/2
f 1137/438/2 1140/441/2 1141/442/2
f 1237/443/2 1238/445/2 1239/444/2
f 1236/446/2 1237/443/2 1239/444/2
f 1137/438/2 1141/442/2 1142/447/2
f 1235/448/2 1236/446/2 1239/444/2
f 1234/449/2 1235/448/2 1239/444/2
f 1233/450/2 1234/449/2 1239/444/2
f 1232/451/2 1233/450/2 1239/444/2
f 1137/438/2 1142/447/2 1143/452/2
f 1231/453/2 1232/451/2 1239/444/2
f 1230/454/2 1231/453/2 1239/444/2
f 1229/455/2 1230/454/2 1239/444/2
f 1228/456/2 1229/455/2 1239/444/2
f 1137/438/2 1143/452/2 1144/457/2
f 1136/458/2 1137/438/2 1144/457/2
f 1227/459/2 1228/456/2 1239/444/2
f 1226/436/2 1227/459/2 1239/444/2
f 1199/437/2 1226/436/2 1239/444/2
f 1413/460/2 1414/462/2 1415/461/2
f 1135/463/2 1136/458/2 1144/457/2
f 1413/460/2 1415/461/2 1416/464/2
f 1413/460/2 1416/464/2 1417/465/2
f 1135/463/2 1144/457/2 1145/466/2
f 1413/460/2 1417/465/2 1418/467/2
f 1198/468/2 1199/437/2 1239/444/2
f 1413/460/2 1418/467/2 1419/469/2
f 1197/470/2 1198/468/2 1239/444/2
f 1196/471/2 1197/470/2 1239/444/2
f 1413/460/2 1419/469/2 1420/472/2
f 1195/473/2 1196/471/2 1239/444/2
f 1413/460/2 1420/472/2 1421/474/2
f 1194/475/2 1195/473/2 1239/444/2
f 1193/476/2 1194/475/2 1239/444/2
f 1413/460/2 1421/474/2 1422/477/2
f 1192/478/2 1193/476/2 1239/444/2
f 1191/479/2 1192/478/2 1239/444/2
f 1413/460/2 1422/477/2 1423/480/2
f 1190/481/2 1191/479/2 1239/444/2
f 1413/460/2 1423/480/2 1424/482/2
f 1189/483/2 1190/481/2 1239/444/2
f 1413/460/2 1424/482/2 1425/484/2
f 1188/485/2 1189/483/2 1239/444/2
f 1413/460/2 1425/484/2 1426/3/2
f 1426/3/2 1188/485/2 1239/444/2
f 1413/460/2 1426/3/2 1239/444/2
f 1134/486/2 1135/463/2 1145/466/2
f 1134/486/2 1145/466/2 1146/487/2
f 1133/488/2 1134/486/2 1146/487/2
f 1133/488/2 1146/487/2 1147/489/2
f 1132/490/2 1133/488/2 1147/489/2
f 1413/460/2 1239/444/2 1240/491/2
f 1413/460/2 1240/491/2 1241/492/2
f 1413/460/2 1241/492/2 1242/493/2
f 1132/490/2 1147/489/2 1148/494/2
f 1413/460/2 1242/493/2 1243/495/2
f 1131/496/2 1132/490/2 1148/494/2
f 1413/460/2 1243/495/2 1244/497/2
f 1413/460/2 1244/497/2 1245/498/2
f 1413/460/2 1245/498/2 1246/499/2
f 1131/496/2 1148/494/2 1149/500/2
f 1413/460/2 1246/499/2 1247/501/2
f 1413/460/2 1247/501/2 1248/502/2
f 1130/503/2 1131/496/2 1149/500/2
f 1413/460/2 1248/502/2 1249/504/2
f 1413/460/2 1249/504/2 1250/505/2
f 1130/503/2 1149/500/2 1150/506/2
f 1413/460/2 1250/505/2 1251/507/2
f 1413/460/2 1251/507/2 1389/508/2
f 1389/508/2 1251/507/2 1252/509/2
f 1129/510/2 1130/503/2 1150/506/2
f 1412/511/2 1413/460/2 1389/508/2
f 1411/512/2 1412/511/2 1389/508/2
f 1129/510/2 1150/506/2 1128/513/2
f 1128/513/2 1150/506/2 1127/514/2
f 1127/514/2 1150/506/2 1126/515/2
f 1126/515/2 1150/506/2 1125/101/2
f 1410/516/2 1411/512/2 1389/508/2
f 1410/516/2 1389/508/2 1390/517/2
f 1388/518/2 1389/508/2 1252/509/2
f 1409/519/2 1410/516/2 1390/517/2
f 1409/519/2 1390/517/2 1391/520/2
f 1409/519/2 1391/520/2 1392/521/2
f 1408/522/2 1409/519/2 1392/521/2
f 1408/522/2 1392/521/2 1393/523/2
f 1407/524/2 1408/522/2 1393/523/2
f 1407/524/2 1393/523/2 1394/525/2
f 1407/524/2 1394/525/2 1395/526/2
f 1406/527/2 1407/524/2 1395/526/2
f 1406/527/2 1395/526/2 1396/528/2
f 1405/529/2 1406/527/2 1396/528/2
f 1405/529/2 1396/528/2 1397/530/2
f 1404/531/2 1405/529/2 1397/530/2
f 1404/531/2 1397/530/2 1398/532/2
f 1403/533/2 1404/531/2 1398/532/2
f 1403/533/2 1398/532/2 1399/534/2
f 1402/535/2 1403/533/2 1399/534/2
f 1402/535/2 1399/534/2 1400/536/2
f 1401/537/2 1402/535/2 1400/536/2
f 1264/538/2 1265/540/2 1266/539/2
f 1263/541/2 1264/538/2 1266/539/2
f 1262/542/2 1263/541/2 1266/539/2
f 1262/542/2 1266/539/2 1267/543/2
f 1388/518/2 1252/509/2 1253/544/2
f 1261/545/2 1262/542/2 1267/543/2
f 1260/546/2 1261/545/2 1267/543/2
f 1387/547/2 1388/518/2 1253/544/2
f 1260/546/2 1267/543/2 1268/548/2
f 1259/549/2 1260/546/2 1268/548/2
f 1258/550/2 1259/549/2 1268/548/2
f 1257/551/2 1258/550/2 1268/548/2
f 1257/551/2 1268/548/2 1269/552/2
f 1256/553/2 1257/551/2 1269/552/2
f 1255/554/2 1256/553/2 1269/552/2
f 1255/554/2 1269/552/2 1270/555/2
f 1254/556/2 1255/554/2 1270/555/2
f 1253/544/2 1254/556/2 1270/555/2
f 1387/547/2 1253/544/2 1270/555/2
f 1387/547/2 1270/555/2 1271/557/2
f 1387/547/2 1271/557/2 1272/558/2
f 1386/559/2 1387/547/2 1339/560/2
f 1339/560/2 1387/547/2 1338/561/2
f 1338/561/2 1387/547/2 1272/558/2
f 1337/562/2 1338/561/2 1272/558/2
f 1386/559/2 1339/560/2 1340/563/2
f 1336/564/2 1337/562/2 1272/558/2
f 1386/559/2 1340/563/2 1341/565/2
f 1386/559/2 1341/565/2 1342/566/2
f 1335/567/2 1336/564/2 1272/558/2
f 1335/567/2 1272/558/2 1273/568/2
f 1386/559/2 1342/566/2 1343/569/2
f 1385/570/2 1386/559/2 1343/569/2
f 1385/570/2 1343/569/2 1344/571/2
f 1334/572/2 1335/567/2 1273/568/2
f 1385/570/2 1344/571/2 1345/573/2
f 1385/570/2 1345/573/2 1346/574/2
f 1333/575/2 1334/572/2 1273/568/2
f 1385/570/2 1346/574/2 1347/576/2
f 1384/577/2 1385/570/2 1347/576/2
f 1384/577/2 1347/576/2 1348/578/2
f 1332/579/2 1333/575/2 1273/568/2
f 1332/579/2 1273/568/2 1274/580/2
f 1384/577/2 1348/578/2 1349/581/2
f 1384/577/2 1349/581/2 1350/582/2
f 1331/583/2 1332/579/2 1274/580/2
f 1383/584/2 1384/577/2 1350/582/2
f 1383/584/2 1350/582/2 1175/585/2
f 1175/585/2 1350/582/2 1351/586/2
f 1330/587/2 1331/583/2 1274/580/2
f 1330/587/2 1274/580/2 1275/588/2
f 1382/589/2 1383/584/2 1175/585/2
f 1329/590/2 1330/587/2 1275/588/2
f 1382/589/2 1175/585/2 1176/591/2
f 1174/592/2 1175/585/2 1351/586/2
f 1381/593/2 1382/589/2 1176/591/2
f 1329/590/2 1275/588/2 1276/594/2
f 1328/595/2 1329/590/2 1276/594/2
f 1381/593/2 1176/591/2 1177/596/2
f 1381/593/2 1177/596/2 1178/597/2
f 1380/598/2 1381/593/2 1178/597/2
f 1327/599/2 1328/595/2 1276/594/2
f 1380/598/2 1178/597/2 1179/600/2
f 1327/599/2 1276/594/2 1277/601/2
f 1379/602/2 1380/598/2 1179/600/2
f 1326/603/2 1327/599/2 1277/601/2
f 1379/602/2 1179/600/2 1180/604/2
f 1379/602/2 1180/604/2 1181/605/2
f 1326/603/2 1277/601/2 1278/606/2
f 1378/607/2 1379/602/2 1181/605/2
f 1325/608/2 1326/603/2 1278/606/2
f 1378/607/2 1181/605/2 1182/609/2
f 1378/607/2 1182/609/2 1183/610/2
f 1377/611/2 1378/607/2 1183/610/2
f 1324/612/2 1325/608/2 1278/606/2
f 1324/612/2 1278/606/2 1279/613/2
f 1377/611/2 1183/610/2 1184/614/2
f 1376/615/2 1377/611/2 1184/614/2
f 1323/616/2 1324/612/2 1279/613/2
f 1376/615/2 1184/614/2 1185/617/2
f 1376/615/2 1185/617/2 1186/618/2
f 1323/616/2 1279/613/2 1280/619/2
f 1322/620/2 1323/616/2 1280/619/2
f 1375/621/2 1376/615/2 1186/618/2
f 1375/621/2 1186/618/2 1187/622/2
f 1321/623/2 1322/620/2 1280/619/2
f 1375/621/2 1187/622/2 1151/624/2
f 1321/623/2 1280/619/2 1281/625/2
f 1374/626/2 1375/621/2 1151/624/2
f 1374/626/2 1151/624/2 1152/627/2
f 1320/628/2 1321/623/2 1281/625/2
f 1374/626/2 1152/627/2 1153/629/2
f 1373/630/2 1374/626/2 1153/629/2
f 1320/628/2 1281/625/2 1282/631/2
f 1319/632/2 1320/628/2 1282/631/2
f 1373/630/2 1153/629/2 1154/633/2
f 1173/634/2 1174/592/2 1351/586/2
f 1318/635/2 1319/632/2 1282/631/2
f 1373/630/2 1154/633/2 1155/636/2
f 1172/637/2 1173/634/2 1351/586/2
f 1172/637/2 1351/586/2 1352/638/2
f 1372/639/2 1373/630/2 1155/636/2
f 1318/635/2 1282/631/2 1283/640/2
f 1317/641/2 1318/635/2 1283/640/2
f 1171/642/2 1172/637/2 1352/638/2
f 1372/639/2 1155/636/2 1156/643/2
f 1170/644/2 1171/642/2 1352/638/2
f 1316/645/2 1317/641/2 1283/640/2
f 1372/639/2 1156/643/2 1157/646/2
f 1169/647/2 1170/644/2 1352/638/2
f 1315/648/2 1316/645/2 1283/640/2
f 1372/639/2 1157/646/2 1158/649/2
f 1371/650/2 1372/639/2 1158/649/2
f 1168/651/2 1169/647/2 1352/638/2
f 1168/651/2 1352/638/2 1353/652/2
f 1315/648/2 1283/640/2 1284/653/2
f 1167/654/2 1168/651/2 1353/652/2
f 1314/655/2 1315/648/2 1284/653/2
f 1371/650/2 1158/649/2 1159/656/2
f 1166/657/2 1167/654/2 1353/652/2
f 1313/658/2 1314/655/2 1284/653/2
f 1371/650/2 1159/656/2 1160/659/2
f 1165/660/2 1166/657/2 1353/652/2
f 1312/661/2 1313/658/2 1284/653/2
f 1311/662/2 1312/661/2 1284/653/2
f 1371/650/2 1160/659/2 1161/663/2
f 1164/664/2 1165/660/2 1353/652/2
f 1310/665/2 1311/662/2 1284/653/2
f 1309/666/2 1310/665/2 1284/653/2
f 1163/667/2 1164/664/2 1353/652/2
f 1371/650/2 1161/663/2 1162/668/2
f 1308/669/2 1309/666/2 1284/653/2
f 1162/668/2 1163/667/2 1353/652/2
f 1307/670/2 1308/669/2 1284/653/2
f 1371/650/2 1162/668/2 1353/652/2
f 1301/671/2 1302/673/2 1303/672/2
f 1306/674/2 1307/670/2 1284/653/2
f 1301/671/2 1303/672/2 1304/675/2
f 1301/671/2 1304/675/2 1305/676/2
f 1305/676/2 1306/674/2 1284/653/2
f 1301/671/2 1305/676/2 1284/653/2
f 1370/677/2 1371/650/2 1353/652/2
f 1301/671/2 1284/653/2 1285/678/2
f 1370/677/2 1353/652/2 1354/679/2
f 1369/680/2 1370/677/2 1354/679/2
f 1301/671/2 1285/678/2 1286/681/2
f 1369/680/2 1354/679/2 1355/682/2
f 1301/671/2 1286/681/2 1287/683/2
f 1369/680/2 1355/682/2 1356/684/2
f 1368/685/2 1369/680/2 1356/684/2
f 1301/671/2 1287/683/2 1288/686/2
f 1368/685/2 1356/684/2 1357/687/2
f 1367/688/2 1368/685/2 1357/687/2
f 1301/671/2 1288/686/2 1289/689/2
f 1367/688/2 1357/687/2 1358/690/2
f 1366/691/2 1367/688/2 1358/690/2
f 1366/691/2 1358/690/2 1359/692/2
f 1301/671/2 1289/689/2 1290/693/2
f 1301/671/2 1290/693/2 1291/694/2
f 1301/671/2 1291/694/2 1292/695/2
f 1365/696/2 1366/691/2 1359/692/2
f 1301/671/2 1292/695/2 1293/697/2
f 1365/696/2 1359/692/2 1360/698/2
f 1301/671/2 1293/697/2 1294/699/2
f 1301/671/2 1294/699/2 1295/700/2
f 1301/671/2 1295/700/2 1296/701/2
f 1301/671/2 1296/701/2 1297/702/2
f 1301/671/2 1297/702/2 1298/703/2
f 1365/696/2 1360/698/2 1361/704/2
f 1364/705/2 1365/696/2 1361/704/2
f 1301/671/2 1298/703/2 1299/706/2
f 1301/671/2 1299/706/2 1300/707/2
f 1364/705/2 1361/704/2 1362/708/2
f 1363/709/2 1364/705/2 1362/708/2
s 1
f 1428/710/3 1430/711/4 1429/712/4 1427/101/3
f 1430/711/4 1432/713/5 1431/714/5 1429/712/4
f 1432/713/5 1434/715/6 1433/716/6 1431/714/5
f 1434/715/6 1436/717/7 1435/718/7 1433/716/6
f 1436/717/7 1438/719/8 1437/720/8 1435/718/7
f 1438/719/8 1440/721/9 1439/722/9 1437/720/8
f 1440/721/9 1442/723/10 1441/724/10 1439/722/9
f 1442/723/10 1444/725/11 1443/726/11 1441/724/10
f 1444/725/11 1446/727/12 1445/728/12 1443/726/11
f 1446/727/12 1448/729/13 1447/730/13 1445/728/12
f 1448/729/13 1450/731/14 1449/732/14 1447/730/13
f 1450/731/14 1452/733/15 1451/734/15 1449/732/14
f 1452/733/15 1454/735/16 1453/311/16 1451/734/15
f 1454/735/16 1456/736/17 1455/737/17 1453/311/16
f 1456/736/17 1458/738/18 1457/739/18 1455/737/17
f 1458/738/18 1460/740/19 1459/741/19 1457/739/18
f 1460/740/19 1462/742/20 1461/743/20 1459/741/19
f 1462/742/20 1464/744/21 1463/745/21 1461/743/20
f 1464/744/21 1466/746/22 1465/747/22 1463/745/21
f 1466/746/22 1468/748/23 1467/749/23 1465/747/22
f 1468/748/23 1470/750/24 1469/751/24 1467/749/23
f 1470/750/24 1472/752/25 1471/753/25 1469/751/24
f 1472/752/25 1474/754/26 1473/755/26 1471/753/25
f 1474/754/26 1476/756/27 1475/757/27 1473/755/26
f 1476/756/27 1478/758/28 1477/759/28 1475/757/27
f 1478/758/28 1428/760/3 1427/3/3 1477/759/28
f 1480/710/29 1482/761/30 1481/762/30 1479/101/29
f 1482/761/30 1484/763/31 1483/764/31 1481/762/30
f 1484/763/31 1486/765/32 1485/766/32 1483/764/31
f 1486/765/32 1488/767/33 1487/768/33 1485/766/32
f 1488/767/33 1490/769/34 1489/770/34 1487/768/33
f 1490/769/34 1492/771/35 1491/772/35 1489/770/34
f 1492/771/35 1494/773/36 1493/774/36 1491/772/35
f 1494/773/36 1496/775/37 1495/776/37 1493/774/36
f 1496/775/37 1498/777/38 1497/778/38 1495/776/37
f 1498/777/38 1500/779/39 1499/780/39 1497/778/38
f 1500/779/39 1502/781/40 1501/782/40 1499/780/39
f 1502/781/40 1504/783/41 1503/784/41 1501/782/40
f 1504/783/41 1506/785/42 1505/786/42 1503/784/41
f 1506/785/42 1508/787/43 1507/788/43 1505/786/42
f 1508/787/43 1510/789/44 1509/790/44 1507/788/43
f 1510/789/44 1512/791/45 1511/792/45 1509/790/44
f 1512/791/45 1514/793/46 1513/794/46 1511/792/45
f 1514/793/46 1516/795/47 1515/796/47 1513/794/46
f 1516/795/47 1518/797/48 1517/798/48 1515/796/47
f 1518/797/48 1520/799/49 1519/800/49 1517/798/48
f 1520/799/49 1522/801/50 1521/802/50 1519/800/49
f 1522/801/50 1524/803/51 1523/804/51 1521/802/50
f 1524/803/51 1526/805/52 1525/806/52 1523/804/51
f 1526/805/52 1528/807/53 1527/808/53 1525/806/52
f 1528/807/53 1530/809/54 1529/810/54 1527/808/53
f 1530/809/54 1532/811/55 1531/812/55 1529/810/54
f 1532/811/55 1534/813/56 1533/814/56 1531/812/55
f 1534/813/56 1536/815/57 1535/816/57 1533/814/56
f 1536/815/57 1538/817/58 1537/818/58 1535/816/57
f 1538/817/58 1540/819/59 1539/820/59 1537/818/58
f 1540/819/59 1542/821/60 1541/822/60 1539/820/59
f 1542/821/60 1544/823/61 1543/824/61 1541/822/60
f 1544/823/61 1546/825/62 1545/826/62 1543/824/61
f 1546/825/62 1548/827/63 1547/828/63 1545/826/62
f 1548/827/63 1550/829/64 1549/830/64 1547/828/63
f 1550/829/64 1552/831/65 1551/832/65 1549/830/64
f 1552/831/65 1480/760/29 1479/3/29 1551/832/65
f 1554/710/66 1556/833/67 1555/834/67 1553/101/66
f 1556/833/67 1558/835/68 1557/836/68 1555/834/67
f 1558/835/68 1560/837/69 1559/838/69 1557/836/68
f 1560/837/69 1562/839/70 1561/840/70 1559/838/69
f 1562/839/70 1564/841/71 1563/842/71 1561/840/70
f 1564/841/71 1566/843/72 1565/844/72 1563/842/71
f 1566/843/72 1568/845/73 1567/846/73 1565/844/72
f 1568/845/73 1570/847/74 1569/848/74 1567/846/73
f 1570/847/74 1572/849/75 1571/850/75 1569/848/74
f 1572/849/75 1574/851/76 1573/852/76 1571/850/75
f 1574/851/76 1576/853/77 1575/854/77 1573/852/76
f 1576/853/77 1578/855/78 1577/856/78 1575/854/77
f 1578/855/78 1580/857/79 1579/858/79 1577/856/78
f 1580/857/79 1582/859/80 1581/860/80 1579/858/79
f 1582/859/80 1584/861/81 1583/862/81 1581/860/80
f 1584/861/81 1586/863/82 1585/864/82 1583/862/81
f 1586/863/82 1588/865/83 1587/866/83 1585/864/82
f 1588/865/83 1590/867/84 1589/868/84 1587/866/83
f 1590/867/84 1592/869/85 1591/870/85 1589/868/84
f 1592/869/85 1594/871/86 1593/872/86 1591/870/85
f 1594/871/86 1596/873/87 1595/874/87 1593/872/86
f 1596/873/87 1598/875/88 1597/876/88 1595/874/87
f 1598/875/88 1600/877/89 1599/878/89 1597/876/88
f 1600/877/89 1602/879/90 1601/880/90 1599/878/89
f 1602/879/90 1604/881/91 1603/882/91 1601/880/90
f 1604/881/91 1606/883/92 1605/884/92 1603/882/91
f 1606/883/92 1608/885/93 1607/886/93 1605/884/92
f 1608/885/93 1610/887/94 1609/888/94 1607/886/93
f 1610/887/94 1612/889/95 1611/890/95 1609/888/94
f 1612/889/95 1614/891/96 1613/892/96 1611/890/95
f 1614/891/96 1616/893/97 1615/894/97 1613/892/96
f 1616/893/97 1618/895/98 1617/896/98 1615/894/97
f 1618/895/98 1620/897/99 1619/898/99 1617/896/98
f 1620/897/99 1622/899/100 1621/900/100 1619/898/99
f 1622/899/100 1624/901/101 1623/902/101 1621/900/100
f 1624/901/101 1626/903/102 1625/904/102 1623/902/101
f 1626/903/102 1628/905/103 1627/906/103 1625/904/102
f 1628/905/103 1630/907/104 1629/908/104 1627/906/103
f 1630/907/104 1632/909/105 1631/910/105 1629/908/104
f 1632/909/105 1634/911/106 1633/912/106 1631/910/105
f 1634/911/106 1636/913/107 1635/914/107 1633/912/106
f 1636/913/107 1638/915/108 1637/916/108 1635/914/107
f 1638/915/108 1640/917/109 1639/918/109 1637/916/108
f 1640/917/109 1642/919/110 1641/920/110 1639/918/109
f 1642/919/110 1644/921/111 1643/922/111 1641/920/110
f 1644/921/111 1646/923/112 1645/924/112 1643/922/111
f 1646/923/112 1648/925/113 1647/926/113 1645/924/112
f 1648/925/113 1650/927/114 1649/928/114 1647/926/113
f 1650/927/114 1652/929/115 1651/930/115 1649/928/114
f 1652/929/115 1654/931/116 1653/932/116 1651/930/115
f 1654/931/116 1656/933/117 1655/934/117 1653/932/116
f 1656/933/117 1658/935/118 1657/936/118 1655/934/117
f 1658/935/118 1660/937/119 1659/938/119 1657/936/118
f 1660/937/119 1662/939/120 1661/940/120 1659/938/119
f 1662/939/120 1664/941/121 1663/942/121 1661/940/120
f 1664/941/121 1666/943/122 1665/944/122 1663/942/121
f 1666/943/122 1668/945/123 1667/946/123 1665/944/122
f 1668/945/123 1670/947/124 1669/948/124 1667/946/123
f 1670/947/124 1672/949/125 1671/950/125 1669/948/124
f 1672/949/125 1674/951/126 1673/952/126 1671/950/125
f 1674/951/126 1676/953/127 1675/954/127 1673/952/126
f 1676/953/127 1678/955/128 1677/956/128 1675/954/127
f 1678/955/128 1680/957/129 1679/958/129 1677/956/128
f 1680/957/129 1682/959/130 1681/960/130 1679/958/129
f 1682/959/130 1684/961/131 1683/962/131 1681/960/130
f 1684/961/131 1686/963/132 1685/964/132 1683/962/131
f 1686/963/132 1688/965/133 1687/966/133 1685/964/132
f 1688/965/133 1690/967/134 1689/968/134 1687/966/133
f 1690/967/134 1692/969/135 1691/970/135 1689/968/134
f 1692/969/135 1694/971/136 1693/972/136 1691/970/135
f 1694/971/136 1696/973/137 1695/974/137 1693/972/136
f 1696/973/137 1698/975/138 1697/976/138 1695/974/137
f 1698/975/138 1700/977/139 1699/978/139 1697/976/138
f 1700/977/139 1702/979/140 1701/980/140 1699/978/139
f 1702/979/140 1704/981/141 1703/982/141 1701/980/140
f 1704/981/141 1706/983/142 1705/984/142 1703/982/141
f 1706/983/142 1708/985/143 1707/986/143 1705/984/142
f 1708/985/143 1710/987/144 1709/988/144 1707/986/143
f 1710/987/144 1712/989/145 1711/990/145 1709/988/144
f 1712/989/145 1714/991/146 1713/992/146 1711/990/145
f 1714/991/146 1716/993/147 1715/994/147 1713/992/146
f 1716/993/147 1718/995/148 1717/996/148 1715/994/147
f 1718/995/148 1720/997/149 1719/998/149 1717/996/148
f 1720/997/149 1722/999/150 1721/1000/150 1719/998/149
f 1722/999/150 1724/1001/151 1723/1002/151 1721/1000/150
f 1724/1001/151 1726/1003/152 1725/1004/152 1723/1002/151
f 1726/1003/152 1728/1005/153 1727/1006/153 1725/1004/152
f 1728/1005/153 1730/1007/154 1729/1008/154 1727/1006/153
f 1730/1007/154 1732/1009/155 1731/1010/155 1729/1008/154
f 1732/1009/155 1734/1011/156 1733/1012/156 1731/1010/155
f 1734/1011/156 1736/1013/157 1735/1014/157 1733/1012/156
f 1736/1013/157 1738/1015/158 1737/1016/158 1735/1014/157
f 1738/1015/158 1740/1017/159 1739/1018/159 1737/1016/158
f 1740/1017/159 1742/1019/160 1741/1020/160 1739/1018/159
f 1742/1019/160 1744/1021/161 1743/1022/161 1741/1020/160
f 1744/1021/161 1746/1023/162 1745/1024/162 1743/1022/161
f 1746/1023/162 1748/1025/163 1747/1026/163 1745/1024/162
f 1748/1025/163 1750/1027/164 1749/1028/164 1747/1026/163
f 1750/1027/164 1752/1029/165 1751/1030/165 1749/1028/164
f 1752/1029/165 1754/1031/166 1753/1032/166 1751/1030/165
f 1754/1031/166 1756/1033/167 1755/1034/167 1753/1032/166
f 1756/1033/167 1758/1035/168 1757/1036/168 1755/1034/167
f 1758/1035/168 1760/1037/169 1759/1038/169 1757/1036/168
f 1760/1037/169 1762/1039/170 1761/1040/170 1759/1038/169
f 1762/1039/170 1764/1041/171 1763/1042/171 1761/1040/170
f 1764/1041/171 1766/1043/172 1765/1044/172 1763/1042/171
f 1766/1043/172 1768/1045/173 1767/1046/173 1765/1044/172
f 1768/1045/173 1770/1047/174 1769/1048/174 1767/1046/173
f 1770/1047/174 1772/1049/175 1771/1050/175 1769/1048/174
f 1772/1049/175 1774/1051/176 1773/1052/176 1771/1050/175
f 1774/1051/176 1776/1053/177 1775/1054/177 1773/1052/176
f 1776/1053/177 1778/1055/178 1777/1056/178 1775/1054/177
f 1778/1055/178 1780/1057/179 1779/1058/179 1777/1056/178
f 1780/1057/179 1782/1059/180 1781/1060/180 1779/1058/179
f 1782/1059/180 1784/1061/181 1783/1062/181 1781/1060/180
f 1784/1061/181 1786/1063/182 1785/1064/182 1783/1062/181
f 1786/1063/182 1788/1065/183 1787/1066/183 1785/1064/182
f 1788/1065/183 1790/1067/184 1789/1068/184 1787/1066/183
f 1790/1067/184 1792/1069/185 1791/1070/185 1789/1068/184
f 1792/1069/185 1794/1071/186 1793/1072/186 1791/1070/185
f 1794/1071/186 1796/1073/187 1795/1074/187 1793/1072/186
f 1796/1073/187 1798/1075/188 1797/1076/188 1795/1074/187
f 1798/1075/188 1800/1077/189 1799/1078/189 1797/1076/188
f 1800/1077/189 1802/1079/190 1801/1080/190 1799/1078/189
f 1802/1079/190 1804/1081/191 1803/1082/191 1801/1080/190
f 1804/1081/191 1806/1083/192 1805/1084/192 1803/1082/191
f 1806/1083/192 1808/1085/193 1807/1086/193 1805/1084/192
f 1808/1085/193 1810/1087/194 1809/1088/194 1807/1086/193
f 1810/1087/194 1812/1089/195 1811/1090/195 1809/1088/194
f 1812/1089/195 1814/1091/196 1813/1092/196 1811/1090/195
f 1814/1091/196 1816/1093/197 1815/1094/197 1813/1092/196
f 1816/1093/197 1818/1095/198 1817/1096/198 1815/1094/197
f 1818/1095/198 1820/1097/199 1819/1098/199 1817/1096/198
f 1820/1097/199 1822/1099/200 1821/1100/200 1819/1098/199
f 1822/1099/200 1824/1101/201 1823/1102/201 1821/1100/200
f 1824/1101/201 1826/1103/202 1825/1104/202 1823/1102/201
f 1826/1103/202 1828/1105/203 1827/1106/203 1825/1104/202
f 1828/1105/203 1830/1107/204 1829/1108/204 1827/1106/203
f 1830/1107/204 1832/1109/205 1831/1110/205 1829/1108/204
f 1832/1109/205 1834/1111/206 1833/1112/206 1831/1110/205
f 1834/1111/206 1836/1113/207 1835/1114/207 1833/1112/206
f 1836/1113/207 1838/1115/208 1837/1116/208 1835/1114/207
f 1838/1115/208 1840/1117/209 1839/1118/209 1837/1116/208
f 1840/1117/209 1842/1119/210 1841/1120/210 1839/1118/209
f 1842/1119/210 1844/1121/211 1843/1122/211 1841/1120/210
f 1844/1121/211 1846/1123/212 1845/1124/212 1843/1122/211
f 1846/1123/212 1848/1125/213 1847/1126/213 1845/1124/212
f 1848/1125/213 1850/1127/214 1849/1128/214 1847/1126/213
f 1850/1127/214 1852/1129/215 1851/1130/215 1849/1128/214
f 1852/1129/215 1854/1131/216 1853/1132/216 1851/1130/215
f 1854/1131/216 1856/1133/217 1855/1134/217 1853/1132/216
f 1856/1133/217 1858/1135/218 1857/1136/218 1855/1134/217
f 1858/1135/218 1860/1137/219 1859/1138/219 1857/1136/218
f 1860/1137/219 1862/1139/220 1861/1140/220 1859/1138/219
f 1862/1139/220 1864/1141/221 1863/1142/221 1861/1140/220
f 1864/1141/221 1866/1143/222 1865/1144/222 1863/1142/221
f 1866/1143/222 1868/1145/223 1867/1146/223 1865/1144/222
f 1868/1145/223 1870/1147/224 1869/1148/224 1867/1146/223
f 1870/1147/224 1872/1149/225 1871/1150/225 1869/1148/224
f 1872/1149/225 1874/1151/226 1873/1152/226 1871/1150/225
f 1874/1151/226 1876/1153/227 1875/1154/227 1873/1152/226
f 1876/1153/227 1878/1155/228 1877/1156/228 1875/1154/227
f 1878/1155/228 1880/1157/229 1879/1158/229 1877/1156/228
f 1880/1157/229 1882/1159/230 1881/1160/230 1879/1158/229
f 1882/1159/230 1884/1161/231 1883/1162/231 1881/1160/230
f 1884/1161/231 1886/1163/232 1885/1164/232 1883/1162/231
f 1886/1163/232 1888/1165/233 1887/1166/233 1885/1164/232
f 1888/1165/233 1890/1167/234 1889/1168/234 1887/1166/233
f 1890/1167/234 1892/1169/235 1891/1170/235 1889/1168/234
f 1892/1169/235 1894/1171/236 1893/1172/236 1891/1170/235
f 1894/1171/236 1896/1173/237 1895/1174/237 1893/1172/236
f 1896/1173/237 1898/1175/238 1897/1176/238 1895/1174/237
f 1898/1175/238 1900/1177/239 1899/1178/239 1897/1176/238
f 1900/1177/239 1902/1179/240 1901/1180/240 1899/1178/239
f 1902/1179/240 1904/1181/241 1903/1182/241 1901/1180/240
f 1904/1181/241 1906/1183/242 1905/1184/242 1903/1182/241
f 1906/1183/242 1908/1185/243 1907/1186/243 1905/1184/242
f 1908/1185/243 1910/1187/244 1909/1188/244 1907/1186/243
f 1910/1187/244 1912/1189/245 1911/1190/245 1909/1188/244
f 1912/1189/245 1914/1191/246 1913/1192/246 1911/1190/245
f 1914/1191/246 1916/1193/247 1915/1194/247 1913/1192/246
f 1916/1193/247 1918/1195/248 1917/1196/248 1915/1194/247
f 1918/1195/248 1920/1197/249 1919/1198/249 1917/1196/248
f 1920/1197/249 1922/1199/250 1921/1200/250 1919/1198/249
f 1922/1199/250 1924/1201/251 1923/1202/251 1921/1200/250
f 1924/1201/251 1926/1203/252 1925/1204/252 1923/1202/251
f 1926/1203/252 1928/1205/253 1927/1206/253 1925/1204/252
f 1928/1205/253 1930/1207/254 1929/1208/254 1927/1206/253
f 1930/1207/254 1932/1209/255 1931/1210/255 1929/1208/254
f 1932/1209/255 1934/1211/256 1933/1212/256 1931/1210/255
f 1934/1211/256 1936/1213/257 1935/1214/257 1933/1212/256
f 1936/1213/257 1938/1215/258 1937/1216/258 1935/1214/257
f 1938/1215/258 1940/1217/259 1939/1218/259 1937/1216/258
f 1940/1217/259 1942/1219/260 1941/1220/260 1939/1218/259
f 1942/1219/260 1944/1221/261 1943/1222/261 1941/1220/260
f 1944/1221/261 1946/1223/262 1945/1224/262 1943/1222/261
f 1946/1223/262 1948/1225/263 1947/1226/263 1945/1224/262
f 1948/1225/263 1950/1227/264 1949/1228/264 1947/1226/263
f 1950/1227/264 1952/1229/265 1951/1230/265 1949/1228/264
f 1952/1229/265 1954/1231/266 1953/1232/266 1951/1230/265
f 1954/1231/266 1956/1233/267 1955/1234/267 1953/1232/266
f 1956/1233/267 1958/1235/268 1957/1236/268 1955/1234/267
f 1958/1235/268 1960/1237/269 1959/1238/269 1957/1236/268
f 1960/1237/269 1962/1239/270 1961/1240/270 1959/1238/269
f 1962/1239/270 1964/1241/271 1963/1242/271 1961/1240/270
f 1964/1241/271 1966/1243/272 1965/1244/272 1963/1242/271
f 1966/1243/272 1968/1245/273 1967/1246/273 1965/1244/272
f 1968/1245/273 1970/1247/274 1969/1248/274 1967/1246/273
f 1970/1247/274 1972/1249/275 1971/1250/275 1969/1248/274
f 1972/1249/275 1974/1251/276 1973/1252/276 1971/1250/275
f 1974/1251/276 1976/1253/277 1975/1254/277 1973/1252/276
f 1976/1253/277 1978/1255/278 1977/1256/278 1975/1254/277
f 1978/1255/278 1980/1257/279 1979/1258/279 1977/1256/278
f 1980/1257/279 1982/1259/280 1981/1260/280 1979/1258/279
f 1982/1259/280 1984/1261/281 1983/1262/281 1981/1260/280
f 1984/1261/281 1986/1263/282 1985/1264/282 1983/1262/281
f 1986/1263/282 1988/1265/283 1987/1266/283 1985/1264/282
f 1988/1265/283 1990/1267/284 1989/1268/284 1987/1266/283
f 1990/1267/284 1992/1269/285 1991/1270/285 1989/1268/284
f 1992/1269/285 1994/1271/286 1993/1272/286 1991/1270/285
f 1994/1271/286 1996/1273/287 1995/1274/287 1993/1272/286
f 1996/1273/287 1998/1275/288 1997/1276/288 1995/1274/287
f 1998/1275/288 2000/1277/289 1999/1278/289 1997/1276/288
f 2000/1277/289 2002/1279/290 2001/1280/290 1999/1278/289
f 2002/1279/290 2004/1281/291 2003/1282/291 2001/1280/290
f 2004/1281/291 2006/1283/292 2005/1284/292 2003/1282/291
f 2006/1283/292 2008/1285/293 2007/1286/293 2005/1284/292
f 2008/1285/293 2010/1287/294 2009/1288/294 2007/1286/293
f 2010/1287/294 2012/1289/295 2011/1290/295 2009/1288/294
f 2012/1289/295 2014/1291/296 2013/1292/296 2011/1290/295
f 2014/1291/296 2016/1293/297 2015/1294/297 2013/1292/296
f 2016/1293/297 2018/1295/298 2017/1296/298 2015/1294/297
f 2018/1295/298 2020/1297/299 2019/1298/299 2017/1296/298
f 2020/1297/299 2022/1299/300 2021/1300/300 2019/1298/299
f 2022/1299/300 2024/1301/301 2023/1302/301 2021/1300/300
f 2024/1301/301 2026/1303/302 2025/1304/302 2023/1302/301
f 2026/1303/302 2028/1305/303 2027/1306/303 2025/1304/302
f 2028/1305/303 2030/1307/304 2029/1308/304 2027/1306/303
f 2030/1307/304 1554/760/66 1553/3/66 2029/1308/304
f 2032/710/305 2034/1309/306 2033/1310/306 2031/101/305
f 2034/1309/306 2036/1311/307 2035/1312/307 2033/1310/306
f 2036/1311/307 2038/1313/308 2037/1314/308 2035/1312/307
f 2038/1313/308 2040/1315/309 2039/1316/309 2037/1314/308
f 2040/1315/309 2042/1317/310 2041/1318/310 2039/1316/309
f 2042/1317/310 2044/1319/311 2043/1320/311 2041/1318/310
f 2044/1319/311 2046/1321/312 2045/1322/312 2043/1320/311
f 2046/1321/312 2048/1323/313 2047/1324/313 2045/1322/312
f 2048/1323/313 2050/1325/314 2049/1326/314 2047/1324/313
f 2050/1325/314 2052/1327/315 2051/1328/315 2049/1326/314
f 2052/1327/315 2054/1329/316 2053/1330/316 2051/1328/315
f 2054/1329/316 2056/1331/317 2055/1332/317 2053/1330/316
f 2056/1331/317 2058/1333/318 2057/1334/318 2055/1332/317
f 2058/1333/318 2060/1335/319 2059/1336/319 2057/1334/318
f 2060/1335/319 2062/1337/320 2061/1338/320 2059/1336/319
f 2062/1337/320 2064/1339/321 2063/1340/321 2061/1338/320
f 2064/1339/321 2066/1341/322 2065/1342/322 2063/1340/321
f 2066/1341/322 2068/1343/323 2067/1344/323 2065/1342/322
f 2068/1343/323 2070/1345/324 2069/1346/324 2067/1344/323
f 2070/1345/324 2072/1347/102 2071/1348/102 2069/1346/324
f 2072/1347/102 2074/1349/325 2073/1350/325 2071/1348/102
f 2074/1349/325 2076/1351/326 2075/1352/326 2073/1350/325
f 2076/1351/326 2078/1353/327 2077/1354/327 2075/1352/326
f 2078/1353/327 2080/1355/328 2079/1356/328 2077/1354/327
f 2080/1355/328 2082/1357/329 2081/1358/329 2079/1356/328
f 2082/1357/329 2084/1359/330 2083/1360/330 2081/1358/329
f 2084/1359/330 2086/1361/331 2085/1362/331 2083/1360/330
f 2086/1361/331 2088/1363/332 2087/1364/332 2085/1362/331
f 2088/1363/332 2090/1365/333 2089/1366/333 2087/1364/332
f 2090/1365/333 2092/1367/334 2091/1368/334 2089/1366/333
f 2092/1367/334 2094/1369/335 2093/1370/335 2091/1368/334
f 2094/1369/335 2096/1371/336 2095/1372/336 2093/1370/335
f 2096/1371/336 2098/1373/337 2097/1374/337 2095/1372/336
f 2098/1373/337 2100/1375/338 2099/1376/338 2097/1374/337
f 2100/1375/338 2102/1377/339 2101/1378/339 2099/1376/338
f 2102/1377/339 2104/1379/340 2103/1380/340 2101/1378/339
f 2104/1379/340 2106/1381/341 2105/1382/341 2103/1380/340
f 2106/1381/341 2108/1383/342 2107/1384/342 2105/1382/341
f 2108/1383/342 2110/1385/343 2109/1386/343 2107/1384/342
f 2110/1385/343 2112/1387/344 2111/1388/344 2109/1386/343
f 2112/1387/344 2114/1389/345 2113/1390/345 2111/1388/344
f 2114/1389/345 2116/1391/346 2115/1392/346 2113/1390/345
f 2116/1391/346 2118/1393/347 2117/1394/347 2115/1392/346
f 2118/1393/347 2120/1395/348 2119/1396/348 2117/1394/347
f 2120/1395/348 2122/1397/349 2121/1398/349 2119/1396/348
f 2122/1397/349 2124/1399/350 2123/1400/350 2121/1398/349
f 2124/1399/350 2126/1401/351 2125/1402/351 2123/1400/350
f 2126/1401/351 2128/1403/352 2127/1404/352 2125/1402/351
f 2128/1403/352 2130/1405/353 2129/1406/353 2127/1404/352
f 2130/1405/353 2132/1407/354 2131/1408/354 2129/1406/353
f 2132/1407/354 2134/1409/355 2133/1410/355 2131/1408/354
f 2134/1409/355 2136/1411/356 2135/1412/356 2133/1410/355
f 2136/1411/356 2138/1413/357 2137/1414/357 2135/1412/356
f 2138/1413/357 2140/1415/358 2139/1416/358 2137/1414/357
f 2140/1415/358 2142/1417/359 2141/1418/359 2139/1416/358
f 2142/1417/359 2144/1419/360 2143/1420/360 2141/1418/359
f 2144/1419/360 2146/1421/361 2145/1422/361 2143/1420/360
f 2146/1421/361 2148/1423/362 2147/1424/362 2145/1422/361
f 2148/1423/362 2150/1425/363 2149/1426/363 2147/1424/362
f 2150/1425/363 2152/1427/364 2151/1428/364 2149/1426/363
f 2152/1427/364 2154/1429/365 2153/1430/365 2151/1428/364
f 2154/1429/365 2156/1431/366 2155/1432/366 2153/1430/365
f 2156/1431/366 2158/1433/367 2157/1434/367 2155/1432/366
f 2158/1433/367 2160/1435/368 2159/1436/368 2157/1434/367
f 2160/1435/368 2162/1437/369 2161/1438/369 2159/1436/368
f 2162/1437/369 2164/1439/370 2163/1440/370 2161/1438/369
f 2164/1439/370 2166/1441/371 2165/1442/371 2163/1440/370
f 2166/1441/371 2168/1443/372 2167/1444/372 2165/1442/371
f 2168/1443/372 2170/1445/373 2169/1446/373 2167/1444/372
f 2170/1445/373 2172/1447/374 2171/1448/374 2169/1446/373
f 2172/1447/374 2174/1449/375 2173/1450/375 2171/1448/374
f 2174/1449/375 2176/1451/376 2175/1452/376 2173/1450/375
f 2176/1451/376 2178/1453/377 2177/1454/377 2175/1452/376
f 2178/1453/377 2180/1455/378 2179/1456/378 2177/1454/377
f 2180/1455/378 2182/1457/379 2181/1458/379 2179/1456/378
f 2182/1457/379 2184/1459/380 2183/1460/380 2181/1458/379
f 2184/1459/380 2186/1461/381 2185/1462/381 2183/1460/380
f 2186/1461/381 2188/1463/382 2187/1464/382 2185/1462/381
f 2188/1463/382 2190/1465/383 2189/1466/383 2187/1464/382
f 2190/1465/383 2192/1467/384 2191/1468/384 2189/1466/383
f 2192/1467/384 2194/1469/385 2193/1470/385 2191/1468/384
f 2194/1469/385 2196/1471/386 2195/1472/386 2193/1470/385
f 2196/1471/386 2198/1473/387 2197/1474/387 2195/1472/386
f 2198/1473/387 2200/1475/388 2199/1476/388 2197/1474/387
f 2200/1475/388 2202/1477/389 2201/1478/389 2199/1476/388
f 2202/1477/389 2204/1479/390 2203/1480/390 2201/1478/389
f 2204/1479/390 2206/1481/391 2205/1482/391 2203/1480/390
f 2206/1481/391 2208/1483/392 2207/1484/392 2205/1482/391
f 2208/1483/392 2210/1485/393 2209/1486/393 2207/1484/392
f 2210/1485/393 2212/1487/394 2211/1488/394 2209/1486/393
f 2212/1487/394 2214/1489/395 2213/1490/395 2211/1488/394
f 2214/1489/395 2216/1491/396 2215/1492/396 2213/1490/395
f 2216/1491/396 2218/1493/397 2217/1494/397 2215/1492/396
f 2218/1493/397 2220/1495/398 2219/1496/398 2217/1494/397
f 2220/1495/398 2222/1497/399 2221/1498/399 2219/1496/398
f 2222/1497/399 2224/1499/400 2223/1500/400 2221/1498/399
f 2224/1499/400 2226/1501/401 2225/1502/401 2223/1500/400
f 2226/1501/401 2228/1503/402 2227/1504/402 2225/1502/401
f 2228/1503/402 2230/1505/403 2229/1506/403 2227/1504/402
f 2230/1505/403 2232/1507/404 2231/1508/404 2229/1506/403
f 2232/1507/404 2234/1509/405 2233/1510/405 2231/1508/404
f 2234/1509/405 2236/1511/406 2235/1512/406 2233/1510/405
f 2236/1511/406 2238/1513/407 2237/1514/407 2235/1512/406
f 2238/1513/407 2240/1515/408 2239/1516/408 2237/1514/407
f 2240/1515/408 2242/1517/409 2241/1518/409 2239/1516/408
f 2242/1517/409 2244/1519/410 2243/1520/410 2241/1518/409
f 2244/1519/410 2246/1521/411 2245/1522/411 2243/1520/410
f 2246/1521/411 2248/1523/412 2247/1524/412 2245/1522/411
f 2248/1523/412 2250/1525/413 2249/1526/413 2247/1524/412
f 2250/1525/413 2252/1527/414 2251/1528/414 2249/1526/413
f 2252/1527/414 2254/1529/415 2253/1530/415 2251/1528/414
f 2254/1529/415 2256/1531/416 2255/1532/416 2253/1530/415
f 2256/1531/416 2258/1533/417 2257/1534/417 2255/1532/416
f 2258/1533/417 2260/1535/418 2259/1536/418 2257/1534/417
f 2260/1535/418 2262/1537/419 2261/1538/419 2259/1536/418
f 2262/1537/419 2264/1539/420 2263/1540/420 2261/1538/419
f 2264/1539/420 2266/1541/421 2265/1542/421 2263/1540/420
f 2266/1541/421 2268/1543/422 2267/1544/422 2265/1542/421
f 2268/1543/422 2270/1545/423 2269/1546/423 2267/1544/422
f 2270/1545/423 2272/1547/424 2271/1548/424 2269/1546/423
f 2272/1547/424 2274/1549/425 2273/1550/425 2271/1548/424
f 2274/1549/425 2276/1551/426 2275/1552/426 2273/1550/425
f 2276/1551/426 2278/1553/427 2277/1554/427 2275/1552/426
f 2278/1553/427 2280/1555/428 2279/1556/428 2277/1554/427
f 2280/1555/428 2282/1557/429 2281/1558/429 2279/1556/428
f 2282/1557/429 2284/1559/430 2283/1560/430 2281/1558/429
f 2284/1559/430 2286/1561/431 2285/1562/431 2283/1560/430
f 2286/1561/431 2288/1563/432 2287/1564/432 2285/1562/431
f 2288/1563/432 2290/1565/433 2289/1566/433 2287/1564/432
f 2290/1565/433 2292/1567/434 2291/1568/434 2289/1566/433
f 2292/1567/434 2294/1569/435 2293/1570/435 2291/1568/434
f 2294/1569/435 2296/1571/436 2295/1572/436 2293/1570/435
f 2296/1571/436 2298/1573/437 2297/1574/437 2295/1572/436
f 2298/1573/437 2300/1575/438 2299/1576/438 2297/1574/437
f 2300/1575/438 2302/1577/439 2301/1578/439 2299/1576/438
f 2302/1577/439 2304/1579/440 2303/1580/440 2301/1578/439
f 2304/1579/440 2306/1581/441 2305/1582/441 2303/1580/440
f 2306/1581/441 2308/1583/442 2307/1584/442 2305/1582/441
f 2308/1583/442 2310/1585/443 2309/1586/443 2307/1584/442
f 2310/1585/443 2312/1587/444 2311/1588/444 2309/1586/443
f 2312/1587/444 2314/1589/445 2313/1590/445 2311/1588/444
f 2314/1589/445 2316/1591/446 2315/1592/446 2313/1590/445
f 2316/1591/446 2318/1593/447 2317/1594/447 2315/1592/446
f 2318/1593/447 2320/1595/448 2319/1596/448 2317/1594/447
f 2320/1595/448 2322/1597/449 2321/1598/449 2319/1596/448
f 2322/1597/449 2324/1599/450 2323/1600/450 2321/1598/449
f 2324/1599/450 2326/1601/451 2325/1602/451 2323/1600/450
f 2326/1601/451 2328/1603/452 2327/1604/452 2325/1602/451
f 2328/1603/452 2330/1605/453 2329/1606/453 2327/1604/452
f 2330/1605/453 2332/1607/454 2331/1608/454 2329/1606/453
f 2332/1607/454 2334/1609/455 2333/1610/455 2331/1608/454
f 2334/1609/455 2336/1611/456 2335/1612/456 2333/1610/455
f 2336/1611/456 2338/1613/457 2337/1614/457 2335/1612/456
f 2338/1613/457 2340/1615/458 2339/1616/458 2337/1614/457
f 2340/1615/458 2342/1617/459 2341/1618/459 2339/1616/458
f 2342/1617/459 2344/1619/460 2343/1620/460 2341/1618/459
f 2344/1619/460 2346/1621/461 2345/1622/461 2343/1620/460
f 2346/1621/461 2348/1623/462 2347/1624/462 2345/1622/461
f 2348/1623/462 2350/1625/463 2349/1626/463 2347/1624/462
f 2350/1625/463 2352/1627/464 2351/1628/464 2349/1626/463
f 2352/1627/464 2354/1629/465 2353/1630/465 2351/1628/464
f 2354/1629/465 2356/1631/466 2355/1632/466 2353/1630/465
f 2356/1631/466 2358/1633/467 2357/1634/467 2355/1632/466
f 2358/1633/467 2360/1635/468 2359/1636/468 2357/1634/467
f 2360/1635/468 2362/1637/469 2361/1638/469 2359/1636/468
f 2362/1637/469 2364/1639/470 2363/1640/470 2361/1638/469
f 2364/1639/470 2366/1641/471 2365/1642/471 2363/1640/470
f 2366/1641/471 2368/1643/472 2367/1644/472 2365/1642/471
f 2368/1643/472 2370/1645/473 2369/1646/473 2367/1644/472
f 2370/1645/473 2372/1647/474 2371/1648/474 2369/1646/473
f 2372/1647/474 2374/1649/475 2373/1650/475 2371/1648/474
f 2374/1649/475 2376/1651/476 2375/1652/476 2373/1650/475
f 2376/1651/476 2378/1653/477 2377/1654/477 2375/1652/476
f 2378/1653/477 2380/1655/478 2379/1656/478 2377/1654/477
f 2380/1655/478 2382/1657/479 2381/1658/479 2379/1656/478
f 2382/1657/479 2384/1659/480 2383/1660/480 2381/1658/479
f 2384/1659/480 2386/1661/481 2385/1662/481 2383/1660/480
f 2386/1661/481 2388/1663/482 2387/1664/482 2385/1662/481
f 2388/1663/482 2390/1665/483 2389/1666/483 2387/1664/482
f 2390/1665/483 2392/1667/484 2391/1668/484 2389/1666/483
f 2392/1667/484 2394/1669/485 2393/1670/485 2391/1668/484
f 2394/1669/485 2396/1671/486 2395/1672/486 2393/1670/485
f 2396/1671/486 2398/1673/487 2397/1674/487 2395/1672/486
f 2398/1673/487 2400/1675/488 2399/1676/488 2397/1674/487
f 2400/1675/488 2402/1677/489 2401/1678/489 2399/1676/488
f 2402/1677/489 2404/1679/490 2403/1680/490 2401/1678/489
f 2404/1679/490 2406/1681/491 2405/1682/491 2403/1680/490
f 2406/1681/491 2408/1683/492 2407/1684/492 2405/1682/491
f 2408/1683/492 2410/1685/493 2409/1686/493 2407/1684/492
f 2410/1685/493 2412/1687/494 2411/1688/494 2409/1686/493
f 2412/1687/494 2414/1689/495 2413/1690/495 2411/1688/494
f 2414/1689/495 2416/1691/496 2415/1692/496 2413/1690/495
f 2416/1691/496 2418/1693/497 2417/1694/497 2415/1692/496
f 2418/1693/497 2420/1695/498 2419/1696/498 2417/1694/497
f 2420/1695/498 2422/1697/499 2421/1698/499 2419/1696/498
f 2422/1697/499 2424/1699/500 2423/1700/500 2421/1698/499
f 2424/1699/500 2426/1701/501 2425/1702/501 2423/1700/500
f 2426/1701/501 2428/1703/502 2427/1704/502 2425/1702/501
f 2428/1703/502 2430/1705/503 2429/1706/503 2427/1704/502
f 2430/1705/503 2432/1707/504 2431/1708/504 2429/1706/503
f 2432/1707/504 2434/1709/505 2433/1710/505 2431/1708/504
f 2434/1709/505 2436/1711/506 2435/1712/506 2433/1710/505
f 2436/1711/506 2438/1713/507 2437/1714/507 2435/1712/506
f 2438/1713/507 2440/1715/508 2439/1716/508 2437/1714/507
f 2440/1715/508 2442/1717/509 2441/1718/509 2439/1716/508
f 2442/1717/509 2444/1719/510 2443/1720/510 2441/1718/509
f 2444/1719/510 2446/1721/511 2445/1722/511 2443/1720/510
f 2446/1721/511 2448/1723/512 2447/1724/512 2445/1722/511
f 2448/1723/512 2450/1725/513 2449/1726/513 2447/1724/512
f 2450/1725/513 2452/1727/514 2451/1728/514 2449/1726/513
f 2452/1727/514 2454/1729/515 2453/1730/515 2451/1728/514
f 2454/1729/515 2456/1731/516 2455/1732/516 2453/1730/515
f 2456/1731/516 2458/1733/303 2457/1734/303 2455/1732/516
f 2458/1733/303 2460/1735/517 2459/1736/517 2457/1734/303
f 2460/1735/517 2462/1737/518 2461/1738/518 2459/1736/517
f 2462/1737/518 2464/1739/382 2463/1740/382 2461/1738/518
f 2464/1739/382 2466/1741/519 2465/1742/519 2463/1740/382
f 2466/1741/519 2468/1743/520 2467/1744/520 2465/1742/519
f 2468/1743/520 2470/1745/521 2469/1746/521 2467/1744/520
f 2470/1745/521 2472/1747/522 2471/1748/522 2469/1746/521
f 2472/1747/522 2474/1749/523 2473/1750/523 2471/1748/522
f 2474/1749/523 2476/1751/524 2475/1752/524 2473/1750/523
f 2476/1751/524 2478/1753/525 2477/1754/525 2475/1752/524
f 2478/1753/525 2480/1755/526 2479/1756/526 2477/1754/525
f 2480/1755/526 2482/1757/527 2481/1758/527 2479/1756/526
f 2482/1757/527 2484/1759/528 2483/1760/528 2481/1758/527
f 2484/1759/528 2486/1761/487 2485/1762/487 2483/1760/528
f 2486/1761/487 2488/1763/529 2487/1764/529 2485/1762/487
f 2488/1763/529 2490/1765/530 2489/1766/530 2487/1764/529
f 2490/1765/530 2492/1767/531 2491/1768/531 2489/1766/530
f 2492/1767/531 2494/1769/532 2493/1770/532 2491/1768/531
f 2494/1769/532 2496/1771/533 2495/1772/533 2493/1770/532
f 2496/1771/533 2498/1773/534 2497/1774/534 2495/1772/533
f 2498/1773/534 2500/1775/535 2499/1776/535 2497/1774/534
f 2500/1775/535 2502/1777/536 2501/1778/536 2499/1776/535
f 2502/1777/536 2504/1779/537 2503/1780/537 2501/1778/536
f 2504/1779/537 2506/1781/538 2505/1782/538 2503/1780/537
f 2506/1781/538 2508/1783/539 2507/1784/539 2505/1782/538
f 2508/1783/539 2510/1785/540 2509/1786/540 2507/1784/539
f 2510/1785/540 2512/1787/541 2511/1788/541 2509/1786/540
f 2512/1787/541 2514/1789/542 2513/1790/542 2511/1788/541
f 2514/1789/542 2516/1791/543 2515/1792/543 2513/1790/542
f 2516/1791/543 2518/1793/544 2517/1794/544 2515/1792/543
f 2518/1793/544 2520/1795/545 2519/1796/545 2517/1794/544
f 2520/1795/545 2522/1797/546 2521/1798/546 2519/1796/545
f 2522/1797/546 2524/1799/547 2523/1800/547 2521/1798/546
f 2524/1799/547 2526/1801/548 2525/1802/548 2523/1800/547
f 2526/1801/548 2528/1803/549 2527/1804/549 2525/1802/548
f 2528/1803/549 2530/1805/550 2529/1806/550 2527/1804/549
f 2530/1805/550 2532/1807/551 2531/1808/551 2529/1806/550
f 2532/1807/551 2534/1809/552 2533/1810/552 2531/1808/551
f 2534/1809/552 2536/1811/553 2535/1812/553 2533/1810/552
f 2536/1811/553 2538/1813/554 2537/1814/554 2535/1812/553
f 2538/1813/554 2540/1815/555 2539/1816/555 2537/1814/554
f 2540/1815/555 2542/1817/556 2541/1818/556 2539/1816/555
f 2542/1817/556 2544/1819/557 2543/1820/557 2541/1818/556
f 2544/1819/557 2546/1821/558 2545/1822/558 2543/1820/557
f 2546/1821/558 2548/1823/559 2547/1824/559 2545/1822/558
f 2548/1823/559 2550/1825/560 2549/1826/560 2547/1824/559
f 2550/1825/560 2552/1827/561 2551/1828/561 2549/1826/560
f 2552/1827/561 2554/1829/562 2553/1830/562 2551/1828/561
f 2554/1829/562 2556/1831/563 2555/1832/563 2553/1830/562
f 2556/1831/563 2558/1833/564 2557/1834/564 2555/1832/563
f 2558/1833/564 2560/1835/565 2559/1836/565 2557/1834/564
f 2560/1835/565 2562/1837/566 2561/1838/566 2559/1836/565
f 2562/1837/566 2564/1839/567 2563/1840/567 2561/1838/566
f 2564/1839/567 2566/1841/568 2565/1842/568 2563/1840/567
f 2566/1841/568 2568/1843/569 2567/1844/569 2565/1842/568
f 2568/1843/569 2570/1845/570 2569/1846/570 2567/1844/569
f 2570/1845/570 2572/1847/571 2571/1848/571 2569/1846/570
f 2572/1847/571 2574/1849/572 2573/1850/572 2571/1848/571
f 2574/1849/572 2576/1851/573 2575/1852/573 2573/1850/572
f 2576/1851/573 2578/1853/574 2577/1854/574 2575/1852/573
f 2578/1853/574 2580/1855/575 2579/1856/575 2577/1854/574
f 2580/1855/575 2582/1857/576 2581/1858/576 2579/1856/575
f 2582/1857/576 2584/1859/577 2583/1860/577 2581/1858/576
f 2584/1859/577 2586/1861/578 2585/1862/578 2583/1860/577
f 2586/1861/578 2588/1863/579 2587/1864/579 2585/1862/578
f 2588/1863/579 2590/1865/580 2589/1866/580 2587/1864/579
f 2590/1865/580 2592/1867/581 2591/1868/581 2589/1866/580
f 2592/1867/581 2594/1869/582 2593/1870/582 2591/1868/581
f 2594/1869/582 2596/1871/583 2595/1872/583 2593/1870/582
f 2596/1871/583 2598/1873/584 2597/1874/584 2595/1872/583
f 2598/1873/584 2600/1875/585 2599/1876/585 2597/1874/584
f 2600/1875/585 2602/1877/586 2601/1878/586 2599/1876/585
f 2602/1877/586 2604/1879/332 2603/1880/332 2601/1878/586
f 2604/1879/332 2606/1881/587 2605/1882/587 2603/1880/332
f 2606/1881/587 2608/1883/588 2607/1884/588 2605/1882/587
f 2608/1883/588 2032/760/305 2031/3/305 2607/1884/588
f 2610/710/589 2612/1885/590 2611/1886/590 2609/101/589
f 2612/1885/590 2614/761/591 2613/762/591 2611/1886/590
f 2614/761/591 2616/1887/592 2615/1888/592 2613/762/591
f 2616/1887/592 2618/763/593 2617/764/593 2615/1888/592
f 2618/763/593 2620/1889/594 2619/1890/594 2617/764/593
f 2620/1889/594 2622/765/595 2621/766/595 2619/1890/594
f 2622/765/595 2624/1891/596 2623/1892/596 2621/766/595
f 2624/1891/596 2626/767/597 2625/768/597 2623/1892/596
f 2626/767/597 2628/1893/598 2627/1894/598 2625/768/597
f 2628/1893/598 2630/769/599 2629/770/599 2627/1894/598
f 2630/769/599 2632/1895/600 2631/1896/600 2629/770/599
f 2632/1895/600 2634/771/601 2633/772/601 2631/1896/600
f 2634/771/601 2636/1897/602 2635/1898/602 2633/772/601
f 2636/1897/602 2638/773/603 2637/774/603 2635/1898/602
f 2638/773/603 2640/1899/604 2639/1900/604 2637/774/603
f 2640/1899/604 2642/775/605 2641/776/605 2639/1900/604
f 2642/775/605 2644/1901/606 2643/1902/606 2641/776/605
f 2644/1901/606 2646/777/607 2645/778/607 2643/1902/606
f 2646/777/607 2648/1903/608 2647/1904/608 2645/778/607
f 2648/1903/608 2650/779/609 2649/780/609 2647/1904/608
f 2650/779/609 2652/1905/610 2651/1906/610 2649/780/609
f 2652/1905/610 2654/781/611 2653/782/611 2651/1906/610
f 2654/781/611 2656/1907/612 2655/1908/612 2653/782/611
f 2656/1907/612 2658/783/613 2657/784/613 2655/1908/612
f 2658/783/613 2660/1909/614 2659/1910/614 2657/784/613
f 2660/1909/614 2662/785/615 2661/786/615 2659/1910/614
f 2662/785/615 2664/1911/616 2663/1912/616 2661/786/615
f 2664/1911/616 2666/787/617 2665/788/617 2663/1912/616
f 2666/787/617 2668/1913/618 2667/1914/618 2665/788/617
f 2668/1913/618 2670/789/619 2669/790/619 2667/1914/618
f 2670/789/619 2672/1915/620 2671/1916/620 2669/790/619
f 2672/1915/620 2674/791/621 2673/792/621 2671/1916/620
f 2674/791/621 2676/1917/622 2675/1918/622 2673/792/621
f 2676/1917/622 2678/793/623 2677/794/623 2675/1918/622
f 2678/793/623 2680/1919/624 2679/1920/624 2677/794/623
f 2680/1919/624 2682/795/625 2681/796/625 2679/1920/624
f 2682/795/625 2684/735/626 2683/311/626 2681/796/625
f 2684/735/626 2686/797/627 2685/798/627 2683/311/626
f 2686/797/627 2688/1921/628 2687/1922/628 2685/798/627
f 2688/1921/628 2690/799/629 2689/800/629 2687/1922/628
f 2690/799/629 2692/1923/630 2691/1924/630 2689/800/629
f 2692/1923/630 2694/801/631 2693/802/631 2691/1924/630
f 2694/801/631 2696/1925/632 2695/1926/632 2693/802/631
f 2696/1925/632 2698/803/633 2697/804/633 2695/1926/632
f 2698/803/633 2700/1927/634 2699/1928/634 2697/804/633
f 2700/1927/634 2702/805/635 2701/806/635 2699/1928/634
f 2702/805/635 2704/1929/636 2703/1930/636 2701/806/635
f 2704/1929/636 2706/807/637 2705/808/637 2703/1930/636
f 2706/807/637 2708/1931/638 2707/1932/638 2705/808/637
f 2708/1931/638 2710/809/639 2709/810/639 2707/1932/638
f 2710/809/639 2712/1933/640 2711/1934/640 2709/810/639
f 2712/1933/640 2714/811/641 2713/812/641 2711/1934/640
f 2714/811/641 2716/1935/642 2715/1936/642 2713/812/641
f 2716/1935/642 2718/813/643 2717/814/643 2715/1936/642
f 2718/813/643 2720/1937/644 2719/1938/644 2717/814/643
f 2720/1937/644 2722/815/645 2721/816/645 2719/1938/644
f 2722/815/645 2724/1939/646 2723/1940/646 2721/816/645
f 2724/1939/646 2726/817/647 2725/818/647 2723/1940/646
f 2726/817/647 2728/1941/552 2727/1942/552 2725/818/647
f 2728/1941/552 2730/819/648 2729/820/648 2727/1942/552
f 2730/819/648 2732/1943/649 2731/1944/649 2729/820/648
f 2732/1943/649 2734/821/650 2733/822/650 2731/1944/649
f 2734/821/650 2736/1945/651 2735/1946/651 2733/822/650
f 2736/1945/651 2738/823/652 2737/824/652 2735/1946/651
f 2738/823/652 2740/1947/653 2739/1948/653 2737/824/652
f 2740/1947/653 2742/825/654 2741/826/654 2739/1948/653
f 2742/825/654 2744/1949/655 2743/1950/655 2741/826/654
f 2744/1949/655 2746/827/656 2745/828/656 2743/1950/655
f 2746/827/656 2748/1951/657 2747/1952/657 2745/828/656
f 2748/1951/657 2750/829/658 2749/830/658 2747/1952/657
f 2750/829/658 2752/1953/659 2751/1954/659 2749/830/658
f 2752/1953/659 2754/831/660 2753/832/660 2751/1954/659
f 2754/831/660 2756/1955/661 2755/1956/661 2753/832/660
f 2756/1955/661 2610/760/589 2609/3/589 2755/1956/661
f 2758/710/662 2760/1957/663 2759/165/663 2757/101/662
f 2760/1957/663 2762/1958/664 2761/137/664 2759/165/663
f 2762/1958/664 2764/1959/665 2763/150/665 2761/137/664
f 2764/1959/665 2766/1960/666 2765/171/666 2763/150/665
f 2766/1960/666 2768/1961/667 2767/200/667 2765/171/666
f 2768/1961/667 2770/1962/668 2769/194/668 2767/200/667
f 2770/1962/668 2772/1963/669 2771/155/669 2769/194/668
f 2772/1963/669 2774/1964/670 2773/132/670 2771/155/669
f 2774/1964/670 2776/1965/671 2775/126/671 2773/132/670
f 2776/1965/671 2778/1966/672 2777/141/672 2775/126/671
f 2778/1966/672 2780/1967/625 2779/164/625 2777/141/672
f 2780/1967/625 2782/1968/673 2781/186/673 2779/164/625
f 2782/1968/673 2784/1969/674 2783/178/674 2781/186/673
f 2784/1969/674 2786/1970/675 2785/259/675 2783/178/674
f 2786/1970/675 2788/1971/676 2787/263/676 2785/259/675
f 2788/1971/676 2790/1972/677 2789/252/677 2787/263/676
f 2790/1972/677 2792/1973/678 2791/246/678 2789/252/677
f 2792/1973/678 2794/1974/679 2793/275/679 2791/246/678
f 2794/1974/679 2796/1975/680 2795/299/680 2793/275/679
f 2796/1975/680 2798/1976/681 2797/336/681 2795/299/680
f 2798/1976/681 2800/1977/682 2799/353/682 2797/336/681
f 2800/1977/682 2802/1978/683 2801/352/683 2799/353/682
f 2802/1978/683 2804/1979/684 2803/342/684 2801/352/683
f 2804/1979/684 2806/735/685 2805/311/685 2803/342/684
f 2806/735/685 2808/1980/686 2807/322/686 2805/311/685
f 2808/1980/686 2810/1981/687 2809/321/687 2807/322/686
f 2810/1981/687 2812/1982/688 2811/302/688 2809/321/687
f 2812/1982/688 2814/1983/689 2813/289/689 2811/302/688
f 2814/1983/689 2816/1984/690 2815/271/690 2813/289/689
f 2816/1984/690 2818/1985/691 2817/240/691 2815/271/690
f 2818/1985/691 2820/1986/692 2819/234/692 2817/240/691
f 2820/1986/692 2822/1987/693 2821/281/693 2819/234/692
f 2822/1987/693 2824/1988/694 2823/333/694 2821/281/693
f 2824/1988/694 2826/1989/695 2825/365/695 2823/333/694
f 2826/1989/695 2828/1990/661 2827/380/661 2825/365/695
f 2828/1990/661 2830/1991/696 2829/387/696 2827/380/661
f 2830/1991/696 2832/1992/697 2831/378/697 2829/387/696
f 2832/1992/697 2834/1993/698 2833/397/698 2831/378/697
f 2834/1993/698 2836/1994/699 2835/405/699 2833/397/698
f 2836/1994/699 2838/1995/700 2837/399/700 2835/405/699
f 2838/1995/700 2840/1996/701 2839/371/701 2837/399/700
f 2840/1996/701 2842/1997/702 2841/339/702 2839/371/701
f 2842/1997/702 2844/1998/703 2843/288/703 2841/339/702
f 2844/1998/703 2846/1999/704 2845/229/704 2843/288/703
f 2846/1999/704 2848/2000/705 2847/223/705 2845/229/704
f 2848/2000/705 2850/2001/706 2849/217/706 2847/223/705
f 2850/2001/706 2852/2002/499 2851/211/499 2849/217/706
f 2852/2002/499 2758/760/662 2757/3/662 2851/211/499
