# Blender 4.5.2 LTS
# www.blender.org
mtllib ScoreText.mtl
o テキスト
v 0.826645 0.200000 0.274507
v 0.823267 0.200000 0.274953
v 0.819769 0.200000 0.275361
v 0.816149 0.200000 0.275730
v 0.812409 0.200000 0.276060
v 0.808547 0.200000 0.276351
v 0.804564 0.200000 0.276604
v 0.800460 0.200000 0.276817
v 0.796235 0.200000 0.276992
v 0.791889 0.200000 0.277128
v 0.787422 0.200000 0.277225
v 0.782834 0.200000 0.277283
v 0.778125 0.200000 0.277303
v 0.761030 0.200000 0.276955
v 0.744614 0.200000 0.275914
v 0.728875 0.200000 0.274178
v 0.713816 0.200000 0.271747
v 0.699435 0.200000 0.268622
v 0.685732 0.200000 0.264803
v 0.672708 0.200000 0.260289
v 0.660362 0.200000 0.255080
v 0.648695 0.200000 0.249178
v 0.637706 0.200000 0.242580
v 0.627395 0.200000 0.235289
v 0.617763 0.200000 0.227303
v 0.608858 0.200000 0.218675
v 0.600726 0.200000 0.209457
v 0.593370 0.200000 0.199650
v 0.586787 0.200000 0.189254
v 0.580979 0.200000 0.178269
v 0.575946 0.200000 0.166694
v 0.571687 0.200000 0.154530
v 0.568202 0.200000 0.141776
v 0.565491 0.200000 0.128433
v 0.563555 0.200000 0.114501
v 0.562394 0.200000 0.099979
v 0.562007 0.200000 0.084868
v 0.562368 0.200000 0.070045
v 0.563450 0.200000 0.055729
v 0.565255 0.200000 0.041920
v 0.567782 0.200000 0.028618
v 0.571030 0.200000 0.015824
v 0.575000 0.200000 0.003536
v 0.579692 0.200000 -0.008244
v 0.585106 0.200000 -0.019518
v 0.591242 0.200000 -0.030284
v 0.598099 0.200000 -0.040543
v 0.605679 0.200000 -0.050295
v 0.613980 0.200000 -0.059540
v 0.622930 0.200000 -0.068156
v 0.632456 0.200000 -0.076023
v 0.642558 0.200000 -0.083141
v 0.653235 0.200000 -0.089510
v 0.664487 0.200000 -0.095130
v 0.676316 0.200000 -0.100000
v 0.688720 0.200000 -0.104121
v 0.701700 0.200000 -0.107493
v 0.715255 0.200000 -0.110115
v 0.729386 0.200000 -0.111988
v 0.744093 0.200000 -0.113112
v 0.759375 0.200000 -0.113487
v 0.773227 0.200000 -0.113169
v 0.786495 0.200000 -0.112217
v 0.799178 0.200000 -0.110629
v 0.811276 0.200000 -0.108406
v 0.822789 0.200000 -0.105549
v 0.833717 0.200000 -0.102056
v 0.844061 0.200000 -0.097928
v 0.853819 0.200000 -0.093165
v 0.862993 0.200000 -0.087767
v 0.871583 0.200000 -0.081734
v 0.879587 0.200000 -0.075066
v 0.887007 0.200000 -0.067763
v 0.893837 0.200000 -0.059868
v 0.900073 0.200000 -0.051425
v 0.905716 0.200000 -0.042434
v 0.910764 0.200000 -0.032895
v 0.915218 0.200000 -0.022807
v 0.919079 0.200000 -0.012171
v 0.922346 0.200000 -0.000987
v 0.925018 0.200000 0.010746
v 0.927097 0.200000 0.023026
v 0.928582 0.200000 0.035855
v 0.929473 0.200000 0.049232
v 0.929770 0.200000 0.063158
v 0.929770 0.200000 0.104605
v 0.677467 0.200000 0.104605
v 0.677794 0.200000 0.108823
v 0.678226 0.200000 0.112925
v 0.678762 0.200000 0.116910
v 0.679404 0.200000 0.120778
v 0.680151 0.200000 0.124531
v 0.681003 0.200000 0.128166
v 0.681960 0.200000 0.131685
v 0.683023 0.200000 0.135088
v 0.684190 0.200000 0.138374
v 0.685462 0.200000 0.141543
v 0.686840 0.200000 0.144596
v 0.688322 0.200000 0.147533
v 0.689899 0.200000 0.150362
v 0.691557 0.200000 0.153093
v 0.693298 0.200000 0.155726
v 0.695121 0.200000 0.158260
v 0.697026 0.200000 0.160696
v 0.699013 0.200000 0.163034
v 0.701083 0.200000 0.165274
v 0.703235 0.200000 0.167416
v 0.705469 0.200000 0.169459
v 0.707785 0.200000 0.171404
v 0.710184 0.200000 0.173251
v 0.712665 0.200000 0.175000
v 0.715166 0.200000 0.176660
v 0.717736 0.200000 0.178239
v 0.720374 0.200000 0.179739
v 0.723081 0.200000 0.181159
v 0.725857 0.200000 0.182498
v 0.728701 0.200000 0.183758
v 0.731613 0.200000 0.184938
v 0.734594 0.200000 0.186038
v 0.737644 0.200000 0.187058
v 0.740762 0.200000 0.187998
v 0.743949 0.200000 0.188858
v 0.747204 0.200000 0.189638
v 0.750519 0.200000 0.190347
v 0.753883 0.200000 0.190995
v 0.757299 0.200000 0.191581
v 0.760764 0.200000 0.192105
v 0.764280 0.200000 0.192568
v 0.767845 0.200000 0.192969
v 0.771462 0.200000 0.193308
v 0.775128 0.200000 0.193586
v 0.778845 0.200000 0.193801
v 0.782612 0.200000 0.193956
v 0.786429 0.200000 0.194048
v 0.790296 0.200000 0.194079
v 0.793636 0.200000 0.194048
v 0.796966 0.200000 0.193956
v 0.800288 0.200000 0.193801
v 0.803600 0.200000 0.193585
v 0.806903 0.200000 0.193308
v 0.810197 0.200000 0.192969
v 0.813482 0.200000 0.192568
v 0.816758 0.200000 0.192105
v 0.820025 0.200000 0.191581
v 0.823282 0.200000 0.190995
v 0.826531 0.200000 0.190347
v 0.829770 0.200000 0.189638
v 0.832982 0.200000 0.188879
v 0.836148 0.200000 0.188080
v 0.839268 0.200000 0.187243
v 0.842343 0.200000 0.186367
v 0.845372 0.200000 0.185452
v 0.848355 0.200000 0.184498
v 0.851293 0.200000 0.183506
v 0.854185 0.200000 0.182474
v 0.857031 0.200000 0.181404
v 0.859832 0.200000 0.180295
v 0.862587 0.200000 0.179147
v 0.865296 0.200000 0.177960
v 0.867639 0.200000 0.176912
v 0.869952 0.200000 0.175850
v 0.872235 0.200000 0.174774
v 0.874488 0.200000 0.173684
v 0.876712 0.200000 0.172581
v 0.878906 0.200000 0.171464
v 0.881071 0.200000 0.170333
v 0.883205 0.200000 0.169189
v 0.885310 0.200000 0.168030
v 0.887386 0.200000 0.166859
v 0.889431 0.200000 0.165673
v 0.891447 0.200000 0.164474
v 0.893418 0.200000 0.163279
v 0.895326 0.200000 0.162107
v 0.897173 0.200000 0.160958
v 0.898958 0.200000 0.159832
v 0.900682 0.200000 0.158729
v 0.902344 0.200000 0.157648
v 0.903944 0.200000 0.156590
v 0.905483 0.200000 0.155556
v 0.906959 0.200000 0.154544
v 0.908375 0.200000 0.153554
v 0.909728 0.200000 0.152588
v 0.911020 0.200000 0.151645
v 0.923191 0.200000 0.151645
v 0.923191 0.200000 0.246710
v 0.920851 0.200000 0.247637
v 0.918544 0.200000 0.248552
v 0.916273 0.200000 0.249455
v 0.914035 0.200000 0.250347
v 0.911832 0.200000 0.251228
v 0.909663 0.200000 0.252097
v 0.907528 0.200000 0.252955
v 0.905428 0.200000 0.253801
v 0.903362 0.200000 0.254636
v 0.901330 0.200000 0.255460
v 0.899332 0.200000 0.256272
v 0.897368 0.200000 0.257072
v 0.895362 0.200000 0.257868
v 0.893234 0.200000 0.258667
v 0.890985 0.200000 0.259467
v 0.888615 0.200000 0.260270
v 0.886124 0.200000 0.261076
v 0.883512 0.200000 0.261883
v 0.880778 0.200000 0.262693
v 0.877924 0.200000 0.263505
v 0.874949 0.200000 0.264319
v 0.871852 0.200000 0.265136
v 0.868635 0.200000 0.265955
v 0.865296 0.200000 0.266776
v 0.862163 0.200000 0.267584
v 0.859014 0.200000 0.268362
v 0.855849 0.200000 0.269110
v 0.852668 0.200000 0.269828
v 0.849471 0.200000 0.270517
v 0.846258 0.200000 0.271176
v 0.843029 0.200000 0.271805
v 0.839784 0.200000 0.272405
v 0.836523 0.200000 0.272975
v 0.833247 0.200000 0.273515
v 0.829954 0.200000 0.274026
v 0.677138 0.200000 0.035197
v 0.816283 0.200000 0.035197
v 0.816015 0.200000 0.029233
v 0.815538 0.200000 0.023511
v 0.814854 0.200000 0.018030
v 0.813962 0.200000 0.012792
v 0.812862 0.200000 0.007796
v 0.811554 0.200000 0.003043
v 0.810039 0.200000 -0.001469
v 0.808315 0.200000 -0.005738
v 0.806384 0.200000 -0.009766
v 0.804244 0.200000 -0.013551
v 0.801897 0.200000 -0.017094
v 0.799342 0.200000 -0.020395
v 0.796566 0.200000 -0.023442
v 0.793554 0.200000 -0.026224
v 0.790306 0.200000 -0.028742
v 0.786824 0.200000 -0.030994
v 0.783106 0.200000 -0.032982
v 0.779153 0.200000 -0.034704
v 0.774965 0.200000 -0.036161
v 0.770541 0.200000 -0.037354
v 0.765882 0.200000 -0.038281
v 0.760988 0.200000 -0.038944
v 0.755858 0.200000 -0.039341
v 0.750493 0.200000 -0.039474
v 0.745003 0.200000 -0.039334
v 0.739716 0.200000 -0.038916
v 0.734632 0.200000 -0.038220
v 0.729751 0.200000 -0.037244
v 0.725074 0.200000 -0.035990
v 0.720600 0.200000 -0.034457
v 0.716330 0.200000 -0.032646
v 0.712262 0.200000 -0.030556
v 0.708398 0.200000 -0.028187
v 0.704738 0.200000 -0.025539
v 0.701280 0.200000 -0.022613
v 0.698026 0.200000 -0.019408
v 0.694992 0.200000 -0.015963
v 0.692192 0.200000 -0.012317
v 0.689628 0.200000 -0.008470
v 0.687299 0.200000 -0.004423
v 0.685205 0.200000 -0.000174
v 0.683347 0.200000 0.004276
v 0.681724 0.200000 0.008927
v 0.680336 0.200000 0.013779
v 0.679184 0.200000 0.018832
v 0.678267 0.200000 0.024086
v 0.677585 0.200000 0.029541
v 0.544901 0.200000 -0.101974
v 0.544901 0.200000 0.006908
v 0.535362 0.200000 0.006908
v 0.534224 0.200000 0.006532
v 0.533004 0.200000 0.006172
v 0.531702 0.200000 0.005828
v 0.530318 0.200000 0.005501
v 0.528851 0.200000 0.005189
v 0.527303 0.200000 0.004893
v 0.525672 0.200000 0.004613
v 0.523958 0.200000 0.004349
v 0.522163 0.200000 0.004102
v 0.520285 0.200000 0.003870
v 0.518325 0.200000 0.003654
v 0.516283 0.200000 0.003454
v 0.514181 0.200000 0.003270
v 0.512043 0.200000 0.003102
v 0.509868 0.200000 0.002950
v 0.507657 0.200000 0.002814
v 0.505409 0.200000 0.002694
v 0.503125 0.200000 0.002590
v 0.500804 0.200000 0.002502
v 0.498447 0.200000 0.002431
v 0.496053 0.200000 0.002375
v 0.493622 0.200000 0.002335
v 0.491155 0.200000 0.002311
v 0.488651 0.200000 0.002303
v 0.485623 0.200000 0.002339
v 0.482570 0.200000 0.002449
v 0.479492 0.200000 0.002632
v 0.476389 0.200000 0.002887
v 0.473260 0.200000 0.003216
v 0.470107 0.200000 0.003618
v 0.466928 0.200000 0.004094
v 0.463724 0.200000 0.004642
v 0.460495 0.200000 0.005263
v 0.457241 0.200000 0.005958
v 0.453962 0.200000 0.006725
v 0.450658 0.200000 0.007566
v 0.447349 0.200000 0.008457
v 0.444056 0.200000 0.009375
v 0.440779 0.200000 0.010321
v 0.437518 0.200000 0.011294
v 0.434273 0.200000 0.012294
v 0.431044 0.200000 0.013322
v 0.427831 0.200000 0.014378
v 0.424635 0.200000 0.015460
v 0.421454 0.200000 0.016571
v 0.418289 0.200000 0.017708
v 0.415140 0.200000 0.018873
v 0.412007 0.200000 0.020066
v 0.412007 0.200000 0.267434
v 0.296875 0.200000 0.267434
v 0.296875 0.200000 -0.101974
v 0.412007 0.200000 -0.101974
v 0.412007 0.200000 -0.049013
v 0.413365 0.200000 -0.050246
v 0.414807 0.200000 -0.051531
v 0.416334 0.200000 -0.052868
v 0.417946 0.200000 -0.054258
v 0.419642 0.200000 -0.055701
v 0.421423 0.200000 -0.057196
v 0.423288 0.200000 -0.058743
v 0.425238 0.200000 -0.060344
v 0.427272 0.200000 -0.061996
v 0.429391 0.200000 -0.063702
v 0.431594 0.200000 -0.065459
v 0.433882 0.200000 -0.067270
v 0.436195 0.200000 -0.069076
v 0.438473 0.200000 -0.070820
v 0.440718 0.200000 -0.072502
v 0.442928 0.200000 -0.074123
v 0.445103 0.200000 -0.075682
v 0.447245 0.200000 -0.077179
v 0.449352 0.200000 -0.078615
v 0.451425 0.200000 -0.079989
v 0.453464 0.200000 -0.081301
v 0.455469 0.200000 -0.082552
v 0.457439 0.200000 -0.083741
v 0.459375 0.200000 -0.084868
v 0.461487 0.200000 -0.086115
v 0.463656 0.200000 -0.087331
v 0.465882 0.200000 -0.088518
v 0.468165 0.200000 -0.089675
v 0.470506 0.200000 -0.090802
v 0.472903 0.200000 -0.091900
v 0.475358 0.200000 -0.092968
v 0.477869 0.200000 -0.094006
v 0.480438 0.200000 -0.095014
v 0.483064 0.200000 -0.095993
v 0.485747 0.200000 -0.096942
v 0.488487 0.200000 -0.097862
v 0.491243 0.200000 -0.098729
v 0.493974 0.200000 -0.099520
v 0.496680 0.200000 -0.100236
v 0.499360 0.200000 -0.100877
v 0.502016 0.200000 -0.101443
v 0.504646 0.200000 -0.101933
v 0.507252 0.200000 -0.102347
v 0.509832 0.200000 -0.102686
v 0.512387 0.200000 -0.102950
v 0.514917 0.200000 -0.103139
v 0.517422 0.200000 -0.103252
v 0.519901 0.200000 -0.103290
v 0.520842 0.200000 -0.103287
v 0.521802 0.200000 -0.103280
v 0.522780 0.200000 -0.103269
v 0.523776 0.200000 -0.103253
v 0.524790 0.200000 -0.103232
v 0.525822 0.200000 -0.103207
v 0.526873 0.200000 -0.103178
v 0.527942 0.200000 -0.103143
v 0.529030 0.200000 -0.103104
v 0.530135 0.200000 -0.103061
v 0.531259 0.200000 -0.103013
v 0.532401 0.200000 -0.102961
v 0.533544 0.200000 -0.102903
v 0.534667 0.200000 -0.102842
v 0.535773 0.200000 -0.102776
v 0.536860 0.200000 -0.102705
v 0.537929 0.200000 -0.102629
v 0.538980 0.200000 -0.102549
v 0.540013 0.200000 -0.102465
v 0.541027 0.200000 -0.102376
v 0.542023 0.200000 -0.102282
v 0.543001 0.200000 -0.102184
v 0.543960 0.200000 -0.102081
v 0.185691 0.200000 -0.061020
v 0.193677 0.200000 -0.052005
v 0.200969 0.200000 -0.042448
v 0.207566 0.200000 -0.032350
v 0.213469 0.200000 -0.021711
v 0.218677 0.200000 -0.010530
v 0.223191 0.200000 0.001192
v 0.227010 0.200000 0.013456
v 0.230135 0.200000 0.026261
v 0.232566 0.200000 0.039607
v 0.234302 0.200000 0.053495
v 0.235344 0.200000 0.067924
v 0.235691 0.200000 0.082895
v 0.235345 0.200000 0.097813
v 0.234306 0.200000 0.112194
v 0.232576 0.200000 0.126038
v 0.230154 0.200000 0.139346
v 0.227039 0.200000 0.152116
v 0.223232 0.200000 0.164350
v 0.218733 0.200000 0.176047
v 0.213542 0.200000 0.187208
v 0.207658 0.200000 0.197831
v 0.201083 0.200000 0.207918
v 0.193815 0.200000 0.217467
v 0.185855 0.200000 0.226480
v 0.177263 0.200000 0.234860
v 0.168097 0.200000 0.242512
v 0.158357 0.200000 0.249435
v 0.148045 0.200000 0.255629
v 0.137158 0.200000 0.261094
v 0.125699 0.200000 0.265831
v 0.113666 0.200000 0.269838
v 0.101060 0.200000 0.273118
v 0.087880 0.200000 0.275668
v 0.074127 0.200000 0.277490
v 0.059801 0.200000 0.278583
v 0.044901 0.200000 0.278947
v 0.030104 0.200000 0.278583
v 0.015867 0.200000 0.277490
v 0.002190 0.200000 0.275668
v -0.010928 0.200000 0.273118
v -0.023487 0.200000 0.269838
v -0.035485 0.200000 0.265831
v -0.046924 0.200000 0.261094
v -0.057803 0.200000 0.255629
v -0.068123 0.200000 0.249435
v -0.077883 0.200000 0.242512
v -0.087083 0.200000 0.234860
v -0.095724 0.200000 0.226480
v -0.103736 0.200000 0.217467
v -0.111052 0.200000 0.207918
v -0.117671 0.200000 0.197831
v -0.123593 0.200000 0.187208
v -0.128818 0.200000 0.176047
v -0.133347 0.200000 0.164350
v -0.137179 0.200000 0.152116
v -0.140314 0.200000 0.139346
v -0.142753 0.200000 0.126038
v -0.144495 0.200000 0.112194
v -0.145540 0.200000 0.097813
v -0.145888 0.200000 0.082895
v -0.145540 0.200000 0.067821
v -0.144495 0.200000 0.053303
v -0.142753 0.200000 0.039340
v -0.140314 0.200000 0.025932
v -0.137179 0.200000 0.013079
v -0.133347 0.200000 0.000781
v -0.128818 0.200000 -0.010962
v -0.123593 0.200000 -0.022149
v -0.117671 0.200000 -0.032782
v -0.111052 0.200000 -0.042859
v -0.103736 0.200000 -0.052381
v -0.095724 0.200000 -0.061349
v -0.087083 0.200000 -0.069676
v -0.077883 0.200000 -0.077280
v -0.068123 0.200000 -0.084159
v -0.057803 0.200000 -0.090314
v -0.046924 0.200000 -0.095745
v -0.035485 0.200000 -0.100452
v -0.023487 0.200000 -0.104435
v -0.010928 0.200000 -0.107694
v 0.002190 0.200000 -0.110228
v 0.015867 0.200000 -0.112039
v 0.030104 0.200000 -0.113125
v 0.044901 0.200000 -0.113487
v 0.059750 0.200000 -0.113123
v 0.074031 0.200000 -0.112029
v 0.087747 0.200000 -0.110208
v 0.100895 0.200000 -0.107657
v 0.113478 0.200000 -0.104378
v 0.125493 0.200000 -0.100370
v 0.136943 0.200000 -0.095634
v 0.147825 0.200000 -0.090168
v 0.158141 0.200000 -0.083974
v 0.167891 0.200000 -0.077051
v 0.177074 0.200000 -0.069400
v 0.112336 0.200000 0.138651
v 0.113176 0.200000 0.135228
v 0.113944 0.200000 0.131593
v 0.114638 0.200000 0.127745
v 0.115259 0.200000 0.123684
v 0.115808 0.200000 0.119411
v 0.116283 0.200000 0.114926
v 0.116685 0.200000 0.110228
v 0.117014 0.200000 0.105318
v 0.117270 0.200000 0.100195
v 0.117452 0.200000 0.094860
v 0.117562 0.200000 0.089313
v 0.117599 0.200000 0.083553
v 0.117561 0.200000 0.078147
v 0.117448 0.200000 0.072894
v 0.117259 0.200000 0.067794
v 0.116996 0.200000 0.062847
v 0.116656 0.200000 0.058053
v 0.116242 0.200000 0.053413
v 0.115752 0.200000 0.048925
v 0.115186 0.200000 0.044591
v 0.114546 0.200000 0.040409
v 0.113829 0.200000 0.036381
v 0.113038 0.200000 0.032505
v 0.112171 0.200000 0.028783
v 0.111238 0.200000 0.025198
v 0.110248 0.200000 0.021733
v 0.109200 0.200000 0.018390
v 0.108096 0.200000 0.015168
v 0.106934 0.200000 0.012067
v 0.105715 0.200000 0.009087
v 0.104440 0.200000 0.006228
v 0.103107 0.200000 0.003490
v 0.101717 0.200000 0.000874
v 0.100270 0.200000 -0.001622
v 0.098765 0.200000 -0.003997
v 0.097204 0.200000 -0.006250
v 0.095486 0.200000 -0.008494
v 0.093732 0.200000 -0.010622
v 0.091941 0.200000 -0.012634
v 0.090113 0.200000 -0.014529
v 0.088249 0.200000 -0.016307
v 0.086349 0.200000 -0.017969
v 0.084412 0.200000 -0.019514
v 0.082438 0.200000 -0.020943
v 0.080428 0.200000 -0.022255
v 0.078381 0.200000 -0.023451
v 0.076298 0.200000 -0.024531
v 0.074178 0.200000 -0.025493
v 0.072014 0.200000 -0.026360
v 0.069801 0.200000 -0.027152
v 0.067537 0.200000 -0.027868
v 0.065223 0.200000 -0.028509
v 0.062859 0.200000 -0.029074
v 0.060444 0.200000 -0.029564
v 0.057979 0.200000 -0.029979
v 0.055464 0.200000 -0.030318
v 0.052899 0.200000 -0.030582
v 0.050283 0.200000 -0.030770
v 0.047617 0.200000 -0.030883
v 0.044901 0.200000 -0.030921
v 0.042345 0.200000 -0.030888
v 0.039830 0.200000 -0.030789
v 0.037356 0.200000 -0.030623
v 0.034923 0.200000 -0.030391
v 0.032532 0.200000 -0.030093
v 0.030181 0.200000 -0.029729
v 0.027871 0.200000 -0.029298
v 0.025603 0.200000 -0.028801
v 0.023376 0.200000 -0.028238
v 0.021190 0.200000 -0.027609
v 0.019045 0.200000 -0.026913
v 0.016941 0.200000 -0.026151
v 0.014871 0.200000 -0.025296
v 0.012829 0.200000 -0.024319
v 0.010814 0.200000 -0.023222
v 0.008827 0.200000 -0.022003
v 0.006867 0.200000 -0.020663
v 0.004934 0.200000 -0.019202
v 0.003029 0.200000 -0.017620
v 0.001151 0.200000 -0.015917
v -0.000699 0.200000 -0.014093
v -0.002522 0.200000 -0.012148
v -0.004317 0.200000 -0.010082
v -0.006086 0.200000 -0.007895
v -0.007703 0.200000 -0.005690
v -0.009265 0.200000 -0.003353
v -0.010773 0.200000 -0.000884
v -0.012226 0.200000 0.001718
v -0.013624 0.200000 0.004452
v -0.014967 0.200000 0.007319
v -0.016255 0.200000 0.010318
v -0.017489 0.200000 0.013450
v -0.018668 0.200000 0.016715
v -0.019792 0.200000 0.020111
v -0.020861 0.200000 0.023641
v -0.021875 0.200000 0.027303
v -0.022821 0.200000 0.031111
v -0.023684 0.200000 0.035079
v -0.024465 0.200000 0.039206
v -0.025164 0.200000 0.043494
v -0.025781 0.200000 0.047942
v -0.026316 0.200000 0.052549
v -0.026768 0.200000 0.057317
v -0.027138 0.200000 0.062244
v -0.027426 0.200000 0.067331
v -0.027632 0.200000 0.072579
v -0.027755 0.200000 0.077986
v -0.027796 0.200000 0.083553
v -0.027757 0.200000 0.089109
v -0.027641 0.200000 0.094486
v -0.027447 0.200000 0.099681
v -0.027175 0.200000 0.104697
v -0.026825 0.200000 0.109531
v -0.026398 0.200000 0.114186
v -0.025893 0.200000 0.118660
v -0.025311 0.200000 0.122953
v -0.024651 0.200000 0.127066
v -0.023913 0.200000 0.130999
v -0.023097 0.200000 0.134751
v -0.022204 0.200000 0.138322
v -0.021249 0.200000 0.141745
v -0.020249 0.200000 0.145052
v -0.019202 0.200000 0.148242
v -0.018110 0.200000 0.151316
v -0.016973 0.200000 0.154273
v -0.015789 0.200000 0.157113
v -0.014560 0.200000 0.159838
v -0.013286 0.200000 0.162445
v -0.011965 0.200000 0.164936
v -0.010599 0.200000 0.167311
v -0.009188 0.200000 0.169569
v -0.007730 0.200000 0.171710
v -0.006163 0.200000 0.173801
v -0.004532 0.200000 0.175795
v -0.002837 0.200000 0.177693
v -0.001078 0.200000 0.179496
v 0.000745 0.200000 0.181202
v 0.002632 0.200000 0.182812
v 0.004582 0.200000 0.184327
v 0.006597 0.200000 0.185746
v 0.008676 0.200000 0.187068
v 0.010819 0.200000 0.188295
v 0.013025 0.200000 0.189426
v 0.015296 0.200000 0.190461
v 0.017619 0.200000 0.191406
v 0.019984 0.200000 0.192270
v 0.022389 0.200000 0.193051
v 0.024836 0.200000 0.193750
v 0.027323 0.200000 0.194367
v 0.029852 0.200000 0.194901
v 0.032422 0.200000 0.195354
v 0.035033 0.200000 0.195724
v 0.037685 0.200000 0.196011
v 0.040378 0.200000 0.196217
v 0.043113 0.200000 0.196340
v 0.045888 0.200000 0.196382
v 0.048194 0.200000 0.196340
v 0.050507 0.200000 0.196217
v 0.052827 0.200000 0.196011
v 0.055154 0.200000 0.195724
v 0.057487 0.200000 0.195354
v 0.059827 0.200000 0.194901
v 0.062174 0.200000 0.194367
v 0.064529 0.200000 0.193750
v 0.066889 0.200000 0.193051
v 0.069257 0.200000 0.192270
v 0.071632 0.200000 0.191406
v 0.074013 0.200000 0.190461
v 0.076358 0.200000 0.189433
v 0.078623 0.200000 0.188322
v 0.080808 0.200000 0.187130
v 0.082913 0.200000 0.185855
v 0.084938 0.200000 0.184498
v 0.086883 0.200000 0.183059
v 0.088748 0.200000 0.181538
v 0.090534 0.200000 0.179934
v 0.092239 0.200000 0.178248
v 0.093864 0.200000 0.176480
v 0.095410 0.200000 0.174630
v 0.096875 0.200000 0.172697
v 0.098540 0.200000 0.170300
v 0.100137 0.200000 0.167823
v 0.101665 0.200000 0.165265
v 0.103125 0.200000 0.162628
v 0.104516 0.200000 0.159911
v 0.105839 0.200000 0.157113
v 0.107093 0.200000 0.154236
v 0.108279 0.200000 0.151279
v 0.109396 0.200000 0.148242
v 0.110444 0.200000 0.145125
v 0.111424 0.200000 0.141928
v -0.254276 0.200000 0.274835
v -0.256781 0.200000 0.275230
v -0.259416 0.200000 0.275589
v -0.262181 0.200000 0.275915
v -0.265077 0.200000 0.276206
v -0.268102 0.200000 0.276463
v -0.271258 0.200000 0.276686
v -0.274544 0.200000 0.276874
v -0.277961 0.200000 0.277028
v -0.281507 0.200000 0.277148
v -0.285184 0.200000 0.277234
v -0.288991 0.200000 0.277285
v -0.292928 0.200000 0.277303
v -0.300495 0.200000 0.277223
v -0.307954 0.200000 0.276983
v -0.315306 0.200000 0.276583
v -0.322551 0.200000 0.276023
v -0.329689 0.200000 0.275304
v -0.336719 0.200000 0.274424
v -0.343641 0.200000 0.273385
v -0.350457 0.200000 0.272186
v -0.357165 0.200000 0.270826
v -0.363766 0.200000 0.269307
v -0.370259 0.200000 0.267628
v -0.376645 0.200000 0.265789
v -0.382907 0.200000 0.263784
v -0.389031 0.200000 0.261605
v -0.395014 0.200000 0.259252
v -0.400859 0.200000 0.256725
v -0.406564 0.200000 0.254025
v -0.412130 0.200000 0.251151
v -0.417556 0.200000 0.248104
v -0.422844 0.200000 0.244883
v -0.427991 0.200000 0.241488
v -0.433000 0.200000 0.237920
v -0.437869 0.200000 0.234179
v -0.442599 0.200000 0.230263
v -0.447119 0.200000 0.226175
v -0.451471 0.200000 0.221916
v -0.455654 0.200000 0.217486
v -0.459667 0.200000 0.212884
v -0.463512 0.200000 0.208111
v -0.467188 0.200000 0.203166
v -0.470694 0.200000 0.198050
v -0.474031 0.200000 0.192763
v -0.477200 0.200000 0.187305
v -0.480199 0.200000 0.181675
v -0.483030 0.200000 0.175874
v -0.485691 0.200000 0.169901
v -0.488160 0.200000 0.163753
v -0.490415 0.200000 0.157424
v -0.492455 0.200000 0.150915
v -0.494280 0.200000 0.144225
v -0.495890 0.200000 0.137355
v -0.497286 0.200000 0.130304
v -0.498467 0.200000 0.123073
v -0.499434 0.200000 0.115662
v -0.500185 0.200000 0.108069
v -0.500722 0.200000 0.100297
v -0.501044 0.200000 0.092344
v -0.501151 0.200000 0.084210
v -0.501035 0.200000 0.075493
v -0.500685 0.200000 0.066996
v -0.500103 0.200000 0.058717
v -0.499287 0.200000 0.050658
v -0.498239 0.200000 0.042818
v -0.496957 0.200000 0.035197
v -0.495443 0.200000 0.027796
v -0.493695 0.200000 0.020614
v -0.491715 0.200000 0.013651
v -0.489501 0.200000 0.006908
v -0.487055 0.200000 0.000384
v -0.484375 0.200000 -0.005921
v -0.481497 0.200000 -0.012025
v -0.478454 0.200000 -0.017946
v -0.475247 0.200000 -0.023684
v -0.471875 0.200000 -0.029240
v -0.468339 0.200000 -0.034613
v -0.464638 0.200000 -0.039803
v -0.460773 0.200000 -0.044810
v -0.456743 0.200000 -0.049635
v -0.452549 0.200000 -0.054276
v -0.448191 0.200000 -0.058735
v -0.443668 0.200000 -0.063012
v -0.438980 0.200000 -0.067105
v -0.434308 0.200000 -0.070860
v -0.429500 0.200000 -0.074447
v -0.424558 0.200000 -0.077868
v -0.419481 0.200000 -0.081122
v -0.414269 0.200000 -0.084209
v -0.408923 0.200000 -0.087130
v -0.403441 0.200000 -0.089884
v -0.397825 0.200000 -0.092471
v -0.392074 0.200000 -0.094891
v -0.386189 0.200000 -0.097145
v -0.380168 0.200000 -0.099231
v -0.374013 0.200000 -0.101151
v -0.367769 0.200000 -0.102911
v -0.361481 0.200000 -0.104519
v -0.355150 0.200000 -0.105973
v -0.348776 0.200000 -0.107273
v -0.342358 0.200000 -0.108421
v -0.335896 0.200000 -0.109416
v -0.329392 0.200000 -0.110258
v -0.322844 0.200000 -0.110947
v -0.316252 0.200000 -0.111482
v -0.309617 0.200000 -0.111865
v -0.302939 0.200000 -0.112095
v -0.296217 0.200000 -0.112171
v -0.291118 0.200000 -0.112122
v -0.286020 0.200000 -0.111975
v -0.280921 0.200000 -0.111729
v -0.275822 0.200000 -0.111385
v -0.270724 0.200000 -0.110943
v -0.265625 0.200000 -0.110403
v -0.260526 0.200000 -0.109765
v -0.255428 0.200000 -0.109028
v -0.250329 0.200000 -0.108193
v -0.245230 0.200000 -0.107260
v -0.240131 0.200000 -0.106228
v -0.235033 0.200000 -0.105099
v -0.229932 0.200000 -0.103862
v -0.224826 0.200000 -0.102508
v -0.219716 0.200000 -0.101038
v -0.214602 0.200000 -0.099452
v -0.209482 0.200000 -0.097749
v -0.204359 0.200000 -0.095929
v -0.199230 0.200000 -0.093993
v -0.194097 0.200000 -0.091941
v -0.188960 0.200000 -0.089772
v -0.183818 0.200000 -0.087486
v -0.178671 0.200000 -0.085084
v -0.173520 0.200000 -0.082566
v -0.173520 0.200000 0.016118
v -0.188322 0.200000 0.016118
v -0.189495 0.200000 0.015013
v -0.190712 0.200000 0.013889
v -0.191972 0.200000 0.012747
v -0.193275 0.200000 0.011586
v -0.194621 0.200000 0.010407
v -0.196012 0.200000 0.009210
v -0.197445 0.200000 0.007995
v -0.198922 0.200000 0.006762
v -0.200442 0.200000 0.005510
v -0.202006 0.200000 0.004240
v -0.203613 0.200000 0.002951
v -0.205263 0.200000 0.001645
v -0.206948 0.200000 0.000338
v -0.208658 0.200000 -0.000950
v -0.210393 0.200000 -0.002220
v -0.212153 0.200000 -0.003472
v -0.213938 0.200000 -0.004706
v -0.215748 0.200000 -0.005921
v -0.217584 0.200000 -0.007118
v -0.219444 0.200000 -0.008297
v -0.221330 0.200000 -0.009457
v -0.223241 0.200000 -0.010599
v -0.225177 0.200000 -0.011723
v -0.227138 0.200000 -0.012829
v -0.229244 0.200000 -0.013965
v -0.231396 0.200000 -0.015072
v -0.233594 0.200000 -0.016149
v -0.235837 0.200000 -0.017197
v -0.238126 0.200000 -0.018214
v -0.240461 0.200000 -0.019202
v -0.242841 0.200000 -0.020161
v -0.245267 0.200000 -0.021089
v -0.247738 0.200000 -0.021988
v -0.250256 0.200000 -0.022857
v -0.252819 0.200000 -0.023697
v -0.255428 0.200000 -0.024507
v -0.258084 0.200000 -0.025268
v -0.260791 0.200000 -0.025964
v -0.263549 0.200000 -0.026593
v -0.266356 0.200000 -0.027156
v -0.269214 0.200000 -0.027653
v -0.272122 0.200000 -0.028084
v -0.275080 0.200000 -0.028448
v -0.278088 0.200000 -0.028746
v -0.281147 0.200000 -0.028978
v -0.284256 0.200000 -0.029144
v -0.287416 0.200000 -0.029243
v -0.290625 0.200000 -0.029276
v -0.297833 0.200000 -0.029063
v -0.304765 0.200000 -0.028422
v -0.311421 0.200000 -0.027354
v -0.317800 0.200000 -0.025859
v -0.323902 0.200000 -0.023937
v -0.329729 0.200000 -0.021587
v -0.335279 0.200000 -0.018811
v -0.340552 0.200000 -0.015607
v -0.345549 0.200000 -0.011976
v -0.350270 0.200000 -0.007918
v -0.354714 0.200000 -0.003432
v -0.358882 0.200000 0.001480
v -0.362743 0.200000 0.006754
v -0.366269 0.200000 0.012322
v -0.369459 0.200000 0.018185
v -0.372314 0.200000 0.024342
v -0.374832 0.200000 0.030794
v -0.377015 0.200000 0.037541
v -0.378862 0.200000 0.044583
v -0.380373 0.200000 0.051919
v -0.381548 0.200000 0.059550
v -0.382388 0.200000 0.067475
v -0.382891 0.200000 0.075696
v -0.383059 0.200000 0.084210
v -0.382880 0.200000 0.093279
v -0.382342 0.200000 0.101955
v -0.381445 0.200000 0.110238
v -0.380190 0.200000 0.118129
v -0.378576 0.200000 0.125626
v -0.376604 0.200000 0.132730
v -0.374272 0.200000 0.139442
v -0.371583 0.200000 0.145760
v -0.368534 0.200000 0.151686
v -0.365127 0.200000 0.157219
v -0.361361 0.200000 0.162358
v -0.357237 0.200000 0.167105
v -0.352816 0.200000 0.171466
v -0.348159 0.200000 0.175448
v -0.343267 0.200000 0.179050
v -0.338140 0.200000 0.182273
v -0.332777 0.200000 0.185117
v -0.327179 0.200000 0.187582
v -0.321346 0.200000 0.189668
v -0.315278 0.200000 0.191374
v -0.308974 0.200000 0.192701
v -0.302435 0.200000 0.193649
v -0.295661 0.200000 0.194218
v -0.288651 0.200000 0.194408
v -0.285069 0.200000 0.194374
v -0.281561 0.200000 0.194271
v -0.278125 0.200000 0.194099
v -0.274762 0.200000 0.193860
v -0.271473 0.200000 0.193551
v -0.268257 0.200000 0.193174
v -0.265113 0.200000 0.192729
v -0.262043 0.200000 0.192215
v -0.259046 0.200000 0.191632
v -0.256122 0.200000 0.190981
v -0.253271 0.200000 0.190262
v -0.250493 0.200000 0.189474
v -0.247784 0.200000 0.188638
v -0.245139 0.200000 0.187774
v -0.242558 0.200000 0.186883
v -0.240040 0.200000 0.185965
v -0.237587 0.200000 0.185019
v -0.235197 0.200000 0.184046
v -0.232872 0.200000 0.183045
v -0.230610 0.200000 0.182018
v -0.228413 0.200000 0.180962
v -0.226279 0.200000 0.179879
v -0.224210 0.200000 0.178769
v -0.222204 0.200000 0.177632
v -0.220308 0.200000 0.176477
v -0.218458 0.200000 0.175315
v -0.216653 0.200000 0.174147
v -0.214894 0.200000 0.172971
v -0.213181 0.200000 0.171789
v -0.211513 0.200000 0.170600
v -0.209891 0.200000 0.169404
v -0.208315 0.200000 0.168202
v -0.206784 0.200000 0.166992
v -0.205300 0.200000 0.165776
v -0.203860 0.200000 0.164552
v -0.202467 0.200000 0.163322
v -0.201112 0.200000 0.162099
v -0.199790 0.200000 0.160896
v -0.198499 0.200000 0.159714
v -0.197241 0.200000 0.158553
v -0.196014 0.200000 0.157412
v -0.194819 0.200000 0.156291
v -0.193656 0.200000 0.155191
v -0.192526 0.200000 0.154112
v -0.191427 0.200000 0.153053
v -0.190360 0.200000 0.152015
v -0.189325 0.200000 0.150997
v -0.188322 0.200000 0.150000
v -0.173520 0.200000 0.150000
v -0.173520 0.200000 0.248684
v -0.175186 0.200000 0.249406
v -0.176896 0.200000 0.250146
v -0.178649 0.200000 0.250905
v -0.180446 0.200000 0.251681
v -0.182286 0.200000 0.252476
v -0.184169 0.200000 0.253289
v -0.186096 0.200000 0.254121
v -0.188067 0.200000 0.254971
v -0.190080 0.200000 0.255839
v -0.192137 0.200000 0.256725
v -0.194238 0.200000 0.257630
v -0.196382 0.200000 0.258553
v -0.198551 0.200000 0.259471
v -0.200726 0.200000 0.260362
v -0.202909 0.200000 0.261225
v -0.205099 0.200000 0.262061
v -0.207295 0.200000 0.262870
v -0.209498 0.200000 0.263651
v -0.211708 0.200000 0.264405
v -0.213925 0.200000 0.265132
v -0.216149 0.200000 0.265831
v -0.218380 0.200000 0.266502
v -0.220617 0.200000 0.267146
v -0.222862 0.200000 0.267763
v -0.225643 0.200000 0.268516
v -0.228395 0.200000 0.269239
v -0.231116 0.200000 0.269932
v -0.233809 0.200000 0.270596
v -0.236471 0.200000 0.271230
v -0.239104 0.200000 0.271834
v -0.241707 0.200000 0.272408
v -0.244280 0.200000 0.272953
v -0.246824 0.200000 0.273468
v -0.249338 0.200000 0.273954
v -0.251822 0.200000 0.274409
v -0.587829 0.200000 0.231908
v -0.597676 0.200000 0.239001
v -0.608082 0.200000 0.245477
v -0.619048 0.200000 0.251336
v -0.630574 0.200000 0.256579
v -0.642659 0.200000 0.261205
v -0.655304 0.200000 0.265214
v -0.668509 0.200000 0.268606
v -0.682273 0.200000 0.271382
v -0.696597 0.200000 0.273540
v -0.711481 0.200000 0.275082
v -0.726925 0.200000 0.276007
v -0.742928 0.200000 0.276316
v -0.752208 0.200000 0.276240
v -0.761298 0.200000 0.276014
v -0.770199 0.200000 0.275637
v -0.778911 0.200000 0.275110
v -0.787433 0.200000 0.274431
v -0.795765 0.200000 0.273602
v -0.803907 0.200000 0.272622
v -0.811860 0.200000 0.271491
v -0.819624 0.200000 0.270210
v -0.827198 0.200000 0.268777
v -0.834582 0.200000 0.267194
v -0.841776 0.200000 0.265460
v -0.848834 0.200000 0.263615
v -0.855807 0.200000 0.261696
v -0.862695 0.200000 0.259704
v -0.869499 0.200000 0.257639
v -0.876219 0.200000 0.255501
v -0.882854 0.200000 0.253289
v -0.889404 0.200000 0.251005
v -0.895870 0.200000 0.248648
v -0.902251 0.200000 0.246217
v -0.908548 0.200000 0.243713
v -0.914760 0.200000 0.241137
v -0.920888 0.200000 0.238487
v -0.920888 0.200000 0.122039
v -0.909704 0.200000 0.122039
v -0.903511 0.200000 0.127147
v -0.897213 0.200000 0.132054
v -0.890810 0.200000 0.136760
v -0.884302 0.200000 0.141265
v -0.877689 0.200000 0.145568
v -0.870971 0.200000 0.149671
v -0.864147 0.200000 0.153573
v -0.857219 0.200000 0.157273
v -0.850185 0.200000 0.160773
v -0.843047 0.200000 0.164072
v -0.835803 0.200000 0.167169
v -0.828454 0.200000 0.170066
v -0.821071 0.200000 0.172745
v -0.813724 0.200000 0.175192
v -0.806414 0.200000 0.177405
v -0.799141 0.200000 0.179386
v -0.791904 0.200000 0.181133
v -0.784704 0.200000 0.182648
v -0.777540 0.200000 0.183930
v -0.770413 0.200000 0.184978
v -0.763322 0.200000 0.185794
v -0.756268 0.200000 0.186376
v -0.749251 0.200000 0.186726
v -0.742270 0.200000 0.186842
v -0.740469 0.200000 0.186826
v -0.738574 0.200000 0.186778
v -0.736585 0.200000 0.186698
v -0.734503 0.200000 0.186586
v -0.732327 0.200000 0.186442
v -0.730058 0.200000 0.186266
v -0.727694 0.200000 0.186059
v -0.725238 0.200000 0.185819
v -0.722687 0.200000 0.185547
v -0.720043 0.200000 0.185243
v -0.717305 0.200000 0.184907
v -0.714474 0.200000 0.184539
v -0.711642 0.200000 0.184137
v -0.708904 0.200000 0.183699
v -0.706260 0.200000 0.183224
v -0.703710 0.200000 0.182712
v -0.701253 0.200000 0.182164
v -0.698890 0.200000 0.181579
v -0.696620 0.200000 0.180958
v -0.694444 0.200000 0.180300
v -0.692362 0.200000 0.179605
v -0.690374 0.200000 0.178874
v -0.688479 0.200000 0.178107
v -0.686678 0.200000 0.177303
v -0.684567 0.200000 0.176340
v -0.682511 0.200000 0.175315
v -0.680510 0.200000 0.174229
v -0.678564 0.200000 0.173081
v -0.676672 0.200000 0.171872
v -0.674836 0.200000 0.170600
v -0.673054 0.200000 0.169267
v -0.671327 0.200000 0.167873
v -0.669655 0.200000 0.166416
v -0.668037 0.200000 0.164899
v -0.666475 0.200000 0.163319
v -0.664967 0.200000 0.161678
v -0.663549 0.200000 0.159961
v -0.662253 0.200000 0.158155
v -0.661081 0.200000 0.156260
v -0.660033 0.200000 0.154276
v -0.659108 0.200000 0.152203
v -0.658306 0.200000 0.150041
v -0.657627 0.200000 0.147790
v -0.657072 0.200000 0.145450
v -0.656641 0.200000 0.143020
v -0.656332 0.200000 0.140502
v -0.656147 0.200000 0.137894
v -0.656086 0.200000 0.135197
v -0.656186 0.200000 0.132175
v -0.656488 0.200000 0.129249
v -0.656990 0.200000 0.126419
v -0.657694 0.200000 0.123684
v -0.658598 0.200000 0.121046
v -0.659704 0.200000 0.118503
v -0.661011 0.200000 0.116057
v -0.662518 0.200000 0.113706
v -0.664227 0.200000 0.111451
v -0.666137 0.200000 0.109293
v -0.668247 0.200000 0.107230
v -0.670559 0.200000 0.105263
v -0.673010 0.200000 0.103388
v -0.675539 0.200000 0.101599
v -0.678146 0.200000 0.099897
v -0.680830 0.200000 0.098282
v -0.683591 0.200000 0.096754
v -0.686431 0.200000 0.095312
v -0.689348 0.200000 0.093958
v -0.692343 0.200000 0.092690
v -0.695415 0.200000 0.091509
v -0.698565 0.200000 0.090415
v -0.701793 0.200000 0.089407
v -0.705099 0.200000 0.088487
v -0.709289 0.200000 0.087395
v -0.713528 0.200000 0.086312
v -0.717815 0.200000 0.085238
v -0.722149 0.200000 0.084174
v -0.726532 0.200000 0.083119
v -0.730962 0.200000 0.082072
v -0.735441 0.200000 0.081035
v -0.739967 0.200000 0.080007
v -0.744542 0.200000 0.078988
v -0.749164 0.200000 0.077979
v -0.753834 0.200000 0.076978
v -0.758553 0.200000 0.075987
v -0.763269 0.200000 0.074982
v -0.767932 0.200000 0.073940
v -0.772543 0.200000 0.072862
v -0.777102 0.200000 0.071747
v -0.781608 0.200000 0.070596
v -0.786061 0.200000 0.069408
v -0.790462 0.200000 0.068183
v -0.794810 0.200000 0.066922
v -0.799106 0.200000 0.065625
v -0.803349 0.200000 0.064291
v -0.807540 0.200000 0.062920
v -0.811678 0.200000 0.061513
v -0.820938 0.200000 0.058073
v -0.829751 0.200000 0.054441
v -0.838117 0.200000 0.050617
v -0.846034 0.200000 0.046601
v -0.853504 0.200000 0.042393
v -0.860526 0.200000 0.037993
v -0.867101 0.200000 0.033402
v -0.873227 0.200000 0.028618
v -0.878906 0.200000 0.023643
v -0.884137 0.200000 0.018476
v -0.888921 0.200000 0.013117
v -0.893257 0.200000 0.007566
v -0.897197 0.200000 0.001800
v -0.900795 0.200000 -0.004203
v -0.904050 0.200000 -0.010444
v -0.906963 0.200000 -0.016923
v -0.909533 0.200000 -0.023639
v -0.911760 0.200000 -0.030592
v -0.913644 0.200000 -0.037783
v -0.915186 0.200000 -0.045212
v -0.916386 0.200000 -0.052878
v -0.917242 0.200000 -0.060782
v -0.917756 0.200000 -0.068924
v -0.917928 0.200000 -0.077303
v -0.917523 0.200000 -0.088579
v -0.916310 0.200000 -0.099493
v -0.914289 0.200000 -0.110043
v -0.911458 0.200000 -0.120230
v -0.907819 0.200000 -0.130054
v -0.903372 0.200000 -0.139515
v -0.898115 0.200000 -0.148612
v -0.892050 0.200000 -0.157347
v -0.885177 0.200000 -0.165718
v -0.877495 0.200000 -0.173725
v -0.869004 0.200000 -0.181370
v -0.859704 0.200000 -0.188651
v -0.849799 0.200000 -0.195455
v -0.839492 0.200000 -0.201668
v -0.828783 0.200000 -0.207288
v -0.817672 0.200000 -0.212317
v -0.806159 0.200000 -0.216755
v -0.794243 0.200000 -0.220600
v -0.781926 0.200000 -0.223854
v -0.769207 0.200000 -0.226517
v -0.756086 0.200000 -0.228588
v -0.742562 0.200000 -0.230067
v -0.728637 0.200000 -0.230954
v -0.714309 0.200000 -0.231250
v -0.707021 0.200000 -0.231188
v -0.699740 0.200000 -0.231003
v -0.692465 0.200000 -0.230695
v -0.685197 0.200000 -0.230263
v -0.677937 0.200000 -0.229708
v -0.670683 0.200000 -0.229030
v -0.663435 0.200000 -0.228228
v -0.656195 0.200000 -0.227303
v -0.648962 0.200000 -0.226254
v -0.641735 0.200000 -0.225082
v -0.634516 0.200000 -0.223787
v -0.627303 0.200000 -0.222368
v -0.620156 0.200000 -0.220845
v -0.613135 0.200000 -0.219234
v -0.606240 0.200000 -0.217537
v -0.599470 0.200000 -0.215753
v -0.592826 0.200000 -0.213882
v -0.586308 0.200000 -0.211924
v -0.579915 0.200000 -0.209880
v -0.573648 0.200000 -0.207749
v -0.567506 0.200000 -0.205530
v -0.561490 0.200000 -0.203226
v -0.555600 0.200000 -0.200834
v -0.549836 0.200000 -0.198355
v -0.549836 0.200000 -0.086513
v -0.560691 0.200000 -0.086513
v -0.565325 0.200000 -0.090355
v -0.570125 0.200000 -0.094097
v -0.575093 0.200000 -0.097739
v -0.580227 0.200000 -0.101279
v -0.585528 0.200000 -0.104720
v -0.590995 0.200000 -0.108059
v -0.596630 0.200000 -0.111298
v -0.602431 0.200000 -0.114437
v -0.608398 0.200000 -0.117475
v -0.614533 0.200000 -0.120413
v -0.620835 0.200000 -0.123250
v -0.627303 0.200000 -0.125987
v -0.633869 0.200000 -0.128561
v -0.640465 0.200000 -0.130912
v -0.647091 0.200000 -0.133039
v -0.653746 0.200000 -0.134942
v -0.660432 0.200000 -0.136621
v -0.667146 0.200000 -0.138076
v -0.673891 0.200000 -0.139307
v -0.680665 0.200000 -0.140314
v -0.687469 0.200000 -0.141098
v -0.694303 0.200000 -0.141658
v -0.701166 0.200000 -0.141993
v -0.708059 0.200000 -0.142105
v -0.710723 0.200000 -0.142089
v -0.713341 0.200000 -0.142041
v -0.715913 0.200000 -0.141961
v -0.718439 0.200000 -0.141849
v -0.720920 0.200000 -0.141706
v -0.723355 0.200000 -0.141530
v -0.725745 0.200000 -0.141322
v -0.728089 0.200000 -0.141082
v -0.730387 0.200000 -0.140810
v -0.732639 0.200000 -0.140506
v -0.734846 0.200000 -0.140170
v -0.737007 0.200000 -0.139803
v -0.739154 0.200000 -0.139389
v -0.741319 0.200000 -0.138916
v -0.743503 0.200000 -0.138384
v -0.745705 0.200000 -0.137792
v -0.747926 0.200000 -0.137141
v -0.750165 0.200000 -0.136431
v -0.752421 0.200000 -0.135661
v -0.754697 0.200000 -0.134832
v -0.756990 0.200000 -0.133943
v -0.759302 0.200000 -0.132995
v -0.761632 0.200000 -0.131988
v -0.763980 0.200000 -0.130921
v -0.765877 0.200000 -0.130009
v -0.767731 0.200000 -0.129025
v -0.769542 0.200000 -0.127971
v -0.771309 0.200000 -0.126846
v -0.773032 0.200000 -0.125650
v -0.774712 0.200000 -0.124383
v -0.776349 0.200000 -0.123046
v -0.777942 0.200000 -0.121637
v -0.779492 0.200000 -0.120158
v -0.780999 0.200000 -0.118608
v -0.782462 0.200000 -0.116988
v -0.783882 0.200000 -0.115296
v -0.785221 0.200000 -0.113552
v -0.786445 0.200000 -0.111774
v -0.787551 0.200000 -0.109961
v -0.788542 0.200000 -0.108114
v -0.789415 0.200000 -0.106233
v -0.790173 0.200000 -0.104317
v -0.790814 0.200000 -0.102368
v -0.791338 0.200000 -0.100384
v -0.791746 0.200000 -0.098366
v -0.792037 0.200000 -0.096313
v -0.792212 0.200000 -0.094226
v -0.792270 0.200000 -0.092105
v -0.792177 0.200000 -0.089034
v -0.791900 0.200000 -0.086070
v -0.791437 0.200000 -0.083213
v -0.790789 0.200000 -0.080464
v -0.789957 0.200000 -0.077822
v -0.788939 0.200000 -0.075288
v -0.787736 0.200000 -0.072861
v -0.786349 0.200000 -0.070541
v -0.784776 0.200000 -0.068329
v -0.783018 0.200000 -0.066224
v -0.781075 0.200000 -0.064226
v -0.778947 0.200000 -0.062336
v -0.776555 0.200000 -0.060514
v -0.773817 0.200000 -0.058722
v -0.770734 0.200000 -0.056959
v -0.767306 0.200000 -0.055227
v -0.763534 0.200000 -0.053524
v -0.759416 0.200000 -0.051850
v -0.754954 0.200000 -0.050207
v -0.750146 0.200000 -0.048593
v -0.744994 0.200000 -0.047009
v -0.739497 0.200000 -0.045454
v -0.733654 0.200000 -0.043929
v -0.727467 0.200000 -0.042434
v -0.723368 0.200000 -0.041505
v -0.719294 0.200000 -0.040579
v -0.715245 0.200000 -0.039659
v -0.711221 0.200000 -0.038743
v -0.707222 0.200000 -0.037831
v -0.703248 0.200000 -0.036924
v -0.699300 0.200000 -0.036022
v -0.695377 0.200000 -0.035124
v -0.691478 0.200000 -0.034231
v -0.687605 0.200000 -0.033343
v -0.683757 0.200000 -0.032458
v -0.679934 0.200000 -0.031579
v -0.676102 0.200000 -0.030674
v -0.672227 0.200000 -0.029715
v -0.668308 0.200000 -0.028701
v -0.664346 0.200000 -0.027632
v -0.660340 0.200000 -0.026508
v -0.656291 0.200000 -0.025329
v -0.652199 0.200000 -0.024095
v -0.648063 0.200000 -0.022807
v -0.643884 0.200000 -0.021464
v -0.639661 0.200000 -0.020066
v -0.635395 0.200000 -0.018613
v -0.631086 0.200000 -0.017105
v -0.622769 0.200000 -0.013947
v -0.614816 0.200000 -0.010613
v -0.607227 0.200000 -0.007103
v -0.600000 0.200000 -0.003417
v -0.593137 0.200000 0.000444
v -0.586636 0.200000 0.004482
v -0.580500 0.200000 0.008695
v -0.574726 0.200000 0.013085
v -0.569315 0.200000 0.017650
v -0.564268 0.200000 0.022391
v -0.559584 0.200000 0.027308
v -0.555263 0.200000 0.032401
v -0.551296 0.200000 0.037720
v -0.547675 0.200000 0.043316
v -0.544398 0.200000 0.049188
v -0.541466 0.200000 0.055336
v -0.538879 0.200000 0.061761
v -0.536637 0.200000 0.068462
v -0.534739 0.200000 0.075440
v -0.533187 0.200000 0.082694
v -0.531980 0.200000 0.090224
v -0.531118 0.200000 0.098031
v -0.530600 0.200000 0.106114
v -0.530428 0.200000 0.114474
v -0.530826 0.200000 0.126446
v -0.532022 0.200000 0.138021
v -0.534015 0.200000 0.149198
v -0.536806 0.200000 0.159978
v -0.540393 0.200000 0.170360
v -0.544778 0.200000 0.180345
v -0.549960 0.200000 0.189933
v -0.555939 0.200000 0.199123
v -0.562716 0.200000 0.207915
v -0.570290 0.200000 0.216310
v -0.578661 0.200000 0.224308
v 0.826645 -0.200000 0.274507
v 0.823267 -0.200000 0.274953
v 0.819769 -0.200000 0.275361
v 0.816149 -0.200000 0.275730
v 0.812409 -0.200000 0.276060
v 0.808547 -0.200000 0.276351
v 0.804564 -0.200000 0.276604
v 0.800460 -0.200000 0.276817
v 0.796235 -0.200000 0.276992
v 0.791889 -0.200000 0.277128
v 0.787422 -0.200000 0.277225
v 0.782834 -0.200000 0.277283
v 0.778125 -0.200000 0.277303
v 0.761030 -0.200000 0.276955
v 0.744614 -0.200000 0.275914
v 0.728875 -0.200000 0.274178
v 0.713816 -0.200000 0.271747
v 0.699435 -0.200000 0.268622
v 0.685732 -0.200000 0.264803
v 0.672708 -0.200000 0.260289
v 0.660362 -0.200000 0.255080
v 0.648695 -0.200000 0.249178
v 0.637706 -0.200000 0.242580
v 0.627395 -0.200000 0.235289
v 0.617763 -0.200000 0.227303
v 0.608858 -0.200000 0.218675
v 0.600726 -0.200000 0.209457
v 0.593370 -0.200000 0.199650
v 0.586787 -0.200000 0.189254
v 0.580979 -0.200000 0.178269
v 0.575946 -0.200000 0.166694
v 0.571687 -0.200000 0.154530
v 0.568202 -0.200000 0.141776
v 0.565491 -0.200000 0.128433
v 0.563555 -0.200000 0.114501
v 0.562394 -0.200000 0.099979
v 0.562007 -0.200000 0.084868
v 0.562368 -0.200000 0.070045
v 0.563450 -0.200000 0.055729
v 0.565255 -0.200000 0.041920
v 0.567782 -0.200000 0.028618
v 0.571030 -0.200000 0.015824
v 0.575000 -0.200000 0.003536
v 0.579692 -0.200000 -0.008244
v 0.585106 -0.200000 -0.019518
v 0.591242 -0.200000 -0.030284
v 0.598099 -0.200000 -0.040543
v 0.605679 -0.200000 -0.050295
v 0.613980 -0.200000 -0.059540
v 0.622930 -0.200000 -0.068156
v 0.632456 -0.200000 -0.076023
v 0.642558 -0.200000 -0.083141
v 0.653235 -0.200000 -0.089510
v 0.664487 -0.200000 -0.095130
v 0.676316 -0.200000 -0.100000
v 0.688720 -0.200000 -0.104121
v 0.701700 -0.200000 -0.107493
v 0.715255 -0.200000 -0.110115
v 0.729386 -0.200000 -0.111988
v 0.744093 -0.200000 -0.113112
v 0.759375 -0.200000 -0.113487
v 0.773227 -0.200000 -0.113169
v 0.786495 -0.200000 -0.112217
v 0.799178 -0.200000 -0.110629
v 0.811276 -0.200000 -0.108406
v 0.822789 -0.200000 -0.105549
v 0.833717 -0.200000 -0.102056
v 0.844061 -0.200000 -0.097928
v 0.853819 -0.200000 -0.093165
v 0.862993 -0.200000 -0.087767
v 0.871583 -0.200000 -0.081734
v 0.879587 -0.200000 -0.075066
v 0.887007 -0.200000 -0.067763
v 0.893837 -0.200000 -0.059868
v 0.900073 -0.200000 -0.051425
v 0.905716 -0.200000 -0.042434
v 0.910764 -0.200000 -0.032895
v 0.915218 -0.200000 -0.022807
v 0.919079 -0.200000 -0.012171
v 0.922346 -0.200000 -0.000987
v 0.925018 -0.200000 0.010746
v 0.927097 -0.200000 0.023026
v 0.928582 -0.200000 0.035855
v 0.929473 -0.200000 0.049232
v 0.929770 -0.200000 0.063158
v 0.929770 -0.200000 0.104605
v 0.677467 -0.200000 0.104605
v 0.677794 -0.200000 0.108823
v 0.678226 -0.200000 0.112925
v 0.678762 -0.200000 0.116910
v 0.679404 -0.200000 0.120778
v 0.680151 -0.200000 0.124531
v 0.681003 -0.200000 0.128166
v 0.681960 -0.200000 0.131685
v 0.683023 -0.200000 0.135088
v 0.684190 -0.200000 0.138374
v 0.685462 -0.200000 0.141543
v 0.686840 -0.200000 0.144596
v 0.688322 -0.200000 0.147533
v 0.689899 -0.200000 0.150362
v 0.691557 -0.200000 0.153093
v 0.693298 -0.200000 0.155726
v 0.695121 -0.200000 0.158260
v 0.697026 -0.200000 0.160696
v 0.699013 -0.200000 0.163034
v 0.701083 -0.200000 0.165274
v 0.703235 -0.200000 0.167416
v 0.705469 -0.200000 0.169459
v 0.707785 -0.200000 0.171404
v 0.710184 -0.200000 0.173251
v 0.712665 -0.200000 0.175000
v 0.715166 -0.200000 0.176660
v 0.717736 -0.200000 0.178239
v 0.720374 -0.200000 0.179739
v 0.723081 -0.200000 0.181159
v 0.725857 -0.200000 0.182498
v 0.728701 -0.200000 0.183758
v 0.731613 -0.200000 0.184938
v 0.734594 -0.200000 0.186038
v 0.737644 -0.200000 0.187058
v 0.740762 -0.200000 0.187998
v 0.743949 -0.200000 0.188858
v 0.747204 -0.200000 0.189638
v 0.750519 -0.200000 0.190347
v 0.753883 -0.200000 0.190995
v 0.757299 -0.200000 0.191581
v 0.760764 -0.200000 0.192105
v 0.764280 -0.200000 0.192568
v 0.767845 -0.200000 0.192969
v 0.771462 -0.200000 0.193308
v 0.775128 -0.200000 0.193586
v 0.778845 -0.200000 0.193801
v 0.782612 -0.200000 0.193956
v 0.786429 -0.200000 0.194048
v 0.790296 -0.200000 0.194079
v 0.793636 -0.200000 0.194048
v 0.796966 -0.200000 0.193956
v 0.800288 -0.200000 0.193801
v 0.803600 -0.200000 0.193585
v 0.806903 -0.200000 0.193308
v 0.810197 -0.200000 0.192969
v 0.813482 -0.200000 0.192568
v 0.816758 -0.200000 0.192105
v 0.820025 -0.200000 0.191581
v 0.823282 -0.200000 0.190995
v 0.826531 -0.200000 0.190347
v 0.829770 -0.200000 0.189638
v 0.832982 -0.200000 0.188879
v 0.836148 -0.200000 0.188080
v 0.839268 -0.200000 0.187243
v 0.842343 -0.200000 0.186367
v 0.845372 -0.200000 0.185452
v 0.848355 -0.200000 0.184498
v 0.851293 -0.200000 0.183506
v 0.854185 -0.200000 0.182474
v 0.857031 -0.200000 0.181404
v 0.859832 -0.200000 0.180295
v 0.862587 -0.200000 0.179147
v 0.865296 -0.200000 0.177960
v 0.867639 -0.200000 0.176912
v 0.869952 -0.200000 0.175850
v 0.872235 -0.200000 0.174774
v 0.874488 -0.200000 0.173684
v 0.876712 -0.200000 0.172581
v 0.878906 -0.200000 0.171464
v 0.881071 -0.200000 0.170333
v 0.883205 -0.200000 0.169189
v 0.885310 -0.200000 0.168030
v 0.887386 -0.200000 0.166859
v 0.889431 -0.200000 0.165673
v 0.891447 -0.200000 0.164474
v 0.893418 -0.200000 0.163279
v 0.895326 -0.200000 0.162107
v 0.897173 -0.200000 0.160958
v 0.898958 -0.200000 0.159832
v 0.900682 -0.200000 0.158729
v 0.902344 -0.200000 0.157648
v 0.903944 -0.200000 0.156590
v 0.905483 -0.200000 0.155556
v 0.906959 -0.200000 0.154544
v 0.908375 -0.200000 0.153554
v 0.909728 -0.200000 0.152588
v 0.911020 -0.200000 0.151645
v 0.923191 -0.200000 0.151645
v 0.923191 -0.200000 0.246710
v 0.920851 -0.200000 0.247637
v 0.918544 -0.200000 0.248552
v 0.916273 -0.200000 0.249455
v 0.914035 -0.200000 0.250347
v 0.911832 -0.200000 0.251228
v 0.909663 -0.200000 0.252097
v 0.907528 -0.200000 0.252955
v 0.905428 -0.200000 0.253801
v 0.903362 -0.200000 0.254636
v 0.901330 -0.200000 0.255460
v 0.899332 -0.200000 0.256272
v 0.897368 -0.200000 0.257072
v 0.895362 -0.200000 0.257868
v 0.893234 -0.200000 0.258667
v 0.890985 -0.200000 0.259467
v 0.888615 -0.200000 0.260270
v 0.886124 -0.200000 0.261076
v 0.883512 -0.200000 0.261883
v 0.880778 -0.200000 0.262693
v 0.877924 -0.200000 0.263505
v 0.874949 -0.200000 0.264319
v 0.871852 -0.200000 0.265136
v 0.868635 -0.200000 0.265955
v 0.865296 -0.200000 0.266776
v 0.862163 -0.200000 0.267584
v 0.859014 -0.200000 0.268362
v 0.855849 -0.200000 0.269110
v 0.852668 -0.200000 0.269828
v 0.849471 -0.200000 0.270517
v 0.846258 -0.200000 0.271176
v 0.843029 -0.200000 0.271805
v 0.839784 -0.200000 0.272405
v 0.836523 -0.200000 0.272975
v 0.833247 -0.200000 0.273515
v 0.829954 -0.200000 0.274026
v 0.677138 -0.200000 0.035197
v 0.816283 -0.200000 0.035197
v 0.816015 -0.200000 0.029233
v 0.815538 -0.200000 0.023511
v 0.814854 -0.200000 0.018030
v 0.813962 -0.200000 0.012792
v 0.812862 -0.200000 0.007796
v 0.811554 -0.200000 0.003043
v 0.810039 -0.200000 -0.001469
v 0.808315 -0.200000 -0.005738
v 0.806384 -0.200000 -0.009766
v 0.804244 -0.200000 -0.013551
v 0.801897 -0.200000 -0.017094
v 0.799342 -0.200000 -0.020395
v 0.796566 -0.200000 -0.023442
v 0.793554 -0.200000 -0.026224
v 0.790306 -0.200000 -0.028742
v 0.786824 -0.200000 -0.030994
v 0.783106 -0.200000 -0.032982
v 0.779153 -0.200000 -0.034704
v 0.774965 -0.200000 -0.036161
v 0.770541 -0.200000 -0.037354
v 0.765882 -0.200000 -0.038281
v 0.760988 -0.200000 -0.038944
v 0.755858 -0.200000 -0.039341
v 0.750493 -0.200000 -0.039474
v 0.745003 -0.200000 -0.039334
v 0.739716 -0.200000 -0.038916
v 0.734632 -0.200000 -0.038220
v 0.729751 -0.200000 -0.037244
v 0.725074 -0.200000 -0.035990
v 0.720600 -0.200000 -0.034457
v 0.716330 -0.200000 -0.032646
v 0.712262 -0.200000 -0.030556
v 0.708398 -0.200000 -0.028187
v 0.704738 -0.200000 -0.025539
v 0.701280 -0.200000 -0.022613
v 0.698026 -0.200000 -0.019408
v 0.694992 -0.200000 -0.015963
v 0.692192 -0.200000 -0.012317
v 0.689628 -0.200000 -0.008470
v 0.687299 -0.200000 -0.004423
v 0.685205 -0.200000 -0.000174
v 0.683347 -0.200000 0.004276
v 0.681724 -0.200000 0.008927
v 0.680336 -0.200000 0.013779
v 0.679184 -0.200000 0.018832
v 0.678267 -0.200000 0.024086
v 0.677585 -0.200000 0.029541
v 0.544901 -0.200000 -0.101974
v 0.544901 -0.200000 0.006908
v 0.535362 -0.200000 0.006908
v 0.534224 -0.200000 0.006532
v 0.533004 -0.200000 0.006172
v 0.531702 -0.200000 0.005828
v 0.530318 -0.200000 0.005501
v 0.528851 -0.200000 0.005189
v 0.527303 -0.200000 0.004893
v 0.525672 -0.200000 0.004613
v 0.523958 -0.200000 0.004349
v 0.522163 -0.200000 0.004102
v 0.520285 -0.200000 0.003870
v 0.518325 -0.200000 0.003654
v 0.516283 -0.200000 0.003454
v 0.514181 -0.200000 0.003270
v 0.512043 -0.200000 0.003102
v 0.509868 -0.200000 0.002950
v 0.507657 -0.200000 0.002814
v 0.505409 -0.200000 0.002694
v 0.503125 -0.200000 0.002590
v 0.500804 -0.200000 0.002502
v 0.498447 -0.200000 0.002431
v 0.496053 -0.200000 0.002375
v 0.493622 -0.200000 0.002335
v 0.491155 -0.200000 0.002311
v 0.488651 -0.200000 0.002303
v 0.485623 -0.200000 0.002339
v 0.482570 -0.200000 0.002449
v 0.479492 -0.200000 0.002632
v 0.476389 -0.200000 0.002887
v 0.473260 -0.200000 0.003216
v 0.470107 -0.200000 0.003618
v 0.466928 -0.200000 0.004094
v 0.463724 -0.200000 0.004642
v 0.460495 -0.200000 0.005263
v 0.457241 -0.200000 0.005958
v 0.453962 -0.200000 0.006725
v 0.450658 -0.200000 0.007566
v 0.447349 -0.200000 0.008457
v 0.444056 -0.200000 0.009375
v 0.440779 -0.200000 0.010321
v 0.437518 -0.200000 0.011294
v 0.434273 -0.200000 0.012294
v 0.431044 -0.200000 0.013322
v 0.427831 -0.200000 0.014378
v 0.424635 -0.200000 0.015460
v 0.421454 -0.200000 0.016571
v 0.418289 -0.200000 0.017708
v 0.415140 -0.200000 0.018873
v 0.412007 -0.200000 0.020066
v 0.412007 -0.200000 0.267434
v 0.296875 -0.200000 0.267434
v 0.296875 -0.200000 -0.101974
v 0.412007 -0.200000 -0.101974
v 0.412007 -0.200000 -0.049013
v 0.413365 -0.200000 -0.050246
v 0.414807 -0.200000 -0.051531
v 0.416334 -0.200000 -0.052868
v 0.417946 -0.200000 -0.054258
v 0.419642 -0.200000 -0.055701
v 0.421423 -0.200000 -0.057196
v 0.423288 -0.200000 -0.058743
v 0.425238 -0.200000 -0.060344
v 0.427272 -0.200000 -0.061996
v 0.429391 -0.200000 -0.063702
v 0.431594 -0.200000 -0.065459
v 0.433882 -0.200000 -0.067270
v 0.436195 -0.200000 -0.069076
v 0.438473 -0.200000 -0.070820
v 0.440718 -0.200000 -0.072502
v 0.442928 -0.200000 -0.074123
v 0.445103 -0.200000 -0.075682
v 0.447245 -0.200000 -0.077179
v 0.449352 -0.200000 -0.078615
v 0.451425 -0.200000 -0.079989
v 0.453464 -0.200000 -0.081301
v 0.455469 -0.200000 -0.082552
v 0.457439 -0.200000 -0.083741
v 0.459375 -0.200000 -0.084868
v 0.461487 -0.200000 -0.086115
v 0.463656 -0.200000 -0.087331
v 0.465882 -0.200000 -0.088518
v 0.468165 -0.200000 -0.089675
v 0.470506 -0.200000 -0.090802
v 0.472903 -0.200000 -0.091900
v 0.475358 -0.200000 -0.092968
v 0.477869 -0.200000 -0.094006
v 0.480438 -0.200000 -0.095014
v 0.483064 -0.200000 -0.095993
v 0.485747 -0.200000 -0.096942
v 0.488487 -0.200000 -0.097862
v 0.491243 -0.200000 -0.098729
v 0.493974 -0.200000 -0.099520
v 0.496680 -0.200000 -0.100236
v 0.499360 -0.200000 -0.100877
v 0.502016 -0.200000 -0.101443
v 0.504646 -0.200000 -0.101933
v 0.507252 -0.200000 -0.102347
v 0.509832 -0.200000 -0.102686
v 0.512387 -0.200000 -0.102950
v 0.514917 -0.200000 -0.103139
v 0.517422 -0.200000 -0.103252
v 0.519901 -0.200000 -0.103290
v 0.520842 -0.200000 -0.103287
v 0.521802 -0.200000 -0.103280
v 0.522780 -0.200000 -0.103269
v 0.523776 -0.200000 -0.103253
v 0.524790 -0.200000 -0.103232
v 0.525822 -0.200000 -0.103207
v 0.526873 -0.200000 -0.103178
v 0.527942 -0.200000 -0.103143
v 0.529030 -0.200000 -0.103104
v 0.530135 -0.200000 -0.103061
v 0.531259 -0.200000 -0.103013
v 0.532401 -0.200000 -0.102961
v 0.533544 -0.200000 -0.102903
v 0.534667 -0.200000 -0.102842
v 0.535773 -0.200000 -0.102776
v 0.536860 -0.200000 -0.102705
v 0.537929 -0.200000 -0.102629
v 0.538980 -0.200000 -0.102549
v 0.540013 -0.200000 -0.102465
v 0.541027 -0.200000 -0.102376
v 0.542023 -0.200000 -0.102282
v 0.543001 -0.200000 -0.102184
v 0.543960 -0.200000 -0.102081
v 0.185691 -0.200000 -0.061020
v 0.193677 -0.200000 -0.052005
v 0.200969 -0.200000 -0.042448
v 0.207566 -0.200000 -0.032350
v 0.213469 -0.200000 -0.021711
v 0.218677 -0.200000 -0.010530
v 0.223191 -0.200000 0.001192
v 0.227010 -0.200000 0.013456
v 0.230135 -0.200000 0.026261
v 0.232566 -0.200000 0.039607
v 0.234302 -0.200000 0.053495
v 0.235344 -0.200000 0.067924
v 0.235691 -0.200000 0.082895
v 0.235345 -0.200000 0.097813
v 0.234306 -0.200000 0.112194
v 0.232576 -0.200000 0.126038
v 0.230154 -0.200000 0.139346
v 0.227039 -0.200000 0.152116
v 0.223232 -0.200000 0.164350
v 0.218733 -0.200000 0.176047
v 0.213542 -0.200000 0.187208
v 0.207658 -0.200000 0.197831
v 0.201083 -0.200000 0.207918
v 0.193815 -0.200000 0.217467
v 0.185855 -0.200000 0.226480
v 0.177263 -0.200000 0.234860
v 0.168097 -0.200000 0.242512
v 0.158357 -0.200000 0.249435
v 0.148045 -0.200000 0.255629
v 0.137158 -0.200000 0.261094
v 0.125699 -0.200000 0.265831
v 0.113666 -0.200000 0.269838
v 0.101060 -0.200000 0.273118
v 0.087880 -0.200000 0.275668
v 0.074127 -0.200000 0.277490
v 0.059801 -0.200000 0.278583
v 0.044901 -0.200000 0.278947
v 0.030104 -0.200000 0.278583
v 0.015867 -0.200000 0.277490
v 0.002190 -0.200000 0.275668
v -0.010928 -0.200000 0.273118
v -0.023487 -0.200000 0.269838
v -0.035485 -0.200000 0.265831
v -0.046924 -0.200000 0.261094
v -0.057803 -0.200000 0.255629
v -0.068123 -0.200000 0.249435
v -0.077883 -0.200000 0.242512
v -0.087083 -0.200000 0.234860
v -0.095724 -0.200000 0.226480
v -0.103736 -0.200000 0.217467
v -0.111052 -0.200000 0.207918
v -0.117671 -0.200000 0.197831
v -0.123593 -0.200000 0.187208
v -0.128818 -0.200000 0.176047
v -0.133347 -0.200000 0.164350
v -0.137179 -0.200000 0.152116
v -0.140314 -0.200000 0.139346
v -0.142753 -0.200000 0.126038
v -0.144495 -0.200000 0.112194
v -0.145540 -0.200000 0.097813
v -0.145888 -0.200000 0.082895
v -0.145540 -0.200000 0.067821
v -0.144495 -0.200000 0.053303
v -0.142753 -0.200000 0.039340
v -0.140314 -0.200000 0.025932
v -0.137179 -0.200000 0.013079
v -0.133347 -0.200000 0.000781
v -0.128818 -0.200000 -0.010962
v -0.123593 -0.200000 -0.022149
v -0.117671 -0.200000 -0.032782
v -0.111052 -0.200000 -0.042859
v -0.103736 -0.200000 -0.052381
v -0.095724 -0.200000 -0.061349
v -0.087083 -0.200000 -0.069676
v -0.077883 -0.200000 -0.077280
v -0.068123 -0.200000 -0.084159
v -0.057803 -0.200000 -0.090314
v -0.046924 -0.200000 -0.095745
v -0.035485 -0.200000 -0.100452
v -0.023487 -0.200000 -0.104435
v -0.010928 -0.200000 -0.107694
v 0.002190 -0.200000 -0.110228
v 0.015867 -0.200000 -0.112039
v 0.030104 -0.200000 -0.113125
v 0.044901 -0.200000 -0.113487
v 0.059750 -0.200000 -0.113123
v 0.074031 -0.200000 -0.112029
v 0.087747 -0.200000 -0.110208
v 0.100895 -0.200000 -0.107657
v 0.113478 -0.200000 -0.104378
v 0.125493 -0.200000 -0.100370
v 0.136943 -0.200000 -0.095634
v 0.147825 -0.200000 -0.090168
v 0.158141 -0.200000 -0.083974
v 0.167891 -0.200000 -0.077051
v 0.177074 -0.200000 -0.069400
v 0.112336 -0.200000 0.138651
v 0.113176 -0.200000 0.135228
v 0.113944 -0.200000 0.131593
v 0.114638 -0.200000 0.127745
v 0.115259 -0.200000 0.123684
v 0.115808 -0.200000 0.119411
v 0.116283 -0.200000 0.114926
v 0.116685 -0.200000 0.110228
v 0.117014 -0.200000 0.105318
v 0.117270 -0.200000 0.100195
v 0.117452 -0.200000 0.094860
v 0.117562 -0.200000 0.089313
v 0.117599 -0.200000 0.083553
v 0.117561 -0.200000 0.078147
v 0.117448 -0.200000 0.072894
v 0.117259 -0.200000 0.067794
v 0.116996 -0.200000 0.062847
v 0.116656 -0.200000 0.058053
v 0.116242 -0.200000 0.053413
v 0.115752 -0.200000 0.048925
v 0.115186 -0.200000 0.044591
v 0.114546 -0.200000 0.040409
v 0.113829 -0.200000 0.036381
v 0.113038 -0.200000 0.032505
v 0.112171 -0.200000 0.028783
v 0.111238 -0.200000 0.025198
v 0.110248 -0.200000 0.021733
v 0.109200 -0.200000 0.018390
v 0.108096 -0.200000 0.015168
v 0.106934 -0.200000 0.012067
v 0.105715 -0.200000 0.009087
v 0.104440 -0.200000 0.006228
v 0.103107 -0.200000 0.003490
v 0.101717 -0.200000 0.000874
v 0.100270 -0.200000 -0.001622
v 0.098765 -0.200000 -0.003997
v 0.097204 -0.200000 -0.006250
v 0.095486 -0.200000 -0.008494
v 0.093732 -0.200000 -0.010622
v 0.091941 -0.200000 -0.012634
v 0.090113 -0.200000 -0.014529
v 0.088249 -0.200000 -0.016307
v 0.086349 -0.200000 -0.017969
v 0.084412 -0.200000 -0.019514
v 0.082438 -0.200000 -0.020943
v 0.080428 -0.200000 -0.022255
v 0.078381 -0.200000 -0.023451
v 0.076298 -0.200000 -0.024531
v 0.074178 -0.200000 -0.025493
v 0.072014 -0.200000 -0.026360
v 0.069801 -0.200000 -0.027152
v 0.067537 -0.200000 -0.027868
v 0.065223 -0.200000 -0.028509
v 0.062859 -0.200000 -0.029074
v 0.060444 -0.200000 -0.029564
v 0.057979 -0.200000 -0.029979
v 0.055464 -0.200000 -0.030318
v 0.052899 -0.200000 -0.030582
v 0.050283 -0.200000 -0.030770
v 0.047617 -0.200000 -0.030883
v 0.044901 -0.200000 -0.030921
v 0.042345 -0.200000 -0.030888
v 0.039830 -0.200000 -0.030789
v 0.037356 -0.200000 -0.030623
v 0.034923 -0.200000 -0.030391
v 0.032532 -0.200000 -0.030093
v 0.030181 -0.200000 -0.029729
v 0.027871 -0.200000 -0.029298
v 0.025603 -0.200000 -0.028801
v 0.023376 -0.200000 -0.028238
v 0.021190 -0.200000 -0.027609
v 0.019045 -0.200000 -0.026913
v 0.016941 -0.200000 -0.026151
v 0.014871 -0.200000 -0.025296
v 0.012829 -0.200000 -0.024319
v 0.010814 -0.200000 -0.023222
v 0.008827 -0.200000 -0.022003
v 0.006867 -0.200000 -0.020663
v 0.004934 -0.200000 -0.019202
v 0.003029 -0.200000 -0.017620
v 0.001151 -0.200000 -0.015917
v -0.000699 -0.200000 -0.014093
v -0.002522 -0.200000 -0.012148
v -0.004317 -0.200000 -0.010082
v -0.006086 -0.200000 -0.007895
v -0.007703 -0.200000 -0.005690
v -0.009265 -0.200000 -0.003353
v -0.010773 -0.200000 -0.000884
v -0.012226 -0.200000 0.001718
v -0.013624 -0.200000 0.004452
v -0.014967 -0.200000 0.007319
v -0.016255 -0.200000 0.010318
v -0.017489 -0.200000 0.013450
v -0.018668 -0.200000 0.016715
v -0.019792 -0.200000 0.020111
v -0.020861 -0.200000 0.023641
v -0.021875 -0.200000 0.027303
v -0.022821 -0.200000 0.031111
v -0.023684 -0.200000 0.035079
v -0.024465 -0.200000 0.039206
v -0.025164 -0.200000 0.043494
v -0.025781 -0.200000 0.047942
v -0.026316 -0.200000 0.052549
v -0.026768 -0.200000 0.057317
v -0.027138 -0.200000 0.062244
v -0.027426 -0.200000 0.067331
v -0.027632 -0.200000 0.072579
v -0.027755 -0.200000 0.077986
v -0.027796 -0.200000 0.083553
v -0.027757 -0.200000 0.089109
v -0.027641 -0.200000 0.094486
v -0.027447 -0.200000 0.099681
v -0.027175 -0.200000 0.104697
v -0.026825 -0.200000 0.109531
v -0.026398 -0.200000 0.114186
v -0.025893 -0.200000 0.118660
v -0.025311 -0.200000 0.122953
v -0.024651 -0.200000 0.127066
v -0.023913 -0.200000 0.130999
v -0.023097 -0.200000 0.134751
v -0.022204 -0.200000 0.138322
v -0.021249 -0.200000 0.141745
v -0.020249 -0.200000 0.145052
v -0.019202 -0.200000 0.148242
v -0.018110 -0.200000 0.151316
v -0.016973 -0.200000 0.154273
v -0.015789 -0.200000 0.157113
v -0.014560 -0.200000 0.159838
v -0.013286 -0.200000 0.162445
v -0.011965 -0.200000 0.164936
v -0.010599 -0.200000 0.167311
v -0.009188 -0.200000 0.169569
v -0.007730 -0.200000 0.171710
v -0.006163 -0.200000 0.173801
v -0.004532 -0.200000 0.175795
v -0.002837 -0.200000 0.177693
v -0.001078 -0.200000 0.179496
v 0.000745 -0.200000 0.181202
v 0.002632 -0.200000 0.182812
v 0.004582 -0.200000 0.184327
v 0.006597 -0.200000 0.185746
v 0.008676 -0.200000 0.187068
v 0.010819 -0.200000 0.188295
v 0.013025 -0.200000 0.189426
v 0.015296 -0.200000 0.190461
v 0.017619 -0.200000 0.191406
v 0.019984 -0.200000 0.192270
v 0.022389 -0.200000 0.193051
v 0.024836 -0.200000 0.193750
v 0.027323 -0.200000 0.194367
v 0.029852 -0.200000 0.194901
v 0.032422 -0.200000 0.195354
v 0.035033 -0.200000 0.195724
v 0.037685 -0.200000 0.196011
v 0.040378 -0.200000 0.196217
v 0.043113 -0.200000 0.196340
v 0.045888 -0.200000 0.196382
v 0.048194 -0.200000 0.196340
v 0.050507 -0.200000 0.196217
v 0.052827 -0.200000 0.196011
v 0.055154 -0.200000 0.195724
v 0.057487 -0.200000 0.195354
v 0.059827 -0.200000 0.194901
v 0.062174 -0.200000 0.194367
v 0.064529 -0.200000 0.193750
v 0.066889 -0.200000 0.193051
v 0.069257 -0.200000 0.192270
v 0.071632 -0.200000 0.191406
v 0.074013 -0.200000 0.190461
v 0.076358 -0.200000 0.189433
v 0.078623 -0.200000 0.188322
v 0.080808 -0.200000 0.187130
v 0.082913 -0.200000 0.185855
v 0.084938 -0.200000 0.184498
v 0.086883 -0.200000 0.183059
v 0.088748 -0.200000 0.181538
v 0.090534 -0.200000 0.179934
v 0.092239 -0.200000 0.178248
v 0.093864 -0.200000 0.176480
v 0.095410 -0.200000 0.174630
v 0.096875 -0.200000 0.172697
v 0.098540 -0.200000 0.170300
v 0.100137 -0.200000 0.167823
v 0.101665 -0.200000 0.165265
v 0.103125 -0.200000 0.162628
v 0.104516 -0.200000 0.159911
v 0.105839 -0.200000 0.157113
v 0.107093 -0.200000 0.154236
v 0.108279 -0.200000 0.151279
v 0.109396 -0.200000 0.148242
v 0.110444 -0.200000 0.145125
v 0.111424 -0.200000 0.141928
v -0.254276 -0.200000 0.274835
v -0.256781 -0.200000 0.275230
v -0.259416 -0.200000 0.275589
v -0.262181 -0.200000 0.275915
v -0.265077 -0.200000 0.276206
v -0.268102 -0.200000 0.276463
v -0.271258 -0.200000 0.276686
v -0.274544 -0.200000 0.276874
v -0.277961 -0.200000 0.277028
v -0.281507 -0.200000 0.277148
v -0.285184 -0.200000 0.277234
v -0.288991 -0.200000 0.277285
v -0.292928 -0.200000 0.277303
v -0.300495 -0.200000 0.277223
v -0.307954 -0.200000 0.276983
v -0.315306 -0.200000 0.276583
v -0.322551 -0.200000 0.276023
v -0.329689 -0.200000 0.275304
v -0.336719 -0.200000 0.274424
v -0.343641 -0.200000 0.273385
v -0.350457 -0.200000 0.272186
v -0.357165 -0.200000 0.270826
v -0.363766 -0.200000 0.269307
v -0.370259 -0.200000 0.267628
v -0.376645 -0.200000 0.265789
v -0.382907 -0.200000 0.263784
v -0.389031 -0.200000 0.261605
v -0.395014 -0.200000 0.259252
v -0.400859 -0.200000 0.256725
v -0.406564 -0.200000 0.254025
v -0.412130 -0.200000 0.251151
v -0.417556 -0.200000 0.248104
v -0.422844 -0.200000 0.244883
v -0.427991 -0.200000 0.241488
v -0.433000 -0.200000 0.237920
v -0.437869 -0.200000 0.234179
v -0.442599 -0.200000 0.230263
v -0.447119 -0.200000 0.226175
v -0.451471 -0.200000 0.221916
v -0.455654 -0.200000 0.217486
v -0.459667 -0.200000 0.212884
v -0.463512 -0.200000 0.208111
v -0.467188 -0.200000 0.203166
v -0.470694 -0.200000 0.198050
v -0.474031 -0.200000 0.192763
v -0.477200 -0.200000 0.187305
v -0.480199 -0.200000 0.181675
v -0.483030 -0.200000 0.175874
v -0.485691 -0.200000 0.169901
v -0.488160 -0.200000 0.163753
v -0.490415 -0.200000 0.157424
v -0.492455 -0.200000 0.150915
v -0.494280 -0.200000 0.144225
v -0.495890 -0.200000 0.137355
v -0.497286 -0.200000 0.130304
v -0.498467 -0.200000 0.123073
v -0.499434 -0.200000 0.115662
v -0.500185 -0.200000 0.108069
v -0.500722 -0.200000 0.100297
v -0.501044 -0.200000 0.092344
v -0.501151 -0.200000 0.084210
v -0.501035 -0.200000 0.075493
v -0.500685 -0.200000 0.066996
v -0.500103 -0.200000 0.058717
v -0.499287 -0.200000 0.050658
v -0.498239 -0.200000 0.042818
v -0.496957 -0.200000 0.035197
v -0.495443 -0.200000 0.027796
v -0.493695 -0.200000 0.020614
v -0.491715 -0.200000 0.013651
v -0.489501 -0.200000 0.006908
v -0.487055 -0.200000 0.000384
v -0.484375 -0.200000 -0.005921
v -0.481497 -0.200000 -0.012025
v -0.478454 -0.200000 -0.017946
v -0.475247 -0.200000 -0.023684
v -0.471875 -0.200000 -0.029240
v -0.468339 -0.200000 -0.034613
v -0.464638 -0.200000 -0.039803
v -0.460773 -0.200000 -0.044810
v -0.456743 -0.200000 -0.049635
v -0.452549 -0.200000 -0.054276
v -0.448191 -0.200000 -0.058735
v -0.443668 -0.200000 -0.063012
v -0.438980 -0.200000 -0.067105
v -0.434308 -0.200000 -0.070860
v -0.429500 -0.200000 -0.074447
v -0.424558 -0.200000 -0.077868
v -0.419481 -0.200000 -0.081122
v -0.414269 -0.200000 -0.084209
v -0.408923 -0.200000 -0.087130
v -0.403441 -0.200000 -0.089884
v -0.397825 -0.200000 -0.092471
v -0.392074 -0.200000 -0.094891
v -0.386189 -0.200000 -0.097145
v -0.380168 -0.200000 -0.099231
v -0.374013 -0.200000 -0.101151
v -0.367769 -0.200000 -0.102911
v -0.361481 -0.200000 -0.104519
v -0.355150 -0.200000 -0.105973
v -0.348776 -0.200000 -0.107273
v -0.342358 -0.200000 -0.108421
v -0.335896 -0.200000 -0.109416
v -0.329392 -0.200000 -0.110258
v -0.322844 -0.200000 -0.110947
v -0.316252 -0.200000 -0.111482
v -0.309617 -0.200000 -0.111865
v -0.302939 -0.200000 -0.112095
v -0.296217 -0.200000 -0.112171
v -0.291118 -0.200000 -0.112122
v -0.286020 -0.200000 -0.111975
v -0.280921 -0.200000 -0.111729
v -0.275822 -0.200000 -0.111385
v -0.270724 -0.200000 -0.110943
v -0.265625 -0.200000 -0.110403
v -0.260526 -0.200000 -0.109765
v -0.255428 -0.200000 -0.109028
v -0.250329 -0.200000 -0.108193
v -0.245230 -0.200000 -0.107260
v -0.240131 -0.200000 -0.106228
v -0.235033 -0.200000 -0.105099
v -0.229932 -0.200000 -0.103862
v -0.224826 -0.200000 -0.102508
v -0.219716 -0.200000 -0.101038
v -0.214602 -0.200000 -0.099452
v -0.209482 -0.200000 -0.097749
v -0.204359 -0.200000 -0.095929
v -0.199230 -0.200000 -0.093993
v -0.194097 -0.200000 -0.091941
v -0.188960 -0.200000 -0.089772
v -0.183818 -0.200000 -0.087486
v -0.178671 -0.200000 -0.085084
v -0.173520 -0.200000 -0.082566
v -0.173520 -0.200000 0.016118
v -0.188322 -0.200000 0.016118
v -0.189495 -0.200000 0.015013
v -0.190712 -0.200000 0.013889
v -0.191972 -0.200000 0.012747
v -0.193275 -0.200000 0.011586
v -0.194621 -0.200000 0.010407
v -0.196012 -0.200000 0.009210
v -0.197445 -0.200000 0.007995
v -0.198922 -0.200000 0.006762
v -0.200442 -0.200000 0.005510
v -0.202006 -0.200000 0.004240
v -0.203613 -0.200000 0.002951
v -0.205263 -0.200000 0.001645
v -0.206948 -0.200000 0.000338
v -0.208658 -0.200000 -0.000950
v -0.210393 -0.200000 -0.002220
v -0.212153 -0.200000 -0.003472
v -0.213938 -0.200000 -0.004706
v -0.215748 -0.200000 -0.005921
v -0.217584 -0.200000 -0.007118
v -0.219444 -0.200000 -0.008297
v -0.221330 -0.200000 -0.009457
v -0.223241 -0.200000 -0.010599
v -0.225177 -0.200000 -0.011723
v -0.227138 -0.200000 -0.012829
v -0.229244 -0.200000 -0.013965
v -0.231396 -0.200000 -0.015072
v -0.233594 -0.200000 -0.016149
v -0.235837 -0.200000 -0.017197
v -0.238126 -0.200000 -0.018214
v -0.240461 -0.200000 -0.019202
v -0.242841 -0.200000 -0.020161
v -0.245267 -0.200000 -0.021089
v -0.247738 -0.200000 -0.021988
v -0.250256 -0.200000 -0.022857
v -0.252819 -0.200000 -0.023697
v -0.255428 -0.200000 -0.024507
v -0.258084 -0.200000 -0.025268
v -0.260791 -0.200000 -0.025964
v -0.263549 -0.200000 -0.026593
v -0.266356 -0.200000 -0.027156
v -0.269214 -0.200000 -0.027653
v -0.272122 -0.200000 -0.028084
v -0.275080 -0.200000 -0.028448
v -0.278088 -0.200000 -0.028746
v -0.281147 -0.200000 -0.028978
v -0.284256 -0.200000 -0.029144
v -0.287416 -0.200000 -0.029243
v -0.290625 -0.200000 -0.029276
v -0.297833 -0.200000 -0.029063
v -0.304765 -0.200000 -0.028422
v -0.311421 -0.200000 -0.027354
v -0.317800 -0.200000 -0.025859
v -0.323902 -0.200000 -0.023937
v -0.329729 -0.200000 -0.021587
v -0.335279 -0.200000 -0.018811
v -0.340552 -0.200000 -0.015607
v -0.345549 -0.200000 -0.011976
v -0.350270 -0.200000 -0.007918
v -0.354714 -0.200000 -0.003432
v -0.358882 -0.200000 0.001480
v -0.362743 -0.200000 0.006754
v -0.366269 -0.200000 0.012322
v -0.369459 -0.200000 0.018185
v -0.372314 -0.200000 0.024342
v -0.374832 -0.200000 0.030794
v -0.377015 -0.200000 0.037541
v -0.378862 -0.200000 0.044583
v -0.380373 -0.200000 0.051919
v -0.381548 -0.200000 0.059550
v -0.382388 -0.200000 0.067475
v -0.382891 -0.200000 0.075696
v -0.383059 -0.200000 0.084210
v -0.382880 -0.200000 0.093279
v -0.382342 -0.200000 0.101955
v -0.381445 -0.200000 0.110238
v -0.380190 -0.200000 0.118129
v -0.378576 -0.200000 0.125626
v -0.376604 -0.200000 0.132730
v -0.374272 -0.200000 0.139442
v -0.371583 -0.200000 0.145760
v -0.368534 -0.200000 0.151686
v -0.365127 -0.200000 0.157219
v -0.361361 -0.200000 0.162358
v -0.357237 -0.200000 0.167105
v -0.352816 -0.200000 0.171466
v -0.348159 -0.200000 0.175448
v -0.343267 -0.200000 0.179050
v -0.338140 -0.200000 0.182273
v -0.332777 -0.200000 0.185117
v -0.327179 -0.200000 0.187582
v -0.321346 -0.200000 0.189668
v -0.315278 -0.200000 0.191374
v -0.308974 -0.200000 0.192701
v -0.302435 -0.200000 0.193649
v -0.295661 -0.200000 0.194218
v -0.288651 -0.200000 0.194408
v -0.285069 -0.200000 0.194374
v -0.281561 -0.200000 0.194271
v -0.278125 -0.200000 0.194099
v -0.274762 -0.200000 0.193860
v -0.271473 -0.200000 0.193551
v -0.268257 -0.200000 0.193174
v -0.265113 -0.200000 0.192729
v -0.262043 -0.200000 0.192215
v -0.259046 -0.200000 0.191632
v -0.256122 -0.200000 0.190981
v -0.253271 -0.200000 0.190262
v -0.250493 -0.200000 0.189474
v -0.247784 -0.200000 0.188638
v -0.245139 -0.200000 0.187774
v -0.242558 -0.200000 0.186883
v -0.240040 -0.200000 0.185965
v -0.237587 -0.200000 0.185019
v -0.235197 -0.200000 0.184046
v -0.232872 -0.200000 0.183045
v -0.230610 -0.200000 0.182018
v -0.228413 -0.200000 0.180962
v -0.226279 -0.200000 0.179879
v -0.224210 -0.200000 0.178769
v -0.222204 -0.200000 0.177632
v -0.220308 -0.200000 0.176477
v -0.218458 -0.200000 0.175315
v -0.216653 -0.200000 0.174147
v -0.214894 -0.200000 0.172971
v -0.213181 -0.200000 0.171789
v -0.211513 -0.200000 0.170600
v -0.209891 -0.200000 0.169404
v -0.208315 -0.200000 0.168202
v -0.206784 -0.200000 0.166992
v -0.205300 -0.200000 0.165776
v -0.203860 -0.200000 0.164552
v -0.202467 -0.200000 0.163322
v -0.201112 -0.200000 0.162099
v -0.199790 -0.200000 0.160896
v -0.198499 -0.200000 0.159714
v -0.197241 -0.200000 0.158553
v -0.196014 -0.200000 0.157412
v -0.194819 -0.200000 0.156291
v -0.193656 -0.200000 0.155191
v -0.192526 -0.200000 0.154112
v -0.191427 -0.200000 0.153053
v -0.190360 -0.200000 0.152015
v -0.189325 -0.200000 0.150997
v -0.188322 -0.200000 0.150000
v -0.173520 -0.200000 0.150000
v -0.173520 -0.200000 0.248684
v -0.175186 -0.200000 0.249406
v -0.176896 -0.200000 0.250146
v -0.178649 -0.200000 0.250905
v -0.180446 -0.200000 0.251681
v -0.182286 -0.200000 0.252476
v -0.184169 -0.200000 0.253289
v -0.186096 -0.200000 0.254121
v -0.188067 -0.200000 0.254971
v -0.190080 -0.200000 0.255839
v -0.192137 -0.200000 0.256725
v -0.194238 -0.200000 0.257630
v -0.196382 -0.200000 0.258553
v -0.198551 -0.200000 0.259471
v -0.200726 -0.200000 0.260362
v -0.202909 -0.200000 0.261225
v -0.205099 -0.200000 0.262061
v -0.207295 -0.200000 0.262870
v -0.209498 -0.200000 0.263651
v -0.211708 -0.200000 0.264405
v -0.213925 -0.200000 0.265132
v -0.216149 -0.200000 0.265831
v -0.218380 -0.200000 0.266502
v -0.220617 -0.200000 0.267146
v -0.222862 -0.200000 0.267763
v -0.225643 -0.200000 0.268516
v -0.228395 -0.200000 0.269239
v -0.231116 -0.200000 0.269932
v -0.233809 -0.200000 0.270596
v -0.236471 -0.200000 0.271230
v -0.239104 -0.200000 0.271834
v -0.241707 -0.200000 0.272408
v -0.244280 -0.200000 0.272953
v -0.246824 -0.200000 0.273468
v -0.249338 -0.200000 0.273954
v -0.251822 -0.200000 0.274409
v -0.587829 -0.200000 0.231908
v -0.597676 -0.200000 0.239001
v -0.608082 -0.200000 0.245477
v -0.619048 -0.200000 0.251336
v -0.630574 -0.200000 0.256579
v -0.642659 -0.200000 0.261205
v -0.655304 -0.200000 0.265214
v -0.668509 -0.200000 0.268606
v -0.682273 -0.200000 0.271382
v -0.696597 -0.200000 0.273540
v -0.711481 -0.200000 0.275082
v -0.726925 -0.200000 0.276007
v -0.742928 -0.200000 0.276316
v -0.752208 -0.200000 0.276240
v -0.761298 -0.200000 0.276014
v -0.770199 -0.200000 0.275637
v -0.778911 -0.200000 0.275110
v -0.787433 -0.200000 0.274431
v -0.795765 -0.200000 0.273602
v -0.803907 -0.200000 0.272622
v -0.811860 -0.200000 0.271491
v -0.819624 -0.200000 0.270210
v -0.827198 -0.200000 0.268777
v -0.834582 -0.200000 0.267194
v -0.841776 -0.200000 0.265460
v -0.848834 -0.200000 0.263615
v -0.855807 -0.200000 0.261696
v -0.862695 -0.200000 0.259704
v -0.869499 -0.200000 0.257639
v -0.876219 -0.200000 0.255501
v -0.882854 -0.200000 0.253289
v -0.889404 -0.200000 0.251005
v -0.895870 -0.200000 0.248648
v -0.902251 -0.200000 0.246217
v -0.908548 -0.200000 0.243713
v -0.914760 -0.200000 0.241137
v -0.920888 -0.200000 0.238487
v -0.920888 -0.200000 0.122039
v -0.909704 -0.200000 0.122039
v -0.903511 -0.200000 0.127147
v -0.897213 -0.200000 0.132054
v -0.890810 -0.200000 0.136760
v -0.884302 -0.200000 0.141265
v -0.877689 -0.200000 0.145568
v -0.870971 -0.200000 0.149671
v -0.864147 -0.200000 0.153573
v -0.857219 -0.200000 0.157273
v -0.850185 -0.200000 0.160773
v -0.843047 -0.200000 0.164072
v -0.835803 -0.200000 0.167169
v -0.828454 -0.200000 0.170066
v -0.821071 -0.200000 0.172745
v -0.813724 -0.200000 0.175192
v -0.806414 -0.200000 0.177405
v -0.799141 -0.200000 0.179386
v -0.791904 -0.200000 0.181133
v -0.784704 -0.200000 0.182648
v -0.777540 -0.200000 0.183930
v -0.770413 -0.200000 0.184978
v -0.763322 -0.200000 0.185794
v -0.756268 -0.200000 0.186376
v -0.749251 -0.200000 0.186726
v -0.742270 -0.200000 0.186842
v -0.740469 -0.200000 0.186826
v -0.738574 -0.200000 0.186778
v -0.736585 -0.200000 0.186698
v -0.734503 -0.200000 0.186586
v -0.732327 -0.200000 0.186442
v -0.730058 -0.200000 0.186266
v -0.727694 -0.200000 0.186059
v -0.725238 -0.200000 0.185819
v -0.722687 -0.200000 0.185547
v -0.720043 -0.200000 0.185243
v -0.717305 -0.200000 0.184907
v -0.714474 -0.200000 0.184539
v -0.711642 -0.200000 0.184137
v -0.708904 -0.200000 0.183699
v -0.706260 -0.200000 0.183224
v -0.703710 -0.200000 0.182712
v -0.701253 -0.200000 0.182164
v -0.698890 -0.200000 0.181579
v -0.696620 -0.200000 0.180958
v -0.694444 -0.200000 0.180300
v -0.692362 -0.200000 0.179605
v -0.690374 -0.200000 0.178874
v -0.688479 -0.200000 0.178107
v -0.686678 -0.200000 0.177303
v -0.684567 -0.200000 0.176340
v -0.682511 -0.200000 0.175315
v -0.680510 -0.200000 0.174229
v -0.678564 -0.200000 0.173081
v -0.676672 -0.200000 0.171872
v -0.674836 -0.200000 0.170600
v -0.673054 -0.200000 0.169267
v -0.671327 -0.200000 0.167873
v -0.669655 -0.200000 0.166416
v -0.668037 -0.200000 0.164899
v -0.666475 -0.200000 0.163319
v -0.664967 -0.200000 0.161678
v -0.663549 -0.200000 0.159961
v -0.662253 -0.200000 0.158155
v -0.661081 -0.200000 0.156260
v -0.660033 -0.200000 0.154276
v -0.659108 -0.200000 0.152203
v -0.658306 -0.200000 0.150041
v -0.657627 -0.200000 0.147790
v -0.657072 -0.200000 0.145450
v -0.656641 -0.200000 0.143020
v -0.656332 -0.200000 0.140502
v -0.656147 -0.200000 0.137894
v -0.656086 -0.200000 0.135197
v -0.656186 -0.200000 0.132175
v -0.656488 -0.200000 0.129249
v -0.656990 -0.200000 0.126419
v -0.657694 -0.200000 0.123684
v -0.658598 -0.200000 0.121046
v -0.659704 -0.200000 0.118503
v -0.661011 -0.200000 0.116057
v -0.662518 -0.200000 0.113706
v -0.664227 -0.200000 0.111451
v -0.666137 -0.200000 0.109293
v -0.668247 -0.200000 0.107230
v -0.670559 -0.200000 0.105263
v -0.673010 -0.200000 0.103388
v -0.675539 -0.200000 0.101599
v -0.678146 -0.200000 0.099897
v -0.680830 -0.200000 0.098282
v -0.683591 -0.200000 0.096754
v -0.686431 -0.200000 0.095312
v -0.689348 -0.200000 0.093958
v -0.692343 -0.200000 0.092690
v -0.695415 -0.200000 0.091509
v -0.698565 -0.200000 0.090415
v -0.701793 -0.200000 0.089407
v -0.705099 -0.200000 0.088487
v -0.709289 -0.200000 0.087395
v -0.713528 -0.200000 0.086312
v -0.717815 -0.200000 0.085238
v -0.722149 -0.200000 0.084174
v -0.726532 -0.200000 0.083119
v -0.730962 -0.200000 0.082072
v -0.735441 -0.200000 0.081035
v -0.739967 -0.200000 0.080007
v -0.744542 -0.200000 0.078988
v -0.749164 -0.200000 0.077979
v -0.753834 -0.200000 0.076978
v -0.758553 -0.200000 0.075987
v -0.763269 -0.200000 0.074982
v -0.767932 -0.200000 0.073940
v -0.772543 -0.200000 0.072862
v -0.777102 -0.200000 0.071747
v -0.781608 -0.200000 0.070596
v -0.786061 -0.200000 0.069408
v -0.790462 -0.200000 0.068183
v -0.794810 -0.200000 0.066922
v -0.799106 -0.200000 0.065625
v -0.803349 -0.200000 0.064291
v -0.807540 -0.200000 0.062920
v -0.811678 -0.200000 0.061513
v -0.820938 -0.200000 0.058073
v -0.829751 -0.200000 0.054441
v -0.838117 -0.200000 0.050617
v -0.846034 -0.200000 0.046601
v -0.853504 -0.200000 0.042393
v -0.860526 -0.200000 0.037993
v -0.867101 -0.200000 0.033402
v -0.873227 -0.200000 0.028618
v -0.878906 -0.200000 0.023643
v -0.884137 -0.200000 0.018476
v -0.888921 -0.200000 0.013117
v -0.893257 -0.200000 0.007566
v -0.897197 -0.200000 0.001800
v -0.900795 -0.200000 -0.004203
v -0.904050 -0.200000 -0.010444
v -0.906963 -0.200000 -0.016923
v -0.909533 -0.200000 -0.023639
v -0.911760 -0.200000 -0.030592
v -0.913644 -0.200000 -0.037783
v -0.915186 -0.200000 -0.045212
v -0.916386 -0.200000 -0.052878
v -0.917242 -0.200000 -0.060782
v -0.917756 -0.200000 -0.068924
v -0.917928 -0.200000 -0.077303
v -0.917523 -0.200000 -0.088579
v -0.916310 -0.200000 -0.099493
v -0.914289 -0.200000 -0.110043
v -0.911458 -0.200000 -0.120230
v -0.907819 -0.200000 -0.130054
v -0.903372 -0.200000 -0.139515
v -0.898115 -0.200000 -0.148612
v -0.892050 -0.200000 -0.157347
v -0.885177 -0.200000 -0.165718
v -0.877495 -0.200000 -0.173725
v -0.869004 -0.200000 -0.181370
v -0.859704 -0.200000 -0.188651
v -0.849799 -0.200000 -0.195455
v -0.839492 -0.200000 -0.201668
v -0.828783 -0.200000 -0.207288
v -0.817672 -0.200000 -0.212317
v -0.806159 -0.200000 -0.216755
v -0.794243 -0.200000 -0.220600
v -0.781926 -0.200000 -0.223854
v -0.769207 -0.200000 -0.226517
v -0.756086 -0.200000 -0.228588
v -0.742562 -0.200000 -0.230067
v -0.728637 -0.200000 -0.230954
v -0.714309 -0.200000 -0.231250
v -0.707021 -0.200000 -0.231188
v -0.699740 -0.200000 -0.231003
v -0.692465 -0.200000 -0.230695
v -0.685197 -0.200000 -0.230263
v -0.677937 -0.200000 -0.229708
v -0.670683 -0.200000 -0.229030
v -0.663435 -0.200000 -0.228228
v -0.656195 -0.200000 -0.227303
v -0.648962 -0.200000 -0.226254
v -0.641735 -0.200000 -0.225082
v -0.634516 -0.200000 -0.223787
v -0.627303 -0.200000 -0.222368
v -0.620156 -0.200000 -0.220845
v -0.613135 -0.200000 -0.219234
v -0.606240 -0.200000 -0.217537
v -0.599470 -0.200000 -0.215753
v -0.592826 -0.200000 -0.213882
v -0.586308 -0.200000 -0.211924
v -0.579915 -0.200000 -0.209880
v -0.573648 -0.200000 -0.207749
v -0.567506 -0.200000 -0.205530
v -0.561490 -0.200000 -0.203226
v -0.555600 -0.200000 -0.200834
v -0.549836 -0.200000 -0.198355
v -0.549836 -0.200000 -0.086513
v -0.560691 -0.200000 -0.086513
v -0.565325 -0.200000 -0.090355
v -0.570125 -0.200000 -0.094097
v -0.575093 -0.200000 -0.097739
v -0.580227 -0.200000 -0.101279
v -0.585528 -0.200000 -0.104720
v -0.590995 -0.200000 -0.108059
v -0.596630 -0.200000 -0.111298
v -0.602431 -0.200000 -0.114437
v -0.608398 -0.200000 -0.117475
v -0.614533 -0.200000 -0.120413
v -0.620835 -0.200000 -0.123250
v -0.627303 -0.200000 -0.125987
v -0.633869 -0.200000 -0.128561
v -0.640465 -0.200000 -0.130912
v -0.647091 -0.200000 -0.133039
v -0.653746 -0.200000 -0.134942
v -0.660432 -0.200000 -0.136621
v -0.667146 -0.200000 -0.138076
v -0.673891 -0.200000 -0.139307
v -0.680665 -0.200000 -0.140314
v -0.687469 -0.200000 -0.141098
v -0.694303 -0.200000 -0.141658
v -0.701166 -0.200000 -0.141993
v -0.708059 -0.200000 -0.142105
v -0.710723 -0.200000 -0.142089
v -0.713341 -0.200000 -0.142041
v -0.715913 -0.200000 -0.141961
v -0.718439 -0.200000 -0.141849
v -0.720920 -0.200000 -0.141706
v -0.723355 -0.200000 -0.141530
v -0.725745 -0.200000 -0.141322
v -0.728089 -0.200000 -0.141082
v -0.730387 -0.200000 -0.140810
v -0.732639 -0.200000 -0.140506
v -0.734846 -0.200000 -0.140170
v -0.737007 -0.200000 -0.139803
v -0.739154 -0.200000 -0.139389
v -0.741319 -0.200000 -0.138916
v -0.743503 -0.200000 -0.138384
v -0.745705 -0.200000 -0.137792
v -0.747926 -0.200000 -0.137141
v -0.750165 -0.200000 -0.136431
v -0.752421 -0.200000 -0.135661
v -0.754697 -0.200000 -0.134832
v -0.756990 -0.200000 -0.133943
v -0.759302 -0.200000 -0.132995
v -0.761632 -0.200000 -0.131988
v -0.763980 -0.200000 -0.130921
v -0.765877 -0.200000 -0.130009
v -0.767731 -0.200000 -0.129025
v -0.769542 -0.200000 -0.127971
v -0.771309 -0.200000 -0.126846
v -0.773032 -0.200000 -0.125650
v -0.774712 -0.200000 -0.124383
v -0.776349 -0.200000 -0.123046
v -0.777942 -0.200000 -0.121637
v -0.779492 -0.200000 -0.120158
v -0.780999 -0.200000 -0.118608
v -0.782462 -0.200000 -0.116988
v -0.783882 -0.200000 -0.115296
v -0.785221 -0.200000 -0.113552
v -0.786445 -0.200000 -0.111774
v -0.787551 -0.200000 -0.109961
v -0.788542 -0.200000 -0.108114
v -0.789415 -0.200000 -0.106233
v -0.790173 -0.200000 -0.104317
v -0.790814 -0.200000 -0.102368
v -0.791338 -0.200000 -0.100384
v -0.791746 -0.200000 -0.098366
v -0.792037 -0.200000 -0.096313
v -0.792212 -0.200000 -0.094226
v -0.792270 -0.200000 -0.092105
v -0.792177 -0.200000 -0.089034
v -0.791900 -0.200000 -0.086070
v -0.791437 -0.200000 -0.083213
v -0.790789 -0.200000 -0.080464
v -0.789957 -0.200000 -0.077822
v -0.788939 -0.200000 -0.075288
v -0.787736 -0.200000 -0.072861
v -0.786349 -0.200000 -0.070541
v -0.784776 -0.200000 -0.068329
v -0.783018 -0.200000 -0.066224
v -0.781075 -0.200000 -0.064226
v -0.778947 -0.200000 -0.062336
v -0.776555 -0.200000 -0.060514
v -0.773817 -0.200000 -0.058722
v -0.770734 -0.200000 -0.056959
v -0.767306 -0.200000 -0.055227
v -0.763534 -0.200000 -0.053524
v -0.759416 -0.200000 -0.051850
v -0.754954 -0.200000 -0.050207
v -0.750146 -0.200000 -0.048593
v -0.744994 -0.200000 -0.047009
v -0.739497 -0.200000 -0.045454
v -0.733654 -0.200000 -0.043929
v -0.727467 -0.200000 -0.042434
v -0.723368 -0.200000 -0.041505
v -0.719294 -0.200000 -0.040579
v -0.715245 -0.200000 -0.039659
v -0.711221 -0.200000 -0.038743
v -0.707222 -0.200000 -0.037831
v -0.703248 -0.200000 -0.036924
v -0.699300 -0.200000 -0.036022
v -0.695377 -0.200000 -0.035124
v -0.691478 -0.200000 -0.034231
v -0.687605 -0.200000 -0.033343
v -0.683757 -0.200000 -0.032458
v -0.679934 -0.200000 -0.031579
v -0.676102 -0.200000 -0.030674
v -0.672227 -0.200000 -0.029715
v -0.668308 -0.200000 -0.028701
v -0.664346 -0.200000 -0.027632
v -0.660340 -0.200000 -0.026508
v -0.656291 -0.200000 -0.025329
v -0.652199 -0.200000 -0.024095
v -0.648063 -0.200000 -0.022807
v -0.643884 -0.200000 -0.021464
v -0.639661 -0.200000 -0.020066
v -0.635395 -0.200000 -0.018613
v -0.631086 -0.200000 -0.017105
v -0.622769 -0.200000 -0.013947
v -0.614816 -0.200000 -0.010613
v -0.607227 -0.200000 -0.007103
v -0.600000 -0.200000 -0.003417
v -0.593137 -0.200000 0.000444
v -0.586636 -0.200000 0.004482
v -0.580500 -0.200000 0.008695
v -0.574726 -0.200000 0.013085
v -0.569315 -0.200000 0.017650
v -0.564268 -0.200000 0.022391
v -0.559584 -0.200000 0.027308
v -0.555263 -0.200000 0.032401
v -0.551296 -0.200000 0.037720
v -0.547675 -0.200000 0.043316
v -0.544398 -0.200000 0.049188
v -0.541466 -0.200000 0.055336
v -0.538879 -0.200000 0.061761
v -0.536637 -0.200000 0.068462
v -0.534739 -0.200000 0.075440
v -0.533187 -0.200000 0.082694
v -0.531980 -0.200000 0.090224
v -0.531118 -0.200000 0.098031
v -0.530600 -0.200000 0.106114
v -0.530428 -0.200000 0.114474
v -0.530826 -0.200000 0.126446
v -0.532022 -0.200000 0.138021
v -0.534015 -0.200000 0.149198
v -0.536806 -0.200000 0.159978
v -0.540393 -0.200000 0.170360
v -0.544778 -0.200000 0.180345
v -0.549960 -0.200000 0.189933
v -0.555939 -0.200000 0.199123
v -0.562716 -0.200000 0.207915
v -0.570290 -0.200000 0.216310
v -0.578661 -0.200000 0.224308
v -0.587829 -0.200000 0.231908
v -0.587829 0.200000 0.231908
v -0.597676 -0.200000 0.239001
v -0.597676 0.200000 0.239001
v -0.608082 -0.200000 0.245477
v -0.608082 0.200000 0.245477
v -0.619048 -0.200000 0.251336
v -0.619048 0.200000 0.251336
v -0.630574 -0.200000 0.256579
v -0.630574 0.200000 0.256579
v -0.642659 -0.200000 0.261205
v -0.642659 0.200000 0.261205
v -0.655304 -0.200000 0.265214
v -0.655304 0.200000 0.265214
v -0.668509 -0.200000 0.268606
v -0.668509 0.200000 0.268606
v -0.682273 -0.200000 0.271382
v -0.682273 0.200000 0.271382
v -0.696597 -0.200000 0.273540
v -0.696597 0.200000 0.273540
v -0.711481 -0.200000 0.275082
v -0.711481 0.200000 0.275082
v -0.726925 -0.200000 0.276007
v -0.726925 0.200000 0.276007
v -0.742928 -0.200000 0.276316
v -0.742928 0.200000 0.276316
v -0.752208 -0.200000 0.276240
v -0.752208 0.200000 0.276240
v -0.761298 -0.200000 0.276014
v -0.761298 0.200000 0.276014
v -0.770199 -0.200000 0.275637
v -0.770199 0.200000 0.275637
v -0.778911 -0.200000 0.275110
v -0.778911 0.200000 0.275110
v -0.787433 -0.200000 0.274431
v -0.787433 0.200000 0.274431
v -0.795765 -0.200000 0.273602
v -0.795765 0.200000 0.273602
v -0.803907 -0.200000 0.272622
v -0.803907 0.200000 0.272622
v -0.811860 -0.200000 0.271491
v -0.811860 0.200000 0.271491
v -0.819624 -0.200000 0.270210
v -0.819624 0.200000 0.270210
v -0.827198 -0.200000 0.268777
v -0.827198 0.200000 0.268777
v -0.834582 -0.200000 0.267194
v -0.834582 0.200000 0.267194
v -0.841776 -0.200000 0.265460
v -0.841776 0.200000 0.265460
v -0.848834 -0.200000 0.263615
v -0.848834 0.200000 0.263615
v -0.855807 -0.200000 0.261696
v -0.855807 0.200000 0.261696
v -0.862695 -0.200000 0.259704
v -0.862695 0.200000 0.259704
v -0.869499 -0.200000 0.257639
v -0.869499 0.200000 0.257639
v -0.876219 -0.200000 0.255501
v -0.876219 0.200000 0.255501
v -0.882854 -0.200000 0.253289
v -0.882854 0.200000 0.253289
v -0.889404 -0.200000 0.251005
v -0.889404 0.200000 0.251005
v -0.895870 -0.200000 0.248648
v -0.895870 0.200000 0.248648
v -0.902251 -0.200000 0.246217
v -0.902251 0.200000 0.246217
v -0.908548 -0.200000 0.243713
v -0.908548 0.200000 0.243713
v -0.914760 -0.200000 0.241137
v -0.914760 0.200000 0.241137
v -0.920888 -0.200000 0.238487
v -0.920888 0.200000 0.238487
v -0.920888 -0.200000 0.122039
v -0.920888 0.200000 0.122039
v -0.909704 -0.200000 0.122039
v -0.909704 0.200000 0.122039
v -0.903511 -0.200000 0.127147
v -0.903511 0.200000 0.127147
v -0.897213 -0.200000 0.132054
v -0.897213 0.200000 0.132054
v -0.890810 -0.200000 0.136760
v -0.890810 0.200000 0.136760
v -0.884302 -0.200000 0.141265
v -0.884302 0.200000 0.141265
v -0.877689 -0.200000 0.145568
v -0.877689 0.200000 0.145568
v -0.870971 -0.200000 0.149671
v -0.870971 0.200000 0.149671
v -0.864147 -0.200000 0.153573
v -0.864147 0.200000 0.153573
v -0.857219 -0.200000 0.157273
v -0.857219 0.200000 0.157273
v -0.850185 -0.200000 0.160773
v -0.850185 0.200000 0.160773
v -0.843047 -0.200000 0.164072
v -0.843047 0.200000 0.164072
v -0.835803 -0.200000 0.167169
v -0.835803 0.200000 0.167169
v -0.828454 -0.200000 0.170066
v -0.828454 0.200000 0.170066
v -0.821071 -0.200000 0.172745
v -0.821071 0.200000 0.172745
v -0.813724 -0.200000 0.175192
v -0.813724 0.200000 0.175192
v -0.806414 -0.200000 0.177405
v -0.806414 0.200000 0.177405
v -0.799141 -0.200000 0.179386
v -0.799141 0.200000 0.179386
v -0.791904 -0.200000 0.181133
v -0.791904 0.200000 0.181133
v -0.784704 -0.200000 0.182648
v -0.784704 0.200000 0.182648
v -0.777540 -0.200000 0.183930
v -0.777540 0.200000 0.183930
v -0.770413 -0.200000 0.184978
v -0.770413 0.200000 0.184978
v -0.763322 -0.200000 0.185794
v -0.763322 0.200000 0.185794
v -0.756268 -0.200000 0.186376
v -0.756268 0.200000 0.186376
v -0.749251 -0.200000 0.186726
v -0.749251 0.200000 0.186726
v -0.742270 -0.200000 0.186842
v -0.742270 0.200000 0.186842
v -0.740469 -0.200000 0.186826
v -0.740469 0.200000 0.186826
v -0.738574 -0.200000 0.186778
v -0.738574 0.200000 0.186778
v -0.736585 -0.200000 0.186698
v -0.736585 0.200000 0.186698
v -0.734503 -0.200000 0.186586
v -0.734503 0.200000 0.186586
v -0.732327 -0.200000 0.186442
v -0.732327 0.200000 0.186442
v -0.730058 -0.200000 0.186266
v -0.730058 0.200000 0.186266
v -0.727694 -0.200000 0.186059
v -0.727694 0.200000 0.186059
v -0.725238 -0.200000 0.185819
v -0.725238 0.200000 0.185819
v -0.722687 -0.200000 0.185547
v -0.722687 0.200000 0.185547
v -0.720043 -0.200000 0.185243
v -0.720043 0.200000 0.185243
v -0.717305 -0.200000 0.184907
v -0.717305 0.200000 0.184907
v -0.714474 -0.200000 0.184539
v -0.714474 0.200000 0.184539
v -0.711642 -0.200000 0.184137
v -0.711642 0.200000 0.184137
v -0.708904 -0.200000 0.183699
v -0.708904 0.200000 0.183699
v -0.706260 -0.200000 0.183224
v -0.706260 0.200000 0.183224
v -0.703710 -0.200000 0.182712
v -0.703710 0.200000 0.182712
v -0.701253 -0.200000 0.182164
v -0.701253 0.200000 0.182164
v -0.698890 -0.200000 0.181579
v -0.698890 0.200000 0.181579
v -0.696620 -0.200000 0.180958
v -0.696620 0.200000 0.180958
v -0.694444 -0.200000 0.180300
v -0.694444 0.200000 0.180300
v -0.692362 -0.200000 0.179605
v -0.692362 0.200000 0.179605
v -0.690374 -0.200000 0.178874
v -0.690374 0.200000 0.178874
v -0.688479 -0.200000 0.178107
v -0.688479 0.200000 0.178107
v -0.686678 -0.200000 0.177303
v -0.686678 0.200000 0.177303
v -0.684567 -0.200000 0.176340
v -0.684567 0.200000 0.176340
v -0.682511 -0.200000 0.175315
v -0.682511 0.200000 0.175315
v -0.680510 -0.200000 0.174229
v -0.680510 0.200000 0.174229
v -0.678564 -0.200000 0.173081
v -0.678564 0.200000 0.173081
v -0.676672 -0.200000 0.171872
v -0.676672 0.200000 0.171872
v -0.674836 -0.200000 0.170600
v -0.674836 0.200000 0.170600
v -0.673054 -0.200000 0.169267
v -0.673054 0.200000 0.169267
v -0.671327 -0.200000 0.167873
v -0.671327 0.200000 0.167873
v -0.669655 -0.200000 0.166416
v -0.669655 0.200000 0.166416
v -0.668037 -0.200000 0.164899
v -0.668037 0.200000 0.164899
v -0.666475 -0.200000 0.163319
v -0.666475 0.200000 0.163319
v -0.664967 -0.200000 0.161678
v -0.664967 0.200000 0.161678
v -0.663549 -0.200000 0.159961
v -0.663549 0.200000 0.159961
v -0.662253 -0.200000 0.158155
v -0.662253 0.200000 0.158155
v -0.661081 -0.200000 0.156260
v -0.661081 0.200000 0.156260
v -0.660033 -0.200000 0.154276
v -0.660033 0.200000 0.154276
v -0.659108 -0.200000 0.152203
v -0.659108 0.200000 0.152203
v -0.658306 -0.200000 0.150041
v -0.658306 0.200000 0.150041
v -0.657627 -0.200000 0.147790
v -0.657627 0.200000 0.147790
v -0.657072 -0.200000 0.145450
v -0.657072 0.200000 0.145450
v -0.656641 -0.200000 0.143020
v -0.656641 0.200000 0.143020
v -0.656332 -0.200000 0.140502
v -0.656332 0.200000 0.140502
v -0.656147 -0.200000 0.137894
v -0.656147 0.200000 0.137894
v -0.656086 -0.200000 0.135197
v -0.656086 0.200000 0.135197
v -0.656186 -0.200000 0.132175
v -0.656186 0.200000 0.132175
v -0.656488 -0.200000 0.129249
v -0.656488 0.200000 0.129249
v -0.656990 -0.200000 0.126419
v -0.656990 0.200000 0.126419
v -0.657694 -0.200000 0.123684
v -0.657694 0.200000 0.123684
v -0.658598 -0.200000 0.121046
v -0.658598 0.200000 0.121046
v -0.659704 -0.200000 0.118503
v -0.659704 0.200000 0.118503
v -0.661011 -0.200000 0.116057
v -0.661011 0.200000 0.116057
v -0.662518 -0.200000 0.113706
v -0.662518 0.200000 0.113706
v -0.664227 -0.200000 0.111451
v -0.664227 0.200000 0.111451
v -0.666137 -0.200000 0.109293
v -0.666137 0.200000 0.109293
v -0.668247 -0.200000 0.107230
v -0.668247 0.200000 0.107230
v -0.670559 -0.200000 0.105263
v -0.670559 0.200000 0.105263
v -0.673010 -0.200000 0.103388
v -0.673010 0.200000 0.103388
v -0.675539 -0.200000 0.101599
v -0.675539 0.200000 0.101599
v -0.678146 -0.200000 0.099897
v -0.678146 0.200000 0.099897
v -0.680830 -0.200000 0.098282
v -0.680830 0.200000 0.098282
v -0.683591 -0.200000 0.096754
v -0.683591 0.200000 0.096754
v -0.686431 -0.200000 0.095312
v -0.686431 0.200000 0.095312
v -0.689348 -0.200000 0.093958
v -0.689348 0.200000 0.093958
v -0.692343 -0.200000 0.092690
v -0.692343 0.200000 0.092690
v -0.695415 -0.200000 0.091509
v -0.695415 0.200000 0.091509
v -0.698565 -0.200000 0.090415
v -0.698565 0.200000 0.090415
v -0.701793 -0.200000 0.089407
v -0.701793 0.200000 0.089407
v -0.705099 -0.200000 0.088487
v -0.705099 0.200000 0.088487
v -0.709289 -0.200000 0.087395
v -0.709289 0.200000 0.087395
v -0.713528 -0.200000 0.086312
v -0.713528 0.200000 0.086312
v -0.717815 -0.200000 0.085238
v -0.717815 0.200000 0.085238
v -0.722149 -0.200000 0.084174
v -0.722149 0.200000 0.084174
v -0.726532 -0.200000 0.083119
v -0.726532 0.200000 0.083119
v -0.730962 -0.200000 0.082072
v -0.730962 0.200000 0.082072
v -0.735441 -0.200000 0.081035
v -0.735441 0.200000 0.081035
v -0.739967 -0.200000 0.080007
v -0.739967 0.200000 0.080007
v -0.744542 -0.200000 0.078988
v -0.744542 0.200000 0.078988
v -0.749164 -0.200000 0.077979
v -0.749164 0.200000 0.077979
v -0.753834 -0.200000 0.076978
v -0.753834 0.200000 0.076978
v -0.758553 -0.200000 0.075987
v -0.758553 0.200000 0.075987
v -0.763269 -0.200000 0.074982
v -0.763269 0.200000 0.074982
v -0.767932 -0.200000 0.073940
v -0.767932 0.200000 0.073940
v -0.772543 -0.200000 0.072862
v -0.772543 0.200000 0.072862
v -0.777102 -0.200000 0.071747
v -0.777102 0.200000 0.071747
v -0.781608 -0.200000 0.070596
v -0.781608 0.200000 0.070596
v -0.786061 -0.200000 0.069408
v -0.786061 0.200000 0.069408
v -0.790462 -0.200000 0.068183
v -0.790462 0.200000 0.068183
v -0.794810 -0.200000 0.066922
v -0.794810 0.200000 0.066922
v -0.799106 -0.200000 0.065625
v -0.799106 0.200000 0.065625
v -0.803349 -0.200000 0.064291
v -0.803349 0.200000 0.064291
v -0.807540 -0.200000 0.062920
v -0.807540 0.200000 0.062920
v -0.811678 -0.200000 0.061513
v -0.811678 0.200000 0.061513
v -0.820938 -0.200000 0.058073
v -0.820938 0.200000 0.058073
v -0.829751 -0.200000 0.054441
v -0.829751 0.200000 0.054441
v -0.838117 -0.200000 0.050617
v -0.838117 0.200000 0.050617
v -0.846034 -0.200000 0.046601
v -0.846034 0.200000 0.046601
v -0.853504 -0.200000 0.042393
v -0.853504 0.200000 0.042393
v -0.860526 -0.200000 0.037993
v -0.860526 0.200000 0.037993
v -0.867101 -0.200000 0.033402
v -0.867101 0.200000 0.033402
v -0.873227 -0.200000 0.028618
v -0.873227 0.200000 0.028618
v -0.878906 -0.200000 0.023643
v -0.878906 0.200000 0.023643
v -0.884137 -0.200000 0.018476
v -0.884137 0.200000 0.018476
v -0.888921 -0.200000 0.013117
v -0.888921 0.200000 0.013117
v -0.893257 -0.200000 0.007566
v -0.893257 0.200000 0.007566
v -0.897197 -0.200000 0.001800
v -0.897197 0.200000 0.001800
v -0.900795 -0.200000 -0.004203
v -0.900795 0.200000 -0.004203
v -0.904050 -0.200000 -0.010444
v -0.904050 0.200000 -0.010444
v -0.906963 -0.200000 -0.016923
v -0.906963 0.200000 -0.016923
v -0.909533 -0.200000 -0.023639
v -0.909533 0.200000 -0.023639
v -0.911760 -0.200000 -0.030592
v -0.911760 0.200000 -0.030592
v -0.913644 -0.200000 -0.037783
v -0.913644 0.200000 -0.037783
v -0.915186 -0.200000 -0.045212
v -0.915186 0.200000 -0.045212
v -0.916386 -0.200000 -0.052878
v -0.916386 0.200000 -0.052878
v -0.917242 -0.200000 -0.060782
v -0.917242 0.200000 -0.060782
v -0.917756 -0.200000 -0.068924
v -0.917756 0.200000 -0.068924
v -0.917928 -0.200000 -0.077303
v -0.917928 0.200000 -0.077303
v -0.917523 -0.200000 -0.088579
v -0.917523 0.200000 -0.088579
v -0.916310 -0.200000 -0.099493
v -0.916310 0.200000 -0.099493
v -0.914289 -0.200000 -0.110043
v -0.914289 0.200000 -0.110043
v -0.911458 -0.200000 -0.120230
v -0.911458 0.200000 -0.120230
v -0.907819 -0.200000 -0.130054
v -0.907819 0.200000 -0.130054
v -0.903372 -0.200000 -0.139515
v -0.903372 0.200000 -0.139515
v -0.898115 -0.200000 -0.148612
v -0.898115 0.200000 -0.148612
v -0.892050 -0.200000 -0.157347
v -0.892050 0.200000 -0.157347
v -0.885177 -0.200000 -0.165718
v -0.885177 0.200000 -0.165718
v -0.877495 -0.200000 -0.173725
v -0.877495 0.200000 -0.173725
v -0.869004 -0.200000 -0.181370
v -0.869004 0.200000 -0.181370
v -0.859704 -0.200000 -0.188651
v -0.859704 0.200000 -0.188651
v -0.849799 -0.200000 -0.195455
v -0.849799 0.200000 -0.195455
v -0.839492 -0.200000 -0.201668
v -0.839492 0.200000 -0.201668
v -0.828783 -0.200000 -0.207288
v -0.828783 0.200000 -0.207288
v -0.817672 -0.200000 -0.212317
v -0.817672 0.200000 -0.212317
v -0.806159 -0.200000 -0.216755
v -0.806159 0.200000 -0.216755
v -0.794243 -0.200000 -0.220600
v -0.794243 0.200000 -0.220600
v -0.781926 -0.200000 -0.223854
v -0.781926 0.200000 -0.223854
v -0.769207 -0.200000 -0.226517
v -0.769207 0.200000 -0.226517
v -0.756086 -0.200000 -0.228588
v -0.756086 0.200000 -0.228588
v -0.742562 -0.200000 -0.230067
v -0.742562 0.200000 -0.230067
v -0.728637 -0.200000 -0.230954
v -0.728637 0.200000 -0.230954
v -0.714309 -0.200000 -0.231250
v -0.714309 0.200000 -0.231250
v -0.707021 -0.200000 -0.231188
v -0.707021 0.200000 -0.231188
v -0.699740 -0.200000 -0.231003
v -0.699740 0.200000 -0.231003
v -0.692465 -0.200000 -0.230695
v -0.692465 0.200000 -0.230695
v -0.685197 -0.200000 -0.230263
v -0.685197 0.200000 -0.230263
v -0.677937 -0.200000 -0.229708
v -0.677937 0.200000 -0.229708
v -0.670683 -0.200000 -0.229030
v -0.670683 0.200000 -0.229030
v -0.663435 -0.200000 -0.228228
v -0.663435 0.200000 -0.228228
v -0.656195 -0.200000 -0.227303
v -0.656195 0.200000 -0.227303
v -0.648962 -0.200000 -0.226254
v -0.648962 0.200000 -0.226254
v -0.641735 -0.200000 -0.225082
v -0.641735 0.200000 -0.225082
v -0.634516 -0.200000 -0.223787
v -0.634516 0.200000 -0.223787
v -0.627303 -0.200000 -0.222368
v -0.627303 0.200000 -0.222368
v -0.620156 -0.200000 -0.220845
v -0.620156 0.200000 -0.220845
v -0.613135 -0.200000 -0.219234
v -0.613135 0.200000 -0.219234
v -0.606240 -0.200000 -0.217537
v -0.606240 0.200000 -0.217537
v -0.599470 -0.200000 -0.215753
v -0.599470 0.200000 -0.215753
v -0.592826 -0.200000 -0.213882
v -0.592826 0.200000 -0.213882
v -0.586308 -0.200000 -0.211924
v -0.586308 0.200000 -0.211924
v -0.579915 -0.200000 -0.209880
v -0.579915 0.200000 -0.209880
v -0.573648 -0.200000 -0.207749
v -0.573648 0.200000 -0.207749
v -0.567506 -0.200000 -0.205530
v -0.567506 0.200000 -0.205530
v -0.561490 -0.200000 -0.203226
v -0.561490 0.200000 -0.203226
v -0.555600 -0.200000 -0.200834
v -0.555600 0.200000 -0.200834
v -0.549836 -0.200000 -0.198355
v -0.549836 0.200000 -0.198355
v -0.549836 -0.200000 -0.086513
v -0.549836 0.200000 -0.086513
v -0.560691 -0.200000 -0.086513
v -0.560691 0.200000 -0.086513
v -0.565325 -0.200000 -0.090355
v -0.565325 0.200000 -0.090355
v -0.570125 -0.200000 -0.094097
v -0.570125 0.200000 -0.094097
v -0.575093 -0.200000 -0.097739
v -0.575093 0.200000 -0.097739
v -0.580227 -0.200000 -0.101279
v -0.580227 0.200000 -0.101279
v -0.585528 -0.200000 -0.104720
v -0.585528 0.200000 -0.104720
v -0.590995 -0.200000 -0.108059
v -0.590995 0.200000 -0.108059
v -0.596630 -0.200000 -0.111298
v -0.596630 0.200000 -0.111298
v -0.602431 -0.200000 -0.114437
v -0.602431 0.200000 -0.114437
v -0.608398 -0.200000 -0.117475
v -0.608398 0.200000 -0.117475
v -0.614533 -0.200000 -0.120413
v -0.614533 0.200000 -0.120413
v -0.620835 -0.200000 -0.123250
v -0.620835 0.200000 -0.123250
v -0.627303 -0.200000 -0.125987
v -0.627303 0.200000 -0.125987
v -0.633869 -0.200000 -0.128561
v -0.633869 0.200000 -0.128561
v -0.640465 -0.200000 -0.130912
v -0.640465 0.200000 -0.130912
v -0.647091 -0.200000 -0.133039
v -0.647091 0.200000 -0.133039
v -0.653746 -0.200000 -0.134942
v -0.653746 0.200000 -0.134942
v -0.660432 -0.200000 -0.136621
v -0.660432 0.200000 -0.136621
v -0.667146 -0.200000 -0.138076
v -0.667146 0.200000 -0.138076
v -0.673891 -0.200000 -0.139307
v -0.673891 0.200000 -0.139307
v -0.680665 -0.200000 -0.140314
v -0.680665 0.200000 -0.140314
v -0.687469 -0.200000 -0.141098
v -0.687469 0.200000 -0.141098
v -0.694303 -0.200000 -0.141658
v -0.694303 0.200000 -0.141658
v -0.701166 -0.200000 -0.141993
v -0.701166 0.200000 -0.141993
v -0.708059 -0.200000 -0.142105
v -0.708059 0.200000 -0.142105
v -0.710723 -0.200000 -0.142089
v -0.710723 0.200000 -0.142089
v -0.713341 -0.200000 -0.142041
v -0.713341 0.200000 -0.142041
v -0.715913 -0.200000 -0.141961
v -0.715913 0.200000 -0.141961
v -0.718439 -0.200000 -0.141849
v -0.718439 0.200000 -0.141849
v -0.720920 -0.200000 -0.141706
v -0.720920 0.200000 -0.141706
v -0.723355 -0.200000 -0.141530
v -0.723355 0.200000 -0.141530
v -0.725745 -0.200000 -0.141322
v -0.725745 0.200000 -0.141322
v -0.728089 -0.200000 -0.141082
v -0.728089 0.200000 -0.141082
v -0.730387 -0.200000 -0.140810
v -0.730387 0.200000 -0.140810
v -0.732639 -0.200000 -0.140506
v -0.732639 0.200000 -0.140506
v -0.734846 -0.200000 -0.140170
v -0.734846 0.200000 -0.140170
v -0.737007 -0.200000 -0.139803
v -0.737007 0.200000 -0.139803
v -0.739154 -0.200000 -0.139389
v -0.739154 0.200000 -0.139389
v -0.741319 -0.200000 -0.138916
v -0.741319 0.200000 -0.138916
v -0.743503 -0.200000 -0.138384
v -0.743503 0.200000 -0.138384
v -0.745705 -0.200000 -0.137792
v -0.745705 0.200000 -0.137792
v -0.747926 -0.200000 -0.137141
v -0.747926 0.200000 -0.137141
v -0.750165 -0.200000 -0.136431
v -0.750165 0.200000 -0.136431
v -0.752421 -0.200000 -0.135661
v -0.752421 0.200000 -0.135661
v -0.754697 -0.200000 -0.134832
v -0.754697 0.200000 -0.134832
v -0.756990 -0.200000 -0.133943
v -0.756990 0.200000 -0.133943
v -0.759302 -0.200000 -0.132995
v -0.759302 0.200000 -0.132995
v -0.761632 -0.200000 -0.131988
v -0.761632 0.200000 -0.131988
v -0.763980 -0.200000 -0.130921
v -0.763980 0.200000 -0.130921
v -0.765877 -0.200000 -0.130009
v -0.765877 0.200000 -0.130009
v -0.767731 -0.200000 -0.129025
v -0.767731 0.200000 -0.129025
v -0.769542 -0.200000 -0.127971
v -0.769542 0.200000 -0.127971
v -0.771309 -0.200000 -0.126846
v -0.771309 0.200000 -0.126846
v -0.773032 -0.200000 -0.125650
v -0.773032 0.200000 -0.125650
v -0.774712 -0.200000 -0.124383
v -0.774712 0.200000 -0.124383
v -0.776349 -0.200000 -0.123046
v -0.776349 0.200000 -0.123046
v -0.777942 -0.200000 -0.121637
v -0.777942 0.200000 -0.121637
v -0.779492 -0.200000 -0.120158
v -0.779492 0.200000 -0.120158
v -0.780999 -0.200000 -0.118608
v -0.780999 0.200000 -0.118608
v -0.782462 -0.200000 -0.116988
v -0.782462 0.200000 -0.116988
v -0.783882 -0.200000 -0.115296
v -0.783882 0.200000 -0.115296
v -0.785221 -0.200000 -0.113552
v -0.785221 0.200000 -0.113552
v -0.786445 -0.200000 -0.111774
v -0.786445 0.200000 -0.111774
v -0.787551 -0.200000 -0.109961
v -0.787551 0.200000 -0.109961
v -0.788542 -0.200000 -0.108114
v -0.788542 0.200000 -0.108114
v -0.789415 -0.200000 -0.106233
v -0.789415 0.200000 -0.106233
v -0.790173 -0.200000 -0.104317
v -0.790173 0.200000 -0.104317
v -0.790814 -0.200000 -0.102368
v -0.790814 0.200000 -0.102368
v -0.791338 -0.200000 -0.100384
v -0.791338 0.200000 -0.100384
v -0.791746 -0.200000 -0.098366
v -0.791746 0.200000 -0.098366
v -0.792037 -0.200000 -0.096313
v -0.792037 0.200000 -0.096313
v -0.792212 -0.200000 -0.094226
v -0.792212 0.200000 -0.094226
v -0.792270 -0.200000 -0.092105
v -0.792270 0.200000 -0.092105
v -0.792177 -0.200000 -0.089034
v -0.792177 0.200000 -0.089034
v -0.791900 -0.200000 -0.086070
v -0.791900 0.200000 -0.086070
v -0.791437 -0.200000 -0.083213
v -0.791437 0.200000 -0.083213
v -0.790789 -0.200000 -0.080464
v -0.790789 0.200000 -0.080464
v -0.789957 -0.200000 -0.077822
v -0.789957 0.200000 -0.077822
v -0.788939 -0.200000 -0.075288
v -0.788939 0.200000 -0.075288
v -0.787736 -0.200000 -0.072861
v -0.787736 0.200000 -0.072861
v -0.786349 -0.200000 -0.070541
v -0.786349 0.200000 -0.070541
v -0.784776 -0.200000 -0.068329
v -0.784776 0.200000 -0.068329
v -0.783018 -0.200000 -0.066224
v -0.783018 0.200000 -0.066224
v -0.781075 -0.200000 -0.064226
v -0.781075 0.200000 -0.064226
v -0.778947 -0.200000 -0.062336
v -0.778947 0.200000 -0.062336
v -0.776555 -0.200000 -0.060514
v -0.776555 0.200000 -0.060514
v -0.773817 -0.200000 -0.058722
v -0.773817 0.200000 -0.058722
v -0.770734 -0.200000 -0.056959
v -0.770734 0.200000 -0.056959
v -0.767306 -0.200000 -0.055227
v -0.767306 0.200000 -0.055227
v -0.763534 -0.200000 -0.053524
v -0.763534 0.200000 -0.053524
v -0.759416 -0.200000 -0.051850
v -0.759416 0.200000 -0.051850
v -0.754954 -0.200000 -0.050207
v -0.754954 0.200000 -0.050207
v -0.750146 -0.200000 -0.048593
v -0.750146 0.200000 -0.048593
v -0.744994 -0.200000 -0.047009
v -0.744994 0.200000 -0.047009
v -0.739497 -0.200000 -0.045454
v -0.739497 0.200000 -0.045454
v -0.733654 -0.200000 -0.043929
v -0.733654 0.200000 -0.043929
v -0.727467 -0.200000 -0.042434
v -0.727467 0.200000 -0.042434
v -0.723368 -0.200000 -0.041505
v -0.723368 0.200000 -0.041505
v -0.719294 -0.200000 -0.040579
v -0.719294 0.200000 -0.040579
v -0.715245 -0.200000 -0.039659
v -0.715245 0.200000 -0.039659
v -0.711221 -0.200000 -0.038743
v -0.711221 0.200000 -0.038743
v -0.707222 -0.200000 -0.037831
v -0.707222 0.200000 -0.037831
v -0.703248 -0.200000 -0.036924
v -0.703248 0.200000 -0.036924
v -0.699300 -0.200000 -0.036022
v -0.699300 0.200000 -0.036022
v -0.695377 -0.200000 -0.035124
v -0.695377 0.200000 -0.035124
v -0.691478 -0.200000 -0.034231
v -0.691478 0.200000 -0.034231
v -0.687605 -0.200000 -0.033343
v -0.687605 0.200000 -0.033343
v -0.683757 -0.200000 -0.032458
v -0.683757 0.200000 -0.032458
v -0.679934 -0.200000 -0.031579
v -0.679934 0.200000 -0.031579
v -0.676102 -0.200000 -0.030674
v -0.676102 0.200000 -0.030674
v -0.672227 -0.200000 -0.029715
v -0.672227 0.200000 -0.029715
v -0.668308 -0.200000 -0.028701
v -0.668308 0.200000 -0.028701
v -0.664346 -0.200000 -0.027632
v -0.664346 0.200000 -0.027632
v -0.660340 -0.200000 -0.026508
v -0.660340 0.200000 -0.026508
v -0.656291 -0.200000 -0.025329
v -0.656291 0.200000 -0.025329
v -0.652199 -0.200000 -0.024095
v -0.652199 0.200000 -0.024095
v -0.648063 -0.200000 -0.022807
v -0.648063 0.200000 -0.022807
v -0.643884 -0.200000 -0.021464
v -0.643884 0.200000 -0.021464
v -0.639661 -0.200000 -0.020066
v -0.639661 0.200000 -0.020066
v -0.635395 -0.200000 -0.018613
v -0.635395 0.200000 -0.018613
v -0.631086 -0.200000 -0.017105
v -0.631086 0.200000 -0.017105
v -0.622769 -0.200000 -0.013947
v -0.622769 0.200000 -0.013947
v -0.614816 -0.200000 -0.010613
v -0.614816 0.200000 -0.010613
v -0.607227 -0.200000 -0.007103
v -0.607227 0.200000 -0.007103
v -0.600000 -0.200000 -0.003417
v -0.600000 0.200000 -0.003417
v -0.593137 -0.200000 0.000444
v -0.593137 0.200000 0.000444
v -0.586636 -0.200000 0.004482
v -0.586636 0.200000 0.004482
v -0.580500 -0.200000 0.008695
v -0.580500 0.200000 0.008695
v -0.574726 -0.200000 0.013085
v -0.574726 0.200000 0.013085
v -0.569315 -0.200000 0.017650
v -0.569315 0.200000 0.017650
v -0.564268 -0.200000 0.022391
v -0.564268 0.200000 0.022391
v -0.559584 -0.200000 0.027308
v -0.559584 0.200000 0.027308
v -0.555263 -0.200000 0.032401
v -0.555263 0.200000 0.032401
v -0.551296 -0.200000 0.037720
v -0.551296 0.200000 0.037720
v -0.547675 -0.200000 0.043316
v -0.547675 0.200000 0.043316
v -0.544398 -0.200000 0.049188
v -0.544398 0.200000 0.049188
v -0.541466 -0.200000 0.055336
v -0.541466 0.200000 0.055336
v -0.538879 -0.200000 0.061761
v -0.538879 0.200000 0.061761
v -0.536637 -0.200000 0.068462
v -0.536637 0.200000 0.068462
v -0.534739 -0.200000 0.075440
v -0.534739 0.200000 0.075440
v -0.533187 -0.200000 0.082694
v -0.533187 0.200000 0.082694
v -0.531980 -0.200000 0.090224
v -0.531980 0.200000 0.090224
v -0.531118 -0.200000 0.098031
v -0.531118 0.200000 0.098031
v -0.530600 -0.200000 0.106114
v -0.530600 0.200000 0.106114
v -0.530428 -0.200000 0.114474
v -0.530428 0.200000 0.114474
v -0.530826 -0.200000 0.126446
v -0.530826 0.200000 0.126446
v -0.532022 -0.200000 0.138021
v -0.532022 0.200000 0.138021
v -0.534015 -0.200000 0.149198
v -0.534015 0.200000 0.149198
v -0.536806 -0.200000 0.159978
v -0.536806 0.200000 0.159978
v -0.540393 -0.200000 0.170360
v -0.540393 0.200000 0.170360
v -0.544778 -0.200000 0.180345
v -0.544778 0.200000 0.180345
v -0.549960 -0.200000 0.189933
v -0.549960 0.200000 0.189933
v -0.555939 -0.200000 0.199123
v -0.555939 0.200000 0.199123
v -0.562716 -0.200000 0.207915
v -0.562716 0.200000 0.207915
v -0.570290 -0.200000 0.216310
v -0.570290 0.200000 0.216310
v -0.578661 -0.200000 0.224308
v -0.578661 0.200000 0.224308
v -0.254276 -0.200000 0.274835
v -0.254276 0.200000 0.274835
v -0.256781 -0.200000 0.275230
v -0.256781 0.200000 0.275230
v -0.259416 -0.200000 0.275589
v -0.259416 0.200000 0.275589
v -0.262181 -0.200000 0.275915
v -0.262181 0.200000 0.275915
v -0.265077 -0.200000 0.276206
v -0.265077 0.200000 0.276206
v -0.268102 -0.200000 0.276463
v -0.268102 0.200000 0.276463
v -0.271258 -0.200000 0.276686
v -0.271258 0.200000 0.276686
v -0.274544 -0.200000 0.276874
v -0.274544 0.200000 0.276874
v -0.277961 -0.200000 0.277028
v -0.277961 0.200000 0.277028
v -0.281507 -0.200000 0.277148
v -0.281507 0.200000 0.277148
v -0.285184 -0.200000 0.277234
v -0.285184 0.200000 0.277234
v -0.288991 -0.200000 0.277285
v -0.288991 0.200000 0.277285
v -0.292928 -0.200000 0.277303
v -0.292928 0.200000 0.277303
v -0.300495 -0.200000 0.277223
v -0.300495 0.200000 0.277223
v -0.307954 -0.200000 0.276983
v -0.307954 0.200000 0.276983
v -0.315306 -0.200000 0.276583
v -0.315306 0.200000 0.276583
v -0.322551 -0.200000 0.276023
v -0.322551 0.200000 0.276023
v -0.329689 -0.200000 0.275304
v -0.329689 0.200000 0.275304
v -0.336719 -0.200000 0.274424
v -0.336719 0.200000 0.274424
v -0.343641 -0.200000 0.273385
v -0.343641 0.200000 0.273385
v -0.350457 -0.200000 0.272186
v -0.350457 0.200000 0.272186
v -0.357165 -0.200000 0.270826
v -0.357165 0.200000 0.270826
v -0.363766 -0.200000 0.269307
v -0.363766 0.200000 0.269307
v -0.370259 -0.200000 0.267628
v -0.370259 0.200000 0.267628
v -0.376645 -0.200000 0.265789
v -0.376645 0.200000 0.265789
v -0.382907 -0.200000 0.263784
v -0.382907 0.200000 0.263784
v -0.389031 -0.200000 0.261605
v -0.389031 0.200000 0.261605
v -0.395014 -0.200000 0.259252
v -0.395014 0.200000 0.259252
v -0.400859 -0.200000 0.256725
v -0.400859 0.200000 0.256725
v -0.406564 -0.200000 0.254025
v -0.406564 0.200000 0.254025
v -0.412130 -0.200000 0.251151
v -0.412130 0.200000 0.251151
v -0.417556 -0.200000 0.248104
v -0.417556 0.200000 0.248104
v -0.422844 -0.200000 0.244883
v -0.422844 0.200000 0.244883
v -0.427991 -0.200000 0.241488
v -0.427991 0.200000 0.241488
v -0.433000 -0.200000 0.237920
v -0.433000 0.200000 0.237920
v -0.437869 -0.200000 0.234179
v -0.437869 0.200000 0.234179
v -0.442599 -0.200000 0.230263
v -0.442599 0.200000 0.230263
v -0.447119 -0.200000 0.226175
v -0.447119 0.200000 0.226175
v -0.451471 -0.200000 0.221916
v -0.451471 0.200000 0.221916
v -0.455654 -0.200000 0.217486
v -0.455654 0.200000 0.217486
v -0.459667 -0.200000 0.212884
v -0.459667 0.200000 0.212884
v -0.463512 -0.200000 0.208111
v -0.463512 0.200000 0.208111
v -0.467188 -0.200000 0.203166
v -0.467188 0.200000 0.203166
v -0.470694 -0.200000 0.198050
v -0.470694 0.200000 0.198050
v -0.474031 -0.200000 0.192763
v -0.474031 0.200000 0.192763
v -0.477200 -0.200000 0.187305
v -0.477200 0.200000 0.187305
v -0.480199 -0.200000 0.181675
v -0.480199 0.200000 0.181675
v -0.483030 -0.200000 0.175874
v -0.483030 0.200000 0.175874
v -0.485691 -0.200000 0.169901
v -0.485691 0.200000 0.169901
v -0.488160 -0.200000 0.163753
v -0.488160 0.200000 0.163753
v -0.490415 -0.200000 0.157424
v -0.490415 0.200000 0.157424
v -0.492455 -0.200000 0.150915
v -0.492455 0.200000 0.150915
v -0.494280 -0.200000 0.144225
v -0.494280 0.200000 0.144225
v -0.495890 -0.200000 0.137355
v -0.495890 0.200000 0.137355
v -0.497286 -0.200000 0.130304
v -0.497286 0.200000 0.130304
v -0.498467 -0.200000 0.123073
v -0.498467 0.200000 0.123073
v -0.499434 -0.200000 0.115662
v -0.499434 0.200000 0.115662
v -0.500185 -0.200000 0.108069
v -0.500185 0.200000 0.108069
v -0.500722 -0.200000 0.100297
v -0.500722 0.200000 0.100297
v -0.501044 -0.200000 0.092344
v -0.501044 0.200000 0.092344
v -0.501151 -0.200000 0.084210
v -0.501151 0.200000 0.084210
v -0.501035 -0.200000 0.075493
v -0.501035 0.200000 0.075493
v -0.500685 -0.200000 0.066996
v -0.500685 0.200000 0.066996
v -0.500103 -0.200000 0.058717
v -0.500103 0.200000 0.058717
v -0.499287 -0.200000 0.050658
v -0.499287 0.200000 0.050658
v -0.498239 -0.200000 0.042818
v -0.498239 0.200000 0.042818
v -0.496957 -0.200000 0.035197
v -0.496957 0.200000 0.035197
v -0.495443 -0.200000 0.027796
v -0.495443 0.200000 0.027796
v -0.493695 -0.200000 0.020614
v -0.493695 0.200000 0.020614
v -0.491715 -0.200000 0.013651
v -0.491715 0.200000 0.013651
v -0.489501 -0.200000 0.006908
v -0.489501 0.200000 0.006908
v -0.487055 -0.200000 0.000384
v -0.487055 0.200000 0.000384
v -0.484375 -0.200000 -0.005921
v -0.484375 0.200000 -0.005921
v -0.481497 -0.200000 -0.012025
v -0.481497 0.200000 -0.012025
v -0.478454 -0.200000 -0.017946
v -0.478454 0.200000 -0.017946
v -0.475247 -0.200000 -0.023684
v -0.475247 0.200000 -0.023684
v -0.471875 -0.200000 -0.029240
v -0.471875 0.200000 -0.029240
v -0.468339 -0.200000 -0.034613
v -0.468339 0.200000 -0.034613
v -0.464638 -0.200000 -0.039803
v -0.464638 0.200000 -0.039803
v -0.460773 -0.200000 -0.044810
v -0.460773 0.200000 -0.044810
v -0.456743 -0.200000 -0.049635
v -0.456743 0.200000 -0.049635
v -0.452549 -0.200000 -0.054276
v -0.452549 0.200000 -0.054276
v -0.448191 -0.200000 -0.058735
v -0.448191 0.200000 -0.058735
v -0.443668 -0.200000 -0.063012
v -0.443668 0.200000 -0.063012
v -0.438980 -0.200000 -0.067105
v -0.438980 0.200000 -0.067105
v -0.434308 -0.200000 -0.070860
v -0.434308 0.200000 -0.070860
v -0.429500 -0.200000 -0.074447
v -0.429500 0.200000 -0.074447
v -0.424558 -0.200000 -0.077868
v -0.424558 0.200000 -0.077868
v -0.419481 -0.200000 -0.081122
v -0.419481 0.200000 -0.081122
v -0.414269 -0.200000 -0.084209
v -0.414269 0.200000 -0.084209
v -0.408923 -0.200000 -0.087130
v -0.408923 0.200000 -0.087130
v -0.403441 -0.200000 -0.089884
v -0.403441 0.200000 -0.089884
v -0.397825 -0.200000 -0.092471
v -0.397825 0.200000 -0.092471
v -0.392074 -0.200000 -0.094891
v -0.392074 0.200000 -0.094891
v -0.386189 -0.200000 -0.097145
v -0.386189 0.200000 -0.097145
v -0.380168 -0.200000 -0.099231
v -0.380168 0.200000 -0.099231
v -0.374013 -0.200000 -0.101151
v -0.374013 0.200000 -0.101151
v -0.367769 -0.200000 -0.102911
v -0.367769 0.200000 -0.102911
v -0.361481 -0.200000 -0.104519
v -0.361481 0.200000 -0.104519
v -0.355150 -0.200000 -0.105973
v -0.355150 0.200000 -0.105973
v -0.348776 -0.200000 -0.107273
v -0.348776 0.200000 -0.107273
v -0.342358 -0.200000 -0.108421
v -0.342358 0.200000 -0.108421
v -0.335896 -0.200000 -0.109416
v -0.335896 0.200000 -0.109416
v -0.329392 -0.200000 -0.110258
v -0.329392 0.200000 -0.110258
v -0.322844 -0.200000 -0.110947
v -0.322844 0.200000 -0.110947
v -0.316252 -0.200000 -0.111482
v -0.316252 0.200000 -0.111482
v -0.309617 -0.200000 -0.111865
v -0.309617 0.200000 -0.111865
v -0.302939 -0.200000 -0.112095
v -0.302939 0.200000 -0.112095
v -0.296217 -0.200000 -0.112171
v -0.296217 0.200000 -0.112171
v -0.291118 -0.200000 -0.112122
v -0.291118 0.200000 -0.112122
v -0.286020 -0.200000 -0.111975
v -0.286020 0.200000 -0.111975
v -0.280921 -0.200000 -0.111729
v -0.280921 0.200000 -0.111729
v -0.275822 -0.200000 -0.111385
v -0.275822 0.200000 -0.111385
v -0.270724 -0.200000 -0.110943
v -0.270724 0.200000 -0.110943
v -0.265625 -0.200000 -0.110403
v -0.265625 0.200000 -0.110403
v -0.260526 -0.200000 -0.109765
v -0.260526 0.200000 -0.109765
v -0.255428 -0.200000 -0.109028
v -0.255428 0.200000 -0.109028
v -0.250329 -0.200000 -0.108193
v -0.250329 0.200000 -0.108193
v -0.245230 -0.200000 -0.107260
v -0.245230 0.200000 -0.107260
v -0.240131 -0.200000 -0.106228
v -0.240131 0.200000 -0.106228
v -0.235033 -0.200000 -0.105099
v -0.235033 0.200000 -0.105099
v -0.229932 -0.200000 -0.103862
v -0.229932 0.200000 -0.103862
v -0.224826 -0.200000 -0.102508
v -0.224826 0.200000 -0.102508
v -0.219716 -0.200000 -0.101038
v -0.219716 0.200000 -0.101038
v -0.214602 -0.200000 -0.099452
v -0.214602 0.200000 -0.099452
v -0.209482 -0.200000 -0.097749
v -0.209482 0.200000 -0.097749
v -0.204359 -0.200000 -0.095929
v -0.204359 0.200000 -0.095929
v -0.199230 -0.200000 -0.093993
v -0.199230 0.200000 -0.093993
v -0.194097 -0.200000 -0.091941
v -0.194097 0.200000 -0.091941
v -0.188960 -0.200000 -0.089772
v -0.188960 0.200000 -0.089772
v -0.183818 -0.200000 -0.087486
v -0.183818 0.200000 -0.087486
v -0.178671 -0.200000 -0.085084
v -0.178671 0.200000 -0.085084
v -0.173520 -0.200000 -0.082566
v -0.173520 0.200000 -0.082566
v -0.173520 -0.200000 0.016118
v -0.173520 0.200000 0.016118
v -0.188322 -0.200000 0.016118
v -0.188322 0.200000 0.016118
v -0.189495 -0.200000 0.015013
v -0.189495 0.200000 0.015013
v -0.190712 -0.200000 0.013889
v -0.190712 0.200000 0.013889
v -0.191972 -0.200000 0.012747
v -0.191972 0.200000 0.012747
v -0.193275 -0.200000 0.011586
v -0.193275 0.200000 0.011586
v -0.194621 -0.200000 0.010407
v -0.194621 0.200000 0.010407
v -0.196012 -0.200000 0.009210
v -0.196012 0.200000 0.009210
v -0.197445 -0.200000 0.007995
v -0.197445 0.200000 0.007995
v -0.198922 -0.200000 0.006762
v -0.198922 0.200000 0.006762
v -0.200442 -0.200000 0.005510
v -0.200442 0.200000 0.005510
v -0.202006 -0.200000 0.004240
v -0.202006 0.200000 0.004240
v -0.203613 -0.200000 0.002951
v -0.203613 0.200000 0.002951
v -0.205263 -0.200000 0.001645
v -0.205263 0.200000 0.001645
v -0.206948 -0.200000 0.000338
v -0.206948 0.200000 0.000338
v -0.208658 -0.200000 -0.000950
v -0.208658 0.200000 -0.000950
v -0.210393 -0.200000 -0.002220
v -0.210393 0.200000 -0.002220
v -0.212153 -0.200000 -0.003472
v -0.212153 0.200000 -0.003472
v -0.213938 -0.200000 -0.004706
v -0.213938 0.200000 -0.004706
v -0.215748 -0.200000 -0.005921
v -0.215748 0.200000 -0.005921
v -0.217584 -0.200000 -0.007118
v -0.217584 0.200000 -0.007118
v -0.219444 -0.200000 -0.008297
v -0.219444 0.200000 -0.008297
v -0.221330 -0.200000 -0.009457
v -0.221330 0.200000 -0.009457
v -0.223241 -0.200000 -0.010599
v -0.223241 0.200000 -0.010599
v -0.225177 -0.200000 -0.011723
v -0.225177 0.200000 -0.011723
v -0.227138 -0.200000 -0.012829
v -0.227138 0.200000 -0.012829
v -0.229244 -0.200000 -0.013965
v -0.229244 0.200000 -0.013965
v -0.231396 -0.200000 -0.015072
v -0.231396 0.200000 -0.015072
v -0.233594 -0.200000 -0.016149
v -0.233594 0.200000 -0.016149
v -0.235837 -0.200000 -0.017197
v -0.235837 0.200000 -0.017197
v -0.238126 -0.200000 -0.018214
v -0.238126 0.200000 -0.018214
v -0.240461 -0.200000 -0.019202
v -0.240461 0.200000 -0.019202
v -0.242841 -0.200000 -0.020161
v -0.242841 0.200000 -0.020161
v -0.245267 -0.200000 -0.021089
v -0.245267 0.200000 -0.021089
v -0.247738 -0.200000 -0.021988
v -0.247738 0.200000 -0.021988
v -0.250256 -0.200000 -0.022857
v -0.250256 0.200000 -0.022857
v -0.252819 -0.200000 -0.023697
v -0.252819 0.200000 -0.023697
v -0.255428 -0.200000 -0.024507
v -0.255428 0.200000 -0.024507
v -0.258084 -0.200000 -0.025268
v -0.258084 0.200000 -0.025268
v -0.260791 -0.200000 -0.025964
v -0.260791 0.200000 -0.025964
v -0.263549 -0.200000 -0.026593
v -0.263549 0.200000 -0.026593
v -0.266356 -0.200000 -0.027156
v -0.266356 0.200000 -0.027156
v -0.269214 -0.200000 -0.027653
v -0.269214 0.200000 -0.027653
v -0.272122 -0.200000 -0.028084
v -0.272122 0.200000 -0.028084
v -0.275080 -0.200000 -0.028448
v -0.275080 0.200000 -0.028448
v -0.278088 -0.200000 -0.028746
v -0.278088 0.200000 -0.028746
v -0.281147 -0.200000 -0.028978
v -0.281147 0.200000 -0.028978
v -0.284256 -0.200000 -0.029144
v -0.284256 0.200000 -0.029144
v -0.287416 -0.200000 -0.029243
v -0.287416 0.200000 -0.029243
v -0.290625 -0.200000 -0.029276
v -0.290625 0.200000 -0.029276
v -0.297833 -0.200000 -0.029063
v -0.297833 0.200000 -0.029063
v -0.304765 -0.200000 -0.028422
v -0.304765 0.200000 -0.028422
v -0.311421 -0.200000 -0.027354
v -0.311421 0.200000 -0.027354
v -0.317800 -0.200000 -0.025859
v -0.317800 0.200000 -0.025859
v -0.323902 -0.200000 -0.023937
v -0.323902 0.200000 -0.023937
v -0.329729 -0.200000 -0.021587
v -0.329729 0.200000 -0.021587
v -0.335279 -0.200000 -0.018811
v -0.335279 0.200000 -0.018811
v -0.340552 -0.200000 -0.015607
v -0.340552 0.200000 -0.015607
v -0.345549 -0.200000 -0.011976
v -0.345549 0.200000 -0.011976
v -0.350270 -0.200000 -0.007918
v -0.350270 0.200000 -0.007918
v -0.354714 -0.200000 -0.003432
v -0.354714 0.200000 -0.003432
v -0.358882 -0.200000 0.001480
v -0.358882 0.200000 0.001480
v -0.362743 -0.200000 0.006754
v -0.362743 0.200000 0.006754
v -0.366269 -0.200000 0.012322
v -0.366269 0.200000 0.012322
v -0.369459 -0.200000 0.018185
v -0.369459 0.200000 0.018185
v -0.372314 -0.200000 0.024342
v -0.372314 0.200000 0.024342
v -0.374832 -0.200000 0.030794
v -0.374832 0.200000 0.030794
v -0.377015 -0.200000 0.037541
v -0.377015 0.200000 0.037541
v -0.378862 -0.200000 0.044583
v -0.378862 0.200000 0.044583
v -0.380373 -0.200000 0.051919
v -0.380373 0.200000 0.051919
v -0.381548 -0.200000 0.059550
v -0.381548 0.200000 0.059550
v -0.382388 -0.200000 0.067475
v -0.382388 0.200000 0.067475
v -0.382891 -0.200000 0.075696
v -0.382891 0.200000 0.075696
v -0.383059 -0.200000 0.084210
v -0.383059 0.200000 0.084210
v -0.382880 -0.200000 0.093279
v -0.382880 0.200000 0.093279
v -0.382342 -0.200000 0.101955
v -0.382342 0.200000 0.101955
v -0.381445 -0.200000 0.110238
v -0.381445 0.200000 0.110238
v -0.380190 -0.200000 0.118129
v -0.380190 0.200000 0.118129
v -0.378576 -0.200000 0.125626
v -0.378576 0.200000 0.125626
v -0.376604 -0.200000 0.132730
v -0.376604 0.200000 0.132730
v -0.374272 -0.200000 0.139442
v -0.374272 0.200000 0.139442
v -0.371583 -0.200000 0.145760
v -0.371583 0.200000 0.145760
v -0.368534 -0.200000 0.151686
v -0.368534 0.200000 0.151686
v -0.365127 -0.200000 0.157219
v -0.365127 0.200000 0.157219
v -0.361361 -0.200000 0.162358
v -0.361361 0.200000 0.162358
v -0.357237 -0.200000 0.167105
v -0.357237 0.200000 0.167105
v -0.352816 -0.200000 0.171466
v -0.352816 0.200000 0.171466
v -0.348159 -0.200000 0.175448
v -0.348159 0.200000 0.175448
v -0.343267 -0.200000 0.179050
v -0.343267 0.200000 0.179050
v -0.338140 -0.200000 0.182273
v -0.338140 0.200000 0.182273
v -0.332777 -0.200000 0.185117
v -0.332777 0.200000 0.185117
v -0.327179 -0.200000 0.187582
v -0.327179 0.200000 0.187582
v -0.321346 -0.200000 0.189668
v -0.321346 0.200000 0.189668
v -0.315278 -0.200000 0.191374
v -0.315278 0.200000 0.191374
v -0.308974 -0.200000 0.192701
v -0.308974 0.200000 0.192701
v -0.302435 -0.200000 0.193649
v -0.302435 0.200000 0.193649
v -0.295661 -0.200000 0.194218
v -0.295661 0.200000 0.194218
v -0.288651 -0.200000 0.194408
v -0.288651 0.200000 0.194408
v -0.285069 -0.200000 0.194374
v -0.285069 0.200000 0.194374
v -0.281561 -0.200000 0.194271
v -0.281561 0.200000 0.194271
v -0.278125 -0.200000 0.194099
v -0.278125 0.200000 0.194099
v -0.274762 -0.200000 0.193860
v -0.274762 0.200000 0.193860
v -0.271473 -0.200000 0.193551
v -0.271473 0.200000 0.193551
v -0.268257 -0.200000 0.193174
v -0.268257 0.200000 0.193174
v -0.265113 -0.200000 0.192729
v -0.265113 0.200000 0.192729
v -0.262043 -0.200000 0.192215
v -0.262043 0.200000 0.192215
v -0.259046 -0.200000 0.191632
v -0.259046 0.200000 0.191632
v -0.256122 -0.200000 0.190981
v -0.256122 0.200000 0.190981
v -0.253271 -0.200000 0.190262
v -0.253271 0.200000 0.190262
v -0.250493 -0.200000 0.189474
v -0.250493 0.200000 0.189474
v -0.247784 -0.200000 0.188638
v -0.247784 0.200000 0.188638
v -0.245139 -0.200000 0.187774
v -0.245139 0.200000 0.187774
v -0.242558 -0.200000 0.186883
v -0.242558 0.200000 0.186883
v -0.240040 -0.200000 0.185965
v -0.240040 0.200000 0.185965
v -0.237587 -0.200000 0.185019
v -0.237587 0.200000 0.185019
v -0.235197 -0.200000 0.184046
v -0.235197 0.200000 0.184046
v -0.232872 -0.200000 0.183045
v -0.232872 0.200000 0.183045
v -0.230610 -0.200000 0.182018
v -0.230610 0.200000 0.182018
v -0.228413 -0.200000 0.180962
v -0.228413 0.200000 0.180962
v -0.226279 -0.200000 0.179879
v -0.226279 0.200000 0.179879
v -0.224210 -0.200000 0.178769
v -0.224210 0.200000 0.178769
v -0.222204 -0.200000 0.177632
v -0.222204 0.200000 0.177632
v -0.220308 -0.200000 0.176477
v -0.220308 0.200000 0.176477
v -0.218458 -0.200000 0.175315
v -0.218458 0.200000 0.175315
v -0.216653 -0.200000 0.174147
v -0.216653 0.200000 0.174147
v -0.214894 -0.200000 0.172971
v -0.214894 0.200000 0.172971
v -0.213181 -0.200000 0.171789
v -0.213181 0.200000 0.171789
v -0.211513 -0.200000 0.170600
v -0.211513 0.200000 0.170600
v -0.209891 -0.200000 0.169404
v -0.209891 0.200000 0.169404
v -0.208315 -0.200000 0.168202
v -0.208315 0.200000 0.168202
v -0.206784 -0.200000 0.166992
v -0.206784 0.200000 0.166992
v -0.205300 -0.200000 0.165776
v -0.205300 0.200000 0.165776
v -0.203860 -0.200000 0.164552
v -0.203860 0.200000 0.164552
v -0.202467 -0.200000 0.163322
v -0.202467 0.200000 0.163322
v -0.201112 -0.200000 0.162099
v -0.201112 0.200000 0.162099
v -0.199790 -0.200000 0.160896
v -0.199790 0.200000 0.160896
v -0.198499 -0.200000 0.159714
v -0.198499 0.200000 0.159714
v -0.197241 -0.200000 0.158553
v -0.197241 0.200000 0.158553
v -0.196014 -0.200000 0.157412
v -0.196014 0.200000 0.157412
v -0.194819 -0.200000 0.156291
v -0.194819 0.200000 0.156291
v -0.193656 -0.200000 0.155191
v -0.193656 0.200000 0.155191
v -0.192526 -0.200000 0.154112
v -0.192526 0.200000 0.154112
v -0.191427 -0.200000 0.153053
v -0.191427 0.200000 0.153053
v -0.190360 -0.200000 0.152015
v -0.190360 0.200000 0.152015
v -0.189325 -0.200000 0.150997
v -0.189325 0.200000 0.150997
v -0.188322 -0.200000 0.150000
v -0.188322 0.200000 0.150000
v -0.173520 -0.200000 0.150000
v -0.173520 0.200000 0.150000
v -0.173520 -0.200000 0.248684
v -0.173520 0.200000 0.248684
v -0.175186 -0.200000 0.249406
v -0.175186 0.200000 0.249406
v -0.176896 -0.200000 0.250146
v -0.176896 0.200000 0.250146
v -0.178649 -0.200000 0.250905
v -0.178649 0.200000 0.250905
v -0.180446 -0.200000 0.251681
v -0.180446 0.200000 0.251681
v -0.182286 -0.200000 0.252476
v -0.182286 0.200000 0.252476
v -0.184169 -0.200000 0.253289
v -0.184169 0.200000 0.253289
v -0.186096 -0.200000 0.254121
v -0.186096 0.200000 0.254121
v -0.188067 -0.200000 0.254971
v -0.188067 0.200000 0.254971
v -0.190080 -0.200000 0.255839
v -0.190080 0.200000 0.255839
v -0.192137 -0.200000 0.256725
v -0.192137 0.200000 0.256725
v -0.194238 -0.200000 0.257630
v -0.194238 0.200000 0.257630
v -0.196382 -0.200000 0.258553
v -0.196382 0.200000 0.258553
v -0.198551 -0.200000 0.259471
v -0.198551 0.200000 0.259471
v -0.200726 -0.200000 0.260362
v -0.200726 0.200000 0.260362
v -0.202909 -0.200000 0.261225
v -0.202909 0.200000 0.261225
v -0.205099 -0.200000 0.262061
v -0.205099 0.200000 0.262061
v -0.207295 -0.200000 0.262870
v -0.207295 0.200000 0.262870
v -0.209498 -0.200000 0.263651
v -0.209498 0.200000 0.263651
v -0.211708 -0.200000 0.264405
v -0.211708 0.200000 0.264405
v -0.213925 -0.200000 0.265132
v -0.213925 0.200000 0.265132
v -0.216149 -0.200000 0.265831
v -0.216149 0.200000 0.265831
v -0.218380 -0.200000 0.266502
v -0.218380 0.200000 0.266502
v -0.220617 -0.200000 0.267146
v -0.220617 0.200000 0.267146
v -0.222862 -0.200000 0.267763
v -0.222862 0.200000 0.267763
v -0.225643 -0.200000 0.268516
v -0.225643 0.200000 0.268516
v -0.228395 -0.200000 0.269239
v -0.228395 0.200000 0.269239
v -0.231116 -0.200000 0.269932
v -0.231116 0.200000 0.269932
v -0.233809 -0.200000 0.270596
v -0.233809 0.200000 0.270596
v -0.236471 -0.200000 0.271230
v -0.236471 0.200000 0.271230
v -0.239104 -0.200000 0.271834
v -0.239104 0.200000 0.271834
v -0.241707 -0.200000 0.272408
v -0.241707 0.200000 0.272408
v -0.244280 -0.200000 0.272953
v -0.244280 0.200000 0.272953
v -0.246824 -0.200000 0.273468
v -0.246824 0.200000 0.273468
v -0.249338 -0.200000 0.273954
v -0.249338 0.200000 0.273954
v -0.251822 -0.200000 0.274409
v -0.251822 0.200000 0.274409
v 0.185691 -0.200000 -0.061020
v 0.185691 0.200000 -0.061020
v 0.193677 -0.200000 -0.052005
v 0.193677 0.200000 -0.052005
v 0.200969 -0.200000 -0.042448
v 0.200969 0.200000 -0.042448
v 0.207566 -0.200000 -0.032350
v 0.207566 0.200000 -0.032350
v 0.213469 -0.200000 -0.021711
v 0.213469 0.200000 -0.021711
v 0.218677 -0.200000 -0.010530
v 0.218677 0.200000 -0.010530
v 0.223191 -0.200000 0.001192
v 0.223191 0.200000 0.001192
v 0.227010 -0.200000 0.013456
v 0.227010 0.200000 0.013456
v 0.230135 -0.200000 0.026261
v 0.230135 0.200000 0.026261
v 0.232566 -0.200000 0.039607
v 0.232566 0.200000 0.039607
v 0.234302 -0.200000 0.053495
v 0.234302 0.200000 0.053495
v 0.235344 -0.200000 0.067924
v 0.235344 0.200000 0.067924
v 0.235691 -0.200000 0.082895
v 0.235691 0.200000 0.082895
v 0.235345 -0.200000 0.097813
v 0.235345 0.200000 0.097813
v 0.234306 -0.200000 0.112194
v 0.234306 0.200000 0.112194
v 0.232576 -0.200000 0.126038
v 0.232576 0.200000 0.126038
v 0.230154 -0.200000 0.139346
v 0.230154 0.200000 0.139346
v 0.227039 -0.200000 0.152116
v 0.227039 0.200000 0.152116
v 0.223232 -0.200000 0.164350
v 0.223232 0.200000 0.164350
v 0.218733 -0.200000 0.176047
v 0.218733 0.200000 0.176047
v 0.213542 -0.200000 0.187208
v 0.213542 0.200000 0.187208
v 0.207658 -0.200000 0.197831
v 0.207658 0.200000 0.197831
v 0.201083 -0.200000 0.207918
v 0.201083 0.200000 0.207918
v 0.193815 -0.200000 0.217467
v 0.193815 0.200000 0.217467
v 0.185855 -0.200000 0.226480
v 0.185855 0.200000 0.226480
v 0.177263 -0.200000 0.234860
v 0.177263 0.200000 0.234860
v 0.168097 -0.200000 0.242512
v 0.168097 0.200000 0.242512
v 0.158357 -0.200000 0.249435
v 0.158357 0.200000 0.249435
v 0.148045 -0.200000 0.255629
v 0.148045 0.200000 0.255629
v 0.137158 -0.200000 0.261094
v 0.137158 0.200000 0.261094
v 0.125699 -0.200000 0.265831
v 0.125699 0.200000 0.265831
v 0.113666 -0.200000 0.269838
v 0.113666 0.200000 0.269838
v 0.101060 -0.200000 0.273118
v 0.101060 0.200000 0.273118
v 0.087880 -0.200000 0.275668
v 0.087880 0.200000 0.275668
v 0.074127 -0.200000 0.277490
v 0.074127 0.200000 0.277490
v 0.059801 -0.200000 0.278583
v 0.059801 0.200000 0.278583
v 0.044901 -0.200000 0.278947
v 0.044901 0.200000 0.278947
v 0.030104 -0.200000 0.278583
v 0.030104 0.200000 0.278583
v 0.015867 -0.200000 0.277490
v 0.015867 0.200000 0.277490
v 0.002190 -0.200000 0.275668
v 0.002190 0.200000 0.275668
v -0.010928 -0.200000 0.273118
v -0.010928 0.200000 0.273118
v -0.023487 -0.200000 0.269838
v -0.023487 0.200000 0.269838
v -0.035485 -0.200000 0.265831
v -0.035485 0.200000 0.265831
v -0.046924 -0.200000 0.261094
v -0.046924 0.200000 0.261094
v -0.057803 -0.200000 0.255629
v -0.057803 0.200000 0.255629
v -0.068123 -0.200000 0.249435
v -0.068123 0.200000 0.249435
v -0.077883 -0.200000 0.242512
v -0.077883 0.200000 0.242512
v -0.087083 -0.200000 0.234860
v -0.087083 0.200000 0.234860
v -0.095724 -0.200000 0.226480
v -0.095724 0.200000 0.226480
v -0.103736 -0.200000 0.217467
v -0.103736 0.200000 0.217467
v -0.111052 -0.200000 0.207918
v -0.111052 0.200000 0.207918
v -0.117671 -0.200000 0.197831
v -0.117671 0.200000 0.197831
v -0.123593 -0.200000 0.187208
v -0.123593 0.200000 0.187208
v -0.128818 -0.200000 0.176047
v -0.128818 0.200000 0.176047
v -0.133347 -0.200000 0.164350
v -0.133347 0.200000 0.164350
v -0.137179 -0.200000 0.152116
v -0.137179 0.200000 0.152116
v -0.140314 -0.200000 0.139346
v -0.140314 0.200000 0.139346
v -0.142753 -0.200000 0.126038
v -0.142753 0.200000 0.126038
v -0.144495 -0.200000 0.112194
v -0.144495 0.200000 0.112194
v -0.145540 -0.200000 0.097813
v -0.145540 0.200000 0.097813
v -0.145888 -0.200000 0.082895
v -0.145888 0.200000 0.082895
v -0.145540 -0.200000 0.067821
v -0.145540 0.200000 0.067821
v -0.144495 -0.200000 0.053303
v -0.144495 0.200000 0.053303
v -0.142753 -0.200000 0.039340
v -0.142753 0.200000 0.039340
v -0.140314 -0.200000 0.025932
v -0.140314 0.200000 0.025932
v -0.137179 -0.200000 0.013079
v -0.137179 0.200000 0.013079
v -0.133347 -0.200000 0.000781
v -0.133347 0.200000 0.000781
v -0.128818 -0.200000 -0.010962
v -0.128818 0.200000 -0.010962
v -0.123593 -0.200000 -0.022149
v -0.123593 0.200000 -0.022149
v -0.117671 -0.200000 -0.032782
v -0.117671 0.200000 -0.032782
v -0.111052 -0.200000 -0.042859
v -0.111052 0.200000 -0.042859
v -0.103736 -0.200000 -0.052381
v -0.103736 0.200000 -0.052381
v -0.095724 -0.200000 -0.061349
v -0.095724 0.200000 -0.061349
v -0.087083 -0.200000 -0.069676
v -0.087083 0.200000 -0.069676
v -0.077883 -0.200000 -0.077280
v -0.077883 0.200000 -0.077280
v -0.068123 -0.200000 -0.084159
v -0.068123 0.200000 -0.084159
v -0.057803 -0.200000 -0.090314
v -0.057803 0.200000 -0.090314
v -0.046924 -0.200000 -0.095745
v -0.046924 0.200000 -0.095745
v -0.035485 -0.200000 -0.100452
v -0.035485 0.200000 -0.100452
v -0.023487 -0.200000 -0.104435
v -0.023487 0.200000 -0.104435
v -0.010928 -0.200000 -0.107694
v -0.010928 0.200000 -0.107694
v 0.002190 -0.200000 -0.110228
v 0.002190 0.200000 -0.110228
v 0.015867 -0.200000 -0.112039
v 0.015867 0.200000 -0.112039
v 0.030104 -0.200000 -0.113125
v 0.030104 0.200000 -0.113125
v 0.044901 -0.200000 -0.113487
v 0.044901 0.200000 -0.113487
v 0.059750 -0.200000 -0.113123
v 0.059750 0.200000 -0.113123
v 0.074031 -0.200000 -0.112029
v 0.074031 0.200000 -0.112029
v 0.087747 -0.200000 -0.110208
v 0.087747 0.200000 -0.110208
v 0.100895 -0.200000 -0.107657
v 0.100895 0.200000 -0.107657
v 0.113478 -0.200000 -0.104378
v 0.113478 0.200000 -0.104378
v 0.125493 -0.200000 -0.100370
v 0.125493 0.200000 -0.100370
v 0.136943 -0.200000 -0.095634
v 0.136943 0.200000 -0.095634
v 0.147825 -0.200000 -0.090168
v 0.147825 0.200000 -0.090168
v 0.158141 -0.200000 -0.083974
v 0.158141 0.200000 -0.083974
v 0.167891 -0.200000 -0.077051
v 0.167891 0.200000 -0.077051
v 0.177074 -0.200000 -0.069400
v 0.177074 0.200000 -0.069400
v 0.112336 -0.200000 0.138651
v 0.112336 0.200000 0.138651
v 0.113176 -0.200000 0.135228
v 0.113176 0.200000 0.135228
v 0.113944 -0.200000 0.131593
v 0.113944 0.200000 0.131593
v 0.114638 -0.200000 0.127745
v 0.114638 0.200000 0.127745
v 0.115259 -0.200000 0.123684
v 0.115259 0.200000 0.123684
v 0.115808 -0.200000 0.119411
v 0.115808 0.200000 0.119411
v 0.116283 -0.200000 0.114926
v 0.116283 0.200000 0.114926
v 0.116685 -0.200000 0.110228
v 0.116685 0.200000 0.110228
v 0.117014 -0.200000 0.105318
v 0.117014 0.200000 0.105318
v 0.117270 -0.200000 0.100195
v 0.117270 0.200000 0.100195
v 0.117452 -0.200000 0.094860
v 0.117452 0.200000 0.094860
v 0.117562 -0.200000 0.089313
v 0.117562 0.200000 0.089313
v 0.117599 -0.200000 0.083553
v 0.117599 0.200000 0.083553
v 0.117561 -0.200000 0.078147
v 0.117561 0.200000 0.078147
v 0.117448 -0.200000 0.072894
v 0.117448 0.200000 0.072894
v 0.117259 -0.200000 0.067794
v 0.117259 0.200000 0.067794
v 0.116996 -0.200000 0.062847
v 0.116996 0.200000 0.062847
v 0.116656 -0.200000 0.058053
v 0.116656 0.200000 0.058053
v 0.116242 -0.200000 0.053413
v 0.116242 0.200000 0.053413
v 0.115752 -0.200000 0.048925
v 0.115752 0.200000 0.048925
v 0.115186 -0.200000 0.044591
v 0.115186 0.200000 0.044591
v 0.114546 -0.200000 0.040409
v 0.114546 0.200000 0.040409
v 0.113829 -0.200000 0.036381
v 0.113829 0.200000 0.036381
v 0.113038 -0.200000 0.032505
v 0.113038 0.200000 0.032505
v 0.112171 -0.200000 0.028783
v 0.112171 0.200000 0.028783
v 0.111238 -0.200000 0.025198
v 0.111238 0.200000 0.025198
v 0.110248 -0.200000 0.021733
v 0.110248 0.200000 0.021733
v 0.109200 -0.200000 0.018390
v 0.109200 0.200000 0.018390
v 0.108096 -0.200000 0.015168
v 0.108096 0.200000 0.015168
v 0.106934 -0.200000 0.012067
v 0.106934 0.200000 0.012067
v 0.105715 -0.200000 0.009087
v 0.105715 0.200000 0.009087
v 0.104440 -0.200000 0.006228
v 0.104440 0.200000 0.006228
v 0.103107 -0.200000 0.003490
v 0.103107 0.200000 0.003490
v 0.101717 -0.200000 0.000874
v 0.101717 0.200000 0.000874
v 0.100270 -0.200000 -0.001622
v 0.100270 0.200000 -0.001622
v 0.098765 -0.200000 -0.003997
v 0.098765 0.200000 -0.003997
v 0.097204 -0.200000 -0.006250
v 0.097204 0.200000 -0.006250
v 0.095486 -0.200000 -0.008494
v 0.095486 0.200000 -0.008494
v 0.093732 -0.200000 -0.010622
v 0.093732 0.200000 -0.010622
v 0.091941 -0.200000 -0.012634
v 0.091941 0.200000 -0.012634
v 0.090113 -0.200000 -0.014529
v 0.090113 0.200000 -0.014529
v 0.088249 -0.200000 -0.016307
v 0.088249 0.200000 -0.016307
v 0.086349 -0.200000 -0.017969
v 0.086349 0.200000 -0.017969
v 0.084412 -0.200000 -0.019514
v 0.084412 0.200000 -0.019514
v 0.082438 -0.200000 -0.020943
v 0.082438 0.200000 -0.020943
v 0.080428 -0.200000 -0.022255
v 0.080428 0.200000 -0.022255
v 0.078381 -0.200000 -0.023451
v 0.078381 0.200000 -0.023451
v 0.076298 -0.200000 -0.024531
v 0.076298 0.200000 -0.024531
v 0.074178 -0.200000 -0.025493
v 0.074178 0.200000 -0.025493
v 0.072014 -0.200000 -0.026360
v 0.072014 0.200000 -0.026360
v 0.069801 -0.200000 -0.027152
v 0.069801 0.200000 -0.027152
v 0.067537 -0.200000 -0.027868
v 0.067537 0.200000 -0.027868
v 0.065223 -0.200000 -0.028509
v 0.065223 0.200000 -0.028509
v 0.062859 -0.200000 -0.029074
v 0.062859 0.200000 -0.029074
v 0.060444 -0.200000 -0.029564
v 0.060444 0.200000 -0.029564
v 0.057979 -0.200000 -0.029979
v 0.057979 0.200000 -0.029979
v 0.055464 -0.200000 -0.030318
v 0.055464 0.200000 -0.030318
v 0.052899 -0.200000 -0.030582
v 0.052899 0.200000 -0.030582
v 0.050283 -0.200000 -0.030770
v 0.050283 0.200000 -0.030770
v 0.047617 -0.200000 -0.030883
v 0.047617 0.200000 -0.030883
v 0.044901 -0.200000 -0.030921
v 0.044901 0.200000 -0.030921
v 0.042345 -0.200000 -0.030888
v 0.042345 0.200000 -0.030888
v 0.039830 -0.200000 -0.030789
v 0.039830 0.200000 -0.030789
v 0.037356 -0.200000 -0.030623
v 0.037356 0.200000 -0.030623
v 0.034923 -0.200000 -0.030391
v 0.034923 0.200000 -0.030391
v 0.032532 -0.200000 -0.030093
v 0.032532 0.200000 -0.030093
v 0.030181 -0.200000 -0.029729
v 0.030181 0.200000 -0.029729
v 0.027871 -0.200000 -0.029298
v 0.027871 0.200000 -0.029298
v 0.025603 -0.200000 -0.028801
v 0.025603 0.200000 -0.028801
v 0.023376 -0.200000 -0.028238
v 0.023376 0.200000 -0.028238
v 0.021190 -0.200000 -0.027609
v 0.021190 0.200000 -0.027609
v 0.019045 -0.200000 -0.026913
v 0.019045 0.200000 -0.026913
v 0.016941 -0.200000 -0.026151
v 0.016941 0.200000 -0.026151
v 0.014871 -0.200000 -0.025296
v 0.014871 0.200000 -0.025296
v 0.012829 -0.200000 -0.024319
v 0.012829 0.200000 -0.024319
v 0.010814 -0.200000 -0.023222
v 0.010814 0.200000 -0.023222
v 0.008827 -0.200000 -0.022003
v 0.008827 0.200000 -0.022003
v 0.006867 -0.200000 -0.020663
v 0.006867 0.200000 -0.020663
v 0.004934 -0.200000 -0.019202
v 0.004934 0.200000 -0.019202
v 0.003029 -0.200000 -0.017620
v 0.003029 0.200000 -0.017620
v 0.001151 -0.200000 -0.015917
v 0.001151 0.200000 -0.015917
v -0.000699 -0.200000 -0.014093
v -0.000699 0.200000 -0.014093
v -0.002522 -0.200000 -0.012148
v -0.002522 0.200000 -0.012148
v -0.004317 -0.200000 -0.010082
v -0.004317 0.200000 -0.010082
v -0.006086 -0.200000 -0.007895
v -0.006086 0.200000 -0.007895
v -0.007703 -0.200000 -0.005690
v -0.007703 0.200000 -0.005690
v -0.009265 -0.200000 -0.003353
v -0.009265 0.200000 -0.003353
v -0.010773 -0.200000 -0.000884
v -0.010773 0.200000 -0.000884
v -0.012226 -0.200000 0.001718
v -0.012226 0.200000 0.001718
v -0.013624 -0.200000 0.004452
v -0.013624 0.200000 0.004452
v -0.014967 -0.200000 0.007319
v -0.014967 0.200000 0.007319
v -0.016255 -0.200000 0.010318
v -0.016255 0.200000 0.010318
v -0.017489 -0.200000 0.013450
v -0.017489 0.200000 0.013450
v -0.018668 -0.200000 0.016715
v -0.018668 0.200000 0.016715
v -0.019792 -0.200000 0.020111
v -0.019792 0.200000 0.020111
v -0.020861 -0.200000 0.023641
v -0.020861 0.200000 0.023641
v -0.021875 -0.200000 0.027303
v -0.021875 0.200000 0.027303
v -0.022821 -0.200000 0.031111
v -0.022821 0.200000 0.031111
v -0.023684 -0.200000 0.035079
v -0.023684 0.200000 0.035079
v -0.024465 -0.200000 0.039206
v -0.024465 0.200000 0.039206
v -0.025164 -0.200000 0.043494
v -0.025164 0.200000 0.043494
v -0.025781 -0.200000 0.047942
v -0.025781 0.200000 0.047942
v -0.026316 -0.200000 0.052549
v -0.026316 0.200000 0.052549
v -0.026768 -0.200000 0.057317
v -0.026768 0.200000 0.057317
v -0.027138 -0.200000 0.062244
v -0.027138 0.200000 0.062244
v -0.027426 -0.200000 0.067331
v -0.027426 0.200000 0.067331
v -0.027632 -0.200000 0.072579
v -0.027632 0.200000 0.072579
v -0.027755 -0.200000 0.077986
v -0.027755 0.200000 0.077986
v -0.027796 -0.200000 0.083553
v -0.027796 0.200000 0.083553
v -0.027757 -0.200000 0.089109
v -0.027757 0.200000 0.089109
v -0.027641 -0.200000 0.094486
v -0.027641 0.200000 0.094486
v -0.027447 -0.200000 0.099681
v -0.027447 0.200000 0.099681
v -0.027175 -0.200000 0.104697
v -0.027175 0.200000 0.104697
v -0.026825 -0.200000 0.109531
v -0.026825 0.200000 0.109531
v -0.026398 -0.200000 0.114186
v -0.026398 0.200000 0.114186
v -0.025893 -0.200000 0.118660
v -0.025893 0.200000 0.118660
v -0.025311 -0.200000 0.122953
v -0.025311 0.200000 0.122953
v -0.024651 -0.200000 0.127066
v -0.024651 0.200000 0.127066
v -0.023913 -0.200000 0.130999
v -0.023913 0.200000 0.130999
v -0.023097 -0.200000 0.134751
v -0.023097 0.200000 0.134751
v -0.022204 -0.200000 0.138322
v -0.022204 0.200000 0.138322
v -0.021249 -0.200000 0.141745
v -0.021249 0.200000 0.141745
v -0.020249 -0.200000 0.145052
v -0.020249 0.200000 0.145052
v -0.019202 -0.200000 0.148242
v -0.019202 0.200000 0.148242
v -0.018110 -0.200000 0.151316
v -0.018110 0.200000 0.151316
v -0.016973 -0.200000 0.154273
v -0.016973 0.200000 0.154273
v -0.015789 -0.200000 0.157113
v -0.015789 0.200000 0.157113
v -0.014560 -0.200000 0.159838
v -0.014560 0.200000 0.159838
v -0.013286 -0.200000 0.162445
v -0.013286 0.200000 0.162445
v -0.011965 -0.200000 0.164936
v -0.011965 0.200000 0.164936
v -0.010599 -0.200000 0.167311
v -0.010599 0.200000 0.167311
v -0.009188 -0.200000 0.169569
v -0.009188 0.200000 0.169569
v -0.007730 -0.200000 0.171710
v -0.007730 0.200000 0.171710
v -0.006163 -0.200000 0.173801
v -0.006163 0.200000 0.173801
v -0.004532 -0.200000 0.175795
v -0.004532 0.200000 0.175795
v -0.002837 -0.200000 0.177693
v -0.002837 0.200000 0.177693
v -0.001078 -0.200000 0.179496
v -0.001078 0.200000 0.179496
v 0.000745 -0.200000 0.181202
v 0.000745 0.200000 0.181202
v 0.002632 -0.200000 0.182812
v 0.002632 0.200000 0.182812
v 0.004582 -0.200000 0.184327
v 0.004582 0.200000 0.184327
v 0.006597 -0.200000 0.185746
v 0.006597 0.200000 0.185746
v 0.008676 -0.200000 0.187068
v 0.008676 0.200000 0.187068
v 0.010819 -0.200000 0.188295
v 0.010819 0.200000 0.188295
v 0.013025 -0.200000 0.189426
v 0.013025 0.200000 0.189426
v 0.015296 -0.200000 0.190461
v 0.015296 0.200000 0.190461
v 0.017619 -0.200000 0.191406
v 0.017619 0.200000 0.191406
v 0.019984 -0.200000 0.192270
v 0.019984 0.200000 0.192270
v 0.022389 -0.200000 0.193051
v 0.022389 0.200000 0.193051
v 0.024836 -0.200000 0.193750
v 0.024836 0.200000 0.193750
v 0.027323 -0.200000 0.194367
v 0.027323 0.200000 0.194367
v 0.029852 -0.200000 0.194901
v 0.029852 0.200000 0.194901
v 0.032422 -0.200000 0.195354
v 0.032422 0.200000 0.195354
v 0.035033 -0.200000 0.195724
v 0.035033 0.200000 0.195724
v 0.037685 -0.200000 0.196011
v 0.037685 0.200000 0.196011
v 0.040378 -0.200000 0.196217
v 0.040378 0.200000 0.196217
v 0.043113 -0.200000 0.196340
v 0.043113 0.200000 0.196340
v 0.045888 -0.200000 0.196382
v 0.045888 0.200000 0.196382
v 0.048194 -0.200000 0.196340
v 0.048194 0.200000 0.196340
v 0.050507 -0.200000 0.196217
v 0.050507 0.200000 0.196217
v 0.052827 -0.200000 0.196011
v 0.052827 0.200000 0.196011
v 0.055154 -0.200000 0.195724
v 0.055154 0.200000 0.195724
v 0.057487 -0.200000 0.195354
v 0.057487 0.200000 0.195354
v 0.059827 -0.200000 0.194901
v 0.059827 0.200000 0.194901
v 0.062174 -0.200000 0.194367
v 0.062174 0.200000 0.194367
v 0.064529 -0.200000 0.193750
v 0.064529 0.200000 0.193750
v 0.066889 -0.200000 0.193051
v 0.066889 0.200000 0.193051
v 0.069257 -0.200000 0.192270
v 0.069257 0.200000 0.192270
v 0.071632 -0.200000 0.191406
v 0.071632 0.200000 0.191406
v 0.074013 -0.200000 0.190461
v 0.074013 0.200000 0.190461
v 0.076358 -0.200000 0.189433
v 0.076358 0.200000 0.189433
v 0.078623 -0.200000 0.188322
v 0.078623 0.200000 0.188322
v 0.080808 -0.200000 0.187130
v 0.080808 0.200000 0.187130
v 0.082913 -0.200000 0.185855
v 0.082913 0.200000 0.185855
v 0.084938 -0.200000 0.184498
v 0.084938 0.200000 0.184498
v 0.086883 -0.200000 0.183059
v 0.086883 0.200000 0.183059
v 0.088748 -0.200000 0.181538
v 0.088748 0.200000 0.181538
v 0.090534 -0.200000 0.179934
v 0.090534 0.200000 0.179934
v 0.092239 -0.200000 0.178248
v 0.092239 0.200000 0.178248
v 0.093864 -0.200000 0.176480
v 0.093864 0.200000 0.176480
v 0.095410 -0.200000 0.174630
v 0.095410 0.200000 0.174630
v 0.096875 -0.200000 0.172697
v 0.096875 0.200000 0.172697
v 0.098540 -0.200000 0.170300
v 0.098540 0.200000 0.170300
v 0.100137 -0.200000 0.167823
v 0.100137 0.200000 0.167823
v 0.101665 -0.200000 0.165265
v 0.101665 0.200000 0.165265
v 0.103125 -0.200000 0.162628
v 0.103125 0.200000 0.162628
v 0.104516 -0.200000 0.159911
v 0.104516 0.200000 0.159911
v 0.105839 -0.200000 0.157113
v 0.105839 0.200000 0.157113
v 0.107093 -0.200000 0.154236
v 0.107093 0.200000 0.154236
v 0.108279 -0.200000 0.151279
v 0.108279 0.200000 0.151279
v 0.109396 -0.200000 0.148242
v 0.109396 0.200000 0.148242
v 0.110444 -0.200000 0.145125
v 0.110444 0.200000 0.145125
v 0.111424 -0.200000 0.141928
v 0.111424 0.200000 0.141928
v 0.544901 -0.200000 -0.101974
v 0.544901 0.200000 -0.101974
v 0.544901 -0.200000 0.006908
v 0.544901 0.200000 0.006908
v 0.535362 -0.200000 0.006908
v 0.535362 0.200000 0.006908
v 0.534224 -0.200000 0.006532
v 0.534224 0.200000 0.006532
v 0.533004 -0.200000 0.006172
v 0.533004 0.200000 0.006172
v 0.531702 -0.200000 0.005828
v 0.531702 0.200000 0.005828
v 0.530318 -0.200000 0.005501
v 0.530318 0.200000 0.005501
v 0.528851 -0.200000 0.005189
v 0.528851 0.200000 0.005189
v 0.527303 -0.200000 0.004893
v 0.527303 0.200000 0.004893
v 0.525672 -0.200000 0.004613
v 0.525672 0.200000 0.004613
v 0.523958 -0.200000 0.004349
v 0.523958 0.200000 0.004349
v 0.522163 -0.200000 0.004102
v 0.522163 0.200000 0.004102
v 0.520285 -0.200000 0.003870
v 0.520285 0.200000 0.003870
v 0.518325 -0.200000 0.003654
v 0.518325 0.200000 0.003654
v 0.516283 -0.200000 0.003454
v 0.516283 0.200000 0.003454
v 0.514181 -0.200000 0.003270
v 0.514181 0.200000 0.003270
v 0.512043 -0.200000 0.003102
v 0.512043 0.200000 0.003102
v 0.509868 -0.200000 0.002950
v 0.509868 0.200000 0.002950
v 0.507657 -0.200000 0.002814
v 0.507657 0.200000 0.002814
v 0.505409 -0.200000 0.002694
v 0.505409 0.200000 0.002694
v 0.503125 -0.200000 0.002590
v 0.503125 0.200000 0.002590
v 0.500804 -0.200000 0.002502
v 0.500804 0.200000 0.002502
v 0.498447 -0.200000 0.002431
v 0.498447 0.200000 0.002431
v 0.496053 -0.200000 0.002375
v 0.496053 0.200000 0.002375
v 0.493622 -0.200000 0.002335
v 0.493622 0.200000 0.002335
v 0.491155 -0.200000 0.002311
v 0.491155 0.200000 0.002311
v 0.488651 -0.200000 0.002303
v 0.488651 0.200000 0.002303
v 0.485623 -0.200000 0.002339
v 0.485623 0.200000 0.002339
v 0.482570 -0.200000 0.002449
v 0.482570 0.200000 0.002449
v 0.479492 -0.200000 0.002632
v 0.479492 0.200000 0.002632
v 0.476389 -0.200000 0.002887
v 0.476389 0.200000 0.002887
v 0.473260 -0.200000 0.003216
v 0.473260 0.200000 0.003216
v 0.470107 -0.200000 0.003618
v 0.470107 0.200000 0.003618
v 0.466928 -0.200000 0.004094
v 0.466928 0.200000 0.004094
v 0.463724 -0.200000 0.004642
v 0.463724 0.200000 0.004642
v 0.460495 -0.200000 0.005263
v 0.460495 0.200000 0.005263
v 0.457241 -0.200000 0.005958
v 0.457241 0.200000 0.005958
v 0.453962 -0.200000 0.006725
v 0.453962 0.200000 0.006725
v 0.450658 -0.200000 0.007566
v 0.450658 0.200000 0.007566
v 0.447349 -0.200000 0.008457
v 0.447349 0.200000 0.008457
v 0.444056 -0.200000 0.009375
v 0.444056 0.200000 0.009375
v 0.440779 -0.200000 0.010321
v 0.440779 0.200000 0.010321
v 0.437518 -0.200000 0.011294
v 0.437518 0.200000 0.011294
v 0.434273 -0.200000 0.012294
v 0.434273 0.200000 0.012294
v 0.431044 -0.200000 0.013322
v 0.431044 0.200000 0.013322
v 0.427831 -0.200000 0.014378
v 0.427831 0.200000 0.014378
v 0.424635 -0.200000 0.015460
v 0.424635 0.200000 0.015460
v 0.421454 -0.200000 0.016571
v 0.421454 0.200000 0.016571
v 0.418289 -0.200000 0.017708
v 0.418289 0.200000 0.017708
v 0.415140 -0.200000 0.018873
v 0.415140 0.200000 0.018873
v 0.412007 -0.200000 0.020066
v 0.412007 0.200000 0.020066
v 0.412007 -0.200000 0.267434
v 0.412007 0.200000 0.267434
v 0.296875 -0.200000 0.267434
v 0.296875 0.200000 0.267434
v 0.296875 -0.200000 -0.101974
v 0.296875 0.200000 -0.101974
v 0.412007 -0.200000 -0.101974
v 0.412007 0.200000 -0.101974
v 0.412007 -0.200000 -0.049013
v 0.412007 0.200000 -0.049013
v 0.413365 -0.200000 -0.050246
v 0.413365 0.200000 -0.050246
v 0.414807 -0.200000 -0.051531
v 0.414807 0.200000 -0.051531
v 0.416334 -0.200000 -0.052868
v 0.416334 0.200000 -0.052868
v 0.417946 -0.200000 -0.054258
v 0.417946 0.200000 -0.054258
v 0.419642 -0.200000 -0.055701
v 0.419642 0.200000 -0.055701
v 0.421423 -0.200000 -0.057196
v 0.421423 0.200000 -0.057196
v 0.423288 -0.200000 -0.058743
v 0.423288 0.200000 -0.058743
v 0.425238 -0.200000 -0.060344
v 0.425238 0.200000 -0.060344
v 0.427272 -0.200000 -0.061996
v 0.427272 0.200000 -0.061996
v 0.429391 -0.200000 -0.063702
v 0.429391 0.200000 -0.063702
v 0.431594 -0.200000 -0.065459
v 0.431594 0.200000 -0.065459
v 0.433882 -0.200000 -0.067270
v 0.433882 0.200000 -0.067270
v 0.436195 -0.200000 -0.069076
v 0.436195 0.200000 -0.069076
v 0.438473 -0.200000 -0.070820
v 0.438473 0.200000 -0.070820
v 0.440718 -0.200000 -0.072502
v 0.440718 0.200000 -0.072502
v 0.442928 -0.200000 -0.074123
v 0.442928 0.200000 -0.074123
v 0.445103 -0.200000 -0.075682
v 0.445103 0.200000 -0.075682
v 0.447245 -0.200000 -0.077179
v 0.447245 0.200000 -0.077179
v 0.449352 -0.200000 -0.078615
v 0.449352 0.200000 -0.078615
v 0.451425 -0.200000 -0.079989
v 0.451425 0.200000 -0.079989
v 0.453464 -0.200000 -0.081301
v 0.453464 0.200000 -0.081301
v 0.455469 -0.200000 -0.082552
v 0.455469 0.200000 -0.082552
v 0.457439 -0.200000 -0.083741
v 0.457439 0.200000 -0.083741
v 0.459375 -0.200000 -0.084868
v 0.459375 0.200000 -0.084868
v 0.461487 -0.200000 -0.086115
v 0.461487 0.200000 -0.086115
v 0.463656 -0.200000 -0.087331
v 0.463656 0.200000 -0.087331
v 0.465882 -0.200000 -0.088518
v 0.465882 0.200000 -0.088518
v 0.468165 -0.200000 -0.089675
v 0.468165 0.200000 -0.089675
v 0.470506 -0.200000 -0.090802
v 0.470506 0.200000 -0.090802
v 0.472903 -0.200000 -0.091900
v 0.472903 0.200000 -0.091900
v 0.475358 -0.200000 -0.092968
v 0.475358 0.200000 -0.092968
v 0.477869 -0.200000 -0.094006
v 0.477869 0.200000 -0.094006
v 0.480438 -0.200000 -0.095014
v 0.480438 0.200000 -0.095014
v 0.483064 -0.200000 -0.095993
v 0.483064 0.200000 -0.095993
v 0.485747 -0.200000 -0.096942
v 0.485747 0.200000 -0.096942
v 0.488487 -0.200000 -0.097862
v 0.488487 0.200000 -0.097862
v 0.491243 -0.200000 -0.098729
v 0.491243 0.200000 -0.098729
v 0.493974 -0.200000 -0.099520
v 0.493974 0.200000 -0.099520
v 0.496680 -0.200000 -0.100236
v 0.496680 0.200000 -0.100236
v 0.499360 -0.200000 -0.100877
v 0.499360 0.200000 -0.100877
v 0.502016 -0.200000 -0.101443
v 0.502016 0.200000 -0.101443
v 0.504646 -0.200000 -0.101933
v 0.504646 0.200000 -0.101933
v 0.507252 -0.200000 -0.102347
v 0.507252 0.200000 -0.102347
v 0.509832 -0.200000 -0.102686
v 0.509832 0.200000 -0.102686
v 0.512387 -0.200000 -0.102950
v 0.512387 0.200000 -0.102950
v 0.514917 -0.200000 -0.103139
v 0.514917 0.200000 -0.103139
v 0.517422 -0.200000 -0.103252
v 0.517422 0.200000 -0.103252
v 0.519901 -0.200000 -0.103290
v 0.519901 0.200000 -0.103290
v 0.520842 -0.200000 -0.103287
v 0.520842 0.200000 -0.103287
v 0.521802 -0.200000 -0.103280
v 0.521802 0.200000 -0.103280
v 0.522780 -0.200000 -0.103269
v 0.522780 0.200000 -0.103269
v 0.523776 -0.200000 -0.103253
v 0.523776 0.200000 -0.103253
v 0.524790 -0.200000 -0.103232
v 0.524790 0.200000 -0.103232
v 0.525822 -0.200000 -0.103207
v 0.525822 0.200000 -0.103207
v 0.526873 -0.200000 -0.103178
v 0.526873 0.200000 -0.103178
v 0.527942 -0.200000 -0.103143
v 0.527942 0.200000 -0.103143
v 0.529030 -0.200000 -0.103104
v 0.529030 0.200000 -0.103104
v 0.530135 -0.200000 -0.103061
v 0.530135 0.200000 -0.103061
v 0.531259 -0.200000 -0.103013
v 0.531259 0.200000 -0.103013
v 0.532401 -0.200000 -0.102961
v 0.532401 0.200000 -0.102961
v 0.533544 -0.200000 -0.102903
v 0.533544 0.200000 -0.102903
v 0.534667 -0.200000 -0.102842
v 0.534667 0.200000 -0.102842
v 0.535773 -0.200000 -0.102776
v 0.535773 0.200000 -0.102776
v 0.536860 -0.200000 -0.102705
v 0.536860 0.200000 -0.102705
v 0.537929 -0.200000 -0.102629
v 0.537929 0.200000 -0.102629
v 0.538980 -0.200000 -0.102549
v 0.538980 0.200000 -0.102549
v 0.540013 -0.200000 -0.102465
v 0.540013 0.200000 -0.102465
v 0.541027 -0.200000 -0.102376
v 0.541027 0.200000 -0.102376
v 0.542023 -0.200000 -0.102282
v 0.542023 0.200000 -0.102282
v 0.543001 -0.200000 -0.102184
v 0.543001 0.200000 -0.102184
v 0.543960 -0.200000 -0.102081
v 0.543960 0.200000 -0.102081
v 0.826645 -0.200000 0.274507
v 0.826645 0.200000 0.274507
v 0.823267 -0.200000 0.274953
v 0.823267 0.200000 0.274953
v 0.819769 -0.200000 0.275361
v 0.819769 0.200000 0.275361
v 0.816149 -0.200000 0.275730
v 0.816149 0.200000 0.275730
v 0.812409 -0.200000 0.276060
v 0.812409 0.200000 0.276060
v 0.808547 -0.200000 0.276351
v 0.808547 0.200000 0.276351
v 0.804564 -0.200000 0.276604
v 0.804564 0.200000 0.276604
v 0.800460 -0.200000 0.276817
v 0.800460 0.200000 0.276817
v 0.796235 -0.200000 0.276992
v 0.796235 0.200000 0.276992
v 0.791889 -0.200000 0.277128
v 0.791889 0.200000 0.277128
v 0.787422 -0.200000 0.277225
v 0.787422 0.200000 0.277225
v 0.782834 -0.200000 0.277283
v 0.782834 0.200000 0.277283
v 0.778125 -0.200000 0.277303
v 0.778125 0.200000 0.277303
v 0.761030 -0.200000 0.276955
v 0.761030 0.200000 0.276955
v 0.744614 -0.200000 0.275914
v 0.744614 0.200000 0.275914
v 0.728875 -0.200000 0.274178
v 0.728875 0.200000 0.274178
v 0.713816 -0.200000 0.271747
v 0.713816 0.200000 0.271747
v 0.699435 -0.200000 0.268622
v 0.699435 0.200000 0.268622
v 0.685732 -0.200000 0.264803
v 0.685732 0.200000 0.264803
v 0.672708 -0.200000 0.260289
v 0.672708 0.200000 0.260289
v 0.660362 -0.200000 0.255080
v 0.660362 0.200000 0.255080
v 0.648695 -0.200000 0.249178
v 0.648695 0.200000 0.249178
v 0.637706 -0.200000 0.242580
v 0.637706 0.200000 0.242580
v 0.627395 -0.200000 0.235289
v 0.627395 0.200000 0.235289
v 0.617763 -0.200000 0.227303
v 0.617763 0.200000 0.227303
v 0.608858 -0.200000 0.218675
v 0.608858 0.200000 0.218675
v 0.600726 -0.200000 0.209457
v 0.600726 0.200000 0.209457
v 0.593370 -0.200000 0.199650
v 0.593370 0.200000 0.199650
v 0.586787 -0.200000 0.189254
v 0.586787 0.200000 0.189254
v 0.580979 -0.200000 0.178269
v 0.580979 0.200000 0.178269
v 0.575946 -0.200000 0.166694
v 0.575946 0.200000 0.166694
v 0.571687 -0.200000 0.154530
v 0.571687 0.200000 0.154530
v 0.568202 -0.200000 0.141776
v 0.568202 0.200000 0.141776
v 0.565491 -0.200000 0.128433
v 0.565491 0.200000 0.128433
v 0.563555 -0.200000 0.114501
v 0.563555 0.200000 0.114501
v 0.562394 -0.200000 0.099979
v 0.562394 0.200000 0.099979
v 0.562007 -0.200000 0.084868
v 0.562007 0.200000 0.084868
v 0.562368 -0.200000 0.070045
v 0.562368 0.200000 0.070045
v 0.563450 -0.200000 0.055729
v 0.563450 0.200000 0.055729
v 0.565255 -0.200000 0.041920
v 0.565255 0.200000 0.041920
v 0.567782 -0.200000 0.028618
v 0.567782 0.200000 0.028618
v 0.571030 -0.200000 0.015824
v 0.571030 0.200000 0.015824
v 0.575000 -0.200000 0.003536
v 0.575000 0.200000 0.003536
v 0.579692 -0.200000 -0.008244
v 0.579692 0.200000 -0.008244
v 0.585106 -0.200000 -0.019518
v 0.585106 0.200000 -0.019518
v 0.591242 -0.200000 -0.030284
v 0.591242 0.200000 -0.030284
v 0.598099 -0.200000 -0.040543
v 0.598099 0.200000 -0.040543
v 0.605679 -0.200000 -0.050295
v 0.605679 0.200000 -0.050295
v 0.613980 -0.200000 -0.059540
v 0.613980 0.200000 -0.059540
v 0.622930 -0.200000 -0.068156
v 0.622930 0.200000 -0.068156
v 0.632456 -0.200000 -0.076023
v 0.632456 0.200000 -0.076023
v 0.642558 -0.200000 -0.083141
v 0.642558 0.200000 -0.083141
v 0.653235 -0.200000 -0.089510
v 0.653235 0.200000 -0.089510
v 0.664487 -0.200000 -0.095130
v 0.664487 0.200000 -0.095130
v 0.676316 -0.200000 -0.100000
v 0.676316 0.200000 -0.100000
v 0.688720 -0.200000 -0.104121
v 0.688720 0.200000 -0.104121
v 0.701700 -0.200000 -0.107493
v 0.701700 0.200000 -0.107493
v 0.715255 -0.200000 -0.110115
v 0.715255 0.200000 -0.110115
v 0.729386 -0.200000 -0.111988
v 0.729386 0.200000 -0.111988
v 0.744093 -0.200000 -0.113112
v 0.744093 0.200000 -0.113112
v 0.759375 -0.200000 -0.113487
v 0.759375 0.200000 -0.113487
v 0.773227 -0.200000 -0.113169
v 0.773227 0.200000 -0.113169
v 0.786495 -0.200000 -0.112217
v 0.786495 0.200000 -0.112217
v 0.799178 -0.200000 -0.110629
v 0.799178 0.200000 -0.110629
v 0.811276 -0.200000 -0.108406
v 0.811276 0.200000 -0.108406
v 0.822789 -0.200000 -0.105549
v 0.822789 0.200000 -0.105549
v 0.833717 -0.200000 -0.102056
v 0.833717 0.200000 -0.102056
v 0.844061 -0.200000 -0.097928
v 0.844061 0.200000 -0.097928
v 0.853819 -0.200000 -0.093165
v 0.853819 0.200000 -0.093165
v 0.862993 -0.200000 -0.087767
v 0.862993 0.200000 -0.087767
v 0.871583 -0.200000 -0.081734
v 0.871583 0.200000 -0.081734
v 0.879587 -0.200000 -0.075066
v 0.879587 0.200000 -0.075066
v 0.887007 -0.200000 -0.067763
v 0.887007 0.200000 -0.067763
v 0.893837 -0.200000 -0.059868
v 0.893837 0.200000 -0.059868
v 0.900073 -0.200000 -0.051425
v 0.900073 0.200000 -0.051425
v 0.905716 -0.200000 -0.042434
v 0.905716 0.200000 -0.042434
v 0.910764 -0.200000 -0.032895
v 0.910764 0.200000 -0.032895
v 0.915218 -0.200000 -0.022807
v 0.915218 0.200000 -0.022807
v 0.919079 -0.200000 -0.012171
v 0.919079 0.200000 -0.012171
v 0.922346 -0.200000 -0.000987
v 0.922346 0.200000 -0.000987
v 0.925018 -0.200000 0.010746
v 0.925018 0.200000 0.010746
v 0.927097 -0.200000 0.023026
v 0.927097 0.200000 0.023026
v 0.928582 -0.200000 0.035855
v 0.928582 0.200000 0.035855
v 0.929473 -0.200000 0.049232
v 0.929473 0.200000 0.049232
v 0.929770 -0.200000 0.063158
v 0.929770 0.200000 0.063158
v 0.929770 -0.200000 0.104605
v 0.929770 0.200000 0.104605
v 0.677467 -0.200000 0.104605
v 0.677467 0.200000 0.104605
v 0.677794 -0.200000 0.108823
v 0.677794 0.200000 0.108823
v 0.678226 -0.200000 0.112925
v 0.678226 0.200000 0.112925
v 0.678762 -0.200000 0.116910
v 0.678762 0.200000 0.116910
v 0.679404 -0.200000 0.120778
v 0.679404 0.200000 0.120778
v 0.680151 -0.200000 0.124531
v 0.680151 0.200000 0.124531
v 0.681003 -0.200000 0.128166
v 0.681003 0.200000 0.128166
v 0.681960 -0.200000 0.131685
v 0.681960 0.200000 0.131685
v 0.683023 -0.200000 0.135088
v 0.683023 0.200000 0.135088
v 0.684190 -0.200000 0.138374
v 0.684190 0.200000 0.138374
v 0.685462 -0.200000 0.141543
v 0.685462 0.200000 0.141543
v 0.686840 -0.200000 0.144596
v 0.686840 0.200000 0.144596
v 0.688322 -0.200000 0.147533
v 0.688322 0.200000 0.147533
v 0.689899 -0.200000 0.150362
v 0.689899 0.200000 0.150362
v 0.691557 -0.200000 0.153093
v 0.691557 0.200000 0.153093
v 0.693298 -0.200000 0.155726
v 0.693298 0.200000 0.155726
v 0.695121 -0.200000 0.158260
v 0.695121 0.200000 0.158260
v 0.697026 -0.200000 0.160696
v 0.697026 0.200000 0.160696
v 0.699013 -0.200000 0.163034
v 0.699013 0.200000 0.163034
v 0.701083 -0.200000 0.165274
v 0.701083 0.200000 0.165274
v 0.703235 -0.200000 0.167416
v 0.703235 0.200000 0.167416
v 0.705469 -0.200000 0.169459
v 0.705469 0.200000 0.169459
v 0.707785 -0.200000 0.171404
v 0.707785 0.200000 0.171404
v 0.710184 -0.200000 0.173251
v 0.710184 0.200000 0.173251
v 0.712665 -0.200000 0.175000
v 0.712665 0.200000 0.175000
v 0.715166 -0.200000 0.176660
v 0.715166 0.200000 0.176660
v 0.717736 -0.200000 0.178239
v 0.717736 0.200000 0.178239
v 0.720374 -0.200000 0.179739
v 0.720374 0.200000 0.179739
v 0.723081 -0.200000 0.181159
v 0.723081 0.200000 0.181159
v 0.725857 -0.200000 0.182498
v 0.725857 0.200000 0.182498
v 0.728701 -0.200000 0.183758
v 0.728701 0.200000 0.183758
v 0.731613 -0.200000 0.184938
v 0.731613 0.200000 0.184938
v 0.734594 -0.200000 0.186038
v 0.734594 0.200000 0.186038
v 0.737644 -0.200000 0.187058
v 0.737644 0.200000 0.187058
v 0.740762 -0.200000 0.187998
v 0.740762 0.200000 0.187998
v 0.743949 -0.200000 0.188858
v 0.743949 0.200000 0.188858
v 0.747204 -0.200000 0.189638
v 0.747204 0.200000 0.189638
v 0.750519 -0.200000 0.190347
v 0.750519 0.200000 0.190347
v 0.753883 -0.200000 0.190995
v 0.753883 0.200000 0.190995
v 0.757299 -0.200000 0.191581
v 0.757299 0.200000 0.191581
v 0.760764 -0.200000 0.192105
v 0.760764 0.200000 0.192105
v 0.764280 -0.200000 0.192568
v 0.764280 0.200000 0.192568
v 0.767845 -0.200000 0.192969
v 0.767845 0.200000 0.192969
v 0.771462 -0.200000 0.193308
v 0.771462 0.200000 0.193308
v 0.775128 -0.200000 0.193586
v 0.775128 0.200000 0.193586
v 0.778845 -0.200000 0.193801
v 0.778845 0.200000 0.193801
v 0.782612 -0.200000 0.193956
v 0.782612 0.200000 0.193956
v 0.786429 -0.200000 0.194048
v 0.786429 0.200000 0.194048
v 0.790296 -0.200000 0.194079
v 0.790296 0.200000 0.194079
v 0.793636 -0.200000 0.194048
v 0.793636 0.200000 0.194048
v 0.796966 -0.200000 0.193956
v 0.796966 0.200000 0.193956
v 0.800288 -0.200000 0.193801
v 0.800288 0.200000 0.193801
v 0.803600 -0.200000 0.193585
v 0.803600 0.200000 0.193585
v 0.806903 -0.200000 0.193308
v 0.806903 0.200000 0.193308
v 0.810197 -0.200000 0.192969
v 0.810197 0.200000 0.192969
v 0.813482 -0.200000 0.192568
v 0.813482 0.200000 0.192568
v 0.816758 -0.200000 0.192105
v 0.816758 0.200000 0.192105
v 0.820025 -0.200000 0.191581
v 0.820025 0.200000 0.191581
v 0.823282 -0.200000 0.190995
v 0.823282 0.200000 0.190995
v 0.826531 -0.200000 0.190347
v 0.826531 0.200000 0.190347
v 0.829770 -0.200000 0.189638
v 0.829770 0.200000 0.189638
v 0.832982 -0.200000 0.188879
v 0.832982 0.200000 0.188879
v 0.836148 -0.200000 0.188080
v 0.836148 0.200000 0.188080
v 0.839268 -0.200000 0.187243
v 0.839268 0.200000 0.187243
v 0.842343 -0.200000 0.186367
v 0.842343 0.200000 0.186367
v 0.845372 -0.200000 0.185452
v 0.845372 0.200000 0.185452
v 0.848355 -0.200000 0.184498
v 0.848355 0.200000 0.184498
v 0.851293 -0.200000 0.183506
v 0.851293 0.200000 0.183506
v 0.854185 -0.200000 0.182474
v 0.854185 0.200000 0.182474
v 0.857031 -0.200000 0.181404
v 0.857031 0.200000 0.181404
v 0.859832 -0.200000 0.180295
v 0.859832 0.200000 0.180295
v 0.862587 -0.200000 0.179147
v 0.862587 0.200000 0.179147
v 0.865296 -0.200000 0.177960
v 0.865296 0.200000 0.177960
v 0.867639 -0.200000 0.176912
v 0.867639 0.200000 0.176912
v 0.869952 -0.200000 0.175850
v 0.869952 0.200000 0.175850
v 0.872235 -0.200000 0.174774
v 0.872235 0.200000 0.174774
v 0.874488 -0.200000 0.173684
v 0.874488 0.200000 0.173684
v 0.876712 -0.200000 0.172581
v 0.876712 0.200000 0.172581
v 0.878906 -0.200000 0.171464
v 0.878906 0.200000 0.171464
v 0.881071 -0.200000 0.170333
v 0.881071 0.200000 0.170333
v 0.883205 -0.200000 0.169189
v 0.883205 0.200000 0.169189
v 0.885310 -0.200000 0.168030
v 0.885310 0.200000 0.168030
v 0.887386 -0.200000 0.166859
v 0.887386 0.200000 0.166859
v 0.889431 -0.200000 0.165673
v 0.889431 0.200000 0.165673
v 0.891447 -0.200000 0.164474
v 0.891447 0.200000 0.164474
v 0.893418 -0.200000 0.163279
v 0.893418 0.200000 0.163279
v 0.895326 -0.200000 0.162107
v 0.895326 0.200000 0.162107
v 0.897173 -0.200000 0.160958
v 0.897173 0.200000 0.160958
v 0.898958 -0.200000 0.159832
v 0.898958 0.200000 0.159832
v 0.900682 -0.200000 0.158729
v 0.900682 0.200000 0.158729
v 0.902344 -0.200000 0.157648
v 0.902344 0.200000 0.157648
v 0.903944 -0.200000 0.156590
v 0.903944 0.200000 0.156590
v 0.905483 -0.200000 0.155556
v 0.905483 0.200000 0.155556
v 0.906959 -0.200000 0.154544
v 0.906959 0.200000 0.154544
v 0.908375 -0.200000 0.153554
v 0.908375 0.200000 0.153554
v 0.909728 -0.200000 0.152588
v 0.909728 0.200000 0.152588
v 0.911020 -0.200000 0.151645
v 0.911020 0.200000 0.151645
v 0.923191 -0.200000 0.151645
v 0.923191 0.200000 0.151645
v 0.923191 -0.200000 0.246710
v 0.923191 0.200000 0.246710
v 0.920851 -0.200000 0.247637
v 0.920851 0.200000 0.247637
v 0.918544 -0.200000 0.248552
v 0.918544 0.200000 0.248552
v 0.916273 -0.200000 0.249455
v 0.916273 0.200000 0.249455
v 0.914035 -0.200000 0.250347
v 0.914035 0.200000 0.250347
v 0.911832 -0.200000 0.251228
v 0.911832 0.200000 0.251228
v 0.909663 -0.200000 0.252097
v 0.909663 0.200000 0.252097
v 0.907528 -0.200000 0.252955
v 0.907528 0.200000 0.252955
v 0.905428 -0.200000 0.253801
v 0.905428 0.200000 0.253801
v 0.903362 -0.200000 0.254636
v 0.903362 0.200000 0.254636
v 0.901330 -0.200000 0.255460
v 0.901330 0.200000 0.255460
v 0.899332 -0.200000 0.256272
v 0.899332 0.200000 0.256272
v 0.897368 -0.200000 0.257072
v 0.897368 0.200000 0.257072
v 0.895362 -0.200000 0.257868
v 0.895362 0.200000 0.257868
v 0.893234 -0.200000 0.258667
v 0.893234 0.200000 0.258667
v 0.890985 -0.200000 0.259467
v 0.890985 0.200000 0.259467
v 0.888615 -0.200000 0.260270
v 0.888615 0.200000 0.260270
v 0.886124 -0.200000 0.261076
v 0.886124 0.200000 0.261076
v 0.883512 -0.200000 0.261883
v 0.883512 0.200000 0.261883
v 0.880778 -0.200000 0.262693
v 0.880778 0.200000 0.262693
v 0.877924 -0.200000 0.263505
v 0.877924 0.200000 0.263505
v 0.874949 -0.200000 0.264319
v 0.874949 0.200000 0.264319
v 0.871852 -0.200000 0.265136
v 0.871852 0.200000 0.265136
v 0.868635 -0.200000 0.265955
v 0.868635 0.200000 0.265955
v 0.865296 -0.200000 0.266776
v 0.865296 0.200000 0.266776
v 0.862163 -0.200000 0.267584
v 0.862163 0.200000 0.267584
v 0.859014 -0.200000 0.268362
v 0.859014 0.200000 0.268362
v 0.855849 -0.200000 0.269110
v 0.855849 0.200000 0.269110
v 0.852668 -0.200000 0.269828
v 0.852668 0.200000 0.269828
v 0.849471 -0.200000 0.270517
v 0.849471 0.200000 0.270517
v 0.846258 -0.200000 0.271176
v 0.846258 0.200000 0.271176
v 0.843029 -0.200000 0.271805
v 0.843029 0.200000 0.271805
v 0.839784 -0.200000 0.272405
v 0.839784 0.200000 0.272405
v 0.836523 -0.200000 0.272975
v 0.836523 0.200000 0.272975
v 0.833247 -0.200000 0.273515
v 0.833247 0.200000 0.273515
v 0.829954 -0.200000 0.274026
v 0.829954 0.200000 0.274026
v 0.677138 -0.200000 0.035197
v 0.677138 0.200000 0.035197
v 0.816283 -0.200000 0.035197
v 0.816283 0.200000 0.035197
v 0.816015 -0.200000 0.029233
v 0.816015 0.200000 0.029233
v 0.815538 -0.200000 0.023511
v 0.815538 0.200000 0.023511
v 0.814854 -0.200000 0.018030
v 0.814854 0.200000 0.018030
v 0.813962 -0.200000 0.012792
v 0.813962 0.200000 0.012792
v 0.812862 -0.200000 0.007796
v 0.812862 0.200000 0.007796
v 0.811554 -0.200000 0.003043
v 0.811554 0.200000 0.003043
v 0.810039 -0.200000 -0.001469
v 0.810039 0.200000 -0.001469
v 0.808315 -0.200000 -0.005738
v 0.808315 0.200000 -0.005738
v 0.806384 -0.200000 -0.009766
v 0.806384 0.200000 -0.009766
v 0.804244 -0.200000 -0.013551
v 0.804244 0.200000 -0.013551
v 0.801897 -0.200000 -0.017094
v 0.801897 0.200000 -0.017094
v 0.799342 -0.200000 -0.020395
v 0.799342 0.200000 -0.020395
v 0.796566 -0.200000 -0.023442
v 0.796566 0.200000 -0.023442
v 0.793554 -0.200000 -0.026224
v 0.793554 0.200000 -0.026224
v 0.790306 -0.200000 -0.028742
v 0.790306 0.200000 -0.028742
v 0.786824 -0.200000 -0.030994
v 0.786824 0.200000 -0.030994
v 0.783106 -0.200000 -0.032982
v 0.783106 0.200000 -0.032982
v 0.779153 -0.200000 -0.034704
v 0.779153 0.200000 -0.034704
v 0.774965 -0.200000 -0.036161
v 0.774965 0.200000 -0.036161
v 0.770541 -0.200000 -0.037354
v 0.770541 0.200000 -0.037354
v 0.765882 -0.200000 -0.038281
v 0.765882 0.200000 -0.038281
v 0.760988 -0.200000 -0.038944
v 0.760988 0.200000 -0.038944
v 0.755858 -0.200000 -0.039341
v 0.755858 0.200000 -0.039341
v 0.750493 -0.200000 -0.039474
v 0.750493 0.200000 -0.039474
v 0.745003 -0.200000 -0.039334
v 0.745003 0.200000 -0.039334
v 0.739716 -0.200000 -0.038916
v 0.739716 0.200000 -0.038916
v 0.734632 -0.200000 -0.038220
v 0.734632 0.200000 -0.038220
v 0.729751 -0.200000 -0.037244
v 0.729751 0.200000 -0.037244
v 0.725074 -0.200000 -0.035990
v 0.725074 0.200000 -0.035990
v 0.720600 -0.200000 -0.034457
v 0.720600 0.200000 -0.034457
v 0.716330 -0.200000 -0.032646
v 0.716330 0.200000 -0.032646
v 0.712262 -0.200000 -0.030556
v 0.712262 0.200000 -0.030556
v 0.708398 -0.200000 -0.028187
v 0.708398 0.200000 -0.028187
v 0.704738 -0.200000 -0.025539
v 0.704738 0.200000 -0.025539
v 0.701280 -0.200000 -0.022613
v 0.701280 0.200000 -0.022613
v 0.698026 -0.200000 -0.019408
v 0.698026 0.200000 -0.019408
v 0.694992 -0.200000 -0.015963
v 0.694992 0.200000 -0.015963
v 0.692192 -0.200000 -0.012317
v 0.692192 0.200000 -0.012317
v 0.689628 -0.200000 -0.008470
v 0.689628 0.200000 -0.008470
v 0.687299 -0.200000 -0.004423
v 0.687299 0.200000 -0.004423
v 0.685205 -0.200000 -0.000174
v 0.685205 0.200000 -0.000174
v 0.683347 -0.200000 0.004276
v 0.683347 0.200000 0.004276
v 0.681724 -0.200000 0.008927
v 0.681724 0.200000 0.008927
v 0.680336 -0.200000 0.013779
v 0.680336 0.200000 0.013779
v 0.679184 -0.200000 0.018832
v 0.679184 0.200000 0.018832
v 0.678267 -0.200000 0.024086
v 0.678267 0.200000 0.024086
v 0.677585 -0.200000 0.029541
v 0.677585 0.200000 0.029541
vn -0.0000 1.0000 -0.0000
vn -0.0425 0.9991 -0.0000
vn -0.0001 1.0000 -0.0000
vn 0.0002 1.0000 -0.0000
vn -0.0000 -1.0000 -0.0000
vn -0.0425 -0.9991 -0.0000
vn -0.0001 -1.0000 -0.0000
vn 0.0002 -1.0000 -0.0000
vn 0.5567 -0.0000 0.8307
vn 0.6117 -0.0000 0.7911
vn 0.5001 -0.0000 0.8660
vn 0.4429 -0.0000 0.8966
vn 0.3859 -0.0000 0.9225
vn 0.3300 -0.0000 0.9440
vn 0.2756 -0.0000 0.9613
vn 0.2233 -0.0000 0.9747
vn 0.1734 -0.0000 0.9849
vn 0.1261 -0.0000 0.9920
vn 0.0814 -0.0000 0.9967
vn 0.0395 -0.0000 0.9992
vn 0.0056 -0.0000 1.0000
vn -0.0165 -0.0000 0.9999
vn -0.0336 -0.0000 0.9994
vn -0.0514 -0.0000 0.9987
vn -0.0699 -0.0000 0.9976
vn -0.0892 -0.0000 0.9960
vn -0.1093 -0.0000 0.9940
vn -0.1301 -0.0000 0.9915
vn -0.1518 -0.0000 0.9884
vn -0.1744 -0.0000 0.9847
vn -0.1977 -0.0000 0.9803
vn -0.2220 -0.0000 0.9751
vn -0.2437 -0.0000 0.9699
vn -0.2592 -0.0000 0.9658
vn -0.2716 -0.0000 0.9624
vn -0.2841 -0.0000 0.9588
vn -0.2968 -0.0000 0.9549
vn -0.3097 -0.0000 0.9508
vn -0.3227 -0.0000 0.9465
vn -0.3359 -0.0000 0.9419
vn -0.3493 -0.0000 0.9370
vn -0.3627 -0.0000 0.9319
vn -0.3492 -0.0000 0.9370
vn -0.3763 -0.0000 0.9265
vn -0.3900 -0.0000 0.9208
vn -0.8357 -0.0000 0.5491
vn -0.7071 -0.0000 -0.7071
vn 0.3380 -0.0000 -0.9411
vn 0.6255 -0.0000 -0.7802
vn 0.6035 -0.0000 -0.7974
vn 0.5807 -0.0000 -0.8141
vn 0.5573 -0.0000 -0.8303
vn 0.5334 -0.0000 -0.8459
vn 0.5574 -0.0000 -0.8303
vn 0.5088 -0.0000 -0.8609
vn 0.4838 -0.0000 -0.8752
vn 0.4583 -0.0000 -0.8888
vn 0.4325 -0.0000 -0.9016
vn 0.4064 -0.0000 -0.9137
vn 0.3800 -0.0000 -0.9250
vn 0.3540 -0.0000 -0.9353
vn 0.3286 -0.0000 -0.9445
vn 0.3029 -0.0000 -0.9530
vn 0.2763 -0.0000 -0.9611
vn 0.2488 -0.0000 -0.9686
vn 0.2203 -0.0000 -0.9754
vn 0.1910 -0.0000 -0.9816
vn 0.1608 -0.0000 -0.9870
vn 0.1299 -0.0000 -0.9915
vn 0.0983 -0.0000 -0.9952
vn 0.0660 -0.0000 -0.9978
vn 0.0332 -0.0000 -0.9994
vn 0.0039 -0.0000 -1.0000
vn -0.0171 -0.0000 -0.9999
vn -0.0327 -0.0000 -0.9995
vn -0.0469 -0.0000 -0.9989
vn -0.0598 -0.0000 -0.9982
vn -0.0716 -0.0000 -0.9974
vn -0.0824 -0.0000 -0.9966
vn -0.0924 -0.0000 -0.9957
vn -0.0825 -0.0000 -0.9966
vn -0.1016 -0.0000 -0.9948
vn -0.1101 -0.0000 -0.9939
vn -0.1179 -0.0000 -0.9930
vn -0.1253 -0.0000 -0.9921
vn -0.1347 -0.0000 -0.9909
vn -0.1494 -0.0000 -0.9888
vn -0.1675 -0.0000 -0.9859
vn -0.1868 -0.0000 -0.9824
vn -0.2073 -0.0000 -0.9783
vn -0.2290 -0.0000 -0.9734
vn -0.2522 -0.0000 -0.9677
vn -0.2768 -0.0000 -0.9609
vn -0.3029 -0.0000 -0.9530
vn -0.3307 -0.0000 -0.9437
vn -0.3603 -0.0000 -0.9328
vn -0.3916 -0.0000 -0.9201
vn -0.4113 -0.0000 -0.9115
vn -0.4306 -0.0000 -0.9026
vn -0.4616 -0.0000 -0.8871
vn -0.4306 -0.0000 -0.9025
vn -0.4926 -0.0000 -0.8702
vn -0.5235 -0.0000 -0.8520
vn -0.4926 -0.0000 -0.8703
vn -0.5540 -0.0000 -0.8325
vn -0.5842 -0.0000 -0.8116
vn -0.6137 -0.0000 -0.7895
vn -0.6426 -0.0000 -0.7662
vn -0.6138 -0.0000 -0.7895
vn -0.6707 -0.0000 -0.7418
vn -0.6978 -0.0000 -0.7163
vn -0.7238 -0.0000 -0.6900
vn -0.7539 -0.0000 -0.6570
vn -0.7922 -0.0000 -0.6103
vn -0.8320 -0.0000 -0.5547
vn -0.8678 -0.0000 -0.4969
vn -0.8992 -0.0000 -0.4376
vn -0.9259 -0.0000 -0.3778
vn -0.9480 -0.0000 -0.3183
vn -0.9657 -0.0000 -0.2598
vn -0.9792 -0.0000 -0.2029
vn -0.9889 -0.0000 -0.1483
vn -0.9792 -0.0000 -0.2030
vn -0.9954 -0.0000 -0.0962
vn -0.9989 -0.0000 -0.0469
vn -1.0000 -0.0000 0.0051
vn -0.9989 -0.0000 -0.0468
vn -0.9977 -0.0000 0.0679
vn -1.0000 -0.0000 0.0052
vn -0.9903 -0.0000 0.1388
vn -0.9772 -0.0000 0.2122
vn -0.9579 -0.0000 0.2870
vn -0.9322 -0.0000 0.3619
vn -0.9003 -0.0000 0.4353
vn -0.9322 -0.0000 0.3618
vn -0.8626 -0.0000 0.5059
vn -0.8200 -0.0000 0.5724
vn -0.7735 -0.0000 0.6337
vn -0.7244 -0.0000 0.6893
vn -0.7735 -0.0000 0.6338
vn -0.6739 -0.0000 0.7389
vn -0.6280 -0.0000 0.7782
vn -0.5927 -0.0000 0.8054
vn -0.5622 -0.0000 0.8270
vn -0.5312 -0.0000 0.8472
vn -0.4999 -0.0000 0.8661
vn -0.4685 -0.0000 0.8835
vn -0.4370 -0.0000 0.8995
vn -0.4056 -0.0000 0.9141
vn -0.3744 -0.0000 0.9273
vn -0.3435 -0.0000 0.9392
vn -0.3131 -0.0000 0.9497
vn -0.2831 -0.0000 0.9591
vn -0.2602 -0.0000 0.9655
vn -0.2498 -0.0000 0.9683
vn -0.2452 -0.0000 0.9695
vn -0.2407 -0.0000 0.9706
vn -0.2363 -0.0000 0.9717
vn -0.2320 -0.0000 0.9727
vn -0.2277 -0.0000 0.9737
vn -0.2235 -0.0000 0.9747
vn -0.2194 -0.0000 0.9756
vn -0.2154 -0.0000 0.9765
vn -0.2114 -0.0000 0.9774
vn -0.2076 -0.0000 0.9782
vn -0.2070 -0.0000 0.9783
vn -0.2132 -0.0000 0.9770
vn -0.2228 -0.0000 0.9749
vn -0.2326 -0.0000 0.9726
vn -0.2426 -0.0000 0.9701
vn -0.2526 -0.0000 0.9676
vn -0.2629 -0.0000 0.9648
vn -0.2733 -0.0000 0.9619
vn -0.2838 -0.0000 0.9589
vn -0.2945 -0.0000 0.9556
vn -0.3054 -0.0000 0.9522
vn -0.3164 -0.0000 0.9486
vn -0.3351 -0.0000 0.9422
vn -0.3647 -0.0000 0.9311
vn -0.3985 -0.0000 0.9172
vn -0.4341 -0.0000 0.9008
vn -0.4717 -0.0000 0.8818
vn -0.5110 -0.0000 0.8596
vn -0.5519 -0.0000 0.8339
vn -0.5942 -0.0000 0.8043
vn -0.6374 -0.0000 0.7705
vn -0.6812 -0.0000 0.7321
vn -0.7247 -0.0000 0.6890
vn -0.7675 -0.0000 0.6411
vn -0.8073 -0.0000 0.5902
vn -0.8421 -0.0000 0.5394
vn -0.8726 -0.0000 0.4885
vn -0.8420 -0.0000 0.5394
vn -0.8997 -0.0000 0.4364
vn -0.9234 -0.0000 0.3839
vn -0.9435 -0.0000 0.3313
vn -0.9602 -0.0000 0.2794
vn -0.9736 -0.0000 0.2284
vn -0.9839 -0.0000 0.1790
vn -0.9914 -0.0000 0.1312
vn -0.9839 -0.0000 0.1789
vn -0.9963 -0.0000 0.0854
vn -0.9991 -0.0000 0.0417
vn -1.0000 -0.0000 -0.0077
vn -0.9973 -0.0000 -0.0732
vn -0.9888 -0.0000 -0.1494
vn -0.9736 -0.0000 -0.2281
vn -0.9888 -0.0000 -0.1495
vn -0.9515 -0.0000 -0.3078
vn -0.9222 -0.0000 -0.3867
vn -0.8862 -0.0000 -0.4633
vn -0.9222 -0.0000 -0.3868
vn -0.8444 -0.0000 -0.5358
vn -0.7978 -0.0000 -0.6030
vn -0.7478 -0.0000 -0.6639
vn -0.6958 -0.0000 -0.7182
vn -0.6432 -0.0000 -0.7657
vn -0.5916 -0.0000 -0.8062
vn -0.5414 -0.0000 -0.8407
vn -0.4907 -0.0000 -0.8713
vn -0.4387 -0.0000 -0.8986
vn -0.3861 -0.0000 -0.9224
vn -0.3335 -0.0000 -0.9427
vn -0.2814 -0.0000 -0.9596
vn -0.2302 -0.0000 -0.9731
vn -0.1804 -0.0000 -0.9836
vn -0.1323 -0.0000 -0.9912
vn -0.0862 -0.0000 -0.9963
vn -0.0421 -0.0000 -0.9991
vn -0.0061 -0.0000 -1.0000
vn 0.0169 -0.0000 -0.9999
vn 0.0339 -0.0000 -0.9994
vn 0.0508 -0.0000 -0.9987
vn 0.0678 -0.0000 -0.9977
vn 0.0847 -0.0000 -0.9964
vn 0.1015 -0.0000 -0.9948
vn 0.1184 -0.0000 -0.9930
vn 0.1351 -0.0000 -0.9908
vn 0.1518 -0.0000 -0.9884
vn 0.1683 -0.0000 -0.9857
vn 0.1848 -0.0000 -0.9828
vn 0.2008 -0.0000 -0.9796
vn 0.2161 -0.0000 -0.9764
vn 0.2313 -0.0000 -0.9729
vn 0.2469 -0.0000 -0.9690
vn 0.2630 -0.0000 -0.9648
vn 0.2794 -0.0000 -0.9602
vn 0.2961 -0.0000 -0.9551
vn 0.3133 -0.0000 -0.9497
vn 0.3308 -0.0000 -0.9437
vn 0.3488 -0.0000 -0.9372
vn 0.3670 -0.0000 -0.9302
vn 0.3856 -0.0000 -0.9227
vn 0.8352 -0.0000 -0.5500
vn 0.7071 -0.0000 0.7071
vn -0.3393 -0.0000 0.9407
vn -0.6266 -0.0000 0.7793
vn -0.6030 -0.0000 0.7977
vn -0.5795 -0.0000 0.8150
vn -0.6031 -0.0000 0.7977
vn -0.5561 -0.0000 0.8311
vn -0.5795 -0.0000 0.8149
vn -0.5329 -0.0000 0.8462
vn -0.5099 -0.0000 0.8602
vn -0.4872 -0.0000 0.8733
vn -0.4648 -0.0000 0.8854
vn -0.4428 -0.0000 0.8966
vn -0.4213 -0.0000 0.9069
vn -0.4001 -0.0000 0.9165
vn -0.3774 -0.0000 0.9261
vn -0.3504 -0.0000 0.9366
vn -0.3207 -0.0000 0.9472
vn -0.2903 -0.0000 0.9569
vn -0.2593 -0.0000 0.9658
vn -0.1957 -0.0000 0.9807
vn -0.1634 -0.0000 0.9866
vn -0.1308 -0.0000 0.9914
vn -0.0980 -0.0000 0.9952
vn -0.0653 -0.0000 0.9979
vn -0.0326 -0.0000 0.9995
vn -0.0051 -0.0000 1.0000
vn 0.0122 -0.0000 0.9999
vn 0.0247 -0.0000 0.9997
vn 0.0377 -0.0000 0.9993
vn 0.0511 -0.0000 0.9987
vn 0.0650 -0.0000 0.9979
vn 0.0794 -0.0000 0.9968
vn 0.0942 -0.0000 0.9955
vn 0.1096 -0.0000 0.9940
vn 0.1256 -0.0000 0.9921
vn 0.1421 -0.0000 0.9899
vn 0.1591 -0.0000 0.9873
vn 0.1784 -0.0000 0.9840
vn 0.2012 -0.0000 0.9795
vn 0.2251 -0.0000 0.9743
vn 0.2482 -0.0000 0.9687
vn 0.2704 -0.0000 0.9627
vn 0.2481 -0.0000 0.9687
vn 0.2919 -0.0000 0.9564
vn 0.3127 -0.0000 0.9499
vn 0.3326 -0.0000 0.9431
vn 0.3519 -0.0000 0.9360
vn 0.3704 -0.0000 0.9289
vn 0.3881 -0.0000 0.9216
vn 0.4052 -0.0000 0.9142
vn 0.4236 -0.0000 0.9059
vn 0.4511 -0.0000 0.8924
vn 0.4860 -0.0000 0.8739
vn 0.5202 -0.0000 0.8540
vn 0.5537 -0.0000 0.8327
vn 0.5203 -0.0000 0.8540
vn 0.5861 -0.0000 0.8102
vn 0.6175 -0.0000 0.7866
vn 0.6476 -0.0000 0.7619
vn 0.6765 -0.0000 0.7365
vn 0.6476 -0.0000 0.7620
vn 0.7038 -0.0000 0.7104
vn 0.7298 -0.0000 0.6837
vn 0.7039 -0.0000 0.7103
vn 0.7542 -0.0000 0.6566
vn 0.7298 -0.0000 0.6836
vn 0.7797 -0.0000 0.6262
vn 0.7543 -0.0000 0.6566
vn 0.8088 -0.0000 0.5881
vn 0.8390 -0.0000 0.5441
vn 0.8087 -0.0000 0.5882
vn 0.8677 -0.0000 0.4970
vn 0.8390 -0.0000 0.5442
vn 0.8945 -0.0000 0.4471
vn 0.9189 -0.0000 0.3946
vn 0.9404 -0.0000 0.3401
vn 0.9188 -0.0000 0.3947
vn 0.9588 -0.0000 0.2840
vn 0.9739 -0.0000 0.2269
vn 0.9856 -0.0000 0.1694
vn 0.9739 -0.0000 0.2268
vn 0.9937 -0.0000 0.1120
vn 0.9856 -0.0000 0.1693
vn 0.9985 -0.0000 0.0555
vn 1.0000 -0.0000 -0.0014
vn 0.9981 -0.0000 -0.0617
vn 1.0000 -0.0000 -0.0013
vn 0.9919 -0.0000 -0.1266
vn 0.9809 -0.0000 -0.1947
vn 0.9920 -0.0000 -0.1266
vn 0.9642 -0.0000 -0.2651
vn 0.9416 -0.0000 -0.3368
vn 0.9127 -0.0000 -0.4086
vn 0.8778 -0.0000 -0.4790
vn 0.8373 -0.0000 -0.5468
vn 0.8778 -0.0000 -0.4791
vn 0.7919 -0.0000 -0.6106
vn 0.8372 -0.0000 -0.5468
vn 0.7428 -0.0000 -0.6696
vn 0.6910 -0.0000 -0.7229
vn 0.6354 -0.0000 -0.7722
vn 0.5771 -0.0000 -0.8167
vn 0.5222 -0.0000 -0.8528
vn 0.4739 -0.0000 -0.8806
vn 0.4314 -0.0000 -0.9022
vn 0.3940 -0.0000 -0.9191
vn 0.3611 -0.0000 -0.9325
vn 0.3320 -0.0000 -0.9433
vn 0.3061 -0.0000 -0.9520
vn 0.2830 -0.0000 -0.9591
vn 0.2623 -0.0000 -0.9650
vn 0.2437 -0.0000 -0.9698
vn 0.2280 -0.0000 -0.9737
vn 0.2213 -0.0000 -0.9752
vn 0.2216 -0.0000 -0.9751
vn 0.2218 -0.0000 -0.9751
vn 0.2221 -0.0000 -0.9750
vn 0.2224 -0.0000 -0.9750
vn 0.2226 -0.0000 -0.9749
vn 0.2229 -0.0000 -0.9748
vn 0.2232 -0.0000 -0.9748
vn 0.2235 -0.0000 -0.9747
vn 0.2238 -0.0000 -0.9746
vn 0.2241 -0.0000 -0.9746
vn 0.2270 -0.0000 -0.9739
vn 0.2350 -0.0000 -0.9720
vn 0.2454 -0.0000 -0.9694
vn 0.2555 -0.0000 -0.9668
vn 0.2653 -0.0000 -0.9642
vn 0.2748 -0.0000 -0.9615
vn 0.2841 -0.0000 -0.9588
vn 0.2930 -0.0000 -0.9561
vn 0.3017 -0.0000 -0.9534
vn 0.3101 -0.0000 -0.9507
vn 0.3183 -0.0000 -0.9480
vn 0.3263 -0.0000 -0.9453
vn 0.3427 -0.0000 -0.9395
vn 0.3709 -0.0000 -0.9287
vn 0.4032 -0.0000 -0.9151
vn 0.4371 -0.0000 -0.8994
vn 0.4033 -0.0000 -0.9151
vn 0.4725 -0.0000 -0.8814
vn 0.5091 -0.0000 -0.8607
vn 0.5470 -0.0000 -0.8372
vn 0.5858 -0.0000 -0.8105
vn 0.5470 -0.0000 -0.8371
vn 0.6252 -0.0000 -0.7804
vn 0.6650 -0.0000 -0.7468
vn 0.6253 -0.0000 -0.7804
vn 0.7046 -0.0000 -0.7096
vn 0.7436 -0.0000 -0.6686
vn 0.7825 -0.0000 -0.6227
vn 0.8210 -0.0000 -0.5709
vn 0.8568 -0.0000 -0.5156
vn 0.8884 -0.0000 -0.4591
vn 0.9156 -0.0000 -0.4022
vn 0.9384 -0.0000 -0.3456
vn 0.9570 -0.0000 -0.2900
vn 0.9718 -0.0000 -0.2359
vn 0.9570 -0.0000 -0.2899
vn 0.9830 -0.0000 -0.1838
vn 0.9910 -0.0000 -0.1341
vn 0.9962 -0.0000 -0.0869
vn 0.9991 -0.0000 -0.0423
vn 1.0000 -0.0000 0.0063
vn 0.9977 -0.0000 0.0681
vn 0.9903 -0.0000 0.1393
vn 0.9770 -0.0000 0.2132
vn 0.9574 -0.0000 0.2888
vn 0.9311 -0.0000 0.3646
vn 0.8984 -0.0000 0.4392
vn 0.8597 -0.0000 0.5108
vn 0.8158 -0.0000 0.5784
vn 0.8597 -0.0000 0.5109
vn 0.7678 -0.0000 0.6406
vn 0.7171 -0.0000 0.6969
vn 0.6649 -0.0000 0.7469
vn 0.1454 -0.0000 0.9894
vn 0.1632 -0.0000 0.9866
vn 0.1085 -0.0000 0.9941
vn 0.0924 -0.0000 0.9957
vn 0.0775 -0.0000 0.9970
vn 0.0638 -0.0000 0.9980
vn 0.0512 -0.0000 0.9987
vn 0.0394 -0.0000 0.9992
vn 0.0285 -0.0000 0.9996
vn 0.0184 -0.0000 0.9998
vn 0.0089 -0.0000 1.0000
vn -0.0031 -0.0000 1.0000
vn -0.0214 -0.0000 0.9998
vn -0.0432 -0.0000 0.9991
vn -0.0657 -0.0000 0.9978
vn -0.0887 -0.0000 0.9961
vn -0.1122 -0.0000 0.9937
vn -0.1363 -0.0000 0.9907
vn -0.1609 -0.0000 0.9870
vn -0.1860 -0.0000 0.9826
vn -0.2373 -0.0000 0.9714
vn -0.2115 -0.0000 0.9774
vn -0.2636 -0.0000 0.9646
vn -0.2909 -0.0000 0.9568
vn -0.3202 -0.0000 0.9474
vn -0.3507 -0.0000 0.9365
vn -0.3814 -0.0000 0.9244
vn -0.4124 -0.0000 0.9110
vn -0.4433 -0.0000 0.8964
vn -0.4123 -0.0000 0.9110
vn -0.4743 -0.0000 0.8804
vn -0.5050 -0.0000 0.8631
vn -0.5355 -0.0000 0.8446
vn -0.5655 -0.0000 0.8248
vn -0.5949 -0.0000 0.8038
vn -0.6236 -0.0000 0.7817
vn -0.6543 -0.0000 0.7562
vn -0.6852 -0.0000 0.7283
vn -0.7134 -0.0000 0.7007
vn -0.7405 -0.0000 0.6720
vn -0.7135 -0.0000 0.7007
vn -0.7664 -0.0000 0.6424
vn -0.7908 -0.0000 0.6120
vn -0.8138 -0.0000 0.5811
vn -0.8354 -0.0000 0.5497
vn -0.8554 -0.0000 0.5180
vn -0.8739 -0.0000 0.4862
vn -0.8908 -0.0000 0.4544
vn -0.9062 -0.0000 0.4228
vn -0.9208 -0.0000 0.3899
vn -0.9352 -0.0000 0.3542
vn -0.9483 -0.0000 0.3174
vn -0.9597 -0.0000 0.2812
vn -0.9693 -0.0000 0.2458
vn -0.9774 -0.0000 0.2112
vn -0.9841 -0.0000 0.1777
vn -0.9894 -0.0000 0.1453
vn -0.9935 -0.0000 0.1139
vn -0.9965 -0.0000 0.0837
vn -0.9985 -0.0000 0.0547
vn -0.9996 -0.0000 0.0268
vn -1.0000 -0.0000 -0.0001
vn -0.9996 -0.0000 -0.0272
vn -0.9985 -0.0000 -0.0557
vn -0.9963 -0.0000 -0.0854
vn -0.9985 -0.0000 -0.0556
vn -0.9932 -0.0000 -0.1166
vn -0.9888 -0.0000 -0.1492
vn -0.9831 -0.0000 -0.1832
vn -0.9758 -0.0000 -0.2185
vn -0.9669 -0.0000 -0.2551
vn -0.9562 -0.0000 -0.2928
vn -0.9434 -0.0000 -0.3316
vn -0.9285 -0.0000 -0.3712
vn -0.9126 -0.0000 -0.4089
vn -0.8971 -0.0000 -0.4419
vn -0.8813 -0.0000 -0.4725
vn -0.8640 -0.0000 -0.5034
vn -0.8452 -0.0000 -0.5344
vn -0.8249 -0.0000 -0.5653
vn -0.8031 -0.0000 -0.5959
vn -0.7797 -0.0000 -0.6262
vn -0.7549 -0.0000 -0.6559
vn -0.7287 -0.0000 -0.6848
vn -0.7012 -0.0000 -0.7130
vn -0.6725 -0.0000 -0.7401
vn -0.6422 -0.0000 -0.7665
vn -0.6123 -0.0000 -0.7906
vn -0.5837 -0.0000 -0.8120
vn -0.5545 -0.0000 -0.8322
vn -0.5247 -0.0000 -0.8513
vn -0.4946 -0.0000 -0.8691
vn -0.4642 -0.0000 -0.8857
vn -0.4337 -0.0000 -0.9010
vn -0.4032 -0.0000 -0.9151
vn -0.3728 -0.0000 -0.9279
vn -0.3426 -0.0000 -0.9395
vn -0.3127 -0.0000 -0.9499
vn -0.2846 -0.0000 -0.9587
vn -0.2595 -0.0000 -0.9657
vn -0.2357 -0.0000 -0.9718
vn -0.2119 -0.0000 -0.9773
vn -0.1880 -0.0000 -0.9822
vn -0.1641 -0.0000 -0.9864
vn -0.1403 -0.0000 -0.9901
vn -0.1165 -0.0000 -0.9932
vn -0.0928 -0.0000 -0.9957
vn -0.0693 -0.0000 -0.9976
vn -0.0460 -0.0000 -0.9989
vn -0.0229 -0.0000 -0.9997
vn -0.0009 -0.0000 -1.0000
vn 0.0193 -0.0000 -0.9998
vn 0.0385 -0.0000 -0.9993
vn 0.0577 -0.0000 -0.9983
vn 0.0768 -0.0000 -0.9970
vn 0.0959 -0.0000 -0.9954
vn 0.1148 -0.0000 -0.9934
vn 0.1336 -0.0000 -0.9910
vn 0.1523 -0.0000 -0.9883
vn 0.1708 -0.0000 -0.9853
vn 0.1892 -0.0000 -0.9819
vn 0.2073 -0.0000 -0.9783
vn 0.2260 -0.0000 -0.9741
vn 0.2460 -0.0000 -0.9693
vn 0.2664 -0.0000 -0.9639
vn 0.2864 -0.0000 -0.9581
vn 0.3060 -0.0000 -0.9520
vn 0.3252 -0.0000 -0.9457
vn 0.3439 -0.0000 -0.9390
vn 0.3622 -0.0000 -0.9321
vn 0.3801 -0.0000 -0.9249
vn 0.3976 -0.0000 -0.9176
vn 0.4146 -0.0000 -0.9100
vn 0.4311 -0.0000 -0.9023
vn 0.8483 -0.0000 -0.5295
vn -0.3690 -0.0000 0.9294
vn -0.6823 -0.0000 0.7311
vn -0.6752 -0.0000 0.7377
vn -0.6683 -0.0000 0.7438
vn -0.6751 -0.0000 0.7377
vn -0.6618 -0.0000 0.7497
vn -0.6556 -0.0000 0.7551
vn -0.6618 -0.0000 0.7496
vn -0.6496 -0.0000 0.7603
vn -0.6439 -0.0000 0.7651
vn -0.6384 -0.0000 0.7697
vn -0.6331 -0.0000 0.7741
vn -0.6231 -0.0000 0.7821
vn -0.6168 -0.0000 0.7871
vn -0.6073 -0.0000 0.7944
vn -0.5963 -0.0000 0.8028
vn -0.5852 -0.0000 0.8109
vn -0.5740 -0.0000 0.8188
vn -0.5629 -0.0000 0.8265
vn -0.5518 -0.0000 0.8340
vn -0.5407 -0.0000 0.8412
vn -0.5296 -0.0000 0.8482
vn -0.5186 -0.0000 0.8550
vn -0.5076 -0.0000 0.8616
vn -0.4966 -0.0000 0.8680
vn -0.4830 -0.0000 0.8756
vn -0.4661 -0.0000 0.8847
vn -0.4488 -0.0000 0.8937
vn -0.4662 -0.0000 0.8847
vn -0.4316 -0.0000 0.9021
vn -0.4488 -0.0000 0.8936
vn -0.4147 -0.0000 0.9100
vn -0.3980 -0.0000 0.9174
vn -0.3816 -0.0000 0.9243
vn -0.3655 -0.0000 0.9308
vn -0.3496 -0.0000 0.9369
vn -0.3341 -0.0000 0.9425
vn -0.3188 -0.0000 0.9478
vn -0.3039 -0.0000 0.9527
vn -0.2861 -0.0000 0.9582
vn -0.2623 -0.0000 0.9650
vn -0.2357 -0.0000 0.9718
vn -0.2096 -0.0000 0.9778
vn -0.1840 -0.0000 0.9829
vn -0.1589 -0.0000 0.9873
vn -0.1344 -0.0000 0.9909
vn -0.1104 -0.0000 0.9939
vn -0.0871 -0.0000 0.9962
vn -0.0644 -0.0000 0.9979
vn -0.0423 -0.0000 0.9991
vn -0.0209 -0.0000 0.9998
vn 0.0097 -0.0000 1.0000
vn 0.0609 -0.0000 0.9981
vn 0.1253 -0.0000 0.9921
vn 0.1934 -0.0000 0.9811
vn 0.2645 -0.0000 0.9644
vn 0.3375 -0.0000 0.9413
vn 0.4110 -0.0000 0.9116
vn 0.4837 -0.0000 0.8752
vn 0.5540 -0.0000 0.8325
vn 0.6204 -0.0000 0.7843
vn 0.6817 -0.0000 0.7317
vn 0.7370 -0.0000 0.6759
vn 0.7852 -0.0000 0.6193
vn 0.8263 -0.0000 0.5632
vn 0.8621 -0.0000 0.5068
vn 0.8933 -0.0000 0.4495
vn 0.8621 -0.0000 0.5067
vn 0.9198 -0.0000 0.3923
vn 0.9419 -0.0000 0.3359
vn 0.9597 -0.0000 0.2809
vn 0.9737 -0.0000 0.2278
vn 0.9842 -0.0000 0.1770
vn 0.9917 -0.0000 0.1288
vn 0.9965 -0.0000 0.0833
vn 0.9992 -0.0000 0.0404
vn 1.0000 -0.0000 -0.0000
vn 0.9992 -0.0000 -0.0408
vn 0.9964 -0.0000 -0.0848
vn 0.9912 -0.0000 -0.1324
vn 0.9830 -0.0000 -0.1839
vn 0.9710 -0.0000 -0.2391
vn 0.9546 -0.0000 -0.2980
vn 0.9329 -0.0000 -0.3601
vn 0.9053 -0.0000 -0.4249
vn 0.8710 -0.0000 -0.4913
vn 0.8297 -0.0000 -0.5581
vn 0.7814 -0.0000 -0.6240
vn 0.7291 -0.0000 -0.6844
vn 0.6765 -0.0000 -0.7365
vn 0.6218 -0.0000 -0.7832
vn 0.5630 -0.0000 -0.8265
vn 0.5007 -0.0000 -0.8656
vn 0.4360 -0.0000 -0.8999
vn 0.3701 -0.0000 -0.9290
vn 0.3039 -0.0000 -0.9527
vn 0.2385 -0.0000 -0.9711
vn 0.1748 -0.0000 -0.9846
vn 0.1136 -0.0000 -0.9935
vn 0.0554 -0.0000 -0.9985
vn 0.0087 -0.0000 -1.0000
vn -0.0194 -0.0000 -0.9998
vn -0.0395 -0.0000 -0.9992
vn -0.0605 -0.0000 -0.9982
vn -0.0823 -0.0000 -0.9966
vn -0.1049 -0.0000 -0.9945
vn -0.1284 -0.0000 -0.9917
vn -0.1527 -0.0000 -0.9883
vn -0.1780 -0.0000 -0.9840
vn -0.2041 -0.0000 -0.9790
vn -0.2311 -0.0000 -0.9729
vn -0.2589 -0.0000 -0.9659
vn -0.2839 -0.0000 -0.9588
vn -0.3026 -0.0000 -0.9531
vn -0.3183 -0.0000 -0.9480
vn -0.3345 -0.0000 -0.9424
vn -0.3512 -0.0000 -0.9363
vn -0.3684 -0.0000 -0.9296
vn -0.3862 -0.0000 -0.9224
vn -0.4045 -0.0000 -0.9145
vn -0.4234 -0.0000 -0.9060
vn -0.4428 -0.0000 -0.8966
vn -0.4234 -0.0000 -0.9059
vn -0.4627 -0.0000 -0.8865
vn -0.4831 -0.0000 -0.8756
vn -0.5068 -0.0000 -0.8621
vn -0.5259 -0.0000 -0.8505
vn -0.5376 -0.0000 -0.8432
vn -0.5495 -0.0000 -0.8355
vn -0.5618 -0.0000 -0.8273
vn -0.5743 -0.0000 -0.8187
vn -0.5870 -0.0000 -0.8096
vn -0.6001 -0.0000 -0.8000
vn -0.6134 -0.0000 -0.7898
vn -0.6269 -0.0000 -0.7791
vn -0.6407 -0.0000 -0.7678
vn -0.6548 -0.0000 -0.7558
vn -0.6660 -0.0000 -0.7459
vn -0.6715 -0.0000 -0.7410
vn -0.6741 -0.0000 -0.7386
vn -0.6768 -0.0000 -0.7362
vn -0.6796 -0.0000 -0.7335
vn -0.6826 -0.0000 -0.7308
vn -0.6856 -0.0000 -0.7279
vn -0.6888 -0.0000 -0.7249
vn -0.6922 -0.0000 -0.7217
vn -0.6957 -0.0000 -0.7184
vn -0.6993 -0.0000 -0.7148
vn -0.7031 -0.0000 -0.7111
vn -0.3814 -0.0000 -0.9244
vn 0.7071 -0.0000 -0.7071
vn 0.8359 -0.0000 0.5489
vn 0.3974 -0.0000 0.9177
vn 0.3971 -0.0000 0.9178
vn 0.3969 -0.0000 0.9179
vn 0.3967 -0.0000 0.9179
vn 0.3965 -0.0000 0.9180
vn 0.3963 -0.0000 0.9181
vn 0.3961 -0.0000 0.9182
vn 0.3960 -0.0000 0.9183
vn 0.3958 -0.0000 0.9183
vn 0.3956 -0.0000 0.9184
vn 0.3955 -0.0000 0.9185
vn 0.3926 -0.0000 0.9197
vn 0.3844 -0.0000 0.9232
vn 0.3734 -0.0000 0.9277
vn 0.3623 -0.0000 0.9321
vn 0.3511 -0.0000 0.9363
vn 0.3399 -0.0000 0.9405
vn 0.3285 -0.0000 0.9445
vn 0.3171 -0.0000 0.9484
vn 0.3056 -0.0000 0.9522
vn 0.2941 -0.0000 0.9558
vn 0.2825 -0.0000 0.9593
vn 0.2708 -0.0000 0.9626
vn 0.2631 -0.0000 0.9648
vn 0.2577 -0.0000 0.9662
vn 0.2505 -0.0000 0.9681
vn 0.2431 -0.0000 0.9700
vn 0.2355 -0.0000 0.9719
vn 0.2277 -0.0000 0.9737
vn 0.2196 -0.0000 0.9756
vn 0.2113 -0.0000 0.9774
vn 0.2028 -0.0000 0.9792
vn 0.1940 -0.0000 0.9810
vn 0.1850 -0.0000 0.9827
vn 0.1757 -0.0000 0.9844
vn 0.7723 -0.0000 -0.6353
vn 0.7234 -0.0000 -0.6905
vn 0.8166 -0.0000 -0.5772
vn 0.8564 -0.0000 -0.5164
vn 0.8910 -0.0000 -0.4540
vn 0.9204 -0.0000 -0.3910
vn 0.9445 -0.0000 -0.3285
vn 0.9636 -0.0000 -0.2674
vn 0.9781 -0.0000 -0.2082
vn 0.9884 -0.0000 -0.1517
vn 0.9952 -0.0000 -0.0981
vn 0.9989 -0.0000 -0.0476
vn 0.9989 -0.0000 0.0476
vn 0.9952 -0.0000 0.0980
vn 0.9884 -0.0000 0.1516
vn 0.9781 -0.0000 0.2081
vn 0.9637 -0.0000 0.2672
vn 0.9446 -0.0000 0.3282
vn 0.9636 -0.0000 0.2672
vn 0.9206 -0.0000 0.3906
vn 0.8913 -0.0000 0.4534
vn 0.8568 -0.0000 0.5156
vn 0.8173 -0.0000 0.5762
vn 0.7732 -0.0000 0.6342
vn 0.7244 -0.0000 0.6894
vn 0.6700 -0.0000 0.7423
vn 0.6106 -0.0000 0.7920
vn 0.5475 -0.0000 0.8368
vn 0.4821 -0.0000 0.8761
vn 0.4156 -0.0000 0.9095
vn 0.3492 -0.0000 0.9370
vn 0.2840 -0.0000 0.9588
vn 0.2210 -0.0000 0.9753
vn 0.1607 -0.0000 0.9870
vn 0.1037 -0.0000 0.9946
vn 0.0503 -0.0000 0.9987
vn -0.0001 -0.0000 1.0000
vn -0.0506 -0.0000 0.9987
vn -0.1043 -0.0000 0.9945
vn -0.1615 -0.0000 0.9869
vn -0.2219 -0.0000 0.9751
vn -0.2849 -0.0000 0.9586
vn -0.3499 -0.0000 0.9368
vn -0.4160 -0.0000 0.9094
vn -0.4821 -0.0000 0.8761
vn -0.5470 -0.0000 0.8371
vn -0.6094 -0.0000 0.7928
vn -0.6683 -0.0000 0.7439
vn -0.7223 -0.0000 0.6916
vn -0.7711 -0.0000 0.6367
vn -0.8155 -0.0000 0.5788
vn -0.8553 -0.0000 0.5181
vn -0.8901 -0.0000 0.4558
vn -0.9196 -0.0000 0.3928
vn -0.9439 -0.0000 0.3302
vn -0.9632 -0.0000 0.2688
vn -0.9778 -0.0000 0.2094
vn -0.9883 -0.0000 0.1526
vn -0.9951 -0.0000 0.0987
vn -0.9989 -0.0000 0.0479
vn -1.0000 -0.0000 0.0001
vn -0.9989 -0.0000 -0.0475
vn -0.9952 -0.0000 -0.0978
vn -0.9885 -0.0000 -0.1514
vn -0.9781 -0.0000 -0.2081
vn -0.9636 -0.0000 -0.2674
vn -0.9444 -0.0000 -0.3288
vn -0.9201 -0.0000 -0.3917
vn -0.8904 -0.0000 -0.4552
vn -0.8553 -0.0000 -0.5181
vn -0.8150 -0.0000 -0.5795
vn -0.7699 -0.0000 -0.6382
vn -0.7203 -0.0000 -0.6936
vn -0.6660 -0.0000 -0.7460
vn -0.6070 -0.0000 -0.7947
vn -0.5446 -0.0000 -0.8387
vn -0.4798 -0.0000 -0.8774
vn -0.4139 -0.0000 -0.9103
vn -0.3480 -0.0000 -0.9375
vn -0.2833 -0.0000 -0.9590
vn -0.2205 -0.0000 -0.9754
vn -0.1605 -0.0000 -0.9870
vn -0.1037 -0.0000 -0.9946
vn -0.0503 -0.0000 -0.9987
vn -0.0000 -0.0000 -1.0000
vn 0.0504 -0.0000 -0.9987
vn 0.1040 -0.0000 -0.9946
vn 0.1611 -0.0000 -0.9869
vn 0.2214 -0.0000 -0.9752
vn 0.2845 -0.0000 -0.9587
vn 0.3496 -0.0000 -0.9369
vn 0.4158 -0.0000 -0.9094
vn 0.4821 -0.0000 -0.8761
vn 0.5473 -0.0000 -0.8370
vn 0.6100 -0.0000 -0.7924
vn 0.6692 -0.0000 -0.7431
vn -0.9749 -0.0000 -0.2226
vn -0.9674 -0.0000 -0.2533
vn -0.9814 -0.0000 -0.1921
vn -0.9864 -0.0000 -0.1644
vn -0.9903 -0.0000 -0.1393
vn -0.9932 -0.0000 -0.1163
vn -0.9954 -0.0000 -0.0953
vn -0.9971 -0.0000 -0.0761
vn -0.9983 -0.0000 -0.0584
vn -0.9991 -0.0000 -0.0421
vn -0.9996 -0.0000 -0.0270
vn -0.9999 -0.0000 -0.0131
vn -1.0000 -0.0000 0.0003
vn -0.9999 -0.0000 0.0142
vn -0.9996 -0.0000 0.0292
vn -0.9990 -0.0000 0.0451
vn -0.9981 -0.0000 0.0619
vn -0.9968 -0.0000 0.0798
vn -0.9951 -0.0000 0.0988
vn -0.9929 -0.0000 0.1189
vn -0.9901 -0.0000 0.1404
vn -0.9866 -0.0000 0.1633
vn -0.9822 -0.0000 0.1876
vn -0.9769 -0.0000 0.2135
vn -0.9709 -0.0000 0.2394
vn -0.9647 -0.0000 0.2634
vn -0.9580 -0.0000 0.2869
vn -0.9502 -0.0000 0.3116
vn -0.9413 -0.0000 0.3376
vn -0.9311 -0.0000 0.3647
vn -0.9195 -0.0000 0.3931
vn -0.9063 -0.0000 0.4227
vn -0.8913 -0.0000 0.4535
vn -0.8743 -0.0000 0.4855
vn -0.8551 -0.0000 0.5185
vn -0.8336 -0.0000 0.5524
vn -0.8083 -0.0000 0.5888
vn -0.7830 -0.0000 0.6221
vn -0.7593 -0.0000 0.6507
vn -0.7335 -0.0000 0.6797
vn -0.7052 -0.0000 0.7090
vn -0.6744 -0.0000 0.7383
vn -0.6411 -0.0000 0.7675
vn -0.6052 -0.0000 0.7961
vn -0.5667 -0.0000 0.8239
vn -0.5257 -0.0000 0.8507
vn -0.4824 -0.0000 0.8760
vn -0.4369 -0.0000 0.8995
vn -0.3929 -0.0000 0.9196
vn -0.3544 -0.0000 0.9351
vn -0.3192 -0.0000 0.9477
vn -0.2843 -0.0000 0.9587
vn -0.2158 -0.0000 0.9764
vn -0.1824 -0.0000 0.9832
vn -0.1498 -0.0000 0.9887
vn -0.1180 -0.0000 0.9930
vn -0.0571 -0.0000 0.9984
vn -0.0281 -0.0000 0.9996
vn -0.0005 -0.0000 1.0000
vn 0.0262 -0.0000 0.9997
vn 0.0531 -0.0000 0.9986
vn 0.0808 -0.0000 0.9967
vn 0.1093 -0.0000 0.9940
vn 0.1384 -0.0000 0.9904
vn 0.1683 -0.0000 0.9857
vn 0.1987 -0.0000 0.9801
vn 0.2296 -0.0000 0.9733
vn 0.2609 -0.0000 0.9654
vn 0.2926 -0.0000 0.9562
vn 0.3245 -0.0000 0.9459
vn 0.3613 -0.0000 0.9324
vn 0.4069 -0.0000 0.9135
vn 0.4551 -0.0000 0.8905
vn 0.5007 -0.0000 0.8656
vn 0.5437 -0.0000 0.8393
vn 0.5838 -0.0000 0.8119
vn 0.6211 -0.0000 0.7837
vn 0.6555 -0.0000 0.7552
vn 0.6871 -0.0000 0.7266
vn 0.7160 -0.0000 0.6981
vn 0.7424 -0.0000 0.6700
vn 0.7664 -0.0000 0.6424
vn 0.7922 -0.0000 0.6103
vn 0.8190 -0.0000 0.5738
vn 0.8426 -0.0000 0.5386
vn 0.8635 -0.0000 0.5044
vn 0.8819 -0.0000 0.4715
vn 0.8981 -0.0000 0.4398
vn 0.9123 -0.0000 0.4095
vn 0.9247 -0.0000 0.3806
vn 0.9356 -0.0000 0.3531
vn 0.9451 -0.0000 0.3269
vn 0.9533 -0.0000 0.3020
vn 0.9605 -0.0000 0.2784
vn 0.9672 -0.0000 0.2540
vn 0.9799 -0.0000 0.1993
vn 0.9848 -0.0000 0.1734
vn 0.9888 -0.0000 0.1491
vn 0.9920 -0.0000 0.1263
vn 0.9945 -0.0000 0.1049
vn 0.9964 -0.0000 0.0847
vn 0.9978 -0.0000 0.0657
vn 0.9989 -0.0000 0.0478
vn 0.9995 -0.0000 0.0310
vn 0.9999 -0.0000 0.0151
vn 1.0000 -0.0000 0.0002
vn 0.9999 -0.0000 -0.0143
vn 0.9996 -0.0000 -0.0295
vn 0.9990 -0.0000 -0.0457
vn 0.9980 -0.0000 -0.0631
vn 0.9967 -0.0000 -0.0818
vn 0.9948 -0.0000 -0.1018
vn 0.9924 -0.0000 -0.1233
vn 0.9892 -0.0000 -0.1465
vn 0.9852 -0.0000 -0.1715
vn 0.9801 -0.0000 -0.1984
vn 0.9738 -0.0000 -0.2275
vn 0.9668 -0.0000 -0.2557
vn 0.9602 -0.0000 -0.2792
vn 0.9537 -0.0000 -0.3006
vn 0.9463 -0.0000 -0.3232
vn 0.9379 -0.0000 -0.3469
vn 0.9283 -0.0000 -0.3718
vn 0.9174 -0.0000 -0.3979
vn 0.9051 -0.0000 -0.4253
vn 0.8911 -0.0000 -0.4538
vn 0.8753 -0.0000 -0.4836
vn 0.8575 -0.0000 -0.5145
vn 0.8375 -0.0000 -0.5465
vn 0.8136 -0.0000 -0.5814
vn 0.7873 -0.0000 -0.6166
vn 0.7602 -0.0000 -0.6497
vn 0.7310 -0.0000 -0.6824
vn 0.6997 -0.0000 -0.7144
vn 0.6665 -0.0000 -0.7455
vn 0.6314 -0.0000 -0.7755
vn 0.5946 -0.0000 -0.8040
vn 0.5564 -0.0000 -0.8309
vn 0.5170 -0.0000 -0.8560
vn 0.4766 -0.0000 -0.8791
vn 0.4355 -0.0000 -0.9002
vn 0.3959 -0.0000 -0.9183
vn 0.3601 -0.0000 -0.9329
vn 0.3260 -0.0000 -0.9454
vn 0.2919 -0.0000 -0.9565
vn 0.2577 -0.0000 -0.9662
vn 0.1901 -0.0000 -0.9818
vn 0.1569 -0.0000 -0.9876
vn 0.1241 -0.0000 -0.9923
vn 0.0920 -0.0000 -0.9958
vn 0.0606 -0.0000 -0.9982
vn 0.0299 -0.0000 -0.9996
vn -0.0015 -0.0000 -1.0000
vn -0.0355 -0.0000 -0.9994
vn -0.0708 -0.0000 -0.9975
vn -0.1055 -0.0000 -0.9944
vn -0.1397 -0.0000 -0.9902
vn -0.1732 -0.0000 -0.9849
vn -0.2059 -0.0000 -0.9786
vn -0.2378 -0.0000 -0.9713
vn -0.2687 -0.0000 -0.9632
vn -0.2987 -0.0000 -0.9544
vn -0.3276 -0.0000 -0.9448
vn -0.3555 -0.0000 -0.9347
vn -0.3854 -0.0000 -0.9228
vn -0.4209 -0.0000 -0.9071
vn -0.4597 -0.0000 -0.8881
vn -0.4986 -0.0000 -0.8668
vn -0.5375 -0.0000 -0.8433
vn -0.5759 -0.0000 -0.8175
vn -0.6136 -0.0000 -0.7896
vn -0.6503 -0.0000 -0.7596
vn -0.6858 -0.0000 -0.7277
vn -0.7198 -0.0000 -0.6941
vn -0.7521 -0.0000 -0.6591
vn -0.7824 -0.0000 -0.6228
vn -0.8092 -0.0000 -0.5875
vn -0.8310 -0.0000 -0.5562
vn -0.8496 -0.0000 -0.5274
vn -0.8668 -0.0000 -0.4987
vn -0.8826 -0.0000 -0.4701
vn -0.8972 -0.0000 -0.4416
vn -0.9105 -0.0000 -0.4136
vn -0.8972 -0.0000 -0.4417
vn -0.9225 -0.0000 -0.3859
vn -0.9335 -0.0000 -0.3587
vn -0.9433 -0.0000 -0.3320
vn -0.9520 -0.0000 -0.3060
vn -0.9598 -0.0000 -0.2806
vn -0.9598 -0.0000 -0.2805
vn 0.7461 -0.0000 -0.6658
vn -0.1588 -0.0000 0.9873
vn -0.2983 -0.0000 0.9545
vn -0.2691 -0.0000 0.9631
vn -0.2429 -0.0000 0.9701
vn -0.2192 -0.0000 0.9757
vn -0.1978 -0.0000 0.9802
vn -0.1784 -0.0000 0.9840
vn -0.1607 -0.0000 0.9870
vn -0.1445 -0.0000 0.9895
vn -0.1296 -0.0000 0.9916
vn -0.1160 -0.0000 0.9932
vn -0.1297 -0.0000 0.9916
vn -0.1035 -0.0000 0.9946
vn -0.0923 -0.0000 0.9957
vn -0.1034 -0.0000 0.9946
vn -0.0827 -0.0000 0.9966
vn -0.0740 -0.0000 0.9973
vn -0.0655 -0.0000 0.9979
vn -0.0573 -0.0000 0.9984
vn -0.0494 -0.0000 0.9988
vn -0.0417 -0.0000 0.9991
vn -0.0342 -0.0000 0.9994
vn -0.0269 -0.0000 0.9996
vn -0.0199 -0.0000 0.9998
vn -0.0131 -0.0000 0.9999
vn -0.0065 -0.0000 1.0000
vn 0.0044 -0.0000 1.0000
vn 0.0240 -0.0000 0.9997
vn 0.0476 -0.0000 0.9989
vn 0.0707 -0.0000 0.9975
vn 0.0934 -0.0000 0.9956
vn 0.1155 -0.0000 0.9933
vn 0.1372 -0.0000 0.9905
vn 0.1583 -0.0000 0.9874
vn 0.1788 -0.0000 0.9839
vn 0.1988 -0.0000 0.9800
vn 0.2183 -0.0000 0.9759
vn 0.2372 -0.0000 0.9715
vn 0.2533 -0.0000 0.9674
vn 0.2643 -0.0000 0.9644
vn 0.2730 -0.0000 0.9620
vn 0.2816 -0.0000 0.9595
vn 0.2903 -0.0000 0.9569
vn 0.2990 -0.0000 0.9542
vn 0.3077 -0.0000 0.9515
vn 0.2990 -0.0000 0.9543
vn 0.3164 -0.0000 0.9486
vn 0.3252 -0.0000 0.9457
vn 0.3339 -0.0000 0.9426
vn 0.3426 -0.0000 0.9395
vn 0.3514 -0.0000 0.9362
vn 0.8233 -0.0000 0.5676
vn 0.3513 -0.0000 0.9362
vn -0.7071 -0.0000 0.7071
vn 0.4050 -0.0000 -0.9143
vn -0.6686 -0.0000 -0.7436
vn -0.6620 -0.0000 -0.7495
vn -0.6560 -0.0000 -0.7548
vn -0.6505 -0.0000 -0.7595
vn -0.6455 -0.0000 -0.7638
vn -0.6408 -0.0000 -0.7677
vn -0.6365 -0.0000 -0.7713
vn -0.6325 -0.0000 -0.7746
vn -0.6288 -0.0000 -0.7776
vn -0.6253 -0.0000 -0.7804
vn -0.6221 -0.0000 -0.7829
vn -0.6180 -0.0000 -0.7862
vn -0.6116 -0.0000 -0.7912
vn -0.6038 -0.0000 -0.7971
vn -0.5956 -0.0000 -0.8033
vn -0.5869 -0.0000 -0.8096
vn -0.5777 -0.0000 -0.8162
vn -0.5869 -0.0000 -0.8097
vn -0.5680 -0.0000 -0.8230
vn -0.5578 -0.0000 -0.8300
vn -0.5469 -0.0000 -0.8372
vn -0.5353 -0.0000 -0.8447
vn -0.5230 -0.0000 -0.8523
vn -0.5099 -0.0000 -0.8602
vn -0.5057 -0.0000 -0.8627
vn -0.5100 -0.0000 -0.8602
vn -0.4987 -0.0000 -0.8668
vn -0.4612 -0.0000 -0.8873
vn -0.4430 -0.0000 -0.8965
vn -0.4613 -0.0000 -0.8873
vn -0.4251 -0.0000 -0.9051
vn -0.4076 -0.0000 -0.9131
vn -0.4252 -0.0000 -0.9051
vn -0.3905 -0.0000 -0.9206
vn -0.3738 -0.0000 -0.9275
vn -0.3574 -0.0000 -0.9340
vn -0.3737 -0.0000 -0.9275
vn -0.3414 -0.0000 -0.9399
vn -0.3258 -0.0000 -0.9454
vn -0.3091 -0.0000 -0.9510
vn -0.2892 -0.0000 -0.9573
vn -0.2671 -0.0000 -0.9637
vn -0.2442 -0.0000 -0.9697
vn -0.2204 -0.0000 -0.9754
vn -0.1957 -0.0000 -0.9807
vn -0.1702 -0.0000 -0.9854
vn -0.1438 -0.0000 -0.9896
vn -0.0885 -0.0000 -0.9961
vn -0.0597 -0.0000 -0.9982
vn -0.0302 -0.0000 -0.9995
vn -0.0064 -0.0000 -1.0000
vn 0.0048 -0.0000 -1.0000
vn 0.0094 -0.0000 -1.0000
vn 0.0139 -0.0000 -0.9999
vn 0.0182 -0.0000 -0.9998
vn 0.0223 -0.0000 -0.9998
vn 0.0263 -0.0000 -0.9997
vn 0.0301 -0.0000 -0.9995
vn 0.0375 -0.0000 -0.9993
vn 0.0409 -0.0000 -0.9992
vn 0.0443 -0.0000 -0.9990
vn 0.0479 -0.0000 -0.9989
vn 0.0524 -0.0000 -0.9986
vn 0.0573 -0.0000 -0.9984
vn 0.0624 -0.0000 -0.9981
vn 0.0677 -0.0000 -0.9977
vn 0.0731 -0.0000 -0.9973
vn 0.0787 -0.0000 -0.9969
vn 0.0845 -0.0000 -0.9964
vn 0.0906 -0.0000 -0.9959
vn 0.0968 -0.0000 -0.9953
vn 0.1032 -0.0000 -0.9947
vn 0.1099 -0.0000 -0.9939
vn 0.1234 -0.0000 0.9924
vn 0.1375 -0.0000 0.9905
vn 0.1374 -0.0000 0.9905
vn 0.1086 -0.0000 0.9941
vn 0.0947 -0.0000 0.9955
vn 0.0816 -0.0000 0.9967
vn 0.0692 -0.0000 0.9976
vn 0.0576 -0.0000 0.9983
vn 0.0467 -0.0000 0.9989
vn 0.0363 -0.0000 0.9993
vn 0.0265 -0.0000 0.9996
vn 0.0172 -0.0000 0.9999
vn 0.0084 -0.0000 1.0000
vn -0.0081 -0.0000 1.0000
vn -0.0418 -0.0000 0.9991
vn -0.0865 -0.0000 0.9963
vn -0.1345 -0.0000 0.9909
vn -0.1859 -0.0000 0.9826
vn -0.2405 -0.0000 0.9706
vn -0.2981 -0.0000 0.9545
vn -0.3583 -0.0000 0.9336
vn -0.4203 -0.0000 0.9074
vn -0.4834 -0.0000 0.8754
vn -0.5464 -0.0000 0.8375
vn -0.6083 -0.0000 0.7937
vn -0.6675 -0.0000 0.7446
vn -0.7234 -0.0000 0.6904
vn -0.7755 -0.0000 0.6313
vn -0.8231 -0.0000 0.5680
vn -0.8651 -0.0000 0.5016
vn -0.9012 -0.0000 0.4334
vn -0.9311 -0.0000 0.3649
vn -0.9548 -0.0000 0.2972
vn -0.9728 -0.0000 0.2314
vn -0.9857 -0.0000 0.1684
vn -0.9728 -0.0000 0.2315
vn -0.9941 -0.0000 0.1087
vn -0.9986 -0.0000 0.0527
vn -1.0000 -0.0000 0.0006
vn -0.9988 -0.0000 -0.0499
vn -0.9947 -0.0000 -0.1025
vn -0.9874 -0.0000 -0.1582
vn -0.9763 -0.0000 -0.2164
vn -0.9609 -0.0000 -0.2769
vn -0.9408 -0.0000 -0.3389
vn -0.9158 -0.0000 -0.4017
vn -0.8857 -0.0000 -0.4643
vn -0.8506 -0.0000 -0.5258
vn -0.8110 -0.0000 -0.5851
vn -0.7673 -0.0000 -0.6413
vn -0.7193 -0.0000 -0.6947
vn -0.6657 -0.0000 -0.7463
vn -0.6069 -0.0000 -0.7948
vn -0.5445 -0.0000 -0.8387
vn -0.6068 -0.0000 -0.7948
vn -0.4799 -0.0000 -0.8773
vn -0.4140 -0.0000 -0.9103
vn -0.3482 -0.0000 -0.9374
vn -0.2835 -0.0000 -0.9590
vn -0.2208 -0.0000 -0.9753
vn -0.1607 -0.0000 -0.9870
vn -0.1038 -0.0000 -0.9946
vn -0.0504 -0.0000 -0.9987
vn -0.0008 -0.0000 -1.0000
vn 0.0473 -0.0000 -0.9989
vn 0.0979 -0.0000 -0.9952
vn 0.1525 -0.0000 -0.9883
vn 0.2109 -0.0000 -0.9775
vn 0.2728 -0.0000 -0.9621
vn 0.3378 -0.0000 -0.9412
vn 0.4049 -0.0000 -0.9144
vn 0.4732 -0.0000 -0.8809
vn 0.5414 -0.0000 -0.8408
vn 0.6079 -0.0000 -0.7940
vn 0.6713 -0.0000 -0.7411
vn 0.7295 -0.0000 -0.6840
vn 0.6714 -0.0000 -0.7411
vn 0.7809 -0.0000 -0.6247
vn 0.8263 -0.0000 -0.5632
vn 0.8660 -0.0000 -0.5000
vn 0.8999 -0.0000 -0.4361
vn 0.9279 -0.0000 -0.3728
vn 0.9504 -0.0000 -0.3109
vn 0.9679 -0.0000 -0.2514
vn 0.9809 -0.0000 -0.1946
vn 0.9900 -0.0000 -0.1410
vn 0.9959 -0.0000 -0.0907
vn 0.9990 -0.0000 -0.0439
vn 0.9999 -0.0000 -0.0107
vn 0.7339 -0.0000 0.6793
vn 0.9959 -0.0000 -0.0909
vn 0.9929 -0.0000 -0.1191
vn 0.9889 -0.0000 -0.1486
vn 0.9838 -0.0000 -0.1795
vn 0.9773 -0.0000 -0.2117
vn 0.9694 -0.0000 -0.2453
vn 0.9773 -0.0000 -0.2118
vn 0.9599 -0.0000 -0.2803
vn 0.9694 -0.0000 -0.2454
vn 0.9486 -0.0000 -0.3164
vn 0.9354 -0.0000 -0.3537
vn 0.9200 -0.0000 -0.3920
vn 0.9023 -0.0000 -0.4311
vn 0.8833 -0.0000 -0.4688
vn 0.8643 -0.0000 -0.5029
vn 0.8446 -0.0000 -0.5354
vn 0.8643 -0.0000 -0.5030
vn 0.8231 -0.0000 -0.5678
vn 0.8000 -0.0000 -0.6001
vn 0.8232 -0.0000 -0.5678
vn 0.7750 -0.0000 -0.6320
vn 0.7999 -0.0000 -0.6001
vn 0.7483 -0.0000 -0.6633
vn 0.7201 -0.0000 -0.6939
vn 0.7484 -0.0000 -0.6633
vn 0.6903 -0.0000 -0.7235
vn 0.6591 -0.0000 -0.7520
vn 0.6267 -0.0000 -0.7792
vn 0.5933 -0.0000 -0.8050
vn 0.5646 -0.0000 -0.8254
vn 0.5383 -0.0000 -0.8427
vn 0.5645 -0.0000 -0.8254
vn 0.5090 -0.0000 -0.8608
vn 0.4794 -0.0000 -0.8776
vn 0.4497 -0.0000 -0.8932
vn 0.4199 -0.0000 -0.9076
vn 0.3903 -0.0000 -0.9207
vn 0.3609 -0.0000 -0.9326
vn 0.3317 -0.0000 -0.9434
vn 0.3608 -0.0000 -0.9326
vn 0.2746 -0.0000 -0.9616
vn 0.2468 -0.0000 -0.9691
vn 0.2746 -0.0000 -0.9615
vn 0.2212 -0.0000 -0.9752
vn 0.1991 -0.0000 -0.9800
vn 0.1791 -0.0000 -0.9838
vn 0.1593 -0.0000 -0.9872
vn 0.1400 -0.0000 -0.9901
vn 0.1594 -0.0000 -0.9872
vn 0.1211 -0.0000 -0.9926
vn 0.1026 -0.0000 -0.9947
vn 0.0844 -0.0000 -0.9964
vn 0.0667 -0.0000 -0.9978
vn 0.0494 -0.0000 -0.9988
vn 0.0326 -0.0000 -0.9995
vn 0.0161 -0.0000 -0.9999
vn -0.0006 -0.0000 -1.0000
vn -0.0185 -0.0000 -0.9998
vn -0.0371 -0.0000 -0.9993
vn -0.0557 -0.0000 -0.9984
vn -0.0744 -0.0000 -0.9972
vn -0.0931 -0.0000 -0.9957
vn -0.1118 -0.0000 -0.9937
vn -0.1305 -0.0000 -0.9914
vn -0.1492 -0.0000 -0.9888
vn -0.1678 -0.0000 -0.9858
vn -0.1863 -0.0000 -0.9825
vn -0.2047 -0.0000 -0.9788
vn -0.2220 -0.0000 -0.9750
vn -0.2373 -0.0000 -0.9714
vn -0.2518 -0.0000 -0.9678
vn -0.2666 -0.0000 -0.9638
vn -0.2816 -0.0000 -0.9595
vn -0.2968 -0.0000 -0.9549
vn -0.3123 -0.0000 -0.9500
vn -0.3280 -0.0000 -0.9447
vn -0.3439 -0.0000 -0.9390
vn -0.3601 -0.0000 -0.9329
vn -0.3764 -0.0000 -0.9265
vn -0.3929 -0.0000 -0.9196
vn -0.3764 -0.0000 -0.9264
vn -0.4049 -0.0000 -0.9144
vn -0.3930 -0.0000 -0.9196
vn -0.4129 -0.0000 -0.9108
vn -0.4218 -0.0000 -0.9067
vn -0.4130 -0.0000 -0.9108
vn -0.4308 -0.0000 -0.9025
vn -0.4399 -0.0000 -0.8980
vn -0.4308 -0.0000 -0.9024
vn -0.4491 -0.0000 -0.8935
vn -0.4399 -0.0000 -0.8981
vn -0.4584 -0.0000 -0.8888
vn -0.4678 -0.0000 -0.8838
vn -0.4773 -0.0000 -0.8787
vn -0.4678 -0.0000 -0.8839
vn -0.4869 -0.0000 -0.8735
vn -0.4773 -0.0000 -0.8788
vn -0.4966 -0.0000 -0.8680
vn -0.5064 -0.0000 -0.8623
vn -0.5149 -0.0000 -0.8573
vn -0.5063 -0.0000 -0.8623
vn -0.5209 -0.0000 -0.8536
vn -0.5258 -0.0000 -0.8506
vn -0.5208 -0.0000 -0.8536
vn -0.5309 -0.0000 -0.8474
vn -0.5257 -0.0000 -0.8506
vn -0.5363 -0.0000 -0.8440
vn -0.5421 -0.0000 -0.8403
vn -0.5482 -0.0000 -0.8363
vn -0.5547 -0.0000 -0.8320
vn -0.5483 -0.0000 -0.8363
vn -0.5617 -0.0000 -0.8274
vn -0.5548 -0.0000 -0.8320
vn -0.5691 -0.0000 -0.8223
vn -0.5617 -0.0000 -0.8273
vn -0.5770 -0.0000 -0.8168
vn -0.5854 -0.0000 -0.8107
vn -0.3102 -0.0000 -0.9507
vn 0.8270 -0.0000 0.5621
vn 0.3684 -0.0000 0.9297
vn 0.8271 -0.0000 0.5621
vn 0.3692 -0.0000 0.9294
vn 0.3699 -0.0000 0.9291
vn 0.3691 -0.0000 0.9294
vn 0.3707 -0.0000 0.9287
vn 0.3716 -0.0000 0.9284
vn 0.3724 -0.0000 0.9281
vn 0.3733 -0.0000 0.9277
vn 0.3742 -0.0000 0.9274
vn 0.3751 -0.0000 0.9270
vn 0.3742 -0.0000 0.9273
vn 0.3761 -0.0000 0.9266
vn 0.3771 -0.0000 0.9262
vn 0.3732 -0.0000 0.9278
vn 0.3600 -0.0000 0.9329
vn 0.3434 -0.0000 0.9392
vn 0.3282 -0.0000 0.9446
vn 0.3433 -0.0000 0.9392
vn 0.3142 -0.0000 0.9493
vn 0.3281 -0.0000 0.9446
vn 0.3015 -0.0000 0.9535
vn 0.2897 -0.0000 0.9571
vn 0.2789 -0.0000 0.9603
vn 0.2688 -0.0000 0.9632
vn 0.2595 -0.0000 0.9657
vn 0.2508 -0.0000 0.9680
vn 0.2428 -0.0000 0.9701
vn 0.2442 -0.0000 0.9697
vn 0.2447 -0.0000 0.9696
vn 0.2349 -0.0000 0.9720
vn 0.2252 -0.0000 0.9743
vn 0.2155 -0.0000 0.9765
vn 0.2058 -0.0000 0.9786
vn 0.1961 -0.0000 0.9806
vn 0.1865 -0.0000 0.9825
vn 0.1769 -0.0000 0.9842
vn 0.1674 -0.0000 0.9859
vn 0.1579 -0.0000 0.9874
vn 0.1485 -0.0000 0.9889
vn -0.7228 -0.0000 -0.6910
vn 0.7344 -0.0000 -0.6787
vn -0.9980 -0.0000 0.0640
vn -0.9946 -0.0000 0.1034
vn -0.9893 -0.0000 0.1459
vn -0.9815 -0.0000 0.1915
vn -0.9707 -0.0000 0.2402
vn -0.9564 -0.0000 0.2920
vn -0.9380 -0.0000 0.3466
vn -0.9149 -0.0000 0.4036
vn -0.9380 -0.0000 0.3465
vn -0.8866 -0.0000 0.4625
vn -0.8526 -0.0000 0.5225
vn -0.8128 -0.0000 0.5826
vn -0.8527 -0.0000 0.5225
vn -0.7656 -0.0000 0.6433
vn -0.7095 -0.0000 0.7047
vn -0.6462 -0.0000 0.7632
vn -0.5784 -0.0000 0.8157
vn -0.6462 -0.0000 0.7631
vn -0.5077 -0.0000 0.8615
vn -0.4358 -0.0000 0.9000
vn -0.3643 -0.0000 0.9313
vn -0.4358 -0.0000 0.9001
vn -0.2946 -0.0000 0.9556
vn -0.2279 -0.0000 0.9737
vn -0.1648 -0.0000 0.9863
vn -0.1057 -0.0000 0.9944
vn -0.0510 -0.0000 0.9987
vn 0.0003 -0.0000 1.0000
vn 0.0521 -0.0000 0.9986
vn 0.1073 -0.0000 0.9942
vn 0.1660 -0.0000 0.9861
vn 0.2276 -0.0000 0.9738
vn 0.2917 -0.0000 0.9565
vn 0.3575 -0.0000 0.9339
vn 0.4241 -0.0000 0.9056
vn 0.4902 -0.0000 0.8716
vn 0.5548 -0.0000 0.8320
vn 0.6165 -0.0000 0.7874
vn 0.5547 -0.0000 0.8320
vn 0.6744 -0.0000 0.7384
vn 0.7265 -0.0000 0.6872
vn 0.7722 -0.0000 0.6354
vn 0.8131 -0.0000 0.5822
vn 0.8499 -0.0000 0.5270
vn 0.8824 -0.0000 0.4706
vn 0.9103 -0.0000 0.4139
vn 0.9339 -0.0000 0.3576
vn 0.9532 -0.0000 0.3024
vn 0.9686 -0.0000 0.2488
vn 0.9804 -0.0000 0.1972
vn 0.9890 -0.0000 0.1480
vn 0.9948 -0.0000 0.1014
vt 0.220149 0.000000
vt 0.227612 0.000000
vt 0.223881 0.000000
vt 0.231343 0.000000
vt 0.216418 0.000000
vt 0.235075 0.000000
vt 0.212687 0.000000
vt 0.238806 0.000000
vt 0.208955 0.000000
vt 0.242537 0.000000
vt 0.205224 0.000000
vt 0.246269 0.000000
vt 0.201493 0.000000
vt 0.250000 0.000000
vt 0.197761 0.000000
vt 0.253731 0.000000
vt 0.194030 0.000000
vt 0.257463 0.000000
vt 0.190299 0.000000
vt 0.261194 0.000000
vt 0.186567 0.000000
vt 0.264925 0.000000
vt 0.182836 0.000000
vt 0.268657 0.000000
vt 0.179104 0.000000
vt 0.272388 0.000000
vt 0.276119 0.000000
vt 0.175373 0.000000
vt 0.279851 0.000000
vt 0.171642 0.000000
vt 0.914179 0.000000
vt 0.910448 0.000000
vt 0.283582 0.000000
vt 0.167910 0.000000
vt 0.917910 0.000000
vt 0.906716 0.000000
vt 0.921642 0.000000
vt 0.902985 0.000000
vt 0.925373 0.000000
vt 0.899254 0.000000
vt 0.929105 0.000000
vt 0.895522 0.000000
vt 0.932836 0.000000
vt 0.891791 0.000000
vt 0.936567 0.000000
vt 0.888060 0.000000
vt 0.940298 0.000000
vt 0.884328 0.000000
vt 0.287313 0.000000
vt 0.944030 0.000000
vt 0.880597 0.000000
vt 0.947761 0.000000
vt 0.164179 0.000000
vt 0.876866 0.000000
vt 0.951493 0.000000
vt 0.873134 0.000000
vt 0.955224 0.000000
vt 0.869403 0.000000
vt 0.291045 0.000000
vt 0.958955 0.000000
vt 0.865672 0.000000
vt 0.160448 0.000000
vt 0.962687 0.000000
vt 0.861940 0.000000
vt 0.966418 0.000000
vt 0.858209 0.000000
vt 0.970149 0.000000
vt 0.294776 0.000000
vt 0.854478 0.000000
vt 0.973881 0.000000
vt 0.156716 0.000000
vt 0.850746 0.000000
vt 0.977612 0.000000
vt 0.847015 0.000000
vt 0.298507 0.000000
vt 0.981343 0.000000
vt 0.843284 0.000000
vt 0.152985 0.000000
vt 0.985075 0.000000
vt 0.839552 0.000000
vt 0.988806 0.000000
vt 0.302239 0.000000
vt 0.835821 0.000000
vt 0.992537 0.000000
vt 0.149254 0.000000
vt 0.832090 0.000000
vt 0.996269 0.000000
vt 0.305970 0.000000
vt 0.828358 0.000000
vt 1.000000 0.000000
vt 0.145522 0.000000
vt 0.824627 0.000000
vt 0.820895 0.000000
vt 0.309702 0.000000
vt 0.141791 0.000000
vt 0.313433 0.000000
vt 0.138060 0.000000
vt 0.317164 0.000000
vt 0.134328 0.000000
vt 0.130597 0.000000
vt 0.126866 0.000000
vt 0.320896 0.000000
vt 0.324627 0.000000
vt 0.328358 0.000000
vt 0.332090 0.000000
vt 0.123134 0.000000
vt 0.335821 0.000000
vt 0.339552 0.000000
vt 0.343284 0.000000
vt 0.347015 0.000000
vt 0.119403 0.000000
vt 0.350746 0.000000
vt 0.354478 0.000000
vt 0.358209 0.000000
vt 0.361940 0.000000
vt 0.115672 0.000000
vt 0.365672 0.000000
vt 0.369403 0.000000
vt 0.373134 0.000000
vt 0.675373 0.000000
vt 0.682836 0.000000
vt 0.679105 0.000000
vt 0.686567 0.000000
vt 0.671642 0.000000
vt 0.376866 0.000000
vt 0.667910 0.000000
vt 0.111940 0.000000
vt 0.664179 0.000000
vt 0.660448 0.000000
vt 0.380597 0.000000
vt 0.656716 0.000000
vt 0.652985 0.000000
vt 0.384328 0.000000
vt 0.649254 0.000000
vt 0.645522 0.000000
vt 0.388060 0.000000
vt 0.641791 0.000000
vt 0.638060 0.000000
vt 0.391791 0.000000
vt 0.634328 0.000000
vt 0.630597 0.000000
vt 0.395522 0.000000
vt 0.626866 0.000000
vt 0.108209 0.000000
vt 0.623134 0.000000
vt 0.399254 0.000000
vt 0.619403 0.000000
vt 0.615672 0.000000
vt 0.402985 0.000000
vt 0.611940 0.000000
vt 0.406716 0.000000
vt 0.608209 0.000000
vt 0.604478 0.000000
vt 0.410448 0.000000
vt 0.600746 0.000000
vt 0.597015 0.000000
vt 0.414179 0.000000
vt 0.593284 0.000000
vt 0.417910 0.000000
vt 0.589552 0.000000
vt 0.585821 0.000000
vt 0.421642 0.000000
vt 0.104478 0.000000
vt 0.582090 0.000000
vt 0.425373 0.000000
vt 0.578358 0.000000
vt 0.429104 0.000000
vt 0.574627 0.000000
vt 0.570895 0.000000
vt 0.432836 0.000000
vt 0.567164 0.000000
vt 0.436567 0.000000
vt 0.563433 0.000000
vt 0.440298 0.000000
vt 0.559702 0.000000
vt 0.444030 0.000000
vt 0.555970 0.000000
vt 0.447761 0.000000
vt 0.552239 0.000000
vt 0.451493 0.000000
vt 0.548507 0.000000
vt 0.455224 0.000000
vt 0.544776 0.000000
vt 0.100746 0.000000
vt 0.458955 0.000000
vt 0.541045 0.000000
vt 0.537313 0.000000
vt 0.462687 0.000000
vt 0.533582 0.000000
vt 0.466418 0.000000
vt 0.529851 0.000000
vt 0.470149 0.000000
vt 0.526119 0.000000
vt 0.473881 0.000000
vt 0.522388 0.000000
vt 0.477612 0.000000
vt 0.518657 0.000000
vt 0.481343 0.000000
vt 0.514925 0.000000
vt 0.485075 0.000000
vt 0.511194 0.000000
vt 0.488806 0.000000
vt 0.507463 0.000000
vt 0.492537 0.000000
vt 0.503731 0.000000
vt 0.496269 0.000000
vt 0.500000 0.000000
vt 0.097015 0.000000
vt 0.093284 0.000000
vt 0.089552 0.000000
vt 0.085821 0.000000
vt 0.082090 0.000000
vt 0.078358 0.000000
vt 0.690298 0.000000
vt 0.694030 0.000000
vt 0.697761 0.000000
vt 0.074627 0.000000
vt 0.701493 0.000000
vt 0.705224 0.000000
vt 0.708955 0.000000
vt 0.712687 0.000000
vt 0.716418 0.000000
vt 0.720149 0.000000
vt 0.723881 0.000000
vt 0.070896 0.000000
vt 0.727612 0.000000
vt 0.731343 0.000000
vt 0.735075 0.000000
vt 0.738806 0.000000
vt 0.742537 0.000000
vt 0.746269 0.000000
vt 0.750000 0.000000
vt 0.067164 0.000000
vt 0.753731 0.000000
vt 0.757463 0.000000
vt 0.761194 0.000000
vt 0.764925 0.000000
vt 0.768657 0.000000
vt 0.063433 0.000000
vt 0.772388 0.000000
vt 0.776119 0.000000
vt 0.779851 0.000000
vt 0.783582 0.000000
vt 0.787313 0.000000
vt 0.059701 0.000000
vt 0.791045 0.000000
vt 0.794776 0.000000
vt 0.798507 0.000000
vt 0.802239 0.000000
vt 0.055970 0.000000
vt 0.805970 0.000000
vt 0.809702 0.000000
vt 0.813433 0.000000
vt 0.817164 0.000000
vt 0.000000 0.000000
vt 0.052239 0.000000
vt 0.003731 0.000000
vt 0.007463 0.000000
vt 0.011194 0.000000
vt 0.014925 0.000000
vt 0.048507 0.000000
vt 0.018657 0.000000
vt 0.022388 0.000000
vt 0.026119 0.000000
vt 0.029851 0.000000
vt 0.044776 0.000000
vt 0.033582 0.000000
vt 0.037313 0.000000
vt 0.041045 0.000000
vt 0.809524 0.000000
vt 0.825397 0.000000
vt 0.817460 0.000000
vt 0.833333 0.000000
vt 0.841270 0.000000
vt 0.849206 0.000000
vt 0.857143 0.000000
vt 0.801587 0.000000
vt 0.865079 0.000000
vt 0.873016 0.000000
vt 0.880952 0.000000
vt 0.888889 0.000000
vt 0.793651 0.000000
vt 0.896825 0.000000
vt 0.904762 0.000000
vt 0.912698 0.000000
vt 0.920635 0.000000
vt 0.785714 0.000000
vt 0.928571 0.000000
vt 0.936508 0.000000
vt 0.944444 0.000000
vt 0.952381 0.000000
vt 0.777778 0.000000
vt 0.960317 0.000000
vt 0.968254 0.000000
vt 0.976190 0.000000
vt 0.984127 0.000000
vt 0.769841 0.000000
vt 0.992063 0.000000
vt 0.412698 0.000000
vt 0.428571 0.000000
vt 0.420635 0.000000
vt 0.436508 0.000000
vt 0.007937 0.000000
vt 0.761905 0.000000
vt 0.753968 0.000000
vt 0.746032 0.000000
vt 0.738095 0.000000
vt 0.730159 0.000000
vt 0.722222 0.000000
vt 0.714286 0.000000
vt 0.706349 0.000000
vt 0.698413 0.000000
vt 0.690476 0.000000
vt 0.682540 0.000000
vt 0.674603 0.000000
vt 0.666667 0.000000
vt 0.658730 0.000000
vt 0.650794 0.000000
vt 0.642857 0.000000
vt 0.634921 0.000000
vt 0.626984 0.000000
vt 0.619048 0.000000
vt 0.611111 0.000000
vt 0.603175 0.000000
vt 0.595238 0.000000
vt 0.587302 0.000000
vt 0.579365 0.000000
vt 0.571429 0.000000
vt 0.563492 0.000000
vt 0.555556 0.000000
vt 0.547619 0.000000
vt 0.539683 0.000000
vt 0.531746 0.000000
vt 0.523810 0.000000
vt 0.515873 0.000000
vt 0.507937 0.000000
vt 0.492063 0.000000
vt 0.484127 0.000000
vt 0.476190 0.000000
vt 0.468254 0.000000
vt 0.460317 0.000000
vt 0.452381 0.000000
vt 0.444444 0.000000
vt 0.396825 0.000000
vt 0.388889 0.000000
vt 0.380952 0.000000
vt 0.373016 0.000000
vt 0.365079 0.000000
vt 0.357143 0.000000
vt 0.349206 0.000000
vt 0.341270 0.000000
vt 0.333333 0.000000
vt 0.325397 0.000000
vt 0.317460 0.000000
vt 0.309524 0.000000
vt 0.301587 0.000000
vt 0.293651 0.000000
vt 0.285714 0.000000
vt 0.277778 0.000000
vt 0.269841 0.000000
vt 0.261905 0.000000
vt 0.253968 0.000000
vt 0.246032 0.000000
vt 0.238095 0.000000
vt 0.230159 0.000000
vt 0.222222 0.000000
vt 0.214286 0.000000
vt 0.206349 0.000000
vt 0.198413 0.000000
vt 0.190476 0.000000
vt 0.182540 0.000000
vt 0.174603 0.000000
vt 0.166667 0.000000
vt 0.158730 0.000000
vt 0.150794 0.000000
vt 0.142857 0.000000
vt 0.134921 0.000000
vt 0.126984 0.000000
vt 0.119048 0.000000
vt 0.111111 0.000000
vt 0.103175 0.000000
vt 0.095238 0.000000
vt 0.087302 0.000000
vt 0.079365 0.000000
vt 0.071429 0.000000
vt 0.063492 0.000000
vt 0.055556 0.000000
vt 0.047619 0.000000
vt 0.039683 0.000000
vt 0.031746 0.000000
vt 0.023810 0.000000
vt 0.015873 0.000000
vt 0.404762 0.000000
vt 0.289199 0.000000
vt 0.296167 0.000000
vt 0.292683 0.000000
vt 0.299652 0.000000
vt 0.282230 0.000000
vt 0.303136 0.000000
vt 0.278746 0.000000
vt 0.306620 0.000000
vt 0.275261 0.000000
vt 0.310105 0.000000
vt 0.271777 0.000000
vt 0.313589 0.000000
vt 0.268293 0.000000
vt 0.317073 0.000000
vt 0.264808 0.000000
vt 0.320558 0.000000
vt 0.261324 0.000000
vt 0.324042 0.000000
vt 0.257840 0.000000
vt 0.327526 0.000000
vt 0.254355 0.000000
vt 0.331010 0.000000
vt 0.250871 0.000000
vt 0.247387 0.000000
vt 0.003484 0.000000
vt 0.243902 0.000000
vt 0.006969 0.000000
vt 0.240418 0.000000
vt 0.010453 0.000000
vt 0.236934 0.000000
vt 0.550523 0.000000
vt 0.547038 0.000000
vt 0.543554 0.000000
vt 0.540070 0.000000
vt 0.536585 0.000000
vt 0.013937 0.000000
vt 0.554007 0.000000
vt 0.533101 0.000000
vt 0.557491 0.000000
vt 0.529617 0.000000
vt 0.560976 0.000000
vt 0.526132 0.000000
vt 0.564460 0.000000
vt 0.522648 0.000000
vt 0.567944 0.000000
vt 0.519164 0.000000
vt 0.515679 0.000000
vt 0.574913 0.000000
vt 0.512195 0.000000
vt 0.578397 0.000000
vt 0.508711 0.000000
vt 0.581882 0.000000
vt 0.505226 0.000000
vt 0.585366 0.000000
vt 0.501742 0.000000
vt 0.588850 0.000000
vt 0.498258 0.000000
vt 0.592335 0.000000
vt 0.494774 0.000000
vt 0.595819 0.000000
vt 0.491289 0.000000
vt 0.599303 0.000000
vt 0.487805 0.000000
vt 0.233449 0.000000
vt 0.602787 0.000000
vt 0.017422 0.000000
vt 0.484321 0.000000
vt 0.606272 0.000000
vt 0.480836 0.000000
vt 0.609756 0.000000
vt 0.477352 0.000000
vt 0.613240 0.000000
vt 0.473868 0.000000
vt 0.616725 0.000000
vt 0.470383 0.000000
vt 0.620209 0.000000
vt 0.466899 0.000000
vt 0.623693 0.000000
vt 0.229965 0.000000
vt 0.463415 0.000000
vt 0.020906 0.000000
vt 0.627178 0.000000
vt 0.459930 0.000000
vt 0.630662 0.000000
vt 0.456446 0.000000
vt 0.634146 0.000000
vt 0.452962 0.000000
vt 0.637631 0.000000
vt 0.449477 0.000000
vt 0.641115 0.000000
vt 0.226481 0.000000
vt 0.445993 0.000000
vt 0.024390 0.000000
vt 0.644599 0.000000
vt 0.442509 0.000000
vt 0.648084 0.000000
vt 0.439024 0.000000
vt 0.651568 0.000000
vt 0.435540 0.000000
vt 0.655052 0.000000
vt 0.432056 0.000000
vt 0.222997 0.000000
vt 0.658537 0.000000
vt 0.027875 0.000000
vt 0.662021 0.000000
vt 0.425087 0.000000
vt 0.665505 0.000000
vt 0.421603 0.000000
vt 0.668990 0.000000
vt 0.418118 0.000000
vt 0.219512 0.000000
vt 0.031359 0.000000
vt 0.672474 0.000000
vt 0.414634 0.000000
vt 0.675958 0.000000
vt 0.411150 0.000000
vt 0.679443 0.000000
vt 0.407665 0.000000
vt 0.682927 0.000000
vt 0.216028 0.000000
vt 0.034843 0.000000
vt 0.404181 0.000000
vt 0.686411 0.000000
vt 0.400697 0.000000
vt 0.689895 0.000000
vt 0.397213 0.000000
vt 0.693380 0.000000
vt 0.212544 0.000000
vt 0.393728 0.000000
vt 0.038328 0.000000
vt 0.696864 0.000000
vt 0.390244 0.000000
vt 0.700348 0.000000
vt 0.386760 0.000000
vt 0.703833 0.000000
vt 0.383275 0.000000
vt 0.209059 0.000000
vt 0.041812 0.000000
vt 0.707317 0.000000
vt 0.379791 0.000000
vt 0.710801 0.000000
vt 0.376307 0.000000
vt 0.205575 0.000000
vt 0.045296 0.000000
vt 0.372822 0.000000
vt 0.717770 0.000000
vt 0.369338 0.000000
vt 0.721254 0.000000
vt 0.365854 0.000000
vt 0.202091 0.000000
vt 0.048780 0.000000
vt 0.724739 0.000000
vt 0.362369 0.000000
vt 0.728223 0.000000
vt 0.358885 0.000000
vt 0.731707 0.000000
vt 0.355401 0.000000
vt 0.198606 0.000000
vt 0.052265 0.000000
vt 0.735192 0.000000
vt 0.351916 0.000000
vt 0.738676 0.000000
vt 0.348432 0.000000
vt 0.742160 0.000000
vt 0.344948 0.000000
vt 0.195122 0.000000
vt 0.055749 0.000000
vt 0.745645 0.000000
vt 0.341463 0.000000
vt 0.749129 0.000000
vt 0.337979 0.000000
vt 0.752613 0.000000
vt 0.334495 0.000000
vt 0.756098 0.000000
vt 0.191638 0.000000
vt 0.059233 0.000000
vt 0.759582 0.000000
vt 0.996516 0.000000
vt 0.763066 0.000000
vt 0.993031 0.000000
vt 0.766551 0.000000
vt 0.989547 0.000000
vt 0.986063 0.000000
vt 0.770035 0.000000
vt 0.188153 0.000000
vt 0.062718 0.000000
vt 0.982578 0.000000
vt 0.773519 0.000000
vt 0.777003 0.000000
vt 0.979094 0.000000
vt 0.780488 0.000000
vt 0.975610 0.000000
vt 0.783972 0.000000
vt 0.972125 0.000000
vt 0.184669 0.000000
vt 0.066202 0.000000
vt 0.787456 0.000000
vt 0.968641 0.000000
vt 0.790941 0.000000
vt 0.965157 0.000000
vt 0.794425 0.000000
vt 0.961672 0.000000
vt 0.797909 0.000000
vt 0.958188 0.000000
vt 0.801394 0.000000
vt 0.954704 0.000000
vt 0.804878 0.000000
vt 0.181185 0.000000
vt 0.069686 0.000000
vt 0.951219 0.000000
vt 0.808362 0.000000
vt 0.947735 0.000000
vt 0.811847 0.000000
vt 0.944251 0.000000
vt 0.815331 0.000000
vt 0.940767 0.000000
vt 0.818815 0.000000
vt 0.937282 0.000000
vt 0.822300 0.000000
vt 0.933798 0.000000
vt 0.825784 0.000000
vt 0.930314 0.000000
vt 0.829268 0.000000
vt 0.926829 0.000000
vt 0.177700 0.000000
vt 0.073171 0.000000
vt 0.832753 0.000000
vt 0.923345 0.000000
vt 0.836237 0.000000
vt 0.919861 0.000000
vt 0.839721 0.000000
vt 0.916376 0.000000
vt 0.843206 0.000000
vt 0.912892 0.000000
vt 0.846690 0.000000
vt 0.909408 0.000000
vt 0.850174 0.000000
vt 0.905923 0.000000
vt 0.853659 0.000000
vt 0.902439 0.000000
vt 0.898955 0.000000
vt 0.860627 0.000000
vt 0.895470 0.000000
vt 0.864111 0.000000
vt 0.891986 0.000000
vt 0.867596 0.000000
vt 0.888502 0.000000
vt 0.871080 0.000000
vt 0.885017 0.000000
vt 0.874564 0.000000
vt 0.881533 0.000000
vt 0.878049 0.000000
vt 0.174216 0.000000
vt 0.076655 0.000000
vt 0.170732 0.000000
vt 0.080139 0.000000
vt 0.167247 0.000000
vt 0.083624 0.000000
vt 0.163763 0.000000
vt 0.087108 0.000000
vt 0.160279 0.000000
vt 0.090592 0.000000
vt 0.156794 0.000000
vt 0.094077 0.000000
vt 0.153310 0.000000
vt 0.097561 0.000000
vt 0.149826 0.000000
vt 0.101045 0.000000
vt 0.146341 0.000000
vt 0.104530 0.000000
vt 0.108014 0.000000
vt 0.139373 0.000000
vt 0.111498 0.000000
vt 0.135889 0.000000
vt 0.114983 0.000000
vt 0.132404 0.000000
vt 0.118467 0.000000
vt 0.128920 0.000000
vt 0.121951 0.000000
vt 0.125436 0.000000
vt 0.339683 0.000000
vt 0.346032 0.000000
vt 0.342857 0.000000
vt 0.336508 0.000000
vt 0.352381 0.000000
vt 0.355556 0.000000
vt 0.330159 0.000000
vt 0.358730 0.000000
vt 0.326984 0.000000
vt 0.361905 0.000000
vt 0.323810 0.000000
vt 0.368254 0.000000
vt 0.320635 0.000000
vt 0.371429 0.000000
vt 0.374603 0.000000
vt 0.314286 0.000000
vt 0.377778 0.000000
vt 0.311111 0.000000
vt 0.384127 0.000000
vt 0.307937 0.000000
vt 0.387302 0.000000
vt 0.304762 0.000000
vt 0.390476 0.000000
vt 0.393651 0.000000
vt 0.298413 0.000000
vt 0.400000 0.000000
vt 0.295238 0.000000
vt 0.403175 0.000000
vt 0.292064 0.000000
vt 0.406349 0.000000
vt 0.288889 0.000000
vt 0.409524 0.000000
vt 0.415873 0.000000
vt 0.282540 0.000000
vt 0.419048 0.000000
vt 0.279365 0.000000
vt 0.533333 0.000000
vt 0.530159 0.000000
vt 0.526984 0.000000
vt 0.520635 0.000000
vt 0.517460 0.000000
vt 0.514286 0.000000
vt 0.511111 0.000000
vt 0.504762 0.000000
vt 0.501587 0.000000
vt 0.422222 0.000000
vt 0.276190 0.000000
vt 0.536508 0.000000
vt 0.273016 0.000000
vt 0.542857 0.000000
vt 0.266667 0.000000
vt 0.546032 0.000000
vt 0.263492 0.000000
vt 0.549206 0.000000
vt 0.260317 0.000000
vt 0.552381 0.000000
vt 0.257143 0.000000
vt 0.558730 0.000000
vt 0.561905 0.000000
vt 0.250794 0.000000
vt 0.565079 0.000000
vt 0.247619 0.000000
vt 0.568254 0.000000
vt 0.244444 0.000000
vt 0.574603 0.000000
vt 0.241270 0.000000
vt 0.577778 0.000000
vt 0.580952 0.000000
vt 0.584127 0.000000
vt 0.590476 0.000000
vt 0.593651 0.000000
vt 0.596825 0.000000
vt 0.234921 0.000000
vt 0.600000 0.000000
vt 0.231746 0.000000
vt 0.606349 0.000000
vt 0.498413 0.000000
vt 0.228571 0.000000
vt 0.609524 0.000000
vt 0.495238 0.000000
vt 0.488889 0.000000
vt 0.485714 0.000000
vt 0.612698 0.000000
vt 0.482540 0.000000
vt 0.225397 0.000000
vt 0.479365 0.000000
vt 0.473016 0.000000
vt 0.615873 0.000000
vt 0.469841 0.000000
vt 0.466667 0.000000
vt 0.463492 0.000000
vt 0.457143 0.000000
vt 0.453968 0.000000
vt 0.450794 0.000000
vt 0.622222 0.000000
vt 0.447619 0.000000
vt 0.219048 0.000000
vt 0.441270 0.000000
vt 0.438095 0.000000
vt 0.434921 0.000000
vt 0.625397 0.000000
vt 0.431746 0.000000
vt 0.215873 0.000000
vt 0.425397 0.000000
vt 0.628571 0.000000
vt 0.212698 0.000000
vt 0.631746 0.000000
vt 0.209524 0.000000
vt 0.638095 0.000000
vt 0.203175 0.000000
vt 0.641270 0.000000
vt 0.200000 0.000000
vt 0.644444 0.000000
vt 0.196825 0.000000
vt 0.647619 0.000000
vt 0.193651 0.000000
vt 0.653968 0.000000
vt 0.187302 0.000000
vt 0.657143 0.000000
vt 0.184127 0.000000
vt 0.660317 0.000000
vt 0.180952 0.000000
vt 0.663492 0.000000
vt 0.177778 0.000000
vt 0.669841 0.000000
vt 0.171429 0.000000
vt 0.673016 0.000000
vt 0.168254 0.000000
vt 0.676190 0.000000
vt 0.165079 0.000000
vt 0.679365 0.000000
vt 0.161905 0.000000
vt 0.879365 0.000000
vt 0.885714 0.000000
vt 0.882540 0.000000
vt 0.876190 0.000000
vt 0.685714 0.000000
vt 0.869841 0.000000
vt 0.866667 0.000000
vt 0.863492 0.000000
vt 0.860317 0.000000
vt 0.688889 0.000000
vt 0.155556 0.000000
vt 0.853968 0.000000
vt 0.850794 0.000000
vt 0.847619 0.000000
vt 0.844444 0.000000
vt 0.692064 0.000000
vt 0.152381 0.000000
vt 0.838095 0.000000
vt 0.834921 0.000000
vt 0.831746 0.000000
vt 0.695238 0.000000
vt 0.828571 0.000000
vt 0.149206 0.000000
vt 0.822222 0.000000
vt 0.819048 0.000000
vt 0.815873 0.000000
vt 0.812698 0.000000
vt 0.701587 0.000000
vt 0.146032 0.000000
vt 0.806349 0.000000
vt 0.803175 0.000000
vt 0.800000 0.000000
vt 0.704762 0.000000
vt 0.796825 0.000000
vt 0.790476 0.000000
vt 0.707937 0.000000
vt 0.787302 0.000000
vt 0.784127 0.000000
vt 0.780952 0.000000
vt 0.711111 0.000000
vt 0.774603 0.000000
vt 0.139683 0.000000
vt 0.771429 0.000000
vt 0.768254 0.000000
vt 0.765079 0.000000
vt 0.717460 0.000000
vt 0.758730 0.000000
vt 0.720635 0.000000
vt 0.755556 0.000000
vt 0.752381 0.000000
vt 0.723810 0.000000
vt 0.749206 0.000000
vt 0.136508 0.000000
vt 0.742857 0.000000
vt 0.726984 0.000000
vt 0.739683 0.000000
vt 0.736508 0.000000
vt 0.733333 0.000000
vt 0.133333 0.000000
vt 0.130159 0.000000
vt 0.123810 0.000000
vt 0.120635 0.000000
vt 0.117460 0.000000
vt 0.114286 0.000000
vt 0.107937 0.000000
vt 0.104762 0.000000
vt 0.101587 0.000000
vt 0.098413 0.000000
vt 0.892063 0.000000
vt 0.895238 0.000000
vt 0.898413 0.000000
vt 0.901587 0.000000
vt 0.092063 0.000000
vt 0.907937 0.000000
vt 0.911111 0.000000
vt 0.088889 0.000000
vt 0.914286 0.000000
vt 0.917460 0.000000
vt 0.923810 0.000000
vt 0.085714 0.000000
vt 0.926984 0.000000
vt 0.930159 0.000000
vt 0.082540 0.000000
vt 0.933333 0.000000
vt 0.939683 0.000000
vt 0.942857 0.000000
vt 0.946032 0.000000
vt 0.949206 0.000000
vt 0.076190 0.000000
vt 0.955556 0.000000
vt 0.073016 0.000000
vt 0.958730 0.000000
vt 0.961905 0.000000
vt 0.965079 0.000000
vt 0.069841 0.000000
vt 0.971429 0.000000
vt 0.974603 0.000000
vt 0.066667 0.000000
vt 0.977778 0.000000
vt 0.980952 0.000000
vt 0.987302 0.000000
vt 0.060317 0.000000
vt 0.990476 0.000000
vt 0.993651 0.000000
vt 0.057143 0.000000
vt 0.996825 0.000000
vt 0.053968 0.000000
vt 0.003175 0.000000
vt 0.006349 0.000000
vt 0.050794 0.000000
vt 0.009524 0.000000
vt 0.012698 0.000000
vt 0.019048 0.000000
vt 0.044444 0.000000
vt 0.022222 0.000000
vt 0.025397 0.000000
vt 0.041270 0.000000
vt 0.028571 0.000000
vt 0.038095 0.000000
vt 0.034921 0.000000
vt 0.529716 0.000000
vt 0.534884 0.000000
vt 0.532300 0.000000
vt 0.537468 0.000000
vt 0.540052 0.000000
vt 0.527132 0.000000
vt 0.542636 0.000000
vt 0.545220 0.000000
vt 0.524548 0.000000
vt 0.547804 0.000000
vt 0.550388 0.000000
vt 0.521964 0.000000
vt 0.552972 0.000000
vt 0.519380 0.000000
vt 0.558140 0.000000
vt 0.560724 0.000000
vt 0.516796 0.000000
vt 0.563307 0.000000
vt 0.565891 0.000000
vt 0.568475 0.000000
vt 0.514212 0.000000
vt 0.571059 0.000000
vt 0.573643 0.000000
vt 0.511628 0.000000
vt 0.576227 0.000000
vt 0.578811 0.000000
vt 0.509044 0.000000
vt 0.581395 0.000000
vt 0.583979 0.000000
vt 0.586563 0.000000
vt 0.506460 0.000000
vt 0.589147 0.000000
vt 0.591731 0.000000
vt 0.503876 0.000000
vt 0.594315 0.000000
vt 0.638243 0.000000
vt 0.635659 0.000000
vt 0.633075 0.000000
vt 0.630491 0.000000
vt 0.627907 0.000000
vt 0.625323 0.000000
vt 0.622739 0.000000
vt 0.620155 0.000000
vt 0.596899 0.000000
vt 0.501292 0.000000
vt 0.640827 0.000000
vt 0.498708 0.000000
vt 0.645995 0.000000
vt 0.643411 0.000000
vt 0.496124 0.000000
vt 0.648579 0.000000
vt 0.493540 0.000000
vt 0.651163 0.000000
vt 0.490956 0.000000
vt 0.656331 0.000000
vt 0.653747 0.000000
vt 0.488372 0.000000
vt 0.658915 0.000000
vt 0.485788 0.000000
vt 0.664083 0.000000
vt 0.661499 0.000000
vt 0.669251 0.000000
vt 0.671835 0.000000
vt 0.674419 0.000000
vt 0.677003 0.000000
vt 0.679587 0.000000
vt 0.682171 0.000000
vt 0.684755 0.000000
vt 0.687339 0.000000
vt 0.689922 0.000000
vt 0.692506 0.000000
vt 0.695090 0.000000
vt 0.483204 0.000000
vt 0.697674 0.000000
vt 0.700258 0.000000
vt 0.702842 0.000000
vt 0.705426 0.000000
vt 0.708010 0.000000
vt 0.710594 0.000000
vt 0.713178 0.000000
vt 0.715762 0.000000
vt 0.718346 0.000000
vt 0.720930 0.000000
vt 0.723514 0.000000
vt 0.726098 0.000000
vt 0.480620 0.000000
vt 0.728682 0.000000
vt 0.731266 0.000000
vt 0.733850 0.000000
vt 0.736434 0.000000
vt 0.739018 0.000000
vt 0.741602 0.000000
vt 0.744186 0.000000
vt 0.746770 0.000000
vt 0.478036 0.000000
vt 0.749354 0.000000
vt 0.751938 0.000000
vt 0.754522 0.000000
vt 0.757106 0.000000
vt 0.617571 0.000000
vt 0.759690 0.000000
vt 0.762274 0.000000
vt 0.614987 0.000000
vt 0.475452 0.000000
vt 0.764858 0.000000
vt 0.767442 0.000000
vt 0.612403 0.000000
vt 0.770026 0.000000
vt 0.609819 0.000000
vt 0.772610 0.000000
vt 0.775194 0.000000
vt 0.607235 0.000000
vt 0.472868 0.000000
vt 0.780362 0.000000
vt 0.604651 0.000000
vt 0.782946 0.000000
vt 0.785530 0.000000
vt 0.602067 0.000000
vt 0.788114 0.000000
vt 0.599483 0.000000
vt 0.790698 0.000000
vt 0.470284 0.000000
vt 0.793282 0.000000
vt 0.795866 0.000000
vt 0.798450 0.000000
vt 0.801034 0.000000
vt 0.467700 0.000000
vt 0.803618 0.000000
vt 0.806202 0.000000
vt 0.808786 0.000000
vt 0.465116 0.000000
vt 0.811370 0.000000
vt 0.813953 0.000000
vt 0.816537 0.000000
vt 0.819121 0.000000
vt 0.462532 0.000000
vt 0.821705 0.000000
vt 0.824289 0.000000
vt 0.826873 0.000000
vt 0.829457 0.000000
vt 0.832041 0.000000
vt 0.459948 0.000000
vt 0.834625 0.000000
vt 0.837209 0.000000
vt 0.839793 0.000000
vt 0.842377 0.000000
vt 0.844961 0.000000
vt 0.457364 0.000000
vt 0.847545 0.000000
vt 0.850129 0.000000
vt 0.852713 0.000000
vt 0.855297 0.000000
vt 0.857881 0.000000
vt 0.860465 0.000000
vt 0.863049 0.000000
vt 0.454780 0.000000
vt 0.865633 0.000000
vt 0.868217 0.000000
vt 0.870801 0.000000
vt 0.873385 0.000000
vt 0.875969 0.000000
vt 0.878553 0.000000
vt 0.881137 0.000000
vt 0.883721 0.000000
vt 0.452196 0.000000
vt 0.886305 0.000000
vt 0.891473 0.000000
vt 0.894057 0.000000
vt 0.896641 0.000000
vt 0.899225 0.000000
vt 0.449612 0.000000
vt 0.901809 0.000000
vt 0.904393 0.000000
vt 0.906977 0.000000
vt 0.909561 0.000000
vt 0.912145 0.000000
vt 0.447028 0.000000
vt 0.914729 0.000000
vt 0.917313 0.000000
vt 0.919897 0.000000
vt 0.441860 0.000000
vt 0.922481 0.000000
vt 0.925065 0.000000
vt 0.439276 0.000000
vt 0.927649 0.000000
vt 0.436693 0.000000
vt 0.930233 0.000000
vt 0.932817 0.000000
vt 0.434109 0.000000
vt 0.935401 0.000000
vt 0.431525 0.000000
vt 0.937984 0.000000
vt 0.428941 0.000000
vt 0.940568 0.000000
vt 0.426357 0.000000
vt 0.943152 0.000000
vt 0.423773 0.000000
vt 0.945736 0.000000
vt 0.421189 0.000000
vt 0.418605 0.000000
vt 0.948320 0.000000
vt 0.416021 0.000000
vt 0.950904 0.000000
vt 0.413437 0.000000
vt 0.410853 0.000000
vt 0.953488 0.000000
vt 0.408269 0.000000
vt 0.405685 0.000000
vt 0.956072 0.000000
vt 0.403101 0.000000
vt 0.400517 0.000000
vt 0.397933 0.000000
vt 0.395349 0.000000
vt 0.392765 0.000000
vt 0.958656 0.000000
vt 0.390181 0.000000
vt 0.387597 0.000000
vt 0.385013 0.000000
vt 0.382429 0.000000
vt 0.379845 0.000000
vt 0.377261 0.000000
vt 0.961240 0.000000
vt 0.374677 0.000000
vt 0.372093 0.000000
vt 0.369509 0.000000
vt 0.366925 0.000000
vt 0.364341 0.000000
vt 0.361757 0.000000
vt 0.359173 0.000000
vt 0.963824 0.000000
vt 0.356589 0.000000
vt 0.354005 0.000000
vt 0.351421 0.000000
vt 0.348837 0.000000
vt 0.346253 0.000000
vt 0.343669 0.000000
vt 0.341085 0.000000
vt 0.966408 0.000000
vt 0.338501 0.000000
vt 0.335917 0.000000
vt 0.330749 0.000000
vt 0.328165 0.000000
vt 0.325581 0.000000
vt 0.968992 0.000000
vt 0.322997 0.000000
vt 0.320413 0.000000
vt 0.317829 0.000000
vt 0.315245 0.000000
vt 0.312661 0.000000
vt 0.971576 0.000000
vt 0.310078 0.000000
vt 0.307494 0.000000
vt 0.304910 0.000000
vt 0.302326 0.000000
vt 0.974160 0.000000
vt 0.299742 0.000000
vt 0.297158 0.000000
vt 0.294574 0.000000
vt 0.093023 0.000000
vt 0.098191 0.000000
vt 0.095607 0.000000
vt 0.100775 0.000000
vt 0.291990 0.000000
vt 0.289406 0.000000
vt 0.976744 0.000000
vt 0.103359 0.000000
vt 0.286822 0.000000
vt 0.105943 0.000000
vt 0.284238 0.000000
vt 0.281654 0.000000
vt 0.108527 0.000000
vt 0.279070 0.000000
vt 0.979328 0.000000
vt 0.276486 0.000000
vt 0.273902 0.000000
vt 0.271318 0.000000
vt 0.113695 0.000000
vt 0.268734 0.000000
vt 0.981912 0.000000
vt 0.116279 0.000000
vt 0.266150 0.000000
vt 0.263566 0.000000
vt 0.118863 0.000000
vt 0.260982 0.000000
vt 0.258398 0.000000
vt 0.121447 0.000000
vt 0.255814 0.000000
vt 0.253230 0.000000
vt 0.984496 0.000000
vt 0.124031 0.000000
vt 0.250646 0.000000
vt 0.248062 0.000000
vt 0.126615 0.000000
vt 0.245478 0.000000
vt 0.242894 0.000000
vt 0.129199 0.000000
vt 0.240310 0.000000
vt 0.237726 0.000000
vt 0.131783 0.000000
vt 0.987080 0.000000
vt 0.235142 0.000000
vt 0.232558 0.000000
vt 0.134367 0.000000
vt 0.229974 0.000000
vt 0.227390 0.000000
vt 0.136951 0.000000
vt 0.224806 0.000000
vt 0.219638 0.000000
vt 0.139535 0.000000
vt 0.217054 0.000000
vt 0.214470 0.000000
vt 0.142119 0.000000
vt 0.211886 0.000000
vt 0.209302 0.000000
vt 0.989664 0.000000
vt 0.206718 0.000000
vt 0.144703 0.000000
vt 0.204134 0.000000
vt 0.201550 0.000000
vt 0.147287 0.000000
vt 0.198966 0.000000
vt 0.196382 0.000000
vt 0.193798 0.000000
vt 0.149871 0.000000
vt 0.191214 0.000000
vt 0.188630 0.000000
vt 0.186047 0.000000
vt 0.152455 0.000000
vt 0.183463 0.000000
vt 0.180879 0.000000
vt 0.155039 0.000000
vt 0.178295 0.000000
vt 0.175711 0.000000
vt 0.173127 0.000000
vt 0.157623 0.000000
vt 0.170543 0.000000
vt 0.167959 0.000000
vt 0.165375 0.000000
vt 0.160207 0.000000
vt 0.162791 0.000000
vt 0.992248 0.000000
vt 0.994832 0.000000
vt 0.997416 0.000000
vt 0.002584 0.000000
vt 0.090439 0.000000
vt 0.005168 0.000000
vt 0.087855 0.000000
vt 0.085271 0.000000
vt 0.007752 0.000000
vt 0.082687 0.000000
vt 0.080103 0.000000
vt 0.077519 0.000000
vt 0.010336 0.000000
vt 0.074935 0.000000
vt 0.072351 0.000000
vt 0.012920 0.000000
vt 0.069767 0.000000
vt 0.067183 0.000000
vt 0.015504 0.000000
vt 0.064599 0.000000
vt 0.062016 0.000000
vt 0.018088 0.000000
vt 0.059432 0.000000
vt 0.056848 0.000000
vt 0.020672 0.000000
vt 0.054264 0.000000
vt 0.051680 0.000000
vt 0.023256 0.000000
vt 0.049096 0.000000
vt 0.046512 0.000000
vt 0.025840 0.000000
vt 0.043928 0.000000
vt 0.041344 0.000000
vt 0.028424 0.000000
vt 0.038760 0.000000
vt 0.036176 0.000000
vt 0.031008 0.000000
vt 0.033592 0.000000
vt 0.002577 1.000000
vt 0.000000 1.000000
vt 0.005155 1.000000
vt 0.002577 0.000000
vt 0.007732 1.000000
vt 0.005155 0.000000
vt 0.010309 1.000000
vt 0.007732 0.000000
vt 0.012887 1.000000
vt 0.010309 0.000000
vt 0.015464 1.000000
vt 0.012887 0.000000
vt 0.018041 1.000000
vt 0.015464 0.000000
vt 0.020619 1.000000
vt 0.018041 0.000000
vt 0.023196 1.000000
vt 0.020619 0.000000
vt 0.025773 1.000000
vt 0.023196 0.000000
vt 0.028351 1.000000
vt 0.025773 0.000000
vt 0.030928 1.000000
vt 0.028351 0.000000
vt 0.033505 1.000000
vt 0.030928 0.000000
vt 0.036082 1.000000
vt 0.033505 0.000000
vt 0.038660 1.000000
vt 0.036082 0.000000
vt 0.041237 1.000000
vt 0.038660 0.000000
vt 0.043814 1.000000
vt 0.041237 0.000000
vt 0.046392 1.000000
vt 0.043814 0.000000
vt 0.048969 1.000000
vt 0.046392 0.000000
vt 0.051546 1.000000
vt 0.048969 0.000000
vt 0.054124 1.000000
vt 0.051546 0.000000
vt 0.056701 1.000000
vt 0.054124 0.000000
vt 0.059278 1.000000
vt 0.056701 0.000000
vt 0.061856 1.000000
vt 0.059278 0.000000
vt 0.064433 1.000000
vt 0.061856 0.000000
vt 0.067010 1.000000
vt 0.064433 0.000000
vt 0.069588 1.000000
vt 0.067010 0.000000
vt 0.072165 1.000000
vt 0.069588 0.000000
vt 0.074742 1.000000
vt 0.072165 0.000000
vt 0.077320 1.000000
vt 0.074742 0.000000
vt 0.079897 1.000000
vt 0.077320 0.000000
vt 0.082474 1.000000
vt 0.079897 0.000000
vt 0.085052 1.000000
vt 0.082474 0.000000
vt 0.087629 1.000000
vt 0.085052 0.000000
vt 0.090206 1.000000
vt 0.087629 0.000000
vt 0.092784 1.000000
vt 0.090206 0.000000
vt 0.095361 1.000000
vt 0.092784 0.000000
vt 0.097938 1.000000
vt 0.095361 0.000000
vt 0.100515 1.000000
vt 0.097938 0.000000
vt 0.103093 1.000000
vt 0.100515 0.000000
vt 0.105670 1.000000
vt 0.103093 0.000000
vt 0.108247 1.000000
vt 0.105670 0.000000
vt 0.110825 1.000000
vt 0.108247 0.000000
vt 0.113402 1.000000
vt 0.110825 0.000000
vt 0.115979 1.000000
vt 0.113402 0.000000
vt 0.118557 1.000000
vt 0.115979 0.000000
vt 0.121134 1.000000
vt 0.118557 0.000000
vt 0.123711 1.000000
vt 0.121134 0.000000
vt 0.126289 1.000000
vt 0.123711 0.000000
vt 0.128866 1.000000
vt 0.126289 0.000000
vt 0.131443 1.000000
vt 0.128866 0.000000
vt 0.134021 1.000000
vt 0.131443 0.000000
vt 0.136598 1.000000
vt 0.134021 0.000000
vt 0.139175 1.000000
vt 0.136598 0.000000
vt 0.141753 1.000000
vt 0.139175 0.000000
vt 0.144330 1.000000
vt 0.141753 0.000000
vt 0.146907 1.000000
vt 0.144330 0.000000
vt 0.149485 1.000000
vt 0.146907 0.000000
vt 0.152062 1.000000
vt 0.149485 0.000000
vt 0.154639 1.000000
vt 0.152062 0.000000
vt 0.157216 1.000000
vt 0.154639 0.000000
vt 0.159794 1.000000
vt 0.157216 0.000000
vt 0.162371 1.000000
vt 0.159794 0.000000
vt 0.164948 1.000000
vt 0.162371 0.000000
vt 0.167526 1.000000
vt 0.164948 0.000000
vt 0.170103 1.000000
vt 0.167526 0.000000
vt 0.172680 1.000000
vt 0.170103 0.000000
vt 0.175258 1.000000
vt 0.172680 0.000000
vt 0.177835 1.000000
vt 0.175258 0.000000
vt 0.180412 1.000000
vt 0.177835 0.000000
vt 0.182990 1.000000
vt 0.180412 0.000000
vt 0.185567 1.000000
vt 0.182990 0.000000
vt 0.188144 1.000000
vt 0.185567 0.000000
vt 0.190722 1.000000
vt 0.188144 0.000000
vt 0.193299 1.000000
vt 0.190722 0.000000
vt 0.195876 1.000000
vt 0.193299 0.000000
vt 0.198454 1.000000
vt 0.195876 0.000000
vt 0.201031 1.000000
vt 0.198454 0.000000
vt 0.203608 1.000000
vt 0.201031 0.000000
vt 0.206186 1.000000
vt 0.203608 0.000000
vt 0.208763 1.000000
vt 0.206186 0.000000
vt 0.211340 1.000000
vt 0.208763 0.000000
vt 0.213918 1.000000
vt 0.211340 0.000000
vt 0.216495 1.000000
vt 0.213918 0.000000
vt 0.219072 1.000000
vt 0.216495 0.000000
vt 0.221649 1.000000
vt 0.219072 0.000000
vt 0.224227 1.000000
vt 0.221649 0.000000
vt 0.226804 1.000000
vt 0.224227 0.000000
vt 0.229381 1.000000
vt 0.226804 0.000000
vt 0.231959 1.000000
vt 0.229381 0.000000
vt 0.234536 1.000000
vt 0.231959 0.000000
vt 0.237113 1.000000
vt 0.234536 0.000000
vt 0.239691 1.000000
vt 0.237113 0.000000
vt 0.242268 1.000000
vt 0.239691 0.000000
vt 0.244845 1.000000
vt 0.242268 0.000000
vt 0.247423 1.000000
vt 0.244845 0.000000
vt 0.250000 1.000000
vt 0.247423 0.000000
vt 0.252577 1.000000
vt 0.255155 1.000000
vt 0.252577 0.000000
vt 0.257732 1.000000
vt 0.255155 0.000000
vt 0.260309 1.000000
vt 0.257732 0.000000
vt 0.262887 1.000000
vt 0.260309 0.000000
vt 0.265464 1.000000
vt 0.262887 0.000000
vt 0.268041 1.000000
vt 0.265464 0.000000
vt 0.270619 1.000000
vt 0.268041 0.000000
vt 0.273196 1.000000
vt 0.270619 0.000000
vt 0.275773 1.000000
vt 0.273196 0.000000
vt 0.278351 1.000000
vt 0.275773 0.000000
vt 0.280928 1.000000
vt 0.278351 0.000000
vt 0.283505 1.000000
vt 0.280928 0.000000
vt 0.286082 1.000000
vt 0.283505 0.000000
vt 0.288660 1.000000
vt 0.286082 0.000000
vt 0.291237 1.000000
vt 0.288660 0.000000
vt 0.293814 1.000000
vt 0.291237 0.000000
vt 0.296392 1.000000
vt 0.293814 0.000000
vt 0.298969 1.000000
vt 0.296392 0.000000
vt 0.301546 1.000000
vt 0.298969 0.000000
vt 0.304124 1.000000
vt 0.301546 0.000000
vt 0.306701 1.000000
vt 0.304124 0.000000
vt 0.309278 1.000000
vt 0.306701 0.000000
vt 0.311856 1.000000
vt 0.309278 0.000000
vt 0.314433 1.000000
vt 0.311856 0.000000
vt 0.317010 1.000000
vt 0.314433 0.000000
vt 0.319588 1.000000
vt 0.317010 0.000000
vt 0.322165 1.000000
vt 0.319588 0.000000
vt 0.324742 1.000000
vt 0.322165 0.000000
vt 0.327320 1.000000
vt 0.324742 0.000000
vt 0.329897 1.000000
vt 0.327320 0.000000
vt 0.332474 1.000000
vt 0.329897 0.000000
vt 0.335052 1.000000
vt 0.332474 0.000000
vt 0.337629 1.000000
vt 0.335052 0.000000
vt 0.340206 1.000000
vt 0.337629 0.000000
vt 0.342784 1.000000
vt 0.340206 0.000000
vt 0.345361 1.000000
vt 0.342784 0.000000
vt 0.347938 1.000000
vt 0.345361 0.000000
vt 0.350515 1.000000
vt 0.347938 0.000000
vt 0.353093 1.000000
vt 0.350515 0.000000
vt 0.355670 1.000000
vt 0.353093 0.000000
vt 0.358247 1.000000
vt 0.355670 0.000000
vt 0.360825 1.000000
vt 0.358247 0.000000
vt 0.363402 1.000000
vt 0.360825 0.000000
vt 0.365979 1.000000
vt 0.363402 0.000000
vt 0.368557 1.000000
vt 0.365979 0.000000
vt 0.371134 1.000000
vt 0.368557 0.000000
vt 0.373711 1.000000
vt 0.371134 0.000000
vt 0.376289 1.000000
vt 0.373711 0.000000
vt 0.378866 1.000000
vt 0.376289 0.000000
vt 0.381443 1.000000
vt 0.378866 0.000000
vt 0.384021 1.000000
vt 0.381443 0.000000
vt 0.386598 1.000000
vt 0.384021 0.000000
vt 0.389175 1.000000
vt 0.386598 0.000000
vt 0.391753 1.000000
vt 0.389175 0.000000
vt 0.394330 1.000000
vt 0.391753 0.000000
vt 0.396907 1.000000
vt 0.394330 0.000000
vt 0.399485 1.000000
vt 0.396907 0.000000
vt 0.402062 1.000000
vt 0.399485 0.000000
vt 0.404639 1.000000
vt 0.402062 0.000000
vt 0.407216 1.000000
vt 0.404639 0.000000
vt 0.409794 1.000000
vt 0.407216 0.000000
vt 0.412371 1.000000
vt 0.409794 0.000000
vt 0.414948 1.000000
vt 0.412371 0.000000
vt 0.417526 1.000000
vt 0.414948 0.000000
vt 0.420103 1.000000
vt 0.417526 0.000000
vt 0.422680 1.000000
vt 0.420103 0.000000
vt 0.425258 1.000000
vt 0.422680 0.000000
vt 0.427835 1.000000
vt 0.425258 0.000000
vt 0.430412 1.000000
vt 0.427835 0.000000
vt 0.432990 1.000000
vt 0.430412 0.000000
vt 0.435567 1.000000
vt 0.432990 0.000000
vt 0.438144 1.000000
vt 0.435567 0.000000
vt 0.440722 1.000000
vt 0.438144 0.000000
vt 0.443299 1.000000
vt 0.440722 0.000000
vt 0.445876 1.000000
vt 0.443299 0.000000
vt 0.448454 1.000000
vt 0.445876 0.000000
vt 0.451031 1.000000
vt 0.448454 0.000000
vt 0.453608 1.000000
vt 0.451031 0.000000
vt 0.456186 1.000000
vt 0.453608 0.000000
vt 0.458763 1.000000
vt 0.456186 0.000000
vt 0.461340 1.000000
vt 0.458763 0.000000
vt 0.463918 1.000000
vt 0.461340 0.000000
vt 0.466495 1.000000
vt 0.463918 0.000000
vt 0.469072 1.000000
vt 0.466495 0.000000
vt 0.471649 1.000000
vt 0.469072 0.000000
vt 0.474227 1.000000
vt 0.471649 0.000000
vt 0.476804 1.000000
vt 0.474227 0.000000
vt 0.479381 1.000000
vt 0.476804 0.000000
vt 0.481959 1.000000
vt 0.479381 0.000000
vt 0.484536 1.000000
vt 0.481959 0.000000
vt 0.487113 1.000000
vt 0.484536 0.000000
vt 0.489691 1.000000
vt 0.487113 0.000000
vt 0.492268 1.000000
vt 0.489691 0.000000
vt 0.494845 1.000000
vt 0.492268 0.000000
vt 0.497423 1.000000
vt 0.494845 0.000000
vt 0.500000 1.000000
vt 0.497423 0.000000
vt 0.502577 1.000000
vt 0.505155 1.000000
vt 0.502577 0.000000
vt 0.507732 1.000000
vt 0.505155 0.000000
vt 0.510309 1.000000
vt 0.507732 0.000000
vt 0.512887 1.000000
vt 0.510309 0.000000
vt 0.515464 1.000000
vt 0.512887 0.000000
vt 0.518041 1.000000
vt 0.515464 0.000000
vt 0.520619 1.000000
vt 0.518041 0.000000
vt 0.523196 1.000000
vt 0.520619 0.000000
vt 0.525773 1.000000
vt 0.523196 0.000000
vt 0.528351 1.000000
vt 0.525773 0.000000
vt 0.530928 1.000000
vt 0.528351 0.000000
vt 0.533505 1.000000
vt 0.530928 0.000000
vt 0.536082 1.000000
vt 0.533505 0.000000
vt 0.538660 1.000000
vt 0.536082 0.000000
vt 0.541237 1.000000
vt 0.538660 0.000000
vt 0.543814 1.000000
vt 0.541237 0.000000
vt 0.546392 1.000000
vt 0.543814 0.000000
vt 0.548969 1.000000
vt 0.546392 0.000000
vt 0.551546 1.000000
vt 0.548969 0.000000
vt 0.554124 1.000000
vt 0.551546 0.000000
vt 0.556701 1.000000
vt 0.554124 0.000000
vt 0.559278 1.000000
vt 0.556701 0.000000
vt 0.561856 1.000000
vt 0.559278 0.000000
vt 0.564433 1.000000
vt 0.561856 0.000000
vt 0.567010 1.000000
vt 0.564433 0.000000
vt 0.569588 1.000000
vt 0.567010 0.000000
vt 0.572165 1.000000
vt 0.569588 0.000000
vt 0.574742 1.000000
vt 0.572165 0.000000
vt 0.577320 1.000000
vt 0.574742 0.000000
vt 0.579897 1.000000
vt 0.577320 0.000000
vt 0.582474 1.000000
vt 0.579897 0.000000
vt 0.585052 1.000000
vt 0.582474 0.000000
vt 0.587629 1.000000
vt 0.585052 0.000000
vt 0.590206 1.000000
vt 0.587629 0.000000
vt 0.592784 1.000000
vt 0.590206 0.000000
vt 0.595361 1.000000
vt 0.592784 0.000000
vt 0.597938 1.000000
vt 0.595361 0.000000
vt 0.600515 1.000000
vt 0.597938 0.000000
vt 0.603093 1.000000
vt 0.600515 0.000000
vt 0.605670 1.000000
vt 0.603093 0.000000
vt 0.608247 1.000000
vt 0.605670 0.000000
vt 0.610825 1.000000
vt 0.608247 0.000000
vt 0.613402 1.000000
vt 0.610825 0.000000
vt 0.615979 1.000000
vt 0.613402 0.000000
vt 0.618557 1.000000
vt 0.615979 0.000000
vt 0.621134 1.000000
vt 0.618557 0.000000
vt 0.623711 1.000000
vt 0.621134 0.000000
vt 0.626289 1.000000
vt 0.623711 0.000000
vt 0.628866 1.000000
vt 0.626289 0.000000
vt 0.631443 1.000000
vt 0.628866 0.000000
vt 0.634021 1.000000
vt 0.631443 0.000000
vt 0.636598 1.000000
vt 0.634021 0.000000
vt 0.639175 1.000000
vt 0.636598 0.000000
vt 0.641753 1.000000
vt 0.639175 0.000000
vt 0.644330 1.000000
vt 0.641753 0.000000
vt 0.646907 1.000000
vt 0.644330 0.000000
vt 0.649485 1.000000
vt 0.646907 0.000000
vt 0.652062 1.000000
vt 0.649485 0.000000
vt 0.654639 1.000000
vt 0.652062 0.000000
vt 0.657216 1.000000
vt 0.654639 0.000000
vt 0.659794 1.000000
vt 0.657216 0.000000
vt 0.662371 1.000000
vt 0.659794 0.000000
vt 0.664948 1.000000
vt 0.662371 0.000000
vt 0.667526 1.000000
vt 0.664948 0.000000
vt 0.670103 1.000000
vt 0.667526 0.000000
vt 0.672680 1.000000
vt 0.670103 0.000000
vt 0.675258 1.000000
vt 0.672680 0.000000
vt 0.677835 1.000000
vt 0.675258 0.000000
vt 0.680412 1.000000
vt 0.677835 0.000000
vt 0.682990 1.000000
vt 0.680412 0.000000
vt 0.685567 1.000000
vt 0.682990 0.000000
vt 0.688144 1.000000
vt 0.685567 0.000000
vt 0.690722 1.000000
vt 0.688144 0.000000
vt 0.693299 1.000000
vt 0.690722 0.000000
vt 0.695876 1.000000
vt 0.693299 0.000000
vt 0.698454 1.000000
vt 0.695876 0.000000
vt 0.701031 1.000000
vt 0.698454 0.000000
vt 0.703608 1.000000
vt 0.701031 0.000000
vt 0.706186 1.000000
vt 0.703608 0.000000
vt 0.708763 1.000000
vt 0.706186 0.000000
vt 0.711340 1.000000
vt 0.708763 0.000000
vt 0.713918 1.000000
vt 0.711340 0.000000
vt 0.716495 1.000000
vt 0.713918 0.000000
vt 0.719072 1.000000
vt 0.716495 0.000000
vt 0.721649 1.000000
vt 0.719072 0.000000
vt 0.724227 1.000000
vt 0.721649 0.000000
vt 0.726804 1.000000
vt 0.724227 0.000000
vt 0.729381 1.000000
vt 0.726804 0.000000
vt 0.731959 1.000000
vt 0.729381 0.000000
vt 0.734536 1.000000
vt 0.731959 0.000000
vt 0.737113 1.000000
vt 0.734536 0.000000
vt 0.739691 1.000000
vt 0.737113 0.000000
vt 0.742268 1.000000
vt 0.739691 0.000000
vt 0.744845 1.000000
vt 0.742268 0.000000
vt 0.747423 1.000000
vt 0.744845 0.000000
vt 0.750000 1.000000
vt 0.747423 0.000000
vt 0.752577 1.000000
vt 0.755155 1.000000
vt 0.752577 0.000000
vt 0.757732 1.000000
vt 0.755155 0.000000
vt 0.760309 1.000000
vt 0.757732 0.000000
vt 0.762887 1.000000
vt 0.760309 0.000000
vt 0.765464 1.000000
vt 0.762887 0.000000
vt 0.768041 1.000000
vt 0.765464 0.000000
vt 0.770619 1.000000
vt 0.768041 0.000000
vt 0.773196 1.000000
vt 0.770619 0.000000
vt 0.775773 1.000000
vt 0.773196 0.000000
vt 0.778351 1.000000
vt 0.775773 0.000000
vt 0.780928 1.000000
vt 0.778351 0.000000
vt 0.783505 1.000000
vt 0.780928 0.000000
vt 0.786082 1.000000
vt 0.783505 0.000000
vt 0.788660 1.000000
vt 0.786082 0.000000
vt 0.791237 1.000000
vt 0.788660 0.000000
vt 0.793814 1.000000
vt 0.791237 0.000000
vt 0.796392 1.000000
vt 0.793814 0.000000
vt 0.798969 1.000000
vt 0.796392 0.000000
vt 0.801546 1.000000
vt 0.798969 0.000000
vt 0.804124 1.000000
vt 0.801546 0.000000
vt 0.806701 1.000000
vt 0.804124 0.000000
vt 0.809278 1.000000
vt 0.806701 0.000000
vt 0.811856 1.000000
vt 0.809278 0.000000
vt 0.814433 1.000000
vt 0.811856 0.000000
vt 0.817010 1.000000
vt 0.814433 0.000000
vt 0.819588 1.000000
vt 0.817010 0.000000
vt 0.822165 1.000000
vt 0.819588 0.000000
vt 0.824742 1.000000
vt 0.822165 0.000000
vt 0.827320 1.000000
vt 0.824742 0.000000
vt 0.829897 1.000000
vt 0.827320 0.000000
vt 0.832474 1.000000
vt 0.829897 0.000000
vt 0.835052 1.000000
vt 0.832474 0.000000
vt 0.837629 1.000000
vt 0.835052 0.000000
vt 0.840206 1.000000
vt 0.837629 0.000000
vt 0.842784 1.000000
vt 0.840206 0.000000
vt 0.845361 1.000000
vt 0.842784 0.000000
vt 0.847938 1.000000
vt 0.845361 0.000000
vt 0.850515 1.000000
vt 0.847938 0.000000
vt 0.853093 1.000000
vt 0.850515 0.000000
vt 0.855670 1.000000
vt 0.853093 0.000000
vt 0.858247 1.000000
vt 0.855670 0.000000
vt 0.860825 1.000000
vt 0.858247 0.000000
vt 0.863402 1.000000
vt 0.860825 0.000000
vt 0.865979 1.000000
vt 0.863402 0.000000
vt 0.868557 1.000000
vt 0.865979 0.000000
vt 0.871134 1.000000
vt 0.868557 0.000000
vt 0.873711 1.000000
vt 0.871134 0.000000
vt 0.876289 1.000000
vt 0.873711 0.000000
vt 0.878866 1.000000
vt 0.876289 0.000000
vt 0.881443 1.000000
vt 0.878866 0.000000
vt 0.884021 1.000000
vt 0.881443 0.000000
vt 0.886598 1.000000
vt 0.884021 0.000000
vt 0.889175 1.000000
vt 0.886598 0.000000
vt 0.891753 1.000000
vt 0.889175 0.000000
vt 0.894330 1.000000
vt 0.891753 0.000000
vt 0.896907 1.000000
vt 0.894330 0.000000
vt 0.899485 1.000000
vt 0.896907 0.000000
vt 0.902062 1.000000
vt 0.899485 0.000000
vt 0.904639 1.000000
vt 0.902062 0.000000
vt 0.907216 1.000000
vt 0.904639 0.000000
vt 0.909794 1.000000
vt 0.907216 0.000000
vt 0.912371 1.000000
vt 0.909794 0.000000
vt 0.914948 1.000000
vt 0.912371 0.000000
vt 0.917526 1.000000
vt 0.914948 0.000000
vt 0.920103 1.000000
vt 0.917526 0.000000
vt 0.922680 1.000000
vt 0.920103 0.000000
vt 0.925258 1.000000
vt 0.922680 0.000000
vt 0.927835 1.000000
vt 0.925258 0.000000
vt 0.930412 1.000000
vt 0.927835 0.000000
vt 0.932990 1.000000
vt 0.930412 0.000000
vt 0.935567 1.000000
vt 0.932990 0.000000
vt 0.938144 1.000000
vt 0.935567 0.000000
vt 0.940722 1.000000
vt 0.938144 0.000000
vt 0.943299 1.000000
vt 0.940722 0.000000
vt 0.945876 1.000000
vt 0.943299 0.000000
vt 0.948454 1.000000
vt 0.945876 0.000000
vt 0.951031 1.000000
vt 0.948454 0.000000
vt 0.953608 1.000000
vt 0.951031 0.000000
vt 0.956186 1.000000
vt 0.953608 0.000000
vt 0.958763 1.000000
vt 0.956186 0.000000
vt 0.961340 1.000000
vt 0.958763 0.000000
vt 0.963918 1.000000
vt 0.961340 0.000000
vt 0.966495 1.000000
vt 0.963918 0.000000
vt 0.969072 1.000000
vt 0.966495 0.000000
vt 0.971649 1.000000
vt 0.969072 0.000000
vt 0.974227 1.000000
vt 0.971649 0.000000
vt 0.976804 1.000000
vt 0.974227 0.000000
vt 0.979381 1.000000
vt 0.976804 0.000000
vt 0.981959 1.000000
vt 0.979381 0.000000
vt 0.984536 1.000000
vt 0.981959 0.000000
vt 0.987113 1.000000
vt 0.984536 0.000000
vt 0.989691 1.000000
vt 0.987113 0.000000
vt 0.992268 1.000000
vt 0.989691 0.000000
vt 0.994845 1.000000
vt 0.992268 0.000000
vt 0.997423 1.000000
vt 0.994845 0.000000
vt 1.000000 1.000000
vt 0.997423 0.000000
vt 0.003165 1.000000
vt 0.006329 1.000000
vt 0.003165 0.000000
vt 0.009494 1.000000
vt 0.006329 0.000000
vt 0.012658 1.000000
vt 0.009494 0.000000
vt 0.015823 1.000000
vt 0.012658 0.000000
vt 0.018987 1.000000
vt 0.015823 0.000000
vt 0.022152 1.000000
vt 0.018987 0.000000
vt 0.025316 1.000000
vt 0.022152 0.000000
vt 0.028481 1.000000
vt 0.025316 0.000000
vt 0.031646 1.000000
vt 0.028481 0.000000
vt 0.034810 1.000000
vt 0.031646 0.000000
vt 0.037975 1.000000
vt 0.034810 0.000000
vt 0.041139 1.000000
vt 0.037975 0.000000
vt 0.044304 1.000000
vt 0.041139 0.000000
vt 0.047468 1.000000
vt 0.044304 0.000000
vt 0.050633 1.000000
vt 0.047468 0.000000
vt 0.053797 1.000000
vt 0.050633 0.000000
vt 0.056962 1.000000
vt 0.053797 0.000000
vt 0.060127 1.000000
vt 0.056962 0.000000
vt 0.063291 1.000000
vt 0.060127 0.000000
vt 0.066456 1.000000
vt 0.063291 0.000000
vt 0.069620 1.000000
vt 0.066456 0.000000
vt 0.072785 1.000000
vt 0.069620 0.000000
vt 0.075949 1.000000
vt 0.072785 0.000000
vt 0.079114 1.000000
vt 0.075949 0.000000
vt 0.082278 1.000000
vt 0.079114 0.000000
vt 0.085443 1.000000
vt 0.082278 0.000000
vt 0.088608 1.000000
vt 0.085443 0.000000
vt 0.091772 1.000000
vt 0.088608 0.000000
vt 0.094937 1.000000
vt 0.091772 0.000000
vt 0.098101 1.000000
vt 0.094937 0.000000
vt 0.101266 1.000000
vt 0.098101 0.000000
vt 0.104430 1.000000
vt 0.101266 0.000000
vt 0.107595 1.000000
vt 0.104430 0.000000
vt 0.110759 1.000000
vt 0.107595 0.000000
vt 0.113924 1.000000
vt 0.110759 0.000000
vt 0.117089 1.000000
vt 0.113924 0.000000
vt 0.120253 1.000000
vt 0.117089 0.000000
vt 0.123418 1.000000
vt 0.120253 0.000000
vt 0.126582 1.000000
vt 0.123418 0.000000
vt 0.129747 1.000000
vt 0.126582 0.000000
vt 0.132911 1.000000
vt 0.129747 0.000000
vt 0.136076 1.000000
vt 0.132911 0.000000
vt 0.139241 1.000000
vt 0.136076 0.000000
vt 0.142405 1.000000
vt 0.139241 0.000000
vt 0.145570 1.000000
vt 0.142405 0.000000
vt 0.148734 1.000000
vt 0.145570 0.000000
vt 0.151899 1.000000
vt 0.148734 0.000000
vt 0.155063 1.000000
vt 0.151899 0.000000
vt 0.158228 1.000000
vt 0.155063 0.000000
vt 0.161392 1.000000
vt 0.158228 0.000000
vt 0.164557 1.000000
vt 0.161392 0.000000
vt 0.167722 1.000000
vt 0.164557 0.000000
vt 0.170886 1.000000
vt 0.167722 0.000000
vt 0.174051 1.000000
vt 0.170886 0.000000
vt 0.177215 1.000000
vt 0.174051 0.000000
vt 0.180380 1.000000
vt 0.177215 0.000000
vt 0.183544 1.000000
vt 0.180380 0.000000
vt 0.186709 1.000000
vt 0.183544 0.000000
vt 0.189873 1.000000
vt 0.186709 0.000000
vt 0.193038 1.000000
vt 0.189873 0.000000
vt 0.196203 1.000000
vt 0.193038 0.000000
vt 0.199367 1.000000
vt 0.196203 0.000000
vt 0.202532 1.000000
vt 0.199367 0.000000
vt 0.205696 1.000000
vt 0.202532 0.000000
vt 0.208861 1.000000
vt 0.205696 0.000000
vt 0.212025 1.000000
vt 0.208861 0.000000
vt 0.215190 1.000000
vt 0.212025 0.000000
vt 0.218354 1.000000
vt 0.215190 0.000000
vt 0.221519 1.000000
vt 0.218354 0.000000
vt 0.224684 1.000000
vt 0.221519 0.000000
vt 0.227848 1.000000
vt 0.224684 0.000000
vt 0.231013 1.000000
vt 0.227848 0.000000
vt 0.234177 1.000000
vt 0.231013 0.000000
vt 0.237342 1.000000
vt 0.234177 0.000000
vt 0.240506 1.000000
vt 0.237342 0.000000
vt 0.243671 1.000000
vt 0.240506 0.000000
vt 0.246835 1.000000
vt 0.243671 0.000000
vt 0.246835 0.000000
vt 0.253165 1.000000
vt 0.256329 1.000000
vt 0.253165 0.000000
vt 0.259494 1.000000
vt 0.256329 0.000000
vt 0.262658 1.000000
vt 0.259494 0.000000
vt 0.265823 1.000000
vt 0.262658 0.000000
vt 0.268987 1.000000
vt 0.265823 0.000000
vt 0.272152 1.000000
vt 0.268987 0.000000
vt 0.275316 1.000000
vt 0.272152 0.000000
vt 0.278481 1.000000
vt 0.275316 0.000000
vt 0.281646 1.000000
vt 0.278481 0.000000
vt 0.284810 1.000000
vt 0.281646 0.000000
vt 0.287975 1.000000
vt 0.284810 0.000000
vt 0.291139 1.000000
vt 0.287975 0.000000
vt 0.294304 1.000000
vt 0.291139 0.000000
vt 0.297468 1.000000
vt 0.294304 0.000000
vt 0.300633 1.000000
vt 0.297468 0.000000
vt 0.303797 1.000000
vt 0.300633 0.000000
vt 0.306962 1.000000
vt 0.303797 0.000000
vt 0.310127 1.000000
vt 0.306962 0.000000
vt 0.313291 1.000000
vt 0.310127 0.000000
vt 0.316456 1.000000
vt 0.313291 0.000000
vt 0.319620 1.000000
vt 0.316456 0.000000
vt 0.322785 1.000000
vt 0.319620 0.000000
vt 0.325949 1.000000
vt 0.322785 0.000000
vt 0.329114 1.000000
vt 0.325949 0.000000
vt 0.332278 1.000000
vt 0.329114 0.000000
vt 0.335443 1.000000
vt 0.332278 0.000000
vt 0.338608 1.000000
vt 0.335443 0.000000
vt 0.341772 1.000000
vt 0.338608 0.000000
vt 0.344937 1.000000
vt 0.341772 0.000000
vt 0.348101 1.000000
vt 0.344937 0.000000
vt 0.351266 1.000000
vt 0.348101 0.000000
vt 0.354430 1.000000
vt 0.351266 0.000000
vt 0.357595 1.000000
vt 0.354430 0.000000
vt 0.360759 1.000000
vt 0.357595 0.000000
vt 0.363924 1.000000
vt 0.360759 0.000000
vt 0.367089 1.000000
vt 0.363924 0.000000
vt 0.370253 1.000000
vt 0.367089 0.000000
vt 0.373418 1.000000
vt 0.370253 0.000000
vt 0.376582 1.000000
vt 0.373418 0.000000
vt 0.379747 1.000000
vt 0.376582 0.000000
vt 0.382911 1.000000
vt 0.379747 0.000000
vt 0.386076 1.000000
vt 0.382911 0.000000
vt 0.389241 1.000000
vt 0.386076 0.000000
vt 0.392405 1.000000
vt 0.389241 0.000000
vt 0.395570 1.000000
vt 0.392405 0.000000
vt 0.398734 1.000000
vt 0.395570 0.000000
vt 0.401899 1.000000
vt 0.398734 0.000000
vt 0.405063 1.000000
vt 0.401899 0.000000
vt 0.408228 1.000000
vt 0.405063 0.000000
vt 0.411392 1.000000
vt 0.408228 0.000000
vt 0.414557 1.000000
vt 0.411392 0.000000
vt 0.417722 1.000000
vt 0.414557 0.000000
vt 0.420886 1.000000
vt 0.417722 0.000000
vt 0.424051 1.000000
vt 0.420886 0.000000
vt 0.427215 1.000000
vt 0.424051 0.000000
vt 0.430380 1.000000
vt 0.427215 0.000000
vt 0.433544 1.000000
vt 0.430380 0.000000
vt 0.436709 1.000000
vt 0.433544 0.000000
vt 0.439873 1.000000
vt 0.436709 0.000000
vt 0.443038 1.000000
vt 0.439873 0.000000
vt 0.446203 1.000000
vt 0.443038 0.000000
vt 0.449367 1.000000
vt 0.446203 0.000000
vt 0.452532 1.000000
vt 0.449367 0.000000
vt 0.455696 1.000000
vt 0.452532 0.000000
vt 0.458861 1.000000
vt 0.455696 0.000000
vt 0.462025 1.000000
vt 0.458861 0.000000
vt 0.465190 1.000000
vt 0.462025 0.000000
vt 0.468354 1.000000
vt 0.465190 0.000000
vt 0.471519 1.000000
vt 0.468354 0.000000
vt 0.474684 1.000000
vt 0.471519 0.000000
vt 0.477848 1.000000
vt 0.474684 0.000000
vt 0.481013 1.000000
vt 0.477848 0.000000
vt 0.484177 1.000000
vt 0.481013 0.000000
vt 0.487342 1.000000
vt 0.484177 0.000000
vt 0.490506 1.000000
vt 0.487342 0.000000
vt 0.493671 1.000000
vt 0.490506 0.000000
vt 0.496835 1.000000
vt 0.493671 0.000000
vt 0.496835 0.000000
vt 0.503165 1.000000
vt 0.506329 1.000000
vt 0.503165 0.000000
vt 0.509494 1.000000
vt 0.506329 0.000000
vt 0.512658 1.000000
vt 0.509494 0.000000
vt 0.515823 1.000000
vt 0.512658 0.000000
vt 0.518987 1.000000
vt 0.515823 0.000000
vt 0.522152 1.000000
vt 0.518987 0.000000
vt 0.525316 1.000000
vt 0.522152 0.000000
vt 0.528481 1.000000
vt 0.525316 0.000000
vt 0.531646 1.000000
vt 0.528481 0.000000
vt 0.534810 1.000000
vt 0.531646 0.000000
vt 0.537975 1.000000
vt 0.534810 0.000000
vt 0.541139 1.000000
vt 0.537975 0.000000
vt 0.544304 1.000000
vt 0.541139 0.000000
vt 0.547468 1.000000
vt 0.544304 0.000000
vt 0.550633 1.000000
vt 0.547468 0.000000
vt 0.553797 1.000000
vt 0.550633 0.000000
vt 0.556962 1.000000
vt 0.553797 0.000000
vt 0.560127 1.000000
vt 0.556962 0.000000
vt 0.563291 1.000000
vt 0.560127 0.000000
vt 0.566456 1.000000
vt 0.563291 0.000000
vt 0.569620 1.000000
vt 0.566456 0.000000
vt 0.572785 1.000000
vt 0.569620 0.000000
vt 0.575949 1.000000
vt 0.572785 0.000000
vt 0.579114 1.000000
vt 0.575949 0.000000
vt 0.582278 1.000000
vt 0.579114 0.000000
vt 0.585443 1.000000
vt 0.582278 0.000000
vt 0.588608 1.000000
vt 0.585443 0.000000
vt 0.591772 1.000000
vt 0.588608 0.000000
vt 0.594937 1.000000
vt 0.591772 0.000000
vt 0.598101 1.000000
vt 0.594937 0.000000
vt 0.601266 1.000000
vt 0.598101 0.000000
vt 0.604430 1.000000
vt 0.601266 0.000000
vt 0.607595 1.000000
vt 0.604430 0.000000
vt 0.610759 1.000000
vt 0.607595 0.000000
vt 0.613924 1.000000
vt 0.610759 0.000000
vt 0.617089 1.000000
vt 0.613924 0.000000
vt 0.620253 1.000000
vt 0.617089 0.000000
vt 0.623418 1.000000
vt 0.620253 0.000000
vt 0.626582 1.000000
vt 0.623418 0.000000
vt 0.629747 1.000000
vt 0.626582 0.000000
vt 0.632911 1.000000
vt 0.629747 0.000000
vt 0.636076 1.000000
vt 0.632911 0.000000
vt 0.639241 1.000000
vt 0.636076 0.000000
vt 0.642405 1.000000
vt 0.639241 0.000000
vt 0.645570 1.000000
vt 0.642405 0.000000
vt 0.648734 1.000000
vt 0.645570 0.000000
vt 0.651899 1.000000
vt 0.648734 0.000000
vt 0.655063 1.000000
vt 0.651899 0.000000
vt 0.658228 1.000000
vt 0.655063 0.000000
vt 0.661392 1.000000
vt 0.658228 0.000000
vt 0.664557 1.000000
vt 0.661392 0.000000
vt 0.667722 1.000000
vt 0.664557 0.000000
vt 0.670886 1.000000
vt 0.667722 0.000000
vt 0.674051 1.000000
vt 0.670886 0.000000
vt 0.677215 1.000000
vt 0.674051 0.000000
vt 0.680380 1.000000
vt 0.677215 0.000000
vt 0.683544 1.000000
vt 0.680380 0.000000
vt 0.686709 1.000000
vt 0.683544 0.000000
vt 0.689873 1.000000
vt 0.686709 0.000000
vt 0.693038 1.000000
vt 0.689873 0.000000
vt 0.696203 1.000000
vt 0.693038 0.000000
vt 0.699367 1.000000
vt 0.696203 0.000000
vt 0.702532 1.000000
vt 0.699367 0.000000
vt 0.705696 1.000000
vt 0.702532 0.000000
vt 0.708861 1.000000
vt 0.705696 0.000000
vt 0.712025 1.000000
vt 0.708861 0.000000
vt 0.715190 1.000000
vt 0.712025 0.000000
vt 0.718354 1.000000
vt 0.715190 0.000000
vt 0.721519 1.000000
vt 0.718354 0.000000
vt 0.724684 1.000000
vt 0.721519 0.000000
vt 0.727848 1.000000
vt 0.724684 0.000000
vt 0.731013 1.000000
vt 0.727848 0.000000
vt 0.734177 1.000000
vt 0.731013 0.000000
vt 0.737342 1.000000
vt 0.734177 0.000000
vt 0.740506 1.000000
vt 0.737342 0.000000
vt 0.743671 1.000000
vt 0.740506 0.000000
vt 0.746835 1.000000
vt 0.743671 0.000000
vt 0.746835 0.000000
vt 0.753165 1.000000
vt 0.756329 1.000000
vt 0.753165 0.000000
vt 0.759494 1.000000
vt 0.756329 0.000000
vt 0.762658 1.000000
vt 0.759494 0.000000
vt 0.765823 1.000000
vt 0.762658 0.000000
vt 0.768987 1.000000
vt 0.765823 0.000000
vt 0.772152 1.000000
vt 0.768987 0.000000
vt 0.775316 1.000000
vt 0.772152 0.000000
vt 0.778481 1.000000
vt 0.775316 0.000000
vt 0.781646 1.000000
vt 0.778481 0.000000
vt 0.784810 1.000000
vt 0.781646 0.000000
vt 0.787975 1.000000
vt 0.784810 0.000000
vt 0.791139 1.000000
vt 0.787975 0.000000
vt 0.794304 1.000000
vt 0.791139 0.000000
vt 0.797468 1.000000
vt 0.794304 0.000000
vt 0.800633 1.000000
vt 0.797468 0.000000
vt 0.803797 1.000000
vt 0.800633 0.000000
vt 0.806962 1.000000
vt 0.803797 0.000000
vt 0.810127 1.000000
vt 0.806962 0.000000
vt 0.813291 1.000000
vt 0.810127 0.000000
vt 0.816456 1.000000
vt 0.813291 0.000000
vt 0.819620 1.000000
vt 0.816456 0.000000
vt 0.822785 1.000000
vt 0.819620 0.000000
vt 0.825949 1.000000
vt 0.822785 0.000000
vt 0.829114 1.000000
vt 0.825949 0.000000
vt 0.832278 1.000000
vt 0.829114 0.000000
vt 0.835443 1.000000
vt 0.832278 0.000000
vt 0.838608 1.000000
vt 0.835443 0.000000
vt 0.841772 1.000000
vt 0.838608 0.000000
vt 0.844937 1.000000
vt 0.841772 0.000000
vt 0.848101 1.000000
vt 0.844937 0.000000
vt 0.851266 1.000000
vt 0.848101 0.000000
vt 0.854430 1.000000
vt 0.851266 0.000000
vt 0.857595 1.000000
vt 0.854430 0.000000
vt 0.860759 1.000000
vt 0.857595 0.000000
vt 0.863924 1.000000
vt 0.860759 0.000000
vt 0.867089 1.000000
vt 0.863924 0.000000
vt 0.870253 1.000000
vt 0.867089 0.000000
vt 0.873418 1.000000
vt 0.870253 0.000000
vt 0.876582 1.000000
vt 0.873418 0.000000
vt 0.879747 1.000000
vt 0.876582 0.000000
vt 0.882911 1.000000
vt 0.879747 0.000000
vt 0.886076 1.000000
vt 0.882911 0.000000
vt 0.889241 1.000000
vt 0.886076 0.000000
vt 0.892405 1.000000
vt 0.889241 0.000000
vt 0.895570 1.000000
vt 0.892405 0.000000
vt 0.898734 1.000000
vt 0.895570 0.000000
vt 0.901899 1.000000
vt 0.898734 0.000000
vt 0.905063 1.000000
vt 0.901899 0.000000
vt 0.908228 1.000000
vt 0.905063 0.000000
vt 0.911392 1.000000
vt 0.908228 0.000000
vt 0.914557 1.000000
vt 0.911392 0.000000
vt 0.917722 1.000000
vt 0.914557 0.000000
vt 0.920886 1.000000
vt 0.917722 0.000000
vt 0.924051 1.000000
vt 0.920886 0.000000
vt 0.927215 1.000000
vt 0.924051 0.000000
vt 0.930380 1.000000
vt 0.927215 0.000000
vt 0.933544 1.000000
vt 0.930380 0.000000
vt 0.936709 1.000000
vt 0.933544 0.000000
vt 0.939873 1.000000
vt 0.936709 0.000000
vt 0.943038 1.000000
vt 0.939873 0.000000
vt 0.946203 1.000000
vt 0.943038 0.000000
vt 0.949367 1.000000
vt 0.946203 0.000000
vt 0.952532 1.000000
vt 0.949367 0.000000
vt 0.955696 1.000000
vt 0.952532 0.000000
vt 0.958861 1.000000
vt 0.955696 0.000000
vt 0.962025 1.000000
vt 0.958861 0.000000
vt 0.965190 1.000000
vt 0.962025 0.000000
vt 0.968354 1.000000
vt 0.965190 0.000000
vt 0.971519 1.000000
vt 0.968354 0.000000
vt 0.974684 1.000000
vt 0.971519 0.000000
vt 0.977848 1.000000
vt 0.974684 0.000000
vt 0.981013 1.000000
vt 0.977848 0.000000
vt 0.984177 1.000000
vt 0.981013 0.000000
vt 0.987342 1.000000
vt 0.984177 0.000000
vt 0.990506 1.000000
vt 0.987342 0.000000
vt 0.993671 1.000000
vt 0.990506 0.000000
vt 0.996835 1.000000
vt 0.993671 0.000000
vt 0.996835 0.000000
vt 0.010417 1.000000
vt 0.020833 1.000000
vt 0.010417 0.000000
vt 0.031250 1.000000
vt 0.020833 0.000000
vt 0.041667 1.000000
vt 0.031250 0.000000
vt 0.052083 1.000000
vt 0.041667 0.000000
vt 0.062500 1.000000
vt 0.052083 0.000000
vt 0.072917 1.000000
vt 0.062500 0.000000
vt 0.083333 1.000000
vt 0.072917 0.000000
vt 0.093750 1.000000
vt 0.083333 0.000000
vt 0.104167 1.000000
vt 0.093750 0.000000
vt 0.114583 1.000000
vt 0.104167 0.000000
vt 0.125000 1.000000
vt 0.114583 0.000000
vt 0.135417 1.000000
vt 0.125000 0.000000
vt 0.145833 1.000000
vt 0.135417 0.000000
vt 0.156250 1.000000
vt 0.145833 0.000000
vt 0.166667 1.000000
vt 0.156250 0.000000
vt 0.177083 1.000000
vt 0.187500 1.000000
vt 0.177083 0.000000
vt 0.197917 1.000000
vt 0.187500 0.000000
vt 0.208333 1.000000
vt 0.197917 0.000000
vt 0.218750 1.000000
vt 0.208333 0.000000
vt 0.229167 1.000000
vt 0.218750 0.000000
vt 0.239583 1.000000
vt 0.229167 0.000000
vt 0.239583 0.000000
vt 0.260417 1.000000
vt 0.270833 1.000000
vt 0.260417 0.000000
vt 0.281250 1.000000
vt 0.270833 0.000000
vt 0.291667 1.000000
vt 0.281250 0.000000
vt 0.302083 1.000000
vt 0.291667 0.000000
vt 0.312500 1.000000
vt 0.302083 0.000000
vt 0.322917 1.000000
vt 0.312500 0.000000
vt 0.333333 1.000000
vt 0.322917 0.000000
vt 0.343750 1.000000
vt 0.354167 1.000000
vt 0.343750 0.000000
vt 0.364583 1.000000
vt 0.354167 0.000000
vt 0.375000 1.000000
vt 0.364583 0.000000
vt 0.385417 1.000000
vt 0.375000 0.000000
vt 0.395833 1.000000
vt 0.385417 0.000000
vt 0.406250 1.000000
vt 0.395833 0.000000
vt 0.416667 1.000000
vt 0.406250 0.000000
vt 0.427083 1.000000
vt 0.416667 0.000000
vt 0.437500 1.000000
vt 0.427083 0.000000
vt 0.447917 1.000000
vt 0.437500 0.000000
vt 0.458333 1.000000
vt 0.447917 0.000000
vt 0.468750 1.000000
vt 0.458333 0.000000
vt 0.479167 1.000000
vt 0.468750 0.000000
vt 0.489583 1.000000
vt 0.479167 0.000000
vt 0.489583 0.000000
vt 0.510417 1.000000
vt 0.520833 1.000000
vt 0.510417 0.000000
vt 0.531250 1.000000
vt 0.520833 0.000000
vt 0.541667 1.000000
vt 0.531250 0.000000
vt 0.552083 1.000000
vt 0.541667 0.000000
vt 0.562500 1.000000
vt 0.552083 0.000000
vt 0.572917 1.000000
vt 0.562500 0.000000
vt 0.583333 1.000000
vt 0.572917 0.000000
vt 0.593750 1.000000
vt 0.583333 0.000000
vt 0.604167 1.000000
vt 0.593750 0.000000
vt 0.614583 1.000000
vt 0.604167 0.000000
vt 0.625000 1.000000
vt 0.614583 0.000000
vt 0.635417 1.000000
vt 0.625000 0.000000
vt 0.645833 1.000000
vt 0.635417 0.000000
vt 0.656250 1.000000
vt 0.645833 0.000000
vt 0.666667 1.000000
vt 0.656250 0.000000
vt 0.677083 1.000000
vt 0.687500 1.000000
vt 0.677083 0.000000
vt 0.697917 1.000000
vt 0.687500 0.000000
vt 0.708333 1.000000
vt 0.697917 0.000000
vt 0.718750 1.000000
vt 0.708333 0.000000
vt 0.729167 1.000000
vt 0.718750 0.000000
vt 0.739583 1.000000
vt 0.729167 0.000000
vt 0.739583 0.000000
vt 0.760417 1.000000
vt 0.770833 1.000000
vt 0.760417 0.000000
vt 0.781250 1.000000
vt 0.770833 0.000000
vt 0.791667 1.000000
vt 0.781250 0.000000
vt 0.802083 1.000000
vt 0.791667 0.000000
vt 0.812500 1.000000
vt 0.802083 0.000000
vt 0.822917 1.000000
vt 0.812500 0.000000
vt 0.833333 1.000000
vt 0.822917 0.000000
vt 0.843750 1.000000
vt 0.854167 1.000000
vt 0.843750 0.000000
vt 0.864583 1.000000
vt 0.854167 0.000000
vt 0.875000 1.000000
vt 0.864583 0.000000
vt 0.885417 1.000000
vt 0.875000 0.000000
vt 0.895833 1.000000
vt 0.885417 0.000000
vt 0.906250 1.000000
vt 0.895833 0.000000
vt 0.916667 1.000000
vt 0.906250 0.000000
vt 0.927083 1.000000
vt 0.916667 0.000000
vt 0.937500 1.000000
vt 0.927083 0.000000
vt 0.947917 1.000000
vt 0.937500 0.000000
vt 0.958333 1.000000
vt 0.947917 0.000000
vt 0.968750 1.000000
vt 0.958333 0.000000
vt 0.979167 1.000000
vt 0.968750 0.000000
vt 0.989583 1.000000
vt 0.979167 0.000000
vt 0.989583 0.000000
vt 0.005208 1.000000
vt 0.005208 0.000000
vt 0.015625 1.000000
vt 0.015625 0.000000
vt 0.026042 1.000000
vt 0.026042 0.000000
vt 0.036458 1.000000
vt 0.036458 0.000000
vt 0.046875 1.000000
vt 0.046875 0.000000
vt 0.057292 1.000000
vt 0.057292 0.000000
vt 0.067708 1.000000
vt 0.067708 0.000000
vt 0.078125 1.000000
vt 0.078125 0.000000
vt 0.088542 1.000000
vt 0.088542 0.000000
vt 0.098958 1.000000
vt 0.098958 0.000000
vt 0.109375 1.000000
vt 0.109375 0.000000
vt 0.119792 1.000000
vt 0.119792 0.000000
vt 0.130208 1.000000
vt 0.130208 0.000000
vt 0.140625 1.000000
vt 0.140625 0.000000
vt 0.151042 1.000000
vt 0.151042 0.000000
vt 0.161458 1.000000
vt 0.161458 0.000000
vt 0.171875 1.000000
vt 0.171875 0.000000
vt 0.182292 1.000000
vt 0.182292 0.000000
vt 0.192708 1.000000
vt 0.192708 0.000000
vt 0.203125 1.000000
vt 0.203125 0.000000
vt 0.213542 1.000000
vt 0.213542 0.000000
vt 0.223958 1.000000
vt 0.223958 0.000000
vt 0.234375 1.000000
vt 0.234375 0.000000
vt 0.244792 1.000000
vt 0.244792 0.000000
vt 0.255208 1.000000
vt 0.255208 0.000000
vt 0.265625 1.000000
vt 0.265625 0.000000
vt 0.276042 1.000000
vt 0.276042 0.000000
vt 0.286458 1.000000
vt 0.286458 0.000000
vt 0.296875 1.000000
vt 0.296875 0.000000
vt 0.307292 1.000000
vt 0.307292 0.000000
vt 0.317708 1.000000
vt 0.317708 0.000000
vt 0.328125 1.000000
vt 0.328125 0.000000
vt 0.338542 1.000000
vt 0.338542 0.000000
vt 0.348958 1.000000
vt 0.348958 0.000000
vt 0.359375 1.000000
vt 0.359375 0.000000
vt 0.369792 1.000000
vt 0.369792 0.000000
vt 0.380208 1.000000
vt 0.380208 0.000000
vt 0.390625 1.000000
vt 0.390625 0.000000
vt 0.401042 1.000000
vt 0.401042 0.000000
vt 0.411458 1.000000
vt 0.411458 0.000000
vt 0.421875 1.000000
vt 0.421875 0.000000
vt 0.432292 1.000000
vt 0.432292 0.000000
vt 0.442708 1.000000
vt 0.442708 0.000000
vt 0.453125 1.000000
vt 0.453125 0.000000
vt 0.463542 1.000000
vt 0.463542 0.000000
vt 0.473958 1.000000
vt 0.473958 0.000000
vt 0.484375 1.000000
vt 0.484375 0.000000
vt 0.494792 1.000000
vt 0.494792 0.000000
vt 0.505208 1.000000
vt 0.505208 0.000000
vt 0.515625 1.000000
vt 0.515625 0.000000
vt 0.526042 1.000000
vt 0.526042 0.000000
vt 0.536458 1.000000
vt 0.536458 0.000000
vt 0.546875 1.000000
vt 0.546875 0.000000
vt 0.557292 1.000000
vt 0.557292 0.000000
vt 0.567708 1.000000
vt 0.567708 0.000000
vt 0.578125 1.000000
vt 0.578125 0.000000
vt 0.588542 1.000000
vt 0.588542 0.000000
vt 0.598958 1.000000
vt 0.598958 0.000000
vt 0.609375 1.000000
vt 0.609375 0.000000
vt 0.619792 1.000000
vt 0.619792 0.000000
vt 0.630208 1.000000
vt 0.630208 0.000000
vt 0.640625 1.000000
vt 0.640625 0.000000
vt 0.651042 1.000000
vt 0.651042 0.000000
vt 0.661458 1.000000
vt 0.661458 0.000000
vt 0.671875 1.000000
vt 0.671875 0.000000
vt 0.682292 1.000000
vt 0.682292 0.000000
vt 0.692708 1.000000
vt 0.692708 0.000000
vt 0.703125 1.000000
vt 0.703125 0.000000
vt 0.713542 1.000000
vt 0.713542 0.000000
vt 0.723958 1.000000
vt 0.723958 0.000000
vt 0.734375 1.000000
vt 0.734375 0.000000
vt 0.744792 1.000000
vt 0.744792 0.000000
vt 0.755208 1.000000
vt 0.755208 0.000000
vt 0.765625 1.000000
vt 0.765625 0.000000
vt 0.776042 1.000000
vt 0.776042 0.000000
vt 0.786458 1.000000
vt 0.786458 0.000000
vt 0.796875 1.000000
vt 0.796875 0.000000
vt 0.807292 1.000000
vt 0.807292 0.000000
vt 0.817708 1.000000
vt 0.817708 0.000000
vt 0.828125 1.000000
vt 0.828125 0.000000
vt 0.838542 1.000000
vt 0.838542 0.000000
vt 0.848958 1.000000
vt 0.848958 0.000000
vt 0.859375 1.000000
vt 0.859375 0.000000
vt 0.869792 1.000000
vt 0.869792 0.000000
vt 0.880208 1.000000
vt 0.880208 0.000000
vt 0.890625 1.000000
vt 0.890625 0.000000
vt 0.901042 1.000000
vt 0.901042 0.000000
vt 0.911458 1.000000
vt 0.911458 0.000000
vt 0.921875 1.000000
vt 0.921875 0.000000
vt 0.932292 1.000000
vt 0.932292 0.000000
vt 0.942708 1.000000
vt 0.942708 0.000000
vt 0.953125 1.000000
vt 0.953125 0.000000
vt 0.963542 1.000000
vt 0.963542 0.000000
vt 0.973958 1.000000
vt 0.973958 0.000000
vt 0.984375 1.000000
vt 0.984375 0.000000
vt 0.994792 1.000000
vt 0.994792 0.000000
vt 0.007874 1.000000
vt 0.015748 1.000000
vt 0.007874 0.000000
vt 0.023622 1.000000
vt 0.015748 0.000000
vt 0.031496 1.000000
vt 0.023622 0.000000
vt 0.039370 1.000000
vt 0.031496 0.000000
vt 0.047244 1.000000
vt 0.039370 0.000000
vt 0.055118 1.000000
vt 0.047244 0.000000
vt 0.062992 1.000000
vt 0.055118 0.000000
vt 0.070866 1.000000
vt 0.062992 0.000000
vt 0.078740 1.000000
vt 0.070866 0.000000
vt 0.086614 1.000000
vt 0.078740 0.000000
vt 0.094488 1.000000
vt 0.086614 0.000000
vt 0.102362 1.000000
vt 0.094488 0.000000
vt 0.110236 1.000000
vt 0.102362 0.000000
vt 0.118110 1.000000
vt 0.110236 0.000000
vt 0.125984 1.000000
vt 0.118110 0.000000
vt 0.133858 1.000000
vt 0.125984 0.000000
vt 0.141732 1.000000
vt 0.133858 0.000000
vt 0.149606 1.000000
vt 0.141732 0.000000
vt 0.157480 1.000000
vt 0.149606 0.000000
vt 0.165354 1.000000
vt 0.157480 0.000000
vt 0.173228 1.000000
vt 0.165354 0.000000
vt 0.181102 1.000000
vt 0.173228 0.000000
vt 0.188976 1.000000
vt 0.181102 0.000000
vt 0.196850 1.000000
vt 0.188976 0.000000
vt 0.204724 1.000000
vt 0.196850 0.000000
vt 0.212598 1.000000
vt 0.204724 0.000000
vt 0.220472 1.000000
vt 0.212598 0.000000
vt 0.228346 1.000000
vt 0.220472 0.000000
vt 0.236220 1.000000
vt 0.228346 0.000000
vt 0.244094 1.000000
vt 0.236220 0.000000
vt 0.251969 1.000000
vt 0.244094 0.000000
vt 0.259843 1.000000
vt 0.251969 0.000000
vt 0.267717 1.000000
vt 0.259843 0.000000
vt 0.275591 1.000000
vt 0.267717 0.000000
vt 0.283465 1.000000
vt 0.275591 0.000000
vt 0.291339 1.000000
vt 0.283465 0.000000
vt 0.299213 1.000000
vt 0.291339 0.000000
vt 0.307087 1.000000
vt 0.299213 0.000000
vt 0.314961 1.000000
vt 0.307087 0.000000
vt 0.322835 1.000000
vt 0.314961 0.000000
vt 0.330709 1.000000
vt 0.322835 0.000000
vt 0.338583 1.000000
vt 0.330709 0.000000
vt 0.346457 1.000000
vt 0.338583 0.000000
vt 0.354331 1.000000
vt 0.346457 0.000000
vt 0.362205 1.000000
vt 0.354331 0.000000
vt 0.370079 1.000000
vt 0.362205 0.000000
vt 0.377953 1.000000
vt 0.370079 0.000000
vt 0.385827 1.000000
vt 0.377953 0.000000
vt 0.393701 1.000000
vt 0.385827 0.000000
vt 0.401575 1.000000
vt 0.393701 0.000000
vt 0.409449 1.000000
vt 0.401575 0.000000
vt 0.417323 1.000000
vt 0.409449 0.000000
vt 0.425197 1.000000
vt 0.417323 0.000000
vt 0.433071 1.000000
vt 0.425197 0.000000
vt 0.440945 1.000000
vt 0.433071 0.000000
vt 0.448819 1.000000
vt 0.440945 0.000000
vt 0.456693 1.000000
vt 0.448819 0.000000
vt 0.464567 1.000000
vt 0.456693 0.000000
vt 0.472441 1.000000
vt 0.464567 0.000000
vt 0.480315 1.000000
vt 0.472441 0.000000
vt 0.488189 1.000000
vt 0.480315 0.000000
vt 0.496063 1.000000
vt 0.488189 0.000000
vt 0.503937 1.000000
vt 0.496063 0.000000
vt 0.511811 1.000000
vt 0.503937 0.000000
vt 0.519685 1.000000
vt 0.511811 0.000000
vt 0.527559 1.000000
vt 0.519685 0.000000
vt 0.535433 1.000000
vt 0.527559 0.000000
vt 0.543307 1.000000
vt 0.535433 0.000000
vt 0.551181 1.000000
vt 0.543307 0.000000
vt 0.559055 1.000000
vt 0.551181 0.000000
vt 0.566929 1.000000
vt 0.559055 0.000000
vt 0.574803 1.000000
vt 0.566929 0.000000
vt 0.582677 1.000000
vt 0.574803 0.000000
vt 0.590551 1.000000
vt 0.582677 0.000000
vt 0.598425 1.000000
vt 0.590551 0.000000
vt 0.606299 1.000000
vt 0.598425 0.000000
vt 0.614173 1.000000
vt 0.606299 0.000000
vt 0.622047 1.000000
vt 0.614173 0.000000
vt 0.629921 1.000000
vt 0.622047 0.000000
vt 0.637795 1.000000
vt 0.629921 0.000000
vt 0.645669 1.000000
vt 0.637795 0.000000
vt 0.653543 1.000000
vt 0.645669 0.000000
vt 0.661417 1.000000
vt 0.653543 0.000000
vt 0.669291 1.000000
vt 0.661417 0.000000
vt 0.677165 1.000000
vt 0.669291 0.000000
vt 0.685039 1.000000
vt 0.677165 0.000000
vt 0.692913 1.000000
vt 0.685039 0.000000
vt 0.700787 1.000000
vt 0.692913 0.000000
vt 0.708661 1.000000
vt 0.700787 0.000000
vt 0.716535 1.000000
vt 0.708661 0.000000
vt 0.724409 1.000000
vt 0.716535 0.000000
vt 0.732283 1.000000
vt 0.724409 0.000000
vt 0.740157 1.000000
vt 0.732283 0.000000
vt 0.748031 1.000000
vt 0.740157 0.000000
vt 0.755906 1.000000
vt 0.748031 0.000000
vt 0.763780 1.000000
vt 0.755906 0.000000
vt 0.771654 1.000000
vt 0.763780 0.000000
vt 0.779528 1.000000
vt 0.771654 0.000000
vt 0.787402 1.000000
vt 0.779528 0.000000
vt 0.795276 1.000000
vt 0.787402 0.000000
vt 0.803150 1.000000
vt 0.795276 0.000000
vt 0.811024 1.000000
vt 0.803150 0.000000
vt 0.818898 1.000000
vt 0.811024 0.000000
vt 0.826772 1.000000
vt 0.818898 0.000000
vt 0.834646 1.000000
vt 0.826772 0.000000
vt 0.842520 1.000000
vt 0.834646 0.000000
vt 0.850394 1.000000
vt 0.842520 0.000000
vt 0.858268 1.000000
vt 0.850394 0.000000
vt 0.866142 1.000000
vt 0.858268 0.000000
vt 0.874016 1.000000
vt 0.866142 0.000000
vt 0.881890 1.000000
vt 0.874016 0.000000
vt 0.889764 1.000000
vt 0.881890 0.000000
vt 0.897638 1.000000
vt 0.889764 0.000000
vt 0.905512 1.000000
vt 0.897638 0.000000
vt 0.913386 1.000000
vt 0.905512 0.000000
vt 0.921260 1.000000
vt 0.913386 0.000000
vt 0.929134 1.000000
vt 0.921260 0.000000
vt 0.937008 1.000000
vt 0.929134 0.000000
vt 0.944882 1.000000
vt 0.937008 0.000000
vt 0.952756 1.000000
vt 0.944882 0.000000
vt 0.960630 1.000000
vt 0.952756 0.000000
vt 0.968504 1.000000
vt 0.960630 0.000000
vt 0.976378 1.000000
vt 0.968504 0.000000
vt 0.984252 1.000000
vt 0.976378 0.000000
vt 0.992126 1.000000
vt 0.984252 0.000000
vt 0.992126 0.000000
vt 0.004545 1.000000
vt 0.009091 1.000000
vt 0.004545 0.000000
vt 0.013636 1.000000
vt 0.009091 0.000000
vt 0.018182 1.000000
vt 0.013636 0.000000
vt 0.022727 1.000000
vt 0.018182 0.000000
vt 0.027273 1.000000
vt 0.022727 0.000000
vt 0.031818 1.000000
vt 0.027273 0.000000
vt 0.036364 1.000000
vt 0.031818 0.000000
vt 0.040909 1.000000
vt 0.036364 0.000000
vt 0.045455 1.000000
vt 0.040909 0.000000
vt 0.050000 1.000000
vt 0.045455 0.000000
vt 0.054545 1.000000
vt 0.050000 0.000000
vt 0.059091 1.000000
vt 0.054545 0.000000
vt 0.063636 1.000000
vt 0.059091 0.000000
vt 0.068182 1.000000
vt 0.063636 0.000000
vt 0.072727 1.000000
vt 0.068182 0.000000
vt 0.077273 1.000000
vt 0.072727 0.000000
vt 0.081818 1.000000
vt 0.077273 0.000000
vt 0.086364 1.000000
vt 0.081818 0.000000
vt 0.090909 1.000000
vt 0.086364 0.000000
vt 0.095455 1.000000
vt 0.090909 0.000000
vt 0.100000 1.000000
vt 0.095455 0.000000
vt 0.104545 1.000000
vt 0.100000 0.000000
vt 0.109091 1.000000
vt 0.104545 0.000000
vt 0.113636 1.000000
vt 0.109091 0.000000
vt 0.118182 1.000000
vt 0.113636 0.000000
vt 0.122727 1.000000
vt 0.118182 0.000000
vt 0.127273 1.000000
vt 0.122727 0.000000
vt 0.131818 1.000000
vt 0.127273 0.000000
vt 0.136364 1.000000
vt 0.131818 0.000000
vt 0.140909 1.000000
vt 0.136364 0.000000
vt 0.145455 1.000000
vt 0.140909 0.000000
vt 0.150000 1.000000
vt 0.145455 0.000000
vt 0.154545 1.000000
vt 0.150000 0.000000
vt 0.159091 1.000000
vt 0.154545 0.000000
vt 0.163636 1.000000
vt 0.159091 0.000000
vt 0.168182 1.000000
vt 0.163636 0.000000
vt 0.172727 1.000000
vt 0.168182 0.000000
vt 0.177273 1.000000
vt 0.172727 0.000000
vt 0.181818 1.000000
vt 0.177273 0.000000
vt 0.186364 1.000000
vt 0.181818 0.000000
vt 0.190909 1.000000
vt 0.186364 0.000000
vt 0.195455 1.000000
vt 0.190909 0.000000
vt 0.200000 1.000000
vt 0.195455 0.000000
vt 0.204545 1.000000
vt 0.209091 1.000000
vt 0.204545 0.000000
vt 0.213636 1.000000
vt 0.209091 0.000000
vt 0.218182 1.000000
vt 0.213636 0.000000
vt 0.222727 1.000000
vt 0.218182 0.000000
vt 0.227273 1.000000
vt 0.222727 0.000000
vt 0.231818 1.000000
vt 0.227273 0.000000
vt 0.236364 1.000000
vt 0.231818 0.000000
vt 0.240909 1.000000
vt 0.236364 0.000000
vt 0.245455 1.000000
vt 0.240909 0.000000
vt 0.245455 0.000000
vt 0.254545 1.000000
vt 0.259091 1.000000
vt 0.254545 0.000000
vt 0.263636 1.000000
vt 0.259091 0.000000
vt 0.268182 1.000000
vt 0.263636 0.000000
vt 0.272727 1.000000
vt 0.268182 0.000000
vt 0.277273 1.000000
vt 0.272727 0.000000
vt 0.281818 1.000000
vt 0.277273 0.000000
vt 0.286364 1.000000
vt 0.281818 0.000000
vt 0.290909 1.000000
vt 0.286364 0.000000
vt 0.295455 1.000000
vt 0.290909 0.000000
vt 0.300000 1.000000
vt 0.295455 0.000000
vt 0.304545 1.000000
vt 0.300000 0.000000
vt 0.309091 1.000000
vt 0.304545 0.000000
vt 0.313636 1.000000
vt 0.309091 0.000000
vt 0.318182 1.000000
vt 0.313636 0.000000
vt 0.322727 1.000000
vt 0.318182 0.000000
vt 0.327273 1.000000
vt 0.322727 0.000000
vt 0.331818 1.000000
vt 0.327273 0.000000
vt 0.336364 1.000000
vt 0.331818 0.000000
vt 0.340909 1.000000
vt 0.336364 0.000000
vt 0.345455 1.000000
vt 0.340909 0.000000
vt 0.350000 1.000000
vt 0.345455 0.000000
vt 0.354545 1.000000
vt 0.350000 0.000000
vt 0.359091 1.000000
vt 0.354545 0.000000
vt 0.363636 1.000000
vt 0.359091 0.000000
vt 0.368182 1.000000
vt 0.363636 0.000000
vt 0.372727 1.000000
vt 0.368182 0.000000
vt 0.377273 1.000000
vt 0.372727 0.000000
vt 0.381818 1.000000
vt 0.377273 0.000000
vt 0.386364 1.000000
vt 0.381818 0.000000
vt 0.390909 1.000000
vt 0.386364 0.000000
vt 0.395455 1.000000
vt 0.390909 0.000000
vt 0.400000 1.000000
vt 0.395455 0.000000
vt 0.404545 1.000000
vt 0.409091 1.000000
vt 0.404545 0.000000
vt 0.413636 1.000000
vt 0.409091 0.000000
vt 0.418182 1.000000
vt 0.413636 0.000000
vt 0.422727 1.000000
vt 0.418182 0.000000
vt 0.427273 1.000000
vt 0.422727 0.000000
vt 0.431818 1.000000
vt 0.427273 0.000000
vt 0.436364 1.000000
vt 0.431818 0.000000
vt 0.440909 1.000000
vt 0.436364 0.000000
vt 0.445455 1.000000
vt 0.440909 0.000000
vt 0.450000 1.000000
vt 0.445455 0.000000
vt 0.454545 1.000000
vt 0.450000 0.000000
vt 0.459091 1.000000
vt 0.454545 0.000000
vt 0.463636 1.000000
vt 0.459091 0.000000
vt 0.468182 1.000000
vt 0.463636 0.000000
vt 0.472727 1.000000
vt 0.468182 0.000000
vt 0.477273 1.000000
vt 0.472727 0.000000
vt 0.481818 1.000000
vt 0.477273 0.000000
vt 0.486364 1.000000
vt 0.481818 0.000000
vt 0.490909 1.000000
vt 0.486364 0.000000
vt 0.495455 1.000000
vt 0.490909 0.000000
vt 0.495455 0.000000
vt 0.504545 1.000000
vt 0.509091 1.000000
vt 0.504545 0.000000
vt 0.513636 1.000000
vt 0.509091 0.000000
vt 0.518182 1.000000
vt 0.513636 0.000000
vt 0.522727 1.000000
vt 0.518182 0.000000
vt 0.527273 1.000000
vt 0.522727 0.000000
vt 0.531818 1.000000
vt 0.527273 0.000000
vt 0.536364 1.000000
vt 0.531818 0.000000
vt 0.540909 1.000000
vt 0.536364 0.000000
vt 0.545455 1.000000
vt 0.540909 0.000000
vt 0.550000 1.000000
vt 0.545455 0.000000
vt 0.554545 1.000000
vt 0.550000 0.000000
vt 0.559091 1.000000
vt 0.554545 0.000000
vt 0.563636 1.000000
vt 0.559091 0.000000
vt 0.568182 1.000000
vt 0.563636 0.000000
vt 0.572727 1.000000
vt 0.568182 0.000000
vt 0.577273 1.000000
vt 0.572727 0.000000
vt 0.581818 1.000000
vt 0.577273 0.000000
vt 0.586364 1.000000
vt 0.581818 0.000000
vt 0.590909 1.000000
vt 0.586364 0.000000
vt 0.595455 1.000000
vt 0.590909 0.000000
vt 0.600000 1.000000
vt 0.595455 0.000000
vt 0.604545 1.000000
vt 0.609091 1.000000
vt 0.604545 0.000000
vt 0.613636 1.000000
vt 0.609091 0.000000
vt 0.618182 1.000000
vt 0.613636 0.000000
vt 0.622727 1.000000
vt 0.618182 0.000000
vt 0.627273 1.000000
vt 0.622727 0.000000
vt 0.631818 1.000000
vt 0.627273 0.000000
vt 0.636364 1.000000
vt 0.631818 0.000000
vt 0.640909 1.000000
vt 0.636364 0.000000
vt 0.645455 1.000000
vt 0.640909 0.000000
vt 0.650000 1.000000
vt 0.645455 0.000000
vt 0.654545 1.000000
vt 0.650000 0.000000
vt 0.659091 1.000000
vt 0.654545 0.000000
vt 0.663636 1.000000
vt 0.659091 0.000000
vt 0.668182 1.000000
vt 0.663636 0.000000
vt 0.672727 1.000000
vt 0.668182 0.000000
vt 0.677273 1.000000
vt 0.672727 0.000000
vt 0.681818 1.000000
vt 0.677273 0.000000
vt 0.686364 1.000000
vt 0.681818 0.000000
vt 0.690909 1.000000
vt 0.686364 0.000000
vt 0.695455 1.000000
vt 0.690909 0.000000
vt 0.700000 1.000000
vt 0.695455 0.000000
vt 0.704545 1.000000
vt 0.700000 0.000000
vt 0.709091 1.000000
vt 0.704545 0.000000
vt 0.713636 1.000000
vt 0.709091 0.000000
vt 0.718182 1.000000
vt 0.713636 0.000000
vt 0.722727 1.000000
vt 0.718182 0.000000
vt 0.727273 1.000000
vt 0.722727 0.000000
vt 0.731818 1.000000
vt 0.727273 0.000000
vt 0.736364 1.000000
vt 0.731818 0.000000
vt 0.740909 1.000000
vt 0.736364 0.000000
vt 0.745455 1.000000
vt 0.740909 0.000000
vt 0.745455 0.000000
vt 0.754545 1.000000
vt 0.759091 1.000000
vt 0.754545 0.000000
vt 0.763636 1.000000
vt 0.759091 0.000000
vt 0.768182 1.000000
vt 0.763636 0.000000
vt 0.772727 1.000000
vt 0.768182 0.000000
vt 0.777273 1.000000
vt 0.772727 0.000000
vt 0.781818 1.000000
vt 0.777273 0.000000
vt 0.786364 1.000000
vt 0.781818 0.000000
vt 0.790909 1.000000
vt 0.786364 0.000000
vt 0.795455 1.000000
vt 0.790909 0.000000
vt 0.800000 1.000000
vt 0.795455 0.000000
vt 0.804545 1.000000
vt 0.809091 1.000000
vt 0.804545 0.000000
vt 0.813636 1.000000
vt 0.809091 0.000000
vt 0.818182 1.000000
vt 0.813636 0.000000
vt 0.822727 1.000000
vt 0.818182 0.000000
vt 0.827273 1.000000
vt 0.822727 0.000000
vt 0.831818 1.000000
vt 0.827273 0.000000
vt 0.836364 1.000000
vt 0.831818 0.000000
vt 0.840909 1.000000
vt 0.836364 0.000000
vt 0.845455 1.000000
vt 0.840909 0.000000
vt 0.850000 1.000000
vt 0.845455 0.000000
vt 0.854545 1.000000
vt 0.850000 0.000000
vt 0.859091 1.000000
vt 0.854545 0.000000
vt 0.863636 1.000000
vt 0.859091 0.000000
vt 0.868182 1.000000
vt 0.863636 0.000000
vt 0.872727 1.000000
vt 0.868182 0.000000
vt 0.877273 1.000000
vt 0.872727 0.000000
vt 0.881818 1.000000
vt 0.877273 0.000000
vt 0.886364 1.000000
vt 0.881818 0.000000
vt 0.890909 1.000000
vt 0.886364 0.000000
vt 0.895455 1.000000
vt 0.890909 0.000000
vt 0.900000 1.000000
vt 0.895455 0.000000
vt 0.904545 1.000000
vt 0.900000 0.000000
vt 0.909091 1.000000
vt 0.904545 0.000000
vt 0.913636 1.000000
vt 0.909091 0.000000
vt 0.918182 1.000000
vt 0.913636 0.000000
vt 0.922727 1.000000
vt 0.918182 0.000000
vt 0.927273 1.000000
vt 0.922727 0.000000
vt 0.931818 1.000000
vt 0.927273 0.000000
vt 0.936364 1.000000
vt 0.931818 0.000000
vt 0.940909 1.000000
vt 0.936364 0.000000
vt 0.945455 1.000000
vt 0.940909 0.000000
vt 0.950000 1.000000
vt 0.945455 0.000000
vt 0.954545 1.000000
vt 0.950000 0.000000
vt 0.959091 1.000000
vt 0.954545 0.000000
vt 0.963636 1.000000
vt 0.959091 0.000000
vt 0.968182 1.000000
vt 0.963636 0.000000
vt 0.972727 1.000000
vt 0.968182 0.000000
vt 0.977273 1.000000
vt 0.972727 0.000000
vt 0.981818 1.000000
vt 0.977273 0.000000
vt 0.986364 1.000000
vt 0.981818 0.000000
vt 0.990909 1.000000
vt 0.986364 0.000000
vt 0.995455 1.000000
vt 0.990909 0.000000
vt 0.995455 0.000000
vt 0.020408 1.000000
vt 0.040816 1.000000
vt 0.020408 0.000000
vt 0.061224 1.000000
vt 0.040816 0.000000
vt 0.081633 1.000000
vt 0.061224 0.000000
vt 0.102041 1.000000
vt 0.081633 0.000000
vt 0.122449 1.000000
vt 0.102041 0.000000
vt 0.142857 1.000000
vt 0.122449 0.000000
vt 0.163265 1.000000
vt 0.183673 1.000000
vt 0.163265 0.000000
vt 0.204082 1.000000
vt 0.183673 0.000000
vt 0.224490 1.000000
vt 0.204082 0.000000
vt 0.244898 1.000000
vt 0.224490 0.000000
vt 0.265306 1.000000
vt 0.244898 0.000000
vt 0.285714 1.000000
vt 0.265306 0.000000
vt 0.306122 1.000000
vt 0.326531 1.000000
vt 0.306122 0.000000
vt 0.346939 1.000000
vt 0.326531 0.000000
vt 0.367347 1.000000
vt 0.346939 0.000000
vt 0.387755 1.000000
vt 0.367347 0.000000
vt 0.408163 1.000000
vt 0.387755 0.000000
vt 0.428571 1.000000
vt 0.408163 0.000000
vt 0.448980 1.000000
vt 0.469388 1.000000
vt 0.448980 0.000000
vt 0.489796 1.000000
vt 0.469388 0.000000
vt 0.510204 1.000000
vt 0.489796 0.000000
vt 0.530612 1.000000
vt 0.510204 0.000000
vt 0.551020 1.000000
vt 0.530612 0.000000
vt 0.571429 1.000000
vt 0.551020 0.000000
vt 0.591837 1.000000
vt 0.612245 1.000000
vt 0.591837 0.000000
vt 0.632653 1.000000
vt 0.612245 0.000000
vt 0.653061 1.000000
vt 0.632653 0.000000
vt 0.673469 1.000000
vt 0.653061 0.000000
vt 0.693878 1.000000
vt 0.673469 0.000000
vt 0.714286 1.000000
vt 0.693878 0.000000
vt 0.734694 1.000000
vt 0.755102 1.000000
vt 0.734694 0.000000
vt 0.775510 1.000000
vt 0.755102 0.000000
vt 0.795918 1.000000
vt 0.775510 0.000000
vt 0.816327 1.000000
vt 0.795918 0.000000
vt 0.836735 1.000000
vt 0.816327 0.000000
vt 0.857143 1.000000
vt 0.836735 0.000000
vt 0.877551 1.000000
vt 0.897959 1.000000
vt 0.877551 0.000000
vt 0.918367 1.000000
vt 0.897959 0.000000
vt 0.938776 1.000000
vt 0.918367 0.000000
vt 0.959184 1.000000
vt 0.938776 0.000000
vt 0.979592 1.000000
vt 0.959184 0.000000
vt 0.979592 0.000000
s 0
usemtl マテリアル
f 60/1/1 62/2/1 61/3/1
f 60/1/1 63/4/1 62/2/1
f 59/5/1 63/4/1 60/1/1
f 59/5/1 64/6/1 63/4/1
f 58/7/1 64/6/1 59/5/1
f 58/7/1 65/8/1 64/6/1
f 57/9/1 65/8/1 58/7/1
f 57/9/1 66/10/1 65/8/1
f 56/11/1 66/10/1 57/9/1
f 56/11/1 67/12/1 66/10/1
f 55/13/1 67/12/1 56/11/1
f 55/13/1 68/14/1 67/12/1
f 54/15/1 68/14/1 55/13/1
f 54/15/1 69/16/1 68/14/1
f 53/17/1 69/16/1 54/15/1
f 53/17/1 70/18/1 69/16/1
f 52/19/1 70/18/1 53/17/1
f 52/19/1 71/20/1 70/18/1
f 51/21/1 71/20/1 52/19/1
f 51/21/1 72/22/1 71/20/1
f 50/23/1 72/22/1 51/21/1
f 50/23/1 73/24/1 72/22/1
f 49/25/1 73/24/1 50/23/1
f 49/25/1 74/26/1 73/24/1
f 49/25/1 75/27/1 74/26/1
f 48/28/1 75/27/1 49/25/1
f 48/28/1 76/29/1 75/27/1
f 47/30/1 76/29/1 48/28/1
f 47/30/1 246/31/1 76/29/1
f 246/31/1 245/32/1 76/29/1
f 245/32/1 77/33/1 76/29/1
f 46/34/1 247/35/1 47/30/1
f 247/35/1 246/31/1 47/30/1
f 244/36/1 77/33/1 245/32/1
f 46/34/1 248/37/1 247/35/1
f 243/38/1 77/33/1 244/36/1
f 46/34/1 249/39/1 248/37/1
f 242/40/1 77/33/1 243/38/1
f 46/34/1 250/41/1 249/39/1
f 241/42/1 77/33/1 242/40/1
f 46/34/1 251/43/1 250/41/1
f 240/44/1 77/33/1 241/42/1
f 46/34/1 252/45/1 251/43/1
f 239/46/1 77/33/1 240/44/1
f 46/34/1 253/47/1 252/45/1
f 238/48/1 77/33/1 239/46/1
f 238/48/1 78/49/1 77/33/1
f 46/34/1 254/50/1 253/47/1
f 237/51/1 78/49/1 238/48/1
f 46/34/1 255/52/1 254/50/1
f 45/53/1 255/52/1 46/34/1
f 236/54/1 78/49/1 237/51/1
f 45/53/1 256/55/1 255/52/1
f 235/56/1 78/49/1 236/54/1
f 45/53/1 257/57/1 256/55/1
f 234/58/1 78/49/1 235/56/1
f 234/58/1 79/59/1 78/49/1
f 45/53/1 258/60/1 257/57/1
f 233/61/1 79/59/1 234/58/1
f 44/62/1 258/60/1 45/53/1
f 44/62/1 259/63/1 258/60/1
f 232/64/1 79/59/1 233/61/1
f 44/62/1 260/65/1 259/63/1
f 231/66/1 79/59/1 232/64/1
f 44/62/1 261/67/1 260/65/1
f 231/66/1 80/68/1 79/59/1
f 230/69/1 80/68/1 231/66/1
f 44/62/1 262/70/1 261/67/1
f 43/71/1 262/70/1 44/62/1
f 229/72/1 80/68/1 230/69/1
f 43/71/1 263/73/1 262/70/1
f 228/74/1 80/68/1 229/72/1
f 228/74/1 81/75/1 80/68/1
f 43/71/1 264/76/1 263/73/1
f 227/77/1 81/75/1 228/74/1
f 42/78/1 264/76/1 43/71/1
f 42/78/1 265/79/1 264/76/1
f 226/80/1 81/75/1 227/77/1
f 42/78/1 266/81/1 265/79/1
f 226/80/1 82/82/1 81/75/1
f 225/83/1 82/82/1 226/80/1
f 42/78/1 267/84/1 266/81/1
f 41/85/1 267/84/1 42/78/1
f 224/86/1 82/82/1 225/83/1
f 41/85/1 268/87/1 267/84/1
f 224/86/1 83/88/1 82/82/1
f 223/89/1 83/88/1 224/86/1
f 41/85/1 269/90/1 268/87/1
f 40/91/1 269/90/1 41/85/1
f 222/92/1 83/88/1 223/89/1
f 40/91/1 221/93/1 269/90/1
f 40/91/1 222/92/1 221/93/1
f 40/91/1 83/88/1 222/92/1
f 40/91/1 84/94/1 83/88/1
f 39/95/1 84/94/1 40/91/1
f 39/95/1 85/96/1 84/94/1
f 38/97/1 85/96/1 39/95/1
f 38/97/1 86/98/1 85/96/1
f 37/99/1 86/98/1 38/97/1
f 36/100/1 86/98/1 37/99/1
f 35/101/1 87/102/1 36/100/1
f 87/102/1 86/98/1 36/100/1
f 35/101/1 88/103/1 87/102/1
f 35/101/1 89/104/1 88/103/1
f 35/101/1 90/105/1 89/104/1
f 34/106/1 90/105/1 35/101/1
f 34/106/1 91/107/1 90/105/1
f 34/106/1 92/108/1 91/107/1
f 34/106/1 93/109/1 92/108/1
f 34/106/1 94/110/1 93/109/1
f 33/111/1 94/110/1 34/106/1
f 33/111/1 95/112/1 94/110/1
f 33/111/1 96/113/1 95/112/1
f 33/111/1 97/114/1 96/113/1
f 33/111/1 98/115/1 97/114/1
f 32/116/1 98/115/1 33/111/1
f 32/116/1 99/117/1 98/115/1
f 32/116/1 100/118/1 99/117/1
f 32/116/1 101/119/1 100/118/1
f 182/120/1 184/121/1 183/122/1
f 182/120/1 185/123/1 184/121/1
f 181/124/1 185/123/1 182/120/1
f 32/116/1 102/125/1 101/119/1
f 180/126/1 185/123/1 181/124/1
f 31/127/1 102/125/1 32/116/1
f 179/128/1 185/123/1 180/126/1
f 178/129/1 185/123/1 179/128/1
f 31/127/1 103/130/1 102/125/1
f 177/131/1 185/123/1 178/129/1
f 176/132/1 185/123/1 177/131/1
f 31/127/1 104/133/1 103/130/1
f 175/134/1 185/123/1 176/132/1
f 174/135/1 185/123/1 175/134/1
f 31/127/1 105/136/1 104/133/1
f 173/137/1 185/123/1 174/135/1
f 172/138/1 185/123/1 173/137/1
f 31/127/1 106/139/1 105/136/1
f 171/140/1 185/123/1 172/138/1
f 170/141/1 185/123/1 171/140/1
f 31/127/1 107/142/1 106/139/1
f 169/143/1 185/123/1 170/141/1
f 30/144/1 107/142/1 31/127/1
f 168/145/1 185/123/1 169/143/1
f 30/144/1 108/146/1 107/142/1
f 167/147/1 185/123/1 168/145/1
f 166/148/1 185/123/1 167/147/1
f 30/144/1 109/149/1 108/146/1
f 165/150/1 185/123/1 166/148/1
f 30/144/1 110/151/1 109/149/1
f 164/152/1 185/123/1 165/150/1
f 163/153/1 185/123/1 164/152/1
f 30/144/1 111/154/1 110/151/1
f 162/155/1 185/123/1 163/153/1
f 161/156/1 185/123/1 162/155/1
f 30/144/1 112/157/1 111/154/1
f 160/158/1 185/123/1 161/156/1
f 30/144/1 113/159/1 112/157/1
f 159/160/1 185/123/1 160/158/1
f 158/161/1 185/123/1 159/160/1
f 30/144/1 114/162/1 113/159/1
f 29/163/1 114/162/1 30/144/1
f 157/164/1 185/123/1 158/161/1
f 29/163/1 115/165/1 114/162/1
f 156/166/1 185/123/1 157/164/1
f 29/163/1 116/167/1 115/165/1
f 155/168/1 185/123/1 156/166/1
f 154/169/1 185/123/1 155/168/1
f 29/163/1 117/170/1 116/167/1
f 153/171/1 185/123/1 154/169/1
f 29/163/1 118/172/1 117/170/1
f 152/173/1 185/123/1 153/171/1
f 29/163/1 119/174/1 118/172/1
f 151/175/1 185/123/1 152/173/1
f 29/163/1 120/176/1 119/174/1
f 150/177/1 185/123/1 151/175/1
f 29/163/1 121/178/1 120/176/1
f 149/179/1 185/123/1 150/177/1
f 29/163/1 122/180/1 121/178/1
f 148/181/1 185/123/1 149/179/1
f 29/163/1 123/182/1 122/180/1
f 147/183/1 185/123/1 148/181/1
f 28/184/1 123/182/1 29/163/1
f 28/184/1 124/185/1 123/182/1
f 146/186/1 185/123/1 147/183/1
f 145/187/1 185/123/1 146/186/1
f 28/184/1 125/188/1 124/185/1
f 144/189/1 185/123/1 145/187/1
f 28/184/1 126/190/1 125/188/1
f 143/191/1 185/123/1 144/189/1
f 28/184/1 127/192/1 126/190/1
f 142/193/1 185/123/1 143/191/1
f 28/184/1 128/194/1 127/192/1
f 141/195/1 185/123/1 142/193/1
f 28/184/1 129/196/1 128/194/1
f 140/197/1 185/123/1 141/195/1
f 28/184/1 130/198/1 129/196/1
f 139/199/1 185/123/1 140/197/1
f 28/184/1 131/200/1 130/198/1
f 138/201/1 185/123/1 139/199/1
f 28/184/1 132/202/1 131/200/1
f 137/203/1 185/123/1 138/201/1
f 28/184/1 133/204/1 132/202/1
f 136/205/1 185/123/1 137/203/1
f 28/184/1 134/206/1 133/204/1
f 135/207/1 185/123/1 136/205/1
f 28/184/1 135/207/1 134/206/1
f 28/184/1 185/123/1 135/207/1
f 27/208/1 185/123/1 28/184/1
f 26/209/1 185/123/1 27/208/1
f 25/210/1 185/123/1 26/209/1
f 24/211/1 185/123/1 25/210/1
f 23/212/1 185/123/1 24/211/1
f 22/213/1 185/123/1 23/212/1
f 22/213/1 186/214/1 185/123/1
f 22/213/1 187/215/1 186/214/1
f 22/213/1 188/216/1 187/215/1
f 21/217/1 188/216/1 22/213/1
f 21/217/1 189/218/1 188/216/1
f 21/217/1 190/219/1 189/218/1
f 21/217/1 191/220/1 190/219/1
f 21/217/1 192/221/1 191/220/1
f 21/217/1 193/222/1 192/221/1
f 21/217/1 194/223/1 193/222/1
f 21/217/1 195/224/1 194/223/1
f 20/225/1 195/224/1 21/217/1
f 20/225/1 196/226/1 195/224/1
f 20/225/1 197/227/1 196/226/1
f 20/225/1 198/228/1 197/227/1
f 20/225/1 199/229/1 198/228/1
f 20/225/1 200/230/1 199/229/1
f 20/225/1 201/231/1 200/230/1
f 20/225/1 202/232/1 201/231/1
f 19/233/1 202/232/1 20/225/1
f 19/233/1 203/234/1 202/232/1
f 19/233/1 204/235/1 203/234/1
f 19/233/1 205/236/1 204/235/1
f 19/233/1 206/237/1 205/236/1
f 19/233/1 207/238/1 206/237/1
f 18/239/1 207/238/1 19/233/1
f 18/239/1 208/240/1 207/238/1
f 18/239/1 209/241/1 208/240/1
f 18/239/1 210/242/1 209/241/1
f 18/239/1 211/243/1 210/242/1
f 18/239/1 212/244/1 211/243/1
f 17/245/1 212/244/1 18/239/1
f 17/245/1 213/246/1 212/244/1
f 17/245/1 214/247/1 213/246/1
f 17/245/1 215/248/1 214/247/1
f 17/245/1 216/249/1 215/248/1
f 16/250/1 216/249/1 17/245/1
f 16/250/1 217/251/1 216/249/1
f 16/250/1 218/252/1 217/251/1
f 16/250/1 219/253/1 218/252/1
f 16/250/1 220/254/1 219/253/1
f 16/250/1 1/255/1 220/254/1
f 15/256/1 1/255/1 16/250/1
f 15/256/1 2/257/1 1/255/1
f 15/256/1 3/258/1 2/257/1
f 15/256/1 4/259/1 3/258/1
f 15/256/1 5/260/1 4/259/1
f 14/261/1 5/260/1 15/256/1
f 14/261/1 6/262/1 5/260/1
f 14/261/1 7/263/1 6/262/1
f 14/261/1 8/264/1 7/263/1
f 14/261/1 9/265/1 8/264/1
f 13/266/1 9/265/1 14/261/1
f 13/266/1 10/267/1 9/265/1
f 13/266/1 11/268/1 10/267/1
f 13/266/1 12/269/1 11/268/1
f 372/270/1 374/271/1 373/272/1
f 372/270/1 375/273/1 374/271/1
f 372/270/1 376/274/1 375/273/1
f 372/270/1 377/275/1 376/274/1
f 372/270/1 378/276/1 377/275/1
f 371/277/1 378/276/1 372/270/1
f 371/277/1 379/278/1 378/276/1
f 371/277/1 380/279/1 379/278/1
f 371/277/1 381/280/1 380/279/1
f 371/277/1 382/281/1 381/280/1
f 370/282/1 382/281/1 371/277/1
f 370/282/1 383/283/1 382/281/1
f 370/282/1 384/284/1 383/283/1
f 370/282/1 385/285/1 384/284/1
f 370/282/1 386/286/1 385/285/1
f 369/287/1 386/286/1 370/282/1
f 369/287/1 387/288/1 386/286/1
f 369/287/1 388/289/1 387/288/1
f 369/287/1 389/290/1 388/289/1
f 369/287/1 390/291/1 389/290/1
f 368/292/1 390/291/1 369/287/1
f 368/292/1 391/293/1 390/291/1
f 368/292/1 392/294/1 391/293/1
f 368/292/1 393/295/1 392/294/1
f 368/292/1 394/296/1 393/295/1
f 367/297/1 394/296/1 368/292/1
f 367/297/1 395/298/1 394/296/1
f 367/297/1 396/90/1 395/298/1
f 367/297/1 270/255/1 396/90/1
f 322/299/1 324/300/1 323/301/1
f 322/299/1 325/302/1 324/300/1
f 367/297/1 271/303/1 270/255/1
f 366/304/1 271/303/1 367/297/1
f 365/305/1 271/303/1 366/304/1
f 364/306/1 271/303/1 365/305/1
f 363/307/1 271/303/1 364/306/1
f 362/308/1 271/303/1 363/307/1
f 361/309/1 271/303/1 362/308/1
f 360/310/1 271/303/1 361/309/1
f 359/311/1 271/303/1 360/310/1
f 358/312/1 271/303/1 359/311/1
f 357/313/1 271/303/1 358/312/1
f 356/314/1 271/303/1 357/313/1
f 355/315/1 271/303/1 356/314/1
f 354/316/1 271/303/1 355/315/1
f 353/317/1 271/303/1 354/316/1
f 352/318/1 271/303/1 353/317/1
f 351/319/1 271/303/1 352/318/1
f 350/320/1 271/303/1 351/319/1
f 349/321/1 271/303/1 350/320/1
f 348/322/1 271/303/1 349/321/1
f 347/323/1 271/303/1 348/322/1
f 346/324/1 271/303/1 347/323/1
f 345/325/1 271/303/1 346/324/1
f 344/326/1 271/303/1 345/325/1
f 343/327/1 271/303/1 344/326/1
f 342/328/1 271/303/1 343/327/1
f 341/329/1 271/303/1 342/328/1
f 340/330/1 271/303/1 341/329/1
f 339/331/1 271/303/1 340/330/1
f 338/332/1 271/303/1 339/331/1
f 337/333/1 271/303/1 338/332/1
f 336/334/1 271/303/1 337/333/1
f 335/335/1 271/303/1 336/334/1
f 334/336/1 271/303/1 335/335/1
f 333/207/1 271/303/1 334/336/1
f 332/337/1 271/303/1 333/207/1
f 331/338/1 271/303/1 332/337/1
f 330/339/1 271/303/1 331/338/1
f 329/340/1 271/303/1 330/339/1
f 328/341/1 271/303/1 329/340/1
f 327/342/1 271/303/1 328/341/1
f 326/343/1 271/303/1 327/342/1
f 325/302/1 271/303/1 326/343/1
f 322/299/1 320/344/1 325/302/1
f 320/344/1 319/345/1 325/302/1
f 319/345/1 318/346/1 325/302/1
f 318/346/1 317/347/1 325/302/1
f 317/347/1 316/348/1 325/302/1
f 316/348/1 315/349/1 325/302/1
f 315/349/1 314/350/1 325/302/1
f 314/350/1 313/351/1 325/302/1
f 313/351/1 312/352/1 325/302/1
f 312/352/1 311/353/1 325/302/1
f 311/353/1 310/354/1 325/302/1
f 310/354/1 309/355/1 325/302/1
f 309/355/1 308/356/1 325/302/1
f 308/356/1 307/357/1 325/302/1
f 307/357/1 306/358/1 325/302/1
f 306/358/1 305/359/1 325/302/1
f 305/359/1 304/360/1 325/302/1
f 304/360/1 303/361/1 325/302/1
f 303/361/1 302/362/1 325/302/1
f 302/362/1 301/363/1 325/302/1
f 301/363/1 300/364/1 325/302/1
f 300/364/1 299/365/1 325/302/1
f 299/365/1 298/366/1 325/302/1
f 298/366/1 297/367/1 325/302/1
f 297/367/1 296/368/1 325/302/1
f 296/368/1 295/369/1 325/302/1
f 295/369/1 294/370/1 325/302/1
f 294/370/1 293/371/1 325/302/1
f 293/371/1 292/372/1 325/302/1
f 292/372/1 291/373/1 325/302/1
f 291/373/1 290/374/1 325/302/1
f 290/374/1 289/375/1 325/302/1
f 289/375/1 288/376/1 325/302/1
f 288/376/1 287/377/1 325/302/1
f 287/377/1 286/378/1 325/302/1
f 286/378/1 285/379/1 325/302/1
f 285/379/1 284/380/1 325/302/1
f 284/380/1 283/381/1 325/302/1
f 283/381/1 282/382/1 325/302/1
f 282/382/1 271/303/1 325/302/1
f 281/383/2 271/303/2 282/382/2
f 280/384/1 271/303/1 281/383/1
f 279/385/1 271/303/1 280/384/1
f 278/386/1 271/303/1 279/385/1
f 277/387/1 271/303/1 278/386/1
f 276/388/1 271/303/1 277/387/1
f 275/389/1 271/303/1 276/388/1
f 274/390/1 271/303/1 275/389/1
f 273/391/1 271/303/1 274/390/1
f 272/392/1 271/303/1 273/391/1
f 322/299/1 321/393/1 320/344/1
f 480/394/1 482/395/1 481/396/1
f 479/358/1 482/395/1 480/394/1
f 479/358/1 483/397/1 482/395/1
f 478/398/1 483/397/1 479/358/1
f 478/398/1 484/399/1 483/397/1
f 477/400/1 484/399/1 478/398/1
f 477/400/1 485/401/1 484/399/1
f 476/402/1 485/401/1 477/400/1
f 476/402/1 486/403/1 485/401/1
f 475/404/1 486/403/1 476/402/1
f 475/404/1 487/405/1 486/403/1
f 474/406/1 487/405/1 475/404/1
f 474/406/1 488/407/1 487/405/1
f 473/408/1 488/407/1 474/406/1
f 473/408/1 489/409/1 488/407/1
f 472/410/1 489/409/1 473/408/1
f 472/410/1 490/411/1 489/409/1
f 471/412/1 490/411/1 472/410/1
f 471/412/1 491/413/1 490/411/1
f 470/414/1 491/413/1 471/412/1
f 470/414/1 492/415/1 491/413/1
f 469/416/1 492/415/1 470/414/1
f 469/416/1 397/255/1 492/415/1
f 468/417/1 397/255/1 469/416/1
f 468/417/1 398/418/1 397/255/1
f 467/419/1 398/418/1 468/417/1
f 467/419/1 399/420/1 398/418/1
f 466/421/1 399/420/1 467/419/1
f 466/421/1 400/422/1 399/420/1
f 465/423/1 555/424/1 466/421/1
f 555/424/1 554/425/1 466/421/1
f 554/425/1 553/426/1 466/421/1
f 553/426/1 400/422/1 466/421/1
f 553/426/1 552/427/1 400/422/1
f 552/427/1 551/428/1 400/422/1
f 551/428/1 401/429/1 400/422/1
f 465/423/1 556/430/1 555/424/1
f 550/431/1 401/429/1 551/428/1
f 465/423/1 557/432/1 556/430/1
f 549/433/1 401/429/1 550/431/1
f 465/423/1 558/434/1 557/432/1
f 548/435/1 401/429/1 549/433/1
f 465/423/1 559/436/1 558/434/1
f 547/437/1 401/429/1 548/435/1
f 465/423/1 560/438/1 559/436/1
f 546/439/1 401/429/1 547/437/1
f 465/423/1 561/328/1 560/438/1
f 545/440/1 401/429/1 546/439/1
f 465/423/1 562/441/1 561/328/1
f 544/442/1 401/429/1 545/440/1
f 465/423/1 563/443/1 562/441/1
f 543/444/1 401/429/1 544/442/1
f 465/423/1 564/445/1 563/443/1
f 542/446/1 401/429/1 543/444/1
f 465/423/1 565/447/1 564/445/1
f 541/448/1 401/429/1 542/446/1
f 465/423/1 566/449/1 565/447/1
f 540/450/1 401/429/1 541/448/1
f 465/423/1 567/451/1 566/449/1
f 539/452/1 401/429/1 540/450/1
f 465/423/1 568/453/1 567/451/1
f 538/454/1 401/429/1 539/452/1
f 465/423/1 569/455/1 568/453/1
f 537/456/1 401/429/1 538/454/1
f 464/457/1 569/455/1 465/423/1
f 464/457/1 570/458/1 569/455/1
f 537/456/1 402/459/1 401/429/1
f 536/460/1 402/459/1 537/456/1
f 464/457/1 571/461/1 570/458/1
f 535/462/1 402/459/1 536/460/1
f 464/457/1 572/463/1 571/461/1
f 534/464/1 402/459/1 535/462/1
f 464/457/1 573/465/1 572/463/1
f 533/466/1 402/459/1 534/464/1
f 464/457/1 574/467/1 573/465/1
f 532/468/1 402/459/1 533/466/1
f 464/457/1 575/469/1 574/467/1
f 531/470/1 402/459/1 532/468/1
f 464/457/1 576/471/1 575/469/1
f 463/472/1 576/471/1 464/457/1
f 530/473/1 402/459/1 531/470/1
f 530/473/1 403/474/1 402/459/1
f 463/472/1 577/475/1 576/471/1
f 529/476/1 403/474/1 530/473/1
f 463/472/1 578/477/1 577/475/1
f 528/478/1 403/474/1 529/476/1
f 463/472/1 579/479/1 578/477/1
f 527/480/1 403/474/1 528/478/1
f 463/472/1 580/481/1 579/479/1
f 526/482/1 403/474/1 527/480/1
f 463/472/1 581/483/1 580/481/1
f 462/484/1 581/483/1 463/472/1
f 525/485/1 403/474/1 526/482/1
f 525/485/1 404/486/1 403/474/1
f 462/484/1 582/487/1 581/483/1
f 524/488/1 404/486/1 525/485/1
f 462/484/1 583/489/1 582/487/1
f 523/490/1 404/486/1 524/488/1
f 462/484/1 584/491/1 583/489/1
f 522/492/1 404/486/1 523/490/1
f 462/484/1 585/493/1 584/491/1
f 521/494/1 404/486/1 522/492/1
f 461/495/1 585/493/1 462/484/1
f 461/495/1 586/496/1 585/493/1
f 521/494/1 405/497/1 404/486/1
f 520/300/1 405/497/1 521/494/1
f 461/495/1 587/498/1 586/496/1
f 519/499/1 405/497/1 520/300/1
f 461/495/1 588/500/1 587/498/1
f 518/501/1 405/497/1 519/499/1
f 461/495/1 589/502/1 588/500/1
f 517/503/1 405/497/1 518/501/1
f 460/504/1 589/502/1 461/495/1
f 517/503/1 406/505/1 405/497/1
f 460/504/1 590/506/1 589/502/1
f 516/507/1 406/505/1 517/503/1
f 460/504/1 591/508/1 590/506/1
f 515/509/1 406/505/1 516/507/1
f 460/504/1 592/510/1 591/508/1
f 514/511/1 406/505/1 515/509/1
f 460/504/1 593/512/1 592/510/1
f 459/513/1 593/512/1 460/504/1
f 514/511/1 407/514/1 406/505/1
f 513/515/1 407/514/1 514/511/1
f 459/513/1 594/516/1 593/512/1
f 512/517/1 407/514/1 513/515/1
f 459/513/1 595/518/1 594/516/1
f 511/519/1 407/514/1 512/517/1
f 459/513/1 596/520/1 595/518/1
f 458/521/1 596/520/1 459/513/1
f 510/522/1 407/514/1 511/519/1
f 510/522/1 408/523/1 407/514/1
f 458/521/1 597/524/1 596/520/1
f 509/525/1 408/523/1 510/522/1
f 458/521/1 598/526/1 597/524/1
f 508/527/1 408/523/1 509/525/1
f 458/521/1 599/528/1 598/526/1
f 507/529/1 408/523/1 508/527/1
f 457/530/1 599/528/1 458/521/1
f 507/529/1 409/531/1 408/523/1
f 457/530/1 600/532/1 599/528/1
f 506/533/1 409/531/1 507/529/1
f 457/530/1 601/534/1 600/532/1
f 505/535/1 409/531/1 506/533/1
f 456/536/1 601/534/1 457/530/1
f 505/535/1 410/537/1 409/531/1
f 456/536/1 602/310/1 601/534/1
f 504/538/1 410/537/1 505/535/1
f 456/536/1 603/539/1 602/310/1
f 503/540/1 410/537/1 504/538/1
f 456/536/1 604/541/1 603/539/1
f 502/542/1 410/537/1 503/540/1
f 455/543/1 604/541/1 456/536/1
f 502/542/1 411/544/1 410/537/1
f 455/543/1 605/545/1 604/541/1
f 501/546/1 411/544/1 502/542/1
f 455/543/1 606/547/1 605/545/1
f 500/548/1 411/544/1 501/546/1
f 455/543/1 607/549/1 606/547/1
f 499/550/1 411/544/1 500/548/1
f 454/551/1 607/549/1 455/543/1
f 499/550/1 412/552/1 411/544/1
f 454/551/1 608/553/1 607/549/1
f 498/554/1 412/552/1 499/550/1
f 454/551/1 609/555/1 608/553/1
f 497/556/1 412/552/1 498/554/1
f 454/551/1 610/557/1 609/555/1
f 496/558/1 412/552/1 497/556/1
f 453/559/1 610/557/1 454/551/1
f 496/558/1 413/560/1 412/552/1
f 453/559/1 611/561/1 610/557/1
f 495/562/1 413/560/1 496/558/1
f 453/559/1 612/563/1 611/561/1
f 494/564/1 413/560/1 495/562/1
f 453/559/1 613/565/1 612/563/1
f 493/566/1 413/560/1 494/564/1
f 453/559/1 614/567/1 613/565/1
f 684/90/1 413/560/1 493/566/1
f 452/568/1 614/567/1 453/559/1
f 684/90/1 414/569/1 413/560/1
f 452/568/1 615/570/1 614/567/1
f 683/571/1 414/569/1 684/90/1
f 452/568/1 616/572/1 615/570/1
f 682/573/1 414/569/1 683/571/1
f 452/568/1 617/574/1 616/572/1
f 681/575/1 414/569/1 682/573/1
f 680/576/1 414/569/1 681/575/1
f 452/568/1 618/577/1 617/574/1
f 451/578/1 618/577/1 452/568/1
f 680/576/1 415/579/1 414/569/1
f 679/580/1 415/579/1 680/576/1
f 451/578/1 619/581/1 618/577/1
f 451/578/1 620/582/1 619/581/1
f 678/583/1 415/579/1 679/580/1
f 451/578/1 621/584/1 620/582/1
f 677/585/1 415/579/1 678/583/1
f 451/578/1 622/586/1 621/584/1
f 676/587/1 415/579/1 677/585/1
f 450/588/1 622/586/1 451/578/1
f 676/587/1 416/589/1 415/579/1
f 450/588/1 623/590/1 622/586/1
f 675/591/1 416/589/1 676/587/1
f 450/588/1 624/592/1 623/590/1
f 674/593/1 416/589/1 675/591/1
f 450/588/1 625/594/1 624/592/1
f 673/595/1 416/589/1 674/593/1
f 450/588/1 626/596/1 625/594/1
f 672/597/1 416/589/1 673/595/1
f 450/588/1 627/598/1 626/596/1
f 671/599/1 416/589/1 672/597/1
f 450/588/1 628/600/1 627/598/1
f 449/601/1 628/600/1 450/588/1
f 671/599/1 417/602/1 416/589/1
f 670/603/1 417/602/1 671/599/1
f 449/601/1 629/604/1 628/600/1
f 669/605/1 417/602/1 670/603/1
f 449/601/1 630/606/1 629/604/1
f 668/607/1 417/602/1 669/605/1
f 449/601/1 631/608/1 630/606/1
f 667/609/1 417/602/1 668/607/1
f 449/601/1 632/610/1 631/608/1
f 666/611/1 417/602/1 667/609/1
f 449/601/1 633/612/1 632/610/1
f 665/613/1 417/602/1 666/611/1
f 449/601/1 634/614/1 633/612/1
f 664/615/1 417/602/1 665/613/1
f 449/601/1 635/616/1 634/614/1
f 663/617/1 417/602/1 664/615/1
f 448/618/1 635/616/1 449/601/1
f 663/617/1 418/619/1 417/602/1
f 448/618/1 636/620/1 635/616/1
f 662/621/1 418/619/1 663/617/1
f 448/618/1 637/622/1 636/620/1
f 661/623/1 418/619/1 662/621/1
f 448/618/1 638/624/1 637/622/1
f 660/625/1 418/619/1 661/623/1
f 448/618/1 639/626/1 638/624/1
f 659/627/1 418/619/1 660/625/1
f 448/618/1 640/628/1 639/626/1
f 658/629/1 418/619/1 659/627/1
f 448/618/1 641/630/1 640/628/1
f 657/631/1 418/619/1 658/629/1
f 448/618/1 642/632/1 641/630/1
f 656/633/1 418/619/1 657/631/1
f 448/618/1 643/276/1 642/632/1
f 655/634/1 418/619/1 656/633/1
f 448/618/1 644/635/1 643/276/1
f 654/636/1 418/619/1 655/634/1
f 448/618/1 645/637/1 644/635/1
f 653/638/1 418/619/1 654/636/1
f 448/618/1 646/639/1 645/637/1
f 652/640/1 418/619/1 653/638/1
f 448/618/1 647/641/1 646/639/1
f 651/642/1 418/619/1 652/640/1
f 448/618/1 648/643/1 647/641/1
f 650/644/1 418/619/1 651/642/1
f 448/618/1 649/645/1 648/643/1
f 649/645/1 418/619/1 650/644/1
f 448/618/1 418/619/1 649/645/1
f 447/646/1 418/619/1 448/618/1
f 447/646/1 419/647/1 418/619/1
f 446/648/1 419/647/1 447/646/1
f 446/648/1 420/649/1 419/647/1
f 445/650/1 420/649/1 446/648/1
f 445/650/1 421/651/1 420/649/1
f 444/652/1 421/651/1 445/650/1
f 444/652/1 422/653/1 421/651/1
f 443/654/1 422/653/1 444/652/1
f 443/654/1 423/655/1 422/653/1
f 442/656/1 423/655/1 443/654/1
f 442/656/1 424/657/1 423/655/1
f 441/658/1 424/657/1 442/656/1
f 441/658/1 425/659/1 424/657/1
f 440/660/1 425/659/1 441/658/1
f 440/660/1 426/661/1 425/659/1
f 439/662/1 426/661/1 440/660/1
f 439/662/1 427/663/1 426/661/1
f 438/376/1 427/663/1 439/662/1
f 438/376/1 428/664/1 427/663/1
f 437/665/1 428/664/1 438/376/1
f 437/665/1 429/666/1 428/664/1
f 436/667/1 429/666/1 437/665/1
f 436/667/1 430/668/1 429/666/1
f 435/669/1 430/668/1 436/667/1
f 435/669/1 431/670/1 430/668/1
f 434/671/1 431/670/1 435/669/1
f 434/671/1 432/672/1 431/670/1
f 433/673/1 432/672/1 434/671/1
f 792/674/1 794/675/1 793/676/1
f 792/674/1 795/350/1 794/675/1
f 791/677/1 795/350/1 792/674/1
f 791/677/1 796/678/1 795/350/1
f 790/352/1 796/678/1 791/677/1
f 790/352/1 797/679/1 796/678/1
f 789/680/1 797/679/1 790/352/1
f 789/680/1 798/681/1 797/679/1
f 788/682/1 798/681/1 789/680/1
f 788/682/1 799/683/1 798/681/1
f 788/682/1 800/348/1 799/683/1
f 787/684/1 800/348/1 788/682/1
f 787/684/1 801/685/1 800/348/1
f 786/686/1 801/685/1 787/684/1
f 786/686/1 802/687/1 801/685/1
f 785/354/1 802/687/1 786/686/1
f 785/354/1 803/688/1 802/687/1
f 784/689/1 803/688/1 785/354/1
f 784/689/1 804/690/1 803/688/1
f 784/689/1 805/346/1 804/690/1
f 783/691/1 805/346/1 784/689/1
f 783/691/1 806/692/1 805/346/1
f 782/693/1 806/692/1 783/691/1
f 782/693/1 807/694/1 806/692/1
f 781/695/1 807/694/1 782/693/1
f 781/695/1 808/696/1 807/694/1
f 780/356/1 808/696/1 781/695/1
f 780/356/1 809/697/1 808/696/1
f 780/356/1 810/344/1 809/697/1
f 779/698/1 810/344/1 780/356/1
f 779/698/1 811/699/1 810/344/1
f 778/700/1 811/699/1 779/698/1
f 778/700/1 812/701/1 811/699/1
f 777/702/1 812/701/1 778/700/1
f 777/702/1 813/703/1 812/701/1
f 776/704/1 813/703/1 777/702/1
f 776/704/1 814/705/1 813/703/1
f 775/358/1 814/705/1 776/704/1
f 775/358/1 815/299/1 814/705/1
f 775/358/1 816/706/1 815/299/1
f 774/707/1 816/706/1 775/358/1
f 774/707/1 817/708/1 816/706/1
f 773/709/1 817/708/1 774/707/1
f 773/709/1 853/710/1 817/708/1
f 853/710/1 852/711/1 817/708/1
f 852/711/1 851/712/1 817/708/1
f 851/712/1 850/334/1 817/708/1
f 850/334/1 849/713/1 817/708/1
f 849/713/1 848/714/1 817/708/1
f 848/714/1 847/715/1 817/708/1
f 847/715/1 846/716/1 817/708/1
f 846/716/1 845/336/1 817/708/1
f 845/336/1 844/717/1 817/708/1
f 844/717/1 843/718/1 817/708/1
f 843/718/1 818/719/1 817/708/1
f 772/720/1 854/721/1 773/709/1
f 854/721/1 853/710/1 773/709/1
f 771/722/1 855/332/1 772/720/1
f 855/332/1 854/721/1 772/720/1
f 770/360/1 856/723/1 771/722/1
f 856/723/1 855/332/1 771/722/1
f 769/724/1 857/725/1 770/360/1
f 857/725/1 856/723/1 770/360/1
f 768/726/1 858/727/1 769/724/1
f 858/727/1 857/725/1 769/724/1
f 767/728/1 860/330/1 768/726/1
f 860/330/3 859/729/3 768/726/3
f 859/729/1 858/727/1 768/726/1
f 766/730/1 861/731/1 767/728/1
f 861/731/1 860/330/1 767/728/1
f 765/362/1 862/732/1 766/730/1
f 862/732/1 861/731/1 766/730/1
f 764/733/1 863/734/1 765/362/1
f 863/734/1 862/732/1 765/362/1
f 763/735/1 864/736/1 764/733/1
f 864/736/1 863/734/1 764/733/1
f 762/737/1 866/738/1 763/735/1
f 866/738/1 865/328/1 763/735/1
f 865/328/1 864/736/1 763/735/1
f 761/739/1 867/740/1 762/737/1
f 867/740/1 866/738/1 762/737/1
f 761/739/1 868/741/1 867/740/1
f 760/364/1 868/741/1 761/739/1
f 760/364/1 869/742/1 868/741/1
f 760/364/1 870/326/1 869/742/1
f 760/364/1 871/743/1 870/326/1
f 760/364/1 872/744/1 871/743/1
f 760/364/1 873/745/1 872/744/1
f 759/746/1 873/745/1 760/364/1
f 759/746/1 874/747/1 873/745/1
f 759/746/1 875/324/1 874/747/1
f 758/748/1 875/324/1 759/746/1
f 758/748/1 876/749/1 875/324/1
f 842/750/1 818/719/1 843/718/1
f 757/751/1 876/749/1 758/748/1
f 757/751/1 877/752/1 876/749/1
f 841/753/1 818/719/1 842/750/1
f 840/337/4 818/719/4 841/753/4
f 839/754/3 818/719/3 840/337/3
f 838/755/1 818/719/1 839/754/1
f 757/751/1 878/756/1 877/752/1
f 837/757/1 818/719/1 838/755/1
f 756/758/1 878/756/1 757/751/1
f 836/759/1 818/719/1 837/757/1
f 835/339/1 818/719/1 836/759/1
f 834/760/1 818/719/1 835/339/1
f 756/758/1 879/761/1 878/756/1
f 833/762/1 818/719/1 834/760/1
f 832/763/1 818/719/1 833/762/1
f 831/764/1 818/719/1 832/763/1
f 755/366/1 879/761/1 756/758/1
f 755/366/1 880/322/1 879/761/1
f 830/341/1 818/719/1 831/764/1
f 829/765/1 818/719/1 830/341/1
f 828/766/1 818/719/1 829/765/1
f 827/767/1 818/719/1 828/766/1
f 755/366/1 881/768/1 880/322/1
f 826/769/1 818/719/1 827/767/1
f 754/770/1 881/768/1 755/366/1
f 825/343/1 818/719/1 826/769/1
f 824/771/1 818/719/1 825/343/1
f 823/772/1 818/719/1 824/771/1
f 822/773/1 818/719/1 823/772/1
f 754/770/1 882/774/1 881/768/1
f 821/775/1 818/719/1 822/773/1
f 753/776/1 882/774/1 754/770/1
f 820/300/1 818/719/1 821/775/1
f 819/777/1 818/719/1 820/300/1
f 753/776/1 883/778/1 882/774/1
f 752/779/1 883/778/1 753/776/1
f 752/779/1 884/780/1 883/778/1
f 751/781/1 884/780/1 752/779/1
f 751/781/1 885/320/1 884/780/1
f 750/368/1 885/320/1 751/781/1
f 750/368/1 886/782/1 885/320/1
f 749/783/1 886/782/1 750/368/1
f 749/783/1 887/784/1 886/782/1
f 748/785/1 887/784/1 749/783/1
f 748/785/1 888/786/1 887/784/1
f 747/787/1 888/786/1 748/785/1
f 747/787/1 889/788/1 888/786/1
f 746/789/1 889/788/1 747/787/1
f 746/789/1 890/318/1 889/788/1
f 745/370/1 890/318/1 746/789/1
f 745/370/1 891/790/1 890/318/1
f 744/791/1 891/790/1 745/370/1
f 744/791/1 892/792/1 891/790/1
f 743/793/1 892/792/1 744/791/1
f 743/793/1 893/794/1 892/792/1
f 742/795/1 893/794/1 743/793/1
f 742/795/1 894/796/1 893/794/1
f 741/797/1 894/796/1 742/795/1
f 741/797/1 895/316/1 894/796/1
f 740/372/1 895/316/1 741/797/1
f 740/372/1 896/798/1 895/316/1
f 739/799/1 896/798/1 740/372/1
f 739/799/1 897/800/1 896/798/1
f 738/801/1 897/800/1 739/799/1
f 738/801/1 898/802/1 897/800/1
f 737/803/1 898/802/1 738/801/1
f 737/803/1 899/804/1 898/802/1
f 736/805/1 899/804/1 737/803/1
f 736/805/1 900/314/1 899/804/1
f 962/806/1 964/807/1 963/808/1
f 962/806/1 965/281/1 964/807/1
f 735/374/1 900/314/1 736/805/1
f 961/809/1 965/281/1 962/806/1
f 735/374/1 901/810/1 900/314/1
f 960/279/1 965/281/1 961/809/1
f 959/811/1 965/281/1 960/279/1
f 958/812/1 965/281/1 959/811/1
f 957/813/1 965/281/1 958/812/1
f 956/814/1 965/281/1 957/813/1
f 735/374/1 902/815/1 901/810/1
f 955/276/1 965/281/1 956/814/1
f 734/816/1 902/815/1 735/374/1
f 954/817/1 965/281/1 955/276/1
f 953/818/1 965/281/1 954/817/1
f 952/819/1 965/281/1 953/818/1
f 951/820/1 965/281/1 952/819/1
f 734/816/1 903/821/1 902/815/1
f 950/274/1 965/281/1 951/820/1
f 733/822/1 903/821/1 734/816/1
f 949/823/1 965/281/1 950/274/1
f 948/824/1 965/281/1 949/823/1
f 947/825/1 965/281/1 948/824/1
f 733/822/1 904/826/1 903/821/1
f 946/827/1 965/281/1 947/825/1
f 945/271/1 965/281/1 946/827/1
f 732/828/1 904/826/1 733/822/1
f 944/829/1 965/281/1 945/271/1
f 732/828/1 905/312/1 904/826/1
f 943/830/1 965/281/1 944/829/1
f 942/831/1 965/281/1 943/830/1
f 941/832/1 965/281/1 942/831/1
f 940/270/1 965/281/1 941/832/1
f 732/828/1 906/833/1 905/312/1
f 731/834/1 906/833/1 732/828/1
f 939/835/1 965/281/1 940/270/1
f 938/836/1 965/281/1 939/835/1
f 937/837/1 965/281/1 938/836/1
f 731/834/1 907/838/1 906/833/1
f 936/839/1 965/281/1 937/837/1
f 935/282/1 965/281/1 936/839/1
f 730/376/1 907/838/1 731/834/1
f 934/840/1 965/281/1 935/282/1
f 730/376/1 908/841/1 907/838/1
f 933/842/1 965/281/1 934/840/1
f 932/843/1 965/281/1 933/842/1
f 931/844/1 965/281/1 932/843/1
f 730/376/1 909/845/1 908/841/1
f 930/292/1 965/281/1 931/844/1
f 929/846/1 965/281/1 930/292/1
f 729/847/1 909/845/1 730/376/1
f 729/847/1 910/310/1 909/845/1
f 928/848/1 965/281/1 929/846/1
f 927/849/1 965/281/1 928/848/1
f 926/850/1 965/281/1 927/849/1
f 729/847/1 911/851/1 910/310/1
f 925/304/1 965/281/1 926/850/1
f 924/852/1 965/281/1 925/304/1
f 729/847/1 912/853/1 911/851/1
f 923/854/1 965/281/1 924/852/1
f 922/855/1 965/281/1 923/854/1
f 729/847/1 913/856/1 912/853/1
f 921/857/1 965/281/1 922/855/1
f 728/858/1 913/856/1 729/847/1
f 920/306/1 965/281/1 921/857/1
f 919/859/1 965/281/1 920/306/1
f 728/858/1 914/860/1 913/856/1
f 918/861/1 965/281/1 919/859/1
f 917/862/1 965/281/1 918/861/1
f 728/858/1 915/308/1 914/860/1
f 916/863/1 965/281/1 917/862/1
f 915/308/1 965/281/1 916/863/1
f 728/858/1 965/281/1 915/308/1
f 727/864/1 965/281/1 728/858/1
f 726/865/1 965/281/1 727/864/1
f 725/378/1 965/281/1 726/865/1
f 724/866/1 965/281/1 725/378/1
f 723/867/1 965/281/1 724/866/1
f 722/868/1 965/281/1 723/867/1
f 721/869/1 965/281/1 722/868/1
f 720/380/1 965/281/1 721/869/1
f 719/870/1 965/281/1 720/380/1
f 718/871/1 965/281/1 719/870/1
f 717/872/1 965/281/1 718/871/1
f 716/873/1 965/281/1 717/872/1
f 715/382/1 965/281/1 716/873/1
f 715/382/1 966/874/1 965/281/1
f 715/382/1 967/875/1 966/874/1
f 715/382/1 968/876/1 967/875/1
f 715/382/1 969/877/1 968/876/1
f 714/878/1 969/877/1 715/382/1
f 714/878/1 970/284/1 969/877/1
f 714/878/1 971/879/1 970/284/1
f 714/878/1 972/880/1 971/879/1
f 713/881/1 972/880/1 714/878/1
f 713/881/1 973/882/1 972/880/1
f 713/881/1 974/883/1 973/882/1
f 713/881/1 975/286/1 974/883/1
f 713/881/1 976/884/1 975/286/1
f 712/885/1 976/884/1 713/881/1
f 712/885/1 977/886/1 976/884/1
f 712/885/1 978/887/1 977/886/1
f 711/888/1 978/887/1 712/885/1
f 711/888/1 979/889/1 978/887/1
f 711/888/1 980/289/1 979/889/1
f 711/888/1 981/890/1 980/289/1
f 710/384/1 981/890/1 711/888/1
f 710/384/1 982/891/1 981/890/1
f 710/384/1 983/892/1 982/891/1
f 710/384/1 984/893/1 983/892/1
f 709/894/1 984/893/1 710/384/1
f 709/894/1 985/291/1 984/893/1
f 709/894/1 986/895/1 985/291/1
f 708/896/1 986/895/1 709/894/1
f 708/896/1 987/897/1 986/895/1
f 708/896/1 988/898/1 987/897/1
f 708/896/1 989/899/1 988/898/1
f 707/900/1 989/899/1 708/896/1
f 707/900/1 990/294/1 989/899/1
f 707/900/1 991/901/1 990/294/1
f 707/900/1 992/902/1 991/901/1
f 706/903/1 992/902/1 707/900/1
f 706/903/1 993/904/1 992/902/1
f 706/903/1 994/905/1 993/904/1
f 705/386/1 994/905/1 706/903/1
f 705/386/1 995/296/1 994/905/1
f 705/386/1 996/906/1 995/296/1
f 704/907/1 996/906/1 705/386/1
f 704/907/1 997/908/1 996/906/1
f 704/907/1 998/909/1 997/908/1
f 703/910/1 998/909/1 704/907/1
f 703/910/1 999/911/1 998/909/1
f 703/910/1 1000/90/1 999/911/1
f 703/910/1 685/255/1 1000/90/1
f 702/912/1 685/255/1 703/910/1
f 702/912/1 686/913/1 685/255/1
f 702/912/1 687/914/1 686/913/1
f 701/915/1 687/914/1 702/912/1
f 701/915/1 688/916/1 687/914/1
f 701/915/1 689/917/1 688/916/1
f 700/388/1 689/917/1 701/915/1
f 700/388/1 690/392/1 689/917/1
f 700/388/1 691/918/1 690/392/1
f 699/919/1 691/918/1 700/388/1
f 699/919/1 692/920/1 691/918/1
f 699/919/1 693/921/1 692/920/1
f 698/922/1 693/921/1 699/919/1
f 698/922/1 694/923/1 693/921/1
f 698/922/1 695/390/1 694/923/1
f 697/924/1 695/390/1 698/922/1
f 697/924/1 696/925/1 695/390/1
f 1206/926/1 1208/927/1 1207/928/1
f 1206/926/1 1209/929/1 1208/927/1
f 1206/926/1 1210/930/1 1209/929/1
f 1205/931/1 1210/930/1 1206/926/1
f 1205/931/1 1211/932/1 1210/930/1
f 1205/931/1 1212/933/1 1211/932/1
f 1204/934/1 1212/933/1 1205/931/1
f 1204/934/1 1213/935/1 1212/933/1
f 1204/934/1 1214/936/1 1213/935/1
f 1203/937/1 1214/936/1 1204/934/1
f 1203/937/1 1215/938/1 1214/936/1
f 1203/937/1 1216/330/1 1215/938/1
f 1202/939/1 1216/330/1 1203/937/1
f 1202/939/1 1217/940/1 1216/330/1
f 1202/939/1 1218/941/1 1217/940/1
f 1201/942/1 1218/941/1 1202/939/1
f 1201/942/1 1219/943/1 1218/941/1
f 1201/942/1 1220/944/1 1219/943/1
f 1201/942/1 1221/945/1 1220/944/1
f 1200/946/1 1221/945/1 1201/942/1
f 1200/946/1 1222/947/1 1221/945/1
f 1200/946/1 1223/948/1 1222/947/1
f 1199/949/1 1223/948/1 1200/946/1
f 1199/949/1 1224/950/1 1223/948/1
f 1199/949/1 1225/951/1 1224/950/1
f 1198/952/1 1225/951/1 1199/949/1
f 1198/952/1 1226/953/1 1225/951/1
f 1198/952/1 1227/954/1 1226/953/1
f 1198/952/1 1228/955/1 1227/954/1
f 1197/956/1 1228/955/1 1198/952/1
f 1197/956/1 1229/957/1 1228/955/1
f 1197/956/1 1230/958/1 1229/957/1
f 1196/959/1 1230/958/1 1197/956/1
f 1196/959/1 1231/960/1 1230/958/1
f 1196/959/1 1248/961/1 1231/960/1
f 1248/961/1 1247/962/1 1231/960/1
f 1247/962/1 1246/963/1 1231/960/1
f 1246/963/1 1245/964/1 1231/960/1
f 1245/964/1 1244/965/1 1231/960/1
f 1244/965/1 1243/966/1 1231/960/1
f 1243/966/1 1242/967/1 1231/960/1
f 1242/967/1 1241/968/1 1231/960/1
f 1241/968/1 1232/969/1 1231/960/1
f 1195/970/1 1249/971/1 1196/959/1
f 1249/971/1 1248/961/1 1196/959/1
f 1194/972/1 1251/973/1 1195/970/1
f 1251/973/1 1250/974/1 1195/970/1
f 1250/974/1 1249/971/1 1195/970/1
f 1193/975/1 1252/976/1 1194/972/1
f 1252/976/1 1251/973/1 1194/972/1
f 1192/977/1 1253/978/1 1193/975/1
f 1253/978/1 1252/976/1 1193/975/1
f 1191/979/1 1255/980/1 1192/977/1
f 1255/980/1 1254/981/1 1192/977/1
f 1254/981/1 1253/978/1 1192/977/1
f 1190/982/1 1256/983/1 1191/979/1
f 1256/983/1 1255/980/1 1191/979/1
f 1189/984/1 1258/985/1 1190/982/1
f 1258/985/1 1257/986/1 1190/982/1
f 1257/986/1 1256/983/1 1190/982/1
f 1189/984/1 1259/316/1 1258/985/1
f 1189/984/1 1260/987/1 1259/316/1
f 1189/984/1 1261/988/1 1260/987/1
f 1189/984/1 1262/989/1 1261/988/1
f 1189/984/1 1263/990/1 1262/989/1
f 1189/984/1 1264/991/1 1263/990/1
f 1189/984/1 1265/992/1 1264/991/1
f 1189/984/1 1266/993/1 1265/992/1
f 1189/984/1 1267/994/1 1266/993/1
f 1189/984/1 1268/995/1 1267/994/1
f 1189/984/1 1269/996/1 1268/995/1
f 1189/984/1 1270/997/1 1269/996/1
f 1188/998/1 1270/997/1 1189/984/1
f 1188/998/1 1271/999/1 1270/997/1
f 1188/998/1 1272/1000/1 1271/999/1
f 1188/998/1 1273/1001/1 1272/1000/1
f 1188/998/1 1274/1002/1 1273/1001/1
f 1188/998/1 1275/1003/1 1274/1002/1
f 1188/998/1 1276/1004/1 1275/1003/1
f 1188/998/1 1277/1005/1 1276/1004/1
f 1188/998/1 1278/1006/1 1277/1005/1
f 1188/998/1 1279/1007/1 1278/1006/1
f 1188/998/1 1280/1008/1 1279/1007/1
f 1188/998/1 1281/1009/1 1280/1008/1
f 1188/998/1 1282/1010/1 1281/1009/1
f 1187/1011/1 1282/1010/1 1188/998/1
f 1187/1011/1 1283/1012/1 1282/1010/1
f 1187/1011/1 1284/1013/1 1283/1012/1
f 1187/1011/1 1285/1014/1 1284/1013/1
f 1187/1011/1 1286/1015/1 1285/1014/1
f 1187/1011/1 1287/1016/1 1286/1015/1
f 1187/1011/1 1288/1017/1 1287/1016/1
f 1187/1011/1 1289/1018/1 1288/1017/1
f 1187/1011/1 1290/1019/1 1289/1018/1
f 1186/1020/1 1290/1019/1 1187/1011/1
f 1186/1020/1 1291/1021/1 1290/1019/1
f 1186/1020/1 1292/1022/1 1291/1021/1
f 1186/1020/1 1293/1023/1 1292/1022/1
f 1186/1020/1 1294/1024/1 1293/1023/1
f 1240/1025/1 1232/969/1 1241/968/1
f 1186/1020/1 1295/1026/1 1294/1024/1
f 1186/1020/1 1296/1027/1 1295/1026/1
f 1239/1028/1 1232/969/1 1240/1025/1
f 1185/1029/1 1296/1027/1 1186/1020/1
f 1185/1029/1 1297/1030/1 1296/1027/1
f 1185/1029/1 1298/1031/1 1297/1030/1
f 1238/1032/1 1232/969/1 1239/1028/1
f 1185/1029/1 1299/1033/1 1298/1031/1
f 1237/1034/1 1232/969/1 1238/1032/1
f 1185/1029/1 1300/1035/1 1299/1033/1
f 1185/1029/1 1301/1036/1 1300/1035/1
f 1236/1037/1 1232/969/1 1237/1034/1
f 1185/1029/1 1302/292/1 1301/1036/1
f 1184/1038/1 1302/292/1 1185/1029/1
f 1184/1038/1 1303/1039/1 1302/292/1
f 1235/1040/1 1232/969/1 1236/1037/1
f 1184/1038/1 1304/1041/1 1303/1039/1
f 1184/1038/1 1305/1042/1 1304/1041/1
f 1234/1043/1 1232/969/1 1235/1040/1
f 1184/1038/1 1306/1044/1 1305/1042/1
f 1233/1045/1 1232/969/1 1234/1043/1
f 1184/1038/1 1307/1046/1 1306/1044/1
f 1183/1047/1 1307/1046/1 1184/1038/1
f 1183/1047/1 1308/1048/1 1307/1046/1
f 1183/1047/1 1309/1049/1 1308/1048/1
f 1183/1047/1 1310/1050/1 1309/1049/1
f 1183/1047/1 1311/1051/1 1310/1050/1
f 1182/1052/1 1311/1051/1 1183/1047/1
f 1182/1052/1 1312/1053/1 1311/1051/1
f 1182/1052/1 1313/1054/1 1312/1053/1
f 1182/1052/1 1314/1055/1 1313/1054/1
f 1181/1056/1 1314/1055/1 1182/1052/1
f 1181/1056/1 1315/1057/1 1314/1055/1
f 1181/1056/1 1316/1058/1 1315/1057/1
f 1181/1056/1 1317/1059/1 1316/1058/1
f 1181/1056/1 1318/1060/1 1317/1059/1
f 1180/1061/1 1318/1060/1 1181/1056/1
f 1180/1061/1 1319/1062/1 1318/1060/1
f 1180/1061/1 1320/1063/1 1319/1062/1
f 1180/1061/1 1321/1064/1 1320/1063/1
f 1180/1061/1 1322/1065/1 1321/1064/1
f 1180/1061/1 1323/1066/1 1322/1065/1
f 1179/1067/1 1323/1066/1 1180/1061/1
f 1179/1067/1 1324/1068/1 1323/1066/1
f 1179/1067/1 1325/1069/1 1324/1068/1
f 1179/1067/1 1326/1070/1 1325/1069/1
f 1179/1067/1 1327/1071/1 1326/1070/1
f 1179/1067/1 1328/1072/1 1327/1071/1
f 1178/1073/1 1328/1072/1 1179/1067/1
f 1178/1073/1 1329/1074/1 1328/1072/1
f 1178/1073/1 1330/1075/1 1329/1074/1
f 1178/1073/1 1331/1076/1 1330/1075/1
f 1178/1073/1 1332/1077/1 1331/1076/1
f 1178/1073/1 1333/1078/1 1332/1077/1
f 1178/1073/1 1334/1079/1 1333/1078/1
f 1178/1073/1 1335/1080/1 1334/1079/1
f 1177/1081/1 1335/1080/1 1178/1073/1
f 1177/1081/1 1336/1082/1 1335/1080/1
f 1177/1081/1 1337/1083/1 1336/1082/1
f 1177/1081/1 1338/1084/1 1337/1083/1
f 1177/1081/1 1339/1085/1 1338/1084/1
f 1177/1081/1 1340/1086/1 1339/1085/1
f 1177/1081/1 1341/1087/1 1340/1086/1
f 1177/1081/1 1342/1088/1 1341/1087/1
f 1177/1081/1 1343/1089/1 1342/1088/1
f 1176/1090/1 1343/1089/1 1177/1081/1
f 1176/1090/1 1344/1091/1 1343/1089/1
f 1176/1090/1 1345/281/1 1344/1091/1
f 1176/1090/1 1346/1092/1 1345/281/1
f 1176/1090/1 1347/1093/1 1346/1092/1
f 1176/1090/1 1348/1094/1 1347/1093/1
f 1176/1090/1 1349/1095/1 1348/1094/1
f 1175/1096/1 1349/1095/1 1176/1090/1
f 1175/1096/1 1350/1097/1 1349/1095/1
f 1175/1096/1 1351/1098/1 1350/1097/1
f 1175/1096/1 1352/1099/1 1351/1098/1
f 1175/1096/1 1353/1100/1 1352/1099/1
f 1175/1096/1 1354/1101/1 1353/1100/1
f 1174/1102/1 1354/1101/1 1175/1096/1
f 1174/1102/1 1355/1103/1 1354/1101/1
f 1174/1102/1 1356/1104/1 1355/1103/1
f 1173/343/1 1356/1104/1 1174/1102/1
f 1173/343/1 1357/1105/1 1356/1104/1
f 1172/1106/1 1357/1105/1 1173/343/1
f 1172/1106/1 1358/1107/1 1357/1105/1
f 1172/1106/1 1359/1108/1 1358/1107/1
f 1171/1109/1 1359/1108/1 1172/1106/1
f 1171/1109/1 1360/1110/1 1359/1108/1
f 1170/1111/1 1360/1110/1 1171/1109/1
f 1170/1111/1 1361/1112/1 1360/1110/1
f 1170/1111/1 1362/1113/1 1361/1112/1
f 1169/1114/1 1362/1113/1 1170/1111/1
f 1169/1114/1 1363/1115/1 1362/1113/1
f 1168/1116/1 1363/1115/1 1169/1114/1
f 1168/1116/1 1364/1117/1 1363/1115/1
f 1167/1118/1 1364/1117/1 1168/1116/1
f 1167/1118/1 1365/1119/1 1364/1117/1
f 1166/1120/1 1365/1119/1 1167/1118/1
f 1166/1120/1 1366/1121/1 1365/1119/1
f 1165/1122/1 1366/1121/1 1166/1120/1
f 1165/1122/1 1367/1123/1 1366/1121/1
f 1164/1124/1 1367/1123/1 1165/1122/1
f 1163/1125/1 1367/1123/1 1164/1124/1
f 1163/1125/1 1368/1126/1 1367/1123/1
f 1162/1127/1 1368/1126/1 1163/1125/1
f 1162/1127/1 1369/1128/1 1368/1126/1
f 1161/1129/1 1369/1128/1 1162/1127/1
f 1160/1130/1 1369/1128/1 1161/1129/1
f 1160/1130/1 1370/1131/1 1369/1128/1
f 1159/1132/1 1370/1131/1 1160/1130/1
f 1158/1133/1 1370/1131/1 1159/1132/1
f 1158/1133/1 1371/1134/1 1370/1131/1
f 1157/1135/1 1371/1134/1 1158/1133/1
f 1156/1136/1 1371/1134/1 1157/1135/1
f 1155/1137/1 1371/1134/1 1156/1136/1
f 1154/1138/1 1371/1134/1 1155/1137/1
f 1153/1139/1 1371/1134/1 1154/1138/1
f 1153/1139/1 1372/1140/1 1371/1134/1
f 1152/1141/1 1372/1140/1 1153/1139/1
f 1151/1142/1 1372/1140/1 1152/1141/1
f 1150/1143/1 1372/1140/1 1151/1142/1
f 1149/1144/1 1372/1140/1 1150/1143/1
f 1148/1145/1 1372/1140/1 1149/1144/1
f 1147/1146/1 1372/1140/1 1148/1145/1
f 1147/1146/1 1373/1147/1 1372/1140/1
f 1146/1148/1 1373/1147/1 1147/1146/1
f 1145/1149/1 1373/1147/1 1146/1148/1
f 1144/1150/1 1373/1147/1 1145/1149/1
f 1143/1151/1 1373/1147/1 1144/1150/1
f 1142/1152/1 1373/1147/1 1143/1151/1
f 1141/1153/1 1373/1147/1 1142/1152/1
f 1140/1154/1 1373/1147/1 1141/1153/1
f 1140/1154/1 1374/1155/1 1373/1147/1
f 1139/1156/1 1374/1155/1 1140/1154/1
f 1138/1157/1 1374/1155/1 1139/1156/1
f 1137/1158/1 1374/1155/1 1138/1157/1
f 1136/1159/1 1374/1155/1 1137/1158/1
f 1135/1160/1 1374/1155/1 1136/1159/1
f 1134/1161/1 1374/1155/1 1135/1160/1
f 1133/1162/1 1374/1155/1 1134/1161/1
f 1133/1162/1 1375/1163/1 1374/1155/1
f 1132/1164/1 1375/1163/1 1133/1162/1
f 1131/1165/1 1375/1163/1 1132/1164/1
f 1130/352/1 1375/1163/1 1131/1165/1
f 1129/1166/1 1375/1163/1 1130/352/1
f 1128/1167/1 1375/1163/1 1129/1166/1
f 1127/1168/1 1375/1163/1 1128/1167/1
f 1127/1168/1 1376/1169/1 1375/1163/1
f 1126/1170/1 1376/1169/1 1127/1168/1
f 1125/1171/1 1376/1169/1 1126/1170/1
f 1124/1172/1 1376/1169/1 1125/1171/1
f 1123/1173/1 1376/1169/1 1124/1172/1
f 1122/1174/1 1376/1169/1 1123/1173/1
f 1122/1174/1 1377/1175/1 1376/1169/1
f 1121/1176/1 1377/1175/1 1122/1174/1
f 1120/1177/1 1377/1175/1 1121/1176/1
f 1119/1178/1 1377/1175/1 1120/1177/1
f 1118/1179/1 1377/1175/1 1119/1178/1
f 1118/1179/1 1378/1180/1 1377/1175/1
f 1117/1181/1 1378/1180/1 1118/1179/1
f 1116/1182/1 1378/1180/1 1117/1181/1
f 1115/1183/1 1378/1180/1 1116/1182/1
f 1037/1184/1 1039/1185/1 1038/1186/1
f 1037/1184/1 1040/1187/1 1039/1185/1
f 1114/1188/1 1378/1180/1 1115/1183/1
f 1113/1189/1 1378/1180/1 1114/1188/1
f 1113/1189/1 1379/1190/1 1378/1180/1
f 1037/1184/1 1041/1191/1 1040/1187/1
f 1112/1192/1 1379/1190/1 1113/1189/1
f 1037/1184/1 1042/1193/1 1041/1191/1
f 1111/1194/1 1379/1190/1 1112/1192/1
f 1110/1195/1 1379/1190/1 1111/1194/1
f 1037/1184/1 1043/1196/1 1042/1193/1
f 1109/1197/1 1379/1190/1 1110/1195/1
f 1109/1197/1 1380/1198/1 1379/1190/1
f 1108/1199/1 1380/1198/1 1109/1197/1
f 1037/1184/1 1044/380/1 1043/1196/1
f 1107/1200/1 1380/1198/1 1108/1199/1
f 1106/1201/1 1380/1198/1 1107/1200/1
f 1037/1184/1 1045/1202/1 1044/380/1
f 1105/1203/1 1380/1198/1 1106/1201/1
f 1105/1203/1 1381/1204/1 1380/1198/1
f 1037/1184/1 1046/1205/1 1045/1202/1
f 1104/1206/1 1381/1204/1 1105/1203/1
f 1103/1207/1 1381/1204/1 1104/1206/1
f 1037/1184/1 1047/1208/1 1046/1205/1
f 1102/1209/1 1381/1204/1 1103/1207/1
f 1101/1210/1 1381/1204/1 1102/1209/1
f 1037/1184/1 1048/1211/1 1047/1208/1
f 1100/1212/1 1381/1204/1 1101/1210/1
f 1099/1213/1 1381/1204/1 1100/1212/1
f 1099/1213/1 1382/1214/1 1381/1204/1
f 1037/1184/1 1049/1215/1 1048/1211/1
f 1098/1216/1 1382/1214/1 1099/1213/1
f 1097/1217/1 1382/1214/1 1098/1216/1
f 1037/1184/1 1050/1218/1 1049/1215/1
f 1096/1219/1 1382/1214/1 1097/1217/1
f 1095/1220/1 1382/1214/1 1096/1219/1
f 1037/1184/1 1051/1221/1 1050/1218/1
f 1094/1222/1 1382/1214/1 1095/1220/1
f 1093/1223/1 1382/1214/1 1094/1222/1
f 1037/1184/1 1052/1224/1 1051/1221/1
f 1093/1223/1 1383/1225/1 1382/1214/1
f 1092/1226/1 1383/1225/1 1093/1223/1
f 1091/1227/1 1383/1225/1 1092/1226/1
f 1037/1184/1 1053/1228/1 1052/1224/1
f 1090/1229/1 1383/1225/1 1091/1227/1
f 1089/1230/1 1383/1225/1 1090/1229/1
f 1037/1184/1 1054/1231/1 1053/1228/1
f 1088/1232/1 1383/1225/1 1089/1230/1
f 1087/366/1 1383/1225/1 1088/1232/1
f 1086/1233/1 1383/1225/1 1087/366/1
f 1037/1184/1 1055/1234/1 1054/1231/1
f 1085/1235/1 1383/1225/1 1086/1233/1
f 1084/1236/1 1383/1225/1 1085/1235/1
f 1037/1184/1 1056/1237/1 1055/1234/1
f 1083/1238/1 1383/1225/1 1084/1236/1
f 1082/1239/1 1383/1225/1 1083/1238/1
f 1082/1239/1 1384/1240/1 1383/1225/1
f 1081/1241/1 1384/1240/1 1082/1239/1
f 1037/1184/1 1057/1242/1 1056/1237/1
f 1080/1243/1 1384/1240/1 1081/1241/1
f 1079/1244/1 1384/1240/1 1080/1243/1
f 1037/1184/1 1058/1245/1 1057/1242/1
f 1078/1246/1 1384/1240/1 1079/1244/1
f 1077/1247/1 1384/1240/1 1078/1246/1
f 1076/1248/1 1384/1240/1 1077/1247/1
f 1037/1184/1 1059/1249/1 1058/1245/1
f 1075/1250/1 1384/1240/1 1076/1248/1
f 1074/1251/1 1384/1240/1 1075/1250/1
f 1073/1252/1 1384/1240/1 1074/1251/1
f 1037/1184/1 1060/1253/1 1059/1249/1
f 1072/1254/1 1384/1240/1 1073/1252/1
f 1071/1255/1 1384/1240/1 1072/1254/1
f 1037/1184/1 1061/1256/1 1060/1253/1
f 1070/1257/1 1384/1240/1 1071/1255/1
f 1069/1258/1 1384/1240/1 1070/1257/1
f 1068/1259/1 1384/1240/1 1069/1258/1
f 1037/1184/1 1062/1260/1 1061/1256/1
f 1067/1261/1 1384/1240/1 1068/1259/1
f 1066/1262/1 1384/1240/1 1067/1261/1
f 1065/1263/1 1384/1240/1 1066/1262/1
f 1037/1184/1 1063/1264/1 1062/1260/1
f 1064/1265/1 1384/1240/1 1065/1263/1
f 1063/1264/1 1384/1240/1 1064/1265/1
f 1037/1184/1 1384/1240/1 1063/1264/1
f 1037/1184/1 1385/1266/1 1384/1240/1
f 1037/1184/1 1386/1267/1 1385/1266/1
f 1037/1184/1 1387/1268/1 1386/1267/1
f 1037/1184/1 1388/90/1 1387/1268/1
f 1037/1184/1 1001/255/1 1388/90/1
f 1037/1184/1 1002/1269/1 1001/255/1
f 1036/1270/1 1002/1269/1 1037/1184/1
f 1036/1270/1 1003/1271/1 1002/1269/1
f 1035/1272/1 1003/1271/1 1036/1270/1
f 1034/1273/1 1003/1271/1 1035/1272/1
f 1034/1273/1 1004/1274/1 1003/1271/1
f 1033/1275/1 1004/1274/1 1034/1273/1
f 1032/1276/1 1004/1274/1 1033/1275/1
f 1031/1277/1 1004/1274/1 1032/1276/1
f 1031/1277/1 1005/1278/1 1004/1274/1
f 1030/1279/1 1005/1278/1 1031/1277/1
f 1029/1280/1 1005/1278/1 1030/1279/1
f 1029/1280/1 1006/1281/1 1005/1278/1
f 1028/1282/1 1006/1281/1 1029/1280/1
f 1027/1283/1 1006/1281/1 1028/1282/1
f 1027/1283/1 1007/1284/1 1006/1281/1
f 1026/1285/1 1007/1284/1 1027/1283/1
f 1025/1286/1 1007/1284/1 1026/1285/1
f 1025/1286/1 1008/1287/1 1007/1284/1
f 1024/1288/1 1008/1287/1 1025/1286/1
f 1023/1289/1 1008/1287/1 1024/1288/1
f 1023/1289/1 1009/1290/1 1008/1287/1
f 1022/1291/1 1009/1290/1 1023/1289/1
f 1021/1292/1 1009/1290/1 1022/1291/1
f 1021/1292/1 1010/1293/1 1009/1290/1
f 1020/1294/1 1010/1293/1 1021/1292/1
f 1019/1295/1 1010/1293/1 1020/1294/1
f 1019/1295/1 1011/1296/1 1010/1293/1
f 1018/1297/1 1011/1296/1 1019/1295/1
f 1017/1298/1 1011/1296/1 1018/1297/1
f 1017/1298/1 1012/1299/1 1011/1296/1
f 1016/1300/1 1012/1299/1 1017/1298/1
f 1015/1301/1 1012/1299/1 1016/1300/1
f 1015/1301/1 1013/1302/1 1012/1299/1
f 1014/1303/1 1013/1302/1 1015/1301/1
f 1448/1/5 1449/3/5 1450/2/5
f 1448/1/5 1450/2/5 1451/4/5
f 1447/5/5 1448/1/5 1451/4/5
f 1447/5/5 1451/4/5 1452/6/5
f 1446/7/5 1447/5/5 1452/6/5
f 1446/7/5 1452/6/5 1453/8/5
f 1445/9/5 1446/7/5 1453/8/5
f 1445/9/5 1453/8/5 1454/10/5
f 1444/11/5 1445/9/5 1454/10/5
f 1444/11/5 1454/10/5 1455/12/5
f 1443/13/5 1444/11/5 1455/12/5
f 1443/13/5 1455/12/5 1456/14/5
f 1442/15/5 1443/13/5 1456/14/5
f 1442/15/5 1456/14/5 1457/16/5
f 1441/17/5 1442/15/5 1457/16/5
f 1441/17/5 1457/16/5 1458/18/5
f 1440/19/5 1441/17/5 1458/18/5
f 1440/19/5 1458/18/5 1459/20/5
f 1439/21/5 1440/19/5 1459/20/5
f 1439/21/5 1459/20/5 1460/22/5
f 1438/23/5 1439/21/5 1460/22/5
f 1438/23/5 1460/22/5 1461/24/5
f 1437/25/5 1438/23/5 1461/24/5
f 1437/25/5 1461/24/5 1462/26/5
f 1437/25/5 1462/26/5 1463/27/5
f 1436/28/5 1437/25/5 1463/27/5
f 1436/28/5 1463/27/5 1464/29/5
f 1435/30/5 1436/28/5 1464/29/5
f 1435/30/5 1464/29/5 1634/31/5
f 1634/31/5 1464/29/5 1633/32/5
f 1633/32/5 1464/29/5 1465/33/5
f 1434/34/5 1435/30/5 1635/35/5
f 1635/35/5 1435/30/5 1634/31/5
f 1632/36/5 1633/32/5 1465/33/5
f 1434/34/5 1635/35/5 1636/37/5
f 1631/38/5 1632/36/5 1465/33/5
f 1434/34/5 1636/37/5 1637/39/5
f 1630/40/5 1631/38/5 1465/33/5
f 1434/34/5 1637/39/5 1638/41/5
f 1629/42/5 1630/40/5 1465/33/5
f 1434/34/5 1638/41/5 1639/43/5
f 1628/44/5 1629/42/5 1465/33/5
f 1434/34/5 1639/43/5 1640/45/5
f 1627/46/5 1628/44/5 1465/33/5
f 1434/34/5 1640/45/5 1641/47/5
f 1626/48/5 1627/46/5 1465/33/5
f 1626/48/5 1465/33/5 1466/49/5
f 1434/34/5 1641/47/5 1642/50/5
f 1625/51/5 1626/48/5 1466/49/5
f 1434/34/5 1642/50/5 1643/52/5
f 1433/53/5 1434/34/5 1643/52/5
f 1624/54/5 1625/51/5 1466/49/5
f 1433/53/5 1643/52/5 1644/55/5
f 1623/56/5 1624/54/5 1466/49/5
f 1433/53/5 1644/55/5 1645/57/5
f 1622/58/5 1623/56/5 1466/49/5
f 1622/58/5 1466/49/5 1467/59/5
f 1433/53/5 1645/57/5 1646/60/5
f 1621/61/5 1622/58/5 1467/59/5
f 1432/62/5 1433/53/5 1646/60/5
f 1432/62/5 1646/60/5 1647/63/5
f 1620/64/5 1621/61/5 1467/59/5
f 1432/62/5 1647/63/5 1648/65/5
f 1619/66/5 1620/64/5 1467/59/5
f 1432/62/5 1648/65/5 1649/67/5
f 1619/66/5 1467/59/5 1468/68/5
f 1618/69/5 1619/66/5 1468/68/5
f 1432/62/5 1649/67/5 1650/70/5
f 1431/71/5 1432/62/5 1650/70/5
f 1617/72/5 1618/69/5 1468/68/5
f 1431/71/5 1650/70/5 1651/73/5
f 1616/74/5 1617/72/5 1468/68/5
f 1616/74/5 1468/68/5 1469/75/5
f 1431/71/5 1651/73/5 1652/76/5
f 1615/77/5 1616/74/5 1469/75/5
f 1430/78/5 1431/71/5 1652/76/5
f 1430/78/5 1652/76/5 1653/79/5
f 1614/80/5 1615/77/5 1469/75/5
f 1430/78/5 1653/79/5 1654/81/5
f 1614/80/5 1469/75/5 1470/82/5
f 1613/83/5 1614/80/5 1470/82/5
f 1430/78/5 1654/81/5 1655/84/5
f 1429/85/5 1430/78/5 1655/84/5
f 1612/86/5 1613/83/5 1470/82/5
f 1429/85/5 1655/84/5 1656/87/5
f 1612/86/5 1470/82/5 1471/88/5
f 1611/89/5 1612/86/5 1471/88/5
f 1429/85/5 1656/87/5 1657/90/5
f 1428/91/5 1429/85/5 1657/90/5
f 1610/92/5 1611/89/5 1471/88/5
f 1428/91/5 1657/90/5 1609/93/5
f 1428/91/5 1609/93/5 1610/92/5
f 1428/91/5 1610/92/5 1471/88/5
f 1428/91/5 1471/88/5 1472/94/5
f 1427/95/5 1428/91/5 1472/94/5
f 1427/95/5 1472/94/5 1473/96/5
f 1426/97/5 1427/95/5 1473/96/5
f 1426/97/5 1473/96/5 1474/98/5
f 1425/99/5 1426/97/5 1474/98/5
f 1424/100/5 1425/99/5 1474/98/5
f 1423/101/5 1424/100/5 1475/102/5
f 1475/102/5 1424/100/5 1474/98/5
f 1423/101/5 1475/102/5 1476/103/5
f 1423/101/5 1476/103/5 1477/104/5
f 1423/101/5 1477/104/5 1478/105/5
f 1422/106/5 1423/101/5 1478/105/5
f 1422/106/5 1478/105/5 1479/107/5
f 1422/106/5 1479/107/5 1480/108/5
f 1422/106/5 1480/108/5 1481/109/5
f 1422/106/5 1481/109/5 1482/110/5
f 1421/111/5 1422/106/5 1482/110/5
f 1421/111/5 1482/110/5 1483/112/5
f 1421/111/5 1483/112/5 1484/113/5
f 1421/111/5 1484/113/5 1485/114/5
f 1421/111/5 1485/114/5 1486/115/5
f 1420/116/5 1421/111/5 1486/115/5
f 1420/116/5 1486/115/5 1487/117/5
f 1420/116/5 1487/117/5 1488/118/5
f 1420/116/5 1488/118/5 1489/119/5
f 1570/120/5 1571/122/5 1572/121/5
f 1570/120/5 1572/121/5 1573/123/5
f 1569/124/5 1570/120/5 1573/123/5
f 1420/116/5 1489/119/5 1490/125/5
f 1568/126/5 1569/124/5 1573/123/5
f 1419/127/5 1420/116/5 1490/125/5
f 1567/128/5 1568/126/5 1573/123/5
f 1566/129/5 1567/128/5 1573/123/5
f 1419/127/5 1490/125/5 1491/130/5
f 1565/131/5 1566/129/5 1573/123/5
f 1564/132/5 1565/131/5 1573/123/5
f 1419/127/5 1491/130/5 1492/133/5
f 1563/134/5 1564/132/5 1573/123/5
f 1562/135/5 1563/134/5 1573/123/5
f 1419/127/5 1492/133/5 1493/136/5
f 1561/137/5 1562/135/5 1573/123/5
f 1560/138/5 1561/137/5 1573/123/5
f 1419/127/5 1493/136/5 1494/139/5
f 1559/140/5 1560/138/5 1573/123/5
f 1558/141/5 1559/140/5 1573/123/5
f 1419/127/5 1494/139/5 1495/142/5
f 1557/143/5 1558/141/5 1573/123/5
f 1418/144/5 1419/127/5 1495/142/5
f 1556/145/5 1557/143/5 1573/123/5
f 1418/144/5 1495/142/5 1496/146/5
f 1555/147/5 1556/145/5 1573/123/5
f 1554/148/5 1555/147/5 1573/123/5
f 1418/144/5 1496/146/5 1497/149/5
f 1553/150/5 1554/148/5 1573/123/5
f 1418/144/5 1497/149/5 1498/151/5
f 1552/152/5 1553/150/5 1573/123/5
f 1551/153/5 1552/152/5 1573/123/5
f 1418/144/5 1498/151/5 1499/154/5
f 1550/155/5 1551/153/5 1573/123/5
f 1549/156/5 1550/155/5 1573/123/5
f 1418/144/5 1499/154/5 1500/157/5
f 1548/158/5 1549/156/5 1573/123/5
f 1418/144/5 1500/157/5 1501/159/5
f 1547/160/5 1548/158/5 1573/123/5
f 1546/161/5 1547/160/5 1573/123/5
f 1418/144/5 1501/159/5 1502/162/5
f 1417/163/5 1418/144/5 1502/162/5
f 1545/164/5 1546/161/5 1573/123/5
f 1417/163/5 1502/162/5 1503/165/5
f 1544/166/5 1545/164/5 1573/123/5
f 1417/163/5 1503/165/5 1504/167/5
f 1543/168/5 1544/166/5 1573/123/5
f 1542/169/5 1543/168/5 1573/123/5
f 1417/163/5 1504/167/5 1505/170/5
f 1541/171/5 1542/169/5 1573/123/5
f 1417/163/5 1505/170/5 1506/172/5
f 1540/173/5 1541/171/5 1573/123/5
f 1417/163/5 1506/172/5 1507/174/5
f 1539/175/5 1540/173/5 1573/123/5
f 1417/163/5 1507/174/5 1508/176/5
f 1538/177/5 1539/175/5 1573/123/5
f 1417/163/5 1508/176/5 1509/178/5
f 1537/179/5 1538/177/5 1573/123/5
f 1417/163/5 1509/178/5 1510/180/5
f 1536/181/5 1537/179/5 1573/123/5
f 1417/163/5 1510/180/5 1511/182/5
f 1535/183/5 1536/181/5 1573/123/5
f 1416/184/5 1417/163/5 1511/182/5
f 1416/184/5 1511/182/5 1512/185/5
f 1534/186/5 1535/183/5 1573/123/5
f 1533/187/5 1534/186/5 1573/123/5
f 1416/184/5 1512/185/5 1513/188/5
f 1532/189/5 1533/187/5 1573/123/5
f 1416/184/5 1513/188/5 1514/190/5
f 1531/191/5 1532/189/5 1573/123/5
f 1416/184/5 1514/190/5 1515/192/5
f 1530/193/5 1531/191/5 1573/123/5
f 1416/184/5 1515/192/5 1516/194/5
f 1529/195/5 1530/193/5 1573/123/5
f 1416/184/5 1516/194/5 1517/196/5
f 1528/197/5 1529/195/5 1573/123/5
f 1416/184/5 1517/196/5 1518/198/5
f 1527/199/5 1528/197/5 1573/123/5
f 1416/184/5 1518/198/5 1519/200/5
f 1526/201/5 1527/199/5 1573/123/5
f 1416/184/5 1519/200/5 1520/202/5
f 1525/203/5 1526/201/5 1573/123/5
f 1416/184/5 1520/202/5 1521/204/5
f 1524/205/5 1525/203/5 1573/123/5
f 1416/184/5 1521/204/5 1522/206/5
f 1523/207/5 1524/205/5 1573/123/5
f 1416/184/5 1522/206/5 1523/207/5
f 1416/184/5 1523/207/5 1573/123/5
f 1415/208/5 1416/184/5 1573/123/5
f 1414/209/5 1415/208/5 1573/123/5
f 1413/210/5 1414/209/5 1573/123/5
f 1412/211/5 1413/210/5 1573/123/5
f 1411/212/5 1412/211/5 1573/123/5
f 1410/213/5 1411/212/5 1573/123/5
f 1410/213/5 1573/123/5 1574/214/5
f 1410/213/5 1574/214/5 1575/215/5
f 1410/213/5 1575/215/5 1576/216/5
f 1409/217/5 1410/213/5 1576/216/5
f 1409/217/5 1576/216/5 1577/218/5
f 1409/217/5 1577/218/5 1578/219/5
f 1409/217/5 1578/219/5 1579/220/5
f 1409/217/5 1579/220/5 1580/221/5
f 1409/217/5 1580/221/5 1581/222/5
f 1409/217/5 1581/222/5 1582/223/5
f 1409/217/5 1582/223/5 1583/224/5
f 1408/225/5 1409/217/5 1583/224/5
f 1408/225/5 1583/224/5 1584/226/5
f 1408/225/5 1584/226/5 1585/227/5
f 1408/225/5 1585/227/5 1586/228/5
f 1408/225/5 1586/228/5 1587/229/5
f 1408/225/5 1587/229/5 1588/230/5
f 1408/225/5 1588/230/5 1589/231/5
f 1408/225/5 1589/231/5 1590/232/5
f 1407/233/5 1408/225/5 1590/232/5
f 1407/233/5 1590/232/5 1591/234/5
f 1407/233/5 1591/234/5 1592/235/5
f 1407/233/5 1592/235/5 1593/236/5
f 1407/233/5 1593/236/5 1594/237/5
f 1407/233/5 1594/237/5 1595/238/5
f 1406/239/5 1407/233/5 1595/238/5
f 1406/239/5 1595/238/5 1596/240/5
f 1406/239/5 1596/240/5 1597/241/5
f 1406/239/5 1597/241/5 1598/242/5
f 1406/239/5 1598/242/5 1599/243/5
f 1406/239/5 1599/243/5 1600/244/5
f 1405/245/5 1406/239/5 1600/244/5
f 1405/245/5 1600/244/5 1601/246/5
f 1405/245/5 1601/246/5 1602/247/5
f 1405/245/5 1602/247/5 1603/248/5
f 1405/245/5 1603/248/5 1604/249/5
f 1404/250/5 1405/245/5 1604/249/5
f 1404/250/5 1604/249/5 1605/251/5
f 1404/250/5 1605/251/5 1606/252/5
f 1404/250/5 1606/252/5 1607/253/5
f 1404/250/5 1607/253/5 1608/254/5
f 1404/250/5 1608/254/5 1389/255/5
f 1403/256/5 1404/250/5 1389/255/5
f 1403/256/5 1389/255/5 1390/257/5
f 1403/256/5 1390/257/5 1391/258/5
f 1403/256/5 1391/258/5 1392/259/5
f 1403/256/5 1392/259/5 1393/260/5
f 1402/261/5 1403/256/5 1393/260/5
f 1402/261/5 1393/260/5 1394/262/5
f 1402/261/5 1394/262/5 1395/263/5
f 1402/261/5 1395/263/5 1396/264/5
f 1402/261/5 1396/264/5 1397/265/5
f 1401/266/5 1402/261/5 1397/265/5
f 1401/266/5 1397/265/5 1398/267/5
f 1401/266/5 1398/267/5 1399/268/5
f 1401/266/5 1399/268/5 1400/269/5
f 1760/270/5 1761/272/5 1762/271/5
f 1760/270/5 1762/271/5 1763/273/5
f 1760/270/5 1763/273/5 1764/274/5
f 1760/270/5 1764/274/5 1765/275/5
f 1760/270/5 1765/275/5 1766/276/5
f 1759/277/5 1760/270/5 1766/276/5
f 1759/277/5 1766/276/5 1767/278/5
f 1759/277/5 1767/278/5 1768/279/5
f 1759/277/5 1768/279/5 1769/280/5
f 1759/277/5 1769/280/5 1770/281/5
f 1758/282/5 1759/277/5 1770/281/5
f 1758/282/5 1770/281/5 1771/283/5
f 1758/282/5 1771/283/5 1772/284/5
f 1758/282/5 1772/284/5 1773/285/5
f 1758/282/5 1773/285/5 1774/286/5
f 1757/287/5 1758/282/5 1774/286/5
f 1757/287/5 1774/286/5 1775/288/5
f 1757/287/5 1775/288/5 1776/289/5
f 1757/287/5 1776/289/5 1777/290/5
f 1757/287/5 1777/290/5 1778/291/5
f 1756/292/5 1757/287/5 1778/291/5
f 1756/292/5 1778/291/5 1779/293/5
f 1756/292/5 1779/293/5 1780/294/5
f 1756/292/5 1780/294/5 1781/295/5
f 1756/292/5 1781/295/5 1782/296/5
f 1755/297/5 1756/292/5 1782/296/5
f 1755/297/5 1782/296/5 1783/298/5
f 1755/297/5 1783/298/5 1784/90/5
f 1755/297/5 1784/90/5 1658/255/5
f 1710/299/5 1711/301/5 1712/300/5
f 1710/299/5 1712/300/5 1713/302/5
f 1755/297/5 1658/255/5 1659/303/5
f 1754/304/5 1755/297/5 1659/303/5
f 1753/305/5 1754/304/5 1659/303/5
f 1752/306/5 1753/305/5 1659/303/5
f 1751/307/5 1752/306/5 1659/303/5
f 1750/308/5 1751/307/5 1659/303/5
f 1749/309/5 1750/308/5 1659/303/5
f 1748/310/5 1749/309/5 1659/303/5
f 1747/311/5 1748/310/5 1659/303/5
f 1746/312/5 1747/311/5 1659/303/5
f 1745/313/5 1746/312/5 1659/303/5
f 1744/314/5 1745/313/5 1659/303/5
f 1743/315/5 1744/314/5 1659/303/5
f 1742/316/5 1743/315/5 1659/303/5
f 1741/317/5 1742/316/5 1659/303/5
f 1740/318/5 1741/317/5 1659/303/5
f 1739/319/5 1740/318/5 1659/303/5
f 1738/320/5 1739/319/5 1659/303/5
f 1737/321/5 1738/320/5 1659/303/5
f 1736/322/5 1737/321/5 1659/303/5
f 1735/323/5 1736/322/5 1659/303/5
f 1734/324/5 1735/323/5 1659/303/5
f 1733/325/5 1734/324/5 1659/303/5
f 1732/326/5 1733/325/5 1659/303/5
f 1731/327/5 1732/326/5 1659/303/5
f 1730/328/5 1731/327/5 1659/303/5
f 1729/329/5 1730/328/5 1659/303/5
f 1728/330/5 1729/329/5 1659/303/5
f 1727/331/5 1728/330/5 1659/303/5
f 1726/332/5 1727/331/5 1659/303/5
f 1725/333/5 1726/332/5 1659/303/5
f 1724/334/5 1725/333/5 1659/303/5
f 1723/335/5 1724/334/5 1659/303/5
f 1722/336/5 1723/335/5 1659/303/5
f 1721/207/5 1722/336/5 1659/303/5
f 1720/337/5 1721/207/5 1659/303/5
f 1719/338/5 1720/337/5 1659/303/5
f 1718/339/5 1719/338/5 1659/303/5
f 1717/340/5 1718/339/5 1659/303/5
f 1716/341/5 1717/340/5 1659/303/5
f 1715/342/5 1716/341/5 1659/303/5
f 1714/343/5 1715/342/5 1659/303/5
f 1713/302/5 1714/343/5 1659/303/5
f 1710/299/5 1713/302/5 1708/344/5
f 1708/344/5 1713/302/5 1707/345/5
f 1707/345/5 1713/302/5 1706/346/5
f 1706/346/5 1713/302/5 1705/347/5
f 1705/347/5 1713/302/5 1704/348/5
f 1704/348/5 1713/302/5 1703/349/5
f 1703/349/5 1713/302/5 1702/350/5
f 1702/350/5 1713/302/5 1701/351/5
f 1701/351/5 1713/302/5 1700/352/5
f 1700/352/5 1713/302/5 1699/353/5
f 1699/353/5 1713/302/5 1698/354/5
f 1698/354/5 1713/302/5 1697/355/5
f 1697/355/5 1713/302/5 1696/356/5
f 1696/356/5 1713/302/5 1695/357/5
f 1695/357/5 1713/302/5 1694/358/5
f 1694/358/5 1713/302/5 1693/359/5
f 1693/359/5 1713/302/5 1692/360/5
f 1692/360/5 1713/302/5 1691/361/5
f 1691/361/5 1713/302/5 1690/362/5
f 1690/362/5 1713/302/5 1689/363/5
f 1689/363/5 1713/302/5 1688/364/5
f 1688/364/5 1713/302/5 1687/365/5
f 1687/365/5 1713/302/5 1686/366/5
f 1686/366/5 1713/302/5 1685/367/5
f 1685/367/5 1713/302/5 1684/368/5
f 1684/368/5 1713/302/5 1683/369/5
f 1683/369/5 1713/302/5 1682/370/5
f 1682/370/5 1713/302/5 1681/371/5
f 1681/371/5 1713/302/5 1680/372/5
f 1680/372/5 1713/302/5 1679/373/5
f 1679/373/5 1713/302/5 1678/374/5
f 1678/374/5 1713/302/5 1677/375/5
f 1677/375/5 1713/302/5 1676/376/5
f 1676/376/5 1713/302/5 1675/377/5
f 1675/377/5 1713/302/5 1674/378/5
f 1674/378/5 1713/302/5 1673/379/5
f 1673/379/5 1713/302/5 1672/380/5
f 1672/380/5 1713/302/5 1671/381/5
f 1671/381/5 1713/302/5 1670/382/5
f 1670/382/5 1713/302/5 1659/303/5
f 1669/383/6 1670/382/6 1659/303/6
f 1668/384/5 1669/383/5 1659/303/5
f 1667/385/5 1668/384/5 1659/303/5
f 1666/386/5 1667/385/5 1659/303/5
f 1665/387/5 1666/386/5 1659/303/5
f 1664/388/5 1665/387/5 1659/303/5
f 1663/389/5 1664/388/5 1659/303/5
f 1662/390/5 1663/389/5 1659/303/5
f 1661/391/5 1662/390/5 1659/303/5
f 1660/392/5 1661/391/5 1659/303/5
f 1710/299/5 1708/344/5 1709/393/5
f 1868/394/5 1869/396/5 1870/395/5
f 1867/358/5 1868/394/5 1870/395/5
f 1867/358/5 1870/395/5 1871/397/5
f 1866/398/5 1867/358/5 1871/397/5
f 1866/398/5 1871/397/5 1872/399/5
f 1865/400/5 1866/398/5 1872/399/5
f 1865/400/5 1872/399/5 1873/401/5
f 1864/402/5 1865/400/5 1873/401/5
f 1864/402/5 1873/401/5 1874/403/5
f 1863/404/5 1864/402/5 1874/403/5
f 1863/404/5 1874/403/5 1875/405/5
f 1862/406/5 1863/404/5 1875/405/5
f 1862/406/5 1875/405/5 1876/407/5
f 1861/408/5 1862/406/5 1876/407/5
f 1861/408/5 1876/407/5 1877/409/5
f 1860/410/5 1861/408/5 1877/409/5
f 1860/410/5 1877/409/5 1878/411/5
f 1859/412/5 1860/410/5 1878/411/5
f 1859/412/5 1878/411/5 1879/413/5
f 1858/414/5 1859/412/5 1879/413/5
f 1858/414/5 1879/413/5 1880/415/5
f 1857/416/5 1858/414/5 1880/415/5
f 1857/416/5 1880/415/5 1785/255/5
f 1856/417/5 1857/416/5 1785/255/5
f 1856/417/5 1785/255/5 1786/418/5
f 1855/419/5 1856/417/5 1786/418/5
f 1855/419/5 1786/418/5 1787/420/5
f 1854/421/5 1855/419/5 1787/420/5
f 1854/421/5 1787/420/5 1788/422/5
f 1853/423/5 1854/421/5 1943/424/5
f 1943/424/5 1854/421/5 1942/425/5
f 1942/425/5 1854/421/5 1941/426/5
f 1941/426/5 1854/421/5 1788/422/5
f 1941/426/5 1788/422/5 1940/427/5
f 1940/427/5 1788/422/5 1939/428/5
f 1939/428/5 1788/422/5 1789/429/5
f 1853/423/5 1943/424/5 1944/430/5
f 1938/431/5 1939/428/5 1789/429/5
f 1853/423/5 1944/430/5 1945/432/5
f 1937/433/5 1938/431/5 1789/429/5
f 1853/423/5 1945/432/5 1946/434/5
f 1936/435/5 1937/433/5 1789/429/5
f 1853/423/5 1946/434/5 1947/436/5
f 1935/437/5 1936/435/5 1789/429/5
f 1853/423/5 1947/436/5 1948/438/5
f 1934/439/5 1935/437/5 1789/429/5
f 1853/423/5 1948/438/5 1949/328/5
f 1933/440/5 1934/439/5 1789/429/5
f 1853/423/5 1949/328/5 1950/441/5
f 1932/442/5 1933/440/5 1789/429/5
f 1853/423/5 1950/441/5 1951/443/5
f 1931/444/5 1932/442/5 1789/429/5
f 1853/423/5 1951/443/5 1952/445/5
f 1930/446/5 1931/444/5 1789/429/5
f 1853/423/5 1952/445/5 1953/447/5
f 1929/448/5 1930/446/5 1789/429/5
f 1853/423/5 1953/447/5 1954/449/5
f 1928/450/5 1929/448/5 1789/429/5
f 1853/423/5 1954/449/5 1955/451/5
f 1927/452/5 1928/450/5 1789/429/5
f 1853/423/5 1955/451/5 1956/453/5
f 1926/454/5 1927/452/5 1789/429/5
f 1853/423/5 1956/453/5 1957/455/5
f 1925/456/5 1926/454/5 1789/429/5
f 1852/457/5 1853/423/5 1957/455/5
f 1852/457/5 1957/455/5 1958/458/5
f 1925/456/5 1789/429/5 1790/459/5
f 1924/460/5 1925/456/5 1790/459/5
f 1852/457/5 1958/458/5 1959/461/5
f 1923/462/5 1924/460/5 1790/459/5
f 1852/457/5 1959/461/5 1960/463/5
f 1922/464/5 1923/462/5 1790/459/5
f 1852/457/5 1960/463/5 1961/465/5
f 1921/466/5 1922/464/5 1790/459/5
f 1852/457/5 1961/465/5 1962/467/5
f 1920/468/5 1921/466/5 1790/459/5
f 1852/457/5 1962/467/5 1963/469/5
f 1919/470/5 1920/468/5 1790/459/5
f 1852/457/5 1963/469/5 1964/471/5
f 1851/472/5 1852/457/5 1964/471/5
f 1918/473/5 1919/470/5 1790/459/5
f 1918/473/5 1790/459/5 1791/474/5
f 1851/472/5 1964/471/5 1965/475/5
f 1917/476/5 1918/473/5 1791/474/5
f 1851/472/5 1965/475/5 1966/477/5
f 1916/478/5 1917/476/5 1791/474/5
f 1851/472/5 1966/477/5 1967/479/5
f 1915/480/5 1916/478/5 1791/474/5
f 1851/472/5 1967/479/5 1968/481/5
f 1914/482/5 1915/480/5 1791/474/5
f 1851/472/5 1968/481/5 1969/483/5
f 1850/484/5 1851/472/5 1969/483/5
f 1913/485/5 1914/482/5 1791/474/5
f 1913/485/5 1791/474/5 1792/486/5
f 1850/484/5 1969/483/5 1970/487/5
f 1912/488/5 1913/485/5 1792/486/5
f 1850/484/5 1970/487/5 1971/489/5
f 1911/490/5 1912/488/5 1792/486/5
f 1850/484/5 1971/489/5 1972/491/5
f 1910/492/5 1911/490/5 1792/486/5
f 1850/484/5 1972/491/5 1973/493/5
f 1909/494/5 1910/492/5 1792/486/5
f 1849/495/5 1850/484/5 1973/493/5
f 1849/495/5 1973/493/5 1974/496/5
f 1909/494/5 1792/486/5 1793/497/5
f 1908/300/5 1909/494/5 1793/497/5
f 1849/495/5 1974/496/5 1975/498/5
f 1907/499/5 1908/300/5 1793/497/5
f 1849/495/5 1975/498/5 1976/500/5
f 1906/501/5 1907/499/5 1793/497/5
f 1849/495/5 1976/500/5 1977/502/5
f 1905/503/5 1906/501/5 1793/497/5
f 1848/504/5 1849/495/5 1977/502/5
f 1905/503/5 1793/497/5 1794/505/5
f 1848/504/5 1977/502/5 1978/506/5
f 1904/507/5 1905/503/5 1794/505/5
f 1848/504/5 1978/506/5 1979/508/5
f 1903/509/5 1904/507/5 1794/505/5
f 1848/504/5 1979/508/5 1980/510/5
f 1902/511/5 1903/509/5 1794/505/5
f 1848/504/5 1980/510/5 1981/512/5
f 1847/513/5 1848/504/5 1981/512/5
f 1902/511/5 1794/505/5 1795/514/5
f 1901/515/5 1902/511/5 1795/514/5
f 1847/513/5 1981/512/5 1982/516/5
f 1900/517/5 1901/515/5 1795/514/5
f 1847/513/5 1982/516/5 1983/518/5
f 1899/519/5 1900/517/5 1795/514/5
f 1847/513/5 1983/518/5 1984/520/5
f 1846/521/5 1847/513/5 1984/520/5
f 1898/522/5 1899/519/5 1795/514/5
f 1898/522/5 1795/514/5 1796/523/5
f 1846/521/5 1984/520/5 1985/524/5
f 1897/525/5 1898/522/5 1796/523/5
f 1846/521/5 1985/524/5 1986/526/5
f 1896/527/5 1897/525/5 1796/523/5
f 1846/521/5 1986/526/5 1987/528/5
f 1895/529/5 1896/527/5 1796/523/5
f 1845/530/5 1846/521/5 1987/528/5
f 1895/529/5 1796/523/5 1797/531/5
f 1845/530/5 1987/528/5 1988/532/5
f 1894/533/5 1895/529/5 1797/531/5
f 1845/530/5 1988/532/5 1989/534/5
f 1893/535/5 1894/533/5 1797/531/5
f 1844/536/5 1845/530/5 1989/534/5
f 1893/535/5 1797/531/5 1798/537/5
f 1844/536/5 1989/534/5 1990/310/5
f 1892/538/5 1893/535/5 1798/537/5
f 1844/536/5 1990/310/5 1991/539/5
f 1891/540/5 1892/538/5 1798/537/5
f 1844/536/5 1991/539/5 1992/541/5
f 1890/542/5 1891/540/5 1798/537/5
f 1843/543/5 1844/536/5 1992/541/5
f 1890/542/5 1798/537/5 1799/544/5
f 1843/543/5 1992/541/5 1993/545/5
f 1889/546/5 1890/542/5 1799/544/5
f 1843/543/5 1993/545/5 1994/547/5
f 1888/548/5 1889/546/5 1799/544/5
f 1843/543/5 1994/547/5 1995/549/5
f 1887/550/5 1888/548/5 1799/544/5
f 1842/551/5 1843/543/5 1995/549/5
f 1887/550/5 1799/544/5 1800/552/5
f 1842/551/5 1995/549/5 1996/553/5
f 1886/554/5 1887/550/5 1800/552/5
f 1842/551/5 1996/553/5 1997/555/5
f 1885/556/5 1886/554/5 1800/552/5
f 1842/551/5 1997/555/5 1998/557/5
f 1884/558/5 1885/556/5 1800/552/5
f 1841/559/5 1842/551/5 1998/557/5
f 1884/558/5 1800/552/5 1801/560/5
f 1841/559/5 1998/557/5 1999/561/5
f 1883/562/5 1884/558/5 1801/560/5
f 1841/559/5 1999/561/5 2000/563/5
f 1882/564/5 1883/562/5 1801/560/5
f 1841/559/5 2000/563/5 2001/565/5
f 1881/566/5 1882/564/5 1801/560/5
f 1841/559/5 2001/565/5 2002/567/5
f 2072/90/5 1881/566/5 1801/560/5
f 1840/568/5 1841/559/5 2002/567/5
f 2072/90/5 1801/560/5 1802/569/5
f 1840/568/5 2002/567/5 2003/570/5
f 2071/571/5 2072/90/5 1802/569/5
f 1840/568/5 2003/570/5 2004/572/5
f 2070/573/5 2071/571/5 1802/569/5
f 1840/568/5 2004/572/5 2005/574/5
f 2069/575/5 2070/573/5 1802/569/5
f 2068/576/5 2069/575/5 1802/569/5
f 1840/568/5 2005/574/5 2006/577/5
f 1839/578/5 1840/568/5 2006/577/5
f 2068/576/5 1802/569/5 1803/579/5
f 2067/580/5 2068/576/5 1803/579/5
f 1839/578/5 2006/577/5 2007/581/5
f 1839/578/5 2007/581/5 2008/582/5
f 2066/583/5 2067/580/5 1803/579/5
f 1839/578/5 2008/582/5 2009/584/5
f 2065/585/5 2066/583/5 1803/579/5
f 1839/578/5 2009/584/5 2010/586/5
f 2064/587/5 2065/585/5 1803/579/5
f 1838/588/5 1839/578/5 2010/586/5
f 2064/587/5 1803/579/5 1804/589/5
f 1838/588/5 2010/586/5 2011/590/5
f 2063/591/5 2064/587/5 1804/589/5
f 1838/588/5 2011/590/5 2012/592/5
f 2062/593/5 2063/591/5 1804/589/5
f 1838/588/5 2012/592/5 2013/594/5
f 2061/595/5 2062/593/5 1804/589/5
f 1838/588/5 2013/594/5 2014/596/5
f 2060/597/5 2061/595/5 1804/589/5
f 1838/588/5 2014/596/5 2015/598/5
f 2059/599/5 2060/597/5 1804/589/5
f 1838/588/5 2015/598/5 2016/600/5
f 1837/601/5 1838/588/5 2016/600/5
f 2059/599/5 1804/589/5 1805/602/5
f 2058/603/5 2059/599/5 1805/602/5
f 1837/601/5 2016/600/5 2017/604/5
f 2057/605/5 2058/603/5 1805/602/5
f 1837/601/5 2017/604/5 2018/606/5
f 2056/607/5 2057/605/5 1805/602/5
f 1837/601/5 2018/606/5 2019/608/5
f 2055/609/5 2056/607/5 1805/602/5
f 1837/601/5 2019/608/5 2020/610/5
f 2054/611/5 2055/609/5 1805/602/5
f 1837/601/5 2020/610/5 2021/612/5
f 2053/613/5 2054/611/5 1805/602/5
f 1837/601/5 2021/612/5 2022/614/5
f 2052/615/5 2053/613/5 1805/602/5
f 1837/601/5 2022/614/5 2023/616/5
f 2051/617/5 2052/615/5 1805/602/5
f 1836/618/5 1837/601/5 2023/616/5
f 2051/617/5 1805/602/5 1806/619/5
f 1836/618/5 2023/616/5 2024/620/5
f 2050/621/5 2051/617/5 1806/619/5
f 1836/618/5 2024/620/5 2025/622/5
f 2049/623/5 2050/621/5 1806/619/5
f 1836/618/5 2025/622/5 2026/624/5
f 2048/625/5 2049/623/5 1806/619/5
f 1836/618/5 2026/624/5 2027/626/5
f 2047/627/5 2048/625/5 1806/619/5
f 1836/618/5 2027/626/5 2028/628/5
f 2046/629/5 2047/627/5 1806/619/5
f 1836/618/5 2028/628/5 2029/630/5
f 2045/631/5 2046/629/5 1806/619/5
f 1836/618/5 2029/630/5 2030/632/5
f 2044/633/5 2045/631/5 1806/619/5
f 1836/618/5 2030/632/5 2031/276/5
f 2043/634/5 2044/633/5 1806/619/5
f 1836/618/5 2031/276/5 2032/635/5
f 2042/636/5 2043/634/5 1806/619/5
f 1836/618/5 2032/635/5 2033/637/5
f 2041/638/5 2042/636/5 1806/619/5
f 1836/618/5 2033/637/5 2034/639/5
f 2040/640/5 2041/638/5 1806/619/5
f 1836/618/5 2034/639/5 2035/641/5
f 2039/642/5 2040/640/5 1806/619/5
f 1836/618/5 2035/641/5 2036/643/5
f 2038/644/5 2039/642/5 1806/619/5
f 1836/618/5 2036/643/5 2037/645/5
f 2037/645/5 2038/644/5 1806/619/5
f 1836/618/5 2037/645/5 1806/619/5
f 1835/646/5 1836/618/5 1806/619/5
f 1835/646/5 1806/619/5 1807/647/5
f 1834/648/5 1835/646/5 1807/647/5
f 1834/648/5 1807/647/5 1808/649/5
f 1833/650/5 1834/648/5 1808/649/5
f 1833/650/5 1808/649/5 1809/651/5
f 1832/652/5 1833/650/5 1809/651/5
f 1832/652/5 1809/651/5 1810/653/5
f 1831/654/5 1832/652/5 1810/653/5
f 1831/654/5 1810/653/5 1811/655/5
f 1830/656/5 1831/654/5 1811/655/5
f 1830/656/5 1811/655/5 1812/657/5
f 1829/658/5 1830/656/5 1812/657/5
f 1829/658/5 1812/657/5 1813/659/5
f 1828/660/5 1829/658/5 1813/659/5
f 1828/660/5 1813/659/5 1814/661/5
f 1827/662/5 1828/660/5 1814/661/5
f 1827/662/5 1814/661/5 1815/663/5
f 1826/376/5 1827/662/5 1815/663/5
f 1826/376/5 1815/663/5 1816/664/5
f 1825/665/5 1826/376/5 1816/664/5
f 1825/665/5 1816/664/5 1817/666/5
f 1824/667/5 1825/665/5 1817/666/5
f 1824/667/5 1817/666/5 1818/668/5
f 1823/669/5 1824/667/5 1818/668/5
f 1823/669/5 1818/668/5 1819/670/5
f 1822/671/5 1823/669/5 1819/670/5
f 1822/671/5 1819/670/5 1820/672/5
f 1821/673/5 1822/671/5 1820/672/5
f 2180/674/5 2181/676/5 2182/675/5
f 2180/674/5 2182/675/5 2183/350/5
f 2179/677/5 2180/674/5 2183/350/5
f 2179/677/5 2183/350/5 2184/678/5
f 2178/352/5 2179/677/5 2184/678/5
f 2178/352/5 2184/678/5 2185/679/5
f 2177/680/5 2178/352/5 2185/679/5
f 2177/680/5 2185/679/5 2186/681/5
f 2176/682/5 2177/680/5 2186/681/5
f 2176/682/5 2186/681/5 2187/683/5
f 2176/682/5 2187/683/5 2188/348/5
f 2175/684/5 2176/682/5 2188/348/5
f 2175/684/5 2188/348/5 2189/685/5
f 2174/686/5 2175/684/5 2189/685/5
f 2174/686/5 2189/685/5 2190/687/5
f 2173/354/5 2174/686/5 2190/687/5
f 2173/354/5 2190/687/5 2191/688/5
f 2172/689/5 2173/354/5 2191/688/5
f 2172/689/5 2191/688/5 2192/690/5
f 2172/689/5 2192/690/5 2193/346/5
f 2171/691/5 2172/689/5 2193/346/5
f 2171/691/5 2193/346/5 2194/692/5
f 2170/693/5 2171/691/5 2194/692/5
f 2170/693/5 2194/692/5 2195/694/5
f 2169/695/5 2170/693/5 2195/694/5
f 2169/695/5 2195/694/5 2196/696/5
f 2168/356/5 2169/695/5 2196/696/5
f 2168/356/5 2196/696/5 2197/697/5
f 2168/356/5 2197/697/5 2198/344/5
f 2167/698/5 2168/356/5 2198/344/5
f 2167/698/5 2198/344/5 2199/699/5
f 2166/700/5 2167/698/5 2199/699/5
f 2166/700/5 2199/699/5 2200/701/5
f 2165/702/5 2166/700/5 2200/701/5
f 2165/702/5 2200/701/5 2201/703/5
f 2164/704/5 2165/702/5 2201/703/5
f 2164/704/5 2201/703/5 2202/705/5
f 2163/358/5 2164/704/5 2202/705/5
f 2163/358/5 2202/705/5 2203/299/5
f 2163/358/5 2203/299/5 2204/706/5
f 2162/707/5 2163/358/5 2204/706/5
f 2162/707/5 2204/706/5 2205/708/5
f 2161/709/5 2162/707/5 2205/708/5
f 2161/709/5 2205/708/5 2241/710/5
f 2241/710/5 2205/708/5 2240/711/5
f 2240/711/5 2205/708/5 2239/712/5
f 2239/712/5 2205/708/5 2238/334/5
f 2238/334/5 2205/708/5 2237/713/5
f 2237/713/5 2205/708/5 2236/714/5
f 2236/714/5 2205/708/5 2235/715/5
f 2235/715/5 2205/708/5 2234/716/5
f 2234/716/5 2205/708/5 2233/336/5
f 2233/336/5 2205/708/5 2232/717/5
f 2232/717/5 2205/708/5 2231/718/5
f 2231/718/5 2205/708/5 2206/719/5
f 2160/720/5 2161/709/5 2242/721/5
f 2242/721/5 2161/709/5 2241/710/5
f 2159/722/5 2160/720/5 2243/332/5
f 2243/332/5 2160/720/5 2242/721/5
f 2158/360/5 2159/722/5 2244/723/5
f 2244/723/5 2159/722/5 2243/332/5
f 2157/724/5 2158/360/5 2245/725/5
f 2245/725/5 2158/360/5 2244/723/5
f 2156/726/5 2157/724/5 2246/727/5
f 2246/727/5 2157/724/5 2245/725/5
f 2155/728/5 2156/726/5 2248/330/5
f 2248/330/7 2156/726/7 2247/729/7
f 2247/729/5 2156/726/5 2246/727/5
f 2154/730/5 2155/728/5 2249/731/5
f 2249/731/5 2155/728/5 2248/330/5
f 2153/362/5 2154/730/5 2250/732/5
f 2250/732/5 2154/730/5 2249/731/5
f 2152/733/5 2153/362/5 2251/734/5
f 2251/734/5 2153/362/5 2250/732/5
f 2151/735/5 2152/733/5 2252/736/5
f 2252/736/5 2152/733/5 2251/734/5
f 2150/737/5 2151/735/5 2254/738/5
f 2254/738/5 2151/735/5 2253/328/5
f 2253/328/5 2151/735/5 2252/736/5
f 2149/739/5 2150/737/5 2255/740/5
f 2255/740/5 2150/737/5 2254/738/5
f 2149/739/5 2255/740/5 2256/741/5
f 2148/364/5 2149/739/5 2256/741/5
f 2148/364/5 2256/741/5 2257/742/5
f 2148/364/5 2257/742/5 2258/326/5
f 2148/364/5 2258/326/5 2259/743/5
f 2148/364/5 2259/743/5 2260/744/5
f 2148/364/5 2260/744/5 2261/745/5
f 2147/746/5 2148/364/5 2261/745/5
f 2147/746/5 2261/745/5 2262/747/5
f 2147/746/5 2262/747/5 2263/324/5
f 2146/748/5 2147/746/5 2263/324/5
f 2146/748/5 2263/324/5 2264/749/5
f 2230/750/5 2231/718/5 2206/719/5
f 2145/751/5 2146/748/5 2264/749/5
f 2145/751/5 2264/749/5 2265/752/5
f 2229/753/5 2230/750/5 2206/719/5
f 2228/337/8 2229/753/8 2206/719/8
f 2227/754/7 2228/337/7 2206/719/7
f 2226/755/5 2227/754/5 2206/719/5
f 2145/751/5 2265/752/5 2266/756/5
f 2225/757/5 2226/755/5 2206/719/5
f 2144/758/5 2145/751/5 2266/756/5
f 2224/759/5 2225/757/5 2206/719/5
f 2223/339/5 2224/759/5 2206/719/5
f 2222/760/5 2223/339/5 2206/719/5
f 2144/758/5 2266/756/5 2267/761/5
f 2221/762/5 2222/760/5 2206/719/5
f 2220/763/5 2221/762/5 2206/719/5
f 2219/764/5 2220/763/5 2206/719/5
f 2143/366/5 2144/758/5 2267/761/5
f 2143/366/5 2267/761/5 2268/322/5
f 2218/341/5 2219/764/5 2206/719/5
f 2217/765/5 2218/341/5 2206/719/5
f 2216/766/5 2217/765/5 2206/719/5
f 2215/767/5 2216/766/5 2206/719/5
f 2143/366/5 2268/322/5 2269/768/5
f 2214/769/5 2215/767/5 2206/719/5
f 2142/770/5 2143/366/5 2269/768/5
f 2213/343/5 2214/769/5 2206/719/5
f 2212/771/5 2213/343/5 2206/719/5
f 2211/772/5 2212/771/5 2206/719/5
f 2210/773/5 2211/772/5 2206/719/5
f 2142/770/5 2269/768/5 2270/774/5
f 2209/775/5 2210/773/5 2206/719/5
f 2141/776/5 2142/770/5 2270/774/5
f 2208/300/5 2209/775/5 2206/719/5
f 2207/777/5 2208/300/5 2206/719/5
f 2141/776/5 2270/774/5 2271/778/5
f 2140/779/5 2141/776/5 2271/778/5
f 2140/779/5 2271/778/5 2272/780/5
f 2139/781/5 2140/779/5 2272/780/5
f 2139/781/5 2272/780/5 2273/320/5
f 2138/368/5 2139/781/5 2273/320/5
f 2138/368/5 2273/320/5 2274/782/5
f 2137/783/5 2138/368/5 2274/782/5
f 2137/783/5 2274/782/5 2275/784/5
f 2136/785/5 2137/783/5 2275/784/5
f 2136/785/5 2275/784/5 2276/786/5
f 2135/787/5 2136/785/5 2276/786/5
f 2135/787/5 2276/786/5 2277/788/5
f 2134/789/5 2135/787/5 2277/788/5
f 2134/789/5 2277/788/5 2278/318/5
f 2133/370/5 2134/789/5 2278/318/5
f 2133/370/5 2278/318/5 2279/790/5
f 2132/791/5 2133/370/5 2279/790/5
f 2132/791/5 2279/790/5 2280/792/5
f 2131/793/5 2132/791/5 2280/792/5
f 2131/793/5 2280/792/5 2281/794/5
f 2130/795/5 2131/793/5 2281/794/5
f 2130/795/5 2281/794/5 2282/796/5
f 2129/797/5 2130/795/5 2282/796/5
f 2129/797/5 2282/796/5 2283/316/5
f 2128/372/5 2129/797/5 2283/316/5
f 2128/372/5 2283/316/5 2284/798/5
f 2127/799/5 2128/372/5 2284/798/5
f 2127/799/5 2284/798/5 2285/800/5
f 2126/801/5 2127/799/5 2285/800/5
f 2126/801/5 2285/800/5 2286/802/5
f 2125/803/5 2126/801/5 2286/802/5
f 2125/803/5 2286/802/5 2287/804/5
f 2124/805/5 2125/803/5 2287/804/5
f 2124/805/5 2287/804/5 2288/314/5
f 2350/806/5 2351/808/5 2352/807/5
f 2350/806/5 2352/807/5 2353/281/5
f 2123/374/5 2124/805/5 2288/314/5
f 2349/809/5 2350/806/5 2353/281/5
f 2123/374/5 2288/314/5 2289/810/5
f 2348/279/5 2349/809/5 2353/281/5
f 2347/811/5 2348/279/5 2353/281/5
f 2346/812/5 2347/811/5 2353/281/5
f 2345/813/5 2346/812/5 2353/281/5
f 2344/814/5 2345/813/5 2353/281/5
f 2123/374/5 2289/810/5 2290/815/5
f 2343/276/5 2344/814/5 2353/281/5
f 2122/816/5 2123/374/5 2290/815/5
f 2342/817/5 2343/276/5 2353/281/5
f 2341/818/5 2342/817/5 2353/281/5
f 2340/819/5 2341/818/5 2353/281/5
f 2339/820/5 2340/819/5 2353/281/5
f 2122/816/5 2290/815/5 2291/821/5
f 2338/274/5 2339/820/5 2353/281/5
f 2121/822/5 2122/816/5 2291/821/5
f 2337/823/5 2338/274/5 2353/281/5
f 2336/824/5 2337/823/5 2353/281/5
f 2335/825/5 2336/824/5 2353/281/5
f 2121/822/5 2291/821/5 2292/826/5
f 2334/827/5 2335/825/5 2353/281/5
f 2333/271/5 2334/827/5 2353/281/5
f 2120/828/5 2121/822/5 2292/826/5
f 2332/829/5 2333/271/5 2353/281/5
f 2120/828/5 2292/826/5 2293/312/5
f 2331/830/5 2332/829/5 2353/281/5
f 2330/831/5 2331/830/5 2353/281/5
f 2329/832/5 2330/831/5 2353/281/5
f 2328/270/5 2329/832/5 2353/281/5
f 2120/828/5 2293/312/5 2294/833/5
f 2119/834/5 2120/828/5 2294/833/5
f 2327/835/5 2328/270/5 2353/281/5
f 2326/836/5 2327/835/5 2353/281/5
f 2325/837/5 2326/836/5 2353/281/5
f 2119/834/5 2294/833/5 2295/838/5
f 2324/839/5 2325/837/5 2353/281/5
f 2323/282/5 2324/839/5 2353/281/5
f 2118/376/5 2119/834/5 2295/838/5
f 2322/840/5 2323/282/5 2353/281/5
f 2118/376/5 2295/838/5 2296/841/5
f 2321/842/5 2322/840/5 2353/281/5
f 2320/843/5 2321/842/5 2353/281/5
f 2319/844/5 2320/843/5 2353/281/5
f 2118/376/5 2296/841/5 2297/845/5
f 2318/292/5 2319/844/5 2353/281/5
f 2317/846/5 2318/292/5 2353/281/5
f 2117/847/5 2118/376/5 2297/845/5
f 2117/847/5 2297/845/5 2298/310/5
f 2316/848/5 2317/846/5 2353/281/5
f 2315/849/5 2316/848/5 2353/281/5
f 2314/850/5 2315/849/5 2353/281/5
f 2117/847/5 2298/310/5 2299/851/5
f 2313/304/5 2314/850/5 2353/281/5
f 2312/852/5 2313/304/5 2353/281/5
f 2117/847/5 2299/851/5 2300/853/5
f 2311/854/5 2312/852/5 2353/281/5
f 2310/855/5 2311/854/5 2353/281/5
f 2117/847/5 2300/853/5 2301/856/5
f 2309/857/5 2310/855/5 2353/281/5
f 2116/858/5 2117/847/5 2301/856/5
f 2308/306/5 2309/857/5 2353/281/5
f 2307/859/5 2308/306/5 2353/281/5
f 2116/858/5 2301/856/5 2302/860/5
f 2306/861/5 2307/859/5 2353/281/5
f 2305/862/5 2306/861/5 2353/281/5
f 2116/858/5 2302/860/5 2303/308/5
f 2304/863/5 2305/862/5 2353/281/5
f 2303/308/5 2304/863/5 2353/281/5
f 2116/858/5 2303/308/5 2353/281/5
f 2115/864/5 2116/858/5 2353/281/5
f 2114/865/5 2115/864/5 2353/281/5
f 2113/378/5 2114/865/5 2353/281/5
f 2112/866/5 2113/378/5 2353/281/5
f 2111/867/5 2112/866/5 2353/281/5
f 2110/868/5 2111/867/5 2353/281/5
f 2109/869/5 2110/868/5 2353/281/5
f 2108/380/5 2109/869/5 2353/281/5
f 2107/870/5 2108/380/5 2353/281/5
f 2106/871/5 2107/870/5 2353/281/5
f 2105/872/5 2106/871/5 2353/281/5
f 2104/873/5 2105/872/5 2353/281/5
f 2103/382/5 2104/873/5 2353/281/5
f 2103/382/5 2353/281/5 2354/874/5
f 2103/382/5 2354/874/5 2355/875/5
f 2103/382/5 2355/875/5 2356/876/5
f 2103/382/5 2356/876/5 2357/877/5
f 2102/878/5 2103/382/5 2357/877/5
f 2102/878/5 2357/877/5 2358/284/5
f 2102/878/5 2358/284/5 2359/879/5
f 2102/878/5 2359/879/5 2360/880/5
f 2101/881/5 2102/878/5 2360/880/5
f 2101/881/5 2360/880/5 2361/882/5
f 2101/881/5 2361/882/5 2362/883/5
f 2101/881/5 2362/883/5 2363/286/5
f 2101/881/5 2363/286/5 2364/884/5
f 2100/885/5 2101/881/5 2364/884/5
f 2100/885/5 2364/884/5 2365/886/5
f 2100/885/5 2365/886/5 2366/887/5
f 2099/888/5 2100/885/5 2366/887/5
f 2099/888/5 2366/887/5 2367/889/5
f 2099/888/5 2367/889/5 2368/289/5
f 2099/888/5 2368/289/5 2369/890/5
f 2098/384/5 2099/888/5 2369/890/5
f 2098/384/5 2369/890/5 2370/891/5
f 2098/384/5 2370/891/5 2371/892/5
f 2098/384/5 2371/892/5 2372/893/5
f 2097/894/5 2098/384/5 2372/893/5
f 2097/894/5 2372/893/5 2373/291/5
f 2097/894/5 2373/291/5 2374/895/5
f 2096/896/5 2097/894/5 2374/895/5
f 2096/896/5 2374/895/5 2375/897/5
f 2096/896/5 2375/897/5 2376/898/5
f 2096/896/5 2376/898/5 2377/899/5
f 2095/900/5 2096/896/5 2377/899/5
f 2095/900/5 2377/899/5 2378/294/5
f 2095/900/5 2378/294/5 2379/901/5
f 2095/900/5 2379/901/5 2380/902/5
f 2094/903/5 2095/900/5 2380/902/5
f 2094/903/5 2380/902/5 2381/904/5
f 2094/903/5 2381/904/5 2382/905/5
f 2093/386/5 2094/903/5 2382/905/5
f 2093/386/5 2382/905/5 2383/296/5
f 2093/386/5 2383/296/5 2384/906/5
f 2092/907/5 2093/386/5 2384/906/5
f 2092/907/5 2384/906/5 2385/908/5
f 2092/907/5 2385/908/5 2386/909/5
f 2091/910/5 2092/907/5 2386/909/5
f 2091/910/5 2386/909/5 2387/911/5
f 2091/910/5 2387/911/5 2388/90/5
f 2091/910/5 2388/90/5 2073/255/5
f 2090/912/5 2091/910/5 2073/255/5
f 2090/912/5 2073/255/5 2074/913/5
f 2090/912/5 2074/913/5 2075/914/5
f 2089/915/5 2090/912/5 2075/914/5
f 2089/915/5 2075/914/5 2076/916/5
f 2089/915/5 2076/916/5 2077/917/5
f 2088/388/5 2089/915/5 2077/917/5
f 2088/388/5 2077/917/5 2078/392/5
f 2088/388/5 2078/392/5 2079/918/5
f 2087/919/5 2088/388/5 2079/918/5
f 2087/919/5 2079/918/5 2080/920/5
f 2087/919/5 2080/920/5 2081/921/5
f 2086/922/5 2087/919/5 2081/921/5
f 2086/922/5 2081/921/5 2082/923/5
f 2086/922/5 2082/923/5 2083/390/5
f 2085/924/5 2086/922/5 2083/390/5
f 2085/924/5 2083/390/5 2084/925/5
f 2594/926/5 2595/928/5 2596/927/5
f 2594/926/5 2596/927/5 2597/929/5
f 2594/926/5 2597/929/5 2598/930/5
f 2593/931/5 2594/926/5 2598/930/5
f 2593/931/5 2598/930/5 2599/932/5
f 2593/931/5 2599/932/5 2600/933/5
f 2592/934/5 2593/931/5 2600/933/5
f 2592/934/5 2600/933/5 2601/935/5
f 2592/934/5 2601/935/5 2602/936/5
f 2591/937/5 2592/934/5 2602/936/5
f 2591/937/5 2602/936/5 2603/938/5
f 2591/937/5 2603/938/5 2604/330/5
f 2590/939/5 2591/937/5 2604/330/5
f 2590/939/5 2604/330/5 2605/940/5
f 2590/939/5 2605/940/5 2606/941/5
f 2589/942/5 2590/939/5 2606/941/5
f 2589/942/5 2606/941/5 2607/943/5
f 2589/942/5 2607/943/5 2608/944/5
f 2589/942/5 2608/944/5 2609/945/5
f 2588/946/5 2589/942/5 2609/945/5
f 2588/946/5 2609/945/5 2610/947/5
f 2588/946/5 2610/947/5 2611/948/5
f 2587/949/5 2588/946/5 2611/948/5
f 2587/949/5 2611/948/5 2612/950/5
f 2587/949/5 2612/950/5 2613/951/5
f 2586/952/5 2587/949/5 2613/951/5
f 2586/952/5 2613/951/5 2614/953/5
f 2586/952/5 2614/953/5 2615/954/5
f 2586/952/5 2615/954/5 2616/955/5
f 2585/956/5 2586/952/5 2616/955/5
f 2585/956/5 2616/955/5 2617/957/5
f 2585/956/5 2617/957/5 2618/958/5
f 2584/959/5 2585/956/5 2618/958/5
f 2584/959/5 2618/958/5 2619/960/5
f 2584/959/5 2619/960/5 2636/961/5
f 2636/961/5 2619/960/5 2635/962/5
f 2635/962/5 2619/960/5 2634/963/5
f 2634/963/5 2619/960/5 2633/964/5
f 2633/964/5 2619/960/5 2632/965/5
f 2632/965/5 2619/960/5 2631/966/5
f 2631/966/5 2619/960/5 2630/967/5
f 2630/967/5 2619/960/5 2629/968/5
f 2629/968/5 2619/960/5 2620/969/5
f 2583/970/5 2584/959/5 2637/971/5
f 2637/971/5 2584/959/5 2636/961/5
f 2582/972/5 2583/970/5 2639/973/5
f 2639/973/5 2583/970/5 2638/974/5
f 2638/974/5 2583/970/5 2637/971/5
f 2581/975/5 2582/972/5 2640/976/5
f 2640/976/5 2582/972/5 2639/973/5
f 2580/977/5 2581/975/5 2641/978/5
f 2641/978/5 2581/975/5 2640/976/5
f 2579/979/5 2580/977/5 2643/980/5
f 2643/980/5 2580/977/5 2642/981/5
f 2642/981/5 2580/977/5 2641/978/5
f 2578/982/5 2579/979/5 2644/983/5
f 2644/983/5 2579/979/5 2643/980/5
f 2577/984/5 2578/982/5 2646/985/5
f 2646/985/5 2578/982/5 2645/986/5
f 2645/986/5 2578/982/5 2644/983/5
f 2577/984/5 2646/985/5 2647/316/5
f 2577/984/5 2647/316/5 2648/987/5
f 2577/984/5 2648/987/5 2649/988/5
f 2577/984/5 2649/988/5 2650/989/5
f 2577/984/5 2650/989/5 2651/990/5
f 2577/984/5 2651/990/5 2652/991/5
f 2577/984/5 2652/991/5 2653/992/5
f 2577/984/5 2653/992/5 2654/993/5
f 2577/984/5 2654/993/5 2655/994/5
f 2577/984/5 2655/994/5 2656/995/5
f 2577/984/5 2656/995/5 2657/996/5
f 2577/984/5 2657/996/5 2658/997/5
f 2576/998/5 2577/984/5 2658/997/5
f 2576/998/5 2658/997/5 2659/999/5
f 2576/998/5 2659/999/5 2660/1000/5
f 2576/998/5 2660/1000/5 2661/1001/5
f 2576/998/5 2661/1001/5 2662/1002/5
f 2576/998/5 2662/1002/5 2663/1003/5
f 2576/998/5 2663/1003/5 2664/1004/5
f 2576/998/5 2664/1004/5 2665/1005/5
f 2576/998/5 2665/1005/5 2666/1006/5
f 2576/998/5 2666/1006/5 2667/1007/5
f 2576/998/5 2667/1007/5 2668/1008/5
f 2576/998/5 2668/1008/5 2669/1009/5
f 2576/998/5 2669/1009/5 2670/1010/5
f 2575/1011/5 2576/998/5 2670/1010/5
f 2575/1011/5 2670/1010/5 2671/1012/5
f 2575/1011/5 2671/1012/5 2672/1013/5
f 2575/1011/5 2672/1013/5 2673/1014/5
f 2575/1011/5 2673/1014/5 2674/1015/5
f 2575/1011/5 2674/1015/5 2675/1016/5
f 2575/1011/5 2675/1016/5 2676/1017/5
f 2575/1011/5 2676/1017/5 2677/1018/5
f 2575/1011/5 2677/1018/5 2678/1019/5
f 2574/1020/5 2575/1011/5 2678/1019/5
f 2574/1020/5 2678/1019/5 2679/1021/5
f 2574/1020/5 2679/1021/5 2680/1022/5
f 2574/1020/5 2680/1022/5 2681/1023/5
f 2574/1020/5 2681/1023/5 2682/1024/5
f 2628/1025/5 2629/968/5 2620/969/5
f 2574/1020/5 2682/1024/5 2683/1026/5
f 2574/1020/5 2683/1026/5 2684/1027/5
f 2627/1028/5 2628/1025/5 2620/969/5
f 2573/1029/5 2574/1020/5 2684/1027/5
f 2573/1029/5 2684/1027/5 2685/1030/5
f 2573/1029/5 2685/1030/5 2686/1031/5
f 2626/1032/5 2627/1028/5 2620/969/5
f 2573/1029/5 2686/1031/5 2687/1033/5
f 2625/1034/5 2626/1032/5 2620/969/5
f 2573/1029/5 2687/1033/5 2688/1035/5
f 2573/1029/5 2688/1035/5 2689/1036/5
f 2624/1037/5 2625/1034/5 2620/969/5
f 2573/1029/5 2689/1036/5 2690/292/5
f 2572/1038/5 2573/1029/5 2690/292/5
f 2572/1038/5 2690/292/5 2691/1039/5
f 2623/1040/5 2624/1037/5 2620/969/5
f 2572/1038/5 2691/1039/5 2692/1041/5
f 2572/1038/5 2692/1041/5 2693/1042/5
f 2622/1043/5 2623/1040/5 2620/969/5
f 2572/1038/5 2693/1042/5 2694/1044/5
f 2621/1045/5 2622/1043/5 2620/969/5
f 2572/1038/5 2694/1044/5 2695/1046/5
f 2571/1047/5 2572/1038/5 2695/1046/5
f 2571/1047/5 2695/1046/5 2696/1048/5
f 2571/1047/5 2696/1048/5 2697/1049/5
f 2571/1047/5 2697/1049/5 2698/1050/5
f 2571/1047/5 2698/1050/5 2699/1051/5
f 2570/1052/5 2571/1047/5 2699/1051/5
f 2570/1052/5 2699/1051/5 2700/1053/5
f 2570/1052/5 2700/1053/5 2701/1054/5
f 2570/1052/5 2701/1054/5 2702/1055/5
f 2569/1056/5 2570/1052/5 2702/1055/5
f 2569/1056/5 2702/1055/5 2703/1057/5
f 2569/1056/5 2703/1057/5 2704/1058/5
f 2569/1056/5 2704/1058/5 2705/1059/5
f 2569/1056/5 2705/1059/5 2706/1060/5
f 2568/1061/5 2569/1056/5 2706/1060/5
f 2568/1061/5 2706/1060/5 2707/1062/5
f 2568/1061/5 2707/1062/5 2708/1063/5
f 2568/1061/5 2708/1063/5 2709/1064/5
f 2568/1061/5 2709/1064/5 2710/1065/5
f 2568/1061/5 2710/1065/5 2711/1066/5
f 2567/1067/5 2568/1061/5 2711/1066/5
f 2567/1067/5 2711/1066/5 2712/1068/5
f 2567/1067/5 2712/1068/5 2713/1069/5
f 2567/1067/5 2713/1069/5 2714/1070/5
f 2567/1067/5 2714/1070/5 2715/1071/5
f 2567/1067/5 2715/1071/5 2716/1072/5
f 2566/1073/5 2567/1067/5 2716/1072/5
f 2566/1073/5 2716/1072/5 2717/1074/5
f 2566/1073/5 2717/1074/5 2718/1075/5
f 2566/1073/5 2718/1075/5 2719/1076/5
f 2566/1073/5 2719/1076/5 2720/1077/5
f 2566/1073/5 2720/1077/5 2721/1078/5
f 2566/1073/5 2721/1078/5 2722/1079/5
f 2566/1073/5 2722/1079/5 2723/1080/5
f 2565/1081/5 2566/1073/5 2723/1080/5
f 2565/1081/5 2723/1080/5 2724/1082/5
f 2565/1081/5 2724/1082/5 2725/1083/5
f 2565/1081/5 2725/1083/5 2726/1084/5
f 2565/1081/5 2726/1084/5 2727/1085/5
f 2565/1081/5 2727/1085/5 2728/1086/5
f 2565/1081/5 2728/1086/5 2729/1087/5
f 2565/1081/5 2729/1087/5 2730/1088/5
f 2565/1081/5 2730/1088/5 2731/1089/5
f 2564/1090/5 2565/1081/5 2731/1089/5
f 2564/1090/5 2731/1089/5 2732/1091/5
f 2564/1090/5 2732/1091/5 2733/281/5
f 2564/1090/5 2733/281/5 2734/1092/5
f 2564/1090/5 2734/1092/5 2735/1093/5
f 2564/1090/5 2735/1093/5 2736/1094/5
f 2564/1090/5 2736/1094/5 2737/1095/5
f 2563/1096/5 2564/1090/5 2737/1095/5
f 2563/1096/5 2737/1095/5 2738/1097/5
f 2563/1096/5 2738/1097/5 2739/1098/5
f 2563/1096/5 2739/1098/5 2740/1099/5
f 2563/1096/5 2740/1099/5 2741/1100/5
f 2563/1096/5 2741/1100/5 2742/1101/5
f 2562/1102/5 2563/1096/5 2742/1101/5
f 2562/1102/5 2742/1101/5 2743/1103/5
f 2562/1102/5 2743/1103/5 2744/1104/5
f 2561/343/5 2562/1102/5 2744/1104/5
f 2561/343/5 2744/1104/5 2745/1105/5
f 2560/1106/5 2561/343/5 2745/1105/5
f 2560/1106/5 2745/1105/5 2746/1107/5
f 2560/1106/5 2746/1107/5 2747/1108/5
f 2559/1109/5 2560/1106/5 2747/1108/5
f 2559/1109/5 2747/1108/5 2748/1110/5
f 2558/1111/5 2559/1109/5 2748/1110/5
f 2558/1111/5 2748/1110/5 2749/1112/5
f 2558/1111/5 2749/1112/5 2750/1113/5
f 2557/1114/5 2558/1111/5 2750/1113/5
f 2557/1114/5 2750/1113/5 2751/1115/5
f 2556/1116/5 2557/1114/5 2751/1115/5
f 2556/1116/5 2751/1115/5 2752/1117/5
f 2555/1118/5 2556/1116/5 2752/1117/5
f 2555/1118/5 2752/1117/5 2753/1119/5
f 2554/1120/5 2555/1118/5 2753/1119/5
f 2554/1120/5 2753/1119/5 2754/1121/5
f 2553/1122/5 2554/1120/5 2754/1121/5
f 2553/1122/5 2754/1121/5 2755/1123/5
f 2552/1124/5 2553/1122/5 2755/1123/5
f 2551/1125/5 2552/1124/5 2755/1123/5
f 2551/1125/5 2755/1123/5 2756/1126/5
f 2550/1127/5 2551/1125/5 2756/1126/5
f 2550/1127/5 2756/1126/5 2757/1128/5
f 2549/1129/5 2550/1127/5 2757/1128/5
f 2548/1130/5 2549/1129/5 2757/1128/5
f 2548/1130/5 2757/1128/5 2758/1131/5
f 2547/1132/5 2548/1130/5 2758/1131/5
f 2546/1133/5 2547/1132/5 2758/1131/5
f 2546/1133/5 2758/1131/5 2759/1134/5
f 2545/1135/5 2546/1133/5 2759/1134/5
f 2544/1136/5 2545/1135/5 2759/1134/5
f 2543/1137/5 2544/1136/5 2759/1134/5
f 2542/1138/5 2543/1137/5 2759/1134/5
f 2541/1139/5 2542/1138/5 2759/1134/5
f 2541/1139/5 2759/1134/5 2760/1140/5
f 2540/1141/5 2541/1139/5 2760/1140/5
f 2539/1142/5 2540/1141/5 2760/1140/5
f 2538/1143/5 2539/1142/5 2760/1140/5
f 2537/1144/5 2538/1143/5 2760/1140/5
f 2536/1145/5 2537/1144/5 2760/1140/5
f 2535/1146/5 2536/1145/5 2760/1140/5
f 2535/1146/5 2760/1140/5 2761/1147/5
f 2534/1148/5 2535/1146/5 2761/1147/5
f 2533/1149/5 2534/1148/5 2761/1147/5
f 2532/1150/5 2533/1149/5 2761/1147/5
f 2531/1151/5 2532/1150/5 2761/1147/5
f 2530/1152/5 2531/1151/5 2761/1147/5
f 2529/1153/5 2530/1152/5 2761/1147/5
f 2528/1154/5 2529/1153/5 2761/1147/5
f 2528/1154/5 2761/1147/5 2762/1155/5
f 2527/1156/5 2528/1154/5 2762/1155/5
f 2526/1157/5 2527/1156/5 2762/1155/5
f 2525/1158/5 2526/1157/5 2762/1155/5
f 2524/1159/5 2525/1158/5 2762/1155/5
f 2523/1160/5 2524/1159/5 2762/1155/5
f 2522/1161/5 2523/1160/5 2762/1155/5
f 2521/1162/5 2522/1161/5 2762/1155/5
f 2521/1162/5 2762/1155/5 2763/1163/5
f 2520/1164/5 2521/1162/5 2763/1163/5
f 2519/1165/5 2520/1164/5 2763/1163/5
f 2518/352/5 2519/1165/5 2763/1163/5
f 2517/1166/5 2518/352/5 2763/1163/5
f 2516/1167/5 2517/1166/5 2763/1163/5
f 2515/1168/5 2516/1167/5 2763/1163/5
f 2515/1168/5 2763/1163/5 2764/1169/5
f 2514/1170/5 2515/1168/5 2764/1169/5
f 2513/1171/5 2514/1170/5 2764/1169/5
f 2512/1172/5 2513/1171/5 2764/1169/5
f 2511/1173/5 2512/1172/5 2764/1169/5
f 2510/1174/5 2511/1173/5 2764/1169/5
f 2510/1174/5 2764/1169/5 2765/1175/5
f 2509/1176/5 2510/1174/5 2765/1175/5
f 2508/1177/5 2509/1176/5 2765/1175/5
f 2507/1178/5 2508/1177/5 2765/1175/5
f 2506/1179/5 2507/1178/5 2765/1175/5
f 2506/1179/5 2765/1175/5 2766/1180/5
f 2505/1181/5 2506/1179/5 2766/1180/5
f 2504/1182/5 2505/1181/5 2766/1180/5
f 2503/1183/5 2504/1182/5 2766/1180/5
f 2425/1184/5 2426/1186/5 2427/1185/5
f 2425/1184/5 2427/1185/5 2428/1187/5
f 2502/1188/5 2503/1183/5 2766/1180/5
f 2501/1189/5 2502/1188/5 2766/1180/5
f 2501/1189/5 2766/1180/5 2767/1190/5
f 2425/1184/5 2428/1187/5 2429/1191/5
f 2500/1192/5 2501/1189/5 2767/1190/5
f 2425/1184/5 2429/1191/5 2430/1193/5
f 2499/1194/5 2500/1192/5 2767/1190/5
f 2498/1195/5 2499/1194/5 2767/1190/5
f 2425/1184/5 2430/1193/5 2431/1196/5
f 2497/1197/5 2498/1195/5 2767/1190/5
f 2497/1197/5 2767/1190/5 2768/1198/5
f 2496/1199/5 2497/1197/5 2768/1198/5
f 2425/1184/5 2431/1196/5 2432/380/5
f 2495/1200/5 2496/1199/5 2768/1198/5
f 2494/1201/5 2495/1200/5 2768/1198/5
f 2425/1184/5 2432/380/5 2433/1202/5
f 2493/1203/5 2494/1201/5 2768/1198/5
f 2493/1203/5 2768/1198/5 2769/1204/5
f 2425/1184/5 2433/1202/5 2434/1205/5
f 2492/1206/5 2493/1203/5 2769/1204/5
f 2491/1207/5 2492/1206/5 2769/1204/5
f 2425/1184/5 2434/1205/5 2435/1208/5
f 2490/1209/5 2491/1207/5 2769/1204/5
f 2489/1210/5 2490/1209/5 2769/1204/5
f 2425/1184/5 2435/1208/5 2436/1211/5
f 2488/1212/5 2489/1210/5 2769/1204/5
f 2487/1213/5 2488/1212/5 2769/1204/5
f 2487/1213/5 2769/1204/5 2770/1214/5
f 2425/1184/5 2436/1211/5 2437/1215/5
f 2486/1216/5 2487/1213/5 2770/1214/5
f 2485/1217/5 2486/1216/5 2770/1214/5
f 2425/1184/5 2437/1215/5 2438/1218/5
f 2484/1219/5 2485/1217/5 2770/1214/5
f 2483/1220/5 2484/1219/5 2770/1214/5
f 2425/1184/5 2438/1218/5 2439/1221/5
f 2482/1222/5 2483/1220/5 2770/1214/5
f 2481/1223/5 2482/1222/5 2770/1214/5
f 2425/1184/5 2439/1221/5 2440/1224/5
f 2481/1223/5 2770/1214/5 2771/1225/5
f 2480/1226/5 2481/1223/5 2771/1225/5
f 2479/1227/5 2480/1226/5 2771/1225/5
f 2425/1184/5 2440/1224/5 2441/1228/5
f 2478/1229/5 2479/1227/5 2771/1225/5
f 2477/1230/5 2478/1229/5 2771/1225/5
f 2425/1184/5 2441/1228/5 2442/1231/5
f 2476/1232/5 2477/1230/5 2771/1225/5
f 2475/366/5 2476/1232/5 2771/1225/5
f 2474/1233/5 2475/366/5 2771/1225/5
f 2425/1184/5 2442/1231/5 2443/1234/5
f 2473/1235/5 2474/1233/5 2771/1225/5
f 2472/1236/5 2473/1235/5 2771/1225/5
f 2425/1184/5 2443/1234/5 2444/1237/5
f 2471/1238/5 2472/1236/5 2771/1225/5
f 2470/1239/5 2471/1238/5 2771/1225/5
f 2470/1239/5 2771/1225/5 2772/1240/5
f 2469/1241/5 2470/1239/5 2772/1240/5
f 2425/1184/5 2444/1237/5 2445/1242/5
f 2468/1243/5 2469/1241/5 2772/1240/5
f 2467/1244/5 2468/1243/5 2772/1240/5
f 2425/1184/5 2445/1242/5 2446/1245/5
f 2466/1246/5 2467/1244/5 2772/1240/5
f 2465/1247/5 2466/1246/5 2772/1240/5
f 2464/1248/5 2465/1247/5 2772/1240/5
f 2425/1184/5 2446/1245/5 2447/1249/5
f 2463/1250/5 2464/1248/5 2772/1240/5
f 2462/1251/5 2463/1250/5 2772/1240/5
f 2461/1252/5 2462/1251/5 2772/1240/5
f 2425/1184/5 2447/1249/5 2448/1253/5
f 2460/1254/5 2461/1252/5 2772/1240/5
f 2459/1255/5 2460/1254/5 2772/1240/5
f 2425/1184/5 2448/1253/5 2449/1256/5
f 2458/1257/5 2459/1255/5 2772/1240/5
f 2457/1258/5 2458/1257/5 2772/1240/5
f 2456/1259/5 2457/1258/5 2772/1240/5
f 2425/1184/5 2449/1256/5 2450/1260/5
f 2455/1261/5 2456/1259/5 2772/1240/5
f 2454/1262/5 2455/1261/5 2772/1240/5
f 2453/1263/5 2454/1262/5 2772/1240/5
f 2425/1184/5 2450/1260/5 2451/1264/5
f 2452/1265/5 2453/1263/5 2772/1240/5
f 2451/1264/5 2452/1265/5 2772/1240/5
f 2425/1184/5 2451/1264/5 2772/1240/5
f 2425/1184/5 2772/1240/5 2773/1266/5
f 2425/1184/5 2773/1266/5 2774/1267/5
f 2425/1184/5 2774/1267/5 2775/1268/5
f 2425/1184/5 2775/1268/5 2776/90/5
f 2425/1184/5 2776/90/5 2389/255/5
f 2425/1184/5 2389/255/5 2390/1269/5
f 2424/1270/5 2425/1184/5 2390/1269/5
f 2424/1270/5 2390/1269/5 2391/1271/5
f 2423/1272/5 2424/1270/5 2391/1271/5
f 2422/1273/5 2423/1272/5 2391/1271/5
f 2422/1273/5 2391/1271/5 2392/1274/5
f 2421/1275/5 2422/1273/5 2392/1274/5
f 2420/1276/5 2421/1275/5 2392/1274/5
f 2419/1277/5 2420/1276/5 2392/1274/5
f 2419/1277/5 2392/1274/5 2393/1278/5
f 2418/1279/5 2419/1277/5 2393/1278/5
f 2417/1280/5 2418/1279/5 2393/1278/5
f 2417/1280/5 2393/1278/5 2394/1281/5
f 2416/1282/5 2417/1280/5 2394/1281/5
f 2415/1283/5 2416/1282/5 2394/1281/5
f 2415/1283/5 2394/1281/5 2395/1284/5
f 2414/1285/5 2415/1283/5 2395/1284/5
f 2413/1286/5 2414/1285/5 2395/1284/5
f 2413/1286/5 2395/1284/5 2396/1287/5
f 2412/1288/5 2413/1286/5 2396/1287/5
f 2411/1289/5 2412/1288/5 2396/1287/5
f 2411/1289/5 2396/1287/5 2397/1290/5
f 2410/1291/5 2411/1289/5 2397/1290/5
f 2409/1292/5 2410/1291/5 2397/1290/5
f 2409/1292/5 2397/1290/5 2398/1293/5
f 2408/1294/5 2409/1292/5 2398/1293/5
f 2407/1295/5 2408/1294/5 2398/1293/5
f 2407/1295/5 2398/1293/5 2399/1296/5
f 2406/1297/5 2407/1295/5 2399/1296/5
f 2405/1298/5 2406/1297/5 2399/1296/5
f 2405/1298/5 2399/1296/5 2400/1299/5
f 2404/1300/5 2405/1298/5 2400/1299/5
f 2403/1301/5 2404/1300/5 2400/1299/5
f 2403/1301/5 2400/1299/5 2401/1302/5
f 2402/1303/5 2403/1301/5 2401/1302/5
s 1
f 2780/1304/9 2777/255/10 2778/1305/10
f 2782/1306/11 2779/1307/9 2780/1304/9
f 2784/1308/12 2781/1309/11 2782/1306/11
f 2786/1310/13 2783/1311/12 2784/1308/12
f 2788/1312/14 2785/1313/13 2786/1310/13
f 2790/1314/15 2787/1315/14 2788/1312/14
f 2792/1316/16 2789/1317/15 2790/1314/15
f 2794/1318/17 2791/1319/16 2792/1316/16
f 2796/1320/18 2793/1321/17 2794/1318/17
f 2798/1322/19 2795/1323/18 2796/1320/18
f 2800/1324/20 2797/1325/19 2798/1322/19
f 2802/1326/21 2799/1327/20 2800/1324/20
f 2804/1328/22 2801/1329/21 2802/1326/21
f 2806/1330/23 2803/1331/22 2804/1328/22
f 2808/1332/24 2805/1333/23 2806/1330/23
f 2810/1334/25 2807/1335/24 2808/1332/24
f 2812/1336/26 2809/1337/25 2810/1334/25
f 2814/1338/27 2811/1339/26 2812/1336/26
f 2816/1340/28 2813/1341/27 2814/1338/27
f 2818/1342/29 2815/1343/28 2816/1340/28
f 2820/1344/30 2817/1345/29 2818/1342/29
f 2822/1346/31 2819/1347/30 2820/1344/30
f 2824/1348/32 2821/1349/31 2822/1346/31
f 2826/1350/33 2823/1351/32 2824/1348/32
f 2828/1352/34 2825/1353/33 2826/1350/33
f 2830/1354/35 2827/1355/34 2828/1352/34
f 2832/1356/36 2829/1357/35 2830/1354/35
f 2834/1358/37 2831/1359/36 2832/1356/36
f 2836/1360/38 2833/1361/37 2834/1358/37
f 2838/1362/39 2835/1363/38 2836/1360/38
f 2840/1364/40 2837/1365/39 2838/1362/39
f 2842/1366/41 2839/1367/40 2840/1364/40
f 2844/1368/42 2841/1369/43 2842/1366/41
f 2846/1370/44 2843/1371/42 2844/1368/42
f 2848/1372/45 2845/1373/44 2846/1370/44
f 2850/1374/46 2847/1375/45 2848/1372/45
f 2852/1376/47 2849/1377/46 2850/1374/46
f 2854/1378/48 2851/1379/47 2852/1376/47
f 2856/1380/49 2853/1381/48 2854/1378/48
f 2858/1382/50 2855/1383/49 2856/1380/49
f 2860/1384/51 2857/1385/50 2858/1382/50
f 2862/1386/52 2859/1387/51 2860/1384/51
f 2864/1388/53 2861/1389/54 2862/1386/52
f 2866/1390/55 2863/1391/53 2864/1388/53
f 2868/1392/56 2865/1393/55 2866/1390/55
f 2870/1394/57 2867/1395/56 2868/1392/56
f 2872/1396/58 2869/1397/57 2870/1394/57
f 2874/1398/59 2871/1399/58 2872/1396/58
f 2876/1400/60 2873/1401/59 2874/1398/59
f 2878/1402/61 2875/1403/60 2876/1400/60
f 2880/1404/62 2877/1405/61 2878/1402/61
f 2882/1406/63 2879/1407/62 2880/1404/62
f 2884/1408/64 2881/1409/63 2882/1406/63
f 2886/1410/65 2883/1411/64 2884/1408/64
f 2888/1412/66 2885/1413/65 2886/1410/65
f 2890/1414/67 2887/1415/66 2888/1412/66
f 2892/1416/68 2889/1417/67 2890/1414/67
f 2894/1418/69 2891/1419/68 2892/1416/68
f 2896/1420/70 2893/1421/69 2894/1418/69
f 2898/1422/71 2895/1423/70 2896/1420/70
f 2900/1424/72 2897/1425/71 2898/1422/71
f 2902/1426/73 2899/1427/72 2900/1424/72
f 2904/1428/74 2901/1429/73 2902/1426/73
f 2906/1430/75 2903/1431/74 2904/1428/74
f 2908/1432/76 2905/1433/75 2906/1430/75
f 2910/1434/77 2907/1435/76 2908/1432/76
f 2912/1436/78 2909/1437/77 2910/1434/77
f 2914/1438/79 2911/1439/78 2912/1436/78
f 2916/1440/80 2913/1441/81 2914/1438/79
f 2918/1442/82 2915/1443/80 2916/1440/80
f 2920/1444/83 2917/1445/82 2918/1442/82
f 2922/1446/84 2919/1447/83 2920/1444/83
f 2924/1448/85 2921/1449/84 2922/1446/84
f 2926/1450/86 2923/1451/85 2924/1448/85
f 2928/1452/87 2925/1453/86 2926/1450/86
f 2930/1454/88 2927/1455/87 2928/1452/87
f 2932/1456/89 2929/1457/88 2930/1454/88
f 2934/1458/90 2931/1459/89 2932/1456/89
f 2936/1460/91 2933/1461/90 2934/1458/90
f 2938/1462/92 2935/1463/91 2936/1460/91
f 2940/1464/93 2937/1465/92 2938/1462/92
f 2942/1466/94 2939/1467/93 2940/1464/93
f 2944/1468/95 2941/1469/94 2942/1466/94
f 2946/1470/96 2943/1471/95 2944/1468/95
f 2948/1472/97 2945/1473/96 2946/1470/96
f 2950/1474/98 2947/1475/97 2948/1472/97
f 2952/1476/99 2949/1477/98 2950/1474/98
f 2954/1478/100 2951/1479/101 2952/1476/99
f 2956/1480/102 2953/1481/100 2954/1478/100
f 2958/1482/103 2955/1483/104 2956/1480/102
f 2960/1484/105 2957/1485/103 2958/1482/103
f 2962/1486/106 2959/1487/105 2960/1484/105
f 2964/1488/107 2961/1489/106 2962/1486/106
f 2966/1490/108 2963/1491/109 2964/1488/107
f 2968/1492/110 2965/1493/108 2966/1490/108
f 2970/1494/111 2967/1495/110 2968/1492/110
f 2972/1496/112 2969/1497/111 2970/1494/111
f 2974/1498/113 2971/14/112 2972/1496/112
f 2976/1499/114 2973/1500/113 2974/1498/113
f 2978/1501/115 2975/1502/114 2976/1499/114
f 2980/1503/116 2977/1504/115 2978/1501/115
f 2982/1505/117 2979/1506/116 2980/1503/116
f 2984/1507/118 2981/1508/117 2982/1505/117
f 2986/1509/119 2983/1510/118 2984/1507/118
f 2988/1511/120 2985/1512/119 2986/1509/119
f 2990/1513/121 2987/1514/120 2988/1511/120
f 2992/1515/122 2989/1516/123 2990/1513/121
f 2994/1517/124 2991/1518/122 2992/1515/122
f 2996/1519/125 2993/1520/124 2994/1517/124
f 2998/1521/126 2995/1522/127 2996/1519/125
f 3000/1523/128 2997/1524/129 2998/1521/126
f 3002/1525/130 2999/1526/128 3000/1523/128
f 3004/1527/131 3001/1528/130 3002/1525/130
f 3006/1529/132 3003/1530/131 3004/1527/131
f 3008/1531/133 3005/1532/132 3006/1529/132
f 3010/1533/134 3007/1534/135 3008/1531/133
f 3012/1535/136 3009/1536/134 3010/1533/134
f 3014/1537/137 3011/1538/136 3012/1535/136
f 3016/1539/138 3013/1540/137 3014/1537/137
f 3018/1541/139 3015/1542/140 3016/1539/138
f 3020/1543/141 3017/1544/139 3018/1541/139
f 3022/1545/142 3019/1546/141 3020/1543/141
f 3024/1547/143 3021/1548/142 3022/1545/142
f 3026/1549/144 3023/1550/143 3024/1547/143
f 3028/1551/145 3025/1552/144 3026/1549/144
f 3030/1553/146 3027/1554/145 3028/1551/145
f 3032/1555/147 3029/1556/146 3030/1553/146
f 3034/1557/148 3031/1558/147 3032/1555/147
f 3036/1559/149 3033/1560/148 3034/1557/148
f 3038/1561/150 3035/1562/149 3036/1559/149
f 3040/1563/151 3037/1564/150 3038/1561/150
f 3042/1565/152 3039/1566/151 3040/1563/151
f 3044/1567/153 3041/1568/152 3042/1565/152
f 3046/1569/154 3043/1570/153 3044/1567/153
f 3048/1571/155 3045/1572/154 3046/1569/154
f 3050/1573/156 3047/1574/155 3048/1571/155
f 3052/1575/157 3049/1576/156 3050/1573/156
f 3054/1577/158 3051/1578/157 3052/1575/157
f 3056/1579/159 3053/1580/158 3054/1577/158
f 3058/1581/160 3055/1582/159 3056/1579/159
f 3060/1583/161 3057/1584/160 3058/1581/160
f 3062/1585/162 3059/1586/161 3060/1583/161
f 3064/1587/163 3061/1588/162 3062/1585/162
f 3066/1589/164 3063/1590/163 3064/1587/163
f 3068/1591/165 3065/1592/164 3066/1589/164
f 3070/1593/166 3067/1594/165 3068/1591/165
f 3072/1595/167 3069/1596/166 3070/1593/166
f 3074/1597/168 3071/1598/167 3072/1595/167
f 3076/1599/169 3073/1600/168 3074/1597/168
f 3078/1601/170 3075/1602/169 3076/1599/169
f 3080/1603/171 3077/1604/170 3078/1601/170
f 3082/1605/172 3079/1606/171 3080/1603/171
f 3084/1607/173 3081/1608/172 3082/1605/172
f 3086/1609/174 3083/1610/173 3084/1607/173
f 3088/1611/175 3085/1612/174 3086/1609/174
f 3090/1613/176 3087/1614/175 3088/1611/175
f 3092/1615/177 3089/1616/176 3090/1613/176
f 3094/1617/178 3091/1618/177 3092/1615/177
f 3096/1619/179 3093/1620/178 3094/1617/178
f 3098/1621/180 3095/1622/179 3096/1619/179
f 3100/1623/181 3097/1624/180 3098/1621/180
f 3102/1625/182 3099/1626/181 3100/1623/181
f 3104/1627/183 3101/1628/182 3102/1625/182
f 3106/1629/184 3103/1630/183 3104/1627/183
f 3108/1631/185 3105/1632/184 3106/1629/184
f 3110/1633/186 3107/1634/185 3108/1631/185
f 3112/1635/187 3109/1636/186 3110/1633/186
f 3114/1637/188 3111/1638/187 3112/1635/187
f 3116/1639/189 3113/1640/188 3114/1637/188
f 3118/1641/190 3115/1642/189 3116/1639/189
f 3120/1643/191 3117/1644/190 3118/1641/190
f 3122/1645/192 3119/1646/193 3120/1643/191
f 3124/1647/194 3121/1648/192 3122/1645/192
f 3126/1649/195 3123/1650/194 3124/1647/194
f 3128/1651/196 3125/1652/195 3126/1649/195
f 3130/1653/197 3127/1654/196 3128/1651/196
f 3132/1655/198 3129/1656/197 3130/1653/197
f 3134/1657/199 3131/1658/198 3132/1655/198
f 3136/1659/200 3133/1660/201 3134/1657/199
f 3138/1661/202 3135/1662/200 3136/1659/200
f 3140/1663/203 3137/1664/202 3138/1661/202
f 3142/1665/204 3139/1666/203 3140/1663/203
f 3144/1667/205 3141/1668/204 3142/1665/204
f 3146/1669/206 3143/1670/205 3144/1667/205
f 3148/1671/207 3145/1672/208 3146/1669/206
f 3150/1673/209 3147/1674/207 3148/1671/207
f 3152/1675/210 3149/1676/209 3150/1673/209
f 3154/1677/211 3151/1678/212 3152/1675/210
f 3156/1679/213 3153/1680/211 3154/1677/211
f 3158/1681/214 3155/1682/213 3156/1679/213
f 3160/1683/215 3157/1684/214 3158/1681/214
f 3162/1685/216 3159/1686/215 3160/1683/215
f 3164/1687/217 3161/1688/216 3162/1685/216
f 3166/1689/218 3163/1690/217 3164/1687/217
f 3168/1691/219 3165/207/218 3166/1689/218
f 3170/1692/220 3167/1693/219 3168/1691/219
f 3172/1694/221 3169/1695/220 3170/1692/220
f 3174/1696/222 3171/1697/221 3172/1694/221
f 3176/1698/223 3173/1699/222 3174/1696/222
f 3178/1700/224 3175/1701/223 3176/1698/223
f 3180/1702/225 3177/1703/224 3178/1700/224
f 3182/1704/226 3179/1705/225 3180/1702/225
f 3184/1706/227 3181/1707/226 3182/1704/226
f 3186/1708/228 3183/1709/227 3184/1706/227
f 3188/1710/229 3185/1711/228 3186/1708/228
f 3190/1712/230 3187/1713/229 3188/1710/229
f 3192/1714/231 3189/1715/230 3190/1712/230
f 3194/1716/232 3191/1717/231 3192/1714/231
f 3196/1718/233 3193/1719/232 3194/1716/232
f 3198/1720/234 3195/1721/233 3196/1718/233
f 3200/1722/235 3197/1723/234 3198/1720/234
f 3202/1724/236 3199/1725/235 3200/1722/235
f 3204/1726/237 3201/1727/236 3202/1724/236
f 3206/1728/238 3203/1729/237 3204/1726/237
f 3208/1730/239 3205/1731/238 3206/1728/238
f 3210/1732/240 3207/1733/239 3208/1730/239
f 3212/1734/241 3209/1735/240 3210/1732/240
f 3214/1736/242 3211/1737/241 3212/1734/241
f 3216/1738/243 3213/1739/242 3214/1736/242
f 3218/1740/244 3215/1741/243 3216/1738/243
f 3220/1742/245 3217/1743/244 3218/1740/244
f 3222/1744/246 3219/1745/245 3220/1742/245
f 3224/1746/247 3221/1747/246 3222/1744/246
f 3226/1748/248 3223/1749/247 3224/1746/247
f 3228/1750/249 3225/1751/248 3226/1748/248
f 3230/1752/250 3227/1753/249 3228/1750/249
f 3232/1754/251 3229/1755/250 3230/1752/250
f 3234/1756/252 3231/1757/251 3232/1754/251
f 3236/1758/253 3233/1759/252 3234/1756/252
f 3238/1760/254 3235/1761/253 3236/1758/253
f 3240/1762/255 3237/1763/254 3238/1760/254
f 3242/1764/256 3239/1765/255 3240/1762/255
f 3244/1766/257 3241/1767/256 3242/1764/256
f 3246/1768/258 3243/1769/257 3244/1766/257
f 3248/1770/259 3245/1771/260 3246/1768/258
f 3250/1772/261 3247/1773/262 3248/1770/259
f 3252/1774/263 3249/1775/261 3250/1772/261
f 3254/1776/264 3251/1777/263 3252/1774/263
f 3256/1778/265 3253/1779/264 3254/1776/264
f 3258/1780/266 3255/1781/265 3256/1778/265
f 3260/1782/267 3257/1783/266 3258/1780/266
f 3262/1784/268 3259/1785/267 3260/1782/267
f 3264/1786/269 3261/1787/268 3262/1784/268
f 3266/1788/270 3263/1789/269 3264/1786/269
f 3268/1790/271 3265/1791/270 3266/1788/270
f 3270/1792/272 3267/1793/271 3268/1790/271
f 3272/1794/273 3269/1795/272 3270/1792/272
f 3274/1796/274 3271/1797/273 3272/1794/273
f 3276/1798/160 3273/1799/274 3274/1796/274
f 3278/1800/275 3275/1801/160 3276/1798/160
f 3280/1802/276 3277/1803/275 3278/1800/275
f 3282/1804/277 3279/1805/276 3280/1802/276
f 3284/1806/278 3281/1807/277 3282/1804/277
f 3286/1808/279 3283/1809/278 3284/1806/278
f 3288/1810/280 3285/1811/279 3286/1808/279
f 3290/1812/281 3287/1813/280 3288/1810/280
f 3292/1814/282 3289/1815/281 3290/1812/281
f 3294/1816/283 3291/1817/282 3292/1814/282
f 3296/1818/284 3293/1819/283 3294/1816/283
f 3298/1820/285 3295/1821/284 3296/1818/284
f 3300/1822/286 3297/1823/285 3298/1820/285
f 3302/1824/287 3299/1825/286 3300/1822/286
f 3304/1826/288 3301/1827/287 3302/1824/287
f 3306/1828/289 3303/1829/288 3304/1826/288
f 3308/1830/290 3305/1831/289 3306/1828/289
f 3310/1832/291 3307/1833/290 3308/1830/290
f 3312/1834/292 3309/1835/291 3310/1832/291
f 3314/1836/293 3311/1837/292 3312/1834/292
f 3316/1838/294 3313/1839/293 3314/1836/293
f 3318/1840/295 3315/1841/294 3316/1838/294
f 3320/1842/296 3317/1843/295 3318/1840/295
f 3322/1844/297 3319/1845/298 3320/1842/296
f 3324/1846/299 3321/1847/297 3322/1844/297
f 3326/1848/300 3323/1849/299 3324/1846/299
f 3328/1850/301 3325/1851/300 3326/1848/300
f 3330/1852/302 3327/1853/301 3328/1850/301
f 3332/1854/303 3329/1855/302 3330/1852/302
f 3334/1856/304 3331/1857/303 3332/1854/303
f 3336/1858/305 3333/1859/304 3334/1856/304
f 3338/1860/306 3335/1861/305 3336/1858/305
f 3340/1862/307 3337/1863/306 3338/1860/306
f 3342/1864/308 3339/1865/307 3340/1862/307
f 3344/1866/309 3341/1867/308 3342/1864/308
f 3346/1868/310 3343/1869/311 3344/1866/309
f 3348/1870/312 3345/1871/310 3346/1868/310
f 3350/1872/313 3347/1873/312 3348/1870/312
f 3352/1874/314 3349/1875/313 3350/1872/313
f 3354/1876/315 3351/1877/316 3352/1874/314
f 3356/1878/317 3353/1879/315 3354/1876/315
f 3358/1880/318 3355/1881/319 3356/1878/317
f 3360/1882/320 3357/1883/321 3358/1880/318
f 3362/1884/322 3359/232/323 3360/1882/320
f 3364/1885/324 3361/1886/322 3362/1884/322
f 3366/1887/325 3363/1888/326 3364/1885/324
f 3368/1889/327 3365/1890/328 3366/1887/325
f 3370/1891/329 3367/1892/327 3368/1889/327
f 3372/1893/330 3369/1894/329 3370/1891/329
f 3374/1895/331 3371/1896/332 3372/1893/330
f 3376/1897/333 3373/1898/331 3374/1895/331
f 3378/1899/334 3375/1900/333 3376/1897/333
f 3380/1901/335 3377/1902/336 3378/1899/334
f 3382/1903/337 3379/1904/338 3380/1901/335
f 3384/1905/339 3381/1906/337 3382/1903/337
f 3386/1907/340 3383/1908/339 3384/1905/339
f 3388/1909/341 3385/1910/342 3386/1907/340
f 3390/1911/343 3387/1912/341 3388/1909/341
f 3392/1913/344 3389/1914/345 3390/1911/343
f 3394/1915/346 3391/1916/344 3392/1913/344
f 3396/1917/347 3393/1918/346 3394/1915/346
f 3398/1919/348 3395/1920/347 3396/1917/347
f 3400/1921/349 3397/1922/348 3398/1919/348
f 3402/1923/350 3399/1924/351 3400/1921/349
f 3404/1925/352 3401/1926/353 3402/1923/350
f 3406/1927/354 3403/1928/352 3404/1925/352
f 3408/1929/355 3405/1930/354 3406/1927/354
f 3410/1931/356 3407/1932/355 3408/1929/355
f 3412/1933/357 3409/1934/356 3410/1931/356
f 3414/1935/358 3411/1936/357 3412/1933/357
f 3416/1937/359 3413/1938/358 3414/1935/358
f 3418/1939/360 3415/1940/359 3416/1937/359
f 3420/1941/361 3417/1942/360 3418/1939/360
f 3422/1943/362 3419/1944/361 3420/1941/361
f 3424/1945/363 3421/1946/362 3422/1943/362
f 3426/1947/364 3423/1948/363 3424/1945/363
f 3428/1949/365 3425/1950/364 3426/1947/364
f 3430/1951/366 3427/1952/365 3428/1949/365
f 3432/1953/367 3429/1954/366 3430/1951/366
f 3434/1955/368 3431/1956/367 3432/1953/367
f 3436/1957/369 3433/1958/368 3434/1955/368
f 3438/1959/370 3435/1960/369 3436/1957/369
f 3440/1961/371 3437/1962/370 3438/1959/370
f 3442/1963/372 3439/1964/371 3440/1961/371
f 3444/1965/373 3441/1966/372 3442/1963/372
f 3446/1967/374 3443/1968/373 3444/1965/373
f 3448/1969/375 3445/1970/374 3446/1967/374
f 3450/1971/376 3447/1972/375 3448/1969/375
f 3452/1973/377 3449/1974/376 3450/1971/376
f 3454/1975/378 3451/1976/377 3452/1973/377
f 3456/1977/379 3453/1978/378 3454/1975/378
f 3458/1979/380 3455/1980/379 3456/1977/379
f 3460/1981/381 3457/1982/380 3458/1979/380
f 3462/1983/382 3459/1984/381 3460/1981/381
f 3464/1985/383 3461/1986/382 3462/1983/382
f 3466/1987/384 3463/1988/383 3464/1985/383
f 3468/1989/385 3465/1990/384 3466/1987/384
f 3470/1991/386 3467/1992/385 3468/1989/385
f 3472/1993/387 3469/1994/386 3470/1991/386
f 3474/1995/388 3471/1996/387 3472/1993/387
f 3476/1997/389 3473/1998/388 3474/1995/388
f 3478/1999/390 3475/2000/389 3476/1997/389
f 3480/2001/391 3477/2002/390 3478/1999/390
f 3482/2003/392 3479/2004/391 3480/2001/391
f 3484/2005/393 3481/2006/392 3482/2003/392
f 3486/2007/394 3483/2008/393 3484/2005/393
f 3488/2009/395 3485/2010/396 3486/2007/394
f 3490/2011/397 3487/2012/395 3488/2009/395
f 3492/2013/398 3489/2014/397 3490/2011/397
f 3494/2015/399 3491/2016/398 3492/2013/398
f 3496/2017/400 3493/2018/401 3494/2015/399
f 3498/2019/402 3495/2020/400 3496/2017/400
f 3500/2021/403 3497/2022/404 3498/2019/402
f 3502/2023/405 3499/2024/403 3500/2021/403
f 3504/2025/406 3501/2026/405 3502/2023/405
f 3506/2027/407 3503/2028/406 3504/2025/406
f 3508/2029/408 3505/2030/407 3506/2027/407
f 3510/2031/409 3507/2032/408 3508/2029/408
f 3512/2033/410 3509/2034/409 3510/2031/409
f 3514/2035/411 3511/2036/410 3512/2033/410
f 3516/2037/412 3513/2038/411 3514/2035/411
f 3518/2039/413 3515/2040/412 3516/2037/412
f 3520/2041/414 3517/2042/415 3518/2039/413
f 3522/2043/416 3519/2044/414 3520/2041/414
f 3524/2045/417 3521/2046/416 3522/2043/416
f 3526/2047/418 3523/2048/417 3524/2045/417
f 3528/2049/419 3525/2050/418 3526/2047/418
f 3530/2051/420 3527/2052/419 3528/2049/419
f 3532/2053/421 3529/2054/420 3530/2051/420
f 3534/2055/422 3531/2056/421 3532/2053/421
f 3536/2057/423 3533/2058/422 3534/2055/422
f 3538/2059/424 3535/2060/423 3536/2057/423
f 3540/2061/425 3537/2062/424 3538/2059/424
f 3542/2063/426 3539/2064/425 3540/2061/425
f 3544/2065/427 3541/2066/426 3542/2063/426
f 3546/2067/428 3543/2068/429 3544/2065/427
f 3548/2069/430 3545/2070/428 3546/2067/428
f 3550/2071/431 3547/2072/430 3548/2069/430
f 3552/2073/432 3549/2074/431 3550/2071/431
f 2778/2075/10 3551/2076/432 3552/2073/432
f 3556/2077/433 3553/255/434 3554/1305/434
f 3558/2078/18 3555/2079/433 3556/2077/433
f 3560/2080/435 3557/2081/18 3558/2078/18
f 3562/2082/436 3559/2083/435 3560/2080/435
f 3564/2084/437 3561/2085/436 3562/2082/436
f 3566/2086/438 3563/2087/437 3564/2084/437
f 3568/2088/439 3565/2089/438 3566/2086/438
f 3570/2090/440 3567/2091/439 3568/2088/439
f 3572/2092/441 3569/2093/440 3570/2090/440
f 3574/2094/442 3571/2095/441 3572/2092/441
f 3576/2096/443 3573/2097/442 3574/2094/442
f 3578/2098/444 3575/2099/443 3576/2096/443
f 3580/2100/445 3577/2101/444 3578/2098/444
f 3582/2102/446 3579/2103/445 3580/2100/445
f 3584/2104/447 3581/2105/446 3582/2102/446
f 3586/2106/448 3583/2107/447 3584/2104/447
f 3588/2108/449 3585/2109/448 3586/2106/448
f 3590/2110/450 3587/2111/449 3588/2108/449
f 3592/2112/451 3589/2113/450 3590/2110/450
f 3594/2114/452 3591/2115/451 3592/2112/451
f 3596/2116/164 3593/2117/452 3594/2114/452
f 3598/2118/453 3595/2119/454 3596/2116/164
f 3600/2120/455 3597/2121/453 3598/2118/453
f 3602/2122/456 3599/2123/455 3600/2120/455
f 3604/2124/457 3601/2125/456 3602/2122/456
f 3606/2126/458 3603/2127/457 3604/2124/457
f 3608/2128/459 3605/2129/458 3606/2126/458
f 3610/2130/460 3607/2131/459 3608/2128/459
f 3612/2132/461 3609/2133/462 3610/2130/460
f 3614/2134/463 3611/2135/461 3612/2132/461
f 3616/2136/464 3613/2137/463 3614/2134/463
f 3618/2138/465 3615/2139/464 3616/2136/464
f 3620/2140/466 3617/2141/465 3618/2138/465
f 3622/2142/467 3619/2143/466 3620/2140/466
f 3624/2144/468 3621/2145/467 3622/2142/467
f 3626/2146/469 3623/2147/468 3624/2144/468
f 3628/2148/470 3625/2149/469 3626/2146/469
f 3630/2150/471 3627/2151/470 3628/2148/470
f 3632/2152/472 3629/2153/473 3630/2150/471
f 3634/2154/474 3631/2155/472 3632/2152/472
f 3636/2156/475 3633/2157/474 3634/2154/474
f 3638/2158/476 3635/2159/475 3636/2156/475
f 3640/2160/477 3637/2161/476 3638/2158/476
f 3642/2162/478 3639/2163/477 3640/2160/477
f 3644/2164/479 3641/2165/478 3642/2162/478
f 3646/2166/480 3643/2167/479 3644/2164/479
f 3648/2168/481 3645/2169/480 3646/2166/480
f 3650/2170/482 3647/2171/481 3648/2168/481
f 3652/2172/483 3649/2173/482 3650/2170/482
f 3654/2174/484 3651/2175/483 3652/2172/483
f 3656/2176/485 3653/2177/484 3654/2174/484
f 3658/2178/486 3655/2179/485 3656/2176/485
f 3660/2180/487 3657/2181/486 3658/2178/486
f 3662/2182/488 3659/2183/487 3660/2180/487
f 3664/2184/489 3661/2185/488 3662/2182/488
f 3666/2186/490 3663/2187/489 3664/2184/489
f 3668/2188/491 3665/2189/490 3666/2186/490
f 3670/2190/492 3667/2191/491 3668/2188/491
f 3672/2192/493 3669/2193/492 3670/2190/492
f 3674/2194/494 3671/2195/493 3672/2192/493
f 3676/2196/495 3673/2197/494 3674/2194/494
f 3678/2198/496 3675/2199/495 3676/2196/495
f 3680/2200/497 3677/2201/498 3678/2198/496
f 3682/2202/499 3679/2203/497 3680/2200/497
f 3684/2204/500 3681/2205/499 3682/2202/499
f 3686/2206/501 3683/2207/500 3684/2204/500
f 3688/2208/502 3685/2209/501 3686/2206/501
f 3690/2210/503 3687/2211/502 3688/2208/502
f 3692/2212/504 3689/2213/503 3690/2210/503
f 3694/2214/505 3691/2215/504 3692/2212/504
f 3696/2216/506 3693/2217/505 3694/2214/505
f 3698/2218/507 3695/2219/506 3696/2216/506
f 3700/2220/508 3697/2221/507 3698/2218/507
f 3702/2222/509 3699/2223/508 3700/2220/508
f 3704/2224/510 3701/2225/509 3702/2222/509
f 3706/2226/511 3703/2227/510 3704/2224/510
f 3708/2228/512 3705/2229/511 3706/2226/511
f 3710/2230/513 3707/2231/512 3708/2228/512
f 3712/1496/514 3709/2232/513 3710/2230/513
f 3714/2233/515 3711/14/514 3712/1496/514
f 3716/2234/516 3713/2235/515 3714/2233/515
f 3718/2236/517 3715/2237/516 3716/2234/516
f 3720/2238/518 3717/2239/517 3718/2236/517
f 3722/2240/519 3719/2241/518 3720/2238/518
f 3724/2242/520 3721/2243/519 3722/2240/519
f 3726/2244/521 3723/2245/520 3724/2242/520
f 3728/2246/522 3725/2247/521 3726/2244/521
f 3730/2248/523 3727/2249/522 3728/2246/522
f 3732/2250/524 3729/2251/523 3730/2248/523
f 3734/2252/525 3731/2253/524 3732/2250/524
f 3736/2254/526 3733/2255/525 3734/2252/525
f 3738/2256/527 3735/2257/526 3736/2254/526
f 3740/2258/528 3737/2259/527 3738/2256/527
f 3742/2260/529 3739/2261/528 3740/2258/528
f 3744/2262/530 3741/2263/529 3742/2260/529
f 3746/2264/531 3743/2265/530 3744/2262/530
f 3748/2266/532 3745/2267/531 3746/2264/531
f 3750/2268/533 3747/2269/532 3748/2266/532
f 3752/2270/534 3749/2271/533 3750/2268/533
f 3754/2272/535 3751/2273/534 3752/2270/534
f 3756/2274/536 3753/2275/535 3754/2272/535
f 3758/2276/537 3755/2277/536 3756/2274/536
f 3760/2278/538 3757/2279/537 3758/2276/537
f 3762/2280/539 3759/2281/538 3760/2278/538
f 3764/2282/540 3761/2283/539 3762/2280/539
f 3766/2284/541 3763/2285/540 3764/2282/540
f 3768/2286/542 3765/2287/541 3766/2284/541
f 3770/2288/543 3767/2289/542 3768/2286/542
f 3772/2290/544 3769/2291/543 3770/2288/543
f 3774/2292/545 3771/2293/544 3772/2290/544
f 3776/2294/546 3773/2295/545 3774/2292/545
f 3778/2296/547 3775/2297/546 3776/2294/546
f 3780/2298/548 3777/2299/547 3778/2296/547
f 3782/2300/549 3779/2301/548 3780/2298/548
f 3784/2302/550 3781/2303/549 3782/2300/549
f 3786/2304/551 3783/2305/550 3784/2302/550
f 3788/2306/552 3785/2307/551 3786/2304/551
f 3790/2308/553 3787/2309/552 3788/2306/552
f 3792/2310/554 3789/2311/553 3790/2308/553
f 3794/2312/555 3791/2313/554 3792/2310/554
f 3796/2314/556 3793/2315/555 3794/2312/555
f 3798/2316/557 3795/2317/556 3796/2314/556
f 3800/2318/558 3797/2319/557 3798/2316/557
f 3802/2320/559 3799/2321/558 3800/2318/558
f 3804/2322/560 3801/2323/559 3802/2320/559
f 3806/2324/561 3803/2325/560 3804/2322/560
f 3808/2326/562 3805/2327/561 3806/2324/561
f 3810/2328/563 3807/2329/562 3808/2326/562
f 3812/2330/564 3809/2331/563 3810/2328/563
f 3814/2332/565 3811/2333/564 3812/2330/564
f 3816/2334/566 3813/2335/565 3814/2332/565
f 3818/2336/567 3815/2337/566 3816/2334/566
f 3820/2338/255 3817/2339/567 3818/2336/567
f 3822/2340/568 3819/2341/255 3820/2338/255
f 3824/2342/569 3821/2343/568 3822/2340/568
f 3826/2344/570 3823/2345/569 3824/2342/569
f 3828/2346/571 3825/2347/572 3826/2344/570
f 3830/2348/573 3827/2349/571 3828/2346/571
f 3832/2350/574 3829/2351/575 3830/2348/573
f 3834/2352/576 3831/2353/574 3832/2350/574
f 3836/2354/577 3833/2355/576 3834/2352/576
f 3838/2356/578 3835/2357/577 3836/2354/577
f 3840/2358/579 3837/2359/578 3838/2356/578
f 3842/2360/142 3839/2361/579 3840/2358/579
f 3844/2362/580 3841/2363/142 3842/2360/142
f 3846/2364/581 3843/2365/580 3844/2362/580
f 3848/2366/582 3845/2367/581 3846/2364/581
f 3850/2368/583 3847/2369/582 3848/2366/582
f 3852/2370/584 3849/2371/583 3850/2368/583
f 3854/2372/585 3851/2373/584 3852/2370/584
f 3856/2374/586 3853/2375/585 3854/2372/585
f 3858/2376/587 3855/2377/586 3856/2374/586
f 3860/2378/588 3857/2379/587 3858/2376/587
f 3862/2380/589 3859/2381/588 3860/2378/588
f 3864/2382/590 3861/2383/589 3862/2380/589
f 3866/2384/591 3863/2385/590 3864/2382/590
f 3868/2386/592 3865/2387/591 3866/2384/591
f 3870/1689/593 3867/2388/592 3868/2386/592
f 3872/2389/594 3869/207/593 3870/1689/593
f 3874/2390/595 3871/2391/596 3872/2389/594
f 3876/2392/597 3873/2393/598 3874/2390/595
f 3878/2394/599 3875/2395/597 3876/2392/597
f 3880/2396/600 3877/2397/599 3878/2394/599
f 3882/2398/601 3879/2399/600 3880/2396/600
f 3884/2400/602 3881/2401/601 3882/2398/601
f 3886/2402/603 3883/2403/602 3884/2400/602
f 3888/2404/604 3885/2405/603 3886/2402/603
f 3890/2406/605 3887/2407/604 3888/2404/604
f 3892/2408/606 3889/2409/605 3890/2406/605
f 3894/2410/607 3891/2411/606 3892/2408/606
f 3896/2412/608 3893/2413/607 3894/2410/607
f 3898/2414/609 3895/2415/608 3896/2412/608
f 3900/2416/610 3897/2417/609 3898/2414/609
f 3902/2418/611 3899/2419/610 3900/2416/610
f 3904/2420/612 3901/2421/611 3902/2418/611
f 3906/2422/613 3903/2423/612 3904/2420/612
f 3908/2424/614 3905/2425/613 3906/2422/613
f 3910/2426/615 3907/2427/614 3908/2424/614
f 3912/2428/616 3909/2429/615 3910/2426/615
f 3914/2430/617 3911/2431/616 3912/2428/616
f 3916/2432/618 3913/2433/617 3914/2430/617
f 3918/2434/619 3915/2435/618 3916/2432/618
f 3920/2436/620 3917/2437/619 3918/2434/619
f 3922/2438/621 3919/2439/620 3920/2436/620
f 3924/2440/622 3921/2441/621 3922/2438/621
f 3926/2442/623 3923/2443/622 3924/2440/622
f 3928/2444/624 3925/2445/623 3926/2442/623
f 3930/2446/625 3927/2447/624 3928/2444/624
f 3932/2448/626 3929/2449/625 3930/2446/625
f 3934/2450/627 3931/2451/626 3932/2448/626
f 3936/2452/628 3933/2453/627 3934/2450/627
f 3938/2454/629 3935/2455/628 3936/2452/628
f 3940/2456/630 3937/2457/629 3938/2454/629
f 3942/2458/631 3939/2459/630 3940/2456/630
f 3944/2460/632 3941/2461/631 3942/2458/631
f 3946/2462/633 3943/2463/632 3944/2460/632
f 3948/2464/634 3945/2465/635 3946/2462/633
f 3950/2466/636 3947/2467/634 3948/2464/634
f 3952/2468/637 3949/2469/636 3950/2466/636
f 3954/2470/638 3951/2471/637 3952/2468/637
f 3956/2472/639 3953/2473/638 3954/2470/638
f 3958/2474/640 3955/2475/639 3956/2472/639
f 3960/2476/641 3957/2477/640 3958/2474/640
f 3962/2478/642 3959/2479/641 3960/2476/641
f 3964/2480/643 3961/2481/642 3962/2478/642
f 3966/2482/644 3963/2483/643 3964/2480/643
f 3968/2484/645 3965/2485/644 3966/2482/644
f 3970/2486/646 3967/2487/645 3968/2484/645
f 3972/2488/647 3969/2489/646 3970/2486/646
f 3974/2490/648 3971/2491/647 3972/2488/647
f 3976/2492/649 3973/2493/416 3974/2490/648
f 3978/2494/650 3975/2495/649 3976/2492/649
f 3980/2496/651 3977/2497/650 3978/2494/650
f 3982/2498/652 3979/2499/651 3980/2496/651
f 3984/2500/653 3981/2501/652 3982/2498/652
f 3986/2502/654 3983/2503/653 3984/2500/653
f 3988/2504/655 3985/2505/654 3986/2502/654
f 3990/2506/656 3987/2507/655 3988/2504/655
f 3992/2508/657 3989/2509/656 3990/2506/656
f 3994/2510/658 3991/2511/657 3992/2508/657
f 3996/2512/659 3993/2513/658 3994/2510/658
f 3998/2514/660 3995/2515/659 3996/2512/659
f 4000/2516/661 3997/2517/660 3998/2514/660
f 4002/2518/662 3999/2519/661 4000/2516/661
f 4004/2520/663 4001/2521/662 4002/2518/662
f 4006/2522/664 4003/2523/663 4004/2520/663
f 4008/2524/665 4005/2525/664 4006/2522/664
f 4010/2526/666 4007/2527/665 4008/2524/665
f 4012/2528/667 4009/2529/666 4010/2526/666
f 4014/2530/668 4011/2531/667 4012/2528/667
f 4016/2532/669 4013/2533/668 4014/2530/668
f 4018/2534/670 4015/2535/669 4016/2532/669
f 4020/2536/671 4017/2537/670 4018/2534/670
f 4022/2538/672 4019/2539/671 4020/2536/671
f 4024/2540/673 4021/2541/672 4022/2538/672
f 4026/2542/674 4023/2543/673 4024/2540/673
f 4028/1882/675 4025/2544/674 4026/2542/674
f 4030/2545/676 4027/232/675 4028/1882/675
f 4032/2546/677 4029/2547/676 4030/2545/676
f 4034/2548/678 4031/2549/677 4032/2546/677
f 4036/2550/679 4033/2551/678 4034/2548/678
f 4038/2552/680 4035/2553/679 4036/2550/679
f 4040/2554/681 4037/2555/680 4038/2552/680
f 4042/2556/682 4039/2557/681 4040/2554/681
f 4044/2558/683 4041/2559/682 4042/2556/682
f 4046/2560/684 4043/2561/683 4044/2558/683
f 4048/2562/685 4045/2563/684 4046/2560/684
f 4050/2564/686 4047/2565/685 4048/2562/685
f 4052/2566/687 4049/2567/686 4050/2564/686
f 4054/2568/688 4051/2569/687 4052/2566/687
f 4056/2570/689 4053/2571/690 4054/2568/688
f 4058/2572/691 4055/2573/689 4056/2570/689
f 4060/2574/692 4057/2575/691 4058/2572/691
f 4062/2576/693 4059/2577/692 4060/2574/692
f 4064/2578/694 4061/2579/693 4062/2576/693
f 4066/2580/695 4063/2581/694 4064/2578/694
f 4068/2582/696 4065/2583/695 4066/2580/695
f 4070/2584/697 4067/2585/696 4068/2582/696
f 4072/2586/698 4069/2587/697 4070/2584/697
f 4074/2588/699 4071/2589/698 4072/2586/698
f 4076/2590/700 4073/2591/699 4074/2588/699
f 4078/2592/701 4075/2593/700 4076/2590/700
f 4080/2594/702 4077/2595/701 4078/2592/701
f 4082/2596/703 4079/2597/702 4080/2594/702
f 4084/2598/704 4081/2599/703 4082/2596/703
f 4086/2600/705 4083/2601/704 4084/2598/704
f 4088/2602/706 4085/2603/705 4086/2600/705
f 4090/2604/707 4087/2605/706 4088/2602/706
f 4092/2606/708 4089/2607/707 4090/2604/707
f 4094/2608/709 4091/2609/708 4092/2606/708
f 4096/2610/710 4093/2611/709 4094/2608/709
f 4098/2612/711 4095/2613/710 4096/2610/710
f 4100/2614/712 4097/2615/711 4098/2612/711
f 4102/2616/713 4099/2617/712 4100/2614/712
f 4104/2618/714 4101/2619/713 4102/2616/713
f 4106/2620/715 4103/2621/714 4104/2618/714
f 4108/2622/716 4105/2623/715 4106/2620/715
f 4110/2624/717 4107/2625/716 4108/2622/716
f 4112/2626/718 4109/2627/717 4110/2624/717
f 4114/2628/719 4111/2629/718 4112/2626/718
f 4116/2630/720 4113/2631/719 4114/2628/719
f 4118/2632/721 4115/2633/720 4116/2630/720
f 4120/2634/722 4117/2635/721 4118/2632/721
f 4122/2636/723 4119/2637/722 4120/2634/722
f 4124/2638/724 4121/2639/723 4122/2636/723
f 4126/2640/725 4123/2641/724 4124/2638/724
f 4128/2642/726 4125/2643/725 4126/2640/725
f 4130/2644/727 4127/2645/726 4128/2642/726
f 4132/2646/728 4129/2647/727 4130/2644/727
f 4134/2648/729 4131/2649/728 4132/2646/728
f 4136/2650/730 4133/2651/729 4134/2648/729
f 4138/2652/731 4135/2653/730 4136/2650/730
f 4140/2654/732 4137/2655/731 4138/2652/731
f 4142/2656/733 4139/2657/732 4140/2654/732
f 4144/2658/734 4141/2659/733 4142/2656/733
f 4146/2660/735 4143/2661/734 4144/2658/734
f 4148/2662/736 4145/2663/735 4146/2660/735
f 4150/2664/737 4147/2665/736 4148/2662/736
f 4152/2666/738 4149/2667/737 4150/2664/737
f 4154/2668/739 4151/2669/738 4152/2666/738
f 4156/2670/740 4153/2671/739 4154/2668/739
f 4158/2672/741 4155/2673/740 4156/2670/740
f 4160/2674/742 4157/2675/741 4158/2672/741
f 4162/2676/743 4159/2677/742 4160/2674/742
f 4164/2678/744 4161/2679/743 4162/2676/743
f 4166/2680/745 4163/2681/744 4164/2678/744
f 4168/2682/746 4165/2683/745 4166/2680/745
f 4170/2684/747 4167/2685/746 4168/2682/746
f 4172/2686/748 4169/2687/747 4170/2684/747
f 4174/2688/749 4171/2689/748 4172/2686/748
f 4176/2690/750 4173/2691/749 4174/2688/749
f 4178/2692/751 4175/2693/750 4176/2690/750
f 4180/2694/752 4177/2695/751 4178/2692/751
f 4182/2696/753 4179/2697/752 4180/2694/752
f 4184/2698/754 4181/2699/753 4182/2696/753
f 3554/2075/434 4183/2700/754 4184/2698/754
f 4188/2701/755 4185/255/756 4186/1305/756
f 4190/2702/757 4187/2703/755 4188/2701/755
f 4192/2704/758 4189/2705/757 4190/2702/757
f 4194/2706/759 4191/2707/758 4192/2704/758
f 4196/2708/760 4193/2709/759 4194/2706/759
f 4198/2710/761 4195/2711/760 4196/2708/760
f 4200/2712/762 4197/2713/761 4198/2710/761
f 4202/2714/763 4199/2715/762 4200/2712/762
f 4204/2716/764 4201/2717/763 4202/2714/763
f 4206/2718/765 4203/2719/764 4204/2716/764
f 4208/2720/766 4205/2721/765 4206/2718/765
f 4210/2722/644 4207/2723/766 4208/2720/766
f 4212/2724/767 4209/2725/644 4210/2722/644
f 4214/2726/768 4211/2727/767 4212/2724/767
f 4216/2728/769 4213/2729/768 4214/2726/768
f 4218/2730/770 4215/2731/769 4216/2728/769
f 4220/2732/771 4217/373/770 4218/2730/770
f 4222/2733/772 4219/2734/773 4220/2732/771
f 4224/2735/774 4221/2736/772 4222/2733/772
f 4226/2737/775 4223/2738/774 4224/2735/774
f 4228/2739/776 4225/2740/775 4226/2737/775
f 4230/2741/777 4227/2742/776 4228/2739/776
f 4232/2743/778 4229/2744/777 4230/2741/777
f 4234/1496/779 4231/2745/778 4232/2743/778
f 4236/2746/780 4233/14/779 4234/1496/779
f 4238/2747/781 4235/2748/780 4236/2746/780
f 4240/2749/782 4237/2750/781 4238/2747/781
f 4242/2751/783 4239/2752/782 4240/2749/782
f 4244/2753/784 4241/2754/783 4242/2751/783
f 4246/2755/785 4243/2756/784 4244/2753/784
f 4248/2757/786 4245/2758/785 4246/2755/785
f 4250/2759/787 4247/2760/786 4248/2757/786
f 4252/2761/788 4249/352/787 4250/2759/787
f 4254/2762/789 4251/2763/788 4252/2761/788
f 4256/2764/790 4253/2765/789 4254/2762/789
f 4258/2766/791 4255/2767/790 4256/2764/790
f 4260/2768/792 4257/2769/791 4258/2766/791
f 4262/2770/793 4259/2771/792 4260/2768/792
f 4264/2772/794 4261/2773/793 4262/2770/793
f 4266/2774/795 4263/2775/794 4264/2772/794
f 4268/2776/796 4265/2777/795 4266/2774/795
f 4270/2778/797 4267/2779/796 4268/2776/796
f 4272/2780/798 4269/2781/797 4270/2778/797
f 4274/2782/799 4271/2783/798 4272/2780/798
f 4276/2784/800 4273/2785/799 4274/2782/799
f 4278/2786/801 4275/2787/800 4276/2784/800
f 4280/2788/802 4277/2789/801 4278/2786/801
f 4282/1689/803 4279/2790/802 4280/2788/802
f 4284/2791/804 4281/207/803 4282/1689/803
f 4286/2792/805 4283/2793/804 4284/2791/804
f 4288/2794/806 4285/2795/805 4286/2792/805
f 4290/2796/807 4287/2797/806 4288/2794/806
f 4292/2798/808 4289/2799/807 4290/2796/807
f 4294/2800/809 4291/2801/808 4292/2798/808
f 4296/2802/810 4293/2803/809 4294/2800/809
f 4298/2804/811 4295/2805/810 4296/2802/810
f 4300/2806/812 4297/2807/811 4298/2804/811
f 4302/2808/813 4299/2809/812 4300/2806/812
f 4304/2810/814 4301/2811/813 4302/2808/813
f 4306/2812/815 4303/2813/814 4304/2810/814
f 4308/2814/816 4305/2815/815 4306/2812/815
f 4310/2816/817 4307/2817/816 4308/2814/816
f 4312/2818/818 4309/2819/817 4310/2816/817
f 4314/2820/819 4311/2821/818 4312/2818/818
f 4316/2822/820 4313/316/819 4314/2820/819
f 4318/2823/821 4315/2824/820 4316/2822/820
f 4320/2825/822 4317/2826/821 4318/2823/821
f 4322/2827/823 4319/2828/822 4320/2825/822
f 4324/2829/824 4321/2830/823 4322/2827/823
f 4326/2831/825 4323/2832/824 4324/2829/824
f 4328/2833/826 4325/2834/825 4326/2831/825
f 4330/1882/827 4327/2835/826 4328/2833/826
f 4332/2836/828 4329/232/827 4330/1882/827
f 4334/2837/829 4331/2838/828 4332/2836/828
f 4336/2839/830 4333/2840/829 4334/2837/829
f 4338/2841/831 4335/2842/830 4336/2839/830
f 4340/2843/832 4337/2844/831 4338/2841/831
f 4342/2845/833 4339/2846/832 4340/2843/832
f 4344/2847/834 4341/2848/833 4342/2845/833
f 4346/2849/835 4343/2850/834 4344/2847/834
f 4348/2851/836 4345/273/835 4346/2849/835
f 4350/2852/837 4347/2853/836 4348/2851/836
f 4352/2854/838 4349/2855/837 4350/2852/837
f 4354/2856/839 4351/2857/838 4352/2854/838
f 4356/2858/840 4353/2859/839 4354/2856/839
f 4358/2860/841 4355/2861/840 4356/2858/840
f 4360/2862/842 4357/2863/841 4358/2860/841
f 4362/2864/843 4359/2865/842 4360/2862/842
f 4364/2866/844 4361/2867/843 4362/2864/843
f 4366/2868/845 4363/2869/844 4364/2866/844
f 4368/2870/846 4365/2871/845 4366/2868/845
f 4370/2872/847 4367/2873/846 4368/2870/846
f 4372/2874/848 4369/2875/847 4370/2872/847
f 4374/2876/849 4371/2877/848 4372/2874/848
f 4376/2878/850 4373/2879/849 4374/2876/849
f 4186/2075/756 4375/2880/850 4376/2878/850
f 4380/2881/851 4377/255/852 4378/1305/852
f 4382/2701/853 4379/2882/851 4380/2881/851
f 4384/2883/854 4381/2703/853 4382/2701/853
f 4386/2702/855 4383/2884/854 4384/2883/854
f 4388/2885/856 4385/2705/855 4386/2702/855
f 4390/2704/857 4387/2886/856 4388/2885/856
f 4392/2887/858 4389/2707/857 4390/2704/857
f 4394/2706/859 4391/2888/858 4392/2887/858
f 4396/2889/860 4393/2709/859 4394/2706/859
f 4398/2708/861 4395/2890/860 4396/2889/860
f 4400/2891/862 4397/2711/861 4398/2708/861
f 4402/2710/863 4399/2892/862 4400/2891/862
f 4404/2893/864 4401/2713/863 4402/2710/863
f 4406/2712/865 4403/2894/864 4404/2893/864
f 4408/2895/866 4405/2715/865 4406/2712/865
f 4410/2714/867 4407/2896/866 4408/2895/866
f 4412/2897/868 4409/2717/867 4410/2714/867
f 4414/2716/869 4411/2898/868 4412/2897/868
f 4416/2899/870 4413/2719/869 4414/2716/869
f 4418/2718/871 4415/2900/870 4416/2899/870
f 4420/2901/872 4417/2721/871 4418/2718/871
f 4422/2720/873 4419/2902/872 4420/2901/872
f 4424/2903/874 4421/2723/873 4422/2720/873
f 4426/2722/875 4423/2904/874 4424/2903/874
f 4428/2905/876 4425/2725/875 4426/2722/875
f 4430/2724/877 4427/2906/876 4428/2905/876
f 4432/2907/878 4429/2727/877 4430/2724/877
f 4434/2726/879 4431/2908/878 4432/2907/878
f 4436/2909/880 4433/2729/879 4434/2726/879
f 4438/2728/881 4435/2910/880 4436/2909/880
f 4440/2911/882 4437/2731/881 4438/2728/881
f 4442/2730/883 4439/2912/882 4440/2911/882
f 4444/2913/884 4441/373/883 4442/2730/883
f 4446/2732/885 4443/2914/884 4444/2913/884
f 4448/2915/886 4445/2734/885 4446/2732/885
f 4450/2733/887 4447/2916/886 4448/2915/886
f 4452/2917/888 4449/2736/887 4450/2733/887
f 4454/2735/889 4451/2918/888 4452/2917/888
f 4456/2919/890 4453/2738/889 4454/2735/889
f 4458/2737/891 4455/2920/890 4456/2919/890
f 4460/2921/892 4457/2740/891 4458/2737/891
f 4462/2739/893 4459/2922/892 4460/2921/892
f 4464/2923/894 4461/2742/893 4462/2739/893
f 4466/2741/895 4463/2924/894 4464/2923/894
f 4468/2925/896 4465/2744/895 4466/2741/895
f 4470/2743/897 4467/2926/896 4468/2925/896
f 4472/2927/898 4469/2745/897 4470/2743/897
f 4474/1496/899 4471/2928/898 4472/2927/898
f 4476/2929/900 4473/14/899 4474/1496/899
f 4478/2746/901 4475/2930/900 4476/2929/900
f 4480/2931/902 4477/2748/901 4478/2746/901
f 4482/2747/155 4479/2932/902 4480/2931/902
f 4484/2933/903 4481/2750/155 4482/2747/155
f 4486/2749/904 4483/2934/903 4484/2933/903
f 4488/2935/905 4485/2752/904 4486/2749/904
f 4490/2751/906 4487/2936/905 4488/2935/905
f 4492/2937/615 4489/2754/906 4490/2751/906
f 4494/2753/907 4491/2938/615 4492/2937/615
f 4496/2939/908 4493/2756/907 4494/2753/907
f 4498/2755/909 4495/2940/908 4496/2939/908
f 4500/2941/910 4497/2758/909 4498/2755/909
f 4502/2757/911 4499/2942/910 4500/2941/910
f 4504/2943/912 4501/2760/911 4502/2757/911
f 4506/2759/913 4503/2944/912 4504/2943/912
f 4508/2945/914 4505/352/913 4506/2759/913
f 4510/2761/915 4507/2946/914 4508/2945/914
f 4512/2947/916 4509/2763/915 4510/2761/915
f 4514/2762/917 4511/2948/916 4512/2947/916
f 4516/2949/918 4513/2765/917 4514/2762/917
f 4518/2764/919 4515/2950/918 4516/2949/918
f 4520/2951/920 4517/2767/919 4518/2764/919
f 4522/2766/921 4519/2952/920 4520/2951/920
f 4524/2953/922 4521/2769/921 4522/2766/921
f 4526/2768/923 4523/2954/922 4524/2953/922
f 4528/2955/924 4525/2771/923 4526/2768/923
f 4530/2770/925 4527/2956/924 4528/2955/924
f 4532/2957/926 4529/2773/925 4530/2770/925
f 4534/2772/927 4531/2958/926 4532/2957/926
f 4536/2959/928 4533/2775/927 4534/2772/927
f 4538/2774/929 4535/2960/928 4536/2959/928
f 4540/2961/930 4537/2777/929 4538/2774/929
f 4542/2776/931 4539/2962/930 4540/2961/930
f 4544/2963/932 4541/2779/931 4542/2776/931
f 4546/2778/933 4543/2964/932 4544/2963/932
f 4548/2965/934 4545/2781/933 4546/2778/933
f 4550/2780/935 4547/2966/934 4548/2965/934
f 4552/2967/936 4549/2783/935 4550/2780/935
f 4554/2782/937 4551/2968/936 4552/2967/936
f 4556/2969/938 4553/2785/937 4554/2782/937
f 4558/2784/939 4555/2970/938 4556/2969/938
f 4560/2971/940 4557/2787/939 4558/2784/939
f 4562/2786/941 4559/2972/940 4560/2971/940
f 4564/2973/942 4561/2789/941 4562/2786/941
f 4566/2788/943 4563/2974/942 4564/2973/942
f 4568/2975/944 4565/2790/943 4566/2788/943
f 4570/1689/945 4567/2976/944 4568/2975/944
f 4572/2977/334 4569/207/945 4570/1689/945
f 4574/2791/946 4571/2978/334 4572/2977/334
f 4576/2979/947 4573/2793/946 4574/2791/946
f 4578/2792/948 4575/2980/947 4576/2979/947
f 4580/2981/949 4577/2795/948 4578/2792/948
f 4582/2794/950 4579/2982/949 4580/2981/949
f 4584/2983/951 4581/2797/950 4582/2794/950
f 4586/2796/952 4583/2984/951 4584/2983/951
f 4588/2985/953 4585/2799/952 4586/2796/952
f 4590/2798/954 4587/2986/953 4588/2985/953
f 4592/2987/955 4589/2801/954 4590/2798/954
f 4594/2800/956 4591/2988/955 4592/2987/955
f 4596/2989/957 4593/2803/956 4594/2800/956
f 4598/2802/958 4595/2990/957 4596/2989/957
f 4600/2991/959 4597/2805/958 4598/2802/958
f 4602/2804/960 4599/2992/959 4600/2991/959
f 4604/2993/961 4601/2807/960 4602/2804/960
f 4606/2806/962 4603/2994/961 4604/2993/961
f 4608/2995/963 4605/2809/962 4606/2806/962
f 4610/2808/964 4607/2996/963 4608/2995/963
f 4612/2997/965 4609/2811/964 4610/2808/964
f 4614/2810/966 4611/2998/965 4612/2997/965
f 4616/2999/967 4613/2813/966 4614/2810/966
f 4618/2812/968 4615/3000/967 4616/2999/967
f 4620/3001/969 4617/2815/968 4618/2812/968
f 4622/2814/970 4619/3002/969 4620/3001/969
f 4624/3003/971 4621/2817/970 4622/2814/970
f 4626/2816/972 4623/3004/971 4624/3003/971
f 4628/3005/973 4625/2819/972 4626/2816/972
f 4630/2818/974 4627/3006/973 4628/3005/973
f 4632/3007/975 4629/2821/974 4630/2818/974
f 4634/2820/976 4631/3008/975 4632/3007/975
f 4636/3009/977 4633/316/976 4634/2820/976
f 4638/2822/978 4635/3010/977 4636/3009/977
f 4640/3011/979 4637/2824/978 4638/2822/978
f 4642/2823/980 4639/3012/979 4640/3011/979
f 4644/3013/981 4641/2826/980 4642/2823/980
f 4646/2825/982 4643/3014/981 4644/3013/981
f 4648/3015/983 4645/2828/982 4646/2825/982
f 4650/2827/984 4647/3016/983 4648/3015/983
f 4652/3017/985 4649/2830/984 4650/2827/984
f 4654/2829/986 4651/3018/985 4652/3017/985
f 4656/3019/987 4653/2832/986 4654/2829/986
f 4658/2831/988 4655/3020/987 4656/3019/987
f 4660/3021/989 4657/2834/988 4658/2831/988
f 4662/2833/990 4659/3022/989 4660/3021/989
f 4664/3023/991 4661/2835/990 4662/2833/990
f 4666/1882/992 4663/3024/991 4664/3023/991
f 4668/3025/993 4665/232/992 4666/1882/992
f 4670/2836/994 4667/3026/993 4668/3025/993
f 4672/3027/995 4669/2838/994 4670/2836/994
f 4674/2837/996 4671/3028/995 4672/3027/995
f 4676/3029/378 4673/2840/996 4674/2837/996
f 4678/2839/997 4675/3030/378 4676/3029/378
f 4680/3031/998 4677/2842/997 4678/2839/997
f 4682/2841/999 4679/3032/998 4680/3031/998
f 4684/3033/1000 4681/2844/999 4682/2841/999
f 4686/2843/1001 4683/3034/1000 4684/3033/1000
f 4688/3035/1002 4685/2846/1001 4686/2843/1001
f 4690/2845/1003 4687/3036/1002 4688/3035/1002
f 4692/3037/1004 4689/2848/1003 4690/2845/1003
f 4694/2847/1005 4691/3038/1004 4692/3037/1004
f 4696/3039/1006 4693/2850/1005 4694/2847/1005
f 4698/2849/1007 4695/3040/1006 4696/3039/1006
f 4700/3041/1008 4697/273/1007 4698/2849/1007
f 4702/2851/1009 4699/3042/1008 4700/3041/1008
f 4704/3043/1010 4701/2853/1009 4702/2851/1009
f 4706/2852/1011 4703/3044/1010 4704/3043/1010
f 4708/3045/1012 4705/2855/1011 4706/2852/1011
f 4710/2854/1013 4707/3046/1012 4708/3045/1012
f 4712/3047/1014 4709/2857/1013 4710/2854/1013
f 4714/2856/1015 4711/3048/1014 4712/3047/1014
f 4716/3049/1016 4713/2859/1015 4714/2856/1015
f 4718/2858/1017 4715/3050/1016 4716/3049/1016
f 4720/3051/1018 4717/2861/1017 4718/2858/1017
f 4722/2860/1019 4719/3052/1018 4720/3051/1018
f 4724/3053/1020 4721/2863/1019 4722/2860/1019
f 4726/2862/1021 4723/3054/1020 4724/3053/1020
f 4728/3055/1022 4725/2865/1021 4726/2862/1021
f 4730/2864/1023 4727/3056/1022 4728/3055/1022
f 4732/3057/1024 4729/2867/1023 4730/2864/1023
f 4734/2866/1025 4731/3058/1024 4732/3057/1024
f 4736/3059/1026 4733/2869/1025 4734/2866/1025
f 4738/2868/1027 4735/3060/1026 4736/3059/1026
f 4740/3061/1028 4737/2871/1027 4738/2868/1027
f 4742/2870/1029 4739/3062/1028 4740/3061/1028
f 4744/3063/1030 4741/2873/1029 4742/2870/1029
f 4746/2872/1031 4743/3064/1030 4744/3063/1030
f 4748/3065/1032 4745/2875/1031 4746/2872/1031
f 4750/2874/1033 4747/3066/1034 4748/3065/1032
f 4752/3067/1035 4749/2877/1033 4750/2874/1033
f 4754/2876/1036 4751/3068/1035 4752/3067/1035
f 4756/3069/1037 4753/2879/1036 4754/2876/1036
f 4758/2878/1038 4755/3070/1037 4756/3069/1037
f 4760/3071/1039 4757/2880/1038 4758/2878/1038
f 4378/2075/852 4759/3072/1040 4760/3071/1039
f 4764/3073/255 4761/255/1041 4762/1305/1041
f 4766/3074/1042 4763/3075/255 4764/3073/255
f 4768/3076/1043 4765/3077/1042 4766/3074/1042
f 4770/3078/1044 4767/3079/1043 4768/3076/1043
f 4772/3080/1045 4769/3081/1044 4770/3078/1044
f 4774/3082/1046 4771/3083/1045 4772/3080/1045
f 4776/3084/1047 4773/3085/1046 4774/3082/1046
f 4778/3086/1048 4775/3087/1047 4776/3084/1047
f 4780/3088/1049 4777/3089/1048 4778/3086/1048
f 4782/3090/1050 4779/3091/1049 4780/3088/1049
f 4784/3092/1051 4781/3093/1050 4782/3090/1050
f 4786/3094/1052 4783/3095/1053 4784/3092/1051
f 4788/3096/1054 4785/3097/1052 4786/3094/1052
f 4790/3098/1055 4787/3099/1056 4788/3096/1054
f 4792/3100/1057 4789/3101/1055 4790/3098/1055
f 4794/3102/1058 4791/3103/1057 4792/3100/1057
f 4796/3104/1059 4793/3105/1058 4794/3102/1058
f 4798/3106/1060 4795/3107/1059 4796/3104/1059
f 4800/3108/1061 4797/3109/1060 4798/3106/1060
f 4802/3110/1062 4799/3111/1061 4800/3108/1061
f 4804/3112/1063 4801/3113/1062 4802/3110/1062
f 4806/3114/1064 4803/3115/1063 4804/3112/1063
f 4808/3116/1065 4805/3117/1064 4806/3114/1064
f 4810/3118/1066 4807/3119/1065 4808/3116/1065
f 4812/3120/1067 4809/3121/1066 4810/3118/1066
f 4814/3122/1068 4811/3123/1067 4812/3120/1067
f 4816/3124/1069 4813/3125/1068 4814/3122/1068
f 4818/3126/1070 4815/3127/1069 4816/3124/1069
f 4820/3128/1071 4817/3129/1070 4818/3126/1070
f 4822/3130/1072 4819/3131/1071 4820/3128/1071
f 4824/3132/1073 4821/3133/1072 4822/3130/1072
f 4826/3134/1074 4823/3135/1073 4824/3132/1073
f 4828/3136/1075 4825/3137/1074 4826/3134/1074
f 4830/3138/1076 4827/3139/1075 4828/3136/1075
f 4832/3140/1077 4829/3141/1076 4830/3138/1076
f 4834/3142/1078 4831/3143/1077 4832/3140/1077
f 4836/3144/1079 4833/3145/1078 4834/3142/1078
f 4838/3146/1080 4835/3147/1079 4836/3144/1079
f 4840/3148/1081 4837/3149/1080 4838/3146/1080
f 4842/3150/1082 4839/3151/1081 4840/3148/1081
f 4844/3152/1083 4841/3153/1082 4842/3150/1082
f 4846/3154/1084 4843/3155/1083 4844/3152/1083
f 4848/3156/1085 4845/3157/1084 4846/3154/1084
f 4850/3158/1086 4847/3159/1087 4848/3156/1085
f 4852/3160/1088 4849/3161/1086 4850/3158/1086
f 4854/3162/1089 4851/3163/1088 4852/3160/1088
f 4856/3164/1090 4853/3165/1089 4854/3162/1089
f 4858/3166/1091 4855/3167/1090 4856/3164/1090
f 4860/3168/1092 4857/3169/1091 4858/3166/1091
f 4862/3170/1093 4859/3171/1094 4860/3168/1092
f 4864/3172/255 4861/3173/1093 4862/3170/1093
f 4866/3174/1095 4863/3175/255 4864/3172/255
f 4868/3176/47 4865/3177/1095 4866/3174/1095
f 4870/3178/718 4867/3179/47 4868/3176/47
f 4872/3180/1096 4869/3181/718 4870/3178/718
f 4874/3182/1097 4871/3183/1096 4872/3180/1096
f 4876/3184/1098 4873/3185/1097 4874/3182/1097
f 4878/3186/1099 4875/3187/1098 4876/3184/1098
f 4880/3188/1100 4877/3189/1099 4878/3186/1099
f 4882/3190/1101 4879/3191/1100 4880/3188/1100
f 4884/3192/1102 4881/3193/1101 4882/3190/1101
f 4886/3194/1103 4883/3195/1102 4884/3192/1102
f 4888/3196/1104 4885/3197/1103 4886/3194/1103
f 4890/3198/1105 4887/3199/1104 4888/3196/1104
f 4892/3200/1106 4889/3201/1105 4890/3198/1105
f 4894/3202/1107 4891/3203/1106 4892/3200/1106
f 4896/3204/1108 4893/3205/1107 4894/3202/1107
f 4898/3206/1109 4895/3207/1108 4896/3204/1108
f 4900/3208/1110 4897/3209/1109 4898/3206/1109
f 4902/3210/1111 4899/3211/1110 4900/3208/1110
f 4904/3212/1112 4901/3213/1111 4902/3210/1111
f 4906/3214/1113 4903/3215/1114 4904/3212/1112
f 4908/3216/1115 4905/3217/1113 4906/3214/1113
f 4910/3218/1116 4907/3219/1115 4908/3216/1115
f 4912/3220/1117 4909/3221/1116 4910/3218/1116
f 4914/3222/1118 4911/3223/1117 4912/3220/1117
f 4916/3224/1119 4913/3225/1118 4914/3222/1118
f 4918/3226/1120 4915/3227/1119 4916/3224/1119
f 4920/3228/1121 4917/3229/1122 4918/3226/1120
f 4922/3230/1123 4919/3231/1121 4920/3228/1121
f 4924/3232/831 4921/3233/1123 4922/3230/1123
f 4926/3234/1124 4923/3235/831 4924/3232/831
f 4928/3236/1125 4925/3237/1126 4926/3234/1124
f 4930/3238/1127 4927/3239/1125 4928/3236/1125
f 4932/3240/1128 4929/3241/1129 4930/3238/1127
f 4934/3242/1130 4931/3243/1128 4932/3240/1128
f 4936/3244/1131 4933/3245/1130 4934/3242/1130
f 4938/3246/1132 4935/3247/1133 4936/3244/1131
f 4940/3248/1134 4937/3249/1132 4938/3246/1132
f 4942/3250/1135 4939/3251/1134 4940/3248/1134
f 4944/3252/1136 4941/3253/1135 4942/3250/1135
f 4946/3254/1137 4943/3255/1136 4944/3252/1136
f 4948/3256/1138 4945/3257/1137 4946/3254/1137
f 4950/3258/1139 4947/3259/1138 4948/3256/1138
f 4952/3260/1140 4949/3261/1139 4950/3258/1139
f 4954/3262/1141 4951/3263/1140 4952/3260/1140
f 4956/3264/1142 4953/3265/1141 4954/3262/1141
f 4958/3266/1143 4955/3267/1142 4956/3264/1142
f 4960/3268/538 4957/3269/1143 4958/3266/1143
f 4962/3270/1144 4959/3271/538 4960/3268/538
f 4964/3272/1145 4961/3273/1144 4962/3270/1144
f 4966/3274/1146 4963/3275/1145 4964/3272/1145
f 4968/3276/1147 4965/3277/1146 4966/3274/1146
f 4970/3278/1148 4967/3279/1147 4968/3276/1147
f 4972/3280/1149 4969/3281/1148 4970/3278/1148
f 4974/3282/1150 4971/3283/1149 4972/3280/1149
f 4976/3284/1151 4973/3285/1150 4974/3282/1150
f 4978/3286/1152 4975/3287/1151 4976/3284/1151
f 4980/3288/1153 4977/3289/1152 4978/3286/1152
f 4982/3290/1154 4979/3291/1153 4980/3288/1153
f 4984/3292/232 4981/3293/1154 4982/3290/1154
f 4986/3294/1155 4983/3295/232 4984/3292/232
f 4988/3296/1156 4985/3297/1155 4986/3294/1155
f 4990/3298/1157 4987/3299/1156 4988/3296/1156
f 4992/3300/1158 4989/3301/1157 4990/3298/1157
f 4994/3302/1159 4991/3303/1158 4992/3300/1158
f 4996/3304/1160 4993/3305/1159 4994/3302/1159
f 4998/3306/1161 4995/3307/1160 4996/3304/1160
f 5000/3308/1162 4997/3309/1161 4998/3306/1161
f 5002/3310/1163 4999/3311/1162 5000/3308/1162
f 5004/3312/1164 5001/3313/1163 5002/3310/1163
f 5006/3314/1165 5003/3315/1164 5004/3312/1164
f 5008/3316/1166 5005/3317/1165 5006/3314/1165
f 5010/3318/1167 5007/3319/1166 5008/3316/1166
f 5012/3320/1168 5009/3321/1167 5010/3318/1167
f 5014/3322/1169 5011/3323/1168 5012/3320/1168
f 4762/2075/1041 5013/3324/1169 5014/3322/1169
f 5018/3325/1170 5015/255/1171 5016/1305/1172
f 5020/3326/1173 5017/3327/1170 5018/3325/1170
f 5022/3328/1174 5019/3329/1173 5020/3326/1173
f 5024/3330/1175 5021/3331/1174 5022/3328/1174
f 5026/3332/1176 5023/3333/1175 5024/3330/1175
f 5028/3334/1177 5025/3335/1176 5026/3332/1176
f 5030/3336/1178 5027/3337/1177 5028/3334/1177
f 5032/3338/1179 5029/3339/1178 5030/3336/1178
f 5034/3340/1180 5031/3341/1179 5032/3338/1179
f 5036/3342/1181 5033/3343/1180 5034/3340/1180
f 5038/3344/1182 5035/3345/1181 5036/3342/1181
f 5040/3346/1183 5037/3347/1182 5038/3344/1182
f 5042/3348/1184 5039/3349/1183 5040/3346/1183
f 5044/3350/1185 5041/3351/1184 5042/3348/1184
f 5046/3352/1186 5043/3353/1185 5044/3350/1185
f 5048/3354/1187 5045/3355/1186 5046/3352/1186
f 5050/3356/1188 5047/3357/1187 5048/3354/1187
f 5052/3358/1189 5049/3359/1188 5050/3356/1188
f 5054/3360/1190 5051/3361/1189 5052/3358/1189
f 5056/3362/1191 5053/3363/1190 5054/3360/1190
f 5058/3364/1192 5055/3365/1191 5056/3362/1191
f 5060/3366/1193 5057/3367/1192 5058/3364/1192
f 5062/3368/1194 5059/3369/1193 5060/3366/1193
f 5064/3370/1195 5061/3371/1194 5062/3368/1194
f 5066/3372/1196 5063/3373/1195 5064/3370/1195
f 5068/3374/1197 5065/3375/1196 5066/3372/1196
f 5070/3376/1198 5067/3377/1197 5068/3374/1197
f 5072/3378/1199 5069/3379/1198 5070/3376/1198
f 5074/3380/1200 5071/3381/1199 5072/3378/1199
f 5076/3382/1201 5073/3383/1200 5074/3380/1200
f 5078/3384/1202 5075/3385/1201 5076/3382/1201
f 5080/3386/1203 5077/3387/1202 5078/3384/1202
f 5082/3388/1204 5079/3389/1205 5080/3386/1203
f 5084/3390/1206 5081/3391/1204 5082/3388/1204
f 5086/3392/1207 5083/3393/1206 5084/3390/1206
f 5088/3394/1208 5085/3395/1207 5086/3392/1207
f 5090/3396/1209 5087/3397/1208 5088/3394/1208
f 5092/3398/1210 5089/3399/1209 5090/3396/1209
f 5094/3400/1211 5091/3401/1210 5092/3398/1210
f 5096/3402/1212 5093/3403/1211 5094/3400/1211
f 5098/3404/1213 5095/3405/1212 5096/3402/1212
f 5100/3406/1214 5097/3407/1213 5098/3404/1213
f 5102/3408/1215 5099/3409/1214 5100/3406/1214
f 5104/3410/1216 5101/3411/1215 5102/3408/1215
f 5106/3412/1217 5103/785/1216 5104/3410/1216
f 5108/3413/1218 5105/3414/1217 5106/3412/1217
f 5110/3415/1219 5107/3416/1218 5108/3413/1218
f 5112/3417/1220 5109/3418/1219 5110/3415/1219
f 5114/3419/1221 5111/3420/1220 5112/3417/1220
f 5116/3421/1222 5113/3422/1221 5114/3419/1221
f 5118/3423/1223 5115/3424/1224 5116/3421/1222
f 5120/3425/1225 5117/3426/1223 5118/3423/1223
f 5122/3427/1226 5119/3428/1225 5120/3425/1225
f 5124/3429/1227 5121/3430/1226 5122/3427/1226
f 5126/1496/1228 5123/3431/1227 5124/3429/1227
f 5128/3432/1229 5125/14/1228 5126/1496/1228
f 5130/3433/1230 5127/3434/1229 5128/3432/1229
f 5132/3435/1231 5129/3436/1230 5130/3433/1230
f 5134/3437/1232 5131/3438/1231 5132/3435/1231
f 5136/3439/1233 5133/3440/1232 5134/3437/1232
f 5138/3441/1234 5135/3442/1233 5136/3439/1233
f 5140/3443/1235 5137/3444/1234 5138/3441/1234
f 5142/3445/1236 5139/3446/1235 5140/3443/1235
f 5144/3447/1237 5141/3448/1236 5142/3445/1236
f 5146/3449/1238 5143/3450/1237 5144/3447/1237
f 5148/3451/1239 5145/3452/1238 5146/3449/1238
f 5150/3453/1240 5147/3454/1239 5148/3451/1239
f 5152/3455/1241 5149/3456/1240 5150/3453/1240
f 5154/3457/1242 5151/3458/1241 5152/3455/1241
f 5156/3459/1243 5153/3460/1242 5154/3457/1242
f 5158/3461/1244 5155/3462/1243 5156/3459/1243
f 5160/3463/1245 5157/3464/1246 5158/3461/1244
f 5162/3465/1247 5159/3466/1245 5160/3463/1245
f 5164/3467/1248 5161/3468/1247 5162/3465/1247
f 5166/3469/1249 5163/3470/1248 5164/3467/1248
f 5168/3471/1250 5165/3472/1249 5166/3469/1249
f 5170/3473/1251 5167/3474/1250 5168/3471/1250
f 5172/3475/1252 5169/3476/1251 5170/3473/1251
f 5174/3477/1253 5171/3478/1252 5172/3475/1252
f 5176/3479/1254 5173/3480/1253 5174/3477/1253
f 5178/3481/1255 5175/3482/1254 5176/3479/1254
f 5180/3483/1256 5177/3484/1255 5178/3481/1255
f 5182/3485/1257 5179/3486/1256 5180/3483/1256
f 5184/3487/1258 5181/3488/1257 5182/3485/1257
f 5186/3489/255 5183/3490/1258 5184/3487/1258
f 5188/3491/1259 5185/3492/255 5186/3489/255
f 5190/3493/1260 5187/3494/1259 5188/3491/1259
f 5192/3495/1261 5189/3496/1260 5190/3493/1260
f 5194/3497/1262 5191/699/1261 5192/3495/1261
f 5196/3498/1263 5193/3499/1262 5194/3497/1262
f 5198/3500/1264 5195/3501/1263 5196/3498/1263
f 5200/3502/1265 5197/3503/1266 5198/3500/1264
f 5202/3504/1267 5199/3505/1268 5200/3502/1265
f 5204/3506/1269 5201/3507/1267 5202/3504/1267
f 5206/3508/1270 5203/3509/1269 5204/3506/1269
f 5208/3510/1271 5205/3511/1270 5206/3508/1270
f 5210/3512/1272 5207/3513/1271 5208/3510/1271
f 5212/3514/1273 5209/3515/1272 5210/3512/1272
f 5214/3516/1274 5211/3517/1273 5212/3514/1273
f 5216/3518/1275 5213/3519/1276 5214/3516/1274
f 5218/3520/1277 5215/3521/1275 5216/3518/1275
f 5220/3522/1278 5217/3523/1279 5218/3520/1277
f 5222/3524/1280 5219/3525/1281 5220/3522/1278
f 5224/3526/1282 5221/3527/1280 5222/3524/1280
f 5226/3528/1283 5223/3529/1284 5224/3526/1282
f 5228/3530/1285 5225/3531/1283 5226/3528/1283
f 5230/3532/1286 5227/3533/1285 5228/3530/1285
f 5232/3534/1287 5229/3535/1286 5230/3532/1286
f 5234/3536/1288 5231/3537/1287 5232/3534/1287
f 5236/1689/1289 5233/3538/1288 5234/3536/1288
f 5238/3539/1290 5235/207/1291 5236/1689/1289
f 5240/3540/1292 5237/3541/1290 5238/3539/1290
f 5242/3542/1293 5239/3543/1292 5240/3540/1292
f 5244/3544/1294 5241/3545/1293 5242/3542/1293
f 5246/3546/1295 5243/3547/1294 5244/3544/1294
f 5248/3548/1296 5245/3549/1295 5246/3546/1295
f 5250/3550/1297 5247/3551/1296 5248/3548/1296
f 5252/3552/1298 5249/3553/1299 5250/3550/1297
f 5254/3554/63 5251/3555/1298 5252/3552/1298
f 5256/3556/1300 5253/3557/63 5254/3554/63
f 5258/3558/1301 5255/3559/1302 5256/3556/1300
f 5260/3560/1303 5257/3561/1301 5258/3558/1301
f 5262/3562/1304 5259/3563/1303 5260/3560/1303
f 5264/3564/1305 5261/3565/1304 5262/3562/1304
f 5266/3566/1306 5263/3567/1305 5264/3564/1305
f 5268/3568/1307 5265/3569/1308 5266/3566/1306
f 5270/3570/1309 5267/3571/1307 5268/3568/1307
f 5272/3572/1310 5269/3573/1309 5270/3570/1309
f 5274/3574/1311 5271/3575/1310 5272/3572/1310
f 5276/3576/1312 5273/3577/1311 5274/3574/1311
f 5278/3578/1313 5275/3579/1312 5276/3576/1312
f 5280/3580/1314 5277/3581/1313 5278/3578/1313
f 5282/3582/1315 5279/747/1314 5280/3580/1314
f 5284/3583/1316 5281/3584/1315 5282/3582/1315
f 5286/3585/1317 5283/3586/1316 5284/3583/1316
f 5288/3587/1318 5285/3588/1317 5286/3585/1317
f 5290/3589/1319 5287/3590/1318 5288/3587/1318
f 5292/3591/1320 5289/3592/1319 5290/3589/1319
f 5294/3593/1321 5291/3594/1320 5292/3591/1320
f 5296/3595/1322 5293/3596/1321 5294/3593/1321
f 5298/3597/1323 5295/3598/1322 5296/3595/1322
f 5300/3599/1324 5297/3600/1323 5298/3597/1323
f 5302/3601/1325 5299/3602/1324 5300/3599/1324
f 5304/3603/1326 5301/3604/1325 5302/3601/1325
f 5306/3605/1327 5303/3606/1326 5304/3603/1326
f 5308/3607/1328 5305/3608/1327 5306/3605/1327
f 5310/3609/1329 5307/3610/1328 5308/3607/1328
f 5312/3611/1330 5309/3612/1329 5310/3609/1329
f 5314/3613/1331 5311/3614/1330 5312/3611/1330
f 5316/3615/1332 5313/3616/1331 5314/3613/1331
f 5318/3617/1333 5315/3618/1332 5316/3615/1332
f 5320/3619/1334 5317/3620/1333 5318/3617/1333
f 5322/3621/1335 5319/3622/1334 5320/3619/1334
f 5324/3623/1336 5321/3624/1335 5322/3621/1335
f 5326/3625/1337 5323/3626/1336 5324/3623/1336
f 5328/3627/1338 5325/3628/1337 5326/3625/1337
f 5330/3629/1339 5327/3630/1340 5328/3627/1338
f 5332/3631/1341 5329/3632/1342 5330/3629/1339
f 5334/3633/1343 5331/3634/1341 5332/3631/1341
f 5336/3635/1344 5333/3636/1345 5334/3633/1343
f 5338/3637/1346 5335/3638/1344 5336/3635/1344
f 5340/3639/1347 5337/3640/1348 5338/3637/1346
f 5342/3641/1349 5339/3642/1350 5340/3639/1347
f 5344/3643/1351 5341/3644/1349 5342/3641/1349
f 5346/1882/1352 5343/3645/1351 5344/3643/1351
f 5348/3646/1353 5345/232/1354 5346/1882/1352
f 5350/3647/1355 5347/3648/1356 5348/3646/1353
f 5352/3649/1357 5349/3650/1355 5350/3647/1355
f 5354/3651/1358 5351/3652/1357 5352/3649/1357
f 5356/3653/1359 5353/3654/1360 5354/3651/1358
f 5358/3655/1361 5355/3656/1359 5356/3653/1359
f 5360/3657/1362 5357/3658/1363 5358/3655/1361
f 5362/3659/1364 5359/3660/1365 5360/3657/1362
f 5364/3661/1366 5361/3662/1364 5362/3659/1364
f 5366/3663/1367 5363/3664/1366 5364/3661/1366
f 5368/3665/1368 5365/3666/1367 5366/3663/1367
f 5370/3667/1369 5367/837/1370 5368/3665/1368
f 5372/3668/1371 5369/3669/1372 5370/3667/1369
f 5374/3670/1373 5371/3671/1374 5372/3668/1371
f 5376/3672/1375 5373/3673/1373 5374/3670/1373
f 5378/3674/1376 5375/3675/1375 5376/3672/1375
f 5380/3676/1377 5377/3677/1376 5378/3674/1376
f 5382/3678/718 5379/3679/1377 5380/3676/1377
f 5384/3680/1378 5381/3681/718 5382/3678/718
f 5386/3682/1379 5383/3683/1380 5384/3680/1378
f 5388/3684/1381 5385/3685/1379 5386/3682/1379
f 5390/3686/1382 5387/3687/1383 5388/3684/1381
f 5392/3688/1384 5389/3689/1382 5390/3686/1382
f 5394/3690/1385 5391/3691/1384 5392/3688/1384
f 5396/3692/1386 5393/3693/1385 5394/3690/1385
f 5398/3694/1387 5395/3695/1386 5396/3692/1386
f 5400/3696/1388 5397/3697/1387 5398/3694/1387
f 5402/3698/1389 5399/3699/1390 5400/3696/1388
f 5404/3700/1391 5401/3701/1389 5402/3698/1389
f 5406/3702/1392 5403/3703/1391 5404/3700/1391
f 5408/3704/1393 5405/3705/1392 5406/3702/1392
f 5410/3706/1394 5407/3707/1393 5408/3704/1393
f 5412/3708/1395 5409/3709/1394 5410/3706/1394
f 5414/3710/1396 5411/3711/1397 5412/3708/1395
f 5416/3712/1398 5413/3713/1399 5414/3710/1396
f 5418/3714/1400 5415/3715/1398 5416/3712/1398
f 5420/3716/1401 5417/3717/1400 5418/3714/1400
f 5422/3718/1402 5419/3719/1401 5420/3716/1401
f 5424/3720/1403 5421/3721/1402 5422/3718/1402
f 5426/3722/1404 5423/3723/1403 5424/3720/1403
f 5428/3724/1405 5425/3725/1404 5426/3722/1404
f 5430/3726/1406 5427/3727/1405 5428/3724/1405
f 5432/3728/1407 5429/3729/1406 5430/3726/1406
f 5434/3730/1408 5431/3731/1407 5432/3728/1407
f 5436/3732/1409 5433/3733/1408 5434/3730/1408
f 5438/3734/1410 5435/3735/1409 5436/3732/1409
f 5440/3736/1411 5437/3737/1410 5438/3734/1410
f 5442/3738/1412 5439/3739/1411 5440/3736/1411
f 5444/3740/1413 5441/3741/1412 5442/3738/1412
f 5446/3742/1414 5443/3743/1413 5444/3740/1413
f 5448/3744/1415 5445/3745/1414 5446/3742/1414
f 5450/3746/1416 5447/3747/1415 5448/3744/1415
f 5452/3748/1417 5449/3749/1416 5450/3746/1416
f 5454/3750/1418 5451/3751/1417 5452/3748/1417
f 5016/2075/1172 5453/3752/1418 5454/3750/1418
f 5458/3753/1419 5455/255/1420 5456/1305/1420
f 5460/3754/1421 5457/3755/1419 5458/3753/1419
f 5462/3756/1422 5459/3757/1421 5460/3754/1421
f 5464/3758/1423 5461/3759/1422 5462/3756/1422
f 5466/3760/1424 5463/3761/1423 5464/3758/1423
f 5468/3762/1425 5465/3763/1424 5466/3760/1424
f 5470/3764/1426 5467/3765/1425 5468/3762/1425
f 5472/3766/1427 5469/376/1426 5470/3764/1426
f 5474/3767/1428 5471/3768/1429 5472/3766/1427
f 5476/3769/1430 5473/3770/1428 5474/3767/1428
f 5478/3771/1431 5475/3772/1430 5476/3769/1430
f 5480/3773/1432 5477/3774/1433 5478/3771/1431
f 5482/3775/1434 5479/3776/1432 5480/3773/1432
f 5484/3777/1435 5481/3778/1434 5482/3775/1434
f 5486/3779/1436 5483/358/1435 5484/3777/1435
f 5488/3780/1437 5485/3781/1438 5486/3779/1436
f 5490/3782/1439 5487/3783/1437 5488/3780/1437
f 5492/3784/1440 5489/3785/1439 5490/3782/1439
f 5494/3786/1441 5491/3787/1442 5492/3784/1440
f 5496/3788/1443 5493/3789/1441 5494/3786/1441
f 5498/3790/1444 5495/3791/1443 5496/3788/1443
f 5500/3792/1445 5497/300/1444 5498/3790/1444
f 5502/3793/1446 5499/3794/1445 5500/3792/1445
f 5504/3795/1447 5501/3796/1446 5502/3793/1446
f 5506/3797/1448 5503/3798/1447 5504/3795/1447
f 5508/3799/1449 5505/3800/1448 5506/3797/1448
f 5510/3801/1450 5507/3802/1449 5508/3799/1449
f 5512/3803/1451 5509/3804/1450 5510/3801/1450
f 5514/3805/1452 5511/328/1451 5512/3803/1451
f 5516/3806/1453 5513/3807/1452 5514/3805/1452
f 5518/3808/1454 5515/3809/1453 5516/3806/1453
f 5520/3810/1455 5517/3811/1454 5518/3808/1454
f 5522/3812/1456 5519/3813/1455 5520/3810/1455
f 5524/3814/1457 5521/3815/1456 5522/3812/1456
f 5526/3816/1458 5523/3817/1459 5524/3814/1457
f 5528/3818/1460 5525/310/1458 5526/3816/1458
f 5530/3819/1461 5527/3820/1460 5528/3818/1460
f 5532/3821/1462 5529/3822/1461 5530/3819/1461
f 5534/3823/1463 5531/3824/1462 5532/3821/1462
f 5536/3825/1464 5533/3826/1463 5534/3823/1463
f 5538/3827/1465 5535/3828/1464 5536/3825/1464
f 5540/3829/1466 5537/3830/1465 5538/3827/1465
f 5542/3831/1467 5539/276/1466 5540/3829/1466
f 5544/3832/1468 5541/3833/1467 5542/3831/1467
f 5546/3834/1469 5543/3835/1468 5544/3832/1468
f 5548/3836/1470 5545/3837/1469 5546/3834/1469
f 5550/3838/1471 5547/3839/1470 5548/3836/1470
f 5552/3840/1472 5549/3841/1471 5550/3838/1471
f 5456/2075/1420 5551/3842/1472 5552/3840/1472
f 2780/1304/9 2779/1307/9 2777/255/10
f 2782/1306/11 2781/1309/11 2779/1307/9
f 2784/1308/12 2783/1311/12 2781/1309/11
f 2786/1310/13 2785/1313/13 2783/1311/12
f 2788/1312/14 2787/1315/14 2785/1313/13
f 2790/1314/15 2789/1317/15 2787/1315/14
f 2792/1316/16 2791/1319/16 2789/1317/15
f 2794/1318/17 2793/1321/17 2791/1319/16
f 2796/1320/18 2795/1323/18 2793/1321/17
f 2798/1322/19 2797/1325/19 2795/1323/18
f 2800/1324/20 2799/1327/20 2797/1325/19
f 2802/1326/21 2801/1329/21 2799/1327/20
f 2804/1328/22 2803/1331/22 2801/1329/21
f 2806/1330/23 2805/1333/23 2803/1331/22
f 2808/1332/24 2807/1335/24 2805/1333/23
f 2810/1334/25 2809/1337/25 2807/1335/24
f 2812/1336/26 2811/1339/26 2809/1337/25
f 2814/1338/27 2813/1341/27 2811/1339/26
f 2816/1340/28 2815/1343/28 2813/1341/27
f 2818/1342/29 2817/1345/29 2815/1343/28
f 2820/1344/30 2819/1347/30 2817/1345/29
f 2822/1346/31 2821/1349/31 2819/1347/30
f 2824/1348/32 2823/1351/32 2821/1349/31
f 2826/1350/33 2825/1353/33 2823/1351/32
f 2828/1352/34 2827/1355/34 2825/1353/33
f 2830/1354/35 2829/1357/35 2827/1355/34
f 2832/1356/36 2831/1359/36 2829/1357/35
f 2834/1358/37 2833/1361/37 2831/1359/36
f 2836/1360/38 2835/1363/38 2833/1361/37
f 2838/1362/39 2837/1365/39 2835/1363/38
f 2840/1364/40 2839/1367/40 2837/1365/39
f 2842/1366/41 2841/1369/43 2839/1367/40
f 2844/1368/42 2843/1371/42 2841/1369/43
f 2846/1370/44 2845/1373/44 2843/1371/42
f 2848/1372/45 2847/1375/45 2845/1373/44
f 2850/1374/46 2849/1377/46 2847/1375/45
f 2852/1376/47 2851/1379/47 2849/1377/46
f 2854/1378/48 2853/1381/48 2851/1379/47
f 2856/1380/49 2855/1383/49 2853/1381/48
f 2858/1382/50 2857/1385/50 2855/1383/49
f 2860/1384/51 2859/1387/51 2857/1385/50
f 2862/1386/52 2861/1389/54 2859/1387/51
f 2864/1388/53 2863/1391/53 2861/1389/54
f 2866/1390/55 2865/1393/55 2863/1391/53
f 2868/1392/56 2867/1395/56 2865/1393/55
f 2870/1394/57 2869/1397/57 2867/1395/56
f 2872/1396/58 2871/1399/58 2869/1397/57
f 2874/1398/59 2873/1401/59 2871/1399/58
f 2876/1400/60 2875/1403/60 2873/1401/59
f 2878/1402/61 2877/1405/61 2875/1403/60
f 2880/1404/62 2879/1407/62 2877/1405/61
f 2882/1406/63 2881/1409/63 2879/1407/62
f 2884/1408/64 2883/1411/64 2881/1409/63
f 2886/1410/65 2885/1413/65 2883/1411/64
f 2888/1412/66 2887/1415/66 2885/1413/65
f 2890/1414/67 2889/1417/67 2887/1415/66
f 2892/1416/68 2891/1419/68 2889/1417/67
f 2894/1418/69 2893/1421/69 2891/1419/68
f 2896/1420/70 2895/1423/70 2893/1421/69
f 2898/1422/71 2897/1425/71 2895/1423/70
f 2900/1424/72 2899/1427/72 2897/1425/71
f 2902/1426/73 2901/1429/73 2899/1427/72
f 2904/1428/74 2903/1431/74 2901/1429/73
f 2906/1430/75 2905/1433/75 2903/1431/74
f 2908/1432/76 2907/1435/76 2905/1433/75
f 2910/1434/77 2909/1437/77 2907/1435/76
f 2912/1436/78 2911/1439/78 2909/1437/77
f 2914/1438/79 2913/1441/81 2911/1439/78
f 2916/1440/80 2915/1443/80 2913/1441/81
f 2918/1442/82 2917/1445/82 2915/1443/80
f 2920/1444/83 2919/1447/83 2917/1445/82
f 2922/1446/84 2921/1449/84 2919/1447/83
f 2924/1448/85 2923/1451/85 2921/1449/84
f 2926/1450/86 2925/1453/86 2923/1451/85
f 2928/1452/87 2927/1455/87 2925/1453/86
f 2930/1454/88 2929/1457/88 2927/1455/87
f 2932/1456/89 2931/1459/89 2929/1457/88
f 2934/1458/90 2933/1461/90 2931/1459/89
f 2936/1460/91 2935/1463/91 2933/1461/90
f 2938/1462/92 2937/1465/92 2935/1463/91
f 2940/1464/93 2939/1467/93 2937/1465/92
f 2942/1466/94 2941/1469/94 2939/1467/93
f 2944/1468/95 2943/1471/95 2941/1469/94
f 2946/1470/96 2945/1473/96 2943/1471/95
f 2948/1472/97 2947/1475/97 2945/1473/96
f 2950/1474/98 2949/1477/98 2947/1475/97
f 2952/1476/99 2951/1479/101 2949/1477/98
f 2954/1478/100 2953/1481/100 2951/1479/101
f 2956/1480/102 2955/1483/104 2953/1481/100
f 2958/1482/103 2957/1485/103 2955/1483/104
f 2960/1484/105 2959/1487/105 2957/1485/103
f 2962/1486/106 2961/1489/106 2959/1487/105
f 2964/1488/107 2963/1491/109 2961/1489/106
f 2966/1490/108 2965/1493/108 2963/1491/109
f 2968/1492/110 2967/1495/110 2965/1493/108
f 2970/1494/111 2969/1497/111 2967/1495/110
f 2972/1496/112 2971/14/112 2969/1497/111
f 2974/1498/113 2973/1500/113 2971/14/112
f 2976/1499/114 2975/1502/114 2973/1500/113
f 2978/1501/115 2977/1504/115 2975/1502/114
f 2980/1503/116 2979/1506/116 2977/1504/115
f 2982/1505/117 2981/1508/117 2979/1506/116
f 2984/1507/118 2983/1510/118 2981/1508/117
f 2986/1509/119 2985/1512/119 2983/1510/118
f 2988/1511/120 2987/1514/120 2985/1512/119
f 2990/1513/121 2989/1516/123 2987/1514/120
f 2992/1515/122 2991/1518/122 2989/1516/123
f 2994/1517/124 2993/1520/124 2991/1518/122
f 2996/1519/125 2995/1522/127 2993/1520/124
f 2998/1521/126 2997/1524/129 2995/1522/127
f 3000/1523/128 2999/1526/128 2997/1524/129
f 3002/1525/130 3001/1528/130 2999/1526/128
f 3004/1527/131 3003/1530/131 3001/1528/130
f 3006/1529/132 3005/1532/132 3003/1530/131
f 3008/1531/133 3007/1534/135 3005/1532/132
f 3010/1533/134 3009/1536/134 3007/1534/135
f 3012/1535/136 3011/1538/136 3009/1536/134
f 3014/1537/137 3013/1540/137 3011/1538/136
f 3016/1539/138 3015/1542/140 3013/1540/137
f 3018/1541/139 3017/1544/139 3015/1542/140
f 3020/1543/141 3019/1546/141 3017/1544/139
f 3022/1545/142 3021/1548/142 3019/1546/141
f 3024/1547/143 3023/1550/143 3021/1548/142
f 3026/1549/144 3025/1552/144 3023/1550/143
f 3028/1551/145 3027/1554/145 3025/1552/144
f 3030/1553/146 3029/1556/146 3027/1554/145
f 3032/1555/147 3031/1558/147 3029/1556/146
f 3034/1557/148 3033/1560/148 3031/1558/147
f 3036/1559/149 3035/1562/149 3033/1560/148
f 3038/1561/150 3037/1564/150 3035/1562/149
f 3040/1563/151 3039/1566/151 3037/1564/150
f 3042/1565/152 3041/1568/152 3039/1566/151
f 3044/1567/153 3043/1570/153 3041/1568/152
f 3046/1569/154 3045/1572/154 3043/1570/153
f 3048/1571/155 3047/1574/155 3045/1572/154
f 3050/1573/156 3049/1576/156 3047/1574/155
f 3052/1575/157 3051/1578/157 3049/1576/156
f 3054/1577/158 3053/1580/158 3051/1578/157
f 3056/1579/159 3055/1582/159 3053/1580/158
f 3058/1581/160 3057/1584/160 3055/1582/159
f 3060/1583/161 3059/1586/161 3057/1584/160
f 3062/1585/162 3061/1588/162 3059/1586/161
f 3064/1587/163 3063/1590/163 3061/1588/162
f 3066/1589/164 3065/1592/164 3063/1590/163
f 3068/1591/165 3067/1594/165 3065/1592/164
f 3070/1593/166 3069/1596/166 3067/1594/165
f 3072/1595/167 3071/1598/167 3069/1596/166
f 3074/1597/168 3073/1600/168 3071/1598/167
f 3076/1599/169 3075/1602/169 3073/1600/168
f 3078/1601/170 3077/1604/170 3075/1602/169
f 3080/1603/171 3079/1606/171 3077/1604/170
f 3082/1605/172 3081/1608/172 3079/1606/171
f 3084/1607/173 3083/1610/173 3081/1608/172
f 3086/1609/174 3085/1612/174 3083/1610/173
f 3088/1611/175 3087/1614/175 3085/1612/174
f 3090/1613/176 3089/1616/176 3087/1614/175
f 3092/1615/177 3091/1618/177 3089/1616/176
f 3094/1617/178 3093/1620/178 3091/1618/177
f 3096/1619/179 3095/1622/179 3093/1620/178
f 3098/1621/180 3097/1624/180 3095/1622/179
f 3100/1623/181 3099/1626/181 3097/1624/180
f 3102/1625/182 3101/1628/182 3099/1626/181
f 3104/1627/183 3103/1630/183 3101/1628/182
f 3106/1629/184 3105/1632/184 3103/1630/183
f 3108/1631/185 3107/1634/185 3105/1632/184
f 3110/1633/186 3109/1636/186 3107/1634/185
f 3112/1635/187 3111/1638/187 3109/1636/186
f 3114/1637/188 3113/1640/188 3111/1638/187
f 3116/1639/189 3115/1642/189 3113/1640/188
f 3118/1641/190 3117/1644/190 3115/1642/189
f 3120/1643/191 3119/1646/193 3117/1644/190
f 3122/1645/192 3121/1648/192 3119/1646/193
f 3124/1647/194 3123/1650/194 3121/1648/192
f 3126/1649/195 3125/1652/195 3123/1650/194
f 3128/1651/196 3127/1654/196 3125/1652/195
f 3130/1653/197 3129/1656/197 3127/1654/196
f 3132/1655/198 3131/1658/198 3129/1656/197
f 3134/1657/199 3133/1660/201 3131/1658/198
f 3136/1659/200 3135/1662/200 3133/1660/201
f 3138/1661/202 3137/1664/202 3135/1662/200
f 3140/1663/203 3139/1666/203 3137/1664/202
f 3142/1665/204 3141/1668/204 3139/1666/203
f 3144/1667/205 3143/1670/205 3141/1668/204
f 3146/1669/206 3145/1672/208 3143/1670/205
f 3148/1671/207 3147/1674/207 3145/1672/208
f 3150/1673/209 3149/1676/209 3147/1674/207
f 3152/1675/210 3151/1678/212 3149/1676/209
f 3154/1677/211 3153/1680/211 3151/1678/212
f 3156/1679/213 3155/1682/213 3153/1680/211
f 3158/1681/214 3157/1684/214 3155/1682/213
f 3160/1683/215 3159/1686/215 3157/1684/214
f 3162/1685/216 3161/1688/216 3159/1686/215
f 3164/1687/217 3163/1690/217 3161/1688/216
f 3166/1689/218 3165/207/218 3163/1690/217
f 3168/1691/219 3167/1693/219 3165/207/218
f 3170/1692/220 3169/1695/220 3167/1693/219
f 3172/1694/221 3171/1697/221 3169/1695/220
f 3174/1696/222 3173/1699/222 3171/1697/221
f 3176/1698/223 3175/1701/223 3173/1699/222
f 3178/1700/224 3177/1703/224 3175/1701/223
f 3180/1702/225 3179/1705/225 3177/1703/224
f 3182/1704/226 3181/1707/226 3179/1705/225
f 3184/1706/227 3183/1709/227 3181/1707/226
f 3186/1708/228 3185/1711/228 3183/1709/227
f 3188/1710/229 3187/1713/229 3185/1711/228
f 3190/1712/230 3189/1715/230 3187/1713/229
f 3192/1714/231 3191/1717/231 3189/1715/230
f 3194/1716/232 3193/1719/232 3191/1717/231
f 3196/1718/233 3195/1721/233 3193/1719/232
f 3198/1720/234 3197/1723/234 3195/1721/233
f 3200/1722/235 3199/1725/235 3197/1723/234
f 3202/1724/236 3201/1727/236 3199/1725/235
f 3204/1726/237 3203/1729/237 3201/1727/236
f 3206/1728/238 3205/1731/238 3203/1729/237
f 3208/1730/239 3207/1733/239 3205/1731/238
f 3210/1732/240 3209/1735/240 3207/1733/239
f 3212/1734/241 3211/1737/241 3209/1735/240
f 3214/1736/242 3213/1739/242 3211/1737/241
f 3216/1738/243 3215/1741/243 3213/1739/242
f 3218/1740/244 3217/1743/244 3215/1741/243
f 3220/1742/245 3219/1745/245 3217/1743/244
f 3222/1744/246 3221/1747/246 3219/1745/245
f 3224/1746/247 3223/1749/247 3221/1747/246
f 3226/1748/248 3225/1751/248 3223/1749/247
f 3228/1750/249 3227/1753/249 3225/1751/248
f 3230/1752/250 3229/1755/250 3227/1753/249
f 3232/1754/251 3231/1757/251 3229/1755/250
f 3234/1756/252 3233/1759/252 3231/1757/251
f 3236/1758/253 3235/1761/253 3233/1759/252
f 3238/1760/254 3237/1763/254 3235/1761/253
f 3240/1762/255 3239/1765/255 3237/1763/254
f 3242/1764/256 3241/1767/256 3239/1765/255
f 3244/1766/257 3243/1769/257 3241/1767/256
f 3246/1768/258 3245/1771/260 3243/1769/257
f 3248/1770/259 3247/1773/262 3245/1771/260
f 3250/1772/261 3249/1775/261 3247/1773/262
f 3252/1774/263 3251/1777/263 3249/1775/261
f 3254/1776/264 3253/1779/264 3251/1777/263
f 3256/1778/265 3255/1781/265 3253/1779/264
f 3258/1780/266 3257/1783/266 3255/1781/265
f 3260/1782/267 3259/1785/267 3257/1783/266
f 3262/1784/268 3261/1787/268 3259/1785/267
f 3264/1786/269 3263/1789/269 3261/1787/268
f 3266/1788/270 3265/1791/270 3263/1789/269
f 3268/1790/271 3267/1793/271 3265/1791/270
f 3270/1792/272 3269/1795/272 3267/1793/271
f 3272/1794/273 3271/1797/273 3269/1795/272
f 3274/1796/274 3273/1799/274 3271/1797/273
f 3276/1798/160 3275/1801/160 3273/1799/274
f 3278/1800/275 3277/1803/275 3275/1801/160
f 3280/1802/276 3279/1805/276 3277/1803/275
f 3282/1804/277 3281/1807/277 3279/1805/276
f 3284/1806/278 3283/1809/278 3281/1807/277
f 3286/1808/279 3285/1811/279 3283/1809/278
f 3288/1810/280 3287/1813/280 3285/1811/279
f 3290/1812/281 3289/1815/281 3287/1813/280
f 3292/1814/282 3291/1817/282 3289/1815/281
f 3294/1816/283 3293/1819/283 3291/1817/282
f 3296/1818/284 3295/1821/284 3293/1819/283
f 3298/1820/285 3297/1823/285 3295/1821/284
f 3300/1822/286 3299/1825/286 3297/1823/285
f 3302/1824/287 3301/1827/287 3299/1825/286
f 3304/1826/288 3303/1829/288 3301/1827/287
f 3306/1828/289 3305/1831/289 3303/1829/288
f 3308/1830/290 3307/1833/290 3305/1831/289
f 3310/1832/291 3309/1835/291 3307/1833/290
f 3312/1834/292 3311/1837/292 3309/1835/291
f 3314/1836/293 3313/1839/293 3311/1837/292
f 3316/1838/294 3315/1841/294 3313/1839/293
f 3318/1840/295 3317/1843/295 3315/1841/294
f 3320/1842/296 3319/1845/298 3317/1843/295
f 3322/1844/297 3321/1847/297 3319/1845/298
f 3324/1846/299 3323/1849/299 3321/1847/297
f 3326/1848/300 3325/1851/300 3323/1849/299
f 3328/1850/301 3327/1853/301 3325/1851/300
f 3330/1852/302 3329/1855/302 3327/1853/301
f 3332/1854/303 3331/1857/303 3329/1855/302
f 3334/1856/304 3333/1859/304 3331/1857/303
f 3336/1858/305 3335/1861/305 3333/1859/304
f 3338/1860/306 3337/1863/306 3335/1861/305
f 3340/1862/307 3339/1865/307 3337/1863/306
f 3342/1864/308 3341/1867/308 3339/1865/307
f 3344/1866/309 3343/1869/311 3341/1867/308
f 3346/1868/310 3345/1871/310 3343/1869/311
f 3348/1870/312 3347/1873/312 3345/1871/310
f 3350/1872/313 3349/1875/313 3347/1873/312
f 3352/1874/314 3351/1877/316 3349/1875/313
f 3354/1876/315 3353/1879/315 3351/1877/316
f 3356/1878/317 3355/1881/319 3353/1879/315
f 3358/1880/318 3357/1883/321 3355/1881/319
f 3360/1882/320 3359/232/323 3357/1883/321
f 3362/1884/322 3361/1886/322 3359/232/323
f 3364/1885/324 3363/1888/326 3361/1886/322
f 3366/1887/325 3365/1890/328 3363/1888/326
f 3368/1889/327 3367/1892/327 3365/1890/328
f 3370/1891/329 3369/1894/329 3367/1892/327
f 3372/1893/330 3371/1896/332 3369/1894/329
f 3374/1895/331 3373/1898/331 3371/1896/332
f 3376/1897/333 3375/1900/333 3373/1898/331
f 3378/1899/334 3377/1902/336 3375/1900/333
f 3380/1901/335 3379/1904/338 3377/1902/336
f 3382/1903/337 3381/1906/337 3379/1904/338
f 3384/1905/339 3383/1908/339 3381/1906/337
f 3386/1907/340 3385/1910/342 3383/1908/339
f 3388/1909/341 3387/1912/341 3385/1910/342
f 3390/1911/343 3389/1914/345 3387/1912/341
f 3392/1913/344 3391/1916/344 3389/1914/345
f 3394/1915/346 3393/1918/346 3391/1916/344
f 3396/1917/347 3395/1920/347 3393/1918/346
f 3398/1919/348 3397/1922/348 3395/1920/347
f 3400/1921/349 3399/1924/351 3397/1922/348
f 3402/1923/350 3401/1926/353 3399/1924/351
f 3404/1925/352 3403/1928/352 3401/1926/353
f 3406/1927/354 3405/1930/354 3403/1928/352
f 3408/1929/355 3407/1932/355 3405/1930/354
f 3410/1931/356 3409/1934/356 3407/1932/355
f 3412/1933/357 3411/1936/357 3409/1934/356
f 3414/1935/358 3413/1938/358 3411/1936/357
f 3416/1937/359 3415/1940/359 3413/1938/358
f 3418/1939/360 3417/1942/360 3415/1940/359
f 3420/1941/361 3419/1944/361 3417/1942/360
f 3422/1943/362 3421/1946/362 3419/1944/361
f 3424/1945/363 3423/1948/363 3421/1946/362
f 3426/1947/364 3425/1950/364 3423/1948/363
f 3428/1949/365 3427/1952/365 3425/1950/364
f 3430/1951/366 3429/1954/366 3427/1952/365
f 3432/1953/367 3431/1956/367 3429/1954/366
f 3434/1955/368 3433/1958/368 3431/1956/367
f 3436/1957/369 3435/1960/369 3433/1958/368
f 3438/1959/370 3437/1962/370 3435/1960/369
f 3440/1961/371 3439/1964/371 3437/1962/370
f 3442/1963/372 3441/1966/372 3439/1964/371
f 3444/1965/373 3443/1968/373 3441/1966/372
f 3446/1967/374 3445/1970/374 3443/1968/373
f 3448/1969/375 3447/1972/375 3445/1970/374
f 3450/1971/376 3449/1974/376 3447/1972/375
f 3452/1973/377 3451/1976/377 3449/1974/376
f 3454/1975/378 3453/1978/378 3451/1976/377
f 3456/1977/379 3455/1980/379 3453/1978/378
f 3458/1979/380 3457/1982/380 3455/1980/379
f 3460/1981/381 3459/1984/381 3457/1982/380
f 3462/1983/382 3461/1986/382 3459/1984/381
f 3464/1985/383 3463/1988/383 3461/1986/382
f 3466/1987/384 3465/1990/384 3463/1988/383
f 3468/1989/385 3467/1992/385 3465/1990/384
f 3470/1991/386 3469/1994/386 3467/1992/385
f 3472/1993/387 3471/1996/387 3469/1994/386
f 3474/1995/388 3473/1998/388 3471/1996/387
f 3476/1997/389 3475/2000/389 3473/1998/388
f 3478/1999/390 3477/2002/390 3475/2000/389
f 3480/2001/391 3479/2004/391 3477/2002/390
f 3482/2003/392 3481/2006/392 3479/2004/391
f 3484/2005/393 3483/2008/393 3481/2006/392
f 3486/2007/394 3485/2010/396 3483/2008/393
f 3488/2009/395 3487/2012/395 3485/2010/396
f 3490/2011/397 3489/2014/397 3487/2012/395
f 3492/2013/398 3491/2016/398 3489/2014/397
f 3494/2015/399 3493/2018/401 3491/2016/398
f 3496/2017/400 3495/2020/400 3493/2018/401
f 3498/2019/402 3497/2022/404 3495/2020/400
f 3500/2021/403 3499/2024/403 3497/2022/404
f 3502/2023/405 3501/2026/405 3499/2024/403
f 3504/2025/406 3503/2028/406 3501/2026/405
f 3506/2027/407 3505/2030/407 3503/2028/406
f 3508/2029/408 3507/2032/408 3505/2030/407
f 3510/2031/409 3509/2034/409 3507/2032/408
f 3512/2033/410 3511/2036/410 3509/2034/409
f 3514/2035/411 3513/2038/411 3511/2036/410
f 3516/2037/412 3515/2040/412 3513/2038/411
f 3518/2039/413 3517/2042/415 3515/2040/412
f 3520/2041/414 3519/2044/414 3517/2042/415
f 3522/2043/416 3521/2046/416 3519/2044/414
f 3524/2045/417 3523/2048/417 3521/2046/416
f 3526/2047/418 3525/2050/418 3523/2048/417
f 3528/2049/419 3527/2052/419 3525/2050/418
f 3530/2051/420 3529/2054/420 3527/2052/419
f 3532/2053/421 3531/2056/421 3529/2054/420
f 3534/2055/422 3533/2058/422 3531/2056/421
f 3536/2057/423 3535/2060/423 3533/2058/422
f 3538/2059/424 3537/2062/424 3535/2060/423
f 3540/2061/425 3539/2064/425 3537/2062/424
f 3542/2063/426 3541/2066/426 3539/2064/425
f 3544/2065/427 3543/2068/429 3541/2066/426
f 3546/2067/428 3545/2070/428 3543/2068/429
f 3548/2069/430 3547/2072/430 3545/2070/428
f 3550/2071/431 3549/2074/431 3547/2072/430
f 3552/2073/432 3551/2076/432 3549/2074/431
f 2778/2075/10 2777/90/10 3551/2076/432
f 3556/2077/433 3555/2079/433 3553/255/434
f 3558/2078/18 3557/2081/18 3555/2079/433
f 3560/2080/435 3559/2083/435 3557/2081/18
f 3562/2082/436 3561/2085/436 3559/2083/435
f 3564/2084/437 3563/2087/437 3561/2085/436
f 3566/2086/438 3565/2089/438 3563/2087/437
f 3568/2088/439 3567/2091/439 3565/2089/438
f 3570/2090/440 3569/2093/440 3567/2091/439
f 3572/2092/441 3571/2095/441 3569/2093/440
f 3574/2094/442 3573/2097/442 3571/2095/441
f 3576/2096/443 3575/2099/443 3573/2097/442
f 3578/2098/444 3577/2101/444 3575/2099/443
f 3580/2100/445 3579/2103/445 3577/2101/444
f 3582/2102/446 3581/2105/446 3579/2103/445
f 3584/2104/447 3583/2107/447 3581/2105/446
f 3586/2106/448 3585/2109/448 3583/2107/447
f 3588/2108/449 3587/2111/449 3585/2109/448
f 3590/2110/450 3589/2113/450 3587/2111/449
f 3592/2112/451 3591/2115/451 3589/2113/450
f 3594/2114/452 3593/2117/452 3591/2115/451
f 3596/2116/164 3595/2119/454 3593/2117/452
f 3598/2118/453 3597/2121/453 3595/2119/454
f 3600/2120/455 3599/2123/455 3597/2121/453
f 3602/2122/456 3601/2125/456 3599/2123/455
f 3604/2124/457 3603/2127/457 3601/2125/456
f 3606/2126/458 3605/2129/458 3603/2127/457
f 3608/2128/459 3607/2131/459 3605/2129/458
f 3610/2130/460 3609/2133/462 3607/2131/459
f 3612/2132/461 3611/2135/461 3609/2133/462
f 3614/2134/463 3613/2137/463 3611/2135/461
f 3616/2136/464 3615/2139/464 3613/2137/463
f 3618/2138/465 3617/2141/465 3615/2139/464
f 3620/2140/466 3619/2143/466 3617/2141/465
f 3622/2142/467 3621/2145/467 3619/2143/466
f 3624/2144/468 3623/2147/468 3621/2145/467
f 3626/2146/469 3625/2149/469 3623/2147/468
f 3628/2148/470 3627/2151/470 3625/2149/469
f 3630/2150/471 3629/2153/473 3627/2151/470
f 3632/2152/472 3631/2155/472 3629/2153/473
f 3634/2154/474 3633/2157/474 3631/2155/472
f 3636/2156/475 3635/2159/475 3633/2157/474
f 3638/2158/476 3637/2161/476 3635/2159/475
f 3640/2160/477 3639/2163/477 3637/2161/476
f 3642/2162/478 3641/2165/478 3639/2163/477
f 3644/2164/479 3643/2167/479 3641/2165/478
f 3646/2166/480 3645/2169/480 3643/2167/479
f 3648/2168/481 3647/2171/481 3645/2169/480
f 3650/2170/482 3649/2173/482 3647/2171/481
f 3652/2172/483 3651/2175/483 3649/2173/482
f 3654/2174/484 3653/2177/484 3651/2175/483
f 3656/2176/485 3655/2179/485 3653/2177/484
f 3658/2178/486 3657/2181/486 3655/2179/485
f 3660/2180/487 3659/2183/487 3657/2181/486
f 3662/2182/488 3661/2185/488 3659/2183/487
f 3664/2184/489 3663/2187/489 3661/2185/488
f 3666/2186/490 3665/2189/490 3663/2187/489
f 3668/2188/491 3667/2191/491 3665/2189/490
f 3670/2190/492 3669/2193/492 3667/2191/491
f 3672/2192/493 3671/2195/493 3669/2193/492
f 3674/2194/494 3673/2197/494 3671/2195/493
f 3676/2196/495 3675/2199/495 3673/2197/494
f 3678/2198/496 3677/2201/498 3675/2199/495
f 3680/2200/497 3679/2203/497 3677/2201/498
f 3682/2202/499 3681/2205/499 3679/2203/497
f 3684/2204/500 3683/2207/500 3681/2205/499
f 3686/2206/501 3685/2209/501 3683/2207/500
f 3688/2208/502 3687/2211/502 3685/2209/501
f 3690/2210/503 3689/2213/503 3687/2211/502
f 3692/2212/504 3691/2215/504 3689/2213/503
f 3694/2214/505 3693/2217/505 3691/2215/504
f 3696/2216/506 3695/2219/506 3693/2217/505
f 3698/2218/507 3697/2221/507 3695/2219/506
f 3700/2220/508 3699/2223/508 3697/2221/507
f 3702/2222/509 3701/2225/509 3699/2223/508
f 3704/2224/510 3703/2227/510 3701/2225/509
f 3706/2226/511 3705/2229/511 3703/2227/510
f 3708/2228/512 3707/2231/512 3705/2229/511
f 3710/2230/513 3709/2232/513 3707/2231/512
f 3712/1496/514 3711/14/514 3709/2232/513
f 3714/2233/515 3713/2235/515 3711/14/514
f 3716/2234/516 3715/2237/516 3713/2235/515
f 3718/2236/517 3717/2239/517 3715/2237/516
f 3720/2238/518 3719/2241/518 3717/2239/517
f 3722/2240/519 3721/2243/519 3719/2241/518
f 3724/2242/520 3723/2245/520 3721/2243/519
f 3726/2244/521 3725/2247/521 3723/2245/520
f 3728/2246/522 3727/2249/522 3725/2247/521
f 3730/2248/523 3729/2251/523 3727/2249/522
f 3732/2250/524 3731/2253/524 3729/2251/523
f 3734/2252/525 3733/2255/525 3731/2253/524
f 3736/2254/526 3735/2257/526 3733/2255/525
f 3738/2256/527 3737/2259/527 3735/2257/526
f 3740/2258/528 3739/2261/528 3737/2259/527
f 3742/2260/529 3741/2263/529 3739/2261/528
f 3744/2262/530 3743/2265/530 3741/2263/529
f 3746/2264/531 3745/2267/531 3743/2265/530
f 3748/2266/532 3747/2269/532 3745/2267/531
f 3750/2268/533 3749/2271/533 3747/2269/532
f 3752/2270/534 3751/2273/534 3749/2271/533
f 3754/2272/535 3753/2275/535 3751/2273/534
f 3756/2274/536 3755/2277/536 3753/2275/535
f 3758/2276/537 3757/2279/537 3755/2277/536
f 3760/2278/538 3759/2281/538 3757/2279/537
f 3762/2280/539 3761/2283/539 3759/2281/538
f 3764/2282/540 3763/2285/540 3761/2283/539
f 3766/2284/541 3765/2287/541 3763/2285/540
f 3768/2286/542 3767/2289/542 3765/2287/541
f 3770/2288/543 3769/2291/543 3767/2289/542
f 3772/2290/544 3771/2293/544 3769/2291/543
f 3774/2292/545 3773/2295/545 3771/2293/544
f 3776/2294/546 3775/2297/546 3773/2295/545
f 3778/2296/547 3777/2299/547 3775/2297/546
f 3780/2298/548 3779/2301/548 3777/2299/547
f 3782/2300/549 3781/2303/549 3779/2301/548
f 3784/2302/550 3783/2305/550 3781/2303/549
f 3786/2304/551 3785/2307/551 3783/2305/550
f 3788/2306/552 3787/2309/552 3785/2307/551
f 3790/2308/553 3789/2311/553 3787/2309/552
f 3792/2310/554 3791/2313/554 3789/2311/553
f 3794/2312/555 3793/2315/555 3791/2313/554
f 3796/2314/556 3795/2317/556 3793/2315/555
f 3798/2316/557 3797/2319/557 3795/2317/556
f 3800/2318/558 3799/2321/558 3797/2319/557
f 3802/2320/559 3801/2323/559 3799/2321/558
f 3804/2322/560 3803/2325/560 3801/2323/559
f 3806/2324/561 3805/2327/561 3803/2325/560
f 3808/2326/562 3807/2329/562 3805/2327/561
f 3810/2328/563 3809/2331/563 3807/2329/562
f 3812/2330/564 3811/2333/564 3809/2331/563
f 3814/2332/565 3813/2335/565 3811/2333/564
f 3816/2334/566 3815/2337/566 3813/2335/565
f 3818/2336/567 3817/2339/567 3815/2337/566
f 3820/2338/255 3819/2341/255 3817/2339/567
f 3822/2340/568 3821/2343/568 3819/2341/255
f 3824/2342/569 3823/2345/569 3821/2343/568
f 3826/2344/570 3825/2347/572 3823/2345/569
f 3828/2346/571 3827/2349/571 3825/2347/572
f 3830/2348/573 3829/2351/575 3827/2349/571
f 3832/2350/574 3831/2353/574 3829/2351/575
f 3834/2352/576 3833/2355/576 3831/2353/574
f 3836/2354/577 3835/2357/577 3833/2355/576
f 3838/2356/578 3837/2359/578 3835/2357/577
f 3840/2358/579 3839/2361/579 3837/2359/578
f 3842/2360/142 3841/2363/142 3839/2361/579
f 3844/2362/580 3843/2365/580 3841/2363/142
f 3846/2364/581 3845/2367/581 3843/2365/580
f 3848/2366/582 3847/2369/582 3845/2367/581
f 3850/2368/583 3849/2371/583 3847/2369/582
f 3852/2370/584 3851/2373/584 3849/2371/583
f 3854/2372/585 3853/2375/585 3851/2373/584
f 3856/2374/586 3855/2377/586 3853/2375/585
f 3858/2376/587 3857/2379/587 3855/2377/586
f 3860/2378/588 3859/2381/588 3857/2379/587
f 3862/2380/589 3861/2383/589 3859/2381/588
f 3864/2382/590 3863/2385/590 3861/2383/589
f 3866/2384/591 3865/2387/591 3863/2385/590
f 3868/2386/592 3867/2388/592 3865/2387/591
f 3870/1689/593 3869/207/593 3867/2388/592
f 3872/2389/594 3871/2391/596 3869/207/593
f 3874/2390/595 3873/2393/598 3871/2391/596
f 3876/2392/597 3875/2395/597 3873/2393/598
f 3878/2394/599 3877/2397/599 3875/2395/597
f 3880/2396/600 3879/2399/600 3877/2397/599
f 3882/2398/601 3881/2401/601 3879/2399/600
f 3884/2400/602 3883/2403/602 3881/2401/601
f 3886/2402/603 3885/2405/603 3883/2403/602
f 3888/2404/604 3887/2407/604 3885/2405/603
f 3890/2406/605 3889/2409/605 3887/2407/604
f 3892/2408/606 3891/2411/606 3889/2409/605
f 3894/2410/607 3893/2413/607 3891/2411/606
f 3896/2412/608 3895/2415/608 3893/2413/607
f 3898/2414/609 3897/2417/609 3895/2415/608
f 3900/2416/610 3899/2419/610 3897/2417/609
f 3902/2418/611 3901/2421/611 3899/2419/610
f 3904/2420/612 3903/2423/612 3901/2421/611
f 3906/2422/613 3905/2425/613 3903/2423/612
f 3908/2424/614 3907/2427/614 3905/2425/613
f 3910/2426/615 3909/2429/615 3907/2427/614
f 3912/2428/616 3911/2431/616 3909/2429/615
f 3914/2430/617 3913/2433/617 3911/2431/616
f 3916/2432/618 3915/2435/618 3913/2433/617
f 3918/2434/619 3917/2437/619 3915/2435/618
f 3920/2436/620 3919/2439/620 3917/2437/619
f 3922/2438/621 3921/2441/621 3919/2439/620
f 3924/2440/622 3923/2443/622 3921/2441/621
f 3926/2442/623 3925/2445/623 3923/2443/622
f 3928/2444/624 3927/2447/624 3925/2445/623
f 3930/2446/625 3929/2449/625 3927/2447/624
f 3932/2448/626 3931/2451/626 3929/2449/625
f 3934/2450/627 3933/2453/627 3931/2451/626
f 3936/2452/628 3935/2455/628 3933/2453/627
f 3938/2454/629 3937/2457/629 3935/2455/628
f 3940/2456/630 3939/2459/630 3937/2457/629
f 3942/2458/631 3941/2461/631 3939/2459/630
f 3944/2460/632 3943/2463/632 3941/2461/631
f 3946/2462/633 3945/2465/635 3943/2463/632
f 3948/2464/634 3947/2467/634 3945/2465/635
f 3950/2466/636 3949/2469/636 3947/2467/634
f 3952/2468/637 3951/2471/637 3949/2469/636
f 3954/2470/638 3953/2473/638 3951/2471/637
f 3956/2472/639 3955/2475/639 3953/2473/638
f 3958/2474/640 3957/2477/640 3955/2475/639
f 3960/2476/641 3959/2479/641 3957/2477/640
f 3962/2478/642 3961/2481/642 3959/2479/641
f 3964/2480/643 3963/2483/643 3961/2481/642
f 3966/2482/644 3965/2485/644 3963/2483/643
f 3968/2484/645 3967/2487/645 3965/2485/644
f 3970/2486/646 3969/2489/646 3967/2487/645
f 3972/2488/647 3971/2491/647 3969/2489/646
f 3974/2490/648 3973/2493/416 3971/2491/647
f 3976/2492/649 3975/2495/649 3973/2493/416
f 3978/2494/650 3977/2497/650 3975/2495/649
f 3980/2496/651 3979/2499/651 3977/2497/650
f 3982/2498/652 3981/2501/652 3979/2499/651
f 3984/2500/653 3983/2503/653 3981/2501/652
f 3986/2502/654 3985/2505/654 3983/2503/653
f 3988/2504/655 3987/2507/655 3985/2505/654
f 3990/2506/656 3989/2509/656 3987/2507/655
f 3992/2508/657 3991/2511/657 3989/2509/656
f 3994/2510/658 3993/2513/658 3991/2511/657
f 3996/2512/659 3995/2515/659 3993/2513/658
f 3998/2514/660 3997/2517/660 3995/2515/659
f 4000/2516/661 3999/2519/661 3997/2517/660
f 4002/2518/662 4001/2521/662 3999/2519/661
f 4004/2520/663 4003/2523/663 4001/2521/662
f 4006/2522/664 4005/2525/664 4003/2523/663
f 4008/2524/665 4007/2527/665 4005/2525/664
f 4010/2526/666 4009/2529/666 4007/2527/665
f 4012/2528/667 4011/2531/667 4009/2529/666
f 4014/2530/668 4013/2533/668 4011/2531/667
f 4016/2532/669 4015/2535/669 4013/2533/668
f 4018/2534/670 4017/2537/670 4015/2535/669
f 4020/2536/671 4019/2539/671 4017/2537/670
f 4022/2538/672 4021/2541/672 4019/2539/671
f 4024/2540/673 4023/2543/673 4021/2541/672
f 4026/2542/674 4025/2544/674 4023/2543/673
f 4028/1882/675 4027/232/675 4025/2544/674
f 4030/2545/676 4029/2547/676 4027/232/675
f 4032/2546/677 4031/2549/677 4029/2547/676
f 4034/2548/678 4033/2551/678 4031/2549/677
f 4036/2550/679 4035/2553/679 4033/2551/678
f 4038/2552/680 4037/2555/680 4035/2553/679
f 4040/2554/681 4039/2557/681 4037/2555/680
f 4042/2556/682 4041/2559/682 4039/2557/681
f 4044/2558/683 4043/2561/683 4041/2559/682
f 4046/2560/684 4045/2563/684 4043/2561/683
f 4048/2562/685 4047/2565/685 4045/2563/684
f 4050/2564/686 4049/2567/686 4047/2565/685
f 4052/2566/687 4051/2569/687 4049/2567/686
f 4054/2568/688 4053/2571/690 4051/2569/687
f 4056/2570/689 4055/2573/689 4053/2571/690
f 4058/2572/691 4057/2575/691 4055/2573/689
f 4060/2574/692 4059/2577/692 4057/2575/691
f 4062/2576/693 4061/2579/693 4059/2577/692
f 4064/2578/694 4063/2581/694 4061/2579/693
f 4066/2580/695 4065/2583/695 4063/2581/694
f 4068/2582/696 4067/2585/696 4065/2583/695
f 4070/2584/697 4069/2587/697 4067/2585/696
f 4072/2586/698 4071/2589/698 4069/2587/697
f 4074/2588/699 4073/2591/699 4071/2589/698
f 4076/2590/700 4075/2593/700 4073/2591/699
f 4078/2592/701 4077/2595/701 4075/2593/700
f 4080/2594/702 4079/2597/702 4077/2595/701
f 4082/2596/703 4081/2599/703 4079/2597/702
f 4084/2598/704 4083/2601/704 4081/2599/703
f 4086/2600/705 4085/2603/705 4083/2601/704
f 4088/2602/706 4087/2605/706 4085/2603/705
f 4090/2604/707 4089/2607/707 4087/2605/706
f 4092/2606/708 4091/2609/708 4089/2607/707
f 4094/2608/709 4093/2611/709 4091/2609/708
f 4096/2610/710 4095/2613/710 4093/2611/709
f 4098/2612/711 4097/2615/711 4095/2613/710
f 4100/2614/712 4099/2617/712 4097/2615/711
f 4102/2616/713 4101/2619/713 4099/2617/712
f 4104/2618/714 4103/2621/714 4101/2619/713
f 4106/2620/715 4105/2623/715 4103/2621/714
f 4108/2622/716 4107/2625/716 4105/2623/715
f 4110/2624/717 4109/2627/717 4107/2625/716
f 4112/2626/718 4111/2629/718 4109/2627/717
f 4114/2628/719 4113/2631/719 4111/2629/718
f 4116/2630/720 4115/2633/720 4113/2631/719
f 4118/2632/721 4117/2635/721 4115/2633/720
f 4120/2634/722 4119/2637/722 4117/2635/721
f 4122/2636/723 4121/2639/723 4119/2637/722
f 4124/2638/724 4123/2641/724 4121/2639/723
f 4126/2640/725 4125/2643/725 4123/2641/724
f 4128/2642/726 4127/2645/726 4125/2643/725
f 4130/2644/727 4129/2647/727 4127/2645/726
f 4132/2646/728 4131/2649/728 4129/2647/727
f 4134/2648/729 4133/2651/729 4131/2649/728
f 4136/2650/730 4135/2653/730 4133/2651/729
f 4138/2652/731 4137/2655/731 4135/2653/730
f 4140/2654/732 4139/2657/732 4137/2655/731
f 4142/2656/733 4141/2659/733 4139/2657/732
f 4144/2658/734 4143/2661/734 4141/2659/733
f 4146/2660/735 4145/2663/735 4143/2661/734
f 4148/2662/736 4147/2665/736 4145/2663/735
f 4150/2664/737 4149/2667/737 4147/2665/736
f 4152/2666/738 4151/2669/738 4149/2667/737
f 4154/2668/739 4153/2671/739 4151/2669/738
f 4156/2670/740 4155/2673/740 4153/2671/739
f 4158/2672/741 4157/2675/741 4155/2673/740
f 4160/2674/742 4159/2677/742 4157/2675/741
f 4162/2676/743 4161/2679/743 4159/2677/742
f 4164/2678/744 4163/2681/744 4161/2679/743
f 4166/2680/745 4165/2683/745 4163/2681/744
f 4168/2682/746 4167/2685/746 4165/2683/745
f 4170/2684/747 4169/2687/747 4167/2685/746
f 4172/2686/748 4171/2689/748 4169/2687/747
f 4174/2688/749 4173/2691/749 4171/2689/748
f 4176/2690/750 4175/2693/750 4173/2691/749
f 4178/2692/751 4177/2695/751 4175/2693/750
f 4180/2694/752 4179/2697/752 4177/2695/751
f 4182/2696/753 4181/2699/753 4179/2697/752
f 4184/2698/754 4183/2700/754 4181/2699/753
f 3554/2075/434 3553/90/434 4183/2700/754
f 4188/2701/755 4187/2703/755 4185/255/756
f 4190/2702/757 4189/2705/757 4187/2703/755
f 4192/2704/758 4191/2707/758 4189/2705/757
f 4194/2706/759 4193/2709/759 4191/2707/758
f 4196/2708/760 4195/2711/760 4193/2709/759
f 4198/2710/761 4197/2713/761 4195/2711/760
f 4200/2712/762 4199/2715/762 4197/2713/761
f 4202/2714/763 4201/2717/763 4199/2715/762
f 4204/2716/764 4203/2719/764 4201/2717/763
f 4206/2718/765 4205/2721/765 4203/2719/764
f 4208/2720/766 4207/2723/766 4205/2721/765
f 4210/2722/644 4209/2725/644 4207/2723/766
f 4212/2724/767 4211/2727/767 4209/2725/644
f 4214/2726/768 4213/2729/768 4211/2727/767
f 4216/2728/769 4215/2731/769 4213/2729/768
f 4218/2730/770 4217/373/770 4215/2731/769
f 4220/2732/771 4219/2734/773 4217/373/770
f 4222/2733/772 4221/2736/772 4219/2734/773
f 4224/2735/774 4223/2738/774 4221/2736/772
f 4226/2737/775 4225/2740/775 4223/2738/774
f 4228/2739/776 4227/2742/776 4225/2740/775
f 4230/2741/777 4229/2744/777 4227/2742/776
f 4232/2743/778 4231/2745/778 4229/2744/777
f 4234/1496/779 4233/14/779 4231/2745/778
f 4236/2746/780 4235/2748/780 4233/14/779
f 4238/2747/781 4237/2750/781 4235/2748/780
f 4240/2749/782 4239/2752/782 4237/2750/781
f 4242/2751/783 4241/2754/783 4239/2752/782
f 4244/2753/784 4243/2756/784 4241/2754/783
f 4246/2755/785 4245/2758/785 4243/2756/784
f 4248/2757/786 4247/2760/786 4245/2758/785
f 4250/2759/787 4249/352/787 4247/2760/786
f 4252/2761/788 4251/2763/788 4249/352/787
f 4254/2762/789 4253/2765/789 4251/2763/788
f 4256/2764/790 4255/2767/790 4253/2765/789
f 4258/2766/791 4257/2769/791 4255/2767/790
f 4260/2768/792 4259/2771/792 4257/2769/791
f 4262/2770/793 4261/2773/793 4259/2771/792
f 4264/2772/794 4263/2775/794 4261/2773/793
f 4266/2774/795 4265/2777/795 4263/2775/794
f 4268/2776/796 4267/2779/796 4265/2777/795
f 4270/2778/797 4269/2781/797 4267/2779/796
f 4272/2780/798 4271/2783/798 4269/2781/797
f 4274/2782/799 4273/2785/799 4271/2783/798
f 4276/2784/800 4275/2787/800 4273/2785/799
f 4278/2786/801 4277/2789/801 4275/2787/800
f 4280/2788/802 4279/2790/802 4277/2789/801
f 4282/1689/803 4281/207/803 4279/2790/802
f 4284/2791/804 4283/2793/804 4281/207/803
f 4286/2792/805 4285/2795/805 4283/2793/804
f 4288/2794/806 4287/2797/806 4285/2795/805
f 4290/2796/807 4289/2799/807 4287/2797/806
f 4292/2798/808 4291/2801/808 4289/2799/807
f 4294/2800/809 4293/2803/809 4291/2801/808
f 4296/2802/810 4295/2805/810 4293/2803/809
f 4298/2804/811 4297/2807/811 4295/2805/810
f 4300/2806/812 4299/2809/812 4297/2807/811
f 4302/2808/813 4301/2811/813 4299/2809/812
f 4304/2810/814 4303/2813/814 4301/2811/813
f 4306/2812/815 4305/2815/815 4303/2813/814
f 4308/2814/816 4307/2817/816 4305/2815/815
f 4310/2816/817 4309/2819/817 4307/2817/816
f 4312/2818/818 4311/2821/818 4309/2819/817
f 4314/2820/819 4313/316/819 4311/2821/818
f 4316/2822/820 4315/2824/820 4313/316/819
f 4318/2823/821 4317/2826/821 4315/2824/820
f 4320/2825/822 4319/2828/822 4317/2826/821
f 4322/2827/823 4321/2830/823 4319/2828/822
f 4324/2829/824 4323/2832/824 4321/2830/823
f 4326/2831/825 4325/2834/825 4323/2832/824
f 4328/2833/826 4327/2835/826 4325/2834/825
f 4330/1882/827 4329/232/827 4327/2835/826
f 4332/2836/828 4331/2838/828 4329/232/827
f 4334/2837/829 4333/2840/829 4331/2838/828
f 4336/2839/830 4335/2842/830 4333/2840/829
f 4338/2841/831 4337/2844/831 4335/2842/830
f 4340/2843/832 4339/2846/832 4337/2844/831
f 4342/2845/833 4341/2848/833 4339/2846/832
f 4344/2847/834 4343/2850/834 4341/2848/833
f 4346/2849/835 4345/273/835 4343/2850/834
f 4348/2851/836 4347/2853/836 4345/273/835
f 4350/2852/837 4349/2855/837 4347/2853/836
f 4352/2854/838 4351/2857/838 4349/2855/837
f 4354/2856/839 4353/2859/839 4351/2857/838
f 4356/2858/840 4355/2861/840 4353/2859/839
f 4358/2860/841 4357/2863/841 4355/2861/840
f 4360/2862/842 4359/2865/842 4357/2863/841
f 4362/2864/843 4361/2867/843 4359/2865/842
f 4364/2866/844 4363/2869/844 4361/2867/843
f 4366/2868/845 4365/2871/845 4363/2869/844
f 4368/2870/846 4367/2873/846 4365/2871/845
f 4370/2872/847 4369/2875/847 4367/2873/846
f 4372/2874/848 4371/2877/848 4369/2875/847
f 4374/2876/849 4373/2879/849 4371/2877/848
f 4376/2878/850 4375/2880/850 4373/2879/849
f 4186/2075/756 4185/90/756 4375/2880/850
f 4380/2881/851 4379/2882/851 4377/255/852
f 4382/2701/853 4381/2703/853 4379/2882/851
f 4384/2883/854 4383/2884/854 4381/2703/853
f 4386/2702/855 4385/2705/855 4383/2884/854
f 4388/2885/856 4387/2886/856 4385/2705/855
f 4390/2704/857 4389/2707/857 4387/2886/856
f 4392/2887/858 4391/2888/858 4389/2707/857
f 4394/2706/859 4393/2709/859 4391/2888/858
f 4396/2889/860 4395/2890/860 4393/2709/859
f 4398/2708/861 4397/2711/861 4395/2890/860
f 4400/2891/862 4399/2892/862 4397/2711/861
f 4402/2710/863 4401/2713/863 4399/2892/862
f 4404/2893/864 4403/2894/864 4401/2713/863
f 4406/2712/865 4405/2715/865 4403/2894/864
f 4408/2895/866 4407/2896/866 4405/2715/865
f 4410/2714/867 4409/2717/867 4407/2896/866
f 4412/2897/868 4411/2898/868 4409/2717/867
f 4414/2716/869 4413/2719/869 4411/2898/868
f 4416/2899/870 4415/2900/870 4413/2719/869
f 4418/2718/871 4417/2721/871 4415/2900/870
f 4420/2901/872 4419/2902/872 4417/2721/871
f 4422/2720/873 4421/2723/873 4419/2902/872
f 4424/2903/874 4423/2904/874 4421/2723/873
f 4426/2722/875 4425/2725/875 4423/2904/874
f 4428/2905/876 4427/2906/876 4425/2725/875
f 4430/2724/877 4429/2727/877 4427/2906/876
f 4432/2907/878 4431/2908/878 4429/2727/877
f 4434/2726/879 4433/2729/879 4431/2908/878
f 4436/2909/880 4435/2910/880 4433/2729/879
f 4438/2728/881 4437/2731/881 4435/2910/880
f 4440/2911/882 4439/2912/882 4437/2731/881
f 4442/2730/883 4441/373/883 4439/2912/882
f 4444/2913/884 4443/2914/884 4441/373/883
f 4446/2732/885 4445/2734/885 4443/2914/884
f 4448/2915/886 4447/2916/886 4445/2734/885
f 4450/2733/887 4449/2736/887 4447/2916/886
f 4452/2917/888 4451/2918/888 4449/2736/887
f 4454/2735/889 4453/2738/889 4451/2918/888
f 4456/2919/890 4455/2920/890 4453/2738/889
f 4458/2737/891 4457/2740/891 4455/2920/890
f 4460/2921/892 4459/2922/892 4457/2740/891
f 4462/2739/893 4461/2742/893 4459/2922/892
f 4464/2923/894 4463/2924/894 4461/2742/893
f 4466/2741/895 4465/2744/895 4463/2924/894
f 4468/2925/896 4467/2926/896 4465/2744/895
f 4470/2743/897 4469/2745/897 4467/2926/896
f 4472/2927/898 4471/2928/898 4469/2745/897
f 4474/1496/899 4473/14/899 4471/2928/898
f 4476/2929/900 4475/2930/900 4473/14/899
f 4478/2746/901 4477/2748/901 4475/2930/900
f 4480/2931/902 4479/2932/902 4477/2748/901
f 4482/2747/155 4481/2750/155 4479/2932/902
f 4484/2933/903 4483/2934/903 4481/2750/155
f 4486/2749/904 4485/2752/904 4483/2934/903
f 4488/2935/905 4487/2936/905 4485/2752/904
f 4490/2751/906 4489/2754/906 4487/2936/905
f 4492/2937/615 4491/2938/615 4489/2754/906
f 4494/2753/907 4493/2756/907 4491/2938/615
f 4496/2939/908 4495/2940/908 4493/2756/907
f 4498/2755/909 4497/2758/909 4495/2940/908
f 4500/2941/910 4499/2942/910 4497/2758/909
f 4502/2757/911 4501/2760/911 4499/2942/910
f 4504/2943/912 4503/2944/912 4501/2760/911
f 4506/2759/913 4505/352/913 4503/2944/912
f 4508/2945/914 4507/2946/914 4505/352/913
f 4510/2761/915 4509/2763/915 4507/2946/914
f 4512/2947/916 4511/2948/916 4509/2763/915
f 4514/2762/917 4513/2765/917 4511/2948/916
f 4516/2949/918 4515/2950/918 4513/2765/917
f 4518/2764/919 4517/2767/919 4515/2950/918
f 4520/2951/920 4519/2952/920 4517/2767/919
f 4522/2766/921 4521/2769/921 4519/2952/920
f 4524/2953/922 4523/2954/922 4521/2769/921
f 4526/2768/923 4525/2771/923 4523/2954/922
f 4528/2955/924 4527/2956/924 4525/2771/923
f 4530/2770/925 4529/2773/925 4527/2956/924
f 4532/2957/926 4531/2958/926 4529/2773/925
f 4534/2772/927 4533/2775/927 4531/2958/926
f 4536/2959/928 4535/2960/928 4533/2775/927
f 4538/2774/929 4537/2777/929 4535/2960/928
f 4540/2961/930 4539/2962/930 4537/2777/929
f 4542/2776/931 4541/2779/931 4539/2962/930
f 4544/2963/932 4543/2964/932 4541/2779/931
f 4546/2778/933 4545/2781/933 4543/2964/932
f 4548/2965/934 4547/2966/934 4545/2781/933
f 4550/2780/935 4549/2783/935 4547/2966/934
f 4552/2967/936 4551/2968/936 4549/2783/935
f 4554/2782/937 4553/2785/937 4551/2968/936
f 4556/2969/938 4555/2970/938 4553/2785/937
f 4558/2784/939 4557/2787/939 4555/2970/938
f 4560/2971/940 4559/2972/940 4557/2787/939
f 4562/2786/941 4561/2789/941 4559/2972/940
f 4564/2973/942 4563/2974/942 4561/2789/941
f 4566/2788/943 4565/2790/943 4563/2974/942
f 4568/2975/944 4567/2976/944 4565/2790/943
f 4570/1689/945 4569/207/945 4567/2976/944
f 4572/2977/334 4571/2978/334 4569/207/945
f 4574/2791/946 4573/2793/946 4571/2978/334
f 4576/2979/947 4575/2980/947 4573/2793/946
f 4578/2792/948 4577/2795/948 4575/2980/947
f 4580/2981/949 4579/2982/949 4577/2795/948
f 4582/2794/950 4581/2797/950 4579/2982/949
f 4584/2983/951 4583/2984/951 4581/2797/950
f 4586/2796/952 4585/2799/952 4583/2984/951
f 4588/2985/953 4587/2986/953 4585/2799/952
f 4590/2798/954 4589/2801/954 4587/2986/953
f 4592/2987/955 4591/2988/955 4589/2801/954
f 4594/2800/956 4593/2803/956 4591/2988/955
f 4596/2989/957 4595/2990/957 4593/2803/956
f 4598/2802/958 4597/2805/958 4595/2990/957
f 4600/2991/959 4599/2992/959 4597/2805/958
f 4602/2804/960 4601/2807/960 4599/2992/959
f 4604/2993/961 4603/2994/961 4601/2807/960
f 4606/2806/962 4605/2809/962 4603/2994/961
f 4608/2995/963 4607/2996/963 4605/2809/962
f 4610/2808/964 4609/2811/964 4607/2996/963
f 4612/2997/965 4611/2998/965 4609/2811/964
f 4614/2810/966 4613/2813/966 4611/2998/965
f 4616/2999/967 4615/3000/967 4613/2813/966
f 4618/2812/968 4617/2815/968 4615/3000/967
f 4620/3001/969 4619/3002/969 4617/2815/968
f 4622/2814/970 4621/2817/970 4619/3002/969
f 4624/3003/971 4623/3004/971 4621/2817/970
f 4626/2816/972 4625/2819/972 4623/3004/971
f 4628/3005/973 4627/3006/973 4625/2819/972
f 4630/2818/974 4629/2821/974 4627/3006/973
f 4632/3007/975 4631/3008/975 4629/2821/974
f 4634/2820/976 4633/316/976 4631/3008/975
f 4636/3009/977 4635/3010/977 4633/316/976
f 4638/2822/978 4637/2824/978 4635/3010/977
f 4640/3011/979 4639/3012/979 4637/2824/978
f 4642/2823/980 4641/2826/980 4639/3012/979
f 4644/3013/981 4643/3014/981 4641/2826/980
f 4646/2825/982 4645/2828/982 4643/3014/981
f 4648/3015/983 4647/3016/983 4645/2828/982
f 4650/2827/984 4649/2830/984 4647/3016/983
f 4652/3017/985 4651/3018/985 4649/2830/984
f 4654/2829/986 4653/2832/986 4651/3018/985
f 4656/3019/987 4655/3020/987 4653/2832/986
f 4658/2831/988 4657/2834/988 4655/3020/987
f 4660/3021/989 4659/3022/989 4657/2834/988
f 4662/2833/990 4661/2835/990 4659/3022/989
f 4664/3023/991 4663/3024/991 4661/2835/990
f 4666/1882/992 4665/232/992 4663/3024/991
f 4668/3025/993 4667/3026/993 4665/232/992
f 4670/2836/994 4669/2838/994 4667/3026/993
f 4672/3027/995 4671/3028/995 4669/2838/994
f 4674/2837/996 4673/2840/996 4671/3028/995
f 4676/3029/378 4675/3030/378 4673/2840/996
f 4678/2839/997 4677/2842/997 4675/3030/378
f 4680/3031/998 4679/3032/998 4677/2842/997
f 4682/2841/999 4681/2844/999 4679/3032/998
f 4684/3033/1000 4683/3034/1000 4681/2844/999
f 4686/2843/1001 4685/2846/1001 4683/3034/1000
f 4688/3035/1002 4687/3036/1002 4685/2846/1001
f 4690/2845/1003 4689/2848/1003 4687/3036/1002
f 4692/3037/1004 4691/3038/1004 4689/2848/1003
f 4694/2847/1005 4693/2850/1005 4691/3038/1004
f 4696/3039/1006 4695/3040/1006 4693/2850/1005
f 4698/2849/1007 4697/273/1007 4695/3040/1006
f 4700/3041/1008 4699/3042/1008 4697/273/1007
f 4702/2851/1009 4701/2853/1009 4699/3042/1008
f 4704/3043/1010 4703/3044/1010 4701/2853/1009
f 4706/2852/1011 4705/2855/1011 4703/3044/1010
f 4708/3045/1012 4707/3046/1012 4705/2855/1011
f 4710/2854/1013 4709/2857/1013 4707/3046/1012
f 4712/3047/1014 4711/3048/1014 4709/2857/1013
f 4714/2856/1015 4713/2859/1015 4711/3048/1014
f 4716/3049/1016 4715/3050/1016 4713/2859/1015
f 4718/2858/1017 4717/2861/1017 4715/3050/1016
f 4720/3051/1018 4719/3052/1018 4717/2861/1017
f 4722/2860/1019 4721/2863/1019 4719/3052/1018
f 4724/3053/1020 4723/3054/1020 4721/2863/1019
f 4726/2862/1021 4725/2865/1021 4723/3054/1020
f 4728/3055/1022 4727/3056/1022 4725/2865/1021
f 4730/2864/1023 4729/2867/1023 4727/3056/1022
f 4732/3057/1024 4731/3058/1024 4729/2867/1023
f 4734/2866/1025 4733/2869/1025 4731/3058/1024
f 4736/3059/1026 4735/3060/1026 4733/2869/1025
f 4738/2868/1027 4737/2871/1027 4735/3060/1026
f 4740/3061/1028 4739/3062/1028 4737/2871/1027
f 4742/2870/1029 4741/2873/1029 4739/3062/1028
f 4744/3063/1030 4743/3064/1030 4741/2873/1029
f 4746/2872/1031 4745/2875/1031 4743/3064/1030
f 4748/3065/1032 4747/3066/1034 4745/2875/1031
f 4750/2874/1033 4749/2877/1033 4747/3066/1034
f 4752/3067/1035 4751/3068/1035 4749/2877/1033
f 4754/2876/1036 4753/2879/1036 4751/3068/1035
f 4756/3069/1037 4755/3070/1037 4753/2879/1036
f 4758/2878/1038 4757/2880/1038 4755/3070/1037
f 4760/3071/1039 4759/3072/1040 4757/2880/1038
f 4378/2075/852 4377/90/852 4759/3072/1040
f 4764/3073/255 4763/3075/255 4761/255/1041
f 4766/3074/1042 4765/3077/1042 4763/3075/255
f 4768/3076/1043 4767/3079/1043 4765/3077/1042
f 4770/3078/1044 4769/3081/1044 4767/3079/1043
f 4772/3080/1045 4771/3083/1045 4769/3081/1044
f 4774/3082/1046 4773/3085/1046 4771/3083/1045
f 4776/3084/1047 4775/3087/1047 4773/3085/1046
f 4778/3086/1048 4777/3089/1048 4775/3087/1047
f 4780/3088/1049 4779/3091/1049 4777/3089/1048
f 4782/3090/1050 4781/3093/1050 4779/3091/1049
f 4784/3092/1051 4783/3095/1053 4781/3093/1050
f 4786/3094/1052 4785/3097/1052 4783/3095/1053
f 4788/3096/1054 4787/3099/1056 4785/3097/1052
f 4790/3098/1055 4789/3101/1055 4787/3099/1056
f 4792/3100/1057 4791/3103/1057 4789/3101/1055
f 4794/3102/1058 4793/3105/1058 4791/3103/1057
f 4796/3104/1059 4795/3107/1059 4793/3105/1058
f 4798/3106/1060 4797/3109/1060 4795/3107/1059
f 4800/3108/1061 4799/3111/1061 4797/3109/1060
f 4802/3110/1062 4801/3113/1062 4799/3111/1061
f 4804/3112/1063 4803/3115/1063 4801/3113/1062
f 4806/3114/1064 4805/3117/1064 4803/3115/1063
f 4808/3116/1065 4807/3119/1065 4805/3117/1064
f 4810/3118/1066 4809/3121/1066 4807/3119/1065
f 4812/3120/1067 4811/3123/1067 4809/3121/1066
f 4814/3122/1068 4813/3125/1068 4811/3123/1067
f 4816/3124/1069 4815/3127/1069 4813/3125/1068
f 4818/3126/1070 4817/3129/1070 4815/3127/1069
f 4820/3128/1071 4819/3131/1071 4817/3129/1070
f 4822/3130/1072 4821/3133/1072 4819/3131/1071
f 4824/3132/1073 4823/3135/1073 4821/3133/1072
f 4826/3134/1074 4825/3137/1074 4823/3135/1073
f 4828/3136/1075 4827/3139/1075 4825/3137/1074
f 4830/3138/1076 4829/3141/1076 4827/3139/1075
f 4832/3140/1077 4831/3143/1077 4829/3141/1076
f 4834/3142/1078 4833/3145/1078 4831/3143/1077
f 4836/3144/1079 4835/3147/1079 4833/3145/1078
f 4838/3146/1080 4837/3149/1080 4835/3147/1079
f 4840/3148/1081 4839/3151/1081 4837/3149/1080
f 4842/3150/1082 4841/3153/1082 4839/3151/1081
f 4844/3152/1083 4843/3155/1083 4841/3153/1082
f 4846/3154/1084 4845/3157/1084 4843/3155/1083
f 4848/3156/1085 4847/3159/1087 4845/3157/1084
f 4850/3158/1086 4849/3161/1086 4847/3159/1087
f 4852/3160/1088 4851/3163/1088 4849/3161/1086
f 4854/3162/1089 4853/3165/1089 4851/3163/1088
f 4856/3164/1090 4855/3167/1090 4853/3165/1089
f 4858/3166/1091 4857/3169/1091 4855/3167/1090
f 4860/3168/1092 4859/3171/1094 4857/3169/1091
f 4862/3170/1093 4861/3173/1093 4859/3171/1094
f 4864/3172/255 4863/3175/255 4861/3173/1093
f 4866/3174/1095 4865/3177/1095 4863/3175/255
f 4868/3176/47 4867/3179/47 4865/3177/1095
f 4870/3178/718 4869/3181/718 4867/3179/47
f 4872/3180/1096 4871/3183/1096 4869/3181/718
f 4874/3182/1097 4873/3185/1097 4871/3183/1096
f 4876/3184/1098 4875/3187/1098 4873/3185/1097
f 4878/3186/1099 4877/3189/1099 4875/3187/1098
f 4880/3188/1100 4879/3191/1100 4877/3189/1099
f 4882/3190/1101 4881/3193/1101 4879/3191/1100
f 4884/3192/1102 4883/3195/1102 4881/3193/1101
f 4886/3194/1103 4885/3197/1103 4883/3195/1102
f 4888/3196/1104 4887/3199/1104 4885/3197/1103
f 4890/3198/1105 4889/3201/1105 4887/3199/1104
f 4892/3200/1106 4891/3203/1106 4889/3201/1105
f 4894/3202/1107 4893/3205/1107 4891/3203/1106
f 4896/3204/1108 4895/3207/1108 4893/3205/1107
f 4898/3206/1109 4897/3209/1109 4895/3207/1108
f 4900/3208/1110 4899/3211/1110 4897/3209/1109
f 4902/3210/1111 4901/3213/1111 4899/3211/1110
f 4904/3212/1112 4903/3215/1114 4901/3213/1111
f 4906/3214/1113 4905/3217/1113 4903/3215/1114
f 4908/3216/1115 4907/3219/1115 4905/3217/1113
f 4910/3218/1116 4909/3221/1116 4907/3219/1115
f 4912/3220/1117 4911/3223/1117 4909/3221/1116
f 4914/3222/1118 4913/3225/1118 4911/3223/1117
f 4916/3224/1119 4915/3227/1119 4913/3225/1118
f 4918/3226/1120 4917/3229/1122 4915/3227/1119
f 4920/3228/1121 4919/3231/1121 4917/3229/1122
f 4922/3230/1123 4921/3233/1123 4919/3231/1121
f 4924/3232/831 4923/3235/831 4921/3233/1123
f 4926/3234/1124 4925/3237/1126 4923/3235/831
f 4928/3236/1125 4927/3239/1125 4925/3237/1126
f 4930/3238/1127 4929/3241/1129 4927/3239/1125
f 4932/3240/1128 4931/3243/1128 4929/3241/1129
f 4934/3242/1130 4933/3245/1130 4931/3243/1128
f 4936/3244/1131 4935/3247/1133 4933/3245/1130
f 4938/3246/1132 4937/3249/1132 4935/3247/1133
f 4940/3248/1134 4939/3251/1134 4937/3249/1132
f 4942/3250/1135 4941/3253/1135 4939/3251/1134
f 4944/3252/1136 4943/3255/1136 4941/3253/1135
f 4946/3254/1137 4945/3257/1137 4943/3255/1136
f 4948/3256/1138 4947/3259/1138 4945/3257/1137
f 4950/3258/1139 4949/3261/1139 4947/3259/1138
f 4952/3260/1140 4951/3263/1140 4949/3261/1139
f 4954/3262/1141 4953/3265/1141 4951/3263/1140
f 4956/3264/1142 4955/3267/1142 4953/3265/1141
f 4958/3266/1143 4957/3269/1143 4955/3267/1142
f 4960/3268/538 4959/3271/538 4957/3269/1143
f 4962/3270/1144 4961/3273/1144 4959/3271/538
f 4964/3272/1145 4963/3275/1145 4961/3273/1144
f 4966/3274/1146 4965/3277/1146 4963/3275/1145
f 4968/3276/1147 4967/3279/1147 4965/3277/1146
f 4970/3278/1148 4969/3281/1148 4967/3279/1147
f 4972/3280/1149 4971/3283/1149 4969/3281/1148
f 4974/3282/1150 4973/3285/1150 4971/3283/1149
f 4976/3284/1151 4975/3287/1151 4973/3285/1150
f 4978/3286/1152 4977/3289/1152 4975/3287/1151
f 4980/3288/1153 4979/3291/1153 4977/3289/1152
f 4982/3290/1154 4981/3293/1154 4979/3291/1153
f 4984/3292/232 4983/3295/232 4981/3293/1154
f 4986/3294/1155 4985/3297/1155 4983/3295/232
f 4988/3296/1156 4987/3299/1156 4985/3297/1155
f 4990/3298/1157 4989/3301/1157 4987/3299/1156
f 4992/3300/1158 4991/3303/1158 4989/3301/1157
f 4994/3302/1159 4993/3305/1159 4991/3303/1158
f 4996/3304/1160 4995/3307/1160 4993/3305/1159
f 4998/3306/1161 4997/3309/1161 4995/3307/1160
f 5000/3308/1162 4999/3311/1162 4997/3309/1161
f 5002/3310/1163 5001/3313/1163 4999/3311/1162
f 5004/3312/1164 5003/3315/1164 5001/3313/1163
f 5006/3314/1165 5005/3317/1165 5003/3315/1164
f 5008/3316/1166 5007/3319/1166 5005/3317/1165
f 5010/3318/1167 5009/3321/1167 5007/3319/1166
f 5012/3320/1168 5011/3323/1168 5009/3321/1167
f 5014/3322/1169 5013/3324/1169 5011/3323/1168
f 4762/2075/1041 4761/90/1041 5013/3324/1169
f 5018/3325/1170 5017/3327/1170 5015/255/1171
f 5020/3326/1173 5019/3329/1173 5017/3327/1170
f 5022/3328/1174 5021/3331/1174 5019/3329/1173
f 5024/3330/1175 5023/3333/1175 5021/3331/1174
f 5026/3332/1176 5025/3335/1176 5023/3333/1175
f 5028/3334/1177 5027/3337/1177 5025/3335/1176
f 5030/3336/1178 5029/3339/1178 5027/3337/1177
f 5032/3338/1179 5031/3341/1179 5029/3339/1178
f 5034/3340/1180 5033/3343/1180 5031/3341/1179
f 5036/3342/1181 5035/3345/1181 5033/3343/1180
f 5038/3344/1182 5037/3347/1182 5035/3345/1181
f 5040/3346/1183 5039/3349/1183 5037/3347/1182
f 5042/3348/1184 5041/3351/1184 5039/3349/1183
f 5044/3350/1185 5043/3353/1185 5041/3351/1184
f 5046/3352/1186 5045/3355/1186 5043/3353/1185
f 5048/3354/1187 5047/3357/1187 5045/3355/1186
f 5050/3356/1188 5049/3359/1188 5047/3357/1187
f 5052/3358/1189 5051/3361/1189 5049/3359/1188
f 5054/3360/1190 5053/3363/1190 5051/3361/1189
f 5056/3362/1191 5055/3365/1191 5053/3363/1190
f 5058/3364/1192 5057/3367/1192 5055/3365/1191
f 5060/3366/1193 5059/3369/1193 5057/3367/1192
f 5062/3368/1194 5061/3371/1194 5059/3369/1193
f 5064/3370/1195 5063/3373/1195 5061/3371/1194
f 5066/3372/1196 5065/3375/1196 5063/3373/1195
f 5068/3374/1197 5067/3377/1197 5065/3375/1196
f 5070/3376/1198 5069/3379/1198 5067/3377/1197
f 5072/3378/1199 5071/3381/1199 5069/3379/1198
f 5074/3380/1200 5073/3383/1200 5071/3381/1199
f 5076/3382/1201 5075/3385/1201 5073/3383/1200
f 5078/3384/1202 5077/3387/1202 5075/3385/1201
f 5080/3386/1203 5079/3389/1205 5077/3387/1202
f 5082/3388/1204 5081/3391/1204 5079/3389/1205
f 5084/3390/1206 5083/3393/1206 5081/3391/1204
f 5086/3392/1207 5085/3395/1207 5083/3393/1206
f 5088/3394/1208 5087/3397/1208 5085/3395/1207
f 5090/3396/1209 5089/3399/1209 5087/3397/1208
f 5092/3398/1210 5091/3401/1210 5089/3399/1209
f 5094/3400/1211 5093/3403/1211 5091/3401/1210
f 5096/3402/1212 5095/3405/1212 5093/3403/1211
f 5098/3404/1213 5097/3407/1213 5095/3405/1212
f 5100/3406/1214 5099/3409/1214 5097/3407/1213
f 5102/3408/1215 5101/3411/1215 5099/3409/1214
f 5104/3410/1216 5103/785/1216 5101/3411/1215
f 5106/3412/1217 5105/3414/1217 5103/785/1216
f 5108/3413/1218 5107/3416/1218 5105/3414/1217
f 5110/3415/1219 5109/3418/1219 5107/3416/1218
f 5112/3417/1220 5111/3420/1220 5109/3418/1219
f 5114/3419/1221 5113/3422/1221 5111/3420/1220
f 5116/3421/1222 5115/3424/1224 5113/3422/1221
f 5118/3423/1223 5117/3426/1223 5115/3424/1224
f 5120/3425/1225 5119/3428/1225 5117/3426/1223
f 5122/3427/1226 5121/3430/1226 5119/3428/1225
f 5124/3429/1227 5123/3431/1227 5121/3430/1226
f 5126/1496/1228 5125/14/1228 5123/3431/1227
f 5128/3432/1229 5127/3434/1229 5125/14/1228
f 5130/3433/1230 5129/3436/1230 5127/3434/1229
f 5132/3435/1231 5131/3438/1231 5129/3436/1230
f 5134/3437/1232 5133/3440/1232 5131/3438/1231
f 5136/3439/1233 5135/3442/1233 5133/3440/1232
f 5138/3441/1234 5137/3444/1234 5135/3442/1233
f 5140/3443/1235 5139/3446/1235 5137/3444/1234
f 5142/3445/1236 5141/3448/1236 5139/3446/1235
f 5144/3447/1237 5143/3450/1237 5141/3448/1236
f 5146/3449/1238 5145/3452/1238 5143/3450/1237
f 5148/3451/1239 5147/3454/1239 5145/3452/1238
f 5150/3453/1240 5149/3456/1240 5147/3454/1239
f 5152/3455/1241 5151/3458/1241 5149/3456/1240
f 5154/3457/1242 5153/3460/1242 5151/3458/1241
f 5156/3459/1243 5155/3462/1243 5153/3460/1242
f 5158/3461/1244 5157/3464/1246 5155/3462/1243
f 5160/3463/1245 5159/3466/1245 5157/3464/1246
f 5162/3465/1247 5161/3468/1247 5159/3466/1245
f 5164/3467/1248 5163/3470/1248 5161/3468/1247
f 5166/3469/1249 5165/3472/1249 5163/3470/1248
f 5168/3471/1250 5167/3474/1250 5165/3472/1249
f 5170/3473/1251 5169/3476/1251 5167/3474/1250
f 5172/3475/1252 5171/3478/1252 5169/3476/1251
f 5174/3477/1253 5173/3480/1253 5171/3478/1252
f 5176/3479/1254 5175/3482/1254 5173/3480/1253
f 5178/3481/1255 5177/3484/1255 5175/3482/1254
f 5180/3483/1256 5179/3486/1256 5177/3484/1255
f 5182/3485/1257 5181/3488/1257 5179/3486/1256
f 5184/3487/1258 5183/3490/1258 5181/3488/1257
f 5186/3489/255 5185/3492/255 5183/3490/1258
f 5188/3491/1259 5187/3494/1259 5185/3492/255
f 5190/3493/1260 5189/3496/1260 5187/3494/1259
f 5192/3495/1261 5191/699/1261 5189/3496/1260
f 5194/3497/1262 5193/3499/1262 5191/699/1261
f 5196/3498/1263 5195/3501/1263 5193/3499/1262
f 5198/3500/1264 5197/3503/1266 5195/3501/1263
f 5200/3502/1265 5199/3505/1268 5197/3503/1266
f 5202/3504/1267 5201/3507/1267 5199/3505/1268
f 5204/3506/1269 5203/3509/1269 5201/3507/1267
f 5206/3508/1270 5205/3511/1270 5203/3509/1269
f 5208/3510/1271 5207/3513/1271 5205/3511/1270
f 5210/3512/1272 5209/3515/1272 5207/3513/1271
f 5212/3514/1273 5211/3517/1273 5209/3515/1272
f 5214/3516/1274 5213/3519/1276 5211/3517/1273
f 5216/3518/1275 5215/3521/1275 5213/3519/1276
f 5218/3520/1277 5217/3523/1279 5215/3521/1275
f 5220/3522/1278 5219/3525/1281 5217/3523/1279
f 5222/3524/1280 5221/3527/1280 5219/3525/1281
f 5224/3526/1282 5223/3529/1284 5221/3527/1280
f 5226/3528/1283 5225/3531/1283 5223/3529/1284
f 5228/3530/1285 5227/3533/1285 5225/3531/1283
f 5230/3532/1286 5229/3535/1286 5227/3533/1285
f 5232/3534/1287 5231/3537/1287 5229/3535/1286
f 5234/3536/1288 5233/3538/1288 5231/3537/1287
f 5236/1689/1289 5235/207/1291 5233/3538/1288
f 5238/3539/1290 5237/3541/1290 5235/207/1291
f 5240/3540/1292 5239/3543/1292 5237/3541/1290
f 5242/3542/1293 5241/3545/1293 5239/3543/1292
f 5244/3544/1294 5243/3547/1294 5241/3545/1293
f 5246/3546/1295 5245/3549/1295 5243/3547/1294
f 5248/3548/1296 5247/3551/1296 5245/3549/1295
f 5250/3550/1297 5249/3553/1299 5247/3551/1296
f 5252/3552/1298 5251/3555/1298 5249/3553/1299
f 5254/3554/63 5253/3557/63 5251/3555/1298
f 5256/3556/1300 5255/3559/1302 5253/3557/63
f 5258/3558/1301 5257/3561/1301 5255/3559/1302
f 5260/3560/1303 5259/3563/1303 5257/3561/1301
f 5262/3562/1304 5261/3565/1304 5259/3563/1303
f 5264/3564/1305 5263/3567/1305 5261/3565/1304
f 5266/3566/1306 5265/3569/1308 5263/3567/1305
f 5268/3568/1307 5267/3571/1307 5265/3569/1308
f 5270/3570/1309 5269/3573/1309 5267/3571/1307
f 5272/3572/1310 5271/3575/1310 5269/3573/1309
f 5274/3574/1311 5273/3577/1311 5271/3575/1310
f 5276/3576/1312 5275/3579/1312 5273/3577/1311
f 5278/3578/1313 5277/3581/1313 5275/3579/1312
f 5280/3580/1314 5279/747/1314 5277/3581/1313
f 5282/3582/1315 5281/3584/1315 5279/747/1314
f 5284/3583/1316 5283/3586/1316 5281/3584/1315
f 5286/3585/1317 5285/3588/1317 5283/3586/1316
f 5288/3587/1318 5287/3590/1318 5285/3588/1317
f 5290/3589/1319 5289/3592/1319 5287/3590/1318
f 5292/3591/1320 5291/3594/1320 5289/3592/1319
f 5294/3593/1321 5293/3596/1321 5291/3594/1320
f 5296/3595/1322 5295/3598/1322 5293/3596/1321
f 5298/3597/1323 5297/3600/1323 5295/3598/1322
f 5300/3599/1324 5299/3602/1324 5297/3600/1323
f 5302/3601/1325 5301/3604/1325 5299/3602/1324
f 5304/3603/1326 5303/3606/1326 5301/3604/1325
f 5306/3605/1327 5305/3608/1327 5303/3606/1326
f 5308/3607/1328 5307/3610/1328 5305/3608/1327
f 5310/3609/1329 5309/3612/1329 5307/3610/1328
f 5312/3611/1330 5311/3614/1330 5309/3612/1329
f 5314/3613/1331 5313/3616/1331 5311/3614/1330
f 5316/3615/1332 5315/3618/1332 5313/3616/1331
f 5318/3617/1333 5317/3620/1333 5315/3618/1332
f 5320/3619/1334 5319/3622/1334 5317/3620/1333
f 5322/3621/1335 5321/3624/1335 5319/3622/1334
f 5324/3623/1336 5323/3626/1336 5321/3624/1335
f 5326/3625/1337 5325/3628/1337 5323/3626/1336
f 5328/3627/1338 5327/3630/1340 5325/3628/1337
f 5330/3629/1339 5329/3632/1342 5327/3630/1340
f 5332/3631/1341 5331/3634/1341 5329/3632/1342
f 5334/3633/1343 5333/3636/1345 5331/3634/1341
f 5336/3635/1344 5335/3638/1344 5333/3636/1345
f 5338/3637/1346 5337/3640/1348 5335/3638/1344
f 5340/3639/1347 5339/3642/1350 5337/3640/1348
f 5342/3641/1349 5341/3644/1349 5339/3642/1350
f 5344/3643/1351 5343/3645/1351 5341/3644/1349
f 5346/1882/1352 5345/232/1354 5343/3645/1351
f 5348/3646/1353 5347/3648/1356 5345/232/1354
f 5350/3647/1355 5349/3650/1355 5347/3648/1356
f 5352/3649/1357 5351/3652/1357 5349/3650/1355
f 5354/3651/1358 5353/3654/1360 5351/3652/1357
f 5356/3653/1359 5355/3656/1359 5353/3654/1360
f 5358/3655/1361 5357/3658/1363 5355/3656/1359
f 5360/3657/1362 5359/3660/1365 5357/3658/1363
f 5362/3659/1364 5361/3662/1364 5359/3660/1365
f 5364/3661/1366 5363/3664/1366 5361/3662/1364
f 5366/3663/1367 5365/3666/1367 5363/3664/1366
f 5368/3665/1368 5367/837/1370 5365/3666/1367
f 5370/3667/1369 5369/3669/1372 5367/837/1370
f 5372/3668/1371 5371/3671/1374 5369/3669/1372
f 5374/3670/1373 5373/3673/1373 5371/3671/1374
f 5376/3672/1375 5375/3675/1375 5373/3673/1373
f 5378/3674/1376 5377/3677/1376 5375/3675/1375
f 5380/3676/1377 5379/3679/1377 5377/3677/1376
f 5382/3678/718 5381/3681/718 5379/3679/1377
f 5384/3680/1378 5383/3683/1380 5381/3681/718
f 5386/3682/1379 5385/3685/1379 5383/3683/1380
f 5388/3684/1381 5387/3687/1383 5385/3685/1379
f 5390/3686/1382 5389/3689/1382 5387/3687/1383
f 5392/3688/1384 5391/3691/1384 5389/3689/1382
f 5394/3690/1385 5393/3693/1385 5391/3691/1384
f 5396/3692/1386 5395/3695/1386 5393/3693/1385
f 5398/3694/1387 5397/3697/1387 5395/3695/1386
f 5400/3696/1388 5399/3699/1390 5397/3697/1387
f 5402/3698/1389 5401/3701/1389 5399/3699/1390
f 5404/3700/1391 5403/3703/1391 5401/3701/1389
f 5406/3702/1392 5405/3705/1392 5403/3703/1391
f 5408/3704/1393 5407/3707/1393 5405/3705/1392
f 5410/3706/1394 5409/3709/1394 5407/3707/1393
f 5412/3708/1395 5411/3711/1397 5409/3709/1394
f 5414/3710/1396 5413/3713/1399 5411/3711/1397
f 5416/3712/1398 5415/3715/1398 5413/3713/1399
f 5418/3714/1400 5417/3717/1400 5415/3715/1398
f 5420/3716/1401 5419/3719/1401 5417/3717/1400
f 5422/3718/1402 5421/3721/1402 5419/3719/1401
f 5424/3720/1403 5423/3723/1403 5421/3721/1402
f 5426/3722/1404 5425/3725/1404 5423/3723/1403
f 5428/3724/1405 5427/3727/1405 5425/3725/1404
f 5430/3726/1406 5429/3729/1406 5427/3727/1405
f 5432/3728/1407 5431/3731/1407 5429/3729/1406
f 5434/3730/1408 5433/3733/1408 5431/3731/1407
f 5436/3732/1409 5435/3735/1409 5433/3733/1408
f 5438/3734/1410 5437/3737/1410 5435/3735/1409
f 5440/3736/1411 5439/3739/1411 5437/3737/1410
f 5442/3738/1412 5441/3741/1412 5439/3739/1411
f 5444/3740/1413 5443/3743/1413 5441/3741/1412
f 5446/3742/1414 5445/3745/1414 5443/3743/1413
f 5448/3744/1415 5447/3747/1415 5445/3745/1414
f 5450/3746/1416 5449/3749/1416 5447/3747/1415
f 5452/3748/1417 5451/3751/1417 5449/3749/1416
f 5454/3750/1418 5453/3752/1418 5451/3751/1417
f 5016/2075/1172 5015/90/1171 5453/3752/1418
f 5458/3753/1419 5457/3755/1419 5455/255/1420
f 5460/3754/1421 5459/3757/1421 5457/3755/1419
f 5462/3756/1422 5461/3759/1422 5459/3757/1421
f 5464/3758/1423 5463/3761/1423 5461/3759/1422
f 5466/3760/1424 5465/3763/1424 5463/3761/1423
f 5468/3762/1425 5467/3765/1425 5465/3763/1424
f 5470/3764/1426 5469/376/1426 5467/3765/1425
f 5472/3766/1427 5471/3768/1429 5469/376/1426
f 5474/3767/1428 5473/3770/1428 5471/3768/1429
f 5476/3769/1430 5475/3772/1430 5473/3770/1428
f 5478/3771/1431 5477/3774/1433 5475/3772/1430
f 5480/3773/1432 5479/3776/1432 5477/3774/1433
f 5482/3775/1434 5481/3778/1434 5479/3776/1432
f 5484/3777/1435 5483/358/1435 5481/3778/1434
f 5486/3779/1436 5485/3781/1438 5483/358/1435
f 5488/3780/1437 5487/3783/1437 5485/3781/1438
f 5490/3782/1439 5489/3785/1439 5487/3783/1437
f 5492/3784/1440 5491/3787/1442 5489/3785/1439
f 5494/3786/1441 5493/3789/1441 5491/3787/1442
f 5496/3788/1443 5495/3791/1443 5493/3789/1441
f 5498/3790/1444 5497/300/1444 5495/3791/1443
f 5500/3792/1445 5499/3794/1445 5497/300/1444
f 5502/3793/1446 5501/3796/1446 5499/3794/1445
f 5504/3795/1447 5503/3798/1447 5501/3796/1446
f 5506/3797/1448 5505/3800/1448 5503/3798/1447
f 5508/3799/1449 5507/3802/1449 5505/3800/1448
f 5510/3801/1450 5509/3804/1450 5507/3802/1449
f 5512/3803/1451 5511/328/1451 5509/3804/1450
f 5514/3805/1452 5513/3807/1452 5511/328/1451
f 5516/3806/1453 5515/3809/1453 5513/3807/1452
f 5518/3808/1454 5517/3811/1454 5515/3809/1453
f 5520/3810/1455 5519/3813/1455 5517/3811/1454
f 5522/3812/1456 5521/3815/1456 5519/3813/1455
f 5524/3814/1457 5523/3817/1459 5521/3815/1456
f 5526/3816/1458 5525/310/1458 5523/3817/1459
f 5528/3818/1460 5527/3820/1460 5525/310/1458
f 5530/3819/1461 5529/3822/1461 5527/3820/1460
f 5532/3821/1462 5531/3824/1462 5529/3822/1461
f 5534/3823/1463 5533/3826/1463 5531/3824/1462
f 5536/3825/1464 5535/3828/1464 5533/3826/1463
f 5538/3827/1465 5537/3830/1465 5535/3828/1464
f 5540/3829/1466 5539/276/1466 5537/3830/1465
f 5542/3831/1467 5541/3833/1467 5539/276/1466
f 5544/3832/1468 5543/3835/1468 5541/3833/1467
f 5546/3834/1469 5545/3837/1469 5543/3835/1468
f 5548/3836/1470 5547/3839/1470 5545/3837/1469
f 5550/3838/1471 5549/3841/1471 5547/3839/1470
f 5552/3840/1472 5551/3842/1472 5549/3841/1471
f 5456/2075/1420 5455/90/1420 5551/3842/1472
