# Blender 4.4.1
# www.blender.org
mtllib SignBoard_Rensyu.mtl
o テキスト.001
v 1.379000 1.977593 0.226487
v 1.060000 1.659593 0.226487
v 1.004000 1.716593 0.226487
v 1.107000 1.818593 0.226487
v 1.110191 1.821766 0.226487
v 1.113431 1.824954 0.226487
v 1.116719 1.828155 0.226487
v 1.120055 1.831370 0.226487
v 1.123441 1.834599 0.226487
v 1.126875 1.837843 0.226487
v 1.130358 1.841100 0.226487
v 1.133889 1.844370 0.226487
v 1.137469 1.847655 0.226487
v 1.141097 1.850954 0.226487
v 1.144774 1.854266 0.226487
v 1.148500 1.857593 0.226487
v 1.152260 1.860926 0.226487
v 1.156042 1.864259 0.226487
v 1.159844 1.867593 0.226487
v 1.163667 1.870926 0.226487
v 1.167511 1.874259 0.226487
v 1.171375 1.877593 0.226487
v 1.175260 1.880926 0.226487
v 1.179167 1.884259 0.226487
v 1.183094 1.887593 0.226487
v 1.187042 1.890926 0.226487
v 1.191010 1.894259 0.226487
v 1.195000 1.897593 0.226487
v 1.198986 1.900912 0.226487
v 1.202944 1.904204 0.226487
v 1.206875 1.907468 0.226487
v 1.210778 1.910704 0.226487
v 1.214653 1.913912 0.226487
v 1.218500 1.917093 0.226487
v 1.222319 1.920245 0.226487
v 1.226111 1.923370 0.226487
v 1.229875 1.926468 0.226487
v 1.233611 1.929537 0.226487
v 1.237320 1.932579 0.226487
v 1.241000 1.935593 0.226487
v 1.244646 1.938572 0.226487
v 1.248250 1.941509 0.226487
v 1.251813 1.944405 0.226487
v 1.255333 1.947259 0.226487
v 1.258813 1.950072 0.226487
v 1.262250 1.952843 0.226487
v 1.265646 1.955572 0.226487
v 1.269000 1.958259 0.226487
v 1.272313 1.960905 0.226487
v 1.275583 1.963509 0.226487
v 1.278813 1.966072 0.226487
v 1.282000 1.968593 0.226487
v 1.271000 1.951593 0.226487
v 1.267663 1.951089 0.226487
v 1.264320 1.950579 0.226487
v 1.260969 1.950061 0.226487
v 1.257611 1.949537 0.226487
v 1.254247 1.949006 0.226487
v 1.250875 1.948468 0.226487
v 1.247496 1.947922 0.226487
v 1.244111 1.947370 0.226487
v 1.240719 1.946811 0.226487
v 1.237319 1.946245 0.226487
v 1.233913 1.945672 0.226487
v 1.230500 1.945093 0.226487
v 1.227087 1.944520 0.226487
v 1.223680 1.943968 0.226487
v 1.220281 1.943436 0.226487
v 1.216889 1.942926 0.226487
v 1.213503 1.942436 0.226487
v 1.210125 1.941968 0.226487
v 1.206753 1.941520 0.226487
v 1.203389 1.941093 0.226487
v 1.200031 1.940686 0.226487
v 1.196681 1.940301 0.226487
v 1.193337 1.939936 0.226487
v 1.190000 1.939593 0.226487
v 1.186660 1.939273 0.226487
v 1.183306 1.938981 0.226487
v 1.179938 1.938718 0.226487
v 1.176556 1.938481 0.226487
v 1.173160 1.938273 0.226487
v 1.169750 1.938093 0.226487
v 1.166327 1.937940 0.226487
v 1.162889 1.937815 0.226487
v 1.159438 1.937718 0.226487
v 1.155972 1.937648 0.226487
v 1.152493 1.937606 0.226487
v 1.149000 1.937593 0.226487
v 0.648000 1.937593 0.226487
v 0.648000 2.018593 0.226487
v 1.149000 2.018593 0.226487
v 1.152493 2.018575 0.226487
v 1.155972 2.018523 0.226487
v 1.159437 2.018436 0.226487
v 1.162889 2.018315 0.226487
v 1.166326 2.018158 0.226487
v 1.169750 2.017968 0.226487
v 1.173160 2.017742 0.226487
v 1.176555 2.017482 0.226487
v 1.179937 2.017186 0.226487
v 1.183305 2.016856 0.226487
v 1.186660 2.016492 0.226487
v 1.190000 2.016093 0.226487
v 1.193337 2.015676 0.226487
v 1.196681 2.015259 0.226487
v 1.200031 2.014843 0.226487
v 1.203389 2.014426 0.226487
v 1.206753 2.014009 0.226487
v 1.210125 2.013592 0.226487
v 1.213503 2.013176 0.226487
v 1.216889 2.012759 0.226487
v 1.220281 2.012342 0.226487
v 1.223680 2.011926 0.226487
v 1.227087 2.011509 0.226487
v 1.230500 2.011093 0.226487
v 1.233913 2.010659 0.226487
v 1.237319 2.010190 0.226487
v 1.240719 2.009686 0.226487
v 1.244111 2.009148 0.226487
v 1.247496 2.008575 0.226487
v 1.250875 2.007967 0.226487
v 1.254246 2.007325 0.226487
v 1.257611 2.006648 0.226487
v 1.260969 2.005936 0.226487
v 1.264319 2.005190 0.226487
v 1.267663 2.004409 0.226487
v 1.271000 2.003592 0.226487
v 1.282000 1.987593 0.226487
v 1.277792 1.990804 0.226487
v 1.273500 1.994106 0.226487
v 1.269125 1.997499 0.226487
v 1.264667 2.000982 0.226487
v 1.260125 2.004554 0.226487
v 1.255500 2.008218 0.226487
v 1.250792 2.011971 0.226487
v 1.246000 2.015815 0.226487
v 1.241125 2.019749 0.226487
v 1.236167 2.023773 0.226487
v 1.231125 2.027888 0.226487
v 1.226000 2.032093 0.226487
v 1.220830 2.036356 0.226487
v 1.215653 2.040648 0.226487
v 1.210469 2.044968 0.226487
v 1.205278 2.049315 0.226487
v 1.200080 2.053690 0.226487
v 1.194875 2.058093 0.226487
v 1.189663 2.062523 0.226487
v 1.184444 2.066982 0.226487
v 1.179219 2.071468 0.226487
v 1.173986 2.075981 0.226487
v 1.168747 2.080523 0.226487
v 1.163500 2.085093 0.226487
v 1.158295 2.089658 0.226487
v 1.153181 2.094190 0.226487
v 1.148156 2.098686 0.226487
v 1.143222 2.103148 0.226487
v 1.138379 2.107575 0.226487
v 1.133625 2.111968 0.226487
v 1.128962 2.116325 0.226487
v 1.124389 2.120648 0.226487
v 1.119906 2.124936 0.226487
v 1.115514 2.129190 0.226487
v 1.111212 2.133409 0.226487
v 1.107000 2.137593 0.226487
v 1.004000 2.239593 0.226487
v 1.060000 2.296593 0.226487
v -0.303215 2.350353 0.226487
v -0.288972 2.345671 0.226487
v -0.274438 2.340608 0.226487
v -0.259778 2.335222 0.226487
v -0.245160 2.329572 0.226487
v -0.230750 2.323718 0.226487
v -0.216715 2.317717 0.226487
v -0.203222 2.311630 0.226487
v -0.190438 2.305514 0.226487
v -0.178528 2.299431 0.226487
v -0.167660 2.293437 0.226487
v -0.158000 2.287593 0.226487
v -0.191000 2.233593 0.226487
v -0.200450 2.239727 0.226487
v -0.211181 2.246083 0.226487
v -0.223016 2.252593 0.226487
v -0.235778 2.259185 0.226487
v -0.249290 2.265792 0.226487
v -0.263375 2.272343 0.226487
v -0.277856 2.278769 0.226487
v -0.292556 2.285000 0.226487
v -0.307297 2.290968 0.226487
v -0.321903 2.296602 0.226487
v -0.336196 2.301833 0.226487
v -0.350000 2.306592 0.226487
v -0.317000 2.354593 0.226487
v 0.113634 2.346602 0.226487
v 0.128903 2.342171 0.226487
v 0.144609 2.337358 0.226487
v 0.160556 2.332222 0.226487
v 0.176543 2.326822 0.226487
v 0.192375 2.321218 0.226487
v 0.207852 2.315467 0.226487
v 0.222778 2.309630 0.226487
v 0.236953 2.303765 0.226487
v 0.250181 2.297931 0.226487
v 0.262262 2.292187 0.226487
v 0.273000 2.286592 0.226487
v 0.241000 2.230593 0.226487
v 0.230510 2.236457 0.226487
v 0.218667 2.242509 0.226487
v 0.205656 2.248686 0.226487
v 0.191667 2.254926 0.226487
v 0.176885 2.261166 0.226487
v 0.161500 2.267343 0.226487
v 0.145698 2.273395 0.226487
v 0.129667 2.279259 0.226487
v 0.113594 2.284874 0.226487
v 0.097667 2.290176 0.226487
v 0.082073 2.295103 0.226487
v 0.067000 2.299592 0.226487
v 0.099000 2.350593 0.226487
v 0.272000 1.675593 0.226487
v 0.272000 1.776593 0.226487
v -0.215000 1.776593 0.226487
v -0.215000 1.675593 0.226487
v 0.272000 1.933593 0.226487
v -0.215000 1.933593 0.226487
v -0.215000 1.836593 0.226487
v 0.272000 1.836593 0.226487
v -0.014000 2.087593 0.226487
v 0.064000 2.072592 0.226487
v 0.060480 2.065615 0.226487
v 0.056921 2.058685 0.226487
v 0.053328 2.051811 0.226487
v 0.049704 2.045000 0.226487
v 0.046052 2.038258 0.226487
v 0.042375 2.031593 0.226487
v 0.038678 2.025010 0.226487
v 0.034963 2.018518 0.226487
v 0.031234 2.012124 0.226487
v 0.027495 2.005833 0.226487
v 0.023749 1.999654 0.226487
v 0.020000 1.993593 0.226487
v 0.350000 1.993593 0.226487
v 0.350000 1.576593 0.226487
v 0.272000 1.576593 0.226487
v 0.272000 1.616593 0.226487
v -0.215000 1.616593 0.226487
v -0.215000 1.576593 0.226487
v -0.290000 1.576593 0.226487
v -0.290000 1.993593 0.226487
v -0.054000 1.993593 0.226487
v -0.051252 1.999132 0.226487
v -0.048514 2.004741 0.226487
v -0.045797 2.010405 0.226487
v -0.043111 2.016111 0.226487
v -0.040467 2.021845 0.226487
v -0.037875 2.027593 0.226487
v -0.035345 2.033340 0.226487
v -0.032889 2.039074 0.226487
v -0.030516 2.044780 0.226487
v -0.028236 2.050444 0.226487
v -0.026061 2.056053 0.226487
v -0.024000 2.061593 0.226487
v -0.084000 2.061593 0.226487
v -0.084000 2.193593 0.226487
v -0.108818 2.182099 0.226487
v -0.133708 2.170644 0.226487
v -0.158578 2.159265 0.226487
v -0.183333 2.148000 0.226487
v -0.207880 2.136888 0.226487
v -0.232125 2.125968 0.226487
v -0.255974 2.115276 0.226487
v -0.279333 2.104852 0.226487
v -0.302109 2.094733 0.226487
v -0.324208 2.084958 0.226487
v -0.345536 2.075565 0.226487
v -0.366000 2.066593 0.226487
v -0.393000 2.128592 0.226487
v -0.372712 2.136248 0.226487
v -0.350944 2.144671 0.226487
v -0.327844 2.153796 0.226487
v -0.303556 2.163556 0.226487
v -0.278226 2.173885 0.226487
v -0.252000 2.184718 0.226487
v -0.225024 2.195988 0.226487
v -0.197444 2.207630 0.226487
v -0.169406 2.219577 0.226487
v -0.141056 2.231764 0.226487
v -0.112538 2.244124 0.226487
v -0.084000 2.256593 0.226487
v -0.084000 2.390593 0.226487
v -0.381000 2.390593 0.226487
v -0.381000 2.454593 0.226487
v -0.014000 2.454593 0.226487
v 0.413000 2.052593 0.226487
v 0.345000 2.052593 0.226487
v 0.345000 2.204593 0.226487
v 0.071000 2.073593 0.226487
v 0.041000 2.134593 0.226487
v 0.060808 2.142287 0.226487
v 0.082130 2.150815 0.226487
v 0.104812 2.160093 0.226487
v 0.128704 2.170037 0.226487
v 0.153650 2.180565 0.226487
v 0.179500 2.191593 0.226487
v 0.206100 2.203037 0.226487
v 0.233296 2.214815 0.226487
v 0.260938 2.226843 0.226487
v 0.288870 2.239037 0.226487
v 0.316942 2.251315 0.226487
v 0.345000 2.263593 0.226487
v 0.345000 2.387593 0.226487
v 0.037000 2.387593 0.226487
v 0.037000 2.451593 0.226487
v 0.413000 2.451593 0.226487
v -1.333143 1.822910 0.226487
v -1.336560 1.799968 0.226487
v -1.340234 1.776921 0.226487
v -1.344148 1.753926 0.226487
v -1.348284 1.731139 0.226487
v -1.352625 1.708718 0.226487
v -1.357153 1.686816 0.226487
v -1.361852 1.665593 0.226487
v -1.366703 1.645202 0.226487
v -1.371690 1.625801 0.226487
v -1.376795 1.607546 0.226487
v -1.382000 1.590593 0.226487
v -1.385586 1.592400 0.226487
v -1.389773 1.594306 0.226487
v -1.394453 1.596280 0.226487
v -1.399519 1.598296 0.226487
v -1.404862 1.600326 0.226487
v -1.410375 1.602343 0.226487
v -1.415951 1.604317 0.226487
v -1.421482 1.606222 0.226487
v -1.426859 1.608030 0.226487
v -1.431977 1.609713 0.226487
v -1.436726 1.611243 0.226487
v -1.441000 1.612593 0.226487
v -1.434955 1.629196 0.226487
v -1.429310 1.646917 0.226487
v -1.424047 1.665624 0.226487
v -1.419148 1.685185 0.226487
v -1.414597 1.705469 0.226487
v -1.410375 1.726343 0.226487
v -1.406466 1.747675 0.226487
v -1.402852 1.769333 0.226487
v -1.399516 1.791186 0.226487
v -1.396440 1.813102 0.226487
v -1.393607 1.834948 0.226487
v -1.391000 1.856593 0.226487
v -1.330000 1.845593 0.226487
v -0.902509 2.144819 0.226487
v -0.897069 2.133574 0.226487
v -0.891734 2.121968 0.226487
v -0.886555 2.110111 0.226487
v -0.881585 2.098116 0.226487
v -0.876875 2.086092 0.226487
v -0.872477 2.074153 0.226487
v -0.868444 2.062407 0.226487
v -0.864828 2.050968 0.226487
v -0.861681 2.039944 0.226487
v -0.859054 2.029449 0.226487
v -0.857000 2.019593 0.226487
v -0.902000 2.006593 0.226487
v -0.903785 2.016259 0.226487
v -0.906111 2.026676 0.226487
v -0.908938 2.037718 0.226487
v -0.912222 2.049259 0.226487
v -0.915924 2.061176 0.226487
v -0.920000 2.073343 0.226487
v -0.924410 2.085634 0.226487
v -0.929111 2.097926 0.226487
v -0.934062 2.110093 0.226487
v -0.939222 2.122009 0.226487
v -0.944549 2.133551 0.226487
v -0.950000 2.144593 0.226487
v -0.908000 2.155593 0.226487
v -0.637059 2.133192 0.226487
v -0.642222 2.120556 0.226487
v -0.647469 2.107780 0.226487
v -0.652778 2.094963 0.226487
v -0.658128 2.082201 0.226487
v -0.663500 2.069592 0.226487
v -0.668872 2.057234 0.226487
v -0.674222 2.045222 0.226487
v -0.679531 2.033655 0.226487
v -0.684778 2.022630 0.226487
v -0.689941 2.012243 0.226487
v -0.695000 2.002593 0.226487
v -0.735000 2.017593 0.226487
v -0.730156 2.027606 0.226487
v -0.725167 2.038532 0.226487
v -0.720094 2.050202 0.226487
v -0.715000 2.062444 0.226487
v -0.709948 2.075090 0.226487
v -0.705000 2.087968 0.226487
v -0.700219 2.100908 0.226487
v -0.695667 2.113741 0.226487
v -0.691406 2.126296 0.226487
v -0.687500 2.138403 0.226487
v -0.684010 2.149892 0.226487
v -0.681000 2.160593 0.226487
v -0.632000 2.145593 0.226487
v -1.131718 1.867223 0.226487
v -1.126412 1.851222 0.226487
v -1.121141 1.834749 0.226487
v -1.115963 1.817963 0.226487
v -1.110938 1.801024 0.226487
v -1.106125 1.784093 0.226487
v -1.101583 1.767328 0.226487
v -1.097370 1.750889 0.226487
v -1.093547 1.734936 0.226487
v -1.090171 1.719630 0.226487
v -1.087303 1.705128 0.226487
v -1.085000 1.691593 0.226487
v -1.138000 1.675593 0.226487
v -1.140282 1.689149 0.226487
v -1.143093 1.703708 0.226487
v -1.146375 1.719108 0.226487
v -1.150074 1.735185 0.226487
v -1.154134 1.751776 0.226487
v -1.158500 1.768718 0.226487
v -1.163116 1.785847 0.226487
v -1.167926 1.803000 0.226487
v -1.172875 1.820014 0.226487
v -1.177907 1.836727 0.226487
v -1.182968 1.852974 0.226487
v -1.188000 1.868593 0.226487
v -1.137000 1.882593 0.226487
v -0.765000 2.393593 0.226487
v -0.527000 2.393593 0.226487
v -0.527000 2.326593 0.226487
v -0.765000 2.326593 0.226487
v -0.765000 2.245593 0.226487
v -0.554000 2.245593 0.226487
v -0.554000 1.919593 0.226487
v -0.722000 1.919593 0.226487
v -0.707671 1.897767 0.226487
v -0.692282 1.875903 0.226487
v -0.675984 1.854171 0.226487
v -0.658926 1.832741 0.226487
v -0.641256 1.811783 0.226487
v -0.623125 1.791468 0.226487
v -0.604681 1.771965 0.226487
v -0.586074 1.753444 0.226487
v -0.567453 1.736077 0.226487
v -0.548968 1.720032 0.226487
v -0.530767 1.705481 0.226487
v -0.513000 1.692593 0.226487
v -0.517116 1.689143 0.226487
v -0.521430 1.685329 0.226487
v -0.525891 1.681202 0.226487
v -0.530444 1.676815 0.226487
v -0.535040 1.672219 0.226487
v -0.539625 1.667468 0.226487
v -0.544148 1.662612 0.226487
v -0.548556 1.657704 0.226487
v -0.552797 1.652796 0.226487
v -0.556819 1.647940 0.226487
v -0.560571 1.643188 0.226487
v -0.564000 1.638593 0.226487
v -0.580749 1.653212 0.226487
v -0.597912 1.669463 0.226487
v -0.615359 1.687186 0.226487
v -0.632963 1.706222 0.226487
v -0.650594 1.726411 0.226487
v -0.668125 1.747593 0.226487
v -0.685427 1.769608 0.226487
v -0.702370 1.792296 0.226487
v -0.718828 1.815499 0.226487
v -0.734671 1.839056 0.226487
v -0.749771 1.862807 0.226487
v -0.764000 1.886593 0.226487
v -0.764000 1.579593 0.226487
v -0.835000 1.579593 0.226487
v -0.835000 1.863593 0.226487
v -0.848736 1.840655 0.226487
v -0.863384 1.817926 0.226487
v -0.878859 1.795530 0.226487
v -0.895074 1.773593 0.226487
v -0.911942 1.752238 0.226487
v -0.929375 1.731593 0.226487
v -0.947288 1.711780 0.226487
v -0.965593 1.692926 0.226487
v -0.984203 1.675155 0.226487
v -1.003032 1.658593 0.226487
v -1.021994 1.643363 0.226487
v -1.041000 1.629593 0.226487
v -1.043681 1.634019 0.226487
v -1.046699 1.638750 0.226487
v -1.050016 1.643718 0.226487
v -1.053593 1.648852 0.226487
v -1.057392 1.654083 0.226487
v -1.061375 1.659343 0.226487
v -1.065504 1.664560 0.226487
v -1.069741 1.669667 0.226487
v -1.074047 1.674593 0.226487
v -1.078384 1.679268 0.226487
v -1.082715 1.683625 0.226487
v -1.087000 1.687593 0.226487
v -1.067189 1.700025 0.226487
v -1.047343 1.714222 0.226487
v -1.027594 1.730030 0.226487
v -1.008074 1.747296 0.226487
v -0.988916 1.765868 0.226487
v -0.970250 1.785593 0.226487
v -0.952209 1.806317 0.226487
v -0.934926 1.827889 0.226487
v -0.918531 1.850155 0.226487
v -0.903157 1.872963 0.226487
v -0.888936 1.896160 0.226487
v -0.876000 1.919593 0.226487
v -1.046000 1.919593 0.226487
v -1.046000 2.245593 0.226487
v -0.836000 2.245593 0.226487
v -0.836000 2.326593 0.226487
v -1.073000 2.326593 0.226487
v -1.073000 2.393593 0.226487
v -0.836000 2.393593 0.226487
v -0.836000 2.498593 0.226487
v -0.765000 2.498593 0.226487
v -0.832000 1.980593 0.226487
v -0.832000 2.183593 0.226487
v -0.985000 2.183593 0.226487
v -0.985000 1.980593 0.226487
v -0.619000 1.980593 0.226487
v -0.619000 2.183593 0.226487
v -0.770000 2.183593 0.226487
v -0.770000 1.980593 0.226487
v -1.427724 1.969255 0.226487
v -1.422380 1.971722 0.226487
v -1.416937 1.974968 0.226487
v -1.411370 1.978963 0.226487
v -1.405650 1.983681 0.226487
v -1.399750 1.989093 0.226487
v -1.393641 1.995171 0.226487
v -1.387296 2.001889 0.226487
v -1.380687 2.009218 0.226487
v -1.373787 2.017130 0.226487
v -1.366567 2.025597 0.226487
v -1.359000 2.034593 0.226487
v -1.354884 2.039376 0.226487
v -1.350069 2.045194 0.226487
v -1.344609 2.051999 0.226487
v -1.338555 2.059741 0.226487
v -1.331960 2.068372 0.226487
v -1.324875 2.077842 0.226487
v -1.317352 2.088105 0.226487
v -1.309444 2.099111 0.226487
v -1.301203 2.110811 0.226487
v -1.292681 2.123158 0.226487
v -1.283929 2.136101 0.226487
v -1.275000 2.149593 0.226487
v -1.299564 2.146504 0.226487
v -1.320931 2.143718 0.226487
v -1.339360 2.141202 0.226487
v -1.355111 2.138926 0.226487
v -1.368446 2.136858 0.226487
v -1.379625 2.134968 0.226487
v -1.388908 2.133223 0.226487
v -1.396556 2.131593 0.226487
v -1.402828 2.130046 0.226487
v -1.407986 2.128551 0.226487
v -1.412290 2.127077 0.226487
v -1.416000 2.125593 0.226487
v -1.417140 2.129508 0.226487
v -1.418537 2.134167 0.226487
v -1.420156 2.139436 0.226487
v -1.421963 2.145185 0.226487
v -1.423922 2.151281 0.226487
v -1.426000 2.157593 0.226487
v -1.428161 2.163987 0.226487
v -1.430370 2.170333 0.226487
v -1.432594 2.176499 0.226487
v -1.434796 2.182352 0.226487
v -1.436943 2.187760 0.226487
v -1.439000 2.192593 0.226487
v -1.434729 2.193942 0.226487
v -1.430412 2.195972 0.226487
v -1.426047 2.198655 0.226487
v -1.421630 2.201963 0.226487
v -1.417157 2.205868 0.226487
v -1.412625 2.210343 0.226487
v -1.408031 2.215359 0.226487
v -1.403370 2.220889 0.226487
v -1.398641 2.226905 0.226487
v -1.393838 2.233380 0.226487
v -1.388959 2.240285 0.226487
v -1.384000 2.247592 0.226487
v -1.377545 2.256811 0.226487
v -1.369357 2.269255 0.226487
v -1.359703 2.284608 0.226487
v -1.348852 2.302556 0.226487
v -1.337070 2.322781 0.226487
v -1.324625 2.344968 0.226487
v -1.311784 2.368800 0.226487
v -1.298815 2.393963 0.226487
v -1.285985 2.420140 0.226487
v -1.273560 2.447014 0.226487
v -1.261810 2.474270 0.226487
v -1.251000 2.501593 0.226487
v -1.184000 2.473593 0.226487
v -1.195013 2.450024 0.226487
v -1.206519 2.426380 0.226487
v -1.218469 2.402749 0.226487
v -1.230815 2.379222 0.226487
v -1.243508 2.355890 0.226487
v -1.256500 2.332843 0.226487
v -1.269742 2.310170 0.226487
v -1.283185 2.287963 0.226487
v -1.296781 2.266311 0.226487
v -1.310482 2.245306 0.226487
v -1.324237 2.225036 0.226487
v -1.338000 2.205593 0.226487
v -1.234000 2.214592 0.226487
v -1.227502 2.225403 0.226487
v -1.221018 2.236329 0.226487
v -1.214562 2.247358 0.226487
v -1.208148 2.258482 0.226487
v -1.201789 2.269688 0.226487
v -1.195500 2.280968 0.226487
v -1.189294 2.292310 0.226487
v -1.183185 2.303704 0.226487
v -1.177188 2.315140 0.226487
v -1.171315 2.326607 0.226487
v -1.165581 2.338094 0.226487
v -1.160000 2.349593 0.226487
v -1.095000 2.312593 0.226487
v -1.111535 2.283566 0.226487
v -1.128611 2.254551 0.226487
v -1.146188 2.225640 0.226487
v -1.164222 2.196926 0.226487
v -1.182674 2.168504 0.226487
v -1.201500 2.140468 0.226487
v -1.220660 2.112910 0.226487
v -1.240111 2.085926 0.226487
v -1.259812 2.059608 0.226487
v -1.279722 2.034051 0.226487
v -1.299799 2.009348 0.226487
v -1.320000 1.985593 0.226487
v -1.158000 2.007593 0.226487
v -1.160270 2.015860 0.226487
v -1.162579 2.024148 0.226487
v -1.164922 2.032436 0.226487
v -1.167296 2.040704 0.226487
v -1.169698 2.048929 0.226487
v -1.172125 2.057093 0.226487
v -1.174572 2.065172 0.226487
v -1.177037 2.073148 0.226487
v -1.179516 2.080999 0.226487
v -1.182005 2.088704 0.226487
v -1.184501 2.096242 0.226487
v -1.187000 2.103593 0.226487
v -1.131000 2.117593 0.226487
v -1.124760 2.099939 0.226487
v -1.118583 2.081611 0.226487
v -1.112531 2.062811 0.226487
v -1.106667 2.043741 0.226487
v -1.101052 2.024601 0.226487
v -1.095750 2.005593 0.226487
v -1.090823 1.986918 0.226487
v -1.086333 1.968778 0.226487
v -1.082344 1.951374 0.226487
v -1.078917 1.934907 0.226487
v -1.076115 1.919580 0.226487
v -1.074000 1.905593 0.226487
v -1.133000 1.887593 0.226487
v -1.144000 1.948593 0.226487
v -1.194226 1.941097 0.226487
v -1.237310 1.934546 0.226487
v -1.273859 1.928843 0.226487
v -1.304482 1.923889 0.226487
v -1.329784 1.919588 0.226487
v -1.350375 1.915843 0.226487
v -1.366862 1.912556 0.226487
v -1.379852 1.909630 0.226487
v -1.389953 1.906968 0.226487
v -1.397773 1.904472 0.226487
v -1.403920 1.902046 0.226487
v -1.409000 1.899593 0.226487
v -1.410141 1.903719 0.226487
v -1.411542 1.908519 0.226487
v -1.413172 1.913874 0.226487
v -1.415000 1.919667 0.226487
v -1.416995 1.925779 0.226487
v -1.419125 1.932093 0.226487
v -1.421359 1.938490 0.226487
v -1.423667 1.944852 0.226487
v -1.426016 1.951061 0.226487
v -1.428375 1.957000 0.226487
v -1.430714 1.962550 0.226487
v -1.433000 1.967593 0.226487
v -1.227005 1.840936 0.226487
v -1.224042 1.821588 0.226487
v -1.221141 1.801733 0.226487
v -1.218333 1.781556 0.226487
v -1.215651 1.761239 0.226487
v -1.213125 1.740968 0.226487
v -1.210786 1.720925 0.226487
v -1.208667 1.701296 0.226487
v -1.206797 1.682264 0.226487
v -1.205208 1.664014 0.226487
v -1.203932 1.646729 0.226487
v -1.203000 1.630593 0.226487
v -1.260000 1.619593 0.226487
v -1.260683 1.635959 0.226487
v -1.261713 1.653440 0.226487
v -1.263062 1.671858 0.226487
v -1.264704 1.691037 0.226487
v -1.266609 1.710799 0.226487
v -1.268750 1.730968 0.226487
v -1.271099 1.751365 0.226487
v -1.273630 1.771815 0.226487
v -1.276312 1.792139 0.226487
v -1.279120 1.812162 0.226487
v -1.282025 1.831705 0.226487
v -1.285000 1.850593 0.226487
v -1.230000 1.859593 0.226487
v 1.379000 1.977593 0.126487
v 1.060000 1.659593 0.126487
v 1.004000 1.716593 0.126487
v 1.107000 1.818593 0.126487
v 1.110191 1.821766 0.126487
v 1.113431 1.824954 0.126487
v 1.116719 1.828155 0.126487
v 1.120055 1.831370 0.126487
v 1.123441 1.834599 0.126487
v 1.126875 1.837843 0.126487
v 1.130358 1.841100 0.126487
v 1.133889 1.844370 0.126487
v 1.137469 1.847655 0.126487
v 1.141097 1.850954 0.126487
v 1.144774 1.854266 0.126487
v 1.148500 1.857593 0.126487
v 1.152260 1.860926 0.126487
v 1.156042 1.864259 0.126487
v 1.159844 1.867593 0.126487
v 1.163667 1.870926 0.126487
v 1.167511 1.874259 0.126487
v 1.171375 1.877593 0.126487
v 1.175260 1.880926 0.126487
v 1.179167 1.884259 0.126487
v 1.183094 1.887593 0.126487
v 1.187042 1.890926 0.126487
v 1.191010 1.894259 0.126487
v 1.195000 1.897593 0.126487
v 1.198986 1.900912 0.126487
v 1.202944 1.904204 0.126487
v 1.206875 1.907468 0.126487
v 1.210778 1.910704 0.126487
v 1.214653 1.913912 0.126487
v 1.218500 1.917093 0.126487
v 1.222319 1.920245 0.126487
v 1.226111 1.923370 0.126487
v 1.229875 1.926468 0.126487
v 1.233611 1.929537 0.126487
v 1.237320 1.932579 0.126487
v 1.241000 1.935593 0.126487
v 1.244646 1.938572 0.126487
v 1.248250 1.941509 0.126487
v 1.251813 1.944405 0.126487
v 1.255333 1.947259 0.126487
v 1.258813 1.950072 0.126487
v 1.262250 1.952843 0.126487
v 1.265646 1.955572 0.126487
v 1.269000 1.958259 0.126487
v 1.272313 1.960905 0.126487
v 1.275583 1.963509 0.126487
v 1.278813 1.966072 0.126487
v 1.282000 1.968593 0.126487
v 1.271000 1.951593 0.126487
v 1.267663 1.951089 0.126487
v 1.264320 1.950579 0.126487
v 1.260969 1.950061 0.126487
v 1.257611 1.949537 0.126487
v 1.254247 1.949006 0.126487
v 1.250875 1.948468 0.126487
v 1.247496 1.947922 0.126487
v 1.244111 1.947370 0.126487
v 1.240719 1.946811 0.126487
v 1.237319 1.946245 0.126487
v 1.233913 1.945672 0.126487
v 1.230500 1.945093 0.126487
v 1.227087 1.944520 0.126487
v 1.223680 1.943968 0.126487
v 1.220281 1.943436 0.126487
v 1.216889 1.942926 0.126487
v 1.213503 1.942436 0.126487
v 1.210125 1.941968 0.126487
v 1.206753 1.941520 0.126487
v 1.203389 1.941093 0.126487
v 1.200031 1.940686 0.126487
v 1.196681 1.940301 0.126487
v 1.193337 1.939936 0.126487
v 1.190000 1.939593 0.126487
v 1.186660 1.939273 0.126487
v 1.183306 1.938982 0.126487
v 1.179938 1.938718 0.126487
v 1.176556 1.938481 0.126487
v 1.173160 1.938273 0.126487
v 1.169750 1.938093 0.126487
v 1.166327 1.937940 0.126487
v 1.162889 1.937815 0.126487
v 1.159438 1.937718 0.126487
v 1.155972 1.937648 0.126487
v 1.152493 1.937606 0.126487
v 1.149000 1.937593 0.126487
v 0.648000 1.937593 0.126487
v 0.648000 2.018593 0.126487
v 1.149000 2.018593 0.126487
v 1.152493 2.018575 0.126487
v 1.155972 2.018523 0.126487
v 1.159437 2.018436 0.126487
v 1.162889 2.018315 0.126487
v 1.166326 2.018159 0.126487
v 1.169750 2.017968 0.126487
v 1.173160 2.017742 0.126487
v 1.176555 2.017482 0.126487
v 1.179937 2.017186 0.126487
v 1.183305 2.016856 0.126487
v 1.186660 2.016492 0.126487
v 1.190000 2.016093 0.126487
v 1.193337 2.015676 0.126487
v 1.196681 2.015259 0.126487
v 1.200031 2.014843 0.126487
v 1.203389 2.014426 0.126487
v 1.206753 2.014009 0.126487
v 1.210125 2.013592 0.126487
v 1.213503 2.013176 0.126487
v 1.216889 2.012759 0.126487
v 1.220281 2.012343 0.126487
v 1.223680 2.011926 0.126487
v 1.227087 2.011509 0.126487
v 1.230500 2.011093 0.126487
v 1.233913 2.010659 0.126487
v 1.237319 2.010190 0.126487
v 1.240719 2.009686 0.126487
v 1.244111 2.009148 0.126487
v 1.247496 2.008575 0.126487
v 1.250875 2.007967 0.126487
v 1.254246 2.007325 0.126487
v 1.257611 2.006648 0.126487
v 1.260969 2.005936 0.126487
v 1.264319 2.005190 0.126487
v 1.267663 2.004409 0.126487
v 1.271000 2.003592 0.126487
v 1.282000 1.987593 0.126487
v 1.277792 1.990804 0.126487
v 1.273500 1.994107 0.126487
v 1.269125 1.997499 0.126487
v 1.264667 2.000982 0.126487
v 1.260125 2.004555 0.126487
v 1.255500 2.008218 0.126487
v 1.250792 2.011971 0.126487
v 1.246000 2.015815 0.126487
v 1.241125 2.019749 0.126487
v 1.236167 2.023773 0.126487
v 1.231125 2.027888 0.126487
v 1.226000 2.032093 0.126487
v 1.220830 2.036356 0.126487
v 1.215653 2.040648 0.126487
v 1.210469 2.044968 0.126487
v 1.205278 2.049315 0.126487
v 1.200080 2.053690 0.126487
v 1.194875 2.058093 0.126487
v 1.189663 2.062523 0.126487
v 1.184444 2.066982 0.126487
v 1.179219 2.071468 0.126487
v 1.173986 2.075981 0.126487
v 1.168747 2.080523 0.126487
v 1.163500 2.085093 0.126487
v 1.158295 2.089658 0.126487
v 1.153181 2.094190 0.126487
v 1.148156 2.098686 0.126487
v 1.143222 2.103148 0.126487
v 1.138379 2.107575 0.126487
v 1.133625 2.111968 0.126487
v 1.128962 2.116325 0.126487
v 1.124389 2.120648 0.126487
v 1.119906 2.124936 0.126487
v 1.115514 2.129190 0.126487
v 1.111212 2.133409 0.126487
v 1.107000 2.137593 0.126487
v 1.004000 2.239593 0.126487
v 1.060000 2.296593 0.126487
v -0.303215 2.350353 0.126487
v -0.288972 2.345671 0.126487
v -0.274438 2.340608 0.126487
v -0.259778 2.335222 0.126487
v -0.245160 2.329572 0.126487
v -0.230750 2.323718 0.126487
v -0.216715 2.317717 0.126487
v -0.203222 2.311630 0.126487
v -0.190438 2.305514 0.126487
v -0.178528 2.299431 0.126487
v -0.167660 2.293437 0.126487
v -0.158000 2.287593 0.126487
v -0.191000 2.233593 0.126487
v -0.200450 2.239727 0.126487
v -0.211181 2.246083 0.126487
v -0.223016 2.252593 0.126487
v -0.235778 2.259185 0.126487
v -0.249290 2.265792 0.126487
v -0.263375 2.272343 0.126487
v -0.277856 2.278769 0.126487
v -0.292556 2.285000 0.126487
v -0.307297 2.290968 0.126487
v -0.321903 2.296602 0.126487
v -0.336196 2.301833 0.126487
v -0.350000 2.306592 0.126487
v -0.317000 2.354593 0.126487
v 0.113634 2.346602 0.126487
v 0.128903 2.342171 0.126487
v 0.144609 2.337358 0.126487
v 0.160556 2.332222 0.126487
v 0.176543 2.326822 0.126487
v 0.192375 2.321218 0.126487
v 0.207852 2.315467 0.126487
v 0.222778 2.309630 0.126487
v 0.236953 2.303765 0.126487
v 0.250181 2.297931 0.126487
v 0.262262 2.292187 0.126487
v 0.273000 2.286592 0.126487
v 0.241000 2.230593 0.126487
v 0.230510 2.236457 0.126487
v 0.218667 2.242509 0.126487
v 0.205656 2.248686 0.126487
v 0.191667 2.254926 0.126487
v 0.176885 2.261166 0.126487
v 0.161500 2.267343 0.126487
v 0.145698 2.273395 0.126487
v 0.129667 2.279259 0.126487
v 0.113594 2.284874 0.126487
v 0.097667 2.290176 0.126487
v 0.082073 2.295103 0.126487
v 0.067000 2.299592 0.126487
v 0.099000 2.350593 0.126487
v 0.272000 1.675593 0.126487
v 0.272000 1.776593 0.126487
v -0.215000 1.776593 0.126487
v -0.215000 1.675593 0.126487
v 0.272000 1.933593 0.126487
v -0.215000 1.933593 0.126487
v -0.215000 1.836593 0.126487
v 0.272000 1.836593 0.126487
v -0.014000 2.087593 0.126487
v 0.064000 2.072592 0.126487
v 0.060480 2.065615 0.126487
v 0.056921 2.058685 0.126487
v 0.053328 2.051811 0.126487
v 0.049704 2.045000 0.126487
v 0.046052 2.038258 0.126487
v 0.042375 2.031593 0.126487
v 0.038678 2.025010 0.126487
v 0.034963 2.018518 0.126487
v 0.031234 2.012124 0.126487
v 0.027495 2.005833 0.126487
v 0.023749 1.999654 0.126487
v 0.020000 1.993593 0.126487
v 0.350000 1.993593 0.126487
v 0.350000 1.576593 0.126487
v 0.272000 1.576593 0.126487
v 0.272000 1.616593 0.126487
v -0.215000 1.616593 0.126487
v -0.215000 1.576593 0.126487
v -0.290000 1.576593 0.126487
v -0.290000 1.993593 0.126487
v -0.054000 1.993593 0.126487
v -0.051252 1.999132 0.126487
v -0.048514 2.004741 0.126487
v -0.045797 2.010405 0.126487
v -0.043111 2.016111 0.126487
v -0.040467 2.021845 0.126487
v -0.037875 2.027593 0.126487
v -0.035345 2.033340 0.126487
v -0.032889 2.039074 0.126487
v -0.030516 2.044780 0.126487
v -0.028236 2.050444 0.126487
v -0.026061 2.056053 0.126487
v -0.024000 2.061593 0.126487
v -0.084000 2.061593 0.126487
v -0.084000 2.193593 0.126487
v -0.108818 2.182099 0.126487
v -0.133708 2.170644 0.126487
v -0.158578 2.159265 0.126487
v -0.183333 2.148000 0.126487
v -0.207880 2.136888 0.126487
v -0.232125 2.125968 0.126487
v -0.255974 2.115276 0.126487
v -0.279333 2.104852 0.126487
v -0.302109 2.094733 0.126487
v -0.324208 2.084958 0.126487
v -0.345536 2.075565 0.126487
v -0.366000 2.066593 0.126487
v -0.393000 2.128592 0.126487
v -0.372712 2.136248 0.126487
v -0.350944 2.144671 0.126487
v -0.327844 2.153796 0.126487
v -0.303556 2.163556 0.126487
v -0.278226 2.173885 0.126487
v -0.252000 2.184718 0.126487
v -0.225024 2.195988 0.126487
v -0.197444 2.207630 0.126487
v -0.169406 2.219577 0.126487
v -0.141056 2.231764 0.126487
v -0.112538 2.244124 0.126487
v -0.084000 2.256593 0.126487
v -0.084000 2.390593 0.126487
v -0.381000 2.390593 0.126487
v -0.381000 2.454593 0.126487
v -0.014000 2.454593 0.126487
v 0.413000 2.052593 0.126487
v 0.345000 2.052593 0.126487
v 0.345000 2.204593 0.126487
v 0.071000 2.073593 0.126487
v 0.041000 2.134593 0.126487
v 0.060808 2.142287 0.126487
v 0.082130 2.150815 0.126487
v 0.104812 2.160093 0.126487
v 0.128704 2.170037 0.126487
v 0.153650 2.180565 0.126487
v 0.179500 2.191593 0.126487
v 0.206100 2.203037 0.126487
v 0.233296 2.214815 0.126487
v 0.260938 2.226843 0.126487
v 0.288870 2.239037 0.126487
v 0.316942 2.251315 0.126487
v 0.345000 2.263593 0.126487
v 0.345000 2.387593 0.126487
v 0.037000 2.387593 0.126487
v 0.037000 2.451593 0.126487
v 0.413000 2.451593 0.126487
v -1.333143 1.822910 0.126487
v -1.336560 1.799968 0.126487
v -1.340234 1.776921 0.126487
v -1.344148 1.753926 0.126487
v -1.348284 1.731139 0.126487
v -1.352625 1.708718 0.126487
v -1.357153 1.686816 0.126487
v -1.361852 1.665593 0.126487
v -1.366703 1.645202 0.126487
v -1.371690 1.625801 0.126487
v -1.376795 1.607546 0.126487
v -1.382000 1.590593 0.126487
v -1.385586 1.592400 0.126487
v -1.389773 1.594306 0.126487
v -1.394453 1.596280 0.126487
v -1.399519 1.598296 0.126487
v -1.404862 1.600326 0.126487
v -1.410375 1.602343 0.126487
v -1.415951 1.604317 0.126487
v -1.421482 1.606222 0.126487
v -1.426859 1.608030 0.126487
v -1.431977 1.609713 0.126487
v -1.436726 1.611243 0.126487
v -1.441000 1.612593 0.126487
v -1.434955 1.629196 0.126487
v -1.429310 1.646917 0.126487
v -1.424047 1.665624 0.126487
v -1.419148 1.685185 0.126487
v -1.414597 1.705469 0.126487
v -1.410375 1.726343 0.126487
v -1.406466 1.747675 0.126487
v -1.402852 1.769333 0.126487
v -1.399516 1.791186 0.126487
v -1.396440 1.813102 0.126487
v -1.393607 1.834948 0.126487
v -1.391000 1.856593 0.126487
v -1.330000 1.845593 0.126487
v -0.902509 2.144819 0.126487
v -0.897069 2.133574 0.126487
v -0.891734 2.121968 0.126487
v -0.886555 2.110111 0.126487
v -0.881585 2.098116 0.126487
v -0.876875 2.086092 0.126487
v -0.872477 2.074153 0.126487
v -0.868444 2.062407 0.126487
v -0.864828 2.050968 0.126487
v -0.861681 2.039944 0.126487
v -0.859054 2.029449 0.126487
v -0.857000 2.019593 0.126487
v -0.902000 2.006593 0.126487
v -0.903785 2.016259 0.126487
v -0.906111 2.026676 0.126487
v -0.908938 2.037718 0.126487
v -0.912222 2.049259 0.126487
v -0.915924 2.061176 0.126487
v -0.920000 2.073343 0.126487
v -0.924410 2.085634 0.126487
v -0.929111 2.097926 0.126487
v -0.934062 2.110093 0.126487
v -0.939222 2.122009 0.126487
v -0.944549 2.133551 0.126487
v -0.950000 2.144593 0.126487
v -0.908000 2.155593 0.126487
v -0.637059 2.133192 0.126487
v -0.642222 2.120556 0.126487
v -0.647469 2.107780 0.126487
v -0.652778 2.094963 0.126487
v -0.658128 2.082201 0.126487
v -0.663500 2.069592 0.126487
v -0.668872 2.057234 0.126487
v -0.674222 2.045222 0.126487
v -0.679531 2.033655 0.126487
v -0.684778 2.022630 0.126487
v -0.689941 2.012243 0.126487
v -0.695000 2.002593 0.126487
v -0.735000 2.017593 0.126487
v -0.730156 2.027606 0.126487
v -0.725167 2.038532 0.126487
v -0.720094 2.050202 0.126487
v -0.715000 2.062444 0.126487
v -0.709948 2.075090 0.126487
v -0.705000 2.087968 0.126487
v -0.700219 2.100908 0.126487
v -0.695667 2.113741 0.126487
v -0.691406 2.126296 0.126487
v -0.687500 2.138403 0.126487
v -0.684010 2.149892 0.126487
v -0.681000 2.160593 0.126487
v -0.632000 2.145593 0.126487
v -1.131718 1.867223 0.126487
v -1.126412 1.851222 0.126487
v -1.121141 1.834749 0.126487
v -1.115963 1.817963 0.126487
v -1.110938 1.801024 0.126487
v -1.106125 1.784093 0.126487
v -1.101583 1.767328 0.126487
v -1.097370 1.750889 0.126487
v -1.093547 1.734936 0.126487
v -1.090171 1.719630 0.126487
v -1.087303 1.705128 0.126487
v -1.085000 1.691593 0.126487
v -1.138000 1.675593 0.126487
v -1.140282 1.689149 0.126487
v -1.143093 1.703708 0.126487
v -1.146375 1.719108 0.126487
v -1.150074 1.735185 0.126487
v -1.154134 1.751776 0.126487
v -1.158500 1.768718 0.126487
v -1.163116 1.785847 0.126487
v -1.167926 1.803000 0.126487
v -1.172875 1.820014 0.126487
v -1.177907 1.836727 0.126487
v -1.182968 1.852974 0.126487
v -1.188000 1.868593 0.126487
v -1.137000 1.882593 0.126487
v -0.765000 2.393593 0.126487
v -0.527000 2.393593 0.126487
v -0.527000 2.326593 0.126487
v -0.765000 2.326593 0.126487
v -0.765000 2.245593 0.126487
v -0.554000 2.245593 0.126487
v -0.554000 1.919593 0.126487
v -0.722000 1.919593 0.126487
v -0.707671 1.897767 0.126487
v -0.692282 1.875903 0.126487
v -0.675984 1.854171 0.126487
v -0.658926 1.832741 0.126487
v -0.641256 1.811783 0.126487
v -0.623125 1.791468 0.126487
v -0.604681 1.771965 0.126487
v -0.586074 1.753444 0.126487
v -0.567453 1.736077 0.126487
v -0.548968 1.720032 0.126487
v -0.530767 1.705481 0.126487
v -0.513000 1.692593 0.126487
v -0.517116 1.689143 0.126487
v -0.521430 1.685329 0.126487
v -0.525891 1.681202 0.126487
v -0.530444 1.676815 0.126487
v -0.535040 1.672219 0.126487
v -0.539625 1.667468 0.126487
v -0.544148 1.662612 0.126487
v -0.548556 1.657704 0.126487
v -0.552797 1.652796 0.126487
v -0.556819 1.647940 0.126487
v -0.560571 1.643188 0.126487
v -0.564000 1.638593 0.126487
v -0.580749 1.653212 0.126487
v -0.597912 1.669463 0.126487
v -0.615359 1.687186 0.126487
v -0.632963 1.706222 0.126487
v -0.650594 1.726411 0.126487
v -0.668125 1.747593 0.126487
v -0.685427 1.769608 0.126487
v -0.702370 1.792296 0.126487
v -0.718828 1.815499 0.126487
v -0.734671 1.839056 0.126487
v -0.749771 1.862807 0.126487
v -0.764000 1.886593 0.126487
v -0.764000 1.579593 0.126487
v -0.835000 1.579593 0.126487
v -0.835000 1.863593 0.126487
v -0.848736 1.840655 0.126487
v -0.863384 1.817926 0.126487
v -0.878859 1.795530 0.126487
v -0.895074 1.773593 0.126487
v -0.911942 1.752238 0.126487
v -0.929375 1.731593 0.126487
v -0.947288 1.711780 0.126487
v -0.965593 1.692926 0.126487
v -0.984203 1.675155 0.126487
v -1.003032 1.658593 0.126487
v -1.021994 1.643363 0.126487
v -1.041000 1.629593 0.126487
v -1.043681 1.634019 0.126487
v -1.046699 1.638750 0.126487
v -1.050016 1.643718 0.126487
v -1.053593 1.648852 0.126487
v -1.057392 1.654083 0.126487
v -1.061375 1.659343 0.126487
v -1.065504 1.664560 0.126487
v -1.069741 1.669667 0.126487
v -1.074047 1.674593 0.126487
v -1.078384 1.679268 0.126487
v -1.082715 1.683625 0.126487
v -1.087000 1.687593 0.126487
v -1.067189 1.700025 0.126487
v -1.047343 1.714222 0.126487
v -1.027594 1.730030 0.126487
v -1.008074 1.747296 0.126487
v -0.988916 1.765868 0.126487
v -0.970250 1.785593 0.126487
v -0.952209 1.806317 0.126487
v -0.934926 1.827889 0.126487
v -0.918531 1.850155 0.126487
v -0.903157 1.872963 0.126487
v -0.888936 1.896160 0.126487
v -0.876000 1.919593 0.126487
v -1.046000 1.919593 0.126487
v -1.046000 2.245593 0.126487
v -0.836000 2.245593 0.126487
v -0.836000 2.326593 0.126487
v -1.073000 2.326593 0.126487
v -1.073000 2.393593 0.126487
v -0.836000 2.393593 0.126487
v -0.836000 2.498593 0.126487
v -0.765000 2.498593 0.126487
v -0.832000 1.980593 0.126487
v -0.832000 2.183593 0.126487
v -0.985000 2.183593 0.126487
v -0.985000 1.980593 0.126487
v -0.619000 1.980593 0.126487
v -0.619000 2.183593 0.126487
v -0.770000 2.183593 0.126487
v -0.770000 1.980593 0.126487
v -1.427724 1.969255 0.126487
v -1.422380 1.971722 0.126487
v -1.416937 1.974968 0.126487
v -1.411370 1.978963 0.126487
v -1.405650 1.983681 0.126487
v -1.399750 1.989093 0.126487
v -1.393641 1.995171 0.126487
v -1.387296 2.001889 0.126487
v -1.380687 2.009218 0.126487
v -1.373787 2.017130 0.126487
v -1.366567 2.025597 0.126487
v -1.359000 2.034593 0.126487
v -1.354884 2.039376 0.126487
v -1.350069 2.045194 0.126487
v -1.344609 2.051999 0.126487
v -1.338555 2.059741 0.126487
v -1.331960 2.068372 0.126487
v -1.324875 2.077842 0.126487
v -1.317352 2.088105 0.126487
v -1.309444 2.099111 0.126487
v -1.301203 2.110811 0.126487
v -1.292681 2.123158 0.126487
v -1.283929 2.136101 0.126487
v -1.275000 2.149593 0.126487
v -1.299564 2.146504 0.126487
v -1.320931 2.143718 0.126487
v -1.339360 2.141202 0.126487
v -1.355111 2.138926 0.126487
v -1.368446 2.136858 0.126487
v -1.379625 2.134968 0.126487
v -1.388908 2.133223 0.126487
v -1.396556 2.131593 0.126487
v -1.402828 2.130046 0.126487
v -1.407986 2.128551 0.126487
v -1.412290 2.127077 0.126487
v -1.416000 2.125593 0.126487
v -1.417140 2.129508 0.126487
v -1.418537 2.134167 0.126487
v -1.420156 2.139436 0.126487
v -1.421963 2.145185 0.126487
v -1.423922 2.151281 0.126487
v -1.426000 2.157593 0.126487
v -1.428161 2.163987 0.126487
v -1.430370 2.170333 0.126487
v -1.432594 2.176499 0.126487
v -1.434796 2.182352 0.126487
v -1.436943 2.187760 0.126487
v -1.439000 2.192593 0.126487
v -1.434729 2.193942 0.126487
v -1.430412 2.195972 0.126487
v -1.426047 2.198655 0.126487
v -1.421630 2.201963 0.126487
v -1.417157 2.205868 0.126487
v -1.412625 2.210343 0.126487
v -1.408031 2.215359 0.126487
v -1.403370 2.220889 0.126487
v -1.398641 2.226905 0.126487
v -1.393838 2.233380 0.126487
v -1.388959 2.240285 0.126487
v -1.384000 2.247592 0.126487
v -1.377545 2.256811 0.126487
v -1.369357 2.269255 0.126487
v -1.359703 2.284608 0.126487
v -1.348852 2.302556 0.126487
v -1.337070 2.322781 0.126487
v -1.324625 2.344968 0.126487
v -1.311784 2.368800 0.126487
v -1.298815 2.393963 0.126487
v -1.285985 2.420140 0.126487
v -1.273560 2.447014 0.126487
v -1.261810 2.474270 0.126487
v -1.251000 2.501593 0.126487
v -1.184000 2.473593 0.126487
v -1.195013 2.450024 0.126487
v -1.206519 2.426380 0.126487
v -1.218469 2.402749 0.126487
v -1.230815 2.379222 0.126487
v -1.243508 2.355890 0.126487
v -1.256500 2.332843 0.126487
v -1.269742 2.310170 0.126487
v -1.283185 2.287963 0.126487
v -1.296781 2.266311 0.126487
v -1.310482 2.245306 0.126487
v -1.324237 2.225036 0.126487
v -1.338000 2.205593 0.126487
v -1.234000 2.214592 0.126487
v -1.227502 2.225403 0.126487
v -1.221018 2.236329 0.126487
v -1.214562 2.247358 0.126487
v -1.208148 2.258482 0.126487
v -1.201789 2.269688 0.126487
v -1.195500 2.280968 0.126487
v -1.189294 2.292310 0.126487
v -1.183185 2.303704 0.126487
v -1.177188 2.315140 0.126487
v -1.171315 2.326607 0.126487
v -1.165581 2.338094 0.126487
v -1.160000 2.349593 0.126487
v -1.095000 2.312593 0.126487
v -1.111535 2.283566 0.126487
v -1.128611 2.254551 0.126487
v -1.146188 2.225640 0.126487
v -1.164222 2.196926 0.126487
v -1.182674 2.168504 0.126487
v -1.201500 2.140468 0.126487
v -1.220660 2.112910 0.126487
v -1.240111 2.085926 0.126487
v -1.259812 2.059608 0.126487
v -1.279722 2.034051 0.126487
v -1.299799 2.009348 0.126487
v -1.320000 1.985593 0.126487
v -1.158000 2.007593 0.126487
v -1.160270 2.015860 0.126487
v -1.162579 2.024148 0.126487
v -1.164922 2.032436 0.126487
v -1.167296 2.040704 0.126487
v -1.169698 2.048929 0.126487
v -1.172125 2.057093 0.126487
v -1.174572 2.065172 0.126487
v -1.177037 2.073148 0.126487
v -1.179516 2.080999 0.126487
v -1.182005 2.088704 0.126487
v -1.184501 2.096242 0.126487
v -1.187000 2.103593 0.126487
v -1.131000 2.117593 0.126487
v -1.124760 2.099939 0.126487
v -1.118583 2.081611 0.126487
v -1.112531 2.062811 0.126487
v -1.106667 2.043741 0.126487
v -1.101052 2.024601 0.126487
v -1.095750 2.005593 0.126487
v -1.090823 1.986918 0.126487
v -1.086333 1.968778 0.126487
v -1.082344 1.951374 0.126487
v -1.078917 1.934907 0.126487
v -1.076115 1.919580 0.126487
v -1.074000 1.905593 0.126487
v -1.133000 1.887593 0.126487
v -1.144000 1.948593 0.126487
v -1.194226 1.941097 0.126487
v -1.237310 1.934546 0.126487
v -1.273859 1.928843 0.126487
v -1.304482 1.923889 0.126487
v -1.329784 1.919588 0.126487
v -1.350375 1.915843 0.126487
v -1.366862 1.912556 0.126487
v -1.379852 1.909630 0.126487
v -1.389953 1.906968 0.126487
v -1.397773 1.904472 0.126487
v -1.403920 1.902046 0.126487
v -1.409000 1.899593 0.126487
v -1.410141 1.903719 0.126487
v -1.411542 1.908519 0.126487
v -1.413172 1.913874 0.126487
v -1.415000 1.919667 0.126487
v -1.416995 1.925779 0.126487
v -1.419125 1.932093 0.126487
v -1.421359 1.938490 0.126487
v -1.423667 1.944852 0.126487
v -1.426016 1.951061 0.126487
v -1.428375 1.957000 0.126487
v -1.430714 1.962550 0.126487
v -1.433000 1.967593 0.126487
v -1.227005 1.840936 0.126487
v -1.224042 1.821588 0.126487
v -1.221141 1.801733 0.126487
v -1.218333 1.781556 0.126487
v -1.215651 1.761239 0.126487
v -1.213125 1.740968 0.126487
v -1.210786 1.720925 0.126487
v -1.208667 1.701296 0.126487
v -1.206797 1.682264 0.126487
v -1.205208 1.664014 0.126487
v -1.203932 1.646729 0.126487
v -1.203000 1.630593 0.126487
v -1.260000 1.619593 0.126487
v -1.260683 1.635959 0.126487
v -1.261713 1.653440 0.126487
v -1.263062 1.671858 0.126487
v -1.264704 1.691037 0.126487
v -1.266609 1.710799 0.126487
v -1.268750 1.730968 0.126487
v -1.271099 1.751365 0.126487
v -1.273630 1.771815 0.126487
v -1.276312 1.792139 0.126487
v -1.279120 1.812162 0.126487
v -1.282025 1.831705 0.126487
v -1.285000 1.850593 0.126487
v -1.230000 1.859593 0.126487
v -0.902509 2.144819 0.126487
v -0.902509 2.144819 0.226487
v -0.897069 2.133574 0.126487
v -0.897069 2.133574 0.226487
v -0.891734 2.121968 0.126487
v -0.891734 2.121968 0.226487
v -0.886555 2.110111 0.126487
v -0.886555 2.110111 0.226487
v -0.881585 2.098116 0.126487
v -0.881585 2.098116 0.226487
v -0.876875 2.086092 0.126487
v -0.876875 2.086092 0.226487
v -0.872477 2.074153 0.126487
v -0.872477 2.074153 0.226487
v -0.868444 2.062407 0.126487
v -0.868444 2.062407 0.226487
v -0.864828 2.050968 0.126487
v -0.864828 2.050968 0.226487
v -0.861681 2.039944 0.126487
v -0.861681 2.039944 0.226487
v -0.859054 2.029449 0.126487
v -0.859054 2.029449 0.226487
v -0.857000 2.019593 0.126487
v -0.857000 2.019593 0.226487
v -0.902000 2.006593 0.126487
v -0.902000 2.006593 0.226487
v -0.903785 2.016259 0.126487
v -0.903785 2.016259 0.226487
v -0.906111 2.026676 0.126487
v -0.906111 2.026676 0.226487
v -0.908938 2.037718 0.126487
v -0.908938 2.037718 0.226487
v -0.912222 2.049259 0.126487
v -0.912222 2.049259 0.226487
v -0.915924 2.061176 0.126487
v -0.915924 2.061176 0.226487
v -0.920000 2.073343 0.126487
v -0.920000 2.073343 0.226487
v -0.924410 2.085634 0.126487
v -0.924410 2.085634 0.226487
v -0.929111 2.097926 0.126487
v -0.929111 2.097926 0.226487
v -0.934062 2.110093 0.126487
v -0.934062 2.110093 0.226487
v -0.939222 2.122009 0.126487
v -0.939222 2.122009 0.226487
v -0.944549 2.133551 0.126487
v -0.944549 2.133551 0.226487
v -0.950000 2.144593 0.126487
v -0.950000 2.144593 0.226487
v -0.908000 2.155593 0.126487
v -0.908000 2.155593 0.226487
v -0.637059 2.133192 0.126487
v -0.637059 2.133192 0.226487
v -0.642222 2.120556 0.126487
v -0.642222 2.120556 0.226487
v -0.647469 2.107780 0.126487
v -0.647469 2.107780 0.226487
v -0.652778 2.094963 0.126487
v -0.652778 2.094963 0.226487
v -0.658128 2.082201 0.126487
v -0.658128 2.082201 0.226487
v -0.663500 2.069592 0.126487
v -0.663500 2.069592 0.226487
v -0.668872 2.057234 0.126487
v -0.668872 2.057234 0.226487
v -0.674222 2.045222 0.126487
v -0.674222 2.045222 0.226487
v -0.679531 2.033655 0.126487
v -0.679531 2.033655 0.226487
v -0.684778 2.022630 0.126487
v -0.684778 2.022630 0.226487
v -0.689941 2.012243 0.126487
v -0.689941 2.012243 0.226487
v -0.695000 2.002593 0.126487
v -0.695000 2.002593 0.226487
v -0.735000 2.017593 0.126487
v -0.735000 2.017593 0.226487
v -0.730156 2.027606 0.126487
v -0.730156 2.027606 0.226487
v -0.725167 2.038532 0.126487
v -0.725167 2.038532 0.226487
v -0.720094 2.050202 0.126487
v -0.720094 2.050202 0.226487
v -0.715000 2.062444 0.126487
v -0.715000 2.062444 0.226487
v -0.709948 2.075090 0.126487
v -0.709948 2.075090 0.226487
v -0.705000 2.087968 0.126487
v -0.705000 2.087968 0.226487
v -0.700219 2.100908 0.126487
v -0.700219 2.100908 0.226487
v -0.695667 2.113741 0.126487
v -0.695667 2.113741 0.226487
v -0.691406 2.126296 0.126487
v -0.691406 2.126296 0.226487
v -0.687500 2.138403 0.126487
v -0.687500 2.138403 0.226487
v -0.684010 2.149892 0.126487
v -0.684010 2.149892 0.226487
v -0.681000 2.160593 0.126487
v -0.681000 2.160593 0.226487
v -0.632000 2.145593 0.126487
v -0.632000 2.145593 0.226487
v -1.227005 1.840936 0.126487
v -1.227005 1.840936 0.226487
v -1.224042 1.821588 0.126487
v -1.224042 1.821588 0.226487
v -1.221141 1.801733 0.126487
v -1.221141 1.801733 0.226487
v -1.218333 1.781556 0.126487
v -1.218333 1.781556 0.226487
v -1.215651 1.761239 0.126487
v -1.215651 1.761239 0.226487
v -1.213125 1.740968 0.126487
v -1.213125 1.740968 0.226487
v -1.210786 1.720925 0.126487
v -1.210786 1.720925 0.226487
v -1.208667 1.701296 0.126487
v -1.208667 1.701296 0.226487
v -1.206797 1.682264 0.126487
v -1.206797 1.682264 0.226487
v -1.205208 1.664014 0.126487
v -1.205208 1.664014 0.226487
v -1.203932 1.646729 0.126487
v -1.203932 1.646729 0.226487
v -1.203000 1.630593 0.126487
v -1.203000 1.630593 0.226487
v -1.260000 1.619593 0.126487
v -1.260000 1.619593 0.226487
v -1.260683 1.635959 0.126487
v -1.260683 1.635959 0.226487
v -1.261713 1.653440 0.126487
v -1.261713 1.653440 0.226487
v -1.263062 1.671858 0.126487
v -1.263062 1.671858 0.226487
v -1.264704 1.691037 0.126487
v -1.264704 1.691037 0.226487
v -1.266609 1.710799 0.126487
v -1.266609 1.710799 0.226487
v -1.268750 1.730968 0.126487
v -1.268750 1.730968 0.226487
v -1.271099 1.751365 0.126487
v -1.271099 1.751365 0.226487
v -1.273630 1.771815 0.126487
v -1.273630 1.771815 0.226487
v -1.276312 1.792139 0.126487
v -1.276312 1.792139 0.226487
v -1.279120 1.812162 0.126487
v -1.279120 1.812162 0.226487
v -1.282025 1.831705 0.126487
v -1.282025 1.831705 0.226487
v -1.285000 1.850593 0.126487
v -1.285000 1.850593 0.226487
v -1.230000 1.859593 0.126487
v -1.230000 1.859593 0.226487
v -1.333143 1.822910 0.126487
v -1.333143 1.822910 0.226487
v -1.336560 1.799968 0.126487
v -1.336560 1.799968 0.226487
v -1.340234 1.776921 0.126487
v -1.340234 1.776921 0.226487
v -1.344148 1.753926 0.126487
v -1.344148 1.753926 0.226487
v -1.348284 1.731139 0.126487
v -1.348284 1.731139 0.226487
v -1.352625 1.708718 0.126487
v -1.352625 1.708718 0.226487
v -1.357153 1.686816 0.126487
v -1.357153 1.686816 0.226487
v -1.361852 1.665593 0.126487
v -1.361852 1.665593 0.226487
v -1.366703 1.645202 0.126487
v -1.366703 1.645202 0.226487
v -1.371690 1.625801 0.126487
v -1.371690 1.625801 0.226487
v -1.376795 1.607546 0.126487
v -1.376795 1.607546 0.226487
v -1.382000 1.590593 0.126487
v -1.382000 1.590593 0.226487
v -1.385586 1.592400 0.126487
v -1.385586 1.592400 0.226487
v -1.389773 1.594306 0.126487
v -1.389773 1.594306 0.226487
v -1.394453 1.596280 0.126487
v -1.394453 1.596280 0.226487
v -1.399519 1.598296 0.126487
v -1.399519 1.598296 0.226487
v -1.404862 1.600326 0.126487
v -1.404862 1.600326 0.226487
v -1.410375 1.602343 0.126487
v -1.410375 1.602343 0.226487
v -1.415951 1.604317 0.126487
v -1.415951 1.604317 0.226487
v -1.421482 1.606222 0.126487
v -1.421482 1.606222 0.226487
v -1.426859 1.608030 0.126487
v -1.426859 1.608030 0.226487
v -1.431977 1.609713 0.126487
v -1.431977 1.609713 0.226487
v -1.436726 1.611243 0.126487
v -1.436726 1.611243 0.226487
v -1.441000 1.612593 0.126487
v -1.441000 1.612593 0.226487
v -1.434955 1.629196 0.126487
v -1.434955 1.629196 0.226487
v -1.429310 1.646917 0.126487
v -1.429310 1.646917 0.226487
v -1.424047 1.665624 0.126487
v -1.424047 1.665624 0.226487
v -1.419148 1.685185 0.126487
v -1.419148 1.685185 0.226487
v -1.414597 1.705469 0.126487
v -1.414597 1.705469 0.226487
v -1.410375 1.726343 0.126487
v -1.410375 1.726343 0.226487
v -1.406466 1.747675 0.126487
v -1.406466 1.747675 0.226487
v -1.402852 1.769333 0.126487
v -1.402852 1.769333 0.226487
v -1.399516 1.791186 0.126487
v -1.399516 1.791186 0.226487
v -1.396440 1.813102 0.126487
v -1.396440 1.813102 0.226487
v -1.393607 1.834948 0.126487
v -1.393607 1.834948 0.226487
v -1.391000 1.856593 0.126487
v -1.391000 1.856593 0.226487
v -1.330000 1.845593 0.126487
v -1.330000 1.845593 0.226487
v -1.131718 1.867223 0.126487
v -1.131718 1.867223 0.226487
v -1.126412 1.851222 0.126487
v -1.126412 1.851222 0.226487
v -1.121141 1.834749 0.126487
v -1.121141 1.834749 0.226487
v -1.115963 1.817963 0.126487
v -1.115963 1.817963 0.226487
v -1.110938 1.801024 0.126487
v -1.110938 1.801024 0.226487
v -1.106125 1.784093 0.126487
v -1.106125 1.784093 0.226487
v -1.101583 1.767328 0.126487
v -1.101583 1.767328 0.226487
v -1.097370 1.750889 0.126487
v -1.097370 1.750889 0.226487
v -1.093547 1.734936 0.126487
v -1.093547 1.734936 0.226487
v -1.090171 1.719630 0.126487
v -1.090171 1.719630 0.226487
v -1.087303 1.705128 0.126487
v -1.087303 1.705128 0.226487
v -1.085000 1.691593 0.126487
v -1.085000 1.691593 0.226487
v -1.138000 1.675593 0.126487
v -1.138000 1.675593 0.226487
v -1.140282 1.689149 0.126487
v -1.140282 1.689149 0.226487
v -1.143093 1.703708 0.126487
v -1.143093 1.703708 0.226487
v -1.146375 1.719108 0.126487
v -1.146375 1.719108 0.226487
v -1.150074 1.735185 0.126487
v -1.150074 1.735185 0.226487
v -1.154134 1.751776 0.126487
v -1.154134 1.751776 0.226487
v -1.158500 1.768718 0.126487
v -1.158500 1.768718 0.226487
v -1.163116 1.785847 0.126487
v -1.163116 1.785847 0.226487
v -1.167926 1.803000 0.126487
v -1.167926 1.803000 0.226487
v -1.172875 1.820014 0.126487
v -1.172875 1.820014 0.226487
v -1.177907 1.836727 0.126487
v -1.177907 1.836727 0.226487
v -1.182968 1.852974 0.126487
v -1.182968 1.852974 0.226487
v -1.188000 1.868593 0.126487
v -1.188000 1.868593 0.226487
v -1.137000 1.882593 0.126487
v -1.137000 1.882593 0.226487
v -0.765000 2.393593 0.126487
v -0.765000 2.393593 0.226487
v -0.527000 2.393593 0.126487
v -0.527000 2.393593 0.226487
v -0.527000 2.326593 0.126487
v -0.527000 2.326593 0.226487
v -0.765000 2.326593 0.126487
v -0.765000 2.326593 0.226487
v -0.765000 2.245593 0.126487
v -0.765000 2.245593 0.226487
v -0.554000 2.245593 0.126487
v -0.554000 2.245593 0.226487
v -0.554000 1.919593 0.126487
v -0.554000 1.919593 0.226487
v -0.722000 1.919593 0.126487
v -0.722000 1.919593 0.226487
v -0.707671 1.897767 0.126487
v -0.707671 1.897767 0.226487
v -0.692282 1.875903 0.126487
v -0.692282 1.875903 0.226487
v -0.675984 1.854171 0.126487
v -0.675984 1.854171 0.226487
v -0.658926 1.832741 0.126487
v -0.658926 1.832741 0.226487
v -0.641256 1.811783 0.126487
v -0.641256 1.811783 0.226487
v -0.623125 1.791468 0.126487
v -0.623125 1.791468 0.226487
v -0.604681 1.771965 0.126487
v -0.604681 1.771965 0.226487
v -0.586074 1.753444 0.126487
v -0.586074 1.753444 0.226487
v -0.567453 1.736077 0.126487
v -0.567453 1.736077 0.226487
v -0.548968 1.720032 0.126487
v -0.548968 1.720032 0.226487
v -0.530767 1.705481 0.126487
v -0.530767 1.705481 0.226487
v -0.513000 1.692593 0.126487
v -0.513000 1.692593 0.226487
v -0.517116 1.689143 0.126487
v -0.517116 1.689143 0.226487
v -0.521430 1.685329 0.126487
v -0.521430 1.685329 0.226487
v -0.525891 1.681202 0.126487
v -0.525891 1.681202 0.226487
v -0.530444 1.676815 0.126487
v -0.530444 1.676815 0.226487
v -0.535040 1.672219 0.126487
v -0.535040 1.672219 0.226487
v -0.539625 1.667468 0.126487
v -0.539625 1.667468 0.226487
v -0.544148 1.662612 0.126487
v -0.544148 1.662612 0.226487
v -0.548556 1.657704 0.126487
v -0.548556 1.657704 0.226487
v -0.552797 1.652796 0.126487
v -0.552797 1.652796 0.226487
v -0.556819 1.647940 0.126487
v -0.556819 1.647940 0.226487
v -0.560571 1.643188 0.126487
v -0.560571 1.643188 0.226487
v -0.564000 1.638593 0.126487
v -0.564000 1.638593 0.226487
v -0.580749 1.653212 0.126487
v -0.580749 1.653212 0.226487
v -0.597912 1.669463 0.126487
v -0.597912 1.669463 0.226487
v -0.615359 1.687186 0.126487
v -0.615359 1.687186 0.226487
v -0.632963 1.706222 0.126487
v -0.632963 1.706222 0.226487
v -0.650594 1.726411 0.126487
v -0.650594 1.726411 0.226487
v -0.668125 1.747593 0.126487
v -0.668125 1.747593 0.226487
v -0.685427 1.769608 0.126487
v -0.685427 1.769608 0.226487
v -0.702370 1.792296 0.126487
v -0.702370 1.792296 0.226487
v -0.718828 1.815499 0.126487
v -0.718828 1.815499 0.226487
v -0.734671 1.839056 0.126487
v -0.734671 1.839056 0.226487
v -0.749771 1.862807 0.126487
v -0.749771 1.862807 0.226487
v -0.764000 1.886593 0.126487
v -0.764000 1.886593 0.226487
v -0.764000 1.579593 0.126487
v -0.764000 1.579593 0.226487
v -0.835000 1.579593 0.126487
v -0.835000 1.579593 0.226487
v -0.835000 1.863593 0.126487
v -0.835000 1.863593 0.226487
v -0.848736 1.840655 0.126487
v -0.848736 1.840655 0.226487
v -0.863384 1.817926 0.126487
v -0.863384 1.817926 0.226487
v -0.878859 1.795530 0.126487
v -0.878859 1.795530 0.226487
v -0.895074 1.773593 0.126487
v -0.895074 1.773593 0.226487
v -0.911942 1.752238 0.126487
v -0.911942 1.752238 0.226487
v -0.929375 1.731593 0.126487
v -0.929375 1.731593 0.226487
v -0.947288 1.711780 0.126487
v -0.947288 1.711780 0.226487
v -0.965593 1.692926 0.126487
v -0.965593 1.692926 0.226487
v -0.984203 1.675155 0.126487
v -0.984203 1.675155 0.226487
v -1.003032 1.658593 0.126487
v -1.003032 1.658593 0.226487
v -1.021994 1.643363 0.126487
v -1.021994 1.643363 0.226487
v -1.041000 1.629593 0.126487
v -1.041000 1.629593 0.226487
v -1.043681 1.634019 0.126487
v -1.043681 1.634019 0.226487
v -1.046699 1.638750 0.126487
v -1.046699 1.638750 0.226487
v -1.050016 1.643718 0.126487
v -1.050016 1.643718 0.226487
v -1.053593 1.648852 0.126487
v -1.053593 1.648852 0.226487
v -1.057392 1.654083 0.126487
v -1.057392 1.654083 0.226487
v -1.061375 1.659343 0.126487
v -1.061375 1.659343 0.226487
v -1.065504 1.664560 0.126487
v -1.065504 1.664560 0.226487
v -1.069741 1.669667 0.126487
v -1.069741 1.669667 0.226487
v -1.074047 1.674593 0.126487
v -1.074047 1.674593 0.226487
v -1.078384 1.679268 0.126487
v -1.078384 1.679268 0.226487
v -1.082715 1.683625 0.126487
v -1.082715 1.683625 0.226487
v -1.087000 1.687593 0.126487
v -1.087000 1.687593 0.226487
v -1.067189 1.700025 0.126487
v -1.067189 1.700025 0.226487
v -1.047343 1.714222 0.126487
v -1.047343 1.714222 0.226487
v -1.027594 1.730030 0.126487
v -1.027594 1.730030 0.226487
v -1.008074 1.747296 0.126487
v -1.008074 1.747296 0.226487
v -0.988916 1.765868 0.126487
v -0.988916 1.765868 0.226487
v -0.970250 1.785593 0.126487
v -0.970250 1.785593 0.226487
v -0.952209 1.806317 0.126487
v -0.952209 1.806317 0.226487
v -0.934926 1.827889 0.126487
v -0.934926 1.827889 0.226487
v -0.918531 1.850155 0.126487
v -0.918531 1.850155 0.226487
v -0.903157 1.872963 0.126487
v -0.903157 1.872963 0.226487
v -0.888936 1.896160 0.126487
v -0.888936 1.896160 0.226487
v -0.876000 1.919593 0.126487
v -0.876000 1.919593 0.226487
v -1.046000 1.919593 0.126487
v -1.046000 1.919593 0.226487
v -1.046000 2.245593 0.126487
v -1.046000 2.245593 0.226487
v -0.836000 2.245593 0.126487
v -0.836000 2.245593 0.226487
v -0.836000 2.326593 0.126487
v -0.836000 2.326593 0.226487
v -1.073000 2.326593 0.126487
v -1.073000 2.326593 0.226487
v -1.073000 2.393593 0.126487
v -1.073000 2.393593 0.226487
v -0.836000 2.393593 0.126487
v -0.836000 2.393593 0.226487
v -0.836000 2.498593 0.126487
v -0.836000 2.498593 0.226487
v -0.765000 2.498593 0.126487
v -0.765000 2.498593 0.226487
v -0.832000 1.980593 0.126487
v -0.832000 1.980593 0.226487
v -0.832000 2.183593 0.126487
v -0.832000 2.183593 0.226487
v -0.985000 2.183593 0.126487
v -0.985000 2.183593 0.226487
v -0.985000 1.980593 0.126487
v -0.985000 1.980593 0.226487
v -0.619000 1.980593 0.126487
v -0.619000 1.980593 0.226487
v -0.619000 2.183593 0.126487
v -0.619000 2.183593 0.226487
v -0.770000 2.183593 0.126487
v -0.770000 2.183593 0.226487
v -0.770000 1.980593 0.126487
v -0.770000 1.980593 0.226487
v -1.427724 1.969255 0.126487
v -1.427724 1.969255 0.226487
v -1.422380 1.971722 0.126487
v -1.422380 1.971722 0.226487
v -1.416937 1.974968 0.126487
v -1.416937 1.974968 0.226487
v -1.411370 1.978963 0.126487
v -1.411370 1.978963 0.226487
v -1.405650 1.983681 0.126487
v -1.405650 1.983681 0.226487
v -1.399750 1.989093 0.126487
v -1.399750 1.989093 0.226487
v -1.393641 1.995171 0.126487
v -1.393641 1.995171 0.226487
v -1.387296 2.001889 0.126487
v -1.387296 2.001889 0.226487
v -1.380687 2.009218 0.126487
v -1.380687 2.009218 0.226487
v -1.373787 2.017130 0.126487
v -1.373787 2.017130 0.226487
v -1.366567 2.025597 0.126487
v -1.366567 2.025597 0.226487
v -1.359000 2.034593 0.126487
v -1.359000 2.034593 0.226487
v -1.354884 2.039376 0.126487
v -1.354884 2.039376 0.226487
v -1.350069 2.045194 0.126487
v -1.350069 2.045194 0.226487
v -1.344609 2.051999 0.126487
v -1.344609 2.051999 0.226487
v -1.338555 2.059741 0.126487
v -1.338555 2.059741 0.226487
v -1.331960 2.068372 0.126487
v -1.331960 2.068372 0.226487
v -1.324875 2.077842 0.126487
v -1.324875 2.077842 0.226487
v -1.317352 2.088105 0.126487
v -1.317352 2.088105 0.226487
v -1.309444 2.099111 0.126487
v -1.309444 2.099111 0.226487
v -1.301203 2.110811 0.126487
v -1.301203 2.110811 0.226487
v -1.292681 2.123158 0.126487
v -1.292681 2.123158 0.226487
v -1.283929 2.136101 0.126487
v -1.283929 2.136101 0.226487
v -1.275000 2.149593 0.126487
v -1.275000 2.149593 0.226487
v -1.299564 2.146504 0.126487
v -1.299564 2.146504 0.226487
v -1.320931 2.143718 0.126487
v -1.320931 2.143718 0.226487
v -1.339360 2.141202 0.126487
v -1.339360 2.141202 0.226487
v -1.355111 2.138926 0.126487
v -1.355111 2.138926 0.226487
v -1.368446 2.136858 0.126487
v -1.368446 2.136858 0.226487
v -1.379625 2.134968 0.126487
v -1.379625 2.134968 0.226487
v -1.388908 2.133223 0.126487
v -1.388908 2.133223 0.226487
v -1.396556 2.131593 0.126487
v -1.396556 2.131593 0.226487
v -1.402828 2.130046 0.126487
v -1.402828 2.130046 0.226487
v -1.407986 2.128551 0.126487
v -1.407986 2.128551 0.226487
v -1.412290 2.127077 0.126487
v -1.412290 2.127077 0.226487
v -1.416000 2.125593 0.126487
v -1.416000 2.125593 0.226487
v -1.417140 2.129508 0.126487
v -1.417140 2.129508 0.226487
v -1.418537 2.134167 0.126487
v -1.418537 2.134167 0.226487
v -1.420156 2.139436 0.126487
v -1.420156 2.139436 0.226487
v -1.421963 2.145185 0.126487
v -1.421963 2.145185 0.226487
v -1.423922 2.151281 0.126487
v -1.423922 2.151281 0.226487
v -1.426000 2.157593 0.126487
v -1.426000 2.157593 0.226487
v -1.428161 2.163987 0.126487
v -1.428161 2.163987 0.226487
v -1.430370 2.170333 0.126487
v -1.430370 2.170333 0.226487
v -1.432594 2.176499 0.126487
v -1.432594 2.176499 0.226487
v -1.434796 2.182352 0.126487
v -1.434796 2.182352 0.226487
v -1.436943 2.187760 0.126487
v -1.436943 2.187760 0.226487
v -1.439000 2.192593 0.126487
v -1.439000 2.192593 0.226487
v -1.434729 2.193942 0.126487
v -1.434729 2.193942 0.226487
v -1.430412 2.195972 0.126487
v -1.430412 2.195972 0.226487
v -1.426047 2.198655 0.126487
v -1.426047 2.198655 0.226487
v -1.421630 2.201963 0.126487
v -1.421630 2.201963 0.226487
v -1.417157 2.205868 0.126487
v -1.417157 2.205868 0.226487
v -1.412625 2.210343 0.126487
v -1.412625 2.210343 0.226487
v -1.408031 2.215359 0.126487
v -1.408031 2.215359 0.226487
v -1.403370 2.220889 0.126487
v -1.403370 2.220889 0.226487
v -1.398641 2.226905 0.126487
v -1.398641 2.226905 0.226487
v -1.393838 2.233380 0.126487
v -1.393838 2.233380 0.226487
v -1.388959 2.240285 0.126487
v -1.388959 2.240285 0.226487
v -1.384000 2.247592 0.126487
v -1.384000 2.247592 0.226487
v -1.377545 2.256811 0.126487
v -1.377545 2.256811 0.226487
v -1.369357 2.269255 0.126487
v -1.369357 2.269255 0.226487
v -1.359703 2.284608 0.126487
v -1.359703 2.284608 0.226487
v -1.348852 2.302556 0.126487
v -1.348852 2.302556 0.226487
v -1.337070 2.322781 0.126487
v -1.337070 2.322781 0.226487
v -1.324625 2.344968 0.126487
v -1.324625 2.344968 0.226487
v -1.311784 2.368800 0.126487
v -1.311784 2.368800 0.226487
v -1.298815 2.393963 0.126487
v -1.298815 2.393963 0.226487
v -1.285985 2.420140 0.126487
v -1.285985 2.420140 0.226487
v -1.273560 2.447014 0.126487
v -1.273560 2.447014 0.226487
v -1.261810 2.474270 0.126487
v -1.261810 2.474270 0.226487
v -1.251000 2.501593 0.126487
v -1.251000 2.501593 0.226487
v -1.184000 2.473593 0.126487
v -1.184000 2.473593 0.226487
v -1.195013 2.450024 0.126487
v -1.195013 2.450024 0.226487
v -1.206519 2.426380 0.126487
v -1.206519 2.426380 0.226487
v -1.218469 2.402749 0.126487
v -1.218469 2.402749 0.226487
v -1.230815 2.379222 0.126487
v -1.230815 2.379222 0.226487
v -1.243508 2.355890 0.126487
v -1.243508 2.355890 0.226487
v -1.256500 2.332843 0.126487
v -1.256500 2.332843 0.226487
v -1.269742 2.310170 0.126487
v -1.269742 2.310170 0.226487
v -1.283185 2.287963 0.126487
v -1.283185 2.287963 0.226487
v -1.296781 2.266311 0.126487
v -1.296781 2.266311 0.226487
v -1.310482 2.245306 0.126487
v -1.310482 2.245306 0.226487
v -1.324237 2.225036 0.126487
v -1.324237 2.225036 0.226487
v -1.338000 2.205593 0.126487
v -1.338000 2.205593 0.226487
v -1.234000 2.214592 0.126487
v -1.234000 2.214592 0.226487
v -1.227502 2.225403 0.126487
v -1.227502 2.225403 0.226487
v -1.221018 2.236329 0.126487
v -1.221018 2.236329 0.226487
v -1.214562 2.247358 0.126487
v -1.214562 2.247358 0.226487
v -1.208148 2.258482 0.126487
v -1.208148 2.258482 0.226487
v -1.201789 2.269688 0.126487
v -1.201789 2.269688 0.226487
v -1.195500 2.280968 0.126487
v -1.195500 2.280968 0.226487
v -1.189294 2.292310 0.126487
v -1.189294 2.292310 0.226487
v -1.183185 2.303704 0.126487
v -1.183185 2.303704 0.226487
v -1.177188 2.315140 0.126487
v -1.177188 2.315140 0.226487
v -1.171315 2.326607 0.126487
v -1.171315 2.326607 0.226487
v -1.165581 2.338094 0.126487
v -1.165581 2.338094 0.226487
v -1.160000 2.349593 0.126487
v -1.160000 2.349593 0.226487
v -1.095000 2.312593 0.126487
v -1.095000 2.312593 0.226487
v -1.111535 2.283566 0.126487
v -1.111535 2.283566 0.226487
v -1.128611 2.254551 0.126487
v -1.128611 2.254551 0.226487
v -1.146188 2.225640 0.126487
v -1.146188 2.225640 0.226487
v -1.164222 2.196926 0.126487
v -1.164222 2.196926 0.226487
v -1.182674 2.168504 0.126487
v -1.182674 2.168504 0.226487
v -1.201500 2.140468 0.126487
v -1.201500 2.140468 0.226487
v -1.220660 2.112910 0.126487
v -1.220660 2.112910 0.226487
v -1.240111 2.085926 0.126487
v -1.240111 2.085926 0.226487
v -1.259812 2.059608 0.126487
v -1.259812 2.059608 0.226487
v -1.279722 2.034051 0.126487
v -1.279722 2.034051 0.226487
v -1.299799 2.009348 0.126487
v -1.299799 2.009348 0.226487
v -1.320000 1.985593 0.126487
v -1.320000 1.985593 0.226487
v -1.158000 2.007593 0.126487
v -1.158000 2.007593 0.226487
v -1.160270 2.015860 0.126487
v -1.160270 2.015860 0.226487
v -1.162579 2.024148 0.126487
v -1.162579 2.024148 0.226487
v -1.164922 2.032436 0.126487
v -1.164922 2.032436 0.226487
v -1.167296 2.040704 0.126487
v -1.167296 2.040704 0.226487
v -1.169698 2.048929 0.126487
v -1.169698 2.048929 0.226487
v -1.172125 2.057093 0.126487
v -1.172125 2.057093 0.226487
v -1.174572 2.065172 0.126487
v -1.174572 2.065172 0.226487
v -1.177037 2.073148 0.126487
v -1.177037 2.073148 0.226487
v -1.179516 2.080999 0.126487
v -1.179516 2.080999 0.226487
v -1.182005 2.088704 0.126487
v -1.182005 2.088704 0.226487
v -1.184501 2.096242 0.126487
v -1.184501 2.096242 0.226487
v -1.187000 2.103593 0.126487
v -1.187000 2.103593 0.226487
v -1.131000 2.117593 0.126487
v -1.131000 2.117593 0.226487
v -1.124760 2.099939 0.126487
v -1.124760 2.099939 0.226487
v -1.118583 2.081611 0.126487
v -1.118583 2.081611 0.226487
v -1.112531 2.062811 0.126487
v -1.112531 2.062811 0.226487
v -1.106667 2.043741 0.126487
v -1.106667 2.043741 0.226487
v -1.101052 2.024601 0.126487
v -1.101052 2.024601 0.226487
v -1.095750 2.005593 0.126487
v -1.095750 2.005593 0.226487
v -1.090823 1.986918 0.126487
v -1.090823 1.986918 0.226487
v -1.086333 1.968778 0.126487
v -1.086333 1.968778 0.226487
v -1.082344 1.951374 0.126487
v -1.082344 1.951374 0.226487
v -1.078917 1.934907 0.126487
v -1.078917 1.934907 0.226487
v -1.076115 1.919580 0.126487
v -1.076115 1.919580 0.226487
v -1.074000 1.905593 0.126487
v -1.074000 1.905593 0.226487
v -1.133000 1.887593 0.126487
v -1.133000 1.887593 0.226487
v -1.144000 1.948593 0.126487
v -1.144000 1.948593 0.226487
v -1.194226 1.941097 0.126487
v -1.194226 1.941097 0.226487
v -1.237310 1.934546 0.126487
v -1.237310 1.934546 0.226487
v -1.273859 1.928843 0.126487
v -1.273859 1.928843 0.226487
v -1.304482 1.923889 0.126487
v -1.304482 1.923889 0.226487
v -1.329784 1.919588 0.126487
v -1.329784 1.919588 0.226487
v -1.350375 1.915843 0.126487
v -1.350375 1.915843 0.226487
v -1.366862 1.912556 0.126487
v -1.366862 1.912556 0.226487
v -1.379852 1.909630 0.126487
v -1.379852 1.909630 0.226487
v -1.389953 1.906968 0.126487
v -1.389953 1.906968 0.226487
v -1.397773 1.904472 0.126487
v -1.397773 1.904472 0.226487
v -1.403920 1.902046 0.126487
v -1.403920 1.902046 0.226487
v -1.409000 1.899593 0.126487
v -1.409000 1.899593 0.226487
v -1.410141 1.903719 0.126487
v -1.410141 1.903719 0.226487
v -1.411542 1.908519 0.126487
v -1.411542 1.908519 0.226487
v -1.413172 1.913874 0.126487
v -1.413172 1.913874 0.226487
v -1.415000 1.919667 0.126487
v -1.415000 1.919667 0.226487
v -1.416995 1.925779 0.126487
v -1.416995 1.925779 0.226487
v -1.419125 1.932093 0.126487
v -1.419125 1.932093 0.226487
v -1.421359 1.938490 0.126487
v -1.421359 1.938490 0.226487
v -1.423667 1.944852 0.126487
v -1.423667 1.944852 0.226487
v -1.426016 1.951061 0.126487
v -1.426016 1.951061 0.226487
v -1.428375 1.957000 0.126487
v -1.428375 1.957000 0.226487
v -1.430714 1.962550 0.126487
v -1.430714 1.962550 0.226487
v -1.433000 1.967593 0.126487
v -1.433000 1.967593 0.226487
v -0.303215 2.350353 0.126487
v -0.303215 2.350353 0.226487
v -0.288972 2.345671 0.126487
v -0.288972 2.345671 0.226487
v -0.274438 2.340608 0.126487
v -0.274438 2.340608 0.226487
v -0.259778 2.335222 0.126487
v -0.259778 2.335222 0.226487
v -0.245160 2.329572 0.126487
v -0.245160 2.329572 0.226487
v -0.230750 2.323718 0.126487
v -0.230750 2.323718 0.226487
v -0.216715 2.317717 0.126487
v -0.216715 2.317717 0.226487
v -0.203222 2.311630 0.126487
v -0.203222 2.311630 0.226487
v -0.190438 2.305514 0.126487
v -0.190438 2.305514 0.226487
v -0.178528 2.299431 0.126487
v -0.178528 2.299431 0.226487
v -0.167660 2.293437 0.126487
v -0.167660 2.293437 0.226487
v -0.158000 2.287593 0.126487
v -0.158000 2.287593 0.226487
v -0.191000 2.233593 0.126487
v -0.191000 2.233593 0.226487
v -0.200450 2.239727 0.126487
v -0.200450 2.239727 0.226487
v -0.211181 2.246083 0.126487
v -0.211181 2.246083 0.226487
v -0.223016 2.252593 0.126487
v -0.223016 2.252593 0.226487
v -0.235778 2.259185 0.126487
v -0.235778 2.259185 0.226487
v -0.249290 2.265792 0.126487
v -0.249290 2.265792 0.226487
v -0.263375 2.272343 0.126487
v -0.263375 2.272343 0.226487
v -0.277856 2.278769 0.126487
v -0.277856 2.278769 0.226487
v -0.292556 2.285000 0.126487
v -0.292556 2.285000 0.226487
v -0.307297 2.290968 0.126487
v -0.307297 2.290968 0.226487
v -0.321903 2.296602 0.126487
v -0.321903 2.296602 0.226487
v -0.336196 2.301833 0.126487
v -0.336196 2.301833 0.226487
v -0.350000 2.306592 0.126487
v -0.350000 2.306592 0.226487
v -0.317000 2.354593 0.126487
v -0.317000 2.354593 0.226487
v 0.113634 2.346602 0.126487
v 0.113634 2.346602 0.226487
v 0.128903 2.342171 0.126487
v 0.128903 2.342171 0.226487
v 0.144609 2.337358 0.126487
v 0.144609 2.337358 0.226487
v 0.160556 2.332222 0.126487
v 0.160556 2.332222 0.226487
v 0.176543 2.326822 0.126487
v 0.176543 2.326822 0.226487
v 0.192375 2.321218 0.126487
v 0.192375 2.321218 0.226487
v 0.207852 2.315467 0.126487
v 0.207852 2.315467 0.226487
v 0.222778 2.309630 0.126487
v 0.222778 2.309630 0.226487
v 0.236953 2.303765 0.126487
v 0.236953 2.303765 0.226487
v 0.250181 2.297931 0.126487
v 0.250181 2.297931 0.226487
v 0.262262 2.292187 0.126487
v 0.262262 2.292187 0.226487
v 0.273000 2.286592 0.126487
v 0.273000 2.286592 0.226487
v 0.241000 2.230593 0.126487
v 0.241000 2.230593 0.226487
v 0.230510 2.236457 0.126487
v 0.230510 2.236457 0.226487
v 0.218667 2.242509 0.126487
v 0.218667 2.242509 0.226487
v 0.205656 2.248686 0.126487
v 0.205656 2.248686 0.226487
v 0.191667 2.254926 0.126487
v 0.191667 2.254926 0.226487
v 0.176885 2.261166 0.126487
v 0.176885 2.261166 0.226487
v 0.161500 2.267343 0.126487
v 0.161500 2.267343 0.226487
v 0.145698 2.273395 0.126487
v 0.145698 2.273395 0.226487
v 0.129667 2.279259 0.126487
v 0.129667 2.279259 0.226487
v 0.113594 2.284874 0.126487
v 0.113594 2.284874 0.226487
v 0.097667 2.290176 0.126487
v 0.097667 2.290176 0.226487
v 0.082073 2.295103 0.126487
v 0.082073 2.295103 0.226487
v 0.067000 2.299592 0.126487
v 0.067000 2.299592 0.226487
v 0.099000 2.350593 0.126487
v 0.099000 2.350593 0.226487
v 0.272000 1.675593 0.126487
v 0.272000 1.675593 0.226487
v 0.272000 1.776593 0.126487
v 0.272000 1.776593 0.226487
v -0.215000 1.776593 0.126487
v -0.215000 1.776593 0.226487
v -0.215000 1.675593 0.126487
v -0.215000 1.675593 0.226487
v 0.272000 1.933593 0.126487
v 0.272000 1.933593 0.226487
v -0.215000 1.933593 0.126487
v -0.215000 1.933593 0.226487
v -0.215000 1.836593 0.126487
v -0.215000 1.836593 0.226487
v 0.272000 1.836593 0.126487
v 0.272000 1.836593 0.226487
v -0.014000 2.087593 0.126487
v -0.014000 2.087593 0.226487
v 0.064000 2.072592 0.126487
v 0.064000 2.072592 0.226487
v 0.060480 2.065615 0.126487
v 0.060480 2.065615 0.226487
v 0.056921 2.058685 0.126487
v 0.056921 2.058685 0.226487
v 0.053328 2.051811 0.126487
v 0.053328 2.051811 0.226487
v 0.049704 2.045000 0.126487
v 0.049704 2.045000 0.226487
v 0.046052 2.038258 0.126487
v 0.046052 2.038258 0.226487
v 0.042375 2.031593 0.126487
v 0.042375 2.031593 0.226487
v 0.038678 2.025010 0.126487
v 0.038678 2.025010 0.226487
v 0.034963 2.018518 0.126487
v 0.034963 2.018518 0.226487
v 0.031234 2.012124 0.126487
v 0.031234 2.012124 0.226487
v 0.027495 2.005833 0.126487
v 0.027495 2.005833 0.226487
v 0.023749 1.999654 0.126487
v 0.023749 1.999654 0.226487
v 0.020000 1.993593 0.126487
v 0.020000 1.993593 0.226487
v 0.350000 1.993593 0.126487
v 0.350000 1.993593 0.226487
v 0.350000 1.576593 0.126487
v 0.350000 1.576593 0.226487
v 0.272000 1.576593 0.126487
v 0.272000 1.576593 0.226487
v 0.272000 1.616593 0.126487
v 0.272000 1.616593 0.226487
v -0.215000 1.616593 0.126487
v -0.215000 1.616593 0.226487
v -0.215000 1.576593 0.126487
v -0.215000 1.576593 0.226487
v -0.290000 1.576593 0.126487
v -0.290000 1.576593 0.226487
v -0.290000 1.993593 0.126487
v -0.290000 1.993593 0.226487
v -0.054000 1.993593 0.126487
v -0.054000 1.993593 0.226487
v -0.051252 1.999132 0.126487
v -0.051252 1.999132 0.226487
v -0.048514 2.004741 0.126487
v -0.048514 2.004741 0.226487
v -0.045797 2.010405 0.126487
v -0.045797 2.010405 0.226487
v -0.043111 2.016111 0.126487
v -0.043111 2.016111 0.226487
v -0.040467 2.021845 0.126487
v -0.040467 2.021845 0.226487
v -0.037875 2.027593 0.126487
v -0.037875 2.027593 0.226487
v -0.035345 2.033340 0.126487
v -0.035345 2.033340 0.226487
v -0.032889 2.039074 0.126487
v -0.032889 2.039074 0.226487
v -0.030516 2.044780 0.126487
v -0.030516 2.044780 0.226487
v -0.028236 2.050444 0.126487
v -0.028236 2.050444 0.226487
v -0.026061 2.056053 0.126487
v -0.026061 2.056053 0.226487
v -0.024000 2.061593 0.126487
v -0.024000 2.061593 0.226487
v -0.084000 2.061593 0.126487
v -0.084000 2.061593 0.226487
v -0.084000 2.193593 0.126487
v -0.084000 2.193593 0.226487
v -0.108818 2.182099 0.126487
v -0.108818 2.182099 0.226487
v -0.133708 2.170644 0.126487
v -0.133708 2.170644 0.226487
v -0.158578 2.159265 0.126487
v -0.158578 2.159265 0.226487
v -0.183333 2.148000 0.126487
v -0.183333 2.148000 0.226487
v -0.207880 2.136888 0.126487
v -0.207880 2.136888 0.226487
v -0.232125 2.125968 0.126487
v -0.232125 2.125968 0.226487
v -0.255974 2.115276 0.126487
v -0.255974 2.115276 0.226487
v -0.279333 2.104852 0.126487
v -0.279333 2.104852 0.226487
v -0.302109 2.094733 0.126487
v -0.302109 2.094733 0.226487
v -0.324208 2.084958 0.126487
v -0.324208 2.084958 0.226487
v -0.345536 2.075565 0.126487
v -0.345536 2.075565 0.226487
v -0.366000 2.066593 0.126487
v -0.366000 2.066593 0.226487
v -0.393000 2.128592 0.126487
v -0.393000 2.128592 0.226487
v -0.372712 2.136248 0.126487
v -0.372712 2.136248 0.226487
v -0.350944 2.144671 0.126487
v -0.350944 2.144671 0.226487
v -0.327844 2.153796 0.126487
v -0.327844 2.153796 0.226487
v -0.303556 2.163556 0.126487
v -0.303556 2.163556 0.226487
v -0.278226 2.173885 0.126487
v -0.278226 2.173885 0.226487
v -0.252000 2.184718 0.126487
v -0.252000 2.184718 0.226487
v -0.225024 2.195988 0.126487
v -0.225024 2.195988 0.226487
v -0.197444 2.207630 0.126487
v -0.197444 2.207630 0.226487
v -0.169406 2.219577 0.126487
v -0.169406 2.219577 0.226487
v -0.141056 2.231764 0.126487
v -0.141056 2.231764 0.226487
v -0.112538 2.244124 0.126487
v -0.112538 2.244124 0.226487
v -0.084000 2.256593 0.126487
v -0.084000 2.256593 0.226487
v -0.084000 2.390593 0.126487
v -0.084000 2.390593 0.226487
v -0.381000 2.390593 0.126487
v -0.381000 2.390593 0.226487
v -0.381000 2.454593 0.126487
v -0.381000 2.454593 0.226487
v -0.014000 2.454593 0.126487
v -0.014000 2.454593 0.226487
v 0.413000 2.052593 0.126487
v 0.413000 2.052593 0.226487
v 0.345000 2.052593 0.126487
v 0.345000 2.052593 0.226487
v 0.345000 2.204593 0.126487
v 0.345000 2.204593 0.226487
v 0.071000 2.073593 0.126487
v 0.071000 2.073593 0.226487
v 0.041000 2.134593 0.126487
v 0.041000 2.134593 0.226487
v 0.060808 2.142287 0.126487
v 0.060808 2.142287 0.226487
v 0.082130 2.150815 0.126487
v 0.082130 2.150815 0.226487
v 0.104812 2.160093 0.126487
v 0.104812 2.160093 0.226487
v 0.128704 2.170037 0.126487
v 0.128704 2.170037 0.226487
v 0.153650 2.180565 0.126487
v 0.153650 2.180565 0.226487
v 0.179500 2.191593 0.126487
v 0.179500 2.191593 0.226487
v 0.206100 2.203037 0.126487
v 0.206100 2.203037 0.226487
v 0.233296 2.214815 0.126487
v 0.233296 2.214815 0.226487
v 0.260938 2.226843 0.126487
v 0.260938 2.226843 0.226487
v 0.288870 2.239037 0.126487
v 0.288870 2.239037 0.226487
v 0.316942 2.251315 0.126487
v 0.316942 2.251315 0.226487
v 0.345000 2.263593 0.126487
v 0.345000 2.263593 0.226487
v 0.345000 2.387593 0.126487
v 0.345000 2.387593 0.226487
v 0.037000 2.387593 0.126487
v 0.037000 2.387593 0.226487
v 0.037000 2.451593 0.126487
v 0.037000 2.451593 0.226487
v 0.413000 2.451593 0.126487
v 0.413000 2.451593 0.226487
v 1.379000 1.977593 0.126487
v 1.379000 1.977593 0.226487
v 1.060000 1.659593 0.126487
v 1.060000 1.659593 0.226487
v 1.004000 1.716593 0.126487
v 1.004000 1.716593 0.226487
v 1.107000 1.818593 0.126487
v 1.107000 1.818593 0.226487
v 1.110191 1.821766 0.126487
v 1.110191 1.821766 0.226487
v 1.113431 1.824954 0.126487
v 1.113431 1.824954 0.226487
v 1.116719 1.828155 0.126487
v 1.116719 1.828155 0.226487
v 1.120055 1.831370 0.126487
v 1.120055 1.831370 0.226487
v 1.123441 1.834599 0.126487
v 1.123441 1.834599 0.226487
v 1.126875 1.837843 0.126487
v 1.126875 1.837843 0.226487
v 1.130358 1.841100 0.126487
v 1.130358 1.841100 0.226487
v 1.133889 1.844370 0.126487
v 1.133889 1.844370 0.226487
v 1.137469 1.847655 0.126487
v 1.137469 1.847655 0.226487
v 1.141097 1.850954 0.126487
v 1.141097 1.850954 0.226487
v 1.144774 1.854266 0.126487
v 1.144774 1.854266 0.226487
v 1.148500 1.857593 0.126487
v 1.148500 1.857593 0.226487
v 1.152260 1.860926 0.126487
v 1.152260 1.860926 0.226487
v 1.156042 1.864259 0.126487
v 1.156042 1.864259 0.226487
v 1.159844 1.867593 0.126487
v 1.159844 1.867593 0.226487
v 1.163667 1.870926 0.126487
v 1.163667 1.870926 0.226487
v 1.167511 1.874259 0.126487
v 1.167511 1.874259 0.226487
v 1.171375 1.877593 0.126487
v 1.171375 1.877593 0.226487
v 1.175260 1.880926 0.126487
v 1.175260 1.880926 0.226487
v 1.179167 1.884259 0.126487
v 1.179167 1.884259 0.226487
v 1.183094 1.887593 0.126487
v 1.183094 1.887593 0.226487
v 1.187042 1.890926 0.126487
v 1.187042 1.890926 0.226487
v 1.191010 1.894259 0.126487
v 1.191010 1.894259 0.226487
v 1.195000 1.897593 0.126487
v 1.195000 1.897593 0.226487
v 1.198986 1.900912 0.126487
v 1.198986 1.900912 0.226487
v 1.202944 1.904204 0.126487
v 1.202944 1.904204 0.226487
v 1.206875 1.907468 0.126487
v 1.206875 1.907468 0.226487
v 1.210778 1.910704 0.126487
v 1.210778 1.910704 0.226487
v 1.214653 1.913912 0.126487
v 1.214653 1.913912 0.226487
v 1.218500 1.917093 0.126487
v 1.218500 1.917093 0.226487
v 1.222319 1.920245 0.126487
v 1.222319 1.920245 0.226487
v 1.226111 1.923370 0.126487
v 1.226111 1.923370 0.226487
v 1.229875 1.926468 0.126487
v 1.229875 1.926468 0.226487
v 1.233611 1.929537 0.126487
v 1.233611 1.929537 0.226487
v 1.237320 1.932579 0.126487
v 1.237320 1.932579 0.226487
v 1.241000 1.935593 0.126487
v 1.241000 1.935593 0.226487
v 1.244646 1.938572 0.126487
v 1.244646 1.938572 0.226487
v 1.248250 1.941509 0.126487
v 1.248250 1.941509 0.226487
v 1.251813 1.944405 0.126487
v 1.251813 1.944405 0.226487
v 1.255333 1.947259 0.126487
v 1.255333 1.947259 0.226487
v 1.258813 1.950072 0.126487
v 1.258813 1.950072 0.226487
v 1.262250 1.952843 0.126487
v 1.262250 1.952843 0.226487
v 1.265646 1.955572 0.126487
v 1.265646 1.955572 0.226487
v 1.269000 1.958259 0.126487
v 1.269000 1.958259 0.226487
v 1.272313 1.960905 0.126487
v 1.272313 1.960905 0.226487
v 1.275583 1.963509 0.126487
v 1.275583 1.963509 0.226487
v 1.278813 1.966072 0.126487
v 1.278813 1.966072 0.226487
v 1.282000 1.968593 0.126487
v 1.282000 1.968593 0.226487
v 1.271000 1.951593 0.126487
v 1.271000 1.951593 0.226487
v 1.267663 1.951089 0.126487
v 1.267663 1.951089 0.226487
v 1.264320 1.950579 0.126487
v 1.264320 1.950579 0.226487
v 1.260969 1.950061 0.126487
v 1.260969 1.950061 0.226487
v 1.257611 1.949537 0.126487
v 1.257611 1.949537 0.226487
v 1.254247 1.949006 0.126487
v 1.254247 1.949006 0.226487
v 1.250875 1.948468 0.126487
v 1.250875 1.948468 0.226487
v 1.247496 1.947922 0.126487
v 1.247496 1.947922 0.226487
v 1.244111 1.947370 0.126487
v 1.244111 1.947370 0.226487
v 1.240719 1.946811 0.126487
v 1.240719 1.946811 0.226487
v 1.237319 1.946245 0.126487
v 1.237319 1.946245 0.226487
v 1.233913 1.945672 0.126487
v 1.233913 1.945672 0.226487
v 1.230500 1.945093 0.126487
v 1.230500 1.945093 0.226487
v 1.227087 1.944520 0.126487
v 1.227087 1.944520 0.226487
v 1.223680 1.943968 0.126487
v 1.223680 1.943968 0.226487
v 1.220281 1.943436 0.126487
v 1.220281 1.943436 0.226487
v 1.216889 1.942926 0.126487
v 1.216889 1.942926 0.226487
v 1.213503 1.942436 0.126487
v 1.213503 1.942436 0.226487
v 1.210125 1.941968 0.126487
v 1.210125 1.941968 0.226487
v 1.206753 1.941520 0.126487
v 1.206753 1.941520 0.226487
v 1.203389 1.941093 0.126487
v 1.203389 1.941093 0.226487
v 1.200031 1.940686 0.126487
v 1.200031 1.940686 0.226487
v 1.196681 1.940301 0.126487
v 1.196681 1.940301 0.226487
v 1.193337 1.939936 0.126487
v 1.193337 1.939936 0.226487
v 1.190000 1.939593 0.126487
v 1.190000 1.939593 0.226487
v 1.186660 1.939273 0.126487
v 1.186660 1.939273 0.226487
v 1.183306 1.938982 0.126487
v 1.183306 1.938981 0.226487
v 1.179938 1.938718 0.126487
v 1.179938 1.938718 0.226487
v 1.176556 1.938481 0.126487
v 1.176556 1.938481 0.226487
v 1.173160 1.938273 0.126487
v 1.173160 1.938273 0.226487
v 1.169750 1.938093 0.126487
v 1.169750 1.938093 0.226487
v 1.166327 1.937940 0.126487
v 1.166327 1.937940 0.226487
v 1.162889 1.937815 0.126487
v 1.162889 1.937815 0.226487
v 1.159438 1.937718 0.126487
v 1.159438 1.937718 0.226487
v 1.155972 1.937648 0.126487
v 1.155972 1.937648 0.226487
v 1.152493 1.937606 0.126487
v 1.152493 1.937606 0.226487
v 1.149000 1.937593 0.126487
v 1.149000 1.937593 0.226487
v 0.648000 1.937593 0.126487
v 0.648000 1.937593 0.226487
v 0.648000 2.018593 0.126487
v 0.648000 2.018593 0.226487
v 1.149000 2.018593 0.126487
v 1.149000 2.018593 0.226487
v 1.152493 2.018575 0.126487
v 1.152493 2.018575 0.226487
v 1.155972 2.018523 0.126487
v 1.155972 2.018523 0.226487
v 1.159437 2.018436 0.126487
v 1.159437 2.018436 0.226487
v 1.162889 2.018315 0.126487
v 1.162889 2.018315 0.226487
v 1.166326 2.018159 0.126487
v 1.166326 2.018158 0.226487
v 1.169750 2.017968 0.126487
v 1.169750 2.017968 0.226487
v 1.173160 2.017742 0.126487
v 1.173160 2.017742 0.226487
v 1.176555 2.017482 0.126487
v 1.176555 2.017482 0.226487
v 1.179937 2.017186 0.126487
v 1.179937 2.017186 0.226487
v 1.183305 2.016856 0.126487
v 1.183305 2.016856 0.226487
v 1.186660 2.016492 0.126487
v 1.186660 2.016492 0.226487
v 1.190000 2.016093 0.126487
v 1.190000 2.016093 0.226487
v 1.193337 2.015676 0.126487
v 1.193337 2.015676 0.226487
v 1.196681 2.015259 0.126487
v 1.196681 2.015259 0.226487
v 1.200031 2.014843 0.126487
v 1.200031 2.014843 0.226487
v 1.203389 2.014426 0.126487
v 1.203389 2.014426 0.226487
v 1.206753 2.014009 0.126487
v 1.206753 2.014009 0.226487
v 1.210125 2.013592 0.126487
v 1.210125 2.013592 0.226487
v 1.213503 2.013176 0.126487
v 1.213503 2.013176 0.226487
v 1.216889 2.012759 0.126487
v 1.216889 2.012759 0.226487
v 1.220281 2.012343 0.126487
v 1.220281 2.012342 0.226487
v 1.223680 2.011926 0.126487
v 1.223680 2.011926 0.226487
v 1.227087 2.011509 0.126487
v 1.227087 2.011509 0.226487
v 1.230500 2.011093 0.126487
v 1.230500 2.011093 0.226487
v 1.233913 2.010659 0.126487
v 1.233913 2.010659 0.226487
v 1.237319 2.010190 0.126487
v 1.237319 2.010190 0.226487
v 1.240719 2.009686 0.126487
v 1.240719 2.009686 0.226487
v 1.244111 2.009148 0.126487
v 1.244111 2.009148 0.226487
v 1.247496 2.008575 0.126487
v 1.247496 2.008575 0.226487
v 1.250875 2.007967 0.126487
v 1.250875 2.007967 0.226487
v 1.254246 2.007325 0.126487
v 1.254246 2.007325 0.226487
v 1.257611 2.006648 0.126487
v 1.257611 2.006648 0.226487
v 1.260969 2.005936 0.126487
v 1.260969 2.005936 0.226487
v 1.264319 2.005190 0.126487
v 1.264319 2.005190 0.226487
v 1.267663 2.004409 0.126487
v 1.267663 2.004409 0.226487
v 1.271000 2.003592 0.126487
v 1.271000 2.003592 0.226487
v 1.282000 1.987593 0.126487
v 1.282000 1.987593 0.226487
v 1.277792 1.990804 0.126487
v 1.277792 1.990804 0.226487
v 1.273500 1.994107 0.126487
v 1.273500 1.994106 0.226487
v 1.269125 1.997499 0.126487
v 1.269125 1.997499 0.226487
v 1.264667 2.000982 0.126487
v 1.264667 2.000982 0.226487
v 1.260125 2.004555 0.126487
v 1.260125 2.004554 0.226487
v 1.255500 2.008218 0.126487
v 1.255500 2.008218 0.226487
v 1.250792 2.011971 0.126487
v 1.250792 2.011971 0.226487
v 1.246000 2.015815 0.126487
v 1.246000 2.015815 0.226487
v 1.241125 2.019749 0.126487
v 1.241125 2.019749 0.226487
v 1.236167 2.023773 0.126487
v 1.236167 2.023773 0.226487
v 1.231125 2.027888 0.126487
v 1.231125 2.027888 0.226487
v 1.226000 2.032093 0.126487
v 1.226000 2.032093 0.226487
v 1.220830 2.036356 0.126487
v 1.220830 2.036356 0.226487
v 1.215653 2.040648 0.126487
v 1.215653 2.040648 0.226487
v 1.210469 2.044968 0.126487
v 1.210469 2.044968 0.226487
v 1.205278 2.049315 0.126487
v 1.205278 2.049315 0.226487
v 1.200080 2.053690 0.126487
v 1.200080 2.053690 0.226487
v 1.194875 2.058093 0.126487
v 1.194875 2.058093 0.226487
v 1.189663 2.062523 0.126487
v 1.189663 2.062523 0.226487
v 1.184444 2.066982 0.126487
v 1.184444 2.066982 0.226487
v 1.179219 2.071468 0.126487
v 1.179219 2.071468 0.226487
v 1.173986 2.075981 0.126487
v 1.173986 2.075981 0.226487
v 1.168747 2.080523 0.126487
v 1.168747 2.080523 0.226487
v 1.163500 2.085093 0.126487
v 1.163500 2.085093 0.226487
v 1.158295 2.089658 0.126487
v 1.158295 2.089658 0.226487
v 1.153181 2.094190 0.126487
v 1.153181 2.094190 0.226487
v 1.148156 2.098686 0.126487
v 1.148156 2.098686 0.226487
v 1.143222 2.103148 0.126487
v 1.143222 2.103148 0.226487
v 1.138379 2.107575 0.126487
v 1.138379 2.107575 0.226487
v 1.133625 2.111968 0.126487
v 1.133625 2.111968 0.226487
v 1.128962 2.116325 0.126487
v 1.128962 2.116325 0.226487
v 1.124389 2.120648 0.126487
v 1.124389 2.120648 0.226487
v 1.119906 2.124936 0.126487
v 1.119906 2.124936 0.226487
v 1.115514 2.129190 0.126487
v 1.115514 2.129190 0.226487
v 1.111212 2.133409 0.126487
v 1.111212 2.133409 0.226487
v 1.107000 2.137593 0.126487
v 1.107000 2.137593 0.226487
v 1.004000 2.239593 0.126487
v 1.004000 2.239593 0.226487
v 1.060000 2.296593 0.126487
v 1.060000 2.296593 0.226487
vn -0.0000 -0.0000 1.0000
vn -0.0000 -0.0000 -1.0000
vn 0.8956 0.4448 -0.0000
vn 0.9045 0.4266 -0.0000
vn 0.9125 0.4090 -0.0000
vn 0.9202 0.3916 -0.0000
vn 0.9275 0.3738 -0.0000
vn 0.9348 0.3552 -0.0000
vn 0.9421 0.3352 -0.0000
vn 0.9497 0.3131 -0.0000
vn 0.9576 0.2880 -0.0000
vn 0.9660 0.2587 -0.0000
vn 0.9747 0.2234 -0.0000
vn 0.8566 -0.5159 -0.0000
vn -0.5257 -0.8507 -0.0000
vn -0.9798 -0.1998 -0.0000
vn -0.9725 -0.2330 -0.0000
vn -0.9654 -0.2609 -0.0000
vn -0.9585 -0.2852 -0.0000
vn -0.9517 -0.3072 -0.0000
vn -0.9448 -0.3277 -0.0000
vn -0.9377 -0.3475 -0.0000
vn -0.9302 -0.3671 -0.0000
vn -0.9220 -0.3872 -0.0000
vn -0.9129 -0.4082 -0.0000
vn -0.9024 -0.4309 -0.0000
vn -0.9098 0.4151 -0.0000
vn 0.4092 0.9124 -0.0000
vn 0.9258 -0.3780 -0.0000
vn 0.9254 -0.3791 -0.0000
vn 0.9245 -0.3813 -0.0000
vn 0.9231 -0.3847 -0.0000
vn 0.9211 -0.3893 -0.0000
vn 0.9186 -0.3953 -0.0000
vn 0.9153 -0.4028 -0.0000
vn 0.9112 -0.4120 -0.0000
vn 0.9059 -0.4234 -0.0000
vn 0.8993 -0.4374 -0.0000
vn 0.8906 -0.4547 -0.0000
vn 0.3566 -0.9343 -0.0000
vn -0.9284 -0.3716 -0.0000
vn -0.9050 0.4255 -0.0000
vn -0.9134 0.4070 -0.0000
vn -0.9202 0.3914 -0.0000
vn -0.9260 0.3776 -0.0000
vn -0.9311 0.3648 -0.0000
vn -0.9358 0.3526 -0.0000
vn -0.9403 0.3405 -0.0000
vn -0.9447 0.3278 -0.0000
vn -0.9494 0.3142 -0.0000
vn -0.9543 0.2988 -0.0000
vn -0.9598 0.2807 -0.0000
vn -0.4792 0.8777 -0.0000
vn 0.9034 0.4288 -0.0000
vn 0.9879 0.1549 -0.0000
vn 0.9890 0.1480 -0.0000
vn 0.9900 0.1412 -0.0000
vn 0.9909 0.1343 -0.0000
vn 0.9919 0.1273 -0.0000
vn 0.9928 0.1198 -0.0000
vn 0.9937 0.1116 -0.0000
vn 0.9947 0.1026 -0.0000
vn 0.9957 0.0922 -0.0000
vn 0.9968 0.0802 -0.0000
vn 0.9978 0.0656 -0.0000
vn 0.7892 -0.6141 -0.0000
vn -0.6204 -0.7843 -0.0000
vn -0.9987 -0.0503 -0.0000
vn -0.9978 -0.0659 -0.0000
vn -0.9969 -0.0792 -0.0000
vn -0.9959 -0.0906 -0.0000
vn -0.9949 -0.1008 -0.0000
vn -0.9939 -0.1100 -0.0000
vn -0.9929 -0.1186 -0.0000
vn -0.9919 -0.1268 -0.0000
vn -0.9909 -0.1349 -0.0000
vn -0.9897 -0.1430 -0.0000
vn -0.9885 -0.1513 -0.0000
vn -0.8103 0.5861 -0.0000
vn 0.5849 0.8111 -0.0000
vn 0.9898 -0.1423 -0.0000
vn 0.9883 -0.1524 -0.0000
vn 0.9867 -0.1626 -0.0000
vn 0.9849 -0.1732 -0.0000
vn 0.9829 -0.1843 -0.0000
vn 0.9805 -0.1963 -0.0000
vn 0.9778 -0.2093 -0.0000
vn 0.9746 -0.2238 -0.0000
vn 0.9707 -0.2402 -0.0000
vn 0.9658 -0.2591 -0.0000
vn 0.9596 -0.2814 -0.0000
vn 0.3922 -0.9199 -0.0000
vn -0.4322 -0.9018 -0.0000
vn -0.4015 -0.9159 -0.0000
vn -0.3793 -0.9253 -0.0000
vn -0.3625 -0.9320 -0.0000
vn -0.3493 -0.9370 -0.0000
vn -0.3386 -0.9409 -0.0000
vn -0.3298 -0.9441 -0.0000
vn -0.3222 -0.9467 -0.0000
vn -0.3155 -0.9489 -0.0000
vn -0.3095 -0.9509 -0.0000
vn -0.3039 -0.9527 -0.0000
vn -0.8970 -0.4421 -0.0000
vn -0.9464 0.3229 -0.0000
vn -0.9579 0.2872 -0.0000
vn -0.9664 0.2569 -0.0000
vn -0.9730 0.2310 -0.0000
vn -0.9780 0.2086 -0.0000
vn -0.9819 0.1892 -0.0000
vn -0.9850 0.1724 -0.0000
vn -0.9875 0.1578 -0.0000
vn -0.9894 0.1450 -0.0000
vn -0.9910 0.1338 -0.0000
vn -0.9923 0.1241 -0.0000
vn -0.5942 0.8043 -0.0000
vn 0.8096 0.5870 -0.0000
vn 0.9475 0.3199 -0.0000
vn 0.9508 0.3098 -0.0000
vn 0.9540 0.2998 -0.0000
vn 0.9572 0.2896 -0.0000
vn 0.9603 0.2789 -0.0000
vn 0.9636 0.2675 -0.0000
vn 0.9670 0.2549 -0.0000
vn 0.9706 0.2407 -0.0000
vn 0.9745 0.2242 -0.0000
vn 0.9788 0.2047 -0.0000
vn 0.9835 0.1809 -0.0000
vn 0.8501 -0.5266 -0.0000
vn -0.5273 -0.8497 -0.0000
vn -0.9841 -0.1778 -0.0000
vn -0.9800 -0.1990 -0.0000
vn -0.9763 -0.2164 -0.0000
vn -0.9730 -0.2310 -0.0000
vn -0.9699 -0.2436 -0.0000
vn -0.9670 -0.2549 -0.0000
vn -0.9642 -0.2651 -0.0000
vn -0.9615 -0.2747 -0.0000
vn -0.9589 -0.2838 -0.0000
vn -0.9562 -0.2929 -0.0000
vn -0.9533 -0.3020 -0.0000
vn -0.8797 0.4756 -0.0000
vn 0.4670 0.8842 -0.0000
vn 0.7071 0.7071 -0.0000
vn 0.7071 -0.7071 -0.0000
vn 0.8800 -0.4750 -0.0000
vn 0.8270 0.5623 -0.0000
vn 0.8090 0.5878 -0.0000
vn 0.7913 0.6114 -0.0000
vn 0.7735 0.6337 -0.0000
vn 0.7554 0.6553 -0.0000
vn 0.7364 0.6766 -0.0000
vn 0.7161 0.6980 -0.0000
vn 0.6938 0.7201 -0.0000
vn 0.6689 0.7434 -0.0000
vn 0.6401 0.7683 -0.0000
vn 0.6060 0.7955 -0.0000
vn 0.9994 0.0350 -0.0000
vn 0.6524 -0.7579 -0.0000
vn 0.6708 -0.7416 -0.0000
vn 0.6865 -0.7271 -0.0000
vn 0.7005 -0.7137 -0.0000
vn 0.7134 -0.7008 -0.0000
vn 0.7257 -0.6880 -0.0000
vn 0.7379 -0.6749 -0.0000
vn 0.7503 -0.6610 -0.0000
vn 0.7634 -0.6459 -0.0000
vn 0.7775 -0.6289 -0.0000
vn 0.7932 -0.6089 -0.0000
vn 0.1059 -0.9944 -0.0000
vn -0.6727 -0.7399 -0.0000
vn -0.7002 -0.7139 -0.0000
vn -0.7235 -0.6903 -0.0000
vn -0.7438 -0.6684 -0.0000
vn -0.7619 -0.6477 -0.0000
vn -0.7784 -0.6278 -0.0000
vn -0.7938 -0.6082 -0.0000
vn -0.8085 -0.5885 -0.0000
vn -0.8228 -0.5684 -0.0000
vn -0.8369 -0.5473 -0.0000
vn -0.8511 -0.5250 -0.0000
vn 0.2663 -0.9639 -0.0000
vn -0.7071 -0.7071 -0.0000
vn -0.2665 -0.9638 -0.0000
vn 0.8494 -0.5278 -0.0000
vn 0.8317 -0.5552 -0.0000
vn 0.8135 -0.5815 -0.0000
vn 0.7946 -0.6072 -0.0000
vn 0.7745 -0.6326 -0.0000
vn 0.7530 -0.6580 -0.0000
vn 0.7297 -0.6837 -0.0000
vn 0.7042 -0.7100 -0.0000
vn 0.6757 -0.7372 -0.0000
vn 0.6435 -0.7655 -0.0000
vn 0.6067 -0.7950 -0.0000
vn -0.1982 -0.9802 -0.0000
vn -0.8493 -0.5280 -0.0000
vn -0.8374 -0.5465 -0.0000
vn -0.8261 -0.5635 -0.0000
vn -0.8149 -0.5797 -0.0000
vn -0.8032 -0.5957 -0.0000
vn -0.7907 -0.6122 -0.0000
vn -0.7769 -0.6296 -0.0000
vn -0.7613 -0.6484 -0.0000
vn -0.7431 -0.6692 -0.0000
vn -0.7213 -0.6926 -0.0000
vn -0.6945 -0.7195 -0.0000
vn -0.9957 0.0931 -0.0000
vn -0.5569 0.8306 -0.0000
vn -0.6036 0.7973 -0.0000
vn -0.6439 0.7651 -0.0000
vn -0.6795 0.7337 -0.0000
vn -0.7113 0.7028 -0.0000
vn -0.7405 0.6721 -0.0000
vn -0.7675 0.6411 -0.0000
vn -0.7930 0.6092 -0.0000
vn -0.8174 0.5761 -0.0000
vn -0.8411 0.5409 -0.0000
vn -0.8642 0.5031 -0.0000
vn -0.8612 -0.5083 -0.0000
vn -0.7071 0.7071 -0.0000
vn -0.3606 0.9327 -0.0000
vn -0.4663 0.8846 -0.0000
vn -0.5481 0.8364 -0.0000
vn -0.6100 0.7924 -0.0000
vn -0.6563 0.7545 -0.0000
vn -0.6908 0.7231 -0.0000
vn -0.7163 0.6978 -0.0000
vn -0.7349 0.6782 -0.0000
vn -0.7482 0.6635 -0.0000
vn -0.7573 0.6531 -0.0000
vn -0.7631 0.6463 -0.0000
vn -0.7616 0.6480 -0.0000
vn -0.7643 0.6449 -0.0000
vn -0.7752 0.6317 -0.0000
vn -0.7839 0.6209 -0.0000
vn -0.7912 0.6116 -0.0000
vn -0.7977 0.6031 -0.0000
vn -0.8036 0.5951 -0.0000
vn -0.8093 0.5874 -0.0000
vn -0.8148 0.5797 -0.0000
vn -0.8203 0.5720 -0.0000
vn -0.8257 0.5641 -0.0000
vn -0.8312 0.5560 -0.0000
vn -0.8496 -0.5275 -0.0000
vn 0.1270 -0.9919 -0.0000
vn 0.1323 -0.9912 -0.0000
vn 0.1391 -0.9903 -0.0000
vn 0.1481 -0.9890 -0.0000
vn 0.1600 -0.9871 -0.0000
vn 0.1757 -0.9844 -0.0000
vn 0.1966 -0.9805 -0.0000
vn 0.2240 -0.9746 -0.0000
vn 0.2589 -0.9659 -0.0000
vn 0.3013 -0.9535 -0.0000
vn 0.3478 -0.9376 -0.0000
vn -0.4381 -0.8989 -0.0000
vn -0.9590 -0.2834 -0.0000
vn -0.9569 -0.2905 -0.0000
vn -0.9549 -0.2968 -0.0000
vn -0.9530 -0.3029 -0.0000
vn -0.9510 -0.3093 -0.0000
vn -0.9486 -0.3164 -0.0000
vn -0.9459 -0.3245 -0.0000
vn -0.9426 -0.3340 -0.0000
vn -0.9383 -0.3457 -0.0000
vn -0.9327 -0.3606 -0.0000
vn -0.9249 -0.3803 -0.0000
vn -0.9085 0.4180 -0.0000
vn -0.3642 0.9313 -0.0000
vn -0.4753 0.8798 -0.0000
vn -0.5621 0.8271 -0.0000
vn -0.6290 0.7774 -0.0000
vn -0.6805 0.7328 -0.0000
vn -0.7202 0.6937 -0.0000
vn -0.7512 0.6600 -0.0000
vn -0.7755 0.6313 -0.0000
vn -0.7947 0.6070 -0.0000
vn -0.8100 0.5865 -0.0000
vn -0.8221 0.5693 -0.0000
vn -0.8233 0.5676 -0.0000
vn -0.8273 0.5617 -0.0000
vn -0.8410 0.5410 -0.0000
vn -0.8512 0.5249 -0.0000
vn -0.8599 0.5104 -0.0000
vn -0.8682 0.4963 -0.0000
vn -0.8763 0.4818 -0.0000
vn -0.8847 0.4663 -0.0000
vn -0.8935 0.4492 -0.0000
vn -0.9029 0.4299 -0.0000
vn -0.9131 0.4078 -0.0000
vn -0.9242 0.3819 -0.0000
vn -0.3886 0.9214 -0.0000
vn 0.9327 0.3606 -0.0000
vn 0.9026 -0.4305 -0.0000
vn 0.8958 -0.4444 -0.0000
vn 0.8890 -0.4580 -0.0000
vn 0.8820 -0.4713 -0.0000
vn 0.8748 -0.4845 -0.0000
vn 0.8673 -0.4977 -0.0000
vn 0.8595 -0.5111 -0.0000
vn 0.8512 -0.5248 -0.0000
vn 0.8423 -0.5391 -0.0000
vn 0.8326 -0.5539 -0.0000
vn 0.8219 -0.5697 -0.0000
vn 0.8675 0.4974 -0.0000
vn -0.5295 0.8483 -0.0000
vn -0.8585 0.5128 -0.0000
vn -0.8615 0.5078 -0.0000
vn -0.8647 0.5024 -0.0000
vn -0.8680 0.4965 -0.0000
vn -0.8716 0.4903 -0.0000
vn -0.8753 0.4835 -0.0000
vn -0.8793 0.4763 -0.0000
vn -0.8835 0.4685 -0.0000
vn -0.8878 0.4602 -0.0000
vn -0.8924 0.4512 -0.0000
vn -0.8972 0.4416 -0.0000
vn -0.2962 0.9551 -0.0000
vn 0.9644 0.2646 -0.0000
vn 0.8654 -0.5011 -0.0000
vn 0.8582 -0.5134 -0.0000
vn 0.8507 -0.5257 -0.0000
vn 0.8428 -0.5382 -0.0000
vn 0.8345 -0.5510 -0.0000
vn 0.8257 -0.5642 -0.0000
vn 0.8162 -0.5778 -0.0000
vn 0.8059 -0.5920 -0.0000
vn 0.7947 -0.6069 -0.0000
vn 0.7825 -0.6227 -0.0000
vn 0.7690 -0.6393 -0.0000
vn 0.8773 0.4799 -0.0000
vn -0.8343 0.5513 -0.0000
vn -0.9638 -0.2666 -0.0000
vn -0.9628 -0.2702 -0.0000
vn -0.9617 -0.2740 -0.0000
vn -0.9605 -0.2782 -0.0000
vn -0.9592 -0.2826 -0.0000
vn -0.9578 -0.2874 -0.0000
vn -0.9562 -0.2926 -0.0000
vn -0.9545 -0.2982 -0.0000
vn -0.9526 -0.3042 -0.0000
vn -0.9505 -0.3109 -0.0000
vn -0.9480 -0.3181 -0.0000
vn -0.8780 0.4786 -0.0000
vn 0.4733 0.8809 -0.0000
vn 0.9453 0.3263 -0.0000
vn 0.9498 0.3129 -0.0000
vn 0.9539 0.3002 -0.0000
vn 0.9577 0.2877 -0.0000
vn 0.9614 0.2751 -0.0000
vn 0.9651 0.2619 -0.0000
vn 0.9688 0.2477 -0.0000
vn 0.9728 0.2319 -0.0000
vn 0.9769 0.2136 -0.0000
vn 0.9814 0.1918 -0.0000
vn 0.9863 0.1647 -0.0000
vn 0.8460 -0.5332 -0.0000
vn -0.5211 -0.8535 -0.0000
vn -0.5828 -0.8126 -0.0000
vn 0.1490 -0.9888 -0.0000
vn 0.1523 -0.9883 -0.0000
vn 0.1569 -0.9876 -0.0000
vn 0.1636 -0.9865 -0.0000
vn 0.1733 -0.9849 -0.0000
vn 0.1872 -0.9823 -0.0000
vn 0.2076 -0.9782 -0.0000
vn 0.2373 -0.9714 -0.0000
vn 0.2795 -0.9601 -0.0000
vn 0.3358 -0.9420 -0.0000
vn 0.4013 -0.9160 -0.0000
vn -0.4128 -0.9108 -0.0000
vn -0.9619 -0.2733 -0.0000
vn -0.9583 -0.2857 -0.0000
vn -0.9552 -0.2961 -0.0000
vn -0.9522 -0.3056 -0.0000
vn -0.9491 -0.3150 -0.0000
vn -0.9458 -0.3247 -0.0000
vn -0.9421 -0.3353 -0.0000
vn -0.9377 -0.3474 -0.0000
vn -0.9324 -0.3615 -0.0000
vn -0.9255 -0.3788 -0.0000
vn -0.9162 -0.4007 -0.0000
vn -0.9131 0.4077 -0.0000
vn 0.3031 0.9529 -0.0000
vn 0.3206 0.9472 -0.0000
vn 0.3369 0.9415 -0.0000
vn 0.3527 0.9357 -0.0000
vn 0.3685 0.9296 -0.0000
vn 0.3848 0.9230 -0.0000
vn 0.4022 0.9156 -0.0000
vn 0.4214 0.9069 -0.0000
vn 0.4432 0.8964 -0.0000
vn 0.4690 0.8832 -0.0000
vn 0.5004 0.8658 -0.0000
vn 0.9716 0.2368 -0.0000
vn 0.2214 -0.9752 -0.0000
vn -0.5272 -0.8498 -0.0000
vn -0.4958 -0.8684 -0.0000
vn -0.4705 -0.8824 -0.0000
vn -0.4491 -0.8935 -0.0000
vn -0.4305 -0.9026 -0.0000
vn -0.4137 -0.9104 -0.0000
vn -0.3980 -0.9174 -0.0000
vn -0.3828 -0.9238 -0.0000
vn -0.3676 -0.9300 -0.0000
vn -0.3518 -0.9361 -0.0000
vn -0.3348 -0.9423 -0.0000
vn -0.9498 -0.3129 -0.0000
vn -0.3288 0.9444 -0.0000
vn 0.2709 0.9626 -0.0000
vn 0.2859 0.9583 -0.0000
vn 0.2998 0.9540 -0.0000
vn 0.3133 0.9497 -0.0000
vn 0.3269 0.9451 -0.0000
vn 0.3410 0.9401 -0.0000
vn 0.3563 0.9344 -0.0000
vn 0.3733 0.9277 -0.0000
vn 0.3930 0.9196 -0.0000
vn 0.4165 0.9091 -0.0000
vn 0.4458 0.8951 -0.0000
vn 0.9595 0.2818 -0.0000
vn 0.2676 -0.9635 -0.0000
vn -0.4716 -0.8818 -0.0000
vn -0.4420 -0.8970 -0.0000
vn -0.4181 -0.9084 -0.0000
vn -0.3981 -0.9173 -0.0000
vn -0.3808 -0.9247 -0.0000
vn -0.3651 -0.9310 -0.0000
vn -0.3506 -0.9365 -0.0000
vn -0.3367 -0.9416 -0.0000
vn -0.3228 -0.9465 -0.0000
vn -0.3086 -0.9512 -0.0000
vn -0.2934 -0.9560 -0.0000
vn -0.9357 -0.3527 -0.0000
vn -0.3636 0.9316 -0.0000
vn 0.7710 0.6368 -0.0000
vn 0.8975 0.4411 -0.0000
vn 0.8912 -0.4536 -0.0000
vn 0.8879 -0.4600 -0.0000
vn 0.8845 -0.4665 -0.0000
vn 0.8810 -0.4730 -0.0000
vn 0.8775 -0.4796 -0.0000
vn 0.8738 -0.4864 -0.0000
vn 0.8699 -0.4932 -0.0000
vn 0.8659 -0.5002 -0.0000
vn 0.8618 -0.5073 -0.0000
vn 0.8574 -0.5147 -0.0000
vn 0.8528 -0.5222 -0.0000
vn 0.8735 0.4868 -0.0000
vn -0.5270 0.8498 -0.0000
vn -0.9002 0.4356 -0.0000
vn -0.9032 0.4292 -0.0000
vn -0.9064 0.4223 -0.0000
vn -0.9099 0.4149 -0.0000
vn -0.9172 0.3983 -0.0000
vn -0.9213 0.3889 -0.0000
vn -0.9255 0.3787 -0.0000
vn -0.9300 0.3675 -0.0000
vn -0.9348 0.3551 -0.0000
vn -0.8212 -0.5707 -0.0000
vn -0.5384 -0.8427 -0.0000
vn 0.4192 -0.9079 -0.0000
vn 0.4171 -0.9089 -0.0000
vn 0.4151 -0.9098 -0.0000
vn 0.4133 -0.9106 -0.0000
vn 0.4115 -0.9114 -0.0000
vn 0.4099 -0.9121 -0.0000
vn 0.4083 -0.9128 -0.0000
vn 0.4068 -0.9135 -0.0000
vn 0.4053 -0.9142 -0.0000
vn 0.4038 -0.9149 -0.0000
vn 0.4023 -0.9155 -0.0000
vn -0.3648 -0.9311 -0.0000
vn -0.9212 0.3891 -0.0000
vn -0.3570 0.9341 -0.0000
vn -0.3641 0.9313 -0.0000
vn -0.3701 0.9290 -0.0000
vn -0.3752 0.9269 -0.0000
vn -0.3797 0.9251 -0.0000
vn -0.3836 0.9235 -0.0000
vn -0.3872 0.9220 -0.0000
vn -0.3904 0.9206 -0.0000
vn -0.3935 0.9193 -0.0000
vn -0.3963 0.9181 -0.0000
vn -0.3990 0.9169 -0.0000
vn -0.8368 0.5476 -0.0000
vn -0.5332 -0.8460 -0.0000
vn -0.3277 -0.9448 -0.0000
vn -0.9317 0.3631 -0.0000
vn -0.3667 0.9303 -0.0000
vn -0.3750 0.9270 -0.0000
vn -0.3814 0.9244 -0.0000
vn -0.3865 0.9223 -0.0000
vn -0.3906 0.9206 -0.0000
vn -0.3938 0.9192 -0.0000
vn -0.3982 0.9173 -0.0000
vn -0.3995 0.9167 -0.0000
vn -0.4004 0.9163 -0.0000
vn -0.4008 0.9162 -0.0000
vn -0.8369 0.5473 -0.0000
vn 1.0000 -0.0008 -0.0000
vn -0.0052 -1.0000 -0.0000
vn -1.0000 0.0069 -0.0000
vn -0.7044 0.7098 -0.0000
vn -0.7033 0.7109 -0.0000
vn -0.6995 0.7147 -0.0000
vn -0.6957 0.7183 -0.0000
vn -0.6920 0.7219 -0.0000
vn -0.6884 0.7253 -0.0000
vn -0.6848 0.7287 -0.0000
vn -0.6813 0.7320 -0.0000
vn -0.6778 0.7352 -0.0000
vn -0.6744 0.7384 -0.0000
vn -0.6710 0.7415 -0.0000
vn -0.6677 0.7445 -0.0000
vn -0.6647 0.7471 -0.0000
vn -0.6623 0.7492 -0.0000
vn -0.6603 0.7510 -0.0000
vn -0.6582 0.7528 -0.0000
vn -0.6562 0.7546 -0.0000
vn -0.6542 0.7564 -0.0000
vn -0.6521 0.7581 -0.0000
vn -0.6501 0.7598 -0.0000
vn -0.6481 0.7615 -0.0000
vn -0.6461 0.7632 -0.0000
vn -0.6441 0.7649 -0.0000
vn -0.6422 0.7666 -0.0000
vn -0.6405 0.7679 -0.0000
vn -0.6397 0.7687 -0.0000
vn -0.6391 0.7691 -0.0000
vn -0.6386 0.7696 -0.0000
vn -0.6380 0.7700 -0.0000
vn -0.6375 0.7705 -0.0000
vn -0.6369 0.7710 -0.0000
vn -0.6363 0.7714 -0.0000
vn -0.6357 0.7719 -0.0000
vn -0.6351 0.7724 -0.0000
vn -0.6345 0.7729 -0.0000
vn -0.6339 0.7734 -0.0000
vn -0.6332 0.7740 -0.0000
vn -0.6323 0.7748 -0.0000
vn -0.6313 0.7756 -0.0000
vn -0.6302 0.7764 -0.0000
vn -0.6292 0.7772 -0.0000
vn -0.6281 0.7781 -0.0000
vn -0.6270 0.7790 -0.0000
vn -0.6259 0.7799 -0.0000
vn -0.6247 0.7809 -0.0000
vn -0.6235 0.7818 -0.0000
vn -0.6222 0.7828 -0.0000
vn -0.6210 0.7838 -0.0000
vn 0.6728 0.7398 -0.0000
vn 0.5423 -0.8402 -0.0000
vn 0.1500 -0.9887 -0.0000
vn 0.1518 -0.9884 -0.0000
vn 0.1534 -0.9882 -0.0000
vn 0.1551 -0.9879 -0.0000
vn 0.1568 -0.9876 -0.0000
vn 0.1585 -0.9874 -0.0000
vn 0.1601 -0.9871 -0.0000
vn 0.1618 -0.9868 -0.0000
vn 0.1634 -0.9866 -0.0000
vn 0.1650 -0.9863 -0.0000
vn 0.1667 -0.9860 -0.0000
vn 0.1665 -0.9860 -0.0000
vn 0.1628 -0.9867 -0.0000
vn 0.1572 -0.9876 -0.0000
vn 0.1516 -0.9884 -0.0000
vn 0.1460 -0.9893 -0.0000
vn 0.1403 -0.9901 -0.0000
vn 0.1346 -0.9909 -0.0000
vn 0.1288 -0.9917 -0.0000
vn 0.1230 -0.9924 -0.0000
vn 0.1172 -0.9931 -0.0000
vn 0.1113 -0.9938 -0.0000
vn 0.1054 -0.9944 -0.0000
vn 0.0988 -0.9951 -0.0000
vn 0.0909 -0.9959 -0.0000
vn 0.0824 -0.9966 -0.0000
vn 0.0739 -0.9973 -0.0000
vn 0.0654 -0.9979 -0.0000
vn 0.0571 -0.9984 -0.0000
vn 0.0487 -0.9988 -0.0000
vn 0.0405 -0.9992 -0.0000
vn 0.0322 -0.9995 -0.0000
vn 0.0241 -0.9997 -0.0000
vn 0.0160 -0.9999 -0.0000
vn 0.0080 -1.0000 -0.0000
vn 0.0020 -1.0000 -0.0000
vn 0.0025 1.0000 -0.0000
vn 0.0100 1.0000 -0.0000
vn 0.0200 0.9998 -0.0000
vn 0.0301 0.9995 -0.0000
vn 0.0403 0.9992 -0.0000
vn 0.0506 0.9987 -0.0000
vn 0.0609 0.9981 -0.0000
vn 0.0713 0.9975 -0.0000
vn 0.0817 0.9967 -0.0000
vn 0.0922 0.9957 -0.0000
vn 0.1028 0.9947 -0.0000
vn 0.1134 0.9936 -0.0000
vn 0.1213 0.9926 -0.0000
vn 0.1238 0.9923 -0.0000
vn 0.1235 0.9923 -0.0000
vn 0.1233 0.9924 -0.0000
vn 0.1230 0.9924 -0.0000
vn 0.1228 0.9924 -0.0000
vn 0.1225 0.9925 -0.0000
vn 0.1223 0.9925 -0.0000
vn 0.1220 0.9925 -0.0000
vn 0.1218 0.9926 -0.0000
vn 0.1215 0.9926 -0.0000
vn 0.1237 0.9923 -0.0000
vn 0.1312 0.9914 -0.0000
vn 0.1414 0.9899 -0.0000
vn 0.1516 0.9884 -0.0000
vn 0.1618 0.9868 -0.0000
vn 0.1719 0.9851 -0.0000
vn 0.1821 0.9833 -0.0000
vn 0.1922 0.9814 -0.0000
vn 0.2023 0.9793 -0.0000
vn 0.2124 0.9772 -0.0000
vn 0.2225 0.9749 -0.0000
vn 0.2325 0.9726 -0.0000
vn 0.5681 0.8230 -0.0000
vn 0.6893 -0.7244 -0.0000
vn -0.6083 -0.7937 -0.0000
vn -0.6113 -0.7914 -0.0000
vn -0.6142 -0.7892 -0.0000
vn -0.6169 -0.7870 -0.0000
vn -0.6196 -0.7849 -0.0000
vn -0.6221 -0.7829 -0.0000
vn -0.6245 -0.7810 -0.0000
vn -0.6269 -0.7791 -0.0000
vn -0.6291 -0.7773 -0.0000
vn -0.6312 -0.7756 -0.0000
vn -0.6333 -0.7739 -0.0000
vn -0.6353 -0.7723 -0.0000
vn -0.6372 -0.7707 -0.0000
vn -0.6392 -0.7691 -0.0000
vn -0.6411 -0.7675 -0.0000
vn -0.6430 -0.7659 -0.0000
vn -0.6449 -0.7643 -0.0000
vn -0.6468 -0.7627 -0.0000
vn -0.6486 -0.7611 -0.0000
vn -0.6505 -0.7595 -0.0000
vn -0.6523 -0.7580 -0.0000
vn -0.6541 -0.7564 -0.0000
vn -0.6559 -0.7549 -0.0000
vn -0.6581 -0.7529 -0.0000
vn -0.6613 -0.7501 -0.0000
vn -0.6650 -0.7468 -0.0000
vn -0.6688 -0.7434 -0.0000
vn -0.6767 -0.7363 -0.0000
vn -0.6807 -0.7326 -0.0000
vn -0.6849 -0.7287 -0.0000
vn -0.6891 -0.7247 -0.0000
vn -0.6935 -0.7205 -0.0000
vn -0.6979 -0.7162 -0.0000
vn -0.7025 -0.7117 -0.0000
vn -0.7042 -0.7100 -0.0000
vn -1.0000 -0.0069 -0.0000
vn -0.0044 1.0000 -0.0000
vt 0.993976 0.000000
vt 0.000000 0.000000
vt 1.000000 0.000000
vt 0.987952 0.000000
vt 0.981928 0.000000
vt 0.975904 0.000000
vt 0.969880 0.000000
vt 0.963855 0.000000
vt 0.957831 0.000000
vt 0.951807 0.000000
vt 0.945783 0.000000
vt 0.939759 0.000000
vt 0.933735 0.000000
vt 0.927711 0.000000
vt 0.921687 0.000000
vt 0.915663 0.000000
vt 0.909639 0.000000
vt 0.903614 0.000000
vt 0.897590 0.000000
vt 0.891566 0.000000
vt 0.885542 0.000000
vt 0.879518 0.000000
vt 0.873494 0.000000
vt 0.867470 0.000000
vt 0.861446 0.000000
vt 0.855422 0.000000
vt 0.849398 0.000000
vt 0.843373 0.000000
vt 0.837349 0.000000
vt 0.831325 0.000000
vt 0.825301 0.000000
vt 0.819277 0.000000
vt 0.536145 0.000000
vt 0.548193 0.000000
vt 0.542169 0.000000
vt 0.554217 0.000000
vt 0.560241 0.000000
vt 0.566265 0.000000
vt 0.572289 0.000000
vt 0.578313 0.000000
vt 0.584337 0.000000
vt 0.590361 0.000000
vt 0.596386 0.000000
vt 0.602410 0.000000
vt 0.608434 0.000000
vt 0.614458 0.000000
vt 0.620482 0.000000
vt 0.626506 0.000000
vt 0.813253 0.000000
vt 0.632530 0.000000
vt 0.638554 0.000000
vt 0.644578 0.000000
vt 0.650602 0.000000
vt 0.656627 0.000000
vt 0.662651 0.000000
vt 0.668675 0.000000
vt 0.674699 0.000000
vt 0.680723 0.000000
vt 0.807229 0.000000
vt 0.686747 0.000000
vt 0.692771 0.000000
vt 0.698795 0.000000
vt 0.704819 0.000000
vt 0.710843 0.000000
vt 0.716867 0.000000
vt 0.722892 0.000000
vt 0.728916 0.000000
vt 0.801205 0.000000
vt 0.740964 0.000000
vt 0.746988 0.000000
vt 0.753012 0.000000
vt 0.759036 0.000000
vt 0.734940 0.000000
vt 0.795181 0.000000
vt 0.765060 0.000000
vt 0.771084 0.000000
vt 0.789157 0.000000
vt 0.783133 0.000000
vt 0.777108 0.000000
vt 0.307229 0.000000
vt 0.313253 0.000000
vt 0.006024 0.000000
vt 0.301205 0.000000
vt 0.295181 0.000000
vt 0.289157 0.000000
vt 0.283133 0.000000
vt 0.277108 0.000000
vt 0.271084 0.000000
vt 0.265060 0.000000
vt 0.319277 0.000000
vt 0.325301 0.000000
vt 0.331325 0.000000
vt 0.337349 0.000000
vt 0.259036 0.000000
vt 0.343374 0.000000
vt 0.349398 0.000000
vt 0.355422 0.000000
vt 0.361446 0.000000
vt 0.367470 0.000000
vt 0.253012 0.000000
vt 0.373494 0.000000
vt 0.379518 0.000000
vt 0.385542 0.000000
vt 0.391566 0.000000
vt 0.397590 0.000000
vt 0.246988 0.000000
vt 0.403614 0.000000
vt 0.409639 0.000000
vt 0.415663 0.000000
vt 0.421687 0.000000
vt 0.427711 0.000000
vt 0.433735 0.000000
vt 0.240964 0.000000
vt 0.439759 0.000000
vt 0.445783 0.000000
vt 0.451807 0.000000
vt 0.457831 0.000000
vt 0.463855 0.000000
vt 0.469880 0.000000
vt 0.475904 0.000000
vt 0.481928 0.000000
vt 0.234940 0.000000
vt 0.487952 0.000000
vt 0.493976 0.000000
vt 0.500000 0.000000
vt 0.506024 0.000000
vt 0.512048 0.000000
vt 0.518072 0.000000
vt 0.524096 0.000000
vt 0.530120 0.000000
vt 0.228916 0.000000
vt 0.222892 0.000000
vt 0.216867 0.000000
vt 0.210843 0.000000
vt 0.204819 0.000000
vt 0.198795 0.000000
vt 0.192771 0.000000
vt 0.186747 0.000000
vt 0.180723 0.000000
vt 0.174699 0.000000
vt 0.168675 0.000000
vt 0.162651 0.000000
vt 0.156627 0.000000
vt 0.150602 0.000000
vt 0.144578 0.000000
vt 0.138554 0.000000
vt 0.132530 0.000000
vt 0.126506 0.000000
vt 0.120482 0.000000
vt 0.114458 0.000000
vt 0.108434 0.000000
vt 0.102410 0.000000
vt 0.096386 0.000000
vt 0.090361 0.000000
vt 0.084337 0.000000
vt 0.078313 0.000000
vt 0.072289 0.000000
vt 0.066265 0.000000
vt 0.060241 0.000000
vt 0.054217 0.000000
vt 0.048193 0.000000
vt 0.042169 0.000000
vt 0.036145 0.000000
vt 0.030120 0.000000
vt 0.024096 0.000000
vt 0.018072 0.000000
vt 0.012048 0.000000
vt 0.842466 0.000000
vt 0.856164 0.000000
vt 0.849315 0.000000
vt 0.835616 0.000000
vt 0.410959 0.000000
vt 0.986301 0.000000
vt 0.993151 0.000000
vt 0.979452 0.000000
vt 0.863014 0.000000
vt 0.828767 0.000000
vt 0.972603 0.000000
vt 0.164384 0.000000
vt 0.171233 0.000000
vt 0.342466 0.000000
vt 0.178082 0.000000
vt 0.349315 0.000000
vt 0.006849 0.000000
vt 0.184932 0.000000
vt 0.013699 0.000000
vt 0.191781 0.000000
vt 0.020548 0.000000
vt 0.198630 0.000000
vt 0.027397 0.000000
vt 0.205479 0.000000
vt 0.034247 0.000000
vt 0.212329 0.000000
vt 0.041096 0.000000
vt 0.219178 0.000000
vt 0.047945 0.000000
vt 0.226027 0.000000
vt 0.054795 0.000000
vt 0.232877 0.000000
vt 0.157534 0.000000
vt 0.061644 0.000000
vt 0.239726 0.000000
vt 0.150685 0.000000
vt 0.335616 0.000000
vt 0.068493 0.000000
vt 0.246575 0.000000
vt 0.143836 0.000000
vt 0.328767 0.000000
vt 0.075342 0.000000
vt 0.253425 0.000000
vt 0.136986 0.000000
vt 0.321918 0.000000
vt 0.130137 0.000000
vt 0.123288 0.000000
vt 0.116438 0.000000
vt 0.109589 0.000000
vt 0.102740 0.000000
vt 0.095890 0.000000
vt 0.089041 0.000000
vt 0.082192 0.000000
vt 0.315068 0.000000
vt 0.308219 0.000000
vt 0.301370 0.000000
vt 0.294521 0.000000
vt 0.287671 0.000000
vt 0.280822 0.000000
vt 0.273973 0.000000
vt 0.267123 0.000000
vt 0.260274 0.000000
vt 0.965753 0.000000
vt 0.876712 0.000000
vt 0.821918 0.000000
vt 0.958904 0.000000
vt 0.815068 0.000000
vt 0.657534 0.000000
vt 0.952055 0.000000
vt 0.808219 0.000000
vt 0.945205 0.000000
vt 0.801370 0.000000
vt 0.938356 0.000000
vt 0.794521 0.000000
vt 0.883562 0.000000
vt 0.869863 0.000000
vt 0.931507 0.000000
vt 0.787671 0.000000
vt 0.664384 0.000000
vt 0.650685 0.000000
vt 0.924658 0.000000
vt 0.780822 0.000000
vt 0.671233 0.000000
vt 0.917808 0.000000
vt 0.773973 0.000000
vt 0.678082 0.000000
vt 0.910959 0.000000
vt 0.767123 0.000000
vt 0.904110 0.000000
vt 0.684932 0.000000
vt 0.760274 0.000000
vt 0.897260 0.000000
vt 0.691781 0.000000
vt 0.753425 0.000000
vt 0.890411 0.000000
vt 0.698630 0.000000
vt 0.746575 0.000000
vt 0.739726 0.000000
vt 0.705479 0.000000
vt 0.712329 0.000000
vt 0.719178 0.000000
vt 0.726027 0.000000
vt 0.417808 0.000000
vt 0.732877 0.000000
vt 0.424658 0.000000
vt 0.643836 0.000000
vt 0.431507 0.000000
vt 0.636986 0.000000
vt 0.438356 0.000000
vt 0.630137 0.000000
vt 0.445205 0.000000
vt 0.623288 0.000000
vt 0.452055 0.000000
vt 0.616438 0.000000
vt 0.609589 0.000000
vt 0.458904 0.000000
vt 0.602740 0.000000
vt 0.465753 0.000000
vt 0.595890 0.000000
vt 0.472603 0.000000
vt 0.589041 0.000000
vt 0.479452 0.000000
vt 0.582192 0.000000
vt 0.486301 0.000000
vt 0.575342 0.000000
vt 0.493151 0.000000
vt 0.568493 0.000000
vt 0.561644 0.000000
vt 0.547945 0.000000
vt 0.390411 0.000000
vt 0.554795 0.000000
vt 0.506849 0.000000
vt 0.383562 0.000000
vt 0.513699 0.000000
vt 0.397260 0.000000
vt 0.404110 0.000000
vt 0.369863 0.000000
vt 0.363014 0.000000
vt 0.376712 0.000000
vt 0.356164 0.000000
vt 0.534247 0.000000
vt 0.527397 0.000000
vt 0.541096 0.000000
vt 0.520548 0.000000
vt 0.707196 0.000000
vt 0.712159 0.000000
vt 0.709677 0.000000
vt 0.506203 0.000000
vt 0.511166 0.000000
vt 0.508685 0.000000
vt 0.285360 0.000000
vt 0.704715 0.000000
vt 0.714640 0.000000
vt 0.717122 0.000000
vt 0.702233 0.000000
vt 0.719603 0.000000
vt 0.699752 0.000000
vt 0.722084 0.000000
vt 0.697270 0.000000
vt 0.501241 0.000000
vt 0.503722 0.000000
vt 0.287841 0.000000
vt 0.290323 0.000000
vt 0.724566 0.000000
vt 0.694789 0.000000
vt 0.727047 0.000000
vt 0.771712 0.000000
vt 0.776675 0.000000
vt 0.774194 0.000000
vt 0.692308 0.000000
vt 0.769231 0.000000
vt 0.729529 0.000000
vt 0.766749 0.000000
vt 0.498759 0.000000
vt 0.496278 0.000000
vt 0.292804 0.000000
vt 0.295285 0.000000
vt 0.689826 0.000000
vt 0.764268 0.000000
vt 0.779156 0.000000
vt 0.732010 0.000000
vt 0.761787 0.000000
vt 0.687345 0.000000
vt 0.759305 0.000000
vt 0.734491 0.000000
vt 0.684864 0.000000
vt 0.781638 0.000000
vt 0.756824 0.000000
vt 0.754342 0.000000
vt 0.682382 0.000000
vt 0.736973 0.000000
vt 0.751861 0.000000
vt 0.679901 0.000000
vt 0.784119 0.000000
vt 0.677419 0.000000
vt 0.749380 0.000000
vt 0.491315 0.000000
vt 0.518610 0.000000
vt 0.493797 0.000000
vt 0.297767 0.000000
vt 0.516129 0.000000
vt 0.528536 0.000000
vt 0.526055 0.000000
vt 0.300248 0.000000
vt 0.739454 0.000000
vt 0.674938 0.000000
vt 0.746898 0.000000
vt 0.672457 0.000000
vt 0.669975 0.000000
vt 0.786600 0.000000
vt 0.744417 0.000000
vt 0.741935 0.000000
vt 0.667494 0.000000
vt 0.665012 0.000000
vt 0.662531 0.000000
vt 0.660050 0.000000
vt 0.657568 0.000000
vt 0.655087 0.000000
vt 0.789082 0.000000
vt 0.652605 0.000000
vt 0.650124 0.000000
vt 0.647643 0.000000
vt 0.645161 0.000000
vt 0.521092 0.000000
vt 0.513648 0.000000
vt 0.531017 0.000000
vt 0.523573 0.000000
vt 0.642680 0.000000
vt 0.640199 0.000000
vt 0.637717 0.000000
vt 0.590571 0.000000
vt 0.791563 0.000000
vt 0.635236 0.000000
vt 0.213399 0.000000
vt 0.218362 0.000000
vt 0.215881 0.000000
vt 0.632754 0.000000
vt 0.151365 0.000000
vt 0.091811 0.000000
vt 0.153846 0.000000
vt 0.630273 0.000000
vt 0.210918 0.000000
vt 0.593052 0.000000
vt 0.588089 0.000000
vt 0.595533 0.000000
vt 0.156328 0.000000
vt 0.627792 0.000000
vt 0.094293 0.000000
vt 0.148883 0.000000
vt 0.598015 0.000000
vt 0.600496 0.000000
vt 0.794045 0.000000
vt 0.625310 0.000000
vt 0.602978 0.000000
vt 0.208437 0.000000
vt 0.605459 0.000000
vt 0.585608 0.000000
vt 0.607940 0.000000
vt 0.622829 0.000000
vt 0.096774 0.000000
vt 0.146402 0.000000
vt 0.610422 0.000000
vt 0.158809 0.000000
vt 0.612903 0.000000
vt 0.615385 0.000000
vt 0.620347 0.000000
vt 0.617866 0.000000
vt 0.205955 0.000000
vt 0.583127 0.000000
vt 0.143921 0.000000
vt 0.099256 0.000000
vt 0.161290 0.000000
vt 0.838710 0.000000
vt 0.843672 0.000000
vt 0.841191 0.000000
vt 0.203474 0.000000
vt 0.796526 0.000000
vt 0.580645 0.000000
vt 0.101737 0.000000
vt 0.141439 0.000000
vt 0.163772 0.000000
vt 0.836228 0.000000
vt 0.200993 0.000000
vt 0.846154 0.000000
vt 0.578164 0.000000
vt 0.104218 0.000000
vt 0.138958 0.000000
vt 0.833747 0.000000
vt 0.166253 0.000000
vt 0.831266 0.000000
vt 0.575682 0.000000
vt 0.198511 0.000000
vt 0.106700 0.000000
vt 0.799007 0.000000
vt 0.136476 0.000000
vt 0.168734 0.000000
vt 0.848635 0.000000
vt 0.828784 0.000000
vt 0.573201 0.000000
vt 0.196030 0.000000
vt 0.109181 0.000000
vt 0.133995 0.000000
vt 0.826303 0.000000
vt 0.171216 0.000000
vt 0.570720 0.000000
vt 0.823821 0.000000
vt 0.851117 0.000000
vt 0.193548 0.000000
vt 0.111663 0.000000
vt 0.131514 0.000000
vt 0.568238 0.000000
vt 0.801489 0.000000
vt 0.173697 0.000000
vt 0.821340 0.000000
vt 0.565757 0.000000
vt 0.114144 0.000000
vt 0.191067 0.000000
vt 0.129032 0.000000
vt 0.818859 0.000000
vt 0.176179 0.000000
vt 0.563275 0.000000
vt 0.853598 0.000000
vt 0.816377 0.000000
vt 0.116625 0.000000
vt 0.560794 0.000000
vt 0.188586 0.000000
vt 0.126551 0.000000
vt 0.558313 0.000000
vt 0.803970 0.000000
vt 0.178660 0.000000
vt 0.813896 0.000000
vt 0.119107 0.000000
vt 0.186104 0.000000
vt 0.124069 0.000000
vt 0.555831 0.000000
vt 0.856079 0.000000
vt 0.811414 0.000000
vt 0.181141 0.000000
vt 0.121588 0.000000
vt 0.183623 0.000000
vt 0.553350 0.000000
vt 0.808933 0.000000
vt 0.806452 0.000000
vt 0.550869 0.000000
vt 0.858561 0.000000
vt 0.548387 0.000000
vt 0.545906 0.000000
vt 0.543424 0.000000
vt 0.861042 0.000000
vt 0.540943 0.000000
vt 0.538462 0.000000
vt 0.535980 0.000000
vt 0.533499 0.000000
vt 0.935484 0.000000
vt 0.863524 0.000000
vt 0.933002 0.000000
vt 0.930521 0.000000
vt 0.928040 0.000000
vt 0.875931 0.000000
vt 0.866005 0.000000
vt 0.925558 0.000000
vt 0.878412 0.000000
vt 0.873449 0.000000
vt 0.923077 0.000000
vt 0.880893 0.000000
vt 0.920596 0.000000
vt 0.868486 0.000000
vt 0.883375 0.000000
vt 0.918114 0.000000
vt 0.885856 0.000000
vt 0.915633 0.000000
vt 0.888337 0.000000
vt 0.913151 0.000000
vt 0.488834 0.000000
vt 0.486352 0.000000
vt 0.302730 0.000000
vt 0.305211 0.000000
vt 0.890819 0.000000
vt 0.870968 0.000000
vt 0.893300 0.000000
vt 0.910670 0.000000
vt 0.895782 0.000000
vt 0.898263 0.000000
vt 0.908189 0.000000
vt 0.900744 0.000000
vt 0.903226 0.000000
vt 0.905707 0.000000
vt 0.392060 0.000000
vt 0.307692 0.000000
vt 0.483871 0.000000
vt 0.399504 0.000000
vt 0.394541 0.000000
vt 0.389578 0.000000
vt 0.280397 0.000000
vt 0.220844 0.000000
vt 0.282878 0.000000
vt 0.310174 0.000000
vt 0.481390 0.000000
vt 0.277916 0.000000
vt 0.223325 0.000000
vt 0.401985 0.000000
vt 0.397022 0.000000
vt 0.387097 0.000000
vt 0.312655 0.000000
vt 0.275434 0.000000
vt 0.225806 0.000000
vt 0.478908 0.000000
vt 0.404467 0.000000
vt 0.384615 0.000000
vt 0.272953 0.000000
vt 0.228288 0.000000
vt 0.315136 0.000000
vt 0.476427 0.000000
vt 0.270471 0.000000
vt 0.230769 0.000000
vt 0.406948 0.000000
vt 0.382134 0.000000
vt 0.317618 0.000000
vt 0.473945 0.000000
vt 0.267990 0.000000
vt 0.233251 0.000000
vt 0.409429 0.000000
vt 0.379653 0.000000
vt 0.320099 0.000000
vt 0.265509 0.000000
vt 0.471464 0.000000
vt 0.235732 0.000000
vt 0.411911 0.000000
vt 0.322581 0.000000
vt 0.377171 0.000000
vt 0.263027 0.000000
vt 0.238213 0.000000
vt 0.468983 0.000000
vt 0.325062 0.000000
vt 0.414392 0.000000
vt 0.260546 0.000000
vt 0.240695 0.000000
vt 0.374690 0.000000
vt 0.466501 0.000000
vt 0.327543 0.000000
vt 0.258065 0.000000
vt 0.243176 0.000000
vt 0.416873 0.000000
vt 0.464020 0.000000
vt 0.372208 0.000000
vt 0.330025 0.000000
vt 0.245658 0.000000
vt 0.255583 0.000000
vt 0.461538 0.000000
vt 0.419355 0.000000
vt 0.369727 0.000000
vt 0.332506 0.000000
vt 0.248139 0.000000
vt 0.253102 0.000000
vt 0.459057 0.000000
vt 0.421836 0.000000
vt 0.334988 0.000000
vt 0.250620 0.000000
vt 0.337469 0.000000
vt 0.456576 0.000000
vt 0.367246 0.000000
vt 0.339950 0.000000
vt 0.454094 0.000000
vt 0.342432 0.000000
vt 0.451613 0.000000
vt 0.344913 0.000000
vt 0.424318 0.000000
vt 0.449132 0.000000
vt 0.347395 0.000000
vt 0.446650 0.000000
vt 0.364764 0.000000
vt 0.349876 0.000000
vt 0.444169 0.000000
vt 0.352357 0.000000
vt 0.441687 0.000000
vt 0.426799 0.000000
vt 0.354839 0.000000
vt 0.439206 0.000000
vt 0.362283 0.000000
vt 0.359802 0.000000
vt 0.357320 0.000000
vt 0.436725 0.000000
vt 0.434243 0.000000
vt 0.431762 0.000000
vt 0.429280 0.000000
vt 0.997519 0.000000
vt 0.937965 0.000000
vt 0.995037 0.000000
vt 0.940447 0.000000
vt 0.992556 0.000000
vt 0.942928 0.000000
vt 0.990074 0.000000
vt 0.945409 0.000000
vt 0.987593 0.000000
vt 0.947891 0.000000
vt 0.985112 0.000000
vt 0.950372 0.000000
vt 0.982630 0.000000
vt 0.952854 0.000000
vt 0.980149 0.000000
vt 0.955335 0.000000
vt 0.977668 0.000000
vt 0.957816 0.000000
vt 0.975186 0.000000
vt 0.960298 0.000000
vt 0.972705 0.000000
vt 0.962779 0.000000
vt 0.970223 0.000000
vt 0.965261 0.000000
vt 0.967742 0.000000
vt 0.084367 0.000000
vt 0.089330 0.000000
vt 0.086849 0.000000
vt 0.081886 0.000000
vt 0.002481 0.000000
vt 0.079404 0.000000
vt 0.004963 0.000000
vt 0.076923 0.000000
vt 0.007444 0.000000
vt 0.074442 0.000000
vt 0.009926 0.000000
vt 0.071960 0.000000
vt 0.012407 0.000000
vt 0.069479 0.000000
vt 0.014888 0.000000
vt 0.066998 0.000000
vt 0.017370 0.000000
vt 0.064516 0.000000
vt 0.062035 0.000000
vt 0.019851 0.000000
vt 0.059553 0.000000
vt 0.022333 0.000000
vt 0.057072 0.000000
vt 0.024814 0.000000
vt 0.054591 0.000000
vt 0.052109 0.000000
vt 0.049628 0.000000
vt 0.047146 0.000000
vt 0.044665 0.000000
vt 0.042184 0.000000
vt 0.039702 0.000000
vt 0.037221 0.000000
vt 0.034739 0.000000
vt 0.032258 0.000000
vt 0.029777 0.000000
vt 0.027295 0.000000
vt 0.000000 1.000000
vt 0.038462 1.000000
vt 0.038462 0.000000
vt 0.076923 1.000000
vt 0.115385 1.000000
vt 0.115385 0.000000
vt 0.153846 1.000000
vt 0.192308 1.000000
vt 0.192308 0.000000
vt 0.230769 1.000000
vt 0.269231 1.000000
vt 0.269231 0.000000
vt 0.307692 1.000000
vt 0.346154 1.000000
vt 0.346154 0.000000
vt 0.384615 1.000000
vt 0.423077 1.000000
vt 0.423077 0.000000
vt 0.461538 1.000000
vt 0.500000 1.000000
vt 0.538462 1.000000
vt 0.576923 1.000000
vt 0.576923 0.000000
vt 0.615385 1.000000
vt 0.653846 1.000000
vt 0.653846 0.000000
vt 0.692308 1.000000
vt 0.730769 1.000000
vt 0.730769 0.000000
vt 0.769231 1.000000
vt 0.807692 1.000000
vt 0.807692 0.000000
vt 0.846154 1.000000
vt 0.884615 1.000000
vt 0.884615 0.000000
vt 0.923077 1.000000
vt 0.961538 1.000000
vt 0.961538 0.000000
vt 1.000000 1.000000
vt 0.027027 1.000000
vt 0.027027 0.000000
vt 0.054054 1.000000
vt 0.054054 0.000000
vt 0.081081 1.000000
vt 0.081081 0.000000
vt 0.108108 1.000000
vt 0.108108 0.000000
vt 0.135135 1.000000
vt 0.135135 0.000000
vt 0.162162 1.000000
vt 0.162162 0.000000
vt 0.189189 1.000000
vt 0.189189 0.000000
vt 0.216216 1.000000
vt 0.216216 0.000000
vt 0.243243 1.000000
vt 0.243243 0.000000
vt 0.270270 1.000000
vt 0.270270 0.000000
vt 0.297297 1.000000
vt 0.297297 0.000000
vt 0.324324 1.000000
vt 0.324324 0.000000
vt 0.351351 1.000000
vt 0.351351 0.000000
vt 0.378378 1.000000
vt 0.378378 0.000000
vt 0.405405 1.000000
vt 0.405405 0.000000
vt 0.432432 1.000000
vt 0.432432 0.000000
vt 0.459459 1.000000
vt 0.459459 0.000000
vt 0.486486 1.000000
vt 0.486486 0.000000
vt 0.513514 1.000000
vt 0.513514 0.000000
vt 0.540541 1.000000
vt 0.540541 0.000000
vt 0.567568 1.000000
vt 0.567568 0.000000
vt 0.594595 1.000000
vt 0.594595 0.000000
vt 0.621622 1.000000
vt 0.621622 0.000000
vt 0.648649 1.000000
vt 0.648649 0.000000
vt 0.675676 1.000000
vt 0.675676 0.000000
vt 0.702703 1.000000
vt 0.702703 0.000000
vt 0.729730 1.000000
vt 0.729730 0.000000
vt 0.756757 1.000000
vt 0.756757 0.000000
vt 0.783784 1.000000
vt 0.783784 0.000000
vt 0.810811 1.000000
vt 0.810811 0.000000
vt 0.837838 1.000000
vt 0.837838 0.000000
vt 0.864865 1.000000
vt 0.864865 0.000000
vt 0.891892 1.000000
vt 0.891892 0.000000
vt 0.918919 1.000000
vt 0.918919 0.000000
vt 0.945946 1.000000
vt 0.945946 0.000000
vt 0.972973 1.000000
vt 0.972973 0.000000
vt 0.010870 1.000000
vt 0.010870 0.000000
vt 0.021739 1.000000
vt 0.021739 0.000000
vt 0.032609 1.000000
vt 0.032609 0.000000
vt 0.043478 1.000000
vt 0.043478 0.000000
vt 0.054348 1.000000
vt 0.054348 0.000000
vt 0.065217 1.000000
vt 0.065217 0.000000
vt 0.076087 1.000000
vt 0.076087 0.000000
vt 0.086957 1.000000
vt 0.086957 0.000000
vt 0.097826 1.000000
vt 0.097826 0.000000
vt 0.108696 1.000000
vt 0.108696 0.000000
vt 0.119565 1.000000
vt 0.119565 0.000000
vt 0.130435 1.000000
vt 0.130435 0.000000
vt 0.141304 1.000000
vt 0.141304 0.000000
vt 0.152174 1.000000
vt 0.152174 0.000000
vt 0.163043 1.000000
vt 0.163043 0.000000
vt 0.173913 1.000000
vt 0.173913 0.000000
vt 0.184783 1.000000
vt 0.184783 0.000000
vt 0.195652 1.000000
vt 0.195652 0.000000
vt 0.206522 1.000000
vt 0.206522 0.000000
vt 0.217391 1.000000
vt 0.217391 0.000000
vt 0.228261 1.000000
vt 0.228261 0.000000
vt 0.239130 1.000000
vt 0.239130 0.000000
vt 0.250000 1.000000
vt 0.250000 0.000000
vt 0.260870 1.000000
vt 0.260870 0.000000
vt 0.271739 1.000000
vt 0.271739 0.000000
vt 0.282609 1.000000
vt 0.282609 0.000000
vt 0.293478 1.000000
vt 0.293478 0.000000
vt 0.304348 1.000000
vt 0.304348 0.000000
vt 0.315217 1.000000
vt 0.315217 0.000000
vt 0.326087 1.000000
vt 0.326087 0.000000
vt 0.336957 1.000000
vt 0.336957 0.000000
vt 0.347826 1.000000
vt 0.347826 0.000000
vt 0.358696 1.000000
vt 0.358696 0.000000
vt 0.369565 1.000000
vt 0.369565 0.000000
vt 0.380435 1.000000
vt 0.380435 0.000000
vt 0.391304 1.000000
vt 0.391304 0.000000
vt 0.402174 1.000000
vt 0.402174 0.000000
vt 0.413043 1.000000
vt 0.413043 0.000000
vt 0.423913 1.000000
vt 0.423913 0.000000
vt 0.434783 1.000000
vt 0.434783 0.000000
vt 0.445652 1.000000
vt 0.445652 0.000000
vt 0.456522 1.000000
vt 0.456522 0.000000
vt 0.467391 1.000000
vt 0.467391 0.000000
vt 0.478261 1.000000
vt 0.478261 0.000000
vt 0.489130 1.000000
vt 0.489130 0.000000
vt 0.510870 1.000000
vt 0.510870 0.000000
vt 0.521739 1.000000
vt 0.521739 0.000000
vt 0.532609 1.000000
vt 0.532609 0.000000
vt 0.543478 1.000000
vt 0.543478 0.000000
vt 0.554348 1.000000
vt 0.554348 0.000000
vt 0.565217 1.000000
vt 0.565217 0.000000
vt 0.576087 1.000000
vt 0.576087 0.000000
vt 0.586957 1.000000
vt 0.586957 0.000000
vt 0.597826 1.000000
vt 0.597826 0.000000
vt 0.608696 1.000000
vt 0.608696 0.000000
vt 0.619565 1.000000
vt 0.619565 0.000000
vt 0.630435 1.000000
vt 0.630435 0.000000
vt 0.641304 1.000000
vt 0.641304 0.000000
vt 0.652174 1.000000
vt 0.652174 0.000000
vt 0.663043 1.000000
vt 0.663043 0.000000
vt 0.673913 1.000000
vt 0.673913 0.000000
vt 0.684783 1.000000
vt 0.684783 0.000000
vt 0.695652 1.000000
vt 0.695652 0.000000
vt 0.706522 1.000000
vt 0.706522 0.000000
vt 0.717391 1.000000
vt 0.717391 0.000000
vt 0.728261 1.000000
vt 0.728261 0.000000
vt 0.739130 1.000000
vt 0.739130 0.000000
vt 0.750000 1.000000
vt 0.750000 0.000000
vt 0.760870 1.000000
vt 0.760870 0.000000
vt 0.771739 1.000000
vt 0.771739 0.000000
vt 0.782609 1.000000
vt 0.782609 0.000000
vt 0.793478 1.000000
vt 0.793478 0.000000
vt 0.804348 1.000000
vt 0.804348 0.000000
vt 0.815217 1.000000
vt 0.815217 0.000000
vt 0.826087 1.000000
vt 0.826087 0.000000
vt 0.836957 1.000000
vt 0.836957 0.000000
vt 0.847826 1.000000
vt 0.847826 0.000000
vt 0.858696 1.000000
vt 0.858696 0.000000
vt 0.869565 1.000000
vt 0.869565 0.000000
vt 0.880435 1.000000
vt 0.880435 0.000000
vt 0.891304 1.000000
vt 0.891304 0.000000
vt 0.902174 1.000000
vt 0.902174 0.000000
vt 0.913043 1.000000
vt 0.913043 0.000000
vt 0.923913 1.000000
vt 0.923913 0.000000
vt 0.934783 1.000000
vt 0.934783 0.000000
vt 0.945652 1.000000
vt 0.945652 0.000000
vt 0.956522 1.000000
vt 0.956522 0.000000
vt 0.967391 1.000000
vt 0.967391 0.000000
vt 0.978261 1.000000
vt 0.978261 0.000000
vt 0.989130 1.000000
vt 0.989130 0.000000
vt 0.006135 1.000000
vt 0.006135 0.000000
vt 0.012270 1.000000
vt 0.012270 0.000000
vt 0.018405 1.000000
vt 0.018405 0.000000
vt 0.024540 1.000000
vt 0.024540 0.000000
vt 0.030675 1.000000
vt 0.030675 0.000000
vt 0.036810 1.000000
vt 0.036810 0.000000
vt 0.042945 1.000000
vt 0.042945 0.000000
vt 0.049080 1.000000
vt 0.049080 0.000000
vt 0.055215 1.000000
vt 0.055215 0.000000
vt 0.061350 1.000000
vt 0.061350 0.000000
vt 0.067485 1.000000
vt 0.067485 0.000000
vt 0.073620 1.000000
vt 0.073620 0.000000
vt 0.079755 1.000000
vt 0.079755 0.000000
vt 0.085890 1.000000
vt 0.085890 0.000000
vt 0.092025 1.000000
vt 0.092025 0.000000
vt 0.098160 1.000000
vt 0.098160 0.000000
vt 0.104294 1.000000
vt 0.104294 0.000000
vt 0.110429 1.000000
vt 0.110429 0.000000
vt 0.116564 1.000000
vt 0.116564 0.000000
vt 0.122699 1.000000
vt 0.122699 0.000000
vt 0.128834 1.000000
vt 0.128834 0.000000
vt 0.134969 1.000000
vt 0.134969 0.000000
vt 0.141104 1.000000
vt 0.141104 0.000000
vt 0.147239 1.000000
vt 0.147239 0.000000
vt 0.153374 1.000000
vt 0.153374 0.000000
vt 0.159509 1.000000
vt 0.159509 0.000000
vt 0.165644 1.000000
vt 0.165644 0.000000
vt 0.171779 1.000000
vt 0.171779 0.000000
vt 0.177914 1.000000
vt 0.177914 0.000000
vt 0.184049 1.000000
vt 0.184049 0.000000
vt 0.190184 1.000000
vt 0.190184 0.000000
vt 0.196319 1.000000
vt 0.196319 0.000000
vt 0.202454 1.000000
vt 0.202454 0.000000
vt 0.208589 1.000000
vt 0.208589 0.000000
vt 0.214724 1.000000
vt 0.214724 0.000000
vt 0.220859 1.000000
vt 0.220859 0.000000
vt 0.226994 1.000000
vt 0.226994 0.000000
vt 0.233129 1.000000
vt 0.233129 0.000000
vt 0.239264 1.000000
vt 0.239264 0.000000
vt 0.245399 1.000000
vt 0.245399 0.000000
vt 0.251534 1.000000
vt 0.251534 0.000000
vt 0.257669 1.000000
vt 0.257669 0.000000
vt 0.263804 1.000000
vt 0.263804 0.000000
vt 0.269939 1.000000
vt 0.269939 0.000000
vt 0.276074 1.000000
vt 0.276074 0.000000
vt 0.282209 1.000000
vt 0.282209 0.000000
vt 0.288344 1.000000
vt 0.288344 0.000000
vt 0.294479 1.000000
vt 0.294479 0.000000
vt 0.300613 1.000000
vt 0.300613 0.000000
vt 0.306748 1.000000
vt 0.306748 0.000000
vt 0.312883 1.000000
vt 0.312883 0.000000
vt 0.319018 1.000000
vt 0.319018 0.000000
vt 0.325153 1.000000
vt 0.325153 0.000000
vt 0.331288 1.000000
vt 0.331288 0.000000
vt 0.337423 1.000000
vt 0.337423 0.000000
vt 0.343558 1.000000
vt 0.343558 0.000000
vt 0.349693 1.000000
vt 0.349693 0.000000
vt 0.355828 1.000000
vt 0.355828 0.000000
vt 0.361963 1.000000
vt 0.361963 0.000000
vt 0.368098 1.000000
vt 0.368098 0.000000
vt 0.374233 1.000000
vt 0.374233 0.000000
vt 0.380368 1.000000
vt 0.380368 0.000000
vt 0.386503 1.000000
vt 0.386503 0.000000
vt 0.392638 1.000000
vt 0.392638 0.000000
vt 0.398773 1.000000
vt 0.398773 0.000000
vt 0.404908 1.000000
vt 0.404908 0.000000
vt 0.411043 1.000000
vt 0.411043 0.000000
vt 0.417178 1.000000
vt 0.417178 0.000000
vt 0.423313 1.000000
vt 0.423313 0.000000
vt 0.429448 1.000000
vt 0.429448 0.000000
vt 0.435583 1.000000
vt 0.435583 0.000000
vt 0.441718 1.000000
vt 0.441718 0.000000
vt 0.447853 1.000000
vt 0.447853 0.000000
vt 0.453988 1.000000
vt 0.453988 0.000000
vt 0.460123 1.000000
vt 0.460123 0.000000
vt 0.466258 1.000000
vt 0.466258 0.000000
vt 0.472393 1.000000
vt 0.472393 0.000000
vt 0.478528 1.000000
vt 0.478528 0.000000
vt 0.484663 1.000000
vt 0.484663 0.000000
vt 0.490798 1.000000
vt 0.490798 0.000000
vt 0.496933 1.000000
vt 0.496933 0.000000
vt 0.503067 1.000000
vt 0.503067 0.000000
vt 0.509202 1.000000
vt 0.509202 0.000000
vt 0.515337 1.000000
vt 0.515337 0.000000
vt 0.521472 1.000000
vt 0.521472 0.000000
vt 0.527607 1.000000
vt 0.527607 0.000000
vt 0.533742 1.000000
vt 0.533742 0.000000
vt 0.539877 1.000000
vt 0.539877 0.000000
vt 0.546012 1.000000
vt 0.546012 0.000000
vt 0.552147 1.000000
vt 0.552147 0.000000
vt 0.558282 1.000000
vt 0.558282 0.000000
vt 0.564417 1.000000
vt 0.564417 0.000000
vt 0.570552 1.000000
vt 0.570552 0.000000
vt 0.576687 1.000000
vt 0.576687 0.000000
vt 0.582822 1.000000
vt 0.582822 0.000000
vt 0.588957 1.000000
vt 0.588957 0.000000
vt 0.595092 1.000000
vt 0.595092 0.000000
vt 0.601227 1.000000
vt 0.601227 0.000000
vt 0.607362 1.000000
vt 0.607362 0.000000
vt 0.613497 1.000000
vt 0.613497 0.000000
vt 0.619632 1.000000
vt 0.619632 0.000000
vt 0.625767 1.000000
vt 0.625767 0.000000
vt 0.631902 1.000000
vt 0.631902 0.000000
vt 0.638037 1.000000
vt 0.638037 0.000000
vt 0.644172 1.000000
vt 0.644172 0.000000
vt 0.650307 1.000000
vt 0.650307 0.000000
vt 0.656442 1.000000
vt 0.656442 0.000000
vt 0.662577 1.000000
vt 0.662577 0.000000
vt 0.668712 1.000000
vt 0.668712 0.000000
vt 0.674847 1.000000
vt 0.674847 0.000000
vt 0.680982 1.000000
vt 0.680982 0.000000
vt 0.687117 1.000000
vt 0.687117 0.000000
vt 0.693252 1.000000
vt 0.693252 0.000000
vt 0.699386 1.000000
vt 0.699386 0.000000
vt 0.705521 1.000000
vt 0.705521 0.000000
vt 0.711656 1.000000
vt 0.711656 0.000000
vt 0.717791 1.000000
vt 0.717791 0.000000
vt 0.723926 1.000000
vt 0.723926 0.000000
vt 0.730061 1.000000
vt 0.730061 0.000000
vt 0.736196 1.000000
vt 0.736196 0.000000
vt 0.742331 1.000000
vt 0.742331 0.000000
vt 0.748466 1.000000
vt 0.748466 0.000000
vt 0.754601 1.000000
vt 0.754601 0.000000
vt 0.760736 1.000000
vt 0.760736 0.000000
vt 0.766871 1.000000
vt 0.766871 0.000000
vt 0.773006 1.000000
vt 0.773006 0.000000
vt 0.779141 1.000000
vt 0.779141 0.000000
vt 0.785276 1.000000
vt 0.785276 0.000000
vt 0.791411 1.000000
vt 0.791411 0.000000
vt 0.797546 1.000000
vt 0.797546 0.000000
vt 0.803681 1.000000
vt 0.803681 0.000000
vt 0.809816 1.000000
vt 0.809816 0.000000
vt 0.815951 1.000000
vt 0.815951 0.000000
vt 0.822086 1.000000
vt 0.822086 0.000000
vt 0.828221 1.000000
vt 0.828221 0.000000
vt 0.834356 1.000000
vt 0.834356 0.000000
vt 0.840491 1.000000
vt 0.840491 0.000000
vt 0.846626 1.000000
vt 0.846626 0.000000
vt 0.852761 1.000000
vt 0.852761 0.000000
vt 0.858896 1.000000
vt 0.858896 0.000000
vt 0.865031 1.000000
vt 0.865031 0.000000
vt 0.871166 1.000000
vt 0.871166 0.000000
vt 0.877301 1.000000
vt 0.877301 0.000000
vt 0.883436 1.000000
vt 0.883436 0.000000
vt 0.889571 1.000000
vt 0.889571 0.000000
vt 0.895706 1.000000
vt 0.895706 0.000000
vt 0.901841 1.000000
vt 0.901841 0.000000
vt 0.907975 1.000000
vt 0.907975 0.000000
vt 0.914110 1.000000
vt 0.914110 0.000000
vt 0.920245 1.000000
vt 0.920245 0.000000
vt 0.926380 1.000000
vt 0.926380 0.000000
vt 0.932515 1.000000
vt 0.932515 0.000000
vt 0.938650 1.000000
vt 0.938650 0.000000
vt 0.944785 1.000000
vt 0.944785 0.000000
vt 0.950920 1.000000
vt 0.950920 0.000000
vt 0.957055 1.000000
vt 0.957055 0.000000
vt 0.963190 1.000000
vt 0.963190 0.000000
vt 0.969325 1.000000
vt 0.969325 0.000000
vt 0.975460 1.000000
vt 0.975460 0.000000
vt 0.981595 1.000000
vt 0.981595 0.000000
vt 0.987730 1.000000
vt 0.987730 0.000000
vt 0.993865 1.000000
vt 0.993865 0.000000
vt 0.015152 1.000000
vt 0.015152 0.000000
vt 0.030303 1.000000
vt 0.030303 0.000000
vt 0.045455 1.000000
vt 0.045455 0.000000
vt 0.060606 1.000000
vt 0.060606 0.000000
vt 0.075758 1.000000
vt 0.075758 0.000000
vt 0.090909 1.000000
vt 0.090909 0.000000
vt 0.106061 1.000000
vt 0.106061 0.000000
vt 0.121212 1.000000
vt 0.121212 0.000000
vt 0.136364 1.000000
vt 0.136364 0.000000
vt 0.151515 1.000000
vt 0.151515 0.000000
vt 0.166667 1.000000
vt 0.166667 0.000000
vt 0.181818 1.000000
vt 0.181818 0.000000
vt 0.196970 1.000000
vt 0.196970 0.000000
vt 0.212121 1.000000
vt 0.212121 0.000000
vt 0.227273 1.000000
vt 0.227273 0.000000
vt 0.242424 1.000000
vt 0.242424 0.000000
vt 0.257576 1.000000
vt 0.257576 0.000000
vt 0.272727 1.000000
vt 0.272727 0.000000
vt 0.287879 1.000000
vt 0.287879 0.000000
vt 0.303030 1.000000
vt 0.303030 0.000000
vt 0.318182 1.000000
vt 0.318182 0.000000
vt 0.333333 1.000000
vt 0.333333 0.000000
vt 0.348485 1.000000
vt 0.348485 0.000000
vt 0.363636 1.000000
vt 0.363636 0.000000
vt 0.378788 1.000000
vt 0.378788 0.000000
vt 0.393939 1.000000
vt 0.393939 0.000000
vt 0.409091 1.000000
vt 0.409091 0.000000
vt 0.424242 1.000000
vt 0.424242 0.000000
vt 0.439394 1.000000
vt 0.439394 0.000000
vt 0.454545 1.000000
vt 0.454545 0.000000
vt 0.469697 1.000000
vt 0.469697 0.000000
vt 0.484848 1.000000
vt 0.484848 0.000000
vt 0.515152 1.000000
vt 0.515152 0.000000
vt 0.530303 1.000000
vt 0.530303 0.000000
vt 0.545455 1.000000
vt 0.545455 0.000000
vt 0.560606 1.000000
vt 0.560606 0.000000
vt 0.575758 1.000000
vt 0.575758 0.000000
vt 0.590909 1.000000
vt 0.590909 0.000000
vt 0.606061 1.000000
vt 0.606061 0.000000
vt 0.621212 1.000000
vt 0.621212 0.000000
vt 0.636364 1.000000
vt 0.636364 0.000000
vt 0.651515 1.000000
vt 0.651515 0.000000
vt 0.666667 1.000000
vt 0.666667 0.000000
vt 0.681818 1.000000
vt 0.681818 0.000000
vt 0.696970 1.000000
vt 0.696970 0.000000
vt 0.712121 1.000000
vt 0.712121 0.000000
vt 0.727273 1.000000
vt 0.727273 0.000000
vt 0.742424 1.000000
vt 0.742424 0.000000
vt 0.757576 1.000000
vt 0.757576 0.000000
vt 0.772727 1.000000
vt 0.772727 0.000000
vt 0.787879 1.000000
vt 0.787879 0.000000
vt 0.803030 1.000000
vt 0.803030 0.000000
vt 0.818182 1.000000
vt 0.818182 0.000000
vt 0.833333 1.000000
vt 0.833333 0.000000
vt 0.848485 1.000000
vt 0.848485 0.000000
vt 0.863636 1.000000
vt 0.863636 0.000000
vt 0.878788 1.000000
vt 0.878788 0.000000
vt 0.893939 1.000000
vt 0.893939 0.000000
vt 0.909091 1.000000
vt 0.909091 0.000000
vt 0.924242 1.000000
vt 0.924242 0.000000
vt 0.939394 1.000000
vt 0.939394 0.000000
vt 0.954545 1.000000
vt 0.954545 0.000000
vt 0.969697 1.000000
vt 0.969697 0.000000
vt 0.984848 1.000000
vt 0.984848 0.000000
vt 0.047619 1.000000
vt 0.047619 0.000000
vt 0.095238 1.000000
vt 0.095238 0.000000
vt 0.142857 1.000000
vt 0.142857 0.000000
vt 0.190476 1.000000
vt 0.190476 0.000000
vt 0.238095 1.000000
vt 0.238095 0.000000
vt 0.285714 1.000000
vt 0.285714 0.000000
vt 0.380952 1.000000
vt 0.380952 0.000000
vt 0.428571 1.000000
vt 0.428571 0.000000
vt 0.476190 1.000000
vt 0.476190 0.000000
vt 0.523810 1.000000
vt 0.523810 0.000000
vt 0.571429 1.000000
vt 0.571429 0.000000
vt 0.619048 1.000000
vt 0.619048 0.000000
vt 0.714286 1.000000
vt 0.714286 0.000000
vt 0.761905 1.000000
vt 0.761905 0.000000
vt 0.809524 1.000000
vt 0.809524 0.000000
vt 0.857143 1.000000
vt 0.857143 0.000000
vt 0.904762 1.000000
vt 0.904762 0.000000
vt 0.952381 1.000000
vt 0.952381 0.000000
vt 0.005988 1.000000
vt 0.005988 0.000000
vt 0.011976 1.000000
vt 0.011976 0.000000
vt 0.017964 1.000000
vt 0.017964 0.000000
vt 0.023952 1.000000
vt 0.023952 0.000000
vt 0.029940 1.000000
vt 0.029940 0.000000
vt 0.035928 1.000000
vt 0.035928 0.000000
vt 0.041916 1.000000
vt 0.041916 0.000000
vt 0.047904 1.000000
vt 0.047904 0.000000
vt 0.053892 1.000000
vt 0.053892 0.000000
vt 0.059880 1.000000
vt 0.059880 0.000000
vt 0.065868 1.000000
vt 0.065868 0.000000
vt 0.071856 1.000000
vt 0.071856 0.000000
vt 0.077844 1.000000
vt 0.077844 0.000000
vt 0.083832 1.000000
vt 0.083832 0.000000
vt 0.089820 1.000000
vt 0.089820 0.000000
vt 0.095808 1.000000
vt 0.095808 0.000000
vt 0.101796 1.000000
vt 0.101796 0.000000
vt 0.107784 1.000000
vt 0.107784 0.000000
vt 0.113772 1.000000
vt 0.113772 0.000000
vt 0.119760 1.000000
vt 0.119760 0.000000
vt 0.125749 1.000000
vt 0.125749 0.000000
vt 0.131737 1.000000
vt 0.131737 0.000000
vt 0.137725 1.000000
vt 0.137725 0.000000
vt 0.143713 1.000000
vt 0.143713 0.000000
vt 0.149701 1.000000
vt 0.149701 0.000000
vt 0.155689 1.000000
vt 0.155689 0.000000
vt 0.161677 1.000000
vt 0.161677 0.000000
vt 0.167665 1.000000
vt 0.167665 0.000000
vt 0.173653 1.000000
vt 0.173653 0.000000
vt 0.179641 1.000000
vt 0.179641 0.000000
vt 0.185629 1.000000
vt 0.185629 0.000000
vt 0.191617 1.000000
vt 0.191617 0.000000
vt 0.197605 1.000000
vt 0.197605 0.000000
vt 0.203593 1.000000
vt 0.203593 0.000000
vt 0.209581 1.000000
vt 0.209581 0.000000
vt 0.215569 1.000000
vt 0.215569 0.000000
vt 0.221557 1.000000
vt 0.221557 0.000000
vt 0.227545 1.000000
vt 0.227545 0.000000
vt 0.233533 1.000000
vt 0.233533 0.000000
vt 0.239521 1.000000
vt 0.239521 0.000000
vt 0.245509 1.000000
vt 0.245509 0.000000
vt 0.251497 1.000000
vt 0.251497 0.000000
vt 0.257485 1.000000
vt 0.257485 0.000000
vt 0.263473 1.000000
vt 0.263473 0.000000
vt 0.269461 1.000000
vt 0.269461 0.000000
vt 0.275449 1.000000
vt 0.275449 0.000000
vt 0.281437 1.000000
vt 0.281437 0.000000
vt 0.287425 1.000000
vt 0.287425 0.000000
vt 0.293413 1.000000
vt 0.293413 0.000000
vt 0.299401 1.000000
vt 0.299401 0.000000
vt 0.305389 1.000000
vt 0.305389 0.000000
vt 0.311377 1.000000
vt 0.311377 0.000000
vt 0.317365 1.000000
vt 0.317365 0.000000
vt 0.323353 1.000000
vt 0.323353 0.000000
vt 0.329341 1.000000
vt 0.329341 0.000000
vt 0.335329 1.000000
vt 0.335329 0.000000
vt 0.341317 1.000000
vt 0.341317 0.000000
vt 0.347305 1.000000
vt 0.347305 0.000000
vt 0.353293 1.000000
vt 0.353293 0.000000
vt 0.359281 1.000000
vt 0.359281 0.000000
vt 0.365269 1.000000
vt 0.365269 0.000000
vt 0.371257 1.000000
vt 0.371257 0.000000
vt 0.377246 1.000000
vt 0.377246 0.000000
vt 0.383234 1.000000
vt 0.383234 0.000000
vt 0.389222 1.000000
vt 0.389222 0.000000
vt 0.395210 1.000000
vt 0.395210 0.000000
vt 0.401198 1.000000
vt 0.401198 0.000000
vt 0.407186 1.000000
vt 0.407186 0.000000
vt 0.413174 1.000000
vt 0.413174 0.000000
vt 0.419162 1.000000
vt 0.419162 0.000000
vt 0.425150 1.000000
vt 0.425150 0.000000
vt 0.431138 1.000000
vt 0.431138 0.000000
vt 0.437126 1.000000
vt 0.437126 0.000000
vt 0.443114 1.000000
vt 0.443114 0.000000
vt 0.449102 1.000000
vt 0.449102 0.000000
vt 0.455090 1.000000
vt 0.455090 0.000000
vt 0.461078 1.000000
vt 0.461078 0.000000
vt 0.467066 1.000000
vt 0.467066 0.000000
vt 0.473054 1.000000
vt 0.473054 0.000000
vt 0.479042 1.000000
vt 0.479042 0.000000
vt 0.485030 1.000000
vt 0.485030 0.000000
vt 0.491018 1.000000
vt 0.491018 0.000000
vt 0.497006 1.000000
vt 0.497006 0.000000
vt 0.502994 1.000000
vt 0.502994 0.000000
vt 0.508982 1.000000
vt 0.508982 0.000000
vt 0.514970 1.000000
vt 0.514970 0.000000
vt 0.520958 1.000000
vt 0.520958 0.000000
vt 0.526946 1.000000
vt 0.526946 0.000000
vt 0.532934 1.000000
vt 0.532934 0.000000
vt 0.538922 1.000000
vt 0.538922 0.000000
vt 0.544910 1.000000
vt 0.544910 0.000000
vt 0.550898 1.000000
vt 0.550898 0.000000
vt 0.556886 1.000000
vt 0.556886 0.000000
vt 0.562874 1.000000
vt 0.562874 0.000000
vt 0.568862 1.000000
vt 0.568862 0.000000
vt 0.574850 1.000000
vt 0.574850 0.000000
vt 0.580838 1.000000
vt 0.580838 0.000000
vt 0.586826 1.000000
vt 0.586826 0.000000
vt 0.592814 1.000000
vt 0.592814 0.000000
vt 0.598802 1.000000
vt 0.598802 0.000000
vt 0.604790 1.000000
vt 0.604790 0.000000
vt 0.610778 1.000000
vt 0.610778 0.000000
vt 0.616766 1.000000
vt 0.616766 0.000000
vt 0.622755 1.000000
vt 0.622755 0.000000
vt 0.628743 1.000000
vt 0.628743 0.000000
vt 0.634731 1.000000
vt 0.634731 0.000000
vt 0.640719 1.000000
vt 0.640719 0.000000
vt 0.646707 1.000000
vt 0.646707 0.000000
vt 0.652695 1.000000
vt 0.652695 0.000000
vt 0.658683 1.000000
vt 0.658683 0.000000
vt 0.664671 1.000000
vt 0.664671 0.000000
vt 0.670659 1.000000
vt 0.670659 0.000000
vt 0.676647 1.000000
vt 0.676647 0.000000
vt 0.682635 1.000000
vt 0.682635 0.000000
vt 0.688623 1.000000
vt 0.688623 0.000000
vt 0.694611 1.000000
vt 0.694611 0.000000
vt 0.700599 1.000000
vt 0.700599 0.000000
vt 0.706587 1.000000
vt 0.706587 0.000000
vt 0.712575 1.000000
vt 0.712575 0.000000
vt 0.718563 1.000000
vt 0.718563 0.000000
vt 0.724551 1.000000
vt 0.724551 0.000000
vt 0.730539 1.000000
vt 0.730539 0.000000
vt 0.736527 1.000000
vt 0.736527 0.000000
vt 0.742515 1.000000
vt 0.742515 0.000000
vt 0.748503 1.000000
vt 0.748503 0.000000
vt 0.754491 1.000000
vt 0.754491 0.000000
vt 0.760479 1.000000
vt 0.760479 0.000000
vt 0.766467 1.000000
vt 0.766467 0.000000
vt 0.772455 1.000000
vt 0.772455 0.000000
vt 0.778443 1.000000
vt 0.778443 0.000000
vt 0.784431 1.000000
vt 0.784431 0.000000
vt 0.790419 1.000000
vt 0.790419 0.000000
vt 0.796407 1.000000
vt 0.796407 0.000000
vt 0.802395 1.000000
vt 0.802395 0.000000
vt 0.808383 1.000000
vt 0.808383 0.000000
vt 0.814371 1.000000
vt 0.814371 0.000000
vt 0.820359 1.000000
vt 0.820359 0.000000
vt 0.826347 1.000000
vt 0.826347 0.000000
vt 0.832335 1.000000
vt 0.832335 0.000000
vt 0.838323 1.000000
vt 0.838323 0.000000
vt 0.844311 1.000000
vt 0.844311 0.000000
vt 0.850299 1.000000
vt 0.850299 0.000000
vt 0.856287 1.000000
vt 0.856287 0.000000
vt 0.862275 1.000000
vt 0.862275 0.000000
vt 0.868263 1.000000
vt 0.868263 0.000000
vt 0.874251 1.000000
vt 0.874251 0.000000
vt 0.880240 1.000000
vt 0.880240 0.000000
vt 0.886228 1.000000
vt 0.886228 0.000000
vt 0.892216 1.000000
vt 0.892216 0.000000
vt 0.898204 1.000000
vt 0.898204 0.000000
vt 0.904192 1.000000
vt 0.904192 0.000000
vt 0.910180 1.000000
vt 0.910180 0.000000
vt 0.916168 1.000000
vt 0.916168 0.000000
vt 0.922156 1.000000
vt 0.922156 0.000000
vt 0.928144 1.000000
vt 0.928144 0.000000
vt 0.934132 1.000000
vt 0.934132 0.000000
vt 0.940120 1.000000
vt 0.940120 0.000000
vt 0.946108 1.000000
vt 0.946108 0.000000
vt 0.952096 1.000000
vt 0.952096 0.000000
vt 0.958084 1.000000
vt 0.958084 0.000000
vt 0.964072 1.000000
vt 0.964072 0.000000
vt 0.970060 1.000000
vt 0.970060 0.000000
vt 0.976048 1.000000
vt 0.976048 0.000000
vt 0.982036 1.000000
vt 0.982036 0.000000
vt 0.988024 1.000000
vt 0.988024 0.000000
vt 0.994012 1.000000
vt 0.994012 0.000000
s 0
usemtl マテリアル
f 166/1/1 1/2/1 167/3/1
f 165/4/1 1/2/1 166/1/1
f 164/5/1 1/2/1 165/4/1
f 163/6/1 1/2/1 164/5/1
f 162/7/1 1/2/1 163/6/1
f 161/8/1 1/2/1 162/7/1
f 160/9/1 1/2/1 161/8/1
f 159/10/1 1/2/1 160/9/1
f 158/11/1 1/2/1 159/10/1
f 157/12/1 1/2/1 158/11/1
f 156/13/1 1/2/1 157/12/1
f 155/14/1 1/2/1 156/13/1
f 154/15/1 1/2/1 155/14/1
f 153/16/1 1/2/1 154/15/1
f 152/17/1 1/2/1 153/16/1
f 151/18/1 1/2/1 152/17/1
f 150/19/1 1/2/1 151/18/1
f 149/20/1 1/2/1 150/19/1
f 148/21/1 1/2/1 149/20/1
f 147/22/1 1/2/1 148/21/1
f 146/23/1 1/2/1 147/22/1
f 145/24/1 1/2/1 146/23/1
f 144/25/1 1/2/1 145/24/1
f 143/26/1 1/2/1 144/25/1
f 142/27/1 1/2/1 143/26/1
f 141/28/1 1/2/1 142/27/1
f 140/29/1 1/2/1 141/28/1
f 139/30/1 1/2/1 140/29/1
f 138/31/1 1/2/1 139/30/1
f 137/32/1 1/2/1 138/31/1
f 90/33/1 92/34/1 91/35/1
f 90/33/1 93/36/1 92/34/1
f 90/33/1 94/37/1 93/36/1
f 90/33/1 95/38/1 94/37/1
f 90/33/1 96/39/1 95/38/1
f 90/33/1 97/40/1 96/39/1
f 90/33/1 98/41/1 97/40/1
f 90/33/1 99/42/1 98/41/1
f 90/33/1 100/43/1 99/42/1
f 90/33/1 101/44/1 100/43/1
f 90/33/1 102/45/1 101/44/1
f 90/33/1 103/46/1 102/45/1
f 90/33/1 104/47/1 103/46/1
f 90/33/1 105/48/1 104/47/1
f 136/49/1 1/2/1 137/32/1
f 90/33/1 106/50/1 105/48/1
f 90/33/1 107/51/1 106/50/1
f 90/33/1 108/52/1 107/51/1
f 90/33/1 109/53/1 108/52/1
f 90/33/1 110/54/1 109/53/1
f 90/33/1 111/55/1 110/54/1
f 90/33/1 112/56/1 111/55/1
f 90/33/1 113/57/1 112/56/1
f 90/33/1 114/58/1 113/57/1
f 135/59/1 1/2/1 136/49/1
f 90/33/1 115/60/1 114/58/1
f 90/33/1 116/61/1 115/60/1
f 90/33/1 117/62/1 116/61/1
f 90/33/1 118/63/1 117/62/1
f 90/33/1 119/64/1 118/63/1
f 90/33/1 120/65/1 119/64/1
f 90/33/1 121/66/1 120/65/1
f 90/33/1 122/67/1 121/66/1
f 134/68/1 124/69/1 135/59/1
f 124/69/1 125/70/1 135/59/1
f 125/70/1 126/71/1 135/59/1
f 126/71/1 127/72/1 135/59/1
f 127/72/1 1/2/1 135/59/1
f 90/33/1 123/73/1 122/67/1
f 90/33/1 124/69/1 123/73/1
f 90/33/1 134/68/1 124/69/1
f 90/33/1 133/74/1 134/68/1
f 128/75/1 1/2/1 127/72/1
f 129/76/1 1/2/1 128/75/1
f 90/33/1 132/77/1 133/74/1
f 90/33/1 131/78/1 132/77/1
f 90/33/1 130/79/1 131/78/1
f 90/33/1 129/76/1 130/79/1
f 90/33/1 1/2/1 129/76/1
f 90/33/1 52/80/1 1/2/1
f 52/80/1 53/81/1 1/2/1
f 53/81/1 2/82/1 1/2/1
f 90/33/1 51/83/1 52/80/1
f 90/33/1 50/84/1 51/83/1
f 90/33/1 49/85/1 50/84/1
f 90/33/1 48/86/1 49/85/1
f 90/33/1 47/87/1 48/86/1
f 90/33/1 46/88/1 47/87/1
f 90/33/1 45/89/1 46/88/1
f 54/90/1 2/82/1 53/81/1
f 55/91/1 2/82/1 54/90/1
f 56/92/1 2/82/1 55/91/1
f 90/33/1 57/93/1 45/89/1
f 57/93/1 44/94/1 45/89/1
f 57/93/1 2/82/1 56/92/1
f 90/33/1 58/95/1 57/93/1
f 44/94/1 2/82/1 57/93/1
f 90/33/1 59/96/1 58/95/1
f 90/33/1 60/97/1 59/96/1
f 90/33/1 61/98/1 60/97/1
f 90/33/1 62/99/1 61/98/1
f 43/100/1 2/82/1 44/94/1
f 90/33/1 63/101/1 62/99/1
f 90/33/1 64/102/1 63/101/1
f 90/33/1 65/103/1 64/102/1
f 90/33/1 66/104/1 65/103/1
f 90/33/1 67/105/1 66/104/1
f 42/106/1 2/82/1 43/100/1
f 90/33/1 68/107/1 67/105/1
f 90/33/1 69/108/1 68/107/1
f 90/33/1 70/109/1 69/108/1
f 90/33/1 71/110/1 70/109/1
f 90/33/1 72/111/1 71/110/1
f 90/33/1 73/112/1 72/111/1
f 41/113/1 2/82/1 42/106/1
f 90/33/1 74/114/1 73/112/1
f 90/33/1 75/115/1 74/114/1
f 90/33/1 76/116/1 75/115/1
f 90/33/1 77/117/1 76/116/1
f 90/33/1 78/118/1 77/117/1
f 90/33/1 79/119/1 78/118/1
f 90/33/1 80/120/1 79/119/1
f 90/33/1 81/121/1 80/120/1
f 40/122/1 2/82/1 41/113/1
f 90/33/1 82/123/1 81/121/1
f 90/33/1 83/124/1 82/123/1
f 90/33/1 84/125/1 83/124/1
f 90/33/1 85/126/1 84/125/1
f 90/33/1 86/127/1 85/126/1
f 90/33/1 87/128/1 86/127/1
f 90/33/1 88/129/1 87/128/1
f 90/33/1 89/130/1 88/129/1
f 39/131/1 2/82/1 40/122/1
f 38/132/1 2/82/1 39/131/1
f 37/133/1 2/82/1 38/132/1
f 36/134/1 2/82/1 37/133/1
f 35/135/1 2/82/1 36/134/1
f 34/136/1 2/82/1 35/135/1
f 33/137/1 2/82/1 34/136/1
f 32/138/1 2/82/1 33/137/1
f 31/139/1 2/82/1 32/138/1
f 30/140/1 2/82/1 31/139/1
f 29/141/1 2/82/1 30/140/1
f 28/142/1 2/82/1 29/141/1
f 27/143/1 2/82/1 28/142/1
f 26/144/1 2/82/1 27/143/1
f 25/145/1 2/82/1 26/144/1
f 24/146/1 2/82/1 25/145/1
f 23/147/1 2/82/1 24/146/1
f 22/148/1 2/82/1 23/147/1
f 21/149/1 2/82/1 22/148/1
f 20/150/1 2/82/1 21/149/1
f 19/151/1 2/82/1 20/150/1
f 18/152/1 2/82/1 19/151/1
f 17/153/1 2/82/1 18/152/1
f 16/154/1 2/82/1 17/153/1
f 15/155/1 2/82/1 16/154/1
f 14/156/1 2/82/1 15/155/1
f 13/157/1 2/82/1 14/156/1
f 12/158/1 2/82/1 13/157/1
f 11/159/1 2/82/1 12/158/1
f 10/160/1 2/82/1 11/159/1
f 9/161/1 2/82/1 10/160/1
f 8/162/1 2/82/1 9/161/1
f 7/163/1 2/82/1 8/162/1
f 6/164/1 2/82/1 7/163/1
f 5/165/1 2/82/1 6/164/1
f 4/166/1 2/82/1 5/165/1
f 3/167/1 2/82/1 4/166/1
f 291/168/1 293/169/1 292/170/1
f 291/168/1 290/171/1 293/169/1
f 290/171/1 228/172/1 293/169/1
f 312/173/1 314/3/1 313/174/1
f 312/173/1 311/175/1 314/3/1
f 311/175/1 294/176/1 314/3/1
f 289/177/1 228/172/1 290/171/1
f 310/178/1 294/176/1 311/175/1
f 192/179/1 168/2/1 193/180/1
f 218/181/1 194/182/1 219/183/1
f 192/179/1 169/184/1 168/2/1
f 218/181/1 195/185/1 194/182/1
f 192/179/1 170/186/1 169/184/1
f 218/181/1 196/187/1 195/185/1
f 192/179/1 171/188/1 170/186/1
f 218/181/1 197/189/1 196/187/1
f 192/179/1 172/190/1 171/188/1
f 218/181/1 198/191/1 197/189/1
f 192/179/1 173/192/1 172/190/1
f 218/181/1 199/193/1 198/191/1
f 192/179/1 174/194/1 173/192/1
f 218/181/1 200/195/1 199/193/1
f 192/179/1 175/196/1 174/194/1
f 218/181/1 201/197/1 200/195/1
f 192/179/1 176/198/1 175/196/1
f 218/181/1 202/199/1 201/197/1
f 191/200/1 176/198/1 192/179/1
f 191/200/1 177/201/1 176/198/1
f 218/181/1 203/202/1 202/199/1
f 190/203/1 177/201/1 191/200/1
f 217/204/1 203/202/1 218/181/1
f 190/203/1 178/205/1 177/201/1
f 217/204/1 204/206/1 203/202/1
f 189/207/1 178/205/1 190/203/1
f 216/208/1 204/206/1 217/204/1
f 189/207/1 179/209/1 178/205/1
f 216/208/1 205/210/1 204/206/1
f 188/211/1 179/209/1 189/207/1
f 215/212/1 205/210/1 216/208/1
f 188/211/1 187/213/1 179/209/1
f 187/213/1 186/214/1 179/209/1
f 186/214/1 185/215/1 179/209/1
f 185/215/1 184/216/1 179/209/1
f 184/216/1 183/217/1 179/209/1
f 183/217/1 182/218/1 179/209/1
f 182/218/1 181/219/1 179/209/1
f 181/219/1 180/220/1 179/209/1
f 215/212/1 214/221/1 205/210/1
f 214/221/1 213/222/1 205/210/1
f 213/222/1 212/223/1 205/210/1
f 212/223/1 211/224/1 205/210/1
f 211/224/1 210/225/1 205/210/1
f 210/225/1 209/226/1 205/210/1
f 209/226/1 208/227/1 205/210/1
f 208/227/1 207/228/1 205/210/1
f 207/228/1 206/229/1 205/210/1
f 309/230/1 296/231/1 310/178/1
f 296/231/1 294/176/1 310/178/1
f 288/232/1 228/172/1 289/177/1
f 308/233/1 296/231/1 309/230/1
f 287/234/1 264/235/1 288/232/1
f 264/235/1 228/172/1 288/232/1
f 307/236/1 296/231/1 308/233/1
f 286/237/1 264/235/1 287/234/1
f 306/238/1 296/231/1 307/236/1
f 285/239/1 264/235/1 286/237/1
f 305/240/1 296/231/1 306/238/1
f 284/241/1 264/235/1 285/239/1
f 305/240/1 297/242/1 296/231/1
f 295/243/1 294/176/1 296/231/1
f 304/244/1 297/242/1 305/240/1
f 283/245/1 264/235/1 284/241/1
f 283/245/1 265/246/1 264/235/1
f 263/247/1 228/172/1 264/235/1
f 303/248/1 297/242/1 304/244/1
f 282/249/1 265/246/1 283/245/1
f 282/249/1 266/250/1 265/246/1
f 302/251/1 297/242/1 303/248/1
f 281/252/1 266/250/1 282/249/1
f 281/252/1 267/253/1 266/250/1
f 301/254/1 297/242/1 302/251/1
f 280/255/1 267/253/1 281/252/1
f 300/256/1 297/242/1 301/254/1
f 280/255/1 268/257/1 267/253/1
f 279/258/1 268/257/1 280/255/1
f 299/259/1 297/242/1 300/256/1
f 279/258/1 269/260/1 268/257/1
f 278/261/1 269/260/1 279/258/1
f 298/262/1 297/242/1 299/259/1
f 278/261/1 270/263/1 269/260/1
f 277/264/1 270/263/1 278/261/1
f 276/265/1 270/263/1 277/264/1
f 276/265/1 271/266/1 270/263/1
f 276/265/1 272/267/1 271/266/1
f 276/265/1 273/268/1 272/267/1
f 276/265/1 274/269/1 273/268/1
f 263/247/1 229/270/1 228/172/1
f 276/265/1 275/271/1 274/269/1
f 263/247/1 230/272/1 229/270/1
f 263/247/1 262/273/1 230/272/1
f 262/273/1 231/274/1 230/272/1
f 261/275/1 231/274/1 262/273/1
f 261/275/1 232/276/1 231/274/1
f 260/277/1 232/276/1 261/275/1
f 260/277/1 233/278/1 232/276/1
f 259/279/1 233/278/1 260/277/1
f 259/279/1 234/280/1 233/278/1
f 258/281/1 234/280/1 259/279/1
f 257/282/1 234/280/1 258/281/1
f 257/282/1 235/283/1 234/280/1
f 256/284/1 235/283/1 257/282/1
f 256/284/1 236/285/1 235/283/1
f 255/286/1 236/285/1 256/284/1
f 255/286/1 237/287/1 236/285/1
f 254/288/1 237/287/1 255/286/1
f 254/288/1 238/289/1 237/287/1
f 253/290/1 238/289/1 254/288/1
f 253/290/1 239/291/1 238/289/1
f 252/292/1 239/291/1 253/290/1
f 252/292/1 240/293/1 239/291/1
f 251/294/1 240/293/1 252/292/1
f 251/294/1 241/125/1 240/293/1
f 250/295/1 241/125/1 251/294/1
f 248/296/1 225/297/1 249/298/1
f 225/297/1 250/295/1 249/298/1
f 225/297/1 241/125/1 250/295/1
f 225/297/1 242/299/1 241/125/1
f 225/297/1 224/300/1 242/299/1
f 224/300/1 243/301/1 242/299/1
f 248/296/1 226/302/1 225/297/1
f 227/303/1 243/301/1 224/300/1
f 248/296/1 222/304/1 226/302/1
f 222/304/1 227/303/1 226/302/1
f 222/304/1 221/305/1 227/303/1
f 221/305/1 243/301/1 227/303/1
f 248/296/1 223/306/1 222/304/1
f 220/307/1 243/301/1 221/305/1
f 248/296/1 246/308/1 223/306/1
f 246/308/1 220/307/1 223/306/1
f 246/308/1 245/309/1 220/307/1
f 245/309/1 243/301/1 220/307/1
f 248/296/1 247/310/1 246/308/1
f 244/311/1 243/301/1 245/309/1
f 600/312/1 602/313/1 601/314/1
f 519/315/1 521/316/1 520/317/1
f 519/315/1 430/318/1 521/316/1
f 599/319/1 602/313/1 600/312/1
f 599/319/1 603/320/1 602/313/1
f 599/319/1 604/321/1 603/320/1
f 598/322/1 604/321/1 599/319/1
f 598/322/1 605/323/1 604/321/1
f 597/324/1 605/323/1 598/322/1
f 597/324/1 606/325/1 605/323/1
f 596/326/1 606/325/1 597/324/1
f 517/327/1 519/315/1 518/328/1
f 517/327/1 430/318/1 519/315/1
f 517/327/1 431/329/1 430/318/1
f 517/327/1 432/330/1 431/329/1
f 596/326/1 607/331/1 606/325/1
f 595/332/1 607/331/1 596/326/1
f 595/332/1 608/333/1 607/331/1
f 626/334/1 628/335/1 627/336/1
f 594/337/1 608/333/1 595/332/1
f 625/338/1 628/335/1 626/334/1
f 594/337/1 609/339/1 608/333/1
f 624/340/1 628/335/1 625/338/1
f 516/341/1 432/330/1 517/327/1
f 515/342/1 433/343/1 516/341/1
f 433/343/1 432/330/1 516/341/1
f 515/342/1 434/344/1 433/343/1
f 593/345/1 609/339/1 594/337/1
f 623/346/1 628/335/1 624/340/1
f 623/346/1 629/347/1 628/335/1
f 593/345/1 610/348/1 609/339/1
f 622/349/1 629/347/1 623/346/1
f 592/350/1 610/348/1 593/345/1
f 621/351/1 629/347/1 622/349/1
f 592/350/1 611/352/1 610/348/1
f 591/353/1 611/352/1 592/350/1
f 621/351/1 630/354/1 629/347/1
f 620/355/1 630/354/1 621/351/1
f 619/356/1 630/354/1 620/355/1
f 590/357/1 611/352/1 591/353/1
f 590/357/1 612/358/1 611/352/1
f 618/359/1 630/354/1 619/356/1
f 589/360/1 612/358/1 590/357/1
f 618/359/1 631/361/1 630/354/1
f 588/362/1 612/358/1 589/360/1
f 617/363/1 631/361/1 618/359/1
f 513/364/1 524/365/1 514/366/1
f 524/365/1 515/342/1 514/366/1
f 524/365/1 434/344/1 515/342/1
f 524/365/1 435/367/1 434/344/1
f 524/365/1 523/368/1 435/367/1
f 523/368/1 528/369/1 435/367/1
f 528/369/1 527/370/1 435/367/1
f 527/370/1 436/371/1 435/367/1
f 588/362/1 613/372/1 612/358/1
f 587/373/1 613/372/1 588/362/1
f 616/374/1 631/361/1 617/363/1
f 586/375/1 613/372/1 587/373/1
f 585/376/1 613/372/1 586/375/1
f 616/374/1 632/377/1 631/361/1
f 615/378/1 632/377/1 616/374/1
f 585/376/1 614/379/1 613/372/1
f 584/380/1 614/379/1 585/376/1
f 583/381/1 614/379/1 584/380/1
f 614/379/1 632/377/1 615/378/1
f 582/382/1 614/379/1 583/381/1
f 581/383/1 614/379/1 582/382/1
f 581/383/1 632/377/1 614/379/1
f 580/384/1 632/377/1 581/383/1
f 579/385/1 632/377/1 580/384/1
f 579/385/1 633/386/1 632/377/1
f 578/387/1 633/386/1 579/385/1
f 577/388/1 633/386/1 578/387/1
f 576/389/1 633/386/1 577/388/1
f 575/390/1 633/386/1 576/389/1
f 513/364/1 525/391/1 524/365/1
f 522/392/1 528/369/1 523/368/1
f 522/392/1 529/393/1 528/369/1
f 526/394/1 436/371/1 527/370/1
f 574/395/1 633/386/1 575/390/1
f 573/396/1 633/386/1 574/395/1
f 572/397/1 633/386/1 573/396/1
f 572/397/1 553/398/1 633/386/1
f 553/398/1 634/399/1 633/386/1
f 571/400/1 553/398/1 572/397/1
f 401/401/1 403/402/1 402/403/1
f 570/404/1 553/398/1 571/400/1
f 376/405/1 352/406/1 377/407/1
f 569/408/1 553/398/1 570/404/1
f 400/409/1 403/402/1 401/401/1
f 569/408/1 554/410/1 553/398/1
f 552/411/1 634/399/1 553/398/1
f 569/408/1 555/412/1 554/410/1
f 400/409/1 378/413/1 403/402/1
f 568/414/1 555/412/1 569/408/1
f 376/405/1 353/415/1 352/406/1
f 375/416/1 353/415/1 376/405/1
f 568/414/1 556/417/1 555/412/1
f 568/414/1 557/418/1 556/417/1
f 552/411/1 635/419/1 634/399/1
f 567/420/1 557/418/1 568/414/1
f 567/420/1 558/421/1 557/418/1
f 399/422/1 378/413/1 400/409/1
f 567/420/1 559/423/1 558/421/1
f 551/424/1 635/419/1 552/411/1
f 567/420/1 560/425/1 559/423/1
f 566/426/1 560/425/1 567/420/1
f 375/416/1 354/427/1 353/415/1
f 374/428/1 354/427/1 375/416/1
f 566/426/1 561/429/1 560/425/1
f 399/422/1 379/430/1 378/413/1
f 566/426/1 562/431/1 561/429/1
f 566/426/1 563/432/1 562/431/1
f 565/433/1 564/434/1 566/426/1
f 564/434/1 563/432/1 566/426/1
f 398/435/1 379/430/1 399/422/1
f 550/436/1 635/419/1 551/424/1
f 373/437/1 354/427/1 374/428/1
f 373/437/1 355/438/1 354/427/1
f 398/435/1 380/439/1 379/430/1
f 653/440/1 655/441/1 654/442/1
f 397/443/1 380/439/1 398/435/1
f 550/436/1 636/444/1 635/419/1
f 549/445/1 636/444/1 550/436/1
f 373/437/1 356/446/1 355/438/1
f 372/447/1 356/446/1 373/437/1
f 397/443/1 381/448/1 380/439/1
f 652/449/1 655/441/1 653/440/1
f 396/450/1 381/448/1 397/443/1
f 652/449/1 656/451/1 655/441/1
f 548/452/1 636/444/1 549/445/1
f 372/447/1 357/453/1 356/446/1
f 371/454/1 357/453/1 372/447/1
f 651/455/1 656/451/1 652/449/1
f 396/450/1 382/456/1 381/448/1
f 650/457/1 656/451/1 651/455/1
f 547/458/1 636/444/1 548/452/1
f 395/459/1 382/456/1 396/450/1
f 371/454/1 358/460/1 357/453/1
f 547/458/1 637/461/1 636/444/1
f 370/462/1 358/460/1 371/454/1
f 395/459/1 383/463/1 382/456/1
f 650/457/1 657/464/1 656/451/1
f 649/465/1 657/464/1 650/457/1
f 546/466/1 637/461/1 547/458/1
f 394/467/1 383/463/1 395/459/1
f 370/462/1 359/468/1 358/460/1
f 369/469/1 359/468/1 370/462/1
f 648/470/1 657/464/1 649/465/1
f 394/467/1 384/471/1 383/463/1
f 545/472/1 637/461/1 546/466/1
f 647/473/1 657/464/1 648/470/1
f 647/473/1 658/474/1 657/464/1
f 393/475/1 384/471/1 394/467/1
f 369/469/1 360/476/1 359/468/1
f 368/477/1 360/476/1 369/469/1
f 544/478/1 637/461/1 545/472/1
f 544/478/1 638/479/1 637/461/1
f 393/475/1 385/480/1 384/471/1
f 646/481/1 658/474/1 647/473/1
f 543/482/1 638/479/1 544/478/1
f 368/477/1 361/483/1 360/476/1
f 392/484/1 385/480/1 393/475/1
f 367/485/1 361/483/1 368/477/1
f 645/486/1 658/474/1 646/481/1
f 392/484/1 386/487/1 385/480/1
f 542/488/1 638/479/1 543/482/1
f 645/486/1 659/489/1 658/474/1
f 644/490/1 659/489/1 645/486/1
f 367/485/1 362/491/1 361/483/1
f 541/492/1 638/479/1 542/488/1
f 391/493/1 386/487/1 392/484/1
f 366/494/1 362/491/1 367/485/1
f 540/495/1 638/479/1 541/492/1
f 540/495/1 639/496/1 638/479/1
f 391/493/1 387/497/1 386/487/1
f 643/498/1 659/489/1 644/490/1
f 366/494/1 363/499/1 362/491/1
f 390/500/1 387/497/1 391/493/1
f 365/501/1 363/499/1 366/494/1
f 539/502/1 639/496/1 540/495/1
f 643/498/1 660/503/1 659/489/1
f 642/504/1 660/503/1 643/498/1
f 390/500/1 388/505/1 387/497/1
f 365/501/1 364/506/1 363/499/1
f 389/507/1 388/505/1 390/500/1
f 538/508/1 639/496/1 539/502/1
f 641/509/1 660/503/1 642/504/1
f 538/508/1 640/510/1 639/496/1
f 537/511/1 640/510/1 538/508/1
f 640/510/1 660/503/1 641/509/1
f 640/510/1 661/512/1 660/503/1
f 536/513/1 640/510/1 537/511/1
f 535/514/1 640/510/1 536/513/1
f 534/515/1 640/510/1 535/514/1
f 640/510/1 662/516/1 661/512/1
f 534/515/1 662/516/1 640/510/1
f 533/517/1 662/516/1 534/515/1
f 513/364/1 522/392/1 525/391/1
f 513/364/1 529/393/1 522/392/1
f 513/364/1 526/394/1 529/393/1
f 513/364/1 436/371/1 526/394/1
f 532/518/1 662/516/1 533/517/1
f 531/519/1 662/516/1 532/518/1
f 530/520/1 662/516/1 531/519/1
f 692/521/1 662/516/1 530/520/1
f 692/521/1 663/522/1 662/516/1
f 691/523/1 663/522/1 692/521/1
f 690/524/1 663/522/1 691/523/1
f 689/525/1 663/522/1 690/524/1
f 689/525/1 668/526/1 663/522/1
f 668/526/1 664/527/1 663/522/1
f 688/528/1 668/526/1 689/525/1
f 688/528/1 669/529/1 668/526/1
f 667/530/1 664/527/1 668/526/1
f 687/531/1 669/529/1 688/528/1
f 687/531/1 670/532/1 669/529/1
f 686/533/1 670/532/1 687/531/1
f 667/530/1 665/534/1 664/527/1
f 686/533/1 671/535/1 670/532/1
f 685/536/1 671/535/1 686/533/1
f 685/536/1 672/537/1 671/535/1
f 684/538/1 672/537/1 685/536/1
f 684/538/1 673/539/1 672/537/1
f 683/540/1 673/539/1 684/538/1
f 512/541/1 436/371/1 513/364/1
f 511/542/1 437/543/1 512/541/1
f 437/543/1 436/371/1 512/541/1
f 511/542/1 438/544/1 437/543/1
f 683/540/1 674/545/1 673/539/1
f 667/530/1 666/546/1 665/534/1
f 683/540/1 675/547/1 674/545/1
f 682/548/1 675/547/1 683/540/1
f 682/548/1 676/549/1 675/547/1
f 682/548/1 677/550/1 676/549/1
f 681/551/1 677/550/1 682/548/1
f 681/551/1 678/552/1 677/550/1
f 681/551/1 679/553/1 678/552/1
f 680/554/1 679/553/1 681/551/1
f 511/542/1 473/555/1 438/544/1
f 473/555/1 439/556/1 438/544/1
f 510/557/1 473/555/1 511/542/1
f 510/557/1 476/558/1 473/555/1
f 476/558/1 474/559/1 473/555/1
f 472/560/1 439/556/1 473/555/1
f 428/561/1 404/562/1 429/563/1
f 472/560/1 440/564/1 439/556/1
f 509/565/1 476/558/1 510/557/1
f 427/566/1 404/562/1 428/561/1
f 427/566/1 405/567/1 404/562/1
f 509/565/1 477/568/1 476/558/1
f 475/569/1 474/559/1 476/558/1
f 471/570/1 440/564/1 472/560/1
f 471/570/1 441/571/1 440/564/1
f 426/572/1 405/567/1 427/566/1
f 426/572/1 406/573/1 405/567/1
f 508/574/1 477/568/1 509/565/1
f 508/574/1 478/575/1 477/568/1
f 470/576/1 441/571/1 471/570/1
f 425/577/1 406/573/1 426/572/1
f 425/577/1 407/578/1 406/573/1
f 470/576/1 442/579/1 441/571/1
f 507/580/1 478/575/1 508/574/1
f 424/581/1 407/578/1 425/577/1
f 424/581/1 408/582/1 407/578/1
f 507/580/1 479/583/1 478/575/1
f 469/584/1 442/579/1 470/576/1
f 469/584/1 443/585/1 442/579/1
f 506/586/1 479/583/1 507/580/1
f 423/587/1 408/582/1 424/581/1
f 423/587/1 409/588/1 408/582/1
f 506/586/1 480/589/1 479/583/1
f 468/590/1 443/585/1 469/584/1
f 468/590/1 444/591/1 443/585/1
f 422/592/1 409/588/1 423/587/1
f 505/593/1 480/589/1 506/586/1
f 422/592/1 410/594/1 409/588/1
f 505/593/1 481/595/1 480/589/1
f 468/590/1 445/596/1 444/591/1
f 467/597/1 445/596/1 468/590/1
f 421/598/1 410/594/1 422/592/1
f 421/598/1 411/599/1 410/594/1
f 504/600/1 481/595/1 505/593/1
f 467/597/1 446/601/1 445/596/1
f 504/600/1 482/602/1 481/595/1
f 420/603/1 411/599/1 421/598/1
f 420/603/1 412/604/1 411/599/1
f 466/605/1 446/601/1 467/597/1
f 503/606/1 482/602/1 504/600/1
f 466/605/1 447/607/1 446/601/1
f 419/608/1 412/604/1 420/603/1
f 419/608/1 413/609/1 412/604/1
f 503/606/1 483/610/1 482/602/1
f 502/611/1 483/610/1 503/606/1
f 465/612/1 447/607/1 466/605/1
f 465/612/1 448/613/1 447/607/1
f 419/608/1 414/614/1 413/609/1
f 418/615/1 414/614/1 419/608/1
f 501/616/1 483/610/1 502/611/1
f 501/616/1 484/617/1 483/610/1
f 464/618/1 448/613/1 465/612/1
f 464/618/1 449/619/1 448/613/1
f 418/615/1 415/620/1 414/614/1
f 417/621/1 415/620/1 418/615/1
f 500/622/1 484/617/1 501/616/1
f 500/622/1 485/623/1 484/617/1
f 464/618/1 450/624/1 449/619/1
f 417/621/1 416/625/1 415/620/1
f 464/618/1 451/626/1 450/624/1
f 499/627/1 485/623/1 500/622/1
f 463/628/1 451/626/1 464/618/1
f 463/628/1 452/629/1 451/626/1
f 498/630/1 485/623/1 499/627/1
f 463/628/1 453/631/1 452/629/1
f 497/632/1 485/623/1 498/630/1
f 463/628/1 454/633/1 453/631/1
f 497/632/1 486/634/1 485/623/1
f 496/635/1 486/634/1 497/632/1
f 463/628/1 455/636/1 454/633/1
f 495/637/1 486/634/1 496/635/1
f 462/638/1 455/636/1 463/628/1
f 462/638/1 456/639/1 455/636/1
f 494/640/1 486/634/1 495/637/1
f 462/638/1 457/641/1 456/639/1
f 493/642/1 486/634/1 494/640/1
f 493/642/1 487/643/1 486/634/1
f 462/638/1 458/644/1 457/641/1
f 492/645/1 487/643/1 493/642/1
f 461/646/1 460/647/1 462/638/1
f 460/647/1 459/648/1 462/638/1
f 459/648/1 458/644/1 462/638/1
f 491/649/1 487/643/1 492/645/1
f 490/650/1 487/643/1 491/649/1
f 490/650/1 489/651/1 487/643/1
f 489/651/1 488/652/1 487/643/1
f 717/653/1 693/654/1 718/3/1
f 716/655/1 693/654/1 717/653/1
f 716/655/1 694/656/1 693/654/1
f 715/657/1 694/656/1 716/655/1
f 715/657/1 695/658/1 694/656/1
f 714/659/1 695/658/1 715/657/1
f 714/659/1 696/660/1 695/658/1
f 713/661/1 696/660/1 714/659/1
f 713/661/1 697/662/1 696/660/1
f 712/663/1 697/662/1 713/661/1
f 712/663/1 698/664/1 697/662/1
f 711/665/1 698/664/1 712/663/1
f 711/665/1 699/666/1 698/664/1
f 710/667/1 699/666/1 711/665/1
f 710/667/1 700/668/1 699/666/1
f 709/669/1 700/668/1 710/667/1
f 709/669/1 701/670/1 700/668/1
f 708/671/1 701/670/1 709/669/1
f 708/671/1 702/672/1 701/670/1
f 707/673/1 702/672/1 708/671/1
f 707/673/1 703/674/1 702/672/1
f 706/675/1 703/674/1 707/673/1
f 706/675/1 704/676/1 703/674/1
f 705/677/1 704/676/1 706/675/1
f 349/678/1 351/679/1 350/680/1
f 349/678/1 315/2/1 351/679/1
f 348/681/1 315/2/1 349/678/1
f 348/681/1 316/682/1 315/2/1
f 347/683/1 316/682/1 348/681/1
f 347/683/1 317/684/1 316/682/1
f 346/685/1 317/684/1 347/683/1
f 346/685/1 318/686/1 317/684/1
f 345/687/1 318/686/1 346/685/1
f 345/687/1 319/688/1 318/686/1
f 344/689/1 319/688/1 345/687/1
f 344/689/1 320/690/1 319/688/1
f 343/691/1 320/690/1 344/689/1
f 343/691/1 321/692/1 320/690/1
f 342/693/1 321/692/1 343/691/1
f 342/693/1 322/694/1 321/692/1
f 341/695/1 322/694/1 342/693/1
f 340/696/1 322/694/1 341/695/1
f 340/696/1 323/697/1 322/694/1
f 339/698/1 323/697/1 340/696/1
f 339/698/1 324/699/1 323/697/1
f 338/700/1 324/699/1 339/698/1
f 338/700/1 325/701/1 324/699/1
f 337/702/1 325/701/1 338/700/1
f 336/703/1 325/701/1 337/702/1
f 335/704/1 325/701/1 336/703/1
f 334/705/1 325/701/1 335/704/1
f 334/705/1 333/706/1 325/701/1
f 333/706/1 332/707/1 325/701/1
f 332/707/1 331/708/1 325/701/1
f 331/708/1 330/709/1 325/701/1
f 330/709/1 329/710/1 325/701/1
f 329/710/1 328/711/1 325/701/1
f 328/711/1 327/712/1 325/701/1
f 327/712/1 326/713/1 325/701/1
f 884/1/2 885/3/2 719/2/2
f 883/4/2 884/1/2 719/2/2
f 882/5/2 883/4/2 719/2/2
f 881/6/2 882/5/2 719/2/2
f 880/7/2 881/6/2 719/2/2
f 879/8/2 880/7/2 719/2/2
f 878/9/2 879/8/2 719/2/2
f 877/10/2 878/9/2 719/2/2
f 876/11/2 877/10/2 719/2/2
f 875/12/2 876/11/2 719/2/2
f 874/13/2 875/12/2 719/2/2
f 873/14/2 874/13/2 719/2/2
f 872/15/2 873/14/2 719/2/2
f 871/16/2 872/15/2 719/2/2
f 870/17/2 871/16/2 719/2/2
f 869/18/2 870/17/2 719/2/2
f 868/19/2 869/18/2 719/2/2
f 867/20/2 868/19/2 719/2/2
f 866/21/2 867/20/2 719/2/2
f 865/22/2 866/21/2 719/2/2
f 864/23/2 865/22/2 719/2/2
f 863/24/2 864/23/2 719/2/2
f 862/25/2 863/24/2 719/2/2
f 861/26/2 862/25/2 719/2/2
f 860/27/2 861/26/2 719/2/2
f 859/28/2 860/27/2 719/2/2
f 858/29/2 859/28/2 719/2/2
f 857/30/2 858/29/2 719/2/2
f 856/31/2 857/30/2 719/2/2
f 855/32/2 856/31/2 719/2/2
f 808/33/2 809/35/2 810/34/2
f 808/33/2 810/34/2 811/36/2
f 808/33/2 811/36/2 812/37/2
f 808/33/2 812/37/2 813/38/2
f 808/33/2 813/38/2 814/39/2
f 808/33/2 814/39/2 815/40/2
f 808/33/2 815/40/2 816/41/2
f 808/33/2 816/41/2 817/42/2
f 808/33/2 817/42/2 818/43/2
f 808/33/2 818/43/2 819/44/2
f 808/33/2 819/44/2 820/45/2
f 808/33/2 820/45/2 821/46/2
f 808/33/2 821/46/2 822/47/2
f 808/33/2 822/47/2 823/48/2
f 854/49/2 855/32/2 719/2/2
f 808/33/2 823/48/2 824/50/2
f 808/33/2 824/50/2 825/51/2
f 808/33/2 825/51/2 826/52/2
f 808/33/2 826/52/2 827/53/2
f 808/33/2 827/53/2 828/54/2
f 808/33/2 828/54/2 829/55/2
f 808/33/2 829/55/2 830/56/2
f 808/33/2 830/56/2 831/57/2
f 808/33/2 831/57/2 832/58/2
f 853/59/2 854/49/2 719/2/2
f 808/33/2 832/58/2 833/60/2
f 808/33/2 833/60/2 834/61/2
f 808/33/2 834/61/2 835/62/2
f 808/33/2 835/62/2 836/63/2
f 808/33/2 836/63/2 837/64/2
f 808/33/2 837/64/2 838/65/2
f 808/33/2 838/65/2 839/66/2
f 808/33/2 839/66/2 840/67/2
f 852/68/2 853/59/2 842/69/2
f 842/69/2 853/59/2 843/70/2
f 843/70/2 853/59/2 844/71/2
f 844/71/2 853/59/2 845/72/2
f 845/72/2 853/59/2 719/2/2
f 808/33/2 840/67/2 841/73/2
f 808/33/2 841/73/2 842/69/2
f 808/33/2 842/69/2 852/68/2
f 808/33/2 852/68/2 851/74/2
f 846/75/2 845/72/2 719/2/2
f 847/76/2 846/75/2 719/2/2
f 808/33/2 851/74/2 850/77/2
f 808/33/2 850/77/2 849/78/2
f 808/33/2 849/78/2 848/79/2
f 808/33/2 848/79/2 847/76/2
f 808/33/2 847/76/2 719/2/2
f 808/33/2 719/2/2 770/80/2
f 770/80/2 719/2/2 771/81/2
f 771/81/2 719/2/2 720/82/2
f 808/33/2 770/80/2 769/83/2
f 808/33/2 769/83/2 768/84/2
f 808/33/2 768/84/2 767/85/2
f 808/33/2 767/85/2 766/86/2
f 808/33/2 766/86/2 765/87/2
f 808/33/2 765/87/2 764/88/2
f 808/33/2 764/88/2 763/89/2
f 772/90/2 771/81/2 720/82/2
f 773/91/2 772/90/2 720/82/2
f 774/92/2 773/91/2 720/82/2
f 808/33/2 763/89/2 775/93/2
f 775/93/2 763/89/2 762/94/2
f 775/93/2 774/92/2 720/82/2
f 808/33/2 775/93/2 776/95/2
f 762/94/2 775/93/2 720/82/2
f 808/33/2 776/95/2 777/96/2
f 808/33/2 777/96/2 778/97/2
f 808/33/2 778/97/2 779/98/2
f 808/33/2 779/98/2 780/99/2
f 761/100/2 762/94/2 720/82/2
f 808/33/2 780/99/2 781/101/2
f 808/33/2 781/101/2 782/102/2
f 808/33/2 782/102/2 783/103/2
f 808/33/2 783/103/2 784/104/2
f 808/33/2 784/104/2 785/105/2
f 760/106/2 761/100/2 720/82/2
f 808/33/2 785/105/2 786/107/2
f 808/33/2 786/107/2 787/108/2
f 808/33/2 787/108/2 788/109/2
f 808/33/2 788/109/2 789/110/2
f 808/33/2 789/110/2 790/111/2
f 808/33/2 790/111/2 791/112/2
f 759/113/2 760/106/2 720/82/2
f 808/33/2 791/112/2 792/114/2
f 808/33/2 792/114/2 793/115/2
f 808/33/2 793/115/2 794/116/2
f 808/33/2 794/116/2 795/117/2
f 808/33/2 795/117/2 796/118/2
f 808/33/2 796/118/2 797/119/2
f 808/33/2 797/119/2 798/120/2
f 808/33/2 798/120/2 799/121/2
f 758/122/2 759/113/2 720/82/2
f 808/33/2 799/121/2 800/123/2
f 808/33/2 800/123/2 801/124/2
f 808/33/2 801/124/2 802/125/2
f 808/33/2 802/125/2 803/126/2
f 808/33/2 803/126/2 804/127/2
f 808/33/2 804/127/2 805/128/2
f 808/33/2 805/128/2 806/129/2
f 808/33/2 806/129/2 807/130/2
f 757/131/2 758/122/2 720/82/2
f 756/132/2 757/131/2 720/82/2
f 755/133/2 756/132/2 720/82/2
f 754/134/2 755/133/2 720/82/2
f 753/135/2 754/134/2 720/82/2
f 752/136/2 753/135/2 720/82/2
f 751/137/2 752/136/2 720/82/2
f 750/138/2 751/137/2 720/82/2
f 749/139/2 750/138/2 720/82/2
f 748/140/2 749/139/2 720/82/2
f 747/141/2 748/140/2 720/82/2
f 746/142/2 747/141/2 720/82/2
f 745/143/2 746/142/2 720/82/2
f 744/144/2 745/143/2 720/82/2
f 743/145/2 744/144/2 720/82/2
f 742/146/2 743/145/2 720/82/2
f 741/147/2 742/146/2 720/82/2
f 740/148/2 741/147/2 720/82/2
f 739/149/2 740/148/2 720/82/2
f 738/150/2 739/149/2 720/82/2
f 737/151/2 738/150/2 720/82/2
f 736/152/2 737/151/2 720/82/2
f 735/153/2 736/152/2 720/82/2
f 734/154/2 735/153/2 720/82/2
f 733/155/2 734/154/2 720/82/2
f 732/156/2 733/155/2 720/82/2
f 731/157/2 732/156/2 720/82/2
f 730/158/2 731/157/2 720/82/2
f 729/159/2 730/158/2 720/82/2
f 728/160/2 729/159/2 720/82/2
f 727/161/2 728/160/2 720/82/2
f 726/162/2 727/161/2 720/82/2
f 725/163/2 726/162/2 720/82/2
f 724/164/2 725/163/2 720/82/2
f 723/165/2 724/164/2 720/82/2
f 722/166/2 723/165/2 720/82/2
f 721/167/2 722/166/2 720/82/2
f 1009/168/2 1010/170/2 1011/169/2
f 1009/168/2 1011/169/2 1008/171/2
f 1008/171/2 1011/169/2 946/172/2
f 1030/173/2 1031/174/2 1032/3/2
f 1030/173/2 1032/3/2 1029/175/2
f 1029/175/2 1032/3/2 1012/176/2
f 1007/177/2 1008/171/2 946/172/2
f 1028/178/2 1029/175/2 1012/176/2
f 910/179/2 911/180/2 886/2/2
f 936/181/2 937/183/2 912/182/2
f 910/179/2 886/2/2 887/184/2
f 936/181/2 912/182/2 913/185/2
f 910/179/2 887/184/2 888/186/2
f 936/181/2 913/185/2 914/187/2
f 910/179/2 888/186/2 889/188/2
f 936/181/2 914/187/2 915/189/2
f 910/179/2 889/188/2 890/190/2
f 936/181/2 915/189/2 916/191/2
f 910/179/2 890/190/2 891/192/2
f 936/181/2 916/191/2 917/193/2
f 910/179/2 891/192/2 892/194/2
f 936/181/2 917/193/2 918/195/2
f 910/179/2 892/194/2 893/196/2
f 936/181/2 918/195/2 919/197/2
f 910/179/2 893/196/2 894/198/2
f 936/181/2 919/197/2 920/199/2
f 909/200/2 910/179/2 894/198/2
f 909/200/2 894/198/2 895/201/2
f 936/181/2 920/199/2 921/202/2
f 908/203/2 909/200/2 895/201/2
f 935/204/2 936/181/2 921/202/2
f 908/203/2 895/201/2 896/205/2
f 935/204/2 921/202/2 922/206/2
f 907/207/2 908/203/2 896/205/2
f 934/208/2 935/204/2 922/206/2
f 907/207/2 896/205/2 897/209/2
f 934/208/2 922/206/2 923/210/2
f 906/211/2 907/207/2 897/209/2
f 933/212/2 934/208/2 923/210/2
f 906/211/2 897/209/2 905/213/2
f 905/213/2 897/209/2 904/214/2
f 904/214/2 897/209/2 903/215/2
f 903/215/2 897/209/2 902/216/2
f 902/216/2 897/209/2 901/217/2
f 901/217/2 897/209/2 900/218/2
f 900/218/2 897/209/2 899/219/2
f 899/219/2 897/209/2 898/220/2
f 933/212/2 923/210/2 932/221/2
f 932/221/2 923/210/2 931/222/2
f 931/222/2 923/210/2 930/223/2
f 930/223/2 923/210/2 929/224/2
f 929/224/2 923/210/2 928/225/2
f 928/225/2 923/210/2 927/226/2
f 927/226/2 923/210/2 926/227/2
f 926/227/2 923/210/2 925/228/2
f 925/228/2 923/210/2 924/229/2
f 1027/230/2 1028/178/2 1014/231/2
f 1014/231/2 1028/178/2 1012/176/2
f 1006/232/2 1007/177/2 946/172/2
f 1026/233/2 1027/230/2 1014/231/2
f 1005/234/2 1006/232/2 982/235/2
f 982/235/2 1006/232/2 946/172/2
f 1025/236/2 1026/233/2 1014/231/2
f 1004/237/2 1005/234/2 982/235/2
f 1024/238/2 1025/236/2 1014/231/2
f 1003/239/2 1004/237/2 982/235/2
f 1023/240/2 1024/238/2 1014/231/2
f 1002/241/2 1003/239/2 982/235/2
f 1023/240/2 1014/231/2 1015/242/2
f 1013/243/2 1014/231/2 1012/176/2
f 1022/244/2 1023/240/2 1015/242/2
f 1001/245/2 1002/241/2 982/235/2
f 1001/245/2 982/235/2 983/246/2
f 981/247/2 982/235/2 946/172/2
f 1021/248/2 1022/244/2 1015/242/2
f 1000/249/2 1001/245/2 983/246/2
f 1000/249/2 983/246/2 984/250/2
f 1020/251/2 1021/248/2 1015/242/2
f 999/252/2 1000/249/2 984/250/2
f 999/252/2 984/250/2 985/253/2
f 1019/254/2 1020/251/2 1015/242/2
f 998/255/2 999/252/2 985/253/2
f 1018/256/2 1019/254/2 1015/242/2
f 998/255/2 985/253/2 986/257/2
f 997/258/2 998/255/2 986/257/2
f 1017/259/2 1018/256/2 1015/242/2
f 997/258/2 986/257/2 987/260/2
f 996/261/2 997/258/2 987/260/2
f 1016/262/2 1017/259/2 1015/242/2
f 996/261/2 987/260/2 988/263/2
f 995/264/2 996/261/2 988/263/2
f 994/265/2 995/264/2 988/263/2
f 994/265/2 988/263/2 989/266/2
f 994/265/2 989/266/2 990/267/2
f 994/265/2 990/267/2 991/268/2
f 994/265/2 991/268/2 992/269/2
f 981/247/2 946/172/2 947/270/2
f 994/265/2 992/269/2 993/271/2
f 981/247/2 947/270/2 948/272/2
f 981/247/2 948/272/2 980/273/2
f 980/273/2 948/272/2 949/274/2
f 979/275/2 980/273/2 949/274/2
f 979/275/2 949/274/2 950/276/2
f 978/277/2 979/275/2 950/276/2
f 978/277/2 950/276/2 951/278/2
f 977/279/2 978/277/2 951/278/2
f 977/279/2 951/278/2 952/280/2
f 976/281/2 977/279/2 952/280/2
f 975/282/2 976/281/2 952/280/2
f 975/282/2 952/280/2 953/283/2
f 974/284/2 975/282/2 953/283/2
f 974/284/2 953/283/2 954/285/2
f 973/286/2 974/284/2 954/285/2
f 973/286/2 954/285/2 955/287/2
f 972/288/2 973/286/2 955/287/2
f 972/288/2 955/287/2 956/289/2
f 971/290/2 972/288/2 956/289/2
f 971/290/2 956/289/2 957/291/2
f 970/292/2 971/290/2 957/291/2
f 970/292/2 957/291/2 958/293/2
f 969/294/2 970/292/2 958/293/2
f 969/294/2 958/293/2 959/125/2
f 968/295/2 969/294/2 959/125/2
f 966/296/2 967/298/2 943/297/2
f 943/297/2 967/298/2 968/295/2
f 943/297/2 968/295/2 959/125/2
f 943/297/2 959/125/2 960/299/2
f 943/297/2 960/299/2 942/300/2
f 942/300/2 960/299/2 961/301/2
f 966/296/2 943/297/2 944/302/2
f 945/303/2 942/300/2 961/301/2
f 966/296/2 944/302/2 940/304/2
f 940/304/2 944/302/2 945/303/2
f 940/304/2 945/303/2 939/305/2
f 939/305/2 945/303/2 961/301/2
f 966/296/2 940/304/2 941/306/2
f 938/307/2 939/305/2 961/301/2
f 966/296/2 941/306/2 964/308/2
f 964/308/2 941/306/2 938/307/2
f 964/308/2 938/307/2 963/309/2
f 963/309/2 938/307/2 961/301/2
f 966/296/2 964/308/2 965/310/2
f 962/311/2 963/309/2 961/301/2
f 1318/312/2 1319/314/2 1320/313/2
f 1237/315/2 1238/317/2 1239/316/2
f 1237/315/2 1239/316/2 1148/318/2
f 1317/319/2 1318/312/2 1320/313/2
f 1317/319/2 1320/313/2 1321/320/2
f 1317/319/2 1321/320/2 1322/321/2
f 1316/322/2 1317/319/2 1322/321/2
f 1316/322/2 1322/321/2 1323/323/2
f 1315/324/2 1316/322/2 1323/323/2
f 1315/324/2 1323/323/2 1324/325/2
f 1314/326/2 1315/324/2 1324/325/2
f 1235/327/2 1236/328/2 1237/315/2
f 1235/327/2 1237/315/2 1148/318/2
f 1235/327/2 1148/318/2 1149/329/2
f 1235/327/2 1149/329/2 1150/330/2
f 1314/326/2 1324/325/2 1325/331/2
f 1313/332/2 1314/326/2 1325/331/2
f 1313/332/2 1325/331/2 1326/333/2
f 1344/334/2 1345/336/2 1346/335/2
f 1312/337/2 1313/332/2 1326/333/2
f 1343/338/2 1344/334/2 1346/335/2
f 1312/337/2 1326/333/2 1327/339/2
f 1342/340/2 1343/338/2 1346/335/2
f 1234/341/1 1235/327/1 1150/330/1
f 1233/342/2 1234/341/2 1151/343/2
f 1151/343/1 1234/341/1 1150/330/1
f 1233/342/2 1151/343/2 1152/344/2
f 1311/345/2 1312/337/2 1327/339/2
f 1341/346/2 1342/340/2 1346/335/2
f 1341/346/2 1346/335/2 1347/347/2
f 1311/345/2 1327/339/2 1328/348/2
f 1340/349/2 1341/346/2 1347/347/2
f 1310/350/2 1311/345/2 1328/348/2
f 1339/351/2 1340/349/2 1347/347/2
f 1310/350/2 1328/348/2 1329/352/2
f 1309/353/2 1310/350/2 1329/352/2
f 1339/351/2 1347/347/2 1348/354/2
f 1338/355/2 1339/351/2 1348/354/2
f 1337/356/2 1338/355/2 1348/354/2
f 1308/357/2 1309/353/2 1329/352/2
f 1308/357/2 1329/352/2 1330/358/2
f 1336/359/2 1337/356/2 1348/354/2
f 1307/360/2 1308/357/2 1330/358/2
f 1336/359/2 1348/354/2 1349/361/2
f 1306/362/2 1307/360/2 1330/358/2
f 1335/363/2 1336/359/2 1349/361/2
f 1231/364/2 1232/366/2 1242/365/2
f 1242/365/2 1232/366/2 1233/342/2
f 1242/365/2 1233/342/2 1152/344/2
f 1242/365/2 1152/344/2 1153/367/2
f 1242/365/2 1153/367/2 1241/368/2
f 1241/368/2 1153/367/2 1246/369/2
f 1246/369/2 1153/367/2 1245/370/2
f 1245/370/2 1153/367/2 1154/371/2
f 1306/362/2 1330/358/2 1331/372/2
f 1305/373/2 1306/362/2 1331/372/2
f 1334/374/2 1335/363/2 1349/361/2
f 1304/375/2 1305/373/2 1331/372/2
f 1303/376/2 1304/375/2 1331/372/2
f 1334/374/2 1349/361/2 1350/377/2
f 1333/378/2 1334/374/2 1350/377/2
f 1303/376/2 1331/372/2 1332/379/2
f 1302/380/2 1303/376/2 1332/379/2
f 1301/381/2 1302/380/2 1332/379/2
f 1332/379/2 1333/378/2 1350/377/2
f 1300/382/2 1301/381/2 1332/379/2
f 1299/383/2 1300/382/2 1332/379/2
f 1299/383/2 1332/379/2 1350/377/2
f 1298/384/2 1299/383/2 1350/377/2
f 1297/385/2 1298/384/2 1350/377/2
f 1297/385/2 1350/377/2 1351/386/2
f 1296/387/2 1297/385/2 1351/386/2
f 1295/388/2 1296/387/2 1351/386/2
f 1294/389/2 1295/388/2 1351/386/2
f 1293/390/2 1294/389/2 1351/386/2
f 1231/364/2 1242/365/2 1243/391/2
f 1240/392/2 1241/368/2 1246/369/2
f 1240/392/2 1246/369/2 1247/393/2
f 1244/394/2 1245/370/2 1154/371/2
f 1292/395/2 1293/390/2 1351/386/2
f 1291/396/2 1292/395/2 1351/386/2
f 1290/397/2 1291/396/2 1351/386/2
f 1290/397/2 1351/386/2 1271/398/2
f 1271/398/2 1351/386/2 1352/399/2
f 1289/400/2 1290/397/2 1271/398/2
f 1119/401/2 1120/403/2 1121/402/2
f 1288/404/2 1289/400/2 1271/398/2
f 1094/405/2 1095/407/2 1070/406/2
f 1287/408/2 1288/404/2 1271/398/2
f 1118/409/2 1119/401/2 1121/402/2
f 1287/408/2 1271/398/2 1272/410/2
f 1270/411/2 1271/398/2 1352/399/2
f 1287/408/2 1272/410/2 1273/412/2
f 1118/409/2 1121/402/2 1096/413/2
f 1286/414/2 1287/408/2 1273/412/2
f 1094/405/2 1070/406/2 1071/415/2
f 1093/416/2 1094/405/2 1071/415/2
f 1286/414/2 1273/412/2 1274/417/2
f 1286/414/2 1274/417/2 1275/418/2
f 1270/411/2 1352/399/2 1353/419/2
f 1285/420/2 1286/414/2 1275/418/2
f 1285/420/2 1275/418/2 1276/421/2
f 1117/422/2 1118/409/2 1096/413/2
f 1285/420/2 1276/421/2 1277/423/2
f 1269/424/2 1270/411/2 1353/419/2
f 1285/420/2 1277/423/2 1278/425/2
f 1284/426/2 1285/420/2 1278/425/2
f 1093/416/2 1071/415/2 1072/427/2
f 1092/428/2 1093/416/2 1072/427/2
f 1284/426/2 1278/425/2 1279/429/2
f 1117/422/2 1096/413/2 1097/430/2
f 1284/426/2 1279/429/2 1280/431/2
f 1284/426/2 1280/431/2 1281/432/2
f 1283/433/2 1284/426/2 1282/434/2
f 1282/434/2 1284/426/2 1281/432/2
f 1116/435/2 1117/422/2 1097/430/2
f 1268/436/2 1269/424/2 1353/419/2
f 1091/437/2 1092/428/2 1072/427/2
f 1091/437/2 1072/427/2 1073/438/2
f 1116/435/2 1097/430/2 1098/439/2
f 1371/440/2 1372/442/2 1373/441/2
f 1115/443/2 1116/435/2 1098/439/2
f 1268/436/2 1353/419/2 1354/444/2
f 1267/445/2 1268/436/2 1354/444/2
f 1091/437/2 1073/438/2 1074/446/2
f 1090/447/2 1091/437/2 1074/446/2
f 1115/443/2 1098/439/2 1099/448/2
f 1370/449/2 1371/440/2 1373/441/2
f 1114/450/2 1115/443/2 1099/448/2
f 1370/449/2 1373/441/2 1374/451/2
f 1266/452/2 1267/445/2 1354/444/2
f 1090/447/2 1074/446/2 1075/453/2
f 1089/454/2 1090/447/2 1075/453/2
f 1369/455/2 1370/449/2 1374/451/2
f 1114/450/2 1099/448/2 1100/456/2
f 1368/457/2 1369/455/2 1374/451/2
f 1265/458/2 1266/452/2 1354/444/2
f 1113/459/2 1114/450/2 1100/456/2
f 1089/454/2 1075/453/2 1076/460/2
f 1265/458/2 1354/444/2 1355/461/2
f 1088/462/2 1089/454/2 1076/460/2
f 1113/459/2 1100/456/2 1101/463/2
f 1368/457/2 1374/451/2 1375/464/2
f 1367/465/2 1368/457/2 1375/464/2
f 1264/466/2 1265/458/2 1355/461/2
f 1112/467/2 1113/459/2 1101/463/2
f 1088/462/2 1076/460/2 1077/468/2
f 1087/469/2 1088/462/2 1077/468/2
f 1366/470/2 1367/465/2 1375/464/2
f 1112/467/2 1101/463/2 1102/471/2
f 1263/472/2 1264/466/2 1355/461/2
f 1365/473/2 1366/470/2 1375/464/2
f 1365/473/2 1375/464/2 1376/474/2
f 1111/475/2 1112/467/2 1102/471/2
f 1087/469/2 1077/468/2 1078/476/2
f 1086/477/2 1087/469/2 1078/476/2
f 1262/478/2 1263/472/2 1355/461/2
f 1262/478/2 1355/461/2 1356/479/2
f 1111/475/2 1102/471/2 1103/480/2
f 1364/481/2 1365/473/2 1376/474/2
f 1261/482/2 1262/478/2 1356/479/2
f 1086/477/2 1078/476/2 1079/483/2
f 1110/484/2 1111/475/2 1103/480/2
f 1085/485/2 1086/477/2 1079/483/2
f 1363/486/2 1364/481/2 1376/474/2
f 1110/484/2 1103/480/2 1104/487/2
f 1260/488/2 1261/482/2 1356/479/2
f 1363/486/2 1376/474/2 1377/489/2
f 1362/490/2 1363/486/2 1377/489/2
f 1085/485/2 1079/483/2 1080/491/2
f 1259/492/2 1260/488/2 1356/479/2
f 1109/493/2 1110/484/2 1104/487/2
f 1084/494/2 1085/485/2 1080/491/2
f 1258/495/2 1259/492/2 1356/479/2
f 1258/495/2 1356/479/2 1357/496/2
f 1109/493/2 1104/487/2 1105/497/2
f 1361/498/2 1362/490/2 1377/489/2
f 1084/494/2 1080/491/2 1081/499/2
f 1108/500/2 1109/493/2 1105/497/2
f 1083/501/2 1084/494/2 1081/499/2
f 1257/502/2 1258/495/2 1357/496/2
f 1361/498/2 1377/489/2 1378/503/2
f 1360/504/2 1361/498/2 1378/503/2
f 1108/500/2 1105/497/2 1106/505/2
f 1083/501/2 1081/499/2 1082/506/2
f 1107/507/2 1108/500/2 1106/505/2
f 1256/508/2 1257/502/2 1357/496/2
f 1359/509/2 1360/504/2 1378/503/2
f 1256/508/2 1357/496/2 1358/510/2
f 1255/511/2 1256/508/2 1358/510/2
f 1358/510/2 1359/509/2 1378/503/2
f 1358/510/2 1378/503/2 1379/512/2
f 1254/513/2 1255/511/2 1358/510/2
f 1253/514/2 1254/513/2 1358/510/2
f 1252/515/2 1253/514/2 1358/510/2
f 1358/510/2 1379/512/2 1380/516/2
f 1252/515/2 1358/510/2 1380/516/2
f 1251/517/2 1252/515/2 1380/516/2
f 1231/364/2 1243/391/2 1240/392/2
f 1231/364/2 1240/392/2 1247/393/2
f 1231/364/2 1247/393/2 1244/394/2
f 1231/364/2 1244/394/2 1154/371/2
f 1250/518/2 1251/517/2 1380/516/2
f 1249/519/2 1250/518/2 1380/516/2
f 1248/520/2 1249/519/2 1380/516/2
f 1410/521/2 1248/520/2 1380/516/2
f 1410/521/2 1380/516/2 1381/522/2
f 1409/523/2 1410/521/2 1381/522/2
f 1408/524/2 1409/523/2 1381/522/2
f 1407/525/2 1408/524/2 1381/522/2
f 1407/525/2 1381/522/2 1386/526/2
f 1386/526/2 1381/522/2 1382/527/2
f 1406/528/2 1407/525/2 1386/526/2
f 1406/528/2 1386/526/2 1387/529/2
f 1385/530/2 1386/526/2 1382/527/2
f 1405/531/2 1406/528/2 1387/529/2
f 1405/531/2 1387/529/2 1388/532/2
f 1404/533/2 1405/531/2 1388/532/2
f 1385/530/2 1382/527/2 1383/534/2
f 1404/533/2 1388/532/2 1389/535/2
f 1403/536/2 1404/533/2 1389/535/2
f 1403/536/2 1389/535/2 1390/537/2
f 1402/538/2 1403/536/2 1390/537/2
f 1402/538/2 1390/537/2 1391/539/2
f 1401/540/2 1402/538/2 1391/539/2
f 1230/541/1 1231/364/1 1154/371/1
f 1229/542/2 1230/541/2 1155/543/2
f 1155/543/1 1230/541/1 1154/371/1
f 1229/542/2 1155/543/2 1156/544/2
f 1401/540/2 1391/539/2 1392/545/2
f 1385/530/2 1383/534/2 1384/546/2
f 1401/540/2 1392/545/2 1393/547/2
f 1400/548/2 1401/540/2 1393/547/2
f 1400/548/2 1393/547/2 1394/549/2
f 1400/548/2 1394/549/2 1395/550/2
f 1399/551/2 1400/548/2 1395/550/2
f 1399/551/2 1395/550/2 1396/552/2
f 1399/551/2 1396/552/2 1397/553/2
f 1398/554/2 1399/551/2 1397/553/2
f 1229/542/2 1156/544/2 1191/555/2
f 1191/555/2 1156/544/2 1157/556/2
f 1228/557/2 1229/542/2 1191/555/2
f 1228/557/2 1191/555/2 1194/558/2
f 1194/558/2 1191/555/2 1192/559/2
f 1190/560/2 1191/555/2 1157/556/2
f 1146/561/2 1147/563/2 1122/562/2
f 1190/560/2 1157/556/2 1158/564/2
f 1227/565/2 1228/557/2 1194/558/2
f 1145/566/2 1146/561/2 1122/562/2
f 1145/566/2 1122/562/2 1123/567/2
f 1227/565/2 1194/558/2 1195/568/2
f 1193/569/2 1194/558/2 1192/559/2
f 1189/570/2 1190/560/2 1158/564/2
f 1189/570/2 1158/564/2 1159/571/2
f 1144/572/2 1145/566/2 1123/567/2
f 1144/572/2 1123/567/2 1124/573/2
f 1226/574/2 1227/565/2 1195/568/2
f 1226/574/2 1195/568/2 1196/575/2
f 1188/576/2 1189/570/2 1159/571/2
f 1143/577/2 1144/572/2 1124/573/2
f 1143/577/2 1124/573/2 1125/578/2
f 1188/576/2 1159/571/2 1160/579/2
f 1225/580/2 1226/574/2 1196/575/2
f 1142/581/2 1143/577/2 1125/578/2
f 1142/581/2 1125/578/2 1126/582/2
f 1225/580/2 1196/575/2 1197/583/2
f 1187/584/2 1188/576/2 1160/579/2
f 1187/584/2 1160/579/2 1161/585/2
f 1224/586/2 1225/580/2 1197/583/2
f 1141/587/2 1142/581/2 1126/582/2
f 1141/587/2 1126/582/2 1127/588/2
f 1224/586/2 1197/583/2 1198/589/2
f 1186/590/2 1187/584/2 1161/585/2
f 1186/590/2 1161/585/2 1162/591/2
f 1140/592/2 1141/587/2 1127/588/2
f 1223/593/2 1224/586/2 1198/589/2
f 1140/592/2 1127/588/2 1128/594/2
f 1223/593/2 1198/589/2 1199/595/2
f 1186/590/2 1162/591/2 1163/596/2
f 1185/597/2 1186/590/2 1163/596/2
f 1139/598/2 1140/592/2 1128/594/2
f 1139/598/2 1128/594/2 1129/599/2
f 1222/600/2 1223/593/2 1199/595/2
f 1185/597/2 1163/596/2 1164/601/2
f 1222/600/2 1199/595/2 1200/602/2
f 1138/603/2 1139/598/2 1129/599/2
f 1138/603/2 1129/599/2 1130/604/2
f 1184/605/2 1185/597/2 1164/601/2
f 1221/606/2 1222/600/2 1200/602/2
f 1184/605/2 1164/601/2 1165/607/2
f 1137/608/2 1138/603/2 1130/604/2
f 1137/608/2 1130/604/2 1131/609/2
f 1221/606/2 1200/602/2 1201/610/2
f 1220/611/2 1221/606/2 1201/610/2
f 1183/612/2 1184/605/2 1165/607/2
f 1183/612/2 1165/607/2 1166/613/2
f 1137/608/2 1131/609/2 1132/614/2
f 1136/615/2 1137/608/2 1132/614/2
f 1219/616/2 1220/611/2 1201/610/2
f 1219/616/2 1201/610/2 1202/617/2
f 1182/618/2 1183/612/2 1166/613/2
f 1182/618/2 1166/613/2 1167/619/2
f 1136/615/2 1132/614/2 1133/620/2
f 1135/621/2 1136/615/2 1133/620/2
f 1218/622/2 1219/616/2 1202/617/2
f 1218/622/2 1202/617/2 1203/623/2
f 1182/618/2 1167/619/2 1168/624/2
f 1135/621/2 1133/620/2 1134/625/2
f 1182/618/2 1168/624/2 1169/626/2
f 1217/627/2 1218/622/2 1203/623/2
f 1181/628/2 1182/618/2 1169/626/2
f 1181/628/2 1169/626/2 1170/629/2
f 1216/630/2 1217/627/2 1203/623/2
f 1181/628/2 1170/629/2 1171/631/2
f 1215/632/2 1216/630/2 1203/623/2
f 1181/628/2 1171/631/2 1172/633/2
f 1215/632/2 1203/623/2 1204/634/2
f 1214/635/2 1215/632/2 1204/634/2
f 1181/628/2 1172/633/2 1173/636/2
f 1213/637/2 1214/635/2 1204/634/2
f 1180/638/2 1181/628/2 1173/636/2
f 1180/638/2 1173/636/2 1174/639/2
f 1212/640/2 1213/637/2 1204/634/2
f 1180/638/2 1174/639/2 1175/641/2
f 1211/642/2 1212/640/2 1204/634/2
f 1211/642/2 1204/634/2 1205/643/2
f 1180/638/2 1175/641/2 1176/644/2
f 1210/645/2 1211/642/2 1205/643/2
f 1179/646/2 1180/638/2 1178/647/2
f 1178/647/2 1180/638/2 1177/648/2
f 1177/648/2 1180/638/2 1176/644/2
f 1209/649/2 1210/645/2 1205/643/2
f 1208/650/2 1209/649/2 1205/643/2
f 1208/650/2 1205/643/2 1207/651/2
f 1207/651/2 1205/643/2 1206/652/2
f 1435/653/2 1436/3/2 1411/654/2
f 1434/655/2 1435/653/2 1411/654/2
f 1434/655/2 1411/654/2 1412/656/2
f 1433/657/2 1434/655/2 1412/656/2
f 1433/657/2 1412/656/2 1413/658/2
f 1432/659/2 1433/657/2 1413/658/2
f 1432/659/2 1413/658/2 1414/660/2
f 1431/661/2 1432/659/2 1414/660/2
f 1431/661/2 1414/660/2 1415/662/2
f 1430/663/2 1431/661/2 1415/662/2
f 1430/663/2 1415/662/2 1416/664/2
f 1429/665/2 1430/663/2 1416/664/2
f 1429/665/2 1416/664/2 1417/666/2
f 1428/667/2 1429/665/2 1417/666/2
f 1428/667/2 1417/666/2 1418/668/2
f 1427/669/2 1428/667/2 1418/668/2
f 1427/669/2 1418/668/2 1419/670/2
f 1426/671/2 1427/669/2 1419/670/2
f 1426/671/2 1419/670/2 1420/672/2
f 1425/673/2 1426/671/2 1420/672/2
f 1425/673/2 1420/672/2 1421/674/2
f 1424/675/2 1425/673/2 1421/674/2
f 1424/675/2 1421/674/2 1422/676/2
f 1423/677/2 1424/675/2 1422/676/2
f 1067/678/2 1068/680/2 1069/679/2
f 1067/678/2 1069/679/2 1033/2/2
f 1066/681/2 1067/678/2 1033/2/2
f 1066/681/2 1033/2/2 1034/682/2
f 1065/683/2 1066/681/2 1034/682/2
f 1065/683/2 1034/682/2 1035/684/2
f 1064/685/2 1065/683/2 1035/684/2
f 1064/685/2 1035/684/2 1036/686/2
f 1063/687/2 1064/685/2 1036/686/2
f 1063/687/2 1036/686/2 1037/688/2
f 1062/689/2 1063/687/2 1037/688/2
f 1062/689/2 1037/688/2 1038/690/2
f 1061/691/2 1062/689/2 1038/690/2
f 1061/691/2 1038/690/2 1039/692/2
f 1060/693/2 1061/691/2 1039/692/2
f 1060/693/2 1039/692/2 1040/694/2
f 1059/695/2 1060/693/2 1040/694/2
f 1058/696/2 1059/695/2 1040/694/2
f 1058/696/2 1040/694/2 1041/697/2
f 1057/698/2 1058/696/2 1041/697/2
f 1057/698/2 1041/697/2 1042/699/2
f 1056/700/2 1057/698/2 1042/699/2
f 1056/700/2 1042/699/2 1043/701/2
f 1055/702/2 1056/700/2 1043/701/2
f 1054/703/2 1055/702/2 1043/701/2
f 1053/704/2 1054/703/2 1043/701/2
f 1052/705/2 1053/704/2 1043/701/2
f 1052/705/2 1043/701/2 1051/706/2
f 1051/706/2 1043/701/2 1050/707/2
f 1050/707/2 1043/701/2 1049/708/2
f 1049/708/2 1043/701/2 1048/709/2
f 1048/709/2 1043/701/2 1047/710/2
f 1047/710/2 1043/701/2 1046/711/2
f 1046/711/2 1043/701/2 1045/712/2
f 1045/712/2 1043/701/2 1044/713/2
s 1
f 1438/714/3 1440/715/4 1439/716/4 1437/2/3
f 1440/715/4 1442/717/5 1441/685/5 1439/716/4
f 1442/717/5 1444/718/6 1443/719/6 1441/685/5
f 1444/718/6 1446/720/7 1445/407/7 1443/719/6
f 1446/720/7 1448/721/8 1447/722/8 1445/407/7
f 1448/721/8 1450/723/9 1449/582/9 1447/722/8
f 1450/723/9 1452/724/10 1451/725/10 1449/582/9
f 1452/724/10 1454/726/11 1453/556/11 1451/725/10
f 1454/726/11 1456/727/12 1455/728/12 1453/556/11
f 1456/727/12 1458/729/13 1457/576/13 1455/728/12
f 1458/729/13 1460/730/14 1459/731/14 1457/576/13
f 1460/730/14 1462/732/15 1461/616/15 1459/731/14
f 1462/732/15 1464/733/16 1463/125/16 1461/616/15
f 1464/733/16 1466/734/17 1465/518/17 1463/125/16
f 1466/734/17 1468/735/18 1467/736/18 1465/518/17
f 1468/735/18 1470/737/19 1469/432/19 1467/736/18
f 1470/737/19 1472/738/20 1471/739/20 1469/432/19
f 1472/738/20 1474/740/21 1473/337/21 1471/739/20
f 1474/740/21 1476/741/22 1475/742/22 1473/337/21
f 1476/741/22 1478/743/23 1477/338/23 1475/742/22
f 1478/743/23 1480/744/24 1479/745/24 1477/338/23
f 1480/744/24 1482/746/25 1481/451/25 1479/745/24
f 1482/746/25 1484/747/26 1483/748/26 1481/451/25
f 1484/747/26 1486/749/27 1485/531/27 1483/748/26
f 1486/749/27 1488/750/28 1487/751/28 1485/531/27
f 1488/750/28 1438/752/3 1437/3/3 1487/751/28
f 1490/714/29 1492/715/30 1491/716/30 1489/2/29
f 1492/715/30 1494/717/31 1493/685/31 1491/716/30
f 1494/717/31 1496/718/32 1495/719/32 1493/685/31
f 1496/718/32 1498/720/33 1497/407/33 1495/719/32
f 1498/720/33 1500/721/34 1499/722/34 1497/407/33
f 1500/721/34 1502/723/35 1501/582/35 1499/722/34
f 1502/723/35 1504/724/36 1503/725/36 1501/582/35
f 1504/724/36 1506/726/37 1505/556/37 1503/725/36
f 1506/726/37 1508/727/38 1507/728/38 1505/556/37
f 1508/727/38 1510/729/39 1509/576/39 1507/728/38
f 1510/729/39 1512/730/40 1511/731/40 1509/576/39
f 1512/730/40 1514/732/41 1513/616/41 1511/731/40
f 1514/732/41 1516/733/42 1515/125/42 1513/616/41
f 1516/733/42 1518/734/43 1517/518/43 1515/125/42
f 1518/734/43 1520/735/44 1519/736/44 1517/518/43
f 1520/735/44 1522/737/45 1521/432/45 1519/736/44
f 1522/737/45 1524/738/46 1523/739/46 1521/432/45
f 1524/738/46 1526/740/47 1525/337/47 1523/739/46
f 1526/740/47 1528/741/48 1527/742/48 1525/337/47
f 1528/741/48 1530/743/49 1529/338/49 1527/742/48
f 1530/743/49 1532/744/50 1531/745/50 1529/338/49
f 1532/744/50 1534/746/51 1533/451/51 1531/745/50
f 1534/746/51 1536/747/52 1535/748/52 1533/451/51
f 1536/747/52 1538/749/53 1537/531/53 1535/748/52
f 1538/749/53 1540/750/54 1539/751/54 1537/531/53
f 1540/750/54 1490/752/29 1489/3/29 1539/751/54
f 1542/714/55 1544/715/56 1543/716/56 1541/2/55
f 1544/715/56 1546/717/57 1545/685/57 1543/716/56
f 1546/717/57 1548/718/58 1547/719/58 1545/685/57
f 1548/718/58 1550/720/59 1549/407/59 1547/719/58
f 1550/720/59 1552/721/60 1551/722/60 1549/407/59
f 1552/721/60 1554/723/61 1553/582/61 1551/722/60
f 1554/723/61 1556/724/62 1555/725/62 1553/582/61
f 1556/724/62 1558/726/63 1557/556/63 1555/725/62
f 1558/726/63 1560/727/64 1559/728/64 1557/556/63
f 1560/727/64 1562/729/65 1561/576/65 1559/728/64
f 1562/729/65 1564/730/66 1563/731/66 1561/576/65
f 1564/730/66 1566/732/67 1565/616/67 1563/731/66
f 1566/732/67 1568/733/68 1567/125/68 1565/616/67
f 1568/733/68 1570/734/69 1569/518/69 1567/125/68
f 1570/734/69 1572/735/70 1571/736/70 1569/518/69
f 1572/735/70 1574/737/71 1573/432/71 1571/736/70
f 1574/737/71 1576/738/72 1575/739/72 1573/432/71
f 1576/738/72 1578/740/73 1577/337/73 1575/739/72
f 1578/740/73 1580/741/74 1579/742/74 1577/337/73
f 1580/741/74 1582/743/75 1581/338/75 1579/742/74
f 1582/743/75 1584/744/76 1583/745/76 1581/338/75
f 1584/744/76 1586/746/77 1585/451/77 1583/745/76
f 1586/746/77 1588/747/78 1587/748/78 1585/451/77
f 1588/747/78 1590/749/79 1589/531/79 1587/748/78
f 1590/749/79 1592/750/80 1591/751/80 1589/531/79
f 1592/750/80 1542/752/55 1541/3/55 1591/751/80
f 1594/714/81 1596/753/82 1595/754/82 1593/2/81
f 1596/753/82 1598/755/83 1597/756/83 1595/754/82
f 1598/755/83 1600/757/84 1599/758/84 1597/756/83
f 1600/757/84 1602/759/85 1601/760/85 1599/758/84
f 1602/759/85 1604/761/86 1603/762/86 1601/760/85
f 1604/761/86 1606/763/87 1605/764/87 1603/762/86
f 1606/763/87 1608/765/88 1607/766/88 1605/764/87
f 1608/765/88 1610/767/89 1609/768/89 1607/766/88
f 1610/767/89 1612/769/90 1611/770/90 1609/768/89
f 1612/769/90 1614/771/91 1613/772/91 1611/770/90
f 1614/771/91 1616/773/92 1615/774/92 1613/772/91
f 1616/773/92 1618/775/93 1617/776/93 1615/774/92
f 1618/775/93 1620/777/94 1619/778/94 1617/776/93
f 1620/777/94 1622/779/95 1621/780/95 1619/778/94
f 1622/779/95 1624/781/96 1623/782/96 1621/780/95
f 1624/781/96 1626/783/97 1625/784/97 1623/782/96
f 1626/783/97 1628/785/98 1627/786/98 1625/784/97
f 1628/785/98 1630/787/99 1629/788/99 1627/786/98
f 1630/787/99 1632/789/100 1631/790/100 1629/788/99
f 1632/789/100 1634/791/101 1633/792/101 1631/790/100
f 1634/791/101 1636/793/102 1635/794/102 1633/792/101
f 1636/793/102 1638/795/103 1637/796/103 1635/794/102
f 1638/795/103 1640/797/104 1639/798/104 1637/796/103
f 1640/797/104 1642/799/105 1641/800/105 1639/798/104
f 1642/799/105 1644/801/106 1643/802/106 1641/800/105
f 1644/801/106 1646/803/107 1645/804/107 1643/802/106
f 1646/803/107 1648/805/108 1647/806/108 1645/804/107
f 1648/805/108 1650/807/109 1649/808/109 1647/806/108
f 1650/807/109 1652/809/110 1651/810/110 1649/808/109
f 1652/809/110 1654/811/111 1653/812/111 1651/810/110
f 1654/811/111 1656/813/112 1655/814/112 1653/812/111
f 1656/813/112 1658/815/113 1657/816/113 1655/814/112
f 1658/815/113 1660/817/114 1659/818/114 1657/816/113
f 1660/817/114 1662/819/115 1661/820/115 1659/818/114
f 1662/819/115 1664/821/116 1663/822/116 1661/820/115
f 1664/821/116 1666/823/117 1665/824/117 1663/822/116
f 1666/823/117 1594/752/81 1593/3/81 1665/824/117
f 1668/714/118 1670/715/119 1669/716/119 1667/2/118
f 1670/715/119 1672/717/120 1671/685/120 1669/716/119
f 1672/717/120 1674/718/121 1673/719/121 1671/685/120
f 1674/718/121 1676/720/122 1675/407/122 1673/719/121
f 1676/720/122 1678/721/123 1677/722/123 1675/407/122
f 1678/721/123 1680/723/124 1679/582/124 1677/722/123
f 1680/723/124 1682/724/125 1681/725/125 1679/582/124
f 1682/724/125 1684/726/126 1683/556/126 1681/725/125
f 1684/726/126 1686/727/127 1685/728/127 1683/556/126
f 1686/727/127 1688/729/128 1687/576/128 1685/728/127
f 1688/729/128 1690/730/129 1689/731/129 1687/576/128
f 1690/730/129 1692/732/130 1691/616/130 1689/731/129
f 1692/732/130 1694/733/131 1693/125/131 1691/616/130
f 1694/733/131 1696/734/132 1695/518/132 1693/125/131
f 1696/734/132 1698/735/133 1697/736/133 1695/518/132
f 1698/735/133 1700/737/134 1699/432/134 1697/736/133
f 1700/737/134 1702/738/135 1701/739/135 1699/432/134
f 1702/738/135 1704/740/136 1703/337/136 1701/739/135
f 1704/740/136 1706/741/137 1705/742/137 1703/337/136
f 1706/741/137 1708/743/138 1707/338/138 1705/742/137
f 1708/743/138 1710/744/139 1709/745/139 1707/338/138
f 1710/744/139 1712/746/140 1711/451/140 1709/745/139
f 1712/746/140 1714/747/141 1713/748/141 1711/451/140
f 1714/747/141 1716/749/142 1715/531/142 1713/748/141
f 1716/749/142 1718/750/143 1717/751/143 1715/531/142
f 1718/750/143 1668/752/118 1667/3/118 1717/751/143
f 1720/714/144 1722/825/144 1721/826/144 1719/2/144
f 1722/825/144 1724/827/145 1723/828/145 1721/826/144
f 1724/827/145 1726/829/145 1725/830/145 1723/828/145
f 1726/829/145 1728/831/144 1727/832/144 1725/830/145
f 1728/831/144 1730/833/144 1729/834/144 1727/832/144
f 1730/833/144 1732/835/145 1731/836/145 1729/834/144
f 1732/835/145 1734/837/146 1733/838/146 1731/836/145
f 1734/837/146 1736/839/147 1735/840/147 1733/838/146
f 1736/839/147 1738/841/148 1737/842/148 1735/840/147
f 1738/841/148 1740/843/149 1739/844/149 1737/842/148
f 1740/843/149 1742/845/150 1741/846/150 1739/844/149
f 1742/845/150 1744/847/151 1743/848/151 1741/846/150
f 1744/847/151 1746/849/152 1745/850/152 1743/848/151
f 1746/849/152 1748/851/153 1747/852/153 1745/850/152
f 1748/851/153 1750/853/154 1749/854/154 1747/852/153
f 1750/853/154 1752/855/155 1751/856/155 1749/854/154
f 1752/855/155 1754/857/156 1753/858/156 1751/856/155
f 1754/857/156 1756/859/157 1755/860/157 1753/858/156
f 1756/859/157 1758/861/158 1757/862/158 1755/860/157
f 1758/861/158 1760/863/159 1759/864/159 1757/862/158
f 1760/863/159 1762/865/160 1761/866/160 1759/864/159
f 1762/865/160 1764/867/161 1763/868/161 1761/866/160
f 1764/867/161 1766/869/162 1765/870/162 1763/868/161
f 1766/869/162 1768/871/163 1767/872/163 1765/870/162
f 1768/871/163 1770/873/164 1769/874/164 1767/872/163
f 1770/873/164 1772/875/165 1771/876/165 1769/874/164
f 1772/875/165 1774/877/166 1773/878/166 1771/876/165
f 1774/877/166 1776/879/167 1775/880/167 1773/878/166
f 1776/879/167 1778/881/168 1777/882/168 1775/880/167
f 1778/881/168 1780/883/169 1779/884/169 1777/882/168
f 1780/883/169 1782/885/170 1781/886/170 1779/884/169
f 1782/885/170 1784/887/171 1783/888/171 1781/886/170
f 1784/887/171 1786/889/172 1785/890/172 1783/888/171
f 1786/889/172 1788/891/173 1787/892/173 1785/890/172
f 1788/891/173 1790/893/174 1789/894/174 1787/892/173
f 1790/893/174 1792/895/175 1791/896/175 1789/894/174
f 1792/895/175 1794/897/176 1793/898/176 1791/896/175
f 1794/897/176 1796/899/177 1795/900/177 1793/898/176
f 1796/899/177 1798/901/178 1797/902/178 1795/900/177
f 1798/901/178 1800/903/179 1799/904/179 1797/902/178
f 1800/903/179 1802/905/180 1801/906/180 1799/904/179
f 1802/905/180 1804/907/181 1803/908/181 1801/906/180
f 1804/907/181 1806/909/182 1805/910/182 1803/908/181
f 1806/909/182 1808/911/145 1807/912/145 1805/910/182
f 1808/911/145 1810/913/183 1809/914/183 1807/912/145
f 1810/913/183 1812/733/184 1811/125/184 1809/914/183
f 1812/733/184 1814/915/185 1813/916/185 1811/125/184
f 1814/915/185 1816/917/186 1815/918/186 1813/916/185
f 1816/917/186 1818/919/187 1817/920/187 1815/918/186
f 1818/919/187 1820/921/188 1819/922/188 1817/920/187
f 1820/921/188 1822/923/189 1821/924/189 1819/922/188
f 1822/923/189 1824/925/190 1823/926/190 1821/924/189
f 1824/925/190 1826/927/191 1825/928/191 1823/926/190
f 1826/927/191 1828/929/192 1827/930/192 1825/928/191
f 1828/929/192 1830/931/193 1829/932/193 1827/930/192
f 1830/931/193 1832/933/194 1831/934/194 1829/932/193
f 1832/933/194 1834/935/195 1833/936/195 1831/934/194
f 1834/935/195 1836/937/196 1835/938/196 1833/936/195
f 1836/937/196 1838/939/197 1837/940/197 1835/938/196
f 1838/939/197 1840/941/198 1839/942/198 1837/940/197
f 1840/941/198 1842/943/199 1841/944/199 1839/942/198
f 1842/943/199 1844/945/200 1843/946/200 1841/944/199
f 1844/945/200 1846/947/201 1845/948/201 1843/946/200
f 1846/947/201 1848/949/202 1847/950/202 1845/948/201
f 1848/949/202 1850/951/203 1849/952/203 1847/950/202
f 1850/951/203 1852/953/204 1851/954/204 1849/952/203
f 1852/953/204 1854/955/205 1853/956/205 1851/954/204
f 1854/955/205 1856/957/206 1855/958/206 1853/956/205
f 1856/957/206 1858/959/207 1857/960/207 1855/958/206
f 1858/959/207 1860/961/208 1859/962/208 1857/960/207
f 1860/961/208 1862/963/209 1861/964/209 1859/962/208
f 1862/963/209 1864/965/210 1863/966/210 1861/964/209
f 1864/965/210 1866/967/211 1865/968/211 1863/966/210
f 1866/967/211 1868/969/212 1867/970/212 1865/968/211
f 1868/969/212 1870/971/213 1869/972/213 1867/970/212
f 1870/971/213 1872/973/214 1871/974/214 1869/972/213
f 1872/973/214 1874/975/215 1873/976/215 1871/974/214
f 1874/975/215 1876/977/216 1875/978/216 1873/976/215
f 1876/977/216 1878/979/217 1877/980/217 1875/978/216
f 1878/979/217 1880/981/218 1879/982/218 1877/980/217
f 1880/981/218 1882/983/219 1881/984/219 1879/982/218
f 1882/983/219 1884/985/220 1883/986/220 1881/984/219
f 1884/985/220 1886/987/183 1885/988/183 1883/986/220
f 1886/987/183 1888/989/221 1887/990/221 1885/988/183
f 1888/989/221 1890/991/221 1889/992/221 1887/990/221
f 1890/991/221 1892/993/183 1891/994/183 1889/992/221
f 1892/993/183 1894/995/183 1893/996/183 1891/994/183
f 1894/995/183 1896/997/221 1895/998/221 1893/996/183
f 1896/997/221 1898/999/221 1897/1000/221 1895/998/221
f 1898/999/221 1900/1001/221 1899/1002/221 1897/1000/221
f 1900/1001/221 1902/1003/144 1901/1004/144 1899/1002/221
f 1902/1003/144 1720/752/144 1719/3/144 1901/1004/144
f 1904/714/221 1906/869/183 1905/870/183 1903/2/221
f 1906/869/183 1908/733/145 1907/125/145 1905/870/183
f 1908/733/145 1910/959/144 1909/960/144 1907/125/145
f 1910/959/144 1904/752/221 1903/3/221 1909/960/144
f 1912/714/221 1914/869/183 1913/870/183 1911/2/221
f 1914/869/183 1916/733/145 1915/125/145 1913/870/183
f 1916/733/145 1918/959/144 1917/960/144 1915/125/145
f 1918/959/144 1912/752/221 1911/3/221 1917/960/144
f 1920/714/222 1922/1005/223 1921/1006/223 1919/2/222
f 1922/1005/223 1924/1007/224 1923/1008/224 1921/1006/223
f 1924/1007/224 1926/1009/225 1925/1010/225 1923/1008/224
f 1926/1009/225 1928/1011/226 1927/1012/226 1925/1010/225
f 1928/1011/226 1930/1013/227 1929/1014/227 1927/1012/226
f 1930/1013/227 1932/1015/228 1931/1016/228 1929/1014/227
f 1932/1015/228 1934/1017/229 1933/1018/229 1931/1016/228
f 1934/1017/229 1936/1019/230 1935/1020/230 1933/1018/229
f 1936/1019/230 1938/1021/231 1937/1022/231 1935/1020/230
f 1938/1021/231 1940/1023/232 1939/1024/232 1937/1022/231
f 1940/1023/232 1942/1025/233 1941/1026/233 1939/1024/232
f 1942/1025/233 1944/1027/234 1943/1028/234 1941/1026/233
f 1944/1027/234 1946/1029/235 1945/1030/235 1943/1028/234
f 1946/1029/235 1948/1031/236 1947/1032/236 1945/1030/235
f 1948/1031/236 1950/1033/237 1949/1034/237 1947/1032/236
f 1950/1033/237 1952/1035/238 1951/1036/238 1949/1034/237
f 1952/1035/238 1954/1037/239 1953/1038/239 1951/1036/238
f 1954/1037/239 1956/1039/240 1955/1040/240 1953/1038/239
f 1956/1039/240 1958/1041/241 1957/1042/241 1955/1040/240
f 1958/1041/241 1960/1043/242 1959/1044/242 1957/1042/241
f 1960/1043/242 1962/1045/243 1961/1046/243 1959/1044/242
f 1962/1045/243 1964/1047/244 1963/1048/244 1961/1046/243
f 1964/1047/244 1966/1049/245 1965/1050/245 1963/1048/244
f 1966/1049/245 1968/1051/246 1967/1052/246 1965/1050/245
f 1968/1051/246 1970/1053/247 1969/1054/247 1967/1052/246
f 1970/1053/247 1972/1055/248 1971/1056/248 1969/1054/247
f 1972/1055/248 1974/1057/249 1973/1058/249 1971/1056/248
f 1974/1057/249 1976/1059/250 1975/1060/250 1973/1058/249
f 1976/1059/250 1978/1061/251 1977/1062/251 1975/1060/250
f 1978/1061/251 1980/1063/252 1979/1064/252 1977/1062/251
f 1980/1063/252 1982/1065/253 1981/1066/253 1979/1064/252
f 1982/1065/253 1984/1067/254 1983/1068/254 1981/1066/253
f 1984/1067/254 1986/1069/255 1985/1070/255 1983/1068/254
f 1986/1069/255 1988/1071/256 1987/1072/256 1985/1070/255
f 1988/1071/256 1990/1073/257 1989/1074/257 1987/1072/256
f 1990/1073/257 1992/1075/258 1991/1076/258 1989/1074/257
f 1992/1075/258 1994/1077/259 1993/1078/259 1991/1076/258
f 1994/1077/259 1996/1079/260 1995/1080/260 1993/1078/259
f 1996/1079/260 1998/1081/261 1997/1082/261 1995/1080/260
f 1998/1081/261 2000/1083/262 1999/1084/262 1997/1082/261
f 2000/1083/262 2002/1085/263 2001/1086/263 1999/1084/262
f 2002/1085/263 2004/1087/264 2003/1088/264 2001/1086/263
f 2004/1087/264 2006/1089/265 2005/1090/265 2003/1088/264
f 2006/1089/265 2008/1091/266 2007/1092/266 2005/1090/265
f 2008/1091/266 2010/1093/267 2009/1094/267 2007/1092/266
f 2010/1093/267 2012/1095/268 2011/1096/268 2009/1094/267
f 2012/1095/268 2014/1097/269 2013/1098/269 2011/1096/268
f 2014/1097/269 2016/1099/270 2015/1100/270 2013/1098/269
f 2016/1099/270 2018/1101/271 2017/1102/271 2015/1100/270
f 2018/1101/271 2020/1103/272 2019/1104/272 2017/1102/271
f 2020/1103/272 2022/1105/273 2021/1106/273 2019/1104/272
f 2022/1105/273 2024/1107/274 2023/1108/274 2021/1106/273
f 2024/1107/274 2026/1109/275 2025/1110/275 2023/1108/274
f 2026/1109/275 2028/1111/276 2027/1112/276 2025/1110/275
f 2028/1111/276 2030/1113/277 2029/1114/277 2027/1112/276
f 2030/1113/277 2032/1115/278 2031/1116/278 2029/1114/277
f 2032/1115/278 2034/1117/279 2033/1118/279 2031/1116/278
f 2034/1117/279 2036/1119/280 2035/1120/280 2033/1118/279
f 2036/1119/280 2038/1121/281 2037/1122/281 2035/1120/280
f 2038/1121/281 2040/1123/282 2039/1124/282 2037/1122/281
f 2040/1123/282 2042/1125/283 2041/1126/283 2039/1124/282
f 2042/1125/283 2044/1127/284 2043/1128/284 2041/1126/283
f 2044/1127/284 2046/1129/285 2045/1130/285 2043/1128/284
f 2046/1129/285 2048/1131/286 2047/1132/286 2045/1130/285
f 2048/1131/286 2050/1133/287 2049/1134/287 2047/1132/286
f 2050/1133/287 2052/1135/288 2051/1136/288 2049/1134/287
f 2052/1135/288 2054/1137/289 2053/1138/289 2051/1136/288
f 2054/1137/289 2056/1139/290 2055/1140/290 2053/1138/289
f 2056/1139/290 2058/1141/291 2057/1142/291 2055/1140/290
f 2058/1141/291 2060/1143/292 2059/1144/292 2057/1142/291
f 2060/1143/292 2062/1145/293 2061/1146/293 2059/1144/292
f 2062/1145/293 2064/1147/294 2063/1148/294 2061/1146/293
f 2064/1147/294 2066/1149/295 2065/1150/295 2063/1148/294
f 2066/1149/295 2068/1151/296 2067/1152/296 2065/1150/295
f 2068/1151/296 2070/1153/297 2069/1154/297 2067/1152/296
f 2070/1153/297 2072/1155/298 2071/1156/298 2069/1154/297
f 2072/1155/298 2074/1157/299 2073/1158/299 2071/1156/298
f 2074/1157/299 2076/1159/300 2075/1160/300 2073/1158/299
f 2076/1159/300 2078/1161/301 2077/1162/301 2075/1160/300
f 2078/1161/301 2080/1163/302 2079/1164/302 2077/1162/301
f 2080/1163/302 2082/1165/303 2081/1166/303 2079/1164/302
f 2082/1165/303 2084/1167/304 2083/1168/304 2081/1166/303
f 2084/1167/304 2086/1169/305 2085/1170/305 2083/1168/304
f 2086/1169/305 2088/1171/306 2087/1172/306 2085/1170/305
f 2088/1171/306 2090/1173/307 2089/1174/307 2087/1172/306
f 2090/1173/307 2092/1175/308 2091/1176/308 2089/1174/307
f 2092/1175/308 2094/1177/309 2093/1178/309 2091/1176/308
f 2094/1177/309 2096/1179/310 2095/1180/310 2093/1178/309
f 2096/1179/310 2098/1181/311 2097/1182/311 2095/1180/310
f 2098/1181/311 2100/1183/312 2099/1184/312 2097/1182/311
f 2100/1183/312 2102/1185/313 2101/1186/313 2099/1184/312
f 2102/1185/313 2104/1187/314 2103/1188/314 2101/1186/313
f 2104/1187/314 2106/1189/315 2105/1190/315 2103/1188/314
f 2106/1189/315 2108/1191/316 2107/1192/316 2105/1190/315
f 2108/1191/316 2110/1193/317 2109/1194/317 2107/1192/316
f 2110/1193/317 2112/1195/318 2111/1196/318 2109/1194/317
f 2112/1195/318 2114/1197/319 2113/1198/319 2111/1196/318
f 2114/1197/319 2116/1199/320 2115/1200/320 2113/1198/319
f 2116/1199/320 2118/1201/321 2117/1202/321 2115/1200/320
f 2118/1201/321 2120/1203/322 2119/1204/322 2117/1202/321
f 2120/1203/322 2122/1205/323 2121/1206/323 2119/1204/322
f 2122/1205/323 2124/1207/324 2123/1208/324 2121/1206/323
f 2124/1207/324 2126/1209/325 2125/1210/325 2123/1208/324
f 2126/1209/325 2128/1211/326 2127/1212/326 2125/1210/325
f 2128/1211/326 2130/1213/327 2129/1214/327 2127/1212/326
f 2130/1213/327 2132/1215/328 2131/1216/328 2129/1214/327
f 2132/1215/328 2134/1217/329 2133/1218/329 2131/1216/328
f 2134/1217/329 2136/1219/330 2135/1220/330 2133/1218/329
f 2136/1219/330 2138/1221/331 2137/1222/331 2135/1220/330
f 2138/1221/331 2140/1223/332 2139/1224/332 2137/1222/331
f 2140/1223/332 2142/1225/333 2141/1226/333 2139/1224/332
f 2142/1225/333 2144/1227/334 2143/1228/334 2141/1226/333
f 2144/1227/334 2146/1229/335 2145/1230/335 2143/1228/334
f 2146/1229/335 2148/1231/336 2147/1232/336 2145/1230/335
f 2148/1231/336 2150/1233/337 2149/1234/337 2147/1232/336
f 2150/1233/337 2152/1235/338 2151/1236/338 2149/1234/337
f 2152/1235/338 2154/1237/339 2153/1238/339 2151/1236/338
f 2154/1237/339 2156/1239/340 2155/1240/340 2153/1238/339
f 2156/1239/340 2158/1241/341 2157/1242/341 2155/1240/340
f 2158/1241/341 2160/1243/342 2159/1244/342 2157/1242/341
f 2160/1243/342 2162/1245/343 2161/1246/343 2159/1244/342
f 2162/1245/343 2164/1247/344 2163/1248/344 2161/1246/343
f 2164/1247/344 2166/1249/345 2165/1250/345 2163/1248/344
f 2166/1249/345 2168/1251/346 2167/1252/346 2165/1250/345
f 2168/1251/346 2170/1253/347 2169/1254/347 2167/1252/346
f 2170/1253/347 2172/1255/348 2171/1256/348 2169/1254/347
f 2172/1255/348 2174/1257/349 2173/1258/349 2171/1256/348
f 2174/1257/349 2176/1259/350 2175/1260/350 2173/1258/349
f 2176/1259/350 2178/1261/351 2177/1262/351 2175/1260/350
f 2178/1261/351 2180/1263/352 2179/1264/352 2177/1262/351
f 2180/1263/352 2182/1265/353 2181/1266/353 2179/1264/352
f 2182/1265/353 2184/1267/354 2183/1268/354 2181/1266/353
f 2184/1267/354 2186/1269/355 2185/1270/355 2183/1268/354
f 2186/1269/355 2188/1271/356 2187/1272/356 2185/1270/355
f 2188/1271/356 2190/1273/357 2189/1274/357 2187/1272/356
f 2190/1273/357 2192/1275/358 2191/1276/358 2189/1274/357
f 2192/1275/358 2194/1277/359 2193/1278/359 2191/1276/358
f 2194/1277/359 2196/1279/360 2195/1280/360 2193/1278/359
f 2196/1279/360 2198/1281/361 2197/1282/361 2195/1280/360
f 2198/1281/361 2200/1283/362 2199/1284/362 2197/1282/361
f 2200/1283/362 2202/1285/363 2201/1286/363 2199/1284/362
f 2202/1285/363 2204/1287/364 2203/1288/364 2201/1286/363
f 2204/1287/364 2206/1289/365 2205/1290/365 2203/1288/364
f 2206/1289/365 2208/1291/366 2207/1292/366 2205/1290/365
f 2208/1291/366 2210/1293/367 2209/1294/367 2207/1292/366
f 2210/1293/367 2212/1295/368 2211/1296/368 2209/1294/367
f 2212/1295/368 2214/1297/369 2213/1298/369 2211/1296/368
f 2214/1297/369 2216/1299/370 2215/1300/370 2213/1298/369
f 2216/1299/370 2218/1301/371 2217/1302/371 2215/1300/370
f 2218/1301/371 2220/1303/372 2219/1304/372 2217/1302/371
f 2220/1303/372 2222/1305/373 2221/1306/373 2219/1304/372
f 2222/1305/373 2224/1307/374 2223/1308/374 2221/1306/373
f 2224/1307/374 2226/1309/375 2225/1310/375 2223/1308/374
f 2226/1309/375 2228/1311/376 2227/1312/376 2225/1310/375
f 2228/1311/376 2230/1313/377 2229/1314/377 2227/1312/376
f 2230/1313/377 2232/1315/378 2231/1316/378 2229/1314/377
f 2232/1315/378 2234/1317/379 2233/1318/379 2231/1316/378
f 2234/1317/379 2236/1319/380 2235/1320/380 2233/1318/379
f 2236/1319/380 2238/1321/381 2237/1322/381 2235/1320/380
f 2238/1321/381 2240/1323/382 2239/1324/382 2237/1322/381
f 2240/1323/382 2242/1325/383 2241/1326/383 2239/1324/382
f 2242/1325/383 2244/1327/384 2243/1328/384 2241/1326/383
f 2244/1327/384 1920/752/222 1919/3/222 2243/1328/384
f 2246/714/385 2248/715/386 2247/716/386 2245/2/385
f 2248/715/386 2250/717/387 2249/685/387 2247/716/386
f 2250/717/387 2252/718/388 2251/719/388 2249/685/387
f 2252/718/388 2254/720/389 2253/407/389 2251/719/388
f 2254/720/389 2256/721/390 2255/722/390 2253/407/389
f 2256/721/390 2258/723/391 2257/582/391 2255/722/390
f 2258/723/391 2260/724/392 2259/725/392 2257/582/391
f 2260/724/392 2262/726/393 2261/556/393 2259/725/392
f 2262/726/393 2264/727/394 2263/728/394 2261/556/393
f 2264/727/394 2266/729/395 2265/576/395 2263/728/394
f 2266/729/395 2268/730/396 2267/731/396 2265/576/395
f 2268/730/396 2270/732/397 2269/616/397 2267/731/396
f 2270/732/397 2272/733/398 2271/125/398 2269/616/397
f 2272/733/398 2274/734/399 2273/518/399 2271/125/398
f 2274/734/399 2276/735/400 2275/736/400 2273/518/399
f 2276/735/400 2278/737/401 2277/432/401 2275/736/400
f 2278/737/401 2280/738/402 2279/739/402 2277/432/401
f 2280/738/402 2282/740/403 2281/337/403 2279/739/402
f 2282/740/403 2284/741/404 2283/742/404 2281/337/403
f 2284/741/404 2286/743/405 2285/338/405 2283/742/404
f 2286/743/405 2288/744/406 2287/745/406 2285/338/405
f 2288/744/406 2290/746/407 2289/451/407 2287/745/406
f 2290/746/407 2292/747/408 2291/748/408 2289/451/407
f 2292/747/408 2294/749/409 2293/531/409 2291/748/408
f 2294/749/409 2296/750/410 2295/751/410 2293/531/409
f 2296/750/410 2246/752/385 2245/3/385 2295/751/410
f 2298/714/411 2300/715/412 2299/716/412 2297/2/411
f 2300/715/412 2302/717/413 2301/685/413 2299/716/412
f 2302/717/413 2304/718/414 2303/719/414 2301/685/413
f 2304/718/414 2306/720/415 2305/407/415 2303/719/414
f 2306/720/415 2308/721/416 2307/722/416 2305/407/415
f 2308/721/416 2310/723/417 2309/582/417 2307/722/416
f 2310/723/417 2312/724/418 2311/725/418 2309/582/417
f 2312/724/418 2314/726/419 2313/556/419 2311/725/418
f 2314/726/419 2316/727/420 2315/728/420 2313/556/419
f 2316/727/420 2318/729/421 2317/576/421 2315/728/420
f 2318/729/421 2320/730/422 2319/731/422 2317/576/421
f 2320/730/422 2322/732/423 2321/616/423 2319/731/422
f 2322/732/423 2324/733/424 2323/125/424 2321/616/423
f 2324/733/424 2326/734/425 2325/518/425 2323/125/424
f 2326/734/425 2328/735/426 2327/736/426 2325/518/425
f 2328/735/426 2330/737/427 2329/432/427 2327/736/426
f 2330/737/427 2332/738/428 2331/739/428 2329/432/427
f 2332/738/428 2334/740/429 2333/337/429 2331/739/428
f 2334/740/429 2336/741/430 2335/742/430 2333/337/429
f 2336/741/430 2338/743/431 2337/338/431 2335/742/430
f 2338/743/431 2340/744/432 2339/745/432 2337/338/431
f 2340/744/432 2342/746/433 2341/451/433 2339/745/432
f 2342/746/433 2344/747/434 2343/748/434 2341/451/433
f 2344/747/434 2346/749/435 2345/531/435 2343/748/434
f 2346/749/435 2348/750/436 2347/751/436 2345/531/435
f 2348/750/436 2298/752/411 2297/3/411 2347/751/436
f 2350/714/221 2352/869/183 2351/870/183 2349/2/221
f 2352/869/183 2354/733/145 2353/125/145 2351/870/183
f 2354/733/145 2356/959/144 2355/960/144 2353/125/145
f 2356/959/144 2350/752/221 2349/3/221 2355/960/144
f 2358/714/183 2360/869/145 2359/870/145 2357/2/183
f 2360/869/145 2362/733/144 2361/125/144 2359/870/145
f 2362/733/144 2364/959/221 2363/960/221 2361/125/144
f 2364/959/221 2358/752/183 2357/3/183 2363/960/221
f 2366/714/437 2368/1329/438 2367/1330/438 2365/2/437
f 2368/1329/438 2370/1331/439 2369/1332/439 2367/1330/438
f 2370/1331/439 2372/1333/440 2371/1334/440 2369/1332/439
f 2372/1333/440 2374/1335/441 2373/1336/441 2371/1334/440
f 2374/1335/441 2376/1337/442 2375/1338/442 2373/1336/441
f 2376/1337/442 2378/1339/443 2377/1340/443 2375/1338/442
f 2378/1339/443 2380/1341/444 2379/1342/444 2377/1340/443
f 2380/1341/444 2382/1343/445 2381/1344/445 2379/1342/444
f 2382/1343/445 2384/1345/446 2383/1346/446 2381/1344/445
f 2384/1345/446 2386/1347/447 2385/1348/447 2383/1346/446
f 2386/1347/447 2388/1349/448 2387/1350/448 2385/1348/447
f 2388/1349/448 2390/1351/449 2389/1352/449 2387/1350/448
f 2390/1351/449 2392/1353/450 2391/1354/450 2389/1352/449
f 2392/1353/450 2394/1355/144 2393/1356/144 2391/1354/450
f 2394/1355/144 2396/1357/145 2395/1358/145 2393/1356/144
f 2396/1357/145 2398/1359/183 2397/1360/183 2395/1358/145
f 2398/1359/183 2400/1361/183 2399/1362/183 2397/1360/183
f 2400/1361/183 2402/1363/145 2401/1364/145 2399/1362/183
f 2402/1363/145 2404/1365/145 2403/1366/145 2401/1364/145
f 2404/1365/145 2406/1367/183 2405/1368/183 2403/1366/145
f 2406/1367/183 2408/1369/221 2407/1370/221 2405/1368/183
f 2408/1369/221 2410/1371/451 2409/1372/451 2407/1370/221
f 2410/1371/451 2412/1373/318 2411/1374/318 2409/1372/451
f 2412/1373/318 2414/1375/452 2413/1376/452 2411/1374/318
f 2414/1375/452 2416/1377/453 2415/1378/453 2413/1376/452
f 2416/1377/453 2418/1379/454 2417/1380/454 2415/1378/453
f 2418/1379/454 2420/1381/455 2419/1382/455 2417/1380/454
f 2420/1381/455 2422/1383/43 2421/1384/43 2419/1382/455
f 2422/1383/43 2424/1385/456 2423/1386/456 2421/1384/43
f 2424/1385/456 2426/1387/457 2425/1388/457 2423/1386/456
f 2426/1387/457 2428/1389/458 2427/1390/458 2425/1388/457
f 2428/1389/458 2430/1391/459 2429/1392/459 2427/1390/458
f 2430/1391/459 2432/733/460 2431/125/460 2429/1392/459
f 2432/733/460 2434/1393/461 2433/1394/461 2431/125/460
f 2434/1393/461 2436/1395/183 2435/1396/183 2433/1394/461
f 2436/1395/183 2438/1397/462 2437/1398/462 2435/1396/183
f 2438/1397/462 2440/1399/463 2439/1400/463 2437/1398/462
f 2440/1399/463 2442/1401/464 2441/1402/464 2439/1400/463
f 2442/1401/464 2444/1403/465 2443/1404/465 2441/1402/464
f 2444/1403/465 2446/1405/466 2445/1406/466 2443/1404/465
f 2446/1405/466 2448/1407/467 2447/1408/467 2445/1406/466
f 2448/1407/467 2450/1409/468 2449/1410/468 2447/1408/467
f 2450/1409/468 2452/1411/469 2451/1412/469 2449/1410/468
f 2452/1411/469 2454/1413/470 2453/1414/470 2451/1412/469
f 2454/1413/470 2456/1415/471 2455/1416/471 2453/1414/470
f 2456/1415/471 2458/1417/472 2457/1418/472 2455/1416/471
f 2458/1417/472 2460/1419/473 2459/1420/473 2457/1418/472
f 2460/1419/473 2462/1421/474 2461/1422/474 2459/1420/473
f 2462/1421/474 2464/1423/475 2463/1424/475 2461/1422/474
f 2464/1423/475 2466/1425/476 2465/1426/476 2463/1424/475
f 2466/1425/476 2468/1427/477 2467/1428/477 2465/1426/476
f 2468/1427/477 2470/1429/478 2469/1430/478 2467/1428/477
f 2470/1429/478 2472/1431/479 2471/1432/479 2469/1430/478
f 2472/1431/479 2474/1433/480 2473/1434/480 2471/1432/479
f 2474/1433/480 2476/1435/481 2475/1436/481 2473/1434/480
f 2476/1435/481 2478/1437/482 2477/1438/482 2475/1436/481
f 2478/1437/482 2480/1439/483 2479/1440/483 2477/1438/482
f 2480/1439/483 2482/1441/484 2481/1442/484 2479/1440/483
f 2482/1441/484 2484/1443/485 2483/1444/485 2481/1442/484
f 2484/1443/485 2486/1445/486 2485/1446/486 2483/1444/485
f 2486/1445/486 2488/1447/487 2487/1448/487 2485/1446/486
f 2488/1447/487 2490/1449/183 2489/1450/183 2487/1448/487
f 2490/1449/183 2492/1451/183 2491/1452/183 2489/1450/183
f 2492/1451/183 2494/1453/221 2493/1454/221 2491/1452/183
f 2494/1453/221 2496/1455/144 2495/1456/144 2493/1454/221
f 2496/1455/144 2366/752/437 2365/3/437 2495/1456/144
f 2498/714/145 2500/1457/183 2499/1458/183 2497/2/145
f 2500/1457/183 2502/1459/488 2501/1460/488 2499/1458/183
f 2502/1459/488 2504/1461/489 2503/1462/489 2501/1460/488
f 2504/1461/489 2506/1463/490 2505/1464/490 2503/1462/489
f 2506/1463/490 2508/1465/491 2507/1466/491 2505/1464/490
f 2508/1465/491 2510/1467/492 2509/1468/492 2507/1466/491
f 2510/1467/492 2512/1371/493 2511/1372/493 2509/1468/492
f 2512/1371/493 2514/1469/494 2513/1470/494 2511/1372/493
f 2514/1469/494 2516/1471/495 2515/1472/495 2513/1470/494
f 2516/1471/495 2518/1473/496 2517/1474/496 2515/1472/495
f 2518/1473/496 2520/1475/485 2519/1476/485 2517/1474/496
f 2520/1475/485 2522/1477/497 2521/1478/497 2519/1476/485
f 2522/1477/497 2524/1479/498 2523/1480/498 2521/1478/497
f 2524/1479/498 2526/1413/499 2525/1414/499 2523/1480/498
f 2526/1413/499 2528/1481/500 2527/1482/500 2525/1414/499
f 2528/1481/500 2530/1483/501 2529/1484/501 2527/1482/500
f 2530/1483/501 2532/1485/183 2531/1486/183 2529/1484/501
f 2532/1485/183 2534/1487/183 2533/1488/183 2531/1486/183
f 2534/1487/183 2536/1489/221 2535/1490/221 2533/1488/183
f 2536/1489/221 2538/1491/144 2537/1492/144 2535/1490/221
f 2538/1491/144 2498/752/145 2497/3/145 2537/1492/144
f 2540/714/502 2542/1493/503 2541/1494/503 2539/2/502
f 2542/1493/503 2544/1495/504 2543/1496/504 2541/1494/503
f 2544/1495/504 2546/1497/505 2545/1498/505 2543/1496/504
f 2546/1497/505 2548/1499/506 2547/1500/506 2545/1498/505
f 2548/1499/506 2550/1501/507 2549/1502/507 2547/1500/506
f 2550/1501/507 2552/1503/508 2551/1504/508 2549/1502/507
f 2552/1503/508 2554/1505/509 2553/1506/509 2551/1504/508
f 2554/1505/509 2556/1507/510 2555/1508/510 2553/1506/509
f 2556/1507/510 2558/1509/511 2557/1510/511 2555/1508/510
f 2558/1509/511 2560/1511/512 2559/1512/512 2557/1510/511
f 2560/1511/512 2562/1513/513 2561/1514/513 2559/1512/512
f 2562/1513/513 2564/1515/514 2563/1516/514 2561/1514/513
f 2564/1515/514 2566/1517/515 2565/1518/515 2563/1516/514
f 2566/1517/515 2568/1519/516 2567/1520/516 2565/1518/515
f 2568/1519/516 2570/1521/517 2569/1522/517 2567/1520/516
f 2570/1521/517 2572/1523/518 2571/1524/518 2569/1522/517
f 2572/1523/518 2574/1525/519 2573/1526/519 2571/1524/518
f 2574/1525/519 2576/1527/520 2575/1528/520 2573/1526/519
f 2576/1527/520 2578/1529/521 2577/1530/521 2575/1528/520
f 2578/1529/521 2580/1531/522 2579/1532/522 2577/1530/521
f 2580/1531/522 2582/1533/523 2581/1534/523 2579/1532/522
f 2582/1533/523 2584/1535/524 2583/1536/524 2581/1534/523
f 2584/1535/524 2586/1537/525 2585/1538/525 2583/1536/524
f 2586/1537/525 2588/1539/526 2587/1540/526 2585/1538/525
f 2588/1539/526 2590/1541/527 2589/1542/527 2587/1540/526
f 2590/1541/527 2592/1543/528 2591/1544/528 2589/1542/527
f 2592/1543/528 2594/1545/529 2593/1546/529 2591/1544/528
f 2594/1545/529 2596/1547/530 2595/1548/530 2593/1546/529
f 2596/1547/530 2598/1549/531 2597/1550/531 2595/1548/530
f 2598/1549/531 2600/1551/532 2599/1552/532 2597/1550/531
f 2600/1551/532 2602/1553/533 2601/1554/533 2599/1552/532
f 2602/1553/533 2604/1555/534 2603/1556/534 2601/1554/533
f 2604/1555/534 2606/1557/535 2605/1558/535 2603/1556/534
f 2606/1557/535 2608/1559/536 2607/1560/536 2605/1558/535
f 2608/1559/536 2610/1561/537 2609/1562/537 2607/1560/536
f 2610/1561/537 2612/1563/538 2611/1564/538 2609/1562/537
f 2612/1563/538 2614/1565/539 2613/1566/539 2611/1564/538
f 2614/1565/539 2616/1567/540 2615/1568/540 2613/1566/539
f 2616/1567/540 2618/1569/541 2617/1570/541 2615/1568/540
f 2618/1569/541 2620/1571/542 2619/1572/542 2617/1570/541
f 2620/1571/542 2622/1573/543 2621/1574/543 2619/1572/542
f 2622/1573/543 2624/1575/544 2623/1576/544 2621/1574/543
f 2624/1575/544 2626/1577/545 2625/1578/545 2623/1576/544
f 2626/1577/545 2628/1579/546 2627/1580/546 2625/1578/545
f 2628/1579/546 2630/1581/547 2629/1582/547 2627/1580/546
f 2630/1581/547 2632/1583/548 2631/1584/548 2629/1582/547
f 2632/1583/548 2634/1585/549 2633/1586/549 2631/1584/548
f 2634/1585/549 2636/1587/550 2635/1588/550 2633/1586/549
f 2636/1587/550 2638/1589/551 2637/1590/551 2635/1588/550
f 2638/1589/551 2640/1591/552 2639/1592/552 2637/1590/551
f 2640/1591/552 2642/1593/553 2641/1594/553 2639/1592/552
f 2642/1593/553 2644/1595/554 2643/1596/554 2641/1594/553
f 2644/1595/554 2646/1597/555 2645/1598/555 2643/1596/554
f 2646/1597/555 2648/1599/556 2647/1600/556 2645/1598/555
f 2648/1599/556 2650/1601/557 2649/1602/557 2647/1600/556
f 2650/1601/557 2652/1603/558 2651/1604/558 2649/1602/557
f 2652/1603/558 2654/1605/559 2653/1606/559 2651/1604/558
f 2654/1605/559 2656/1607/560 2655/1608/560 2653/1606/559
f 2656/1607/560 2658/1609/561 2657/1610/561 2655/1608/560
f 2658/1609/561 2660/1611/562 2659/1612/562 2657/1610/561
f 2660/1611/562 2662/1613/563 2661/1614/563 2659/1612/562
f 2662/1613/563 2664/1615/564 2663/1616/564 2661/1614/563
f 2664/1615/564 2666/1617/565 2665/1618/565 2663/1616/564
f 2666/1617/565 2668/1619/566 2667/1620/566 2665/1618/565
f 2668/1619/566 2670/1621/567 2669/1622/567 2667/1620/566
f 2670/1621/567 2672/1623/568 2671/1624/568 2669/1622/567
f 2672/1623/568 2674/1625/569 2673/1626/569 2671/1624/568
f 2674/1625/569 2676/1627/570 2675/1628/570 2673/1626/569
f 2676/1627/570 2678/1629/571 2677/1630/571 2675/1628/570
f 2678/1629/571 2680/1631/572 2679/1632/572 2677/1630/571
f 2680/1631/572 2682/1633/573 2681/1634/573 2679/1632/572
f 2682/1633/573 2684/1635/574 2683/1636/574 2681/1634/573
f 2684/1635/574 2686/1637/575 2685/1638/575 2683/1636/574
f 2686/1637/575 2688/1639/576 2687/1640/576 2685/1638/575
f 2688/1639/576 2690/1641/577 2689/1642/577 2687/1640/576
f 2690/1641/577 2692/1643/578 2691/1644/578 2689/1642/577
f 2692/1643/578 2694/1645/579 2693/1646/579 2691/1644/578
f 2694/1645/579 2696/1647/580 2695/1648/580 2693/1646/579
f 2696/1647/580 2698/1649/581 2697/1650/581 2695/1648/580
f 2698/1649/581 2700/1651/582 2699/1652/582 2697/1650/581
f 2700/1651/582 2702/1653/583 2701/1654/583 2699/1652/582
f 2702/1653/583 2704/1655/584 2703/1656/584 2701/1654/583
f 2704/1655/584 2706/1657/585 2705/1658/585 2703/1656/584
f 2706/1657/585 2708/1659/586 2707/1660/586 2705/1658/585
f 2708/1659/586 2710/1661/587 2709/1662/587 2707/1660/586
f 2710/1661/587 2712/1663/588 2711/1664/588 2709/1662/587
f 2712/1663/588 2714/1665/589 2713/1666/589 2711/1664/588
f 2714/1665/589 2716/1667/590 2715/1668/590 2713/1666/589
f 2716/1667/590 2718/1669/183 2717/1670/183 2715/1668/590
f 2718/1669/183 2720/1671/221 2719/1672/221 2717/1670/183
f 2720/1671/221 2722/1673/591 2721/1674/591 2719/1672/221
f 2722/1673/591 2724/1675/592 2723/1676/592 2721/1674/591
f 2724/1675/592 2726/1677/593 2725/1678/593 2723/1676/592
f 2726/1677/593 2728/1679/594 2727/1680/594 2725/1678/593
f 2728/1679/594 2730/1681/595 2729/1682/595 2727/1680/594
f 2730/1681/595 2732/1683/596 2731/1684/596 2729/1682/595
f 2732/1683/596 2734/1685/597 2733/1686/597 2731/1684/596
f 2734/1685/597 2736/1687/598 2735/1688/598 2733/1686/597
f 2736/1687/598 2738/1689/599 2737/1690/599 2735/1688/598
f 2738/1689/599 2740/1691/600 2739/1692/600 2737/1690/599
f 2740/1691/600 2742/1693/601 2741/1694/601 2739/1692/600
f 2742/1693/601 2744/1695/602 2743/1696/602 2741/1694/601
f 2744/1695/602 2746/1697/603 2745/1698/603 2743/1696/602
f 2746/1697/603 2748/1699/604 2747/1700/604 2745/1698/603
f 2748/1699/604 2750/1701/605 2749/1702/605 2747/1700/604
f 2750/1701/605 2752/1703/606 2751/1704/606 2749/1702/605
f 2752/1703/606 2754/1705/607 2753/1706/607 2751/1704/606
f 2754/1705/607 2756/1707/608 2755/1708/608 2753/1706/607
f 2756/1707/608 2758/1709/609 2757/1710/609 2755/1708/608
f 2758/1709/609 2760/1711/610 2759/1712/610 2757/1710/609
f 2760/1711/610 2762/1713/611 2761/1714/611 2759/1712/610
f 2762/1713/611 2764/1715/612 2763/1716/612 2761/1714/611
f 2764/1715/612 2766/1717/613 2765/1718/613 2763/1716/612
f 2766/1717/613 2768/1719/603 2767/1720/603 2765/1718/613
f 2768/1719/603 2770/1721/614 2769/1722/614 2767/1720/603
f 2770/1721/614 2772/1723/615 2771/1724/615 2769/1722/614
f 2772/1723/615 2774/1725/616 2773/1726/616 2771/1724/615
f 2774/1725/616 2776/1727/617 2775/1728/617 2773/1726/616
f 2776/1727/617 2778/1729/618 2777/1730/618 2775/1728/617
f 2778/1729/618 2780/1731/619 2779/1732/619 2777/1730/618
f 2780/1731/619 2782/1733/620 2781/1734/620 2779/1732/619
f 2782/1733/620 2784/1735/621 2783/1736/621 2781/1734/620
f 2784/1735/621 2786/1737/622 2785/1738/622 2783/1736/621
f 2786/1737/622 2788/1739/623 2787/1740/623 2785/1738/622
f 2788/1739/623 2790/1741/624 2789/1742/624 2787/1740/623
f 2790/1741/624 2792/1743/625 2791/1744/625 2789/1742/624
f 2792/1743/625 2794/1745/626 2793/1746/626 2791/1744/625
f 2794/1745/626 2796/1747/627 2795/1748/627 2793/1746/626
f 2796/1747/627 2798/1749/628 2797/1750/628 2795/1748/627
f 2798/1749/628 2800/1751/629 2799/1752/629 2797/1750/628
f 2800/1751/629 2802/1753/630 2801/1754/630 2799/1752/629
f 2802/1753/630 2804/1755/631 2803/1756/631 2801/1754/630
f 2804/1755/631 2806/1757/632 2805/1758/632 2803/1756/631
f 2806/1757/632 2808/1759/633 2807/1760/633 2805/1758/632
f 2808/1759/633 2810/1761/634 2809/1762/634 2807/1760/633
f 2810/1761/634 2812/1763/635 2811/1764/635 2809/1762/634
f 2812/1763/635 2814/1765/636 2813/1766/636 2811/1764/635
f 2814/1765/636 2816/1767/637 2815/1768/637 2813/1766/636
f 2816/1767/637 2818/1769/638 2817/1770/638 2815/1768/637
f 2818/1769/638 2820/1771/639 2819/1772/639 2817/1770/638
f 2820/1771/639 2822/1773/640 2821/1774/640 2819/1772/639
f 2822/1773/640 2824/1775/641 2823/1776/641 2821/1774/640
f 2824/1775/641 2826/1777/642 2825/1778/642 2823/1776/641
f 2826/1777/642 2828/1779/643 2827/1780/643 2825/1778/642
f 2828/1779/643 2830/1781/644 2829/1782/644 2827/1780/643
f 2830/1781/644 2832/1783/645 2831/1784/645 2829/1782/644
f 2832/1783/645 2834/1785/646 2833/1786/646 2831/1784/645
f 2834/1785/646 2836/1787/647 2835/1788/647 2833/1786/646
f 2836/1787/647 2838/1789/648 2837/1790/648 2835/1788/647
f 2838/1789/648 2840/1791/649 2839/1792/649 2837/1790/648
f 2840/1791/649 2842/1793/650 2841/1794/650 2839/1792/649
f 2842/1793/650 2844/1795/651 2843/1796/651 2841/1794/650
f 2844/1795/651 2846/1797/652 2845/1798/652 2843/1796/651
f 2846/1797/652 2848/1799/653 2847/1800/653 2845/1798/652
f 2848/1799/653 2850/1801/654 2849/1802/654 2847/1800/653
f 2850/1801/654 2852/1803/171 2851/1804/171 2849/1802/654
f 2852/1803/171 2854/1805/655 2853/1806/655 2851/1804/171
f 2854/1805/655 2856/1807/656 2855/1808/656 2853/1806/655
f 2856/1807/656 2858/1809/657 2857/1810/657 2855/1808/656
f 2858/1809/657 2860/1811/658 2859/1812/658 2857/1810/657
f 2860/1811/658 2862/1813/659 2861/1814/659 2859/1812/658
f 2862/1813/659 2864/1815/660 2863/1816/660 2861/1814/659
f 2864/1815/660 2866/1817/661 2865/1818/661 2863/1816/660
f 2866/1817/661 2868/1819/662 2867/1820/662 2865/1818/661
f 2868/1819/662 2870/1821/663 2869/1822/663 2867/1820/662
f 2870/1821/663 2872/1823/664 2871/1824/664 2869/1822/663
f 2872/1823/664 2540/752/502 2539/3/502 2871/1824/664
