# Blender 4.4.1
# www.blender.org
mtllib SignBoard_Honban.mtl
o テキスト
v 1.379000 1.977593 0.226487
v 1.060000 1.659593 0.226487
v 1.004000 1.716593 0.226487
v 1.107000 1.818593 0.226487
v 1.110191 1.821766 0.226487
v 1.113431 1.824954 0.226487
v 1.116719 1.828155 0.226487
v 1.120055 1.831370 0.226487
v 1.123441 1.834599 0.226487
v 1.126875 1.837843 0.226487
v 1.130358 1.841100 0.226487
v 1.133889 1.844370 0.226487
v 1.137469 1.847655 0.226487
v 1.141097 1.850954 0.226487
v 1.144774 1.854266 0.226487
v 1.148500 1.857593 0.226487
v 1.152260 1.860926 0.226487
v 1.156042 1.864259 0.226487
v 1.159844 1.867593 0.226487
v 1.163667 1.870926 0.226487
v 1.167511 1.874259 0.226487
v 1.171375 1.877593 0.226487
v 1.175260 1.880926 0.226487
v 1.179167 1.884259 0.226487
v 1.183094 1.887593 0.226487
v 1.187042 1.890926 0.226487
v 1.191010 1.894259 0.226487
v 1.195000 1.897593 0.226487
v 1.198986 1.900912 0.226487
v 1.202944 1.904204 0.226487
v 1.206875 1.907468 0.226487
v 1.210778 1.910704 0.226487
v 1.214653 1.913912 0.226487
v 1.218500 1.917093 0.226487
v 1.222319 1.920245 0.226487
v 1.226111 1.923370 0.226487
v 1.229875 1.926468 0.226487
v 1.233611 1.929537 0.226487
v 1.237320 1.932579 0.226487
v 1.241000 1.935593 0.226487
v 1.244646 1.938572 0.226487
v 1.248250 1.941509 0.226487
v 1.251813 1.944405 0.226487
v 1.255333 1.947259 0.226487
v 1.258813 1.950072 0.226487
v 1.262250 1.952843 0.226487
v 1.265646 1.955572 0.226487
v 1.269000 1.958259 0.226487
v 1.272313 1.960905 0.226487
v 1.275583 1.963509 0.226487
v 1.278813 1.966072 0.226487
v 1.282000 1.968593 0.226487
v 1.271000 1.951593 0.226487
v 1.267663 1.951089 0.226487
v 1.264320 1.950579 0.226487
v 1.260969 1.950061 0.226487
v 1.257611 1.949537 0.226487
v 1.254247 1.949006 0.226487
v 1.250875 1.948468 0.226487
v 1.247496 1.947922 0.226487
v 1.244111 1.947370 0.226487
v 1.240719 1.946811 0.226487
v 1.237319 1.946245 0.226487
v 1.233913 1.945672 0.226487
v 1.230500 1.945093 0.226487
v 1.227087 1.944520 0.226487
v 1.223680 1.943968 0.226487
v 1.220281 1.943436 0.226487
v 1.216889 1.942926 0.226487
v 1.213503 1.942436 0.226487
v 1.210125 1.941968 0.226487
v 1.206753 1.941520 0.226487
v 1.203389 1.941093 0.226487
v 1.200031 1.940686 0.226487
v 1.196681 1.940301 0.226487
v 1.193337 1.939936 0.226487
v 1.190000 1.939593 0.226487
v 1.186660 1.939273 0.226487
v 1.183306 1.938981 0.226487
v 1.179938 1.938718 0.226487
v 1.176556 1.938481 0.226487
v 1.173160 1.938273 0.226487
v 1.169750 1.938093 0.226487
v 1.166327 1.937940 0.226487
v 1.162889 1.937815 0.226487
v 1.159438 1.937718 0.226487
v 1.155972 1.937648 0.226487
v 1.152493 1.937606 0.226487
v 1.149000 1.937593 0.226487
v 0.648000 1.937593 0.226487
v 0.648000 2.018593 0.226487
v 1.149000 2.018593 0.226487
v 1.152493 2.018575 0.226487
v 1.155972 2.018523 0.226487
v 1.159437 2.018436 0.226487
v 1.162889 2.018315 0.226487
v 1.166326 2.018158 0.226487
v 1.169750 2.017968 0.226487
v 1.173160 2.017742 0.226487
v 1.176555 2.017482 0.226487
v 1.179937 2.017186 0.226487
v 1.183305 2.016856 0.226487
v 1.186660 2.016492 0.226487
v 1.190000 2.016093 0.226487
v 1.193337 2.015676 0.226487
v 1.196681 2.015259 0.226487
v 1.200031 2.014843 0.226487
v 1.203389 2.014426 0.226487
v 1.206753 2.014009 0.226487
v 1.210125 2.013592 0.226487
v 1.213503 2.013176 0.226487
v 1.216889 2.012759 0.226487
v 1.220281 2.012342 0.226487
v 1.223680 2.011926 0.226487
v 1.227087 2.011509 0.226487
v 1.230500 2.011093 0.226487
v 1.233913 2.010659 0.226487
v 1.237319 2.010190 0.226487
v 1.240719 2.009686 0.226487
v 1.244111 2.009148 0.226487
v 1.247496 2.008575 0.226487
v 1.250875 2.007967 0.226487
v 1.254246 2.007325 0.226487
v 1.257611 2.006648 0.226487
v 1.260969 2.005936 0.226487
v 1.264319 2.005190 0.226487
v 1.267663 2.004409 0.226487
v 1.271000 2.003592 0.226487
v 1.282000 1.987593 0.226487
v 1.277792 1.990804 0.226487
v 1.273500 1.994106 0.226487
v 1.269125 1.997499 0.226487
v 1.264667 2.000982 0.226487
v 1.260125 2.004554 0.226487
v 1.255500 2.008218 0.226487
v 1.250792 2.011971 0.226487
v 1.246000 2.015815 0.226487
v 1.241125 2.019749 0.226487
v 1.236167 2.023773 0.226487
v 1.231125 2.027888 0.226487
v 1.226000 2.032093 0.226487
v 1.220830 2.036356 0.226487
v 1.215653 2.040648 0.226487
v 1.210469 2.044968 0.226487
v 1.205278 2.049315 0.226487
v 1.200080 2.053690 0.226487
v 1.194875 2.058093 0.226487
v 1.189663 2.062523 0.226487
v 1.184444 2.066982 0.226487
v 1.179219 2.071468 0.226487
v 1.173986 2.075981 0.226487
v 1.168747 2.080523 0.226487
v 1.163500 2.085093 0.226487
v 1.158295 2.089658 0.226487
v 1.153181 2.094190 0.226487
v 1.148156 2.098686 0.226487
v 1.143222 2.103148 0.226487
v 1.138379 2.107575 0.226487
v 1.133625 2.111968 0.226487
v 1.128962 2.116325 0.226487
v 1.124389 2.120648 0.226487
v 1.119906 2.124936 0.226487
v 1.115514 2.129190 0.226487
v 1.111212 2.133409 0.226487
v 1.107000 2.137593 0.226487
v 1.004000 2.239593 0.226487
v 1.060000 2.296593 0.226487
v -0.030750 2.379364 0.226487
v -0.046500 2.378176 0.226487
v -0.062250 2.377030 0.226487
v -0.078000 2.375926 0.226487
v -0.093750 2.374863 0.226487
v -0.109500 2.373843 0.226487
v -0.125250 2.372864 0.226487
v -0.141000 2.371926 0.226487
v -0.156750 2.371030 0.226487
v -0.172500 2.370176 0.226487
v -0.188250 2.369364 0.226487
v -0.204000 2.368593 0.226487
v -0.195742 2.358299 0.226487
v -0.187523 2.347495 0.226487
v -0.179422 2.336296 0.226487
v -0.171519 2.324815 0.226487
v -0.163893 2.313167 0.226487
v -0.156625 2.301468 0.226487
v -0.149795 2.289830 0.226487
v -0.143481 2.278370 0.226487
v -0.137766 2.267202 0.226487
v -0.132727 2.256440 0.226487
v -0.128445 2.246198 0.226487
v -0.125000 2.236593 0.226487
v -0.163000 2.220592 0.226487
v -0.015000 2.220592 0.226487
v -0.015000 2.380593 0.226487
v -0.342000 2.362593 0.226487
v -0.342621 2.366789 0.226487
v -0.343468 2.371333 0.226487
v -0.344516 2.376155 0.226487
v -0.345741 2.381185 0.226487
v -0.347119 2.386354 0.226487
v -0.348625 2.391593 0.226487
v -0.350236 2.396831 0.226487
v -0.351926 2.402000 0.226487
v -0.353672 2.407030 0.226487
v -0.355449 2.411852 0.226487
v -0.357233 2.416396 0.226487
v -0.359000 2.420593 0.226487
v -0.298333 2.423362 0.226487
v -0.236250 2.426667 0.226487
v -0.173375 2.430499 0.226487
v -0.110333 2.434852 0.226487
v -0.047750 2.439719 0.226487
v 0.013750 2.445093 0.226487
v 0.073542 2.450966 0.226487
v 0.131000 2.457333 0.226487
v 0.185500 2.464186 0.226487
v 0.236417 2.471519 0.226487
v 0.283125 2.479323 0.226487
v 0.325000 2.487593 0.226487
v 0.375000 2.431592 0.226487
v 0.352760 2.427155 0.226487
v 0.329579 2.422843 0.226487
v 0.305516 2.418655 0.226487
v 0.280630 2.414593 0.226487
v 0.254980 2.410655 0.226487
v 0.228625 2.406843 0.226487
v 0.201624 2.403155 0.226487
v 0.174037 2.399593 0.226487
v 0.145922 2.396155 0.226487
v 0.117338 2.392843 0.226487
v 0.088344 2.389655 0.226487
v 0.059000 2.386593 0.226487
v 0.059000 2.220592 0.226487
v 0.198000 2.220592 0.226487
v 0.167000 2.231593 0.226487
v 0.174152 2.242587 0.226487
v 0.181551 2.254467 0.226487
v 0.189109 2.267077 0.226487
v 0.196741 2.280259 0.226487
v 0.204358 2.293858 0.226487
v 0.211875 2.307718 0.226487
v 0.219204 2.321681 0.226487
v 0.226259 2.335593 0.226487
v 0.232953 2.349296 0.226487
v 0.239199 2.362634 0.226487
v 0.244910 2.375452 0.226487
v 0.250000 2.387593 0.226487
v 0.331000 2.364593 0.226487
v 0.323421 2.352001 0.226487
v 0.315704 2.339273 0.226487
v 0.307875 2.326483 0.226487
v 0.299963 2.313704 0.226487
v 0.291995 2.301008 0.226487
v 0.284000 2.288468 0.226487
v 0.276005 2.276157 0.226487
v 0.268037 2.264148 0.226487
v 0.260125 2.252515 0.226487
v 0.252296 2.241329 0.226487
v 0.244579 2.230664 0.226487
v 0.237000 2.220592 0.226487
v 0.466000 2.220592 0.226487
v 0.466000 2.156593 0.226487
v 0.138000 2.156593 0.226487
v 0.161962 2.137065 0.226487
v 0.187699 2.118037 0.226487
v 0.214984 2.099593 0.226487
v 0.243593 2.081815 0.226487
v 0.273298 2.064787 0.226487
v 0.303875 2.048593 0.226487
v 0.335098 2.033315 0.226487
v 0.366741 2.019037 0.226487
v 0.398578 2.005843 0.226487
v 0.430384 1.993815 0.226487
v 0.461933 1.983037 0.226487
v 0.493000 1.973593 0.226487
v 0.488655 1.969565 0.226487
v 0.484153 1.965037 0.226487
v 0.479547 1.960093 0.226487
v 0.474889 1.954815 0.226487
v 0.470231 1.949287 0.226487
v 0.465625 1.943593 0.226487
v 0.461123 1.937815 0.226487
v 0.456778 1.932037 0.226487
v 0.452641 1.926343 0.226487
v 0.448764 1.920815 0.226487
v 0.445200 1.915537 0.226487
v 0.442000 1.910593 0.226487
v 0.434499 1.913134 0.226487
v 0.426995 1.915759 0.226487
v 0.419484 1.918468 0.226487
v 0.411963 1.921259 0.226487
v 0.404428 1.924134 0.226487
v 0.396875 1.927093 0.226487
v 0.389302 1.930134 0.226487
v 0.381704 1.933259 0.226487
v 0.374078 1.936468 0.226487
v 0.366421 1.939759 0.226487
v 0.358730 1.943134 0.226487
v 0.351000 1.946593 0.226487
v 0.351000 1.582592 0.226487
v 0.276000 1.582592 0.226487
v 0.276000 1.613593 0.226487
v -0.214000 1.613593 0.226487
v -0.214000 1.578593 0.226487
v -0.286000 1.578593 0.226487
v -0.286000 1.949593 0.226487
v -0.294999 1.945135 0.226487
v -0.303991 1.940764 0.226487
v -0.312969 1.936483 0.226487
v -0.321926 1.932296 0.226487
v -0.330855 1.928207 0.226487
v -0.339750 1.924218 0.226487
v -0.348603 1.920333 0.226487
v -0.357407 1.916556 0.226487
v -0.366156 1.912889 0.226487
v -0.374843 1.909338 0.226487
v -0.383460 1.905905 0.226487
v -0.392000 1.902593 0.226487
v -0.394950 1.907267 0.226487
v -0.398264 1.912241 0.226487
v -0.401891 1.917436 0.226487
v -0.405778 1.922778 0.226487
v -0.409873 1.928189 0.226487
v -0.414125 1.933593 0.226487
v -0.418481 1.938913 0.226487
v -0.422889 1.944074 0.226487
v -0.427297 1.948999 0.226487
v -0.431653 1.953611 0.226487
v -0.435905 1.957834 0.226487
v -0.440000 1.961593 0.226487
v -0.409912 1.971846 0.226487
v -0.379296 1.983537 0.226487
v -0.348375 1.996561 0.226487
v -0.317370 2.010815 0.226487
v -0.286505 2.026193 0.226487
v -0.256000 2.042593 0.226487
v -0.226079 2.059909 0.226487
v -0.196963 2.078037 0.226487
v -0.168875 2.096874 0.226487
v -0.142037 2.116315 0.226487
v -0.116671 2.136256 0.226487
v -0.093000 2.156593 0.226487
v -0.414000 2.156593 0.226487
v -0.414000 2.220592 0.226487
v -0.197000 2.220592 0.226487
v -0.200804 2.230099 0.226487
v -0.205181 2.240060 0.226487
v -0.210078 2.250389 0.226487
v -0.215444 2.261000 0.226487
v -0.221227 2.271805 0.226487
v -0.227375 2.282717 0.226487
v -0.233835 2.293651 0.226487
v -0.240556 2.304518 0.226487
v -0.247484 2.315233 0.226487
v -0.254569 2.325708 0.226487
v -0.261759 2.335857 0.226487
v -0.269000 2.345592 0.226487
v -0.210000 2.367593 0.226487
v 0.312000 1.965593 0.226487
v 0.288326 1.977920 0.226487
v 0.264856 1.990875 0.226487
v 0.241672 2.004421 0.226487
v 0.218852 2.018518 0.226487
v 0.196476 2.033130 0.226487
v 0.174625 2.048218 0.226487
v 0.153378 2.063742 0.226487
v 0.132815 2.079667 0.226487
v 0.113016 2.095952 0.226487
v 0.094060 2.112560 0.226487
v 0.076028 2.129453 0.226487
v 0.059000 2.146593 0.226487
v 0.059000 1.983593 0.226487
v -0.015000 1.983593 0.226487
v -0.015000 2.142593 0.226487
v -0.031468 2.126181 0.226487
v -0.048824 2.109967 0.226487
v -0.067000 2.093983 0.226487
v -0.085926 2.078259 0.226487
v -0.105532 2.062827 0.226487
v -0.125750 2.047718 0.226487
v -0.146509 2.032962 0.226487
v -0.167741 2.018593 0.226487
v -0.189375 2.004639 0.226487
v -0.211343 1.991134 0.226487
v -0.233574 1.978108 0.226487
v -0.256000 1.965593 0.226487
v -0.013000 1.672593 0.226487
v -0.013000 1.765593 0.226487
v -0.214000 1.765593 0.226487
v -0.214000 1.672593 0.226487
v -0.013000 1.905593 0.226487
v -0.214000 1.905593 0.226487
v -0.214000 1.818593 0.226487
v -0.013000 1.818593 0.226487
v 0.059000 1.672593 0.226487
v 0.276000 1.672593 0.226487
v 0.276000 1.765593 0.226487
v 0.059000 1.765593 0.226487
v 0.059000 1.905593 0.226487
v 0.059000 1.818593 0.226487
v 0.276000 1.818593 0.226487
v 0.276000 1.905593 0.226487
v -0.936000 2.288593 0.226487
v -0.538000 2.288593 0.226487
v -0.538000 2.212593 0.226487
v -0.847000 2.212593 0.226487
v -0.827899 2.170610 0.226487
v -0.806690 2.129319 0.226487
v -0.783516 2.088952 0.226487
v -0.758519 2.049741 0.226487
v -0.731841 2.011918 0.226487
v -0.703625 1.975718 0.226487
v -0.674013 1.941371 0.226487
v -0.643148 1.909111 0.226487
v -0.611172 1.879171 0.226487
v -0.578227 1.851782 0.226487
v -0.544455 1.827179 0.226487
v -0.510000 1.805593 0.226487
v -0.514885 1.801564 0.226487
v -0.519995 1.797028 0.226487
v -0.525266 1.792061 0.226487
v -0.530630 1.786741 0.226487
v -0.536021 1.781142 0.226487
v -0.541375 1.775343 0.226487
v -0.546624 1.769418 0.226487
v -0.551704 1.763444 0.226487
v -0.556547 1.757499 0.226487
v -0.561088 1.751657 0.226487
v -0.565261 1.745996 0.226487
v -0.569000 1.740593 0.226487
v -0.605585 1.766303 0.226487
v -0.641259 1.795278 0.226487
v -0.675906 1.827280 0.226487
v -0.709407 1.862074 0.226487
v -0.741645 1.899424 0.226487
v -0.772500 1.939093 0.226487
v -0.801855 1.980845 0.226487
v -0.829593 2.024444 0.226487
v -0.855594 2.069655 0.226487
v -0.879741 2.116241 0.226487
v -0.901915 2.163965 0.226487
v -0.922000 2.212593 0.226487
v -0.936000 2.212593 0.226487
v -0.936000 1.842593 0.226487
v -0.703000 1.842593 0.226487
v -0.703000 1.766593 0.226487
v -0.936000 1.766593 0.226487
v -0.936000 1.579593 0.226487
v -1.015000 1.579593 0.226487
v -1.015000 1.766593 0.226487
v -1.249000 1.766593 0.226487
v -1.249000 1.842593 0.226487
v -1.015000 1.842593 0.226487
v -1.015000 2.212593 0.226487
v -1.031000 2.212593 0.226487
v -1.051542 2.163983 0.226487
v -1.074088 2.116301 0.226487
v -1.098516 2.069765 0.226487
v -1.124704 2.024593 0.226487
v -1.152531 1.981004 0.226487
v -1.181875 1.939218 0.226487
v -1.212615 1.899452 0.226487
v -1.244630 1.861926 0.226487
v -1.277797 1.826858 0.226487
v -1.311995 1.794468 0.226487
v -1.347104 1.764973 0.226487
v -1.383000 1.738593 0.226487
v -1.386259 1.743498 0.226487
v -1.389991 1.748667 0.226487
v -1.394125 1.754030 0.226487
v -1.398592 1.759519 0.226487
v -1.403324 1.765062 0.226487
v -1.408250 1.770593 0.226487
v -1.413301 1.776039 0.226487
v -1.418407 1.781333 0.226487
v -1.423500 1.786405 0.226487
v -1.428509 1.791185 0.226487
v -1.433366 1.795604 0.226487
v -1.438000 1.799593 0.226487
v -1.404962 1.821488 0.226487
v -1.372445 1.846505 0.226487
v -1.340594 1.874389 0.226487
v -1.309556 1.904889 0.226487
v -1.279476 1.937749 0.226487
v -1.250500 1.972718 0.226487
v -1.222774 2.009540 0.226487
v -1.196445 2.047963 0.226487
v -1.171656 2.087733 0.226487
v -1.148556 2.128597 0.226487
v -1.127288 2.170301 0.226487
v -1.108000 2.212593 0.226487
v -1.410000 2.212593 0.226487
v -1.410000 2.288593 0.226487
v -1.015000 2.288593 0.226487
v -1.015000 2.498593 0.226487
v -0.936000 2.498593 0.226487
v 1.379000 1.977593 0.126487
v 1.060000 1.659593 0.126487
v 1.004000 1.716593 0.126487
v 1.107000 1.818593 0.126487
v 1.110191 1.821766 0.126487
v 1.113431 1.824954 0.126487
v 1.116719 1.828155 0.126487
v 1.120055 1.831370 0.126487
v 1.123441 1.834599 0.126487
v 1.126875 1.837843 0.126487
v 1.130358 1.841100 0.126487
v 1.133889 1.844370 0.126487
v 1.137469 1.847655 0.126487
v 1.141097 1.850954 0.126487
v 1.144774 1.854266 0.126487
v 1.148500 1.857593 0.126487
v 1.152260 1.860926 0.126487
v 1.156042 1.864259 0.126487
v 1.159844 1.867593 0.126487
v 1.163667 1.870926 0.126487
v 1.167511 1.874259 0.126487
v 1.171375 1.877593 0.126487
v 1.175260 1.880926 0.126487
v 1.179167 1.884259 0.126487
v 1.183094 1.887593 0.126487
v 1.187042 1.890926 0.126487
v 1.191010 1.894259 0.126487
v 1.195000 1.897593 0.126487
v 1.198986 1.900912 0.126487
v 1.202944 1.904204 0.126487
v 1.206875 1.907468 0.126487
v 1.210778 1.910704 0.126487
v 1.214653 1.913912 0.126487
v 1.218500 1.917093 0.126487
v 1.222319 1.920245 0.126487
v 1.226111 1.923370 0.126487
v 1.229875 1.926468 0.126487
v 1.233611 1.929537 0.126487
v 1.237320 1.932579 0.126487
v 1.241000 1.935593 0.126487
v 1.244646 1.938572 0.126487
v 1.248250 1.941509 0.126487
v 1.251813 1.944405 0.126487
v 1.255333 1.947259 0.126487
v 1.258813 1.950072 0.126487
v 1.262250 1.952843 0.126487
v 1.265646 1.955572 0.126487
v 1.269000 1.958259 0.126487
v 1.272313 1.960905 0.126487
v 1.275583 1.963509 0.126487
v 1.278813 1.966072 0.126487
v 1.282000 1.968593 0.126487
v 1.271000 1.951593 0.126487
v 1.267663 1.951089 0.126487
v 1.264320 1.950579 0.126487
v 1.260969 1.950061 0.126487
v 1.257611 1.949537 0.126487
v 1.254247 1.949006 0.126487
v 1.250875 1.948468 0.126487
v 1.247496 1.947922 0.126487
v 1.244111 1.947370 0.126487
v 1.240719 1.946811 0.126487
v 1.237319 1.946245 0.126487
v 1.233913 1.945672 0.126487
v 1.230500 1.945093 0.126487
v 1.227087 1.944520 0.126487
v 1.223680 1.943968 0.126487
v 1.220281 1.943436 0.126487
v 1.216889 1.942926 0.126487
v 1.213503 1.942436 0.126487
v 1.210125 1.941968 0.126487
v 1.206753 1.941520 0.126487
v 1.203389 1.941093 0.126487
v 1.200031 1.940686 0.126487
v 1.196681 1.940301 0.126487
v 1.193337 1.939936 0.126487
v 1.190000 1.939593 0.126487
v 1.186660 1.939273 0.126487
v 1.183306 1.938982 0.126487
v 1.179938 1.938718 0.126487
v 1.176556 1.938481 0.126487
v 1.173160 1.938273 0.126487
v 1.169750 1.938093 0.126487
v 1.166327 1.937940 0.126487
v 1.162889 1.937815 0.126487
v 1.159438 1.937718 0.126487
v 1.155972 1.937648 0.126487
v 1.152493 1.937606 0.126487
v 1.149000 1.937593 0.126487
v 0.648000 1.937593 0.126487
v 0.648000 2.018593 0.126487
v 1.149000 2.018593 0.126487
v 1.152493 2.018575 0.126487
v 1.155972 2.018523 0.126487
v 1.159437 2.018436 0.126487
v 1.162889 2.018315 0.126487
v 1.166326 2.018159 0.126487
v 1.169750 2.017968 0.126487
v 1.173160 2.017742 0.126487
v 1.176555 2.017482 0.126487
v 1.179937 2.017186 0.126487
v 1.183305 2.016856 0.126487
v 1.186660 2.016492 0.126487
v 1.190000 2.016093 0.126487
v 1.193337 2.015676 0.126487
v 1.196681 2.015259 0.126487
v 1.200031 2.014843 0.126487
v 1.203389 2.014426 0.126487
v 1.206753 2.014009 0.126487
v 1.210125 2.013592 0.126487
v 1.213503 2.013176 0.126487
v 1.216889 2.012759 0.126487
v 1.220281 2.012343 0.126487
v 1.223680 2.011926 0.126487
v 1.227087 2.011509 0.126487
v 1.230500 2.011093 0.126487
v 1.233913 2.010659 0.126487
v 1.237319 2.010190 0.126487
v 1.240719 2.009686 0.126487
v 1.244111 2.009148 0.126487
v 1.247496 2.008575 0.126487
v 1.250875 2.007967 0.126487
v 1.254246 2.007325 0.126487
v 1.257611 2.006648 0.126487
v 1.260969 2.005936 0.126487
v 1.264319 2.005190 0.126487
v 1.267663 2.004409 0.126487
v 1.271000 2.003592 0.126487
v 1.282000 1.987593 0.126487
v 1.277792 1.990804 0.126487
v 1.273500 1.994107 0.126487
v 1.269125 1.997499 0.126487
v 1.264667 2.000982 0.126487
v 1.260125 2.004555 0.126487
v 1.255500 2.008218 0.126487
v 1.250792 2.011971 0.126487
v 1.246000 2.015815 0.126487
v 1.241125 2.019749 0.126487
v 1.236167 2.023773 0.126487
v 1.231125 2.027888 0.126487
v 1.226000 2.032093 0.126487
v 1.220830 2.036356 0.126487
v 1.215653 2.040648 0.126487
v 1.210469 2.044968 0.126487
v 1.205278 2.049315 0.126487
v 1.200080 2.053690 0.126487
v 1.194875 2.058093 0.126487
v 1.189663 2.062523 0.126487
v 1.184444 2.066982 0.126487
v 1.179219 2.071468 0.126487
v 1.173986 2.075981 0.126487
v 1.168747 2.080523 0.126487
v 1.163500 2.085093 0.126487
v 1.158295 2.089658 0.126487
v 1.153181 2.094190 0.126487
v 1.148156 2.098686 0.126487
v 1.143222 2.103148 0.126487
v 1.138379 2.107575 0.126487
v 1.133625 2.111968 0.126487
v 1.128962 2.116325 0.126487
v 1.124389 2.120648 0.126487
v 1.119906 2.124936 0.126487
v 1.115514 2.129190 0.126487
v 1.111212 2.133409 0.126487
v 1.107000 2.137593 0.126487
v 1.004000 2.239593 0.126487
v 1.060000 2.296593 0.126487
v -0.030750 2.379364 0.126487
v -0.046500 2.378176 0.126487
v -0.062250 2.377030 0.126487
v -0.078000 2.375926 0.126487
v -0.093750 2.374863 0.126487
v -0.109500 2.373843 0.126487
v -0.125250 2.372864 0.126487
v -0.141000 2.371926 0.126487
v -0.156750 2.371030 0.126487
v -0.172500 2.370176 0.126487
v -0.188250 2.369364 0.126487
v -0.204000 2.368593 0.126487
v -0.195742 2.358299 0.126487
v -0.187523 2.347495 0.126487
v -0.179422 2.336296 0.126487
v -0.171519 2.324815 0.126487
v -0.163893 2.313167 0.126487
v -0.156625 2.301468 0.126487
v -0.149795 2.289830 0.126487
v -0.143481 2.278370 0.126487
v -0.137766 2.267202 0.126487
v -0.132727 2.256440 0.126487
v -0.128445 2.246198 0.126487
v -0.125000 2.236593 0.126487
v -0.163000 2.220592 0.126487
v -0.015000 2.220592 0.126487
v -0.015000 2.380593 0.126487
v -0.342000 2.362593 0.126487
v -0.342621 2.366789 0.126487
v -0.343468 2.371333 0.126487
v -0.344516 2.376155 0.126487
v -0.345741 2.381185 0.126487
v -0.347119 2.386354 0.126487
v -0.348625 2.391593 0.126487
v -0.350236 2.396831 0.126487
v -0.351926 2.402000 0.126487
v -0.353672 2.407030 0.126487
v -0.355449 2.411852 0.126487
v -0.357233 2.416396 0.126487
v -0.359000 2.420593 0.126487
v -0.298333 2.423362 0.126487
v -0.236250 2.426667 0.126487
v -0.173375 2.430499 0.126487
v -0.110333 2.434852 0.126487
v -0.047750 2.439719 0.126487
v 0.013750 2.445093 0.126487
v 0.073542 2.450966 0.126487
v 0.131000 2.457333 0.126487
v 0.185500 2.464186 0.126487
v 0.236417 2.471519 0.126487
v 0.283125 2.479323 0.126487
v 0.325000 2.487593 0.126487
v 0.375000 2.431592 0.126487
v 0.352760 2.427155 0.126487
v 0.329579 2.422843 0.126487
v 0.305516 2.418655 0.126487
v 0.280630 2.414593 0.126487
v 0.254980 2.410655 0.126487
v 0.228625 2.406843 0.126487
v 0.201624 2.403155 0.126487
v 0.174037 2.399593 0.126487
v 0.145922 2.396155 0.126487
v 0.117338 2.392843 0.126487
v 0.088344 2.389655 0.126487
v 0.059000 2.386593 0.126487
v 0.059000 2.220592 0.126487
v 0.198000 2.220592 0.126487
v 0.167000 2.231593 0.126487
v 0.174152 2.242587 0.126487
v 0.181551 2.254467 0.126487
v 0.189109 2.267077 0.126487
v 0.196741 2.280259 0.126487
v 0.204358 2.293858 0.126487
v 0.211875 2.307718 0.126487
v 0.219204 2.321681 0.126487
v 0.226259 2.335593 0.126487
v 0.232953 2.349296 0.126487
v 0.239199 2.362634 0.126487
v 0.244910 2.375452 0.126487
v 0.250000 2.387593 0.126487
v 0.331000 2.364593 0.126487
v 0.323421 2.352001 0.126487
v 0.315704 2.339273 0.126487
v 0.307875 2.326483 0.126487
v 0.299963 2.313704 0.126487
v 0.291995 2.301008 0.126487
v 0.284000 2.288468 0.126487
v 0.276005 2.276157 0.126487
v 0.268037 2.264148 0.126487
v 0.260125 2.252515 0.126487
v 0.252296 2.241329 0.126487
v 0.244579 2.230664 0.126487
v 0.237000 2.220592 0.126487
v 0.466000 2.220592 0.126487
v 0.466000 2.156593 0.126487
v 0.138000 2.156593 0.126487
v 0.161962 2.137065 0.126487
v 0.187699 2.118037 0.126487
v 0.214984 2.099593 0.126487
v 0.243593 2.081815 0.126487
v 0.273298 2.064787 0.126487
v 0.303875 2.048593 0.126487
v 0.335098 2.033315 0.126487
v 0.366741 2.019037 0.126487
v 0.398578 2.005843 0.126487
v 0.430384 1.993815 0.126487
v 0.461933 1.983037 0.126487
v 0.493000 1.973593 0.126487
v 0.488655 1.969565 0.126487
v 0.484153 1.965037 0.126487
v 0.479547 1.960093 0.126487
v 0.474889 1.954815 0.126487
v 0.470231 1.949287 0.126487
v 0.465625 1.943593 0.126487
v 0.461123 1.937815 0.126487
v 0.456778 1.932037 0.126487
v 0.452641 1.926343 0.126487
v 0.448764 1.920815 0.126487
v 0.445200 1.915537 0.126487
v 0.442000 1.910593 0.126487
v 0.434499 1.913134 0.126487
v 0.426995 1.915759 0.126487
v 0.419484 1.918468 0.126487
v 0.411963 1.921259 0.126487
v 0.404428 1.924134 0.126487
v 0.396875 1.927093 0.126487
v 0.389302 1.930134 0.126487
v 0.381704 1.933259 0.126487
v 0.374078 1.936468 0.126487
v 0.366421 1.939759 0.126487
v 0.358730 1.943134 0.126487
v 0.351000 1.946593 0.126487
v 0.351000 1.582592 0.126487
v 0.276000 1.582592 0.126487
v 0.276000 1.613593 0.126487
v -0.214000 1.613593 0.126487
v -0.214000 1.578593 0.126487
v -0.286000 1.578593 0.126487
v -0.286000 1.949593 0.126487
v -0.294999 1.945135 0.126487
v -0.303991 1.940764 0.126487
v -0.312969 1.936483 0.126487
v -0.321926 1.932296 0.126487
v -0.330855 1.928207 0.126487
v -0.339750 1.924218 0.126487
v -0.348603 1.920333 0.126487
v -0.357407 1.916556 0.126487
v -0.366156 1.912889 0.126487
v -0.374843 1.909338 0.126487
v -0.383460 1.905905 0.126487
v -0.392000 1.902593 0.126487
v -0.394950 1.907267 0.126487
v -0.398264 1.912241 0.126487
v -0.401891 1.917436 0.126487
v -0.405778 1.922778 0.126487
v -0.409873 1.928189 0.126487
v -0.414125 1.933593 0.126487
v -0.418481 1.938913 0.126487
v -0.422889 1.944074 0.126487
v -0.427297 1.948999 0.126487
v -0.431653 1.953611 0.126487
v -0.435905 1.957834 0.126487
v -0.440000 1.961593 0.126487
v -0.409912 1.971846 0.126487
v -0.379296 1.983537 0.126487
v -0.348375 1.996561 0.126487
v -0.317370 2.010815 0.126487
v -0.286505 2.026193 0.126487
v -0.256000 2.042593 0.126487
v -0.226079 2.059909 0.126487
v -0.196963 2.078037 0.126487
v -0.168875 2.096874 0.126487
v -0.142037 2.116315 0.126487
v -0.116671 2.136256 0.126487
v -0.093000 2.156593 0.126487
v -0.414000 2.156593 0.126487
v -0.414000 2.220592 0.126487
v -0.197000 2.220592 0.126487
v -0.200804 2.230099 0.126487
v -0.205181 2.240060 0.126487
v -0.210078 2.250389 0.126487
v -0.215444 2.261000 0.126487
v -0.221227 2.271805 0.126487
v -0.227375 2.282717 0.126487
v -0.233835 2.293651 0.126487
v -0.240556 2.304518 0.126487
v -0.247484 2.315233 0.126487
v -0.254569 2.325708 0.126487
v -0.261759 2.335857 0.126487
v -0.269000 2.345592 0.126487
v -0.210000 2.367593 0.126487
v 0.312000 1.965593 0.126487
v 0.288326 1.977920 0.126487
v 0.264856 1.990875 0.126487
v 0.241672 2.004421 0.126487
v 0.218852 2.018518 0.126487
v 0.196476 2.033130 0.126487
v 0.174625 2.048218 0.126487
v 0.153378 2.063742 0.126487
v 0.132815 2.079667 0.126487
v 0.113016 2.095952 0.126487
v 0.094060 2.112560 0.126487
v 0.076028 2.129453 0.126487
v 0.059000 2.146593 0.126487
v 0.059000 1.983593 0.126487
v -0.015000 1.983593 0.126487
v -0.015000 2.142593 0.126487
v -0.031468 2.126181 0.126487
v -0.048824 2.109967 0.126487
v -0.067000 2.093983 0.126487
v -0.085926 2.078259 0.126487
v -0.105532 2.062827 0.126487
v -0.125750 2.047718 0.126487
v -0.146509 2.032962 0.126487
v -0.167741 2.018593 0.126487
v -0.189375 2.004639 0.126487
v -0.211343 1.991134 0.126487
v -0.233574 1.978108 0.126487
v -0.256000 1.965593 0.126487
v -0.013000 1.672593 0.126487
v -0.013000 1.765593 0.126487
v -0.214000 1.765593 0.126487
v -0.214000 1.672593 0.126487
v -0.013000 1.905593 0.126487
v -0.214000 1.905593 0.126487
v -0.214000 1.818593 0.126487
v -0.013000 1.818593 0.126487
v 0.059000 1.672593 0.126487
v 0.276000 1.672593 0.126487
v 0.276000 1.765593 0.126487
v 0.059000 1.765593 0.126487
v 0.059000 1.905593 0.126487
v 0.059000 1.818593 0.126487
v 0.276000 1.818593 0.126487
v 0.276000 1.905593 0.126487
v -0.936000 2.288593 0.126487
v -0.538000 2.288593 0.126487
v -0.538000 2.212593 0.126487
v -0.847000 2.212593 0.126487
v -0.827899 2.170610 0.126487
v -0.806690 2.129319 0.126487
v -0.783516 2.088952 0.126487
v -0.758519 2.049741 0.126487
v -0.731841 2.011918 0.126487
v -0.703625 1.975718 0.126487
v -0.674013 1.941371 0.126487
v -0.643148 1.909111 0.126487
v -0.611172 1.879171 0.126487
v -0.578227 1.851782 0.126487
v -0.544455 1.827179 0.126487
v -0.510000 1.805593 0.126487
v -0.514885 1.801564 0.126487
v -0.519995 1.797028 0.126487
v -0.525266 1.792061 0.126487
v -0.530630 1.786741 0.126487
v -0.536021 1.781142 0.126487
v -0.541375 1.775343 0.126487
v -0.546624 1.769418 0.126487
v -0.551704 1.763444 0.126487
v -0.556547 1.757499 0.126487
v -0.561088 1.751657 0.126487
v -0.565261 1.745996 0.126487
v -0.569000 1.740593 0.126487
v -0.605585 1.766303 0.126487
v -0.641259 1.795278 0.126487
v -0.675906 1.827280 0.126487
v -0.709407 1.862074 0.126487
v -0.741645 1.899424 0.126487
v -0.772500 1.939093 0.126487
v -0.801855 1.980845 0.126487
v -0.829593 2.024444 0.126487
v -0.855594 2.069655 0.126487
v -0.879741 2.116241 0.126487
v -0.901915 2.163965 0.126487
v -0.922000 2.212593 0.126487
v -0.936000 2.212593 0.126487
v -0.936000 1.842593 0.126487
v -0.703000 1.842593 0.126487
v -0.703000 1.766593 0.126487
v -0.936000 1.766593 0.126487
v -0.936000 1.579593 0.126487
v -1.015000 1.579593 0.126487
v -1.015000 1.766593 0.126487
v -1.249000 1.766593 0.126487
v -1.249000 1.842593 0.126487
v -1.015000 1.842593 0.126487
v -1.015000 2.212593 0.126487
v -1.031000 2.212593 0.126487
v -1.051542 2.163983 0.126487
v -1.074088 2.116301 0.126487
v -1.098516 2.069765 0.126487
v -1.124704 2.024593 0.126487
v -1.152531 1.981004 0.126487
v -1.181875 1.939218 0.126487
v -1.212615 1.899452 0.126487
v -1.244630 1.861926 0.126487
v -1.277797 1.826858 0.126487
v -1.311995 1.794468 0.126487
v -1.347104 1.764973 0.126487
v -1.383000 1.738593 0.126487
v -1.386259 1.743498 0.126487
v -1.389991 1.748667 0.126487
v -1.394125 1.754030 0.126487
v -1.398592 1.759519 0.126487
v -1.403324 1.765062 0.126487
v -1.408250 1.770593 0.126487
v -1.413301 1.776039 0.126487
v -1.418407 1.781333 0.126487
v -1.423500 1.786405 0.126487
v -1.428509 1.791185 0.126487
v -1.433366 1.795604 0.126487
v -1.438000 1.799593 0.126487
v -1.404962 1.821488 0.126487
v -1.372445 1.846505 0.126487
v -1.340594 1.874389 0.126487
v -1.309556 1.904889 0.126487
v -1.279476 1.937749 0.126487
v -1.250500 1.972718 0.126487
v -1.222774 2.009540 0.126487
v -1.196445 2.047963 0.126487
v -1.171656 2.087733 0.126487
v -1.148556 2.128597 0.126487
v -1.127288 2.170301 0.126487
v -1.108000 2.212593 0.126487
v -1.410000 2.212593 0.126487
v -1.410000 2.288593 0.126487
v -1.015000 2.288593 0.126487
v -1.015000 2.498593 0.126487
v -0.936000 2.498593 0.126487
v -0.936000 2.288593 0.126487
v -0.936000 2.288593 0.226487
v -0.538000 2.288593 0.126487
v -0.538000 2.288593 0.226487
v -0.538000 2.212593 0.126487
v -0.538000 2.212593 0.226487
v -0.847000 2.212593 0.126487
v -0.847000 2.212593 0.226487
v -0.827899 2.170610 0.126487
v -0.827899 2.170610 0.226487
v -0.806690 2.129319 0.126487
v -0.806690 2.129319 0.226487
v -0.783516 2.088952 0.126487
v -0.783516 2.088952 0.226487
v -0.758519 2.049741 0.126487
v -0.758519 2.049741 0.226487
v -0.731841 2.011918 0.126487
v -0.731841 2.011918 0.226487
v -0.703625 1.975718 0.126487
v -0.703625 1.975718 0.226487
v -0.674013 1.941371 0.126487
v -0.674013 1.941371 0.226487
v -0.643148 1.909111 0.126487
v -0.643148 1.909111 0.226487
v -0.611172 1.879171 0.126487
v -0.611172 1.879171 0.226487
v -0.578227 1.851782 0.126487
v -0.578227 1.851782 0.226487
v -0.544455 1.827179 0.126487
v -0.544455 1.827179 0.226487
v -0.510000 1.805593 0.126487
v -0.510000 1.805593 0.226487
v -0.514885 1.801564 0.126487
v -0.514885 1.801564 0.226487
v -0.519995 1.797028 0.126487
v -0.519995 1.797028 0.226487
v -0.525266 1.792061 0.126487
v -0.525266 1.792061 0.226487
v -0.530630 1.786741 0.126487
v -0.530630 1.786741 0.226487
v -0.536021 1.781142 0.126487
v -0.536021 1.781142 0.226487
v -0.541375 1.775343 0.126487
v -0.541375 1.775343 0.226487
v -0.546624 1.769418 0.126487
v -0.546624 1.769418 0.226487
v -0.551704 1.763444 0.126487
v -0.551704 1.763444 0.226487
v -0.556547 1.757499 0.126487
v -0.556547 1.757499 0.226487
v -0.561088 1.751657 0.126487
v -0.561088 1.751657 0.226487
v -0.565261 1.745996 0.126487
v -0.565261 1.745996 0.226487
v -0.569000 1.740593 0.126487
v -0.569000 1.740593 0.226487
v -0.605585 1.766303 0.126487
v -0.605585 1.766303 0.226487
v -0.641259 1.795278 0.126487
v -0.641259 1.795278 0.226487
v -0.675906 1.827280 0.126487
v -0.675906 1.827280 0.226487
v -0.709407 1.862074 0.126487
v -0.709407 1.862074 0.226487
v -0.741645 1.899424 0.126487
v -0.741645 1.899424 0.226487
v -0.772500 1.939093 0.126487
v -0.772500 1.939093 0.226487
v -0.801855 1.980845 0.126487
v -0.801855 1.980845 0.226487
v -0.829593 2.024444 0.126487
v -0.829593 2.024444 0.226487
v -0.855594 2.069655 0.126487
v -0.855594 2.069655 0.226487
v -0.879741 2.116241 0.126487
v -0.879741 2.116241 0.226487
v -0.901915 2.163965 0.126487
v -0.901915 2.163965 0.226487
v -0.922000 2.212593 0.126487
v -0.922000 2.212593 0.226487
v -0.936000 2.212593 0.126487
v -0.936000 2.212593 0.226487
v -0.936000 1.842593 0.126487
v -0.936000 1.842593 0.226487
v -0.703000 1.842593 0.126487
v -0.703000 1.842593 0.226487
v -0.703000 1.766593 0.126487
v -0.703000 1.766593 0.226487
v -0.936000 1.766593 0.126487
v -0.936000 1.766593 0.226487
v -0.936000 1.579593 0.126487
v -0.936000 1.579593 0.226487
v -1.015000 1.579593 0.126487
v -1.015000 1.579593 0.226487
v -1.015000 1.766593 0.126487
v -1.015000 1.766593 0.226487
v -1.249000 1.766593 0.126487
v -1.249000 1.766593 0.226487
v -1.249000 1.842593 0.126487
v -1.249000 1.842593 0.226487
v -1.015000 1.842593 0.126487
v -1.015000 1.842593 0.226487
v -1.015000 2.212593 0.126487
v -1.015000 2.212593 0.226487
v -1.031000 2.212593 0.126487
v -1.031000 2.212593 0.226487
v -1.051542 2.163983 0.126487
v -1.051542 2.163983 0.226487
v -1.074088 2.116301 0.126487
v -1.074088 2.116301 0.226487
v -1.098516 2.069765 0.126487
v -1.098516 2.069765 0.226487
v -1.124704 2.024593 0.126487
v -1.124704 2.024593 0.226487
v -1.152531 1.981004 0.126487
v -1.152531 1.981004 0.226487
v -1.181875 1.939218 0.126487
v -1.181875 1.939218 0.226487
v -1.212615 1.899452 0.126487
v -1.212615 1.899452 0.226487
v -1.244630 1.861926 0.126487
v -1.244630 1.861926 0.226487
v -1.277797 1.826858 0.126487
v -1.277797 1.826858 0.226487
v -1.311995 1.794468 0.126487
v -1.311995 1.794468 0.226487
v -1.347104 1.764973 0.126487
v -1.347104 1.764973 0.226487
v -1.383000 1.738593 0.126487
v -1.383000 1.738593 0.226487
v -1.386259 1.743498 0.126487
v -1.386259 1.743498 0.226487
v -1.389991 1.748667 0.126487
v -1.389991 1.748667 0.226487
v -1.394125 1.754030 0.126487
v -1.394125 1.754030 0.226487
v -1.398592 1.759519 0.126487
v -1.398592 1.759519 0.226487
v -1.403324 1.765062 0.126487
v -1.403324 1.765062 0.226487
v -1.408250 1.770593 0.126487
v -1.408250 1.770593 0.226487
v -1.413301 1.776039 0.126487
v -1.413301 1.776039 0.226487
v -1.418407 1.781333 0.126487
v -1.418407 1.781333 0.226487
v -1.423500 1.786405 0.126487
v -1.423500 1.786405 0.226487
v -1.428509 1.791185 0.126487
v -1.428509 1.791185 0.226487
v -1.433366 1.795604 0.126487
v -1.433366 1.795604 0.226487
v -1.438000 1.799593 0.126487
v -1.438000 1.799593 0.226487
v -1.404962 1.821488 0.126487
v -1.404962 1.821488 0.226487
v -1.372445 1.846505 0.126487
v -1.372445 1.846505 0.226487
v -1.340594 1.874389 0.126487
v -1.340594 1.874389 0.226487
v -1.309556 1.904889 0.126487
v -1.309556 1.904889 0.226487
v -1.279476 1.937749 0.126487
v -1.279476 1.937749 0.226487
v -1.250500 1.972718 0.126487
v -1.250500 1.972718 0.226487
v -1.222774 2.009540 0.126487
v -1.222774 2.009540 0.226487
v -1.196445 2.047963 0.126487
v -1.196445 2.047963 0.226487
v -1.171656 2.087733 0.126487
v -1.171656 2.087733 0.226487
v -1.148556 2.128597 0.126487
v -1.148556 2.128597 0.226487
v -1.127288 2.170301 0.126487
v -1.127288 2.170301 0.226487
v -1.108000 2.212593 0.126487
v -1.108000 2.212593 0.226487
v -1.410000 2.212593 0.126487
v -1.410000 2.212593 0.226487
v -1.410000 2.288593 0.126487
v -1.410000 2.288593 0.226487
v -1.015000 2.288593 0.126487
v -1.015000 2.288593 0.226487
v -1.015000 2.498593 0.126487
v -1.015000 2.498593 0.226487
v -0.936000 2.498593 0.126487
v -0.936000 2.498593 0.226487
v -0.030750 2.379364 0.126487
v -0.030750 2.379364 0.226487
v -0.046500 2.378176 0.126487
v -0.046500 2.378176 0.226487
v -0.062250 2.377030 0.126487
v -0.062250 2.377030 0.226487
v -0.078000 2.375926 0.126487
v -0.078000 2.375926 0.226487
v -0.093750 2.374863 0.126487
v -0.093750 2.374863 0.226487
v -0.109500 2.373843 0.126487
v -0.109500 2.373843 0.226487
v -0.125250 2.372864 0.126487
v -0.125250 2.372864 0.226487
v -0.141000 2.371926 0.126487
v -0.141000 2.371926 0.226487
v -0.156750 2.371030 0.126487
v -0.156750 2.371030 0.226487
v -0.172500 2.370176 0.126487
v -0.172500 2.370176 0.226487
v -0.188250 2.369364 0.126487
v -0.188250 2.369364 0.226487
v -0.204000 2.368593 0.126487
v -0.204000 2.368593 0.226487
v -0.195742 2.358299 0.126487
v -0.195742 2.358299 0.226487
v -0.187523 2.347495 0.126487
v -0.187523 2.347495 0.226487
v -0.179422 2.336296 0.126487
v -0.179422 2.336296 0.226487
v -0.171519 2.324815 0.126487
v -0.171519 2.324815 0.226487
v -0.163893 2.313167 0.126487
v -0.163893 2.313167 0.226487
v -0.156625 2.301468 0.126487
v -0.156625 2.301468 0.226487
v -0.149795 2.289830 0.126487
v -0.149795 2.289830 0.226487
v -0.143481 2.278370 0.126487
v -0.143481 2.278370 0.226487
v -0.137766 2.267202 0.126487
v -0.137766 2.267202 0.226487
v -0.132727 2.256440 0.126487
v -0.132727 2.256440 0.226487
v -0.128445 2.246198 0.126487
v -0.128445 2.246198 0.226487
v -0.125000 2.236593 0.126487
v -0.125000 2.236593 0.226487
v -0.163000 2.220592 0.126487
v -0.163000 2.220592 0.226487
v -0.015000 2.220592 0.126487
v -0.015000 2.220592 0.226487
v -0.015000 2.380593 0.126487
v -0.015000 2.380593 0.226487
v -0.342000 2.362593 0.126487
v -0.342000 2.362593 0.226487
v -0.342621 2.366789 0.126487
v -0.342621 2.366789 0.226487
v -0.343468 2.371333 0.126487
v -0.343468 2.371333 0.226487
v -0.344516 2.376155 0.126487
v -0.344516 2.376155 0.226487
v -0.345741 2.381185 0.126487
v -0.345741 2.381185 0.226487
v -0.347119 2.386354 0.126487
v -0.347119 2.386354 0.226487
v -0.348625 2.391593 0.126487
v -0.348625 2.391593 0.226487
v -0.350236 2.396831 0.126487
v -0.350236 2.396831 0.226487
v -0.351926 2.402000 0.126487
v -0.351926 2.402000 0.226487
v -0.353672 2.407030 0.126487
v -0.353672 2.407030 0.226487
v -0.355449 2.411852 0.126487
v -0.355449 2.411852 0.226487
v -0.357233 2.416396 0.126487
v -0.357233 2.416396 0.226487
v -0.359000 2.420593 0.126487
v -0.359000 2.420593 0.226487
v -0.298333 2.423362 0.126487
v -0.298333 2.423362 0.226487
v -0.236250 2.426667 0.126487
v -0.236250 2.426667 0.226487
v -0.173375 2.430499 0.126487
v -0.173375 2.430499 0.226487
v -0.110333 2.434852 0.126487
v -0.110333 2.434852 0.226487
v -0.047750 2.439719 0.126487
v -0.047750 2.439719 0.226487
v 0.013750 2.445093 0.126487
v 0.013750 2.445093 0.226487
v 0.073542 2.450966 0.126487
v 0.073542 2.450966 0.226487
v 0.131000 2.457333 0.126487
v 0.131000 2.457333 0.226487
v 0.185500 2.464186 0.126487
v 0.185500 2.464186 0.226487
v 0.236417 2.471519 0.126487
v 0.236417 2.471519 0.226487
v 0.283125 2.479323 0.126487
v 0.283125 2.479323 0.226487
v 0.325000 2.487593 0.126487
v 0.325000 2.487593 0.226487
v 0.375000 2.431592 0.126487
v 0.375000 2.431592 0.226487
v 0.352760 2.427155 0.126487
v 0.352760 2.427155 0.226487
v 0.329579 2.422843 0.126487
v 0.329579 2.422843 0.226487
v 0.305516 2.418655 0.126487
v 0.305516 2.418655 0.226487
v 0.280630 2.414593 0.126487
v 0.280630 2.414593 0.226487
v 0.254980 2.410655 0.126487
v 0.254980 2.410655 0.226487
v 0.228625 2.406843 0.126487
v 0.228625 2.406843 0.226487
v 0.201624 2.403155 0.126487
v 0.201624 2.403155 0.226487
v 0.174037 2.399593 0.126487
v 0.174037 2.399593 0.226487
v 0.145922 2.396155 0.126487
v 0.145922 2.396155 0.226487
v 0.117338 2.392843 0.126487
v 0.117338 2.392843 0.226487
v 0.088344 2.389655 0.126487
v 0.088344 2.389655 0.226487
v 0.059000 2.386593 0.126487
v 0.059000 2.386593 0.226487
v 0.059000 2.220592 0.126487
v 0.059000 2.220592 0.226487
v 0.198000 2.220592 0.126487
v 0.198000 2.220592 0.226487
v 0.167000 2.231593 0.126487
v 0.167000 2.231593 0.226487
v 0.174152 2.242587 0.126487
v 0.174152 2.242587 0.226487
v 0.181551 2.254467 0.126487
v 0.181551 2.254467 0.226487
v 0.189109 2.267077 0.126487
v 0.189109 2.267077 0.226487
v 0.196741 2.280259 0.126487
v 0.196741 2.280259 0.226487
v 0.204358 2.293858 0.126487
v 0.204358 2.293858 0.226487
v 0.211875 2.307718 0.126487
v 0.211875 2.307718 0.226487
v 0.219204 2.321681 0.126487
v 0.219204 2.321681 0.226487
v 0.226259 2.335593 0.126487
v 0.226259 2.335593 0.226487
v 0.232953 2.349296 0.126487
v 0.232953 2.349296 0.226487
v 0.239199 2.362634 0.126487
v 0.239199 2.362634 0.226487
v 0.244910 2.375452 0.126487
v 0.244910 2.375452 0.226487
v 0.250000 2.387593 0.126487
v 0.250000 2.387593 0.226487
v 0.331000 2.364593 0.126487
v 0.331000 2.364593 0.226487
v 0.323421 2.352001 0.126487
v 0.323421 2.352001 0.226487
v 0.315704 2.339273 0.126487
v 0.315704 2.339273 0.226487
v 0.307875 2.326483 0.126487
v 0.307875 2.326483 0.226487
v 0.299963 2.313704 0.126487
v 0.299963 2.313704 0.226487
v 0.291995 2.301008 0.126487
v 0.291995 2.301008 0.226487
v 0.284000 2.288468 0.126487
v 0.284000 2.288468 0.226487
v 0.276005 2.276157 0.126487
v 0.276005 2.276157 0.226487
v 0.268037 2.264148 0.126487
v 0.268037 2.264148 0.226487
v 0.260125 2.252515 0.126487
v 0.260125 2.252515 0.226487
v 0.252296 2.241329 0.126487
v 0.252296 2.241329 0.226487
v 0.244579 2.230664 0.126487
v 0.244579 2.230664 0.226487
v 0.237000 2.220592 0.126487
v 0.237000 2.220592 0.226487
v 0.466000 2.220592 0.126487
v 0.466000 2.220592 0.226487
v 0.466000 2.156593 0.126487
v 0.466000 2.156593 0.226487
v 0.138000 2.156593 0.126487
v 0.138000 2.156593 0.226487
v 0.161962 2.137065 0.126487
v 0.161962 2.137065 0.226487
v 0.187699 2.118037 0.126487
v 0.187699 2.118037 0.226487
v 0.214984 2.099593 0.126487
v 0.214984 2.099593 0.226487
v 0.243593 2.081815 0.126487
v 0.243593 2.081815 0.226487
v 0.273298 2.064787 0.126487
v 0.273298 2.064787 0.226487
v 0.303875 2.048593 0.126487
v 0.303875 2.048593 0.226487
v 0.335098 2.033315 0.126487
v 0.335098 2.033315 0.226487
v 0.366741 2.019037 0.126487
v 0.366741 2.019037 0.226487
v 0.398578 2.005843 0.126487
v 0.398578 2.005843 0.226487
v 0.430384 1.993815 0.126487
v 0.430384 1.993815 0.226487
v 0.461933 1.983037 0.126487
v 0.461933 1.983037 0.226487
v 0.493000 1.973593 0.126487
v 0.493000 1.973593 0.226487
v 0.488655 1.969565 0.126487
v 0.488655 1.969565 0.226487
v 0.484153 1.965037 0.126487
v 0.484153 1.965037 0.226487
v 0.479547 1.960093 0.126487
v 0.479547 1.960093 0.226487
v 0.474889 1.954815 0.126487
v 0.474889 1.954815 0.226487
v 0.470231 1.949287 0.126487
v 0.470231 1.949287 0.226487
v 0.465625 1.943593 0.126487
v 0.465625 1.943593 0.226487
v 0.461123 1.937815 0.126487
v 0.461123 1.937815 0.226487
v 0.456778 1.932037 0.126487
v 0.456778 1.932037 0.226487
v 0.452641 1.926343 0.126487
v 0.452641 1.926343 0.226487
v 0.448764 1.920815 0.126487
v 0.448764 1.920815 0.226487
v 0.445200 1.915537 0.126487
v 0.445200 1.915537 0.226487
v 0.442000 1.910593 0.126487
v 0.442000 1.910593 0.226487
v 0.434499 1.913134 0.126487
v 0.434499 1.913134 0.226487
v 0.426995 1.915759 0.126487
v 0.426995 1.915759 0.226487
v 0.419484 1.918468 0.126487
v 0.419484 1.918468 0.226487
v 0.411963 1.921259 0.126487
v 0.411963 1.921259 0.226487
v 0.404428 1.924134 0.126487
v 0.404428 1.924134 0.226487
v 0.396875 1.927093 0.126487
v 0.396875 1.927093 0.226487
v 0.389302 1.930134 0.126487
v 0.389302 1.930134 0.226487
v 0.381704 1.933259 0.126487
v 0.381704 1.933259 0.226487
v 0.374078 1.936468 0.126487
v 0.374078 1.936468 0.226487
v 0.366421 1.939759 0.126487
v 0.366421 1.939759 0.226487
v 0.358730 1.943134 0.126487
v 0.358730 1.943134 0.226487
v 0.351000 1.946593 0.126487
v 0.351000 1.946593 0.226487
v 0.351000 1.582592 0.126487
v 0.351000 1.582592 0.226487
v 0.276000 1.582592 0.126487
v 0.276000 1.582592 0.226487
v 0.276000 1.613593 0.126487
v 0.276000 1.613593 0.226487
v -0.214000 1.613593 0.126487
v -0.214000 1.613593 0.226487
v -0.214000 1.578593 0.126487
v -0.214000 1.578593 0.226487
v -0.286000 1.578593 0.126487
v -0.286000 1.578593 0.226487
v -0.286000 1.949593 0.126487
v -0.286000 1.949593 0.226487
v -0.294999 1.945135 0.126487
v -0.294999 1.945135 0.226487
v -0.303991 1.940764 0.126487
v -0.303991 1.940764 0.226487
v -0.312969 1.936483 0.126487
v -0.312969 1.936483 0.226487
v -0.321926 1.932296 0.126487
v -0.321926 1.932296 0.226487
v -0.330855 1.928207 0.126487
v -0.330855 1.928207 0.226487
v -0.339750 1.924218 0.126487
v -0.339750 1.924218 0.226487
v -0.348603 1.920333 0.126487
v -0.348603 1.920333 0.226487
v -0.357407 1.916556 0.126487
v -0.357407 1.916556 0.226487
v -0.366156 1.912889 0.126487
v -0.366156 1.912889 0.226487
v -0.374843 1.909338 0.126487
v -0.374843 1.909338 0.226487
v -0.383460 1.905905 0.126487
v -0.383460 1.905905 0.226487
v -0.392000 1.902593 0.126487
v -0.392000 1.902593 0.226487
v -0.394950 1.907267 0.126487
v -0.394950 1.907267 0.226487
v -0.398264 1.912241 0.126487
v -0.398264 1.912241 0.226487
v -0.401891 1.917436 0.126487
v -0.401891 1.917436 0.226487
v -0.405778 1.922778 0.126487
v -0.405778 1.922778 0.226487
v -0.409873 1.928189 0.126487
v -0.409873 1.928189 0.226487
v -0.414125 1.933593 0.126487
v -0.414125 1.933593 0.226487
v -0.418481 1.938913 0.126487
v -0.418481 1.938913 0.226487
v -0.422889 1.944074 0.126487
v -0.422889 1.944074 0.226487
v -0.427297 1.948999 0.126487
v -0.427297 1.948999 0.226487
v -0.431653 1.953611 0.126487
v -0.431653 1.953611 0.226487
v -0.435905 1.957834 0.126487
v -0.435905 1.957834 0.226487
v -0.440000 1.961593 0.126487
v -0.440000 1.961593 0.226487
v -0.409912 1.971846 0.126487
v -0.409912 1.971846 0.226487
v -0.379296 1.983537 0.126487
v -0.379296 1.983537 0.226487
v -0.348375 1.996561 0.126487
v -0.348375 1.996561 0.226487
v -0.317370 2.010815 0.126487
v -0.317370 2.010815 0.226487
v -0.286505 2.026193 0.126487
v -0.286505 2.026193 0.226487
v -0.256000 2.042593 0.126487
v -0.256000 2.042593 0.226487
v -0.226079 2.059909 0.126487
v -0.226079 2.059909 0.226487
v -0.196963 2.078037 0.126487
v -0.196963 2.078037 0.226487
v -0.168875 2.096874 0.126487
v -0.168875 2.096874 0.226487
v -0.142037 2.116315 0.126487
v -0.142037 2.116315 0.226487
v -0.116671 2.136256 0.126487
v -0.116671 2.136256 0.226487
v -0.093000 2.156593 0.126487
v -0.093000 2.156593 0.226487
v -0.414000 2.156593 0.126487
v -0.414000 2.156593 0.226487
v -0.414000 2.220592 0.126487
v -0.414000 2.220592 0.226487
v -0.197000 2.220592 0.126487
v -0.197000 2.220592 0.226487
v -0.200804 2.230099 0.126487
v -0.200804 2.230099 0.226487
v -0.205181 2.240060 0.126487
v -0.205181 2.240060 0.226487
v -0.210078 2.250389 0.126487
v -0.210078 2.250389 0.226487
v -0.215444 2.261000 0.126487
v -0.215444 2.261000 0.226487
v -0.221227 2.271805 0.126487
v -0.221227 2.271805 0.226487
v -0.227375 2.282717 0.126487
v -0.227375 2.282717 0.226487
v -0.233835 2.293651 0.126487
v -0.233835 2.293651 0.226487
v -0.240556 2.304518 0.126487
v -0.240556 2.304518 0.226487
v -0.247484 2.315233 0.126487
v -0.247484 2.315233 0.226487
v -0.254569 2.325708 0.126487
v -0.254569 2.325708 0.226487
v -0.261759 2.335857 0.126487
v -0.261759 2.335857 0.226487
v -0.269000 2.345592 0.126487
v -0.269000 2.345592 0.226487
v -0.210000 2.367593 0.126487
v -0.210000 2.367593 0.226487
v 0.312000 1.965593 0.126487
v 0.312000 1.965593 0.226487
v 0.288326 1.977920 0.126487
v 0.288326 1.977920 0.226487
v 0.264856 1.990875 0.126487
v 0.264856 1.990875 0.226487
v 0.241672 2.004421 0.126487
v 0.241672 2.004421 0.226487
v 0.218852 2.018518 0.126487
v 0.218852 2.018518 0.226487
v 0.196476 2.033130 0.126487
v 0.196476 2.033130 0.226487
v 0.174625 2.048218 0.126487
v 0.174625 2.048218 0.226487
v 0.153378 2.063742 0.126487
v 0.153378 2.063742 0.226487
v 0.132815 2.079667 0.126487
v 0.132815 2.079667 0.226487
v 0.113016 2.095952 0.126487
v 0.113016 2.095952 0.226487
v 0.094060 2.112560 0.126487
v 0.094060 2.112560 0.226487
v 0.076028 2.129453 0.126487
v 0.076028 2.129453 0.226487
v 0.059000 2.146593 0.126487
v 0.059000 2.146593 0.226487
v 0.059000 1.983593 0.126487
v 0.059000 1.983593 0.226487
v -0.015000 1.983593 0.126487
v -0.015000 1.983593 0.226487
v -0.015000 2.142593 0.126487
v -0.015000 2.142593 0.226487
v -0.031468 2.126181 0.126487
v -0.031468 2.126181 0.226487
v -0.048824 2.109967 0.126487
v -0.048824 2.109967 0.226487
v -0.067000 2.093983 0.126487
v -0.067000 2.093983 0.226487
v -0.085926 2.078259 0.126487
v -0.085926 2.078259 0.226487
v -0.105532 2.062827 0.126487
v -0.105532 2.062827 0.226487
v -0.125750 2.047718 0.126487
v -0.125750 2.047718 0.226487
v -0.146509 2.032962 0.126487
v -0.146509 2.032962 0.226487
v -0.167741 2.018593 0.126487
v -0.167741 2.018593 0.226487
v -0.189375 2.004639 0.126487
v -0.189375 2.004639 0.226487
v -0.211343 1.991134 0.126487
v -0.211343 1.991134 0.226487
v -0.233574 1.978108 0.126487
v -0.233574 1.978108 0.226487
v -0.256000 1.965593 0.126487
v -0.256000 1.965593 0.226487
v -0.013000 1.672593 0.126487
v -0.013000 1.672593 0.226487
v -0.013000 1.765593 0.126487
v -0.013000 1.765593 0.226487
v -0.214000 1.765593 0.126487
v -0.214000 1.765593 0.226487
v -0.214000 1.672593 0.126487
v -0.214000 1.672593 0.226487
v -0.013000 1.905593 0.126487
v -0.013000 1.905593 0.226487
v -0.214000 1.905593 0.126487
v -0.214000 1.905593 0.226487
v -0.214000 1.818593 0.126487
v -0.214000 1.818593 0.226487
v -0.013000 1.818593 0.126487
v -0.013000 1.818593 0.226487
v 0.059000 1.672593 0.126487
v 0.059000 1.672593 0.226487
v 0.276000 1.672593 0.126487
v 0.276000 1.672593 0.226487
v 0.276000 1.765593 0.126487
v 0.276000 1.765593 0.226487
v 0.059000 1.765593 0.126487
v 0.059000 1.765593 0.226487
v 0.059000 1.905593 0.126487
v 0.059000 1.905593 0.226487
v 0.059000 1.818593 0.126487
v 0.059000 1.818593 0.226487
v 0.276000 1.818593 0.126487
v 0.276000 1.818593 0.226487
v 0.276000 1.905593 0.126487
v 0.276000 1.905593 0.226487
v 1.379000 1.977593 0.126487
v 1.379000 1.977593 0.226487
v 1.060000 1.659593 0.126487
v 1.060000 1.659593 0.226487
v 1.004000 1.716593 0.126487
v 1.004000 1.716593 0.226487
v 1.107000 1.818593 0.126487
v 1.107000 1.818593 0.226487
v 1.110191 1.821766 0.126487
v 1.110191 1.821766 0.226487
v 1.113431 1.824954 0.126487
v 1.113431 1.824954 0.226487
v 1.116719 1.828155 0.126487
v 1.116719 1.828155 0.226487
v 1.120055 1.831370 0.126487
v 1.120055 1.831370 0.226487
v 1.123441 1.834599 0.126487
v 1.123441 1.834599 0.226487
v 1.126875 1.837843 0.126487
v 1.126875 1.837843 0.226487
v 1.130358 1.841100 0.126487
v 1.130358 1.841100 0.226487
v 1.133889 1.844370 0.126487
v 1.133889 1.844370 0.226487
v 1.137469 1.847655 0.126487
v 1.137469 1.847655 0.226487
v 1.141097 1.850954 0.126487
v 1.141097 1.850954 0.226487
v 1.144774 1.854266 0.126487
v 1.144774 1.854266 0.226487
v 1.148500 1.857593 0.126487
v 1.148500 1.857593 0.226487
v 1.152260 1.860926 0.126487
v 1.152260 1.860926 0.226487
v 1.156042 1.864259 0.126487
v 1.156042 1.864259 0.226487
v 1.159844 1.867593 0.126487
v 1.159844 1.867593 0.226487
v 1.163667 1.870926 0.126487
v 1.163667 1.870926 0.226487
v 1.167511 1.874259 0.126487
v 1.167511 1.874259 0.226487
v 1.171375 1.877593 0.126487
v 1.171375 1.877593 0.226487
v 1.175260 1.880926 0.126487
v 1.175260 1.880926 0.226487
v 1.179167 1.884259 0.126487
v 1.179167 1.884259 0.226487
v 1.183094 1.887593 0.126487
v 1.183094 1.887593 0.226487
v 1.187042 1.890926 0.126487
v 1.187042 1.890926 0.226487
v 1.191010 1.894259 0.126487
v 1.191010 1.894259 0.226487
v 1.195000 1.897593 0.126487
v 1.195000 1.897593 0.226487
v 1.198986 1.900912 0.126487
v 1.198986 1.900912 0.226487
v 1.202944 1.904204 0.126487
v 1.202944 1.904204 0.226487
v 1.206875 1.907468 0.126487
v 1.206875 1.907468 0.226487
v 1.210778 1.910704 0.126487
v 1.210778 1.910704 0.226487
v 1.214653 1.913912 0.126487
v 1.214653 1.913912 0.226487
v 1.218500 1.917093 0.126487
v 1.218500 1.917093 0.226487
v 1.222319 1.920245 0.126487
v 1.222319 1.920245 0.226487
v 1.226111 1.923370 0.126487
v 1.226111 1.923370 0.226487
v 1.229875 1.926468 0.126487
v 1.229875 1.926468 0.226487
v 1.233611 1.929537 0.126487
v 1.233611 1.929537 0.226487
v 1.237320 1.932579 0.126487
v 1.237320 1.932579 0.226487
v 1.241000 1.935593 0.126487
v 1.241000 1.935593 0.226487
v 1.244646 1.938572 0.126487
v 1.244646 1.938572 0.226487
v 1.248250 1.941509 0.126487
v 1.248250 1.941509 0.226487
v 1.251813 1.944405 0.126487
v 1.251813 1.944405 0.226487
v 1.255333 1.947259 0.126487
v 1.255333 1.947259 0.226487
v 1.258813 1.950072 0.126487
v 1.258813 1.950072 0.226487
v 1.262250 1.952843 0.126487
v 1.262250 1.952843 0.226487
v 1.265646 1.955572 0.126487
v 1.265646 1.955572 0.226487
v 1.269000 1.958259 0.126487
v 1.269000 1.958259 0.226487
v 1.272313 1.960905 0.126487
v 1.272313 1.960905 0.226487
v 1.275583 1.963509 0.126487
v 1.275583 1.963509 0.226487
v 1.278813 1.966072 0.126487
v 1.278813 1.966072 0.226487
v 1.282000 1.968593 0.126487
v 1.282000 1.968593 0.226487
v 1.271000 1.951593 0.126487
v 1.271000 1.951593 0.226487
v 1.267663 1.951089 0.126487
v 1.267663 1.951089 0.226487
v 1.264320 1.950579 0.126487
v 1.264320 1.950579 0.226487
v 1.260969 1.950061 0.126487
v 1.260969 1.950061 0.226487
v 1.257611 1.949537 0.126487
v 1.257611 1.949537 0.226487
v 1.254247 1.949006 0.126487
v 1.254247 1.949006 0.226487
v 1.250875 1.948468 0.126487
v 1.250875 1.948468 0.226487
v 1.247496 1.947922 0.126487
v 1.247496 1.947922 0.226487
v 1.244111 1.947370 0.126487
v 1.244111 1.947370 0.226487
v 1.240719 1.946811 0.126487
v 1.240719 1.946811 0.226487
v 1.237319 1.946245 0.126487
v 1.237319 1.946245 0.226487
v 1.233913 1.945672 0.126487
v 1.233913 1.945672 0.226487
v 1.230500 1.945093 0.126487
v 1.230500 1.945093 0.226487
v 1.227087 1.944520 0.126487
v 1.227087 1.944520 0.226487
v 1.223680 1.943968 0.126487
v 1.223680 1.943968 0.226487
v 1.220281 1.943436 0.126487
v 1.220281 1.943436 0.226487
v 1.216889 1.942926 0.126487
v 1.216889 1.942926 0.226487
v 1.213503 1.942436 0.126487
v 1.213503 1.942436 0.226487
v 1.210125 1.941968 0.126487
v 1.210125 1.941968 0.226487
v 1.206753 1.941520 0.126487
v 1.206753 1.941520 0.226487
v 1.203389 1.941093 0.126487
v 1.203389 1.941093 0.226487
v 1.200031 1.940686 0.126487
v 1.200031 1.940686 0.226487
v 1.196681 1.940301 0.126487
v 1.196681 1.940301 0.226487
v 1.193337 1.939936 0.126487
v 1.193337 1.939936 0.226487
v 1.190000 1.939593 0.126487
v 1.190000 1.939593 0.226487
v 1.186660 1.939273 0.126487
v 1.186660 1.939273 0.226487
v 1.183306 1.938982 0.126487
v 1.183306 1.938981 0.226487
v 1.179938 1.938718 0.126487
v 1.179938 1.938718 0.226487
v 1.176556 1.938481 0.126487
v 1.176556 1.938481 0.226487
v 1.173160 1.938273 0.126487
v 1.173160 1.938273 0.226487
v 1.169750 1.938093 0.126487
v 1.169750 1.938093 0.226487
v 1.166327 1.937940 0.126487
v 1.166327 1.937940 0.226487
v 1.162889 1.937815 0.126487
v 1.162889 1.937815 0.226487
v 1.159438 1.937718 0.126487
v 1.159438 1.937718 0.226487
v 1.155972 1.937648 0.126487
v 1.155972 1.937648 0.226487
v 1.152493 1.937606 0.126487
v 1.152493 1.937606 0.226487
v 1.149000 1.937593 0.126487
v 1.149000 1.937593 0.226487
v 0.648000 1.937593 0.126487
v 0.648000 1.937593 0.226487
v 0.648000 2.018593 0.126487
v 0.648000 2.018593 0.226487
v 1.149000 2.018593 0.126487
v 1.149000 2.018593 0.226487
v 1.152493 2.018575 0.126487
v 1.152493 2.018575 0.226487
v 1.155972 2.018523 0.126487
v 1.155972 2.018523 0.226487
v 1.159437 2.018436 0.126487
v 1.159437 2.018436 0.226487
v 1.162889 2.018315 0.126487
v 1.162889 2.018315 0.226487
v 1.166326 2.018159 0.126487
v 1.166326 2.018158 0.226487
v 1.169750 2.017968 0.126487
v 1.169750 2.017968 0.226487
v 1.173160 2.017742 0.126487
v 1.173160 2.017742 0.226487
v 1.176555 2.017482 0.126487
v 1.176555 2.017482 0.226487
v 1.179937 2.017186 0.126487
v 1.179937 2.017186 0.226487
v 1.183305 2.016856 0.126487
v 1.183305 2.016856 0.226487
v 1.186660 2.016492 0.126487
v 1.186660 2.016492 0.226487
v 1.190000 2.016093 0.126487
v 1.190000 2.016093 0.226487
v 1.193337 2.015676 0.126487
v 1.193337 2.015676 0.226487
v 1.196681 2.015259 0.126487
v 1.196681 2.015259 0.226487
v 1.200031 2.014843 0.126487
v 1.200031 2.014843 0.226487
v 1.203389 2.014426 0.126487
v 1.203389 2.014426 0.226487
v 1.206753 2.014009 0.126487
v 1.206753 2.014009 0.226487
v 1.210125 2.013592 0.126487
v 1.210125 2.013592 0.226487
v 1.213503 2.013176 0.126487
v 1.213503 2.013176 0.226487
v 1.216889 2.012759 0.126487
v 1.216889 2.012759 0.226487
v 1.220281 2.012343 0.126487
v 1.220281 2.012342 0.226487
v 1.223680 2.011926 0.126487
v 1.223680 2.011926 0.226487
v 1.227087 2.011509 0.126487
v 1.227087 2.011509 0.226487
v 1.230500 2.011093 0.126487
v 1.230500 2.011093 0.226487
v 1.233913 2.010659 0.126487
v 1.233913 2.010659 0.226487
v 1.237319 2.010190 0.126487
v 1.237319 2.010190 0.226487
v 1.240719 2.009686 0.126487
v 1.240719 2.009686 0.226487
v 1.244111 2.009148 0.126487
v 1.244111 2.009148 0.226487
v 1.247496 2.008575 0.126487
v 1.247496 2.008575 0.226487
v 1.250875 2.007967 0.126487
v 1.250875 2.007967 0.226487
v 1.254246 2.007325 0.126487
v 1.254246 2.007325 0.226487
v 1.257611 2.006648 0.126487
v 1.257611 2.006648 0.226487
v 1.260969 2.005936 0.126487
v 1.260969 2.005936 0.226487
v 1.264319 2.005190 0.126487
v 1.264319 2.005190 0.226487
v 1.267663 2.004409 0.126487
v 1.267663 2.004409 0.226487
v 1.271000 2.003592 0.126487
v 1.271000 2.003592 0.226487
v 1.282000 1.987593 0.126487
v 1.282000 1.987593 0.226487
v 1.277792 1.990804 0.126487
v 1.277792 1.990804 0.226487
v 1.273500 1.994107 0.126487
v 1.273500 1.994106 0.226487
v 1.269125 1.997499 0.126487
v 1.269125 1.997499 0.226487
v 1.264667 2.000982 0.126487
v 1.264667 2.000982 0.226487
v 1.260125 2.004555 0.126487
v 1.260125 2.004554 0.226487
v 1.255500 2.008218 0.126487
v 1.255500 2.008218 0.226487
v 1.250792 2.011971 0.126487
v 1.250792 2.011971 0.226487
v 1.246000 2.015815 0.126487
v 1.246000 2.015815 0.226487
v 1.241125 2.019749 0.126487
v 1.241125 2.019749 0.226487
v 1.236167 2.023773 0.126487
v 1.236167 2.023773 0.226487
v 1.231125 2.027888 0.126487
v 1.231125 2.027888 0.226487
v 1.226000 2.032093 0.126487
v 1.226000 2.032093 0.226487
v 1.220830 2.036356 0.126487
v 1.220830 2.036356 0.226487
v 1.215653 2.040648 0.126487
v 1.215653 2.040648 0.226487
v 1.210469 2.044968 0.126487
v 1.210469 2.044968 0.226487
v 1.205278 2.049315 0.126487
v 1.205278 2.049315 0.226487
v 1.200080 2.053690 0.126487
v 1.200080 2.053690 0.226487
v 1.194875 2.058093 0.126487
v 1.194875 2.058093 0.226487
v 1.189663 2.062523 0.126487
v 1.189663 2.062523 0.226487
v 1.184444 2.066982 0.126487
v 1.184444 2.066982 0.226487
v 1.179219 2.071468 0.126487
v 1.179219 2.071468 0.226487
v 1.173986 2.075981 0.126487
v 1.173986 2.075981 0.226487
v 1.168747 2.080523 0.126487
v 1.168747 2.080523 0.226487
v 1.163500 2.085093 0.126487
v 1.163500 2.085093 0.226487
v 1.158295 2.089658 0.126487
v 1.158295 2.089658 0.226487
v 1.153181 2.094190 0.126487
v 1.153181 2.094190 0.226487
v 1.148156 2.098686 0.126487
v 1.148156 2.098686 0.226487
v 1.143222 2.103148 0.126487
v 1.143222 2.103148 0.226487
v 1.138379 2.107575 0.126487
v 1.138379 2.107575 0.226487
v 1.133625 2.111968 0.126487
v 1.133625 2.111968 0.226487
v 1.128962 2.116325 0.126487
v 1.128962 2.116325 0.226487
v 1.124389 2.120648 0.126487
v 1.124389 2.120648 0.226487
v 1.119906 2.124936 0.126487
v 1.119906 2.124936 0.226487
v 1.115514 2.129190 0.126487
v 1.115514 2.129190 0.226487
v 1.111212 2.133409 0.126487
v 1.111212 2.133409 0.226487
v 1.107000 2.137593 0.126487
v 1.107000 2.137593 0.226487
v 1.004000 2.239593 0.126487
v 1.004000 2.239593 0.226487
v 1.060000 2.296593 0.126487
v 1.060000 2.296593 0.226487
vn -0.0000 -0.0000 1.0000
vn -0.0000 -0.0000 -1.0000
vn 0.7071 0.7071 -0.0000
vn 0.7071 -0.7071 -0.0000
vn 0.8409 -0.5412 -0.0000
vn 0.9001 0.4356 -0.0000
vn 0.8786 0.4775 -0.0000
vn 0.8555 0.5179 -0.0000
vn 0.8304 0.5571 -0.0000
vn 0.8032 0.5957 -0.0000
vn 0.7733 0.6341 -0.0000
vn 0.7402 0.6724 -0.0000
vn 0.7033 0.7109 -0.0000
vn 0.6617 0.7498 -0.0000
vn 0.6144 0.7890 -0.0000
vn 0.5602 0.8283 -0.0000
vn 0.9979 0.0649 -0.0000
vn 0.6501 -0.7598 -0.0000
vn 0.6749 -0.7379 -0.0000
vn 0.6951 -0.7189 -0.0000
vn 0.7123 -0.7019 -0.0000
vn 0.7276 -0.6860 -0.0000
vn 0.7417 -0.6708 -0.0000
vn 0.7552 -0.6555 -0.0000
vn 0.7686 -0.6397 -0.0000
vn 0.7825 -0.6227 -0.0000
vn 0.7973 -0.6036 -0.0000
vn 0.8137 -0.5812 -0.0000
vn 0.1756 -0.9845 -0.0000
vn -0.6031 -0.7977 -0.0000
vn -0.6548 -0.7558 -0.0000
vn -0.6997 -0.7144 -0.0000
vn -0.7390 -0.6737 -0.0000
vn -0.7734 -0.6339 -0.0000
vn -0.8039 -0.5947 -0.0000
vn -0.8311 -0.5561 -0.0000
vn -0.8555 -0.5178 -0.0000
vn -0.8776 -0.4795 -0.0000
vn -0.8976 -0.4409 -0.0000
vn -0.9158 -0.4017 -0.0000
vn -0.5560 -0.8312 -0.0000
vn -0.7071 -0.7071 -0.0000
vn -0.7071 0.7071 -0.0000
vn 0.5526 -0.8334 -0.0000
vn 0.9128 -0.4085 -0.0000
vn 0.8949 -0.4462 -0.0000
vn 0.8755 -0.4833 -0.0000
vn 0.8542 -0.5199 -0.0000
vn 0.8308 -0.5565 -0.0000
vn 0.8050 -0.5933 -0.0000
vn 0.7762 -0.6305 -0.0000
vn 0.7439 -0.6683 -0.0000
vn 0.7074 -0.7069 -0.0000
vn 0.6657 -0.7462 -0.0000
vn 0.6180 -0.7861 -0.0000
vn -0.1744 -0.9847 -0.0000
vn -0.8220 -0.5695 -0.0000
vn -0.8015 -0.5980 -0.0000
vn -0.7838 -0.6210 -0.0000
vn -0.7681 -0.6403 -0.0000
vn -0.7537 -0.6572 -0.0000
vn -0.7400 -0.6726 -0.0000
vn -0.7265 -0.6871 -0.0000
vn -0.7127 -0.7014 -0.0000
vn -0.6980 -0.7161 -0.0000
vn -0.6817 -0.7316 -0.0000
vn -0.6627 -0.7489 -0.0000
vn -0.9980 0.0626 -0.0000
vn -0.5815 0.8136 -0.0000
vn -0.6346 0.7729 -0.0000
vn -0.6801 0.7331 -0.0000
vn -0.7195 0.6945 -0.0000
vn -0.7540 0.6568 -0.0000
vn -0.7846 0.6199 -0.0000
vn -0.8121 0.5835 -0.0000
vn -0.8370 0.5472 -0.0000
vn -0.8598 0.5107 -0.0000
vn -0.8809 0.4733 -0.0000
vn -0.9006 0.4347 -0.0000
vn -0.8411 -0.5409 -0.0000
vn 0.0765 -0.9971 -0.0000
vn 0.0739 -0.9973 -0.0000
vn 0.0712 -0.9975 -0.0000
vn 0.0686 -0.9976 -0.0000
vn 0.0660 -0.9978 -0.0000
vn 0.0634 -0.9980 -0.0000
vn 0.0607 -0.9982 -0.0000
vn 0.0581 -0.9983 -0.0000
vn 0.0555 -0.9985 -0.0000
vn 0.0528 -0.9986 -0.0000
vn 0.0502 -0.9987 -0.0000
vn 0.9119 -0.4104 -0.0000
vn 0.7880 0.6157 -0.0000
vn 0.8031 0.5958 -0.0000
vn 0.8170 0.5766 -0.0000
vn 0.8302 0.5574 -0.0000
vn 0.8431 0.5378 -0.0000
vn 0.8560 0.5170 -0.0000
vn 0.8692 0.4944 -0.0000
vn 0.8831 0.4691 -0.0000
vn 0.8981 0.4399 -0.0000
vn 0.9143 0.4050 -0.0000
vn 0.9323 0.3618 -0.0000
vn 0.9155 -0.4022 -0.0000
vn 0.9802 0.1979 -0.0000
vn -0.6790 -0.7341 -0.0000
vn -0.6389 -0.7693 -0.0000
vn -0.9863 -0.1648 -0.0000
vn -0.9802 -0.1978 -0.0000
vn -0.9745 -0.2245 -0.0000
vn -0.9690 -0.2471 -0.0000
vn -0.9637 -0.2670 -0.0000
vn -0.9585 -0.2851 -0.0000
vn -0.9532 -0.3024 -0.0000
vn -0.9476 -0.3194 -0.0000
vn -0.9415 -0.3369 -0.0000
vn -0.9346 -0.3557 -0.0000
vn -0.9263 -0.3768 -0.0000
vn -0.8455 0.5340 -0.0000
vn -0.0494 0.9988 -0.0000
vn -0.0570 0.9984 -0.0000
vn -0.0649 0.9979 -0.0000
vn -0.0732 0.9973 -0.0000
vn -0.0823 0.9966 -0.0000
vn -0.0924 0.9957 -0.0000
vn -0.1040 0.9946 -0.0000
vn -0.1175 0.9931 -0.0000
vn -0.1337 0.9910 -0.0000
vn -0.1537 0.9881 -0.0000
vn -0.1793 0.9838 -0.0000
vn 0.3179 0.9481 -0.0000
vn 0.9484 -0.3169 -0.0000
vn 0.1893 -0.9819 -0.0000
vn 0.1772 -0.9842 -0.0000
vn 0.1663 -0.9861 -0.0000
vn 0.1564 -0.9877 -0.0000
vn 0.1475 -0.9891 -0.0000
vn 0.1392 -0.9903 -0.0000
vn 0.1317 -0.9913 -0.0000
vn 0.1247 -0.9922 -0.0000
vn 0.1182 -0.9930 -0.0000
vn 0.1122 -0.9937 -0.0000
vn 0.1065 -0.9943 -0.0000
vn 0.7429 -0.6694 -0.0000
vn -0.9855 0.1697 -0.0000
vn -0.9472 -0.3208 -0.0000
vn -0.8436 0.5370 -0.0000
vn -0.8533 0.5214 -0.0000
vn -0.8616 0.5076 -0.0000
vn -0.8690 0.4949 -0.0000
vn -0.8758 0.4827 -0.0000
vn -0.8823 0.4708 -0.0000
vn -0.8887 0.4585 -0.0000
vn -0.8952 0.4456 -0.0000
vn -0.9021 0.4315 -0.0000
vn -0.9096 0.4156 -0.0000
vn -0.9179 0.3968 -0.0000
vn -0.4337 0.9011 -0.0000
vn 0.9301 0.3674 -0.0000
vn 0.8559 -0.5171 -0.0000
vn 0.8540 -0.5203 -0.0000
vn 0.8516 -0.5242 -0.0000
vn 0.8486 -0.5290 -0.0000
vn 0.8451 -0.5346 -0.0000
vn 0.8409 -0.5411 -0.0000
vn 0.8360 -0.5488 -0.0000
vn 0.8301 -0.5576 -0.0000
vn 0.8231 -0.5679 -0.0000
vn 0.8147 -0.5798 -0.0000
vn 0.8046 -0.5938 -0.0000
vn 0.8948 0.4465 -0.0000
vn 0.9421 -0.3353 -0.0000
vn 0.6133 0.7899 -0.0000
vn 0.5774 0.8165 -0.0000
vn 0.5440 0.8391 -0.0000
vn 0.5126 0.8586 -0.0000
vn 0.4827 0.8758 -0.0000
vn 0.4538 0.8911 -0.0000
vn 0.4255 0.9050 -0.0000
vn 0.3971 0.9178 -0.0000
vn 0.3683 0.9297 -0.0000
vn 0.3385 0.9410 -0.0000
vn 0.3071 0.9517 -0.0000
vn 0.9745 0.2242 -0.0000
vn 0.6946 -0.7194 -0.0000
vn 0.7205 -0.6934 -0.0000
vn 0.7408 -0.6717 -0.0000
vn 0.7573 -0.6531 -0.0000
vn 0.7711 -0.6367 -0.0000
vn 0.7832 -0.6218 -0.0000
vn 0.7940 -0.6079 -0.0000
vn 0.8041 -0.5944 -0.0000
vn 0.8139 -0.5810 -0.0000
vn 0.8238 -0.5669 -0.0000
vn 0.8342 -0.5515 -0.0000
vn 0.3286 -0.9445 -0.0000
vn -0.3256 -0.9455 -0.0000
vn -0.3347 -0.9423 -0.0000
vn -0.3436 -0.9391 -0.0000
vn -0.3522 -0.9359 -0.0000
vn -0.3606 -0.9327 -0.0000
vn -0.3687 -0.9295 -0.0000
vn -0.3765 -0.9264 -0.0000
vn -0.3841 -0.9233 -0.0000
vn -0.3914 -0.9202 -0.0000
vn -0.3984 -0.9172 -0.0000
vn -0.4051 -0.9143 -0.0000
vn 0.5439 -0.8392 -0.0000
vn -0.5273 -0.8497 -0.0000
vn 0.4405 -0.8977 -0.0000
vn 0.4338 -0.9010 -0.0000
vn 0.4269 -0.9043 -0.0000
vn 0.4199 -0.9076 -0.0000
vn 0.4128 -0.9108 -0.0000
vn 0.4055 -0.9141 -0.0000
vn 0.3980 -0.9174 -0.0000
vn 0.3904 -0.9207 -0.0000
vn 0.3825 -0.9240 -0.0000
vn 0.3743 -0.9273 -0.0000
vn 0.3659 -0.9307 -0.0000
vn -0.3136 -0.9496 -0.0000
vn -0.8390 -0.5441 -0.0000
vn -0.8261 -0.5635 -0.0000
vn -0.8143 -0.5804 -0.0000
vn -0.8030 -0.5960 -0.0000
vn -0.7917 -0.6110 -0.0000
vn -0.7799 -0.6259 -0.0000
vn -0.7671 -0.6415 -0.0000
vn -0.7528 -0.6582 -0.0000
vn -0.7361 -0.6768 -0.0000
vn -0.7160 -0.6981 -0.0000
vn -0.6906 -0.7233 -0.0000
vn -0.9786 0.2055 -0.0000
vn -0.3397 0.9405 -0.0000
vn -0.3725 0.9280 -0.0000
vn -0.4030 0.9152 -0.0000
vn -0.4319 0.9019 -0.0000
vn -0.4598 0.8880 -0.0000
vn -0.4873 0.8733 -0.0000
vn -0.5148 0.8573 -0.0000
vn -0.5428 0.8398 -0.0000
vn -0.5719 0.8203 -0.0000
vn -0.6025 0.7982 -0.0000
vn -0.6350 0.7725 -0.0000
vn -0.9377 -0.3475 -0.0000
vn -0.8281 0.5606 -0.0000
vn -0.9221 -0.3869 -0.0000
vn -0.9096 -0.4154 -0.0000
vn -0.8980 -0.4399 -0.0000
vn -0.8871 -0.4616 -0.0000
vn -0.8765 -0.4814 -0.0000
vn -0.8662 -0.4998 -0.0000
vn -0.8558 -0.5174 -0.0000
vn -0.8452 -0.5345 -0.0000
vn -0.8341 -0.5517 -0.0000
vn -0.8222 -0.5692 -0.0000
vn -0.8092 -0.5875 -0.0000
vn -0.9590 0.2833 -0.0000
vn -0.9806 -0.1961 -0.0000
vn -0.9713 0.2377 -0.0000
vn -0.4726 -0.8813 -0.0000
vn -0.4939 -0.8695 -0.0000
vn -0.5151 -0.8572 -0.0000
vn -0.5362 -0.8441 -0.0000
vn -0.5575 -0.8302 -0.0000
vn -0.5791 -0.8152 -0.0000
vn -0.6012 -0.7991 -0.0000
vn -0.6238 -0.7816 -0.0000
vn -0.6472 -0.7623 -0.0000
vn -0.6714 -0.7411 -0.0000
vn -0.6967 -0.7174 -0.0000
vn 0.3812 -0.9245 -0.0000
vn -0.3835 -0.9236 -0.0000
vn 0.6944 -0.7196 -0.0000
vn 0.6716 -0.7409 -0.0000
vn 0.6498 -0.7601 -0.0000
vn 0.6288 -0.7775 -0.0000
vn 0.6086 -0.7935 -0.0000
vn 0.5890 -0.8081 -0.0000
vn 0.5700 -0.8217 -0.0000
vn 0.5513 -0.8343 -0.0000
vn 0.5329 -0.8462 -0.0000
vn 0.5147 -0.8574 -0.0000
vn 0.4965 -0.8681 -0.0000
vn 0.9678 0.2518 -0.0000
vn 1.0000 -0.0008 -0.0000
vn -0.0052 -1.0000 -0.0000
vn -1.0000 0.0069 -0.0000
vn -0.7044 0.7098 -0.0000
vn -0.7033 0.7109 -0.0000
vn -0.6995 0.7147 -0.0000
vn -0.6957 0.7183 -0.0000
vn -0.6920 0.7219 -0.0000
vn -0.6884 0.7253 -0.0000
vn -0.6848 0.7287 -0.0000
vn -0.6813 0.7320 -0.0000
vn -0.6778 0.7352 -0.0000
vn -0.6744 0.7384 -0.0000
vn -0.6710 0.7415 -0.0000
vn -0.6677 0.7445 -0.0000
vn -0.6647 0.7471 -0.0000
vn -0.6623 0.7492 -0.0000
vn -0.6603 0.7510 -0.0000
vn -0.6582 0.7528 -0.0000
vn -0.6562 0.7546 -0.0000
vn -0.6542 0.7564 -0.0000
vn -0.6521 0.7581 -0.0000
vn -0.6501 0.7598 -0.0000
vn -0.6481 0.7615 -0.0000
vn -0.6461 0.7632 -0.0000
vn -0.6441 0.7649 -0.0000
vn -0.6422 0.7666 -0.0000
vn -0.6405 0.7679 -0.0000
vn -0.6397 0.7687 -0.0000
vn -0.6391 0.7691 -0.0000
vn -0.6386 0.7696 -0.0000
vn -0.6380 0.7700 -0.0000
vn -0.6375 0.7705 -0.0000
vn -0.6369 0.7710 -0.0000
vn -0.6363 0.7714 -0.0000
vn -0.6357 0.7719 -0.0000
vn -0.6351 0.7724 -0.0000
vn -0.6345 0.7729 -0.0000
vn -0.6339 0.7734 -0.0000
vn -0.6332 0.7740 -0.0000
vn -0.6323 0.7748 -0.0000
vn -0.6313 0.7756 -0.0000
vn -0.6302 0.7764 -0.0000
vn -0.6292 0.7772 -0.0000
vn -0.6281 0.7781 -0.0000
vn -0.6270 0.7790 -0.0000
vn -0.6259 0.7799 -0.0000
vn -0.6247 0.7809 -0.0000
vn -0.6235 0.7818 -0.0000
vn -0.6222 0.7828 -0.0000
vn -0.6210 0.7838 -0.0000
vn 0.6728 0.7398 -0.0000
vn 0.5423 -0.8402 -0.0000
vn 0.1500 -0.9887 -0.0000
vn 0.1518 -0.9884 -0.0000
vn 0.1534 -0.9882 -0.0000
vn 0.1551 -0.9879 -0.0000
vn 0.1568 -0.9876 -0.0000
vn 0.1585 -0.9874 -0.0000
vn 0.1601 -0.9871 -0.0000
vn 0.1618 -0.9868 -0.0000
vn 0.1634 -0.9866 -0.0000
vn 0.1650 -0.9863 -0.0000
vn 0.1667 -0.9860 -0.0000
vn 0.1665 -0.9860 -0.0000
vn 0.1628 -0.9867 -0.0000
vn 0.1572 -0.9876 -0.0000
vn 0.1516 -0.9884 -0.0000
vn 0.1460 -0.9893 -0.0000
vn 0.1403 -0.9901 -0.0000
vn 0.1346 -0.9909 -0.0000
vn 0.1288 -0.9917 -0.0000
vn 0.1230 -0.9924 -0.0000
vn 0.1172 -0.9931 -0.0000
vn 0.1113 -0.9938 -0.0000
vn 0.1054 -0.9944 -0.0000
vn 0.0988 -0.9951 -0.0000
vn 0.0909 -0.9959 -0.0000
vn 0.0824 -0.9966 -0.0000
vn 0.0654 -0.9979 -0.0000
vn 0.0571 -0.9984 -0.0000
vn 0.0487 -0.9988 -0.0000
vn 0.0405 -0.9992 -0.0000
vn 0.0322 -0.9995 -0.0000
vn 0.0241 -0.9997 -0.0000
vn 0.0160 -0.9999 -0.0000
vn 0.0080 -1.0000 -0.0000
vn 0.0020 -1.0000 -0.0000
vn 0.0025 1.0000 -0.0000
vn 0.0100 1.0000 -0.0000
vn 0.0200 0.9998 -0.0000
vn 0.0301 0.9995 -0.0000
vn 0.0403 0.9992 -0.0000
vn 0.0506 0.9987 -0.0000
vn 0.0609 0.9981 -0.0000
vn 0.0713 0.9975 -0.0000
vn 0.0817 0.9967 -0.0000
vn 0.0922 0.9957 -0.0000
vn 0.1028 0.9947 -0.0000
vn 0.1134 0.9936 -0.0000
vn 0.1213 0.9926 -0.0000
vn 0.1238 0.9923 -0.0000
vn 0.1235 0.9923 -0.0000
vn 0.1233 0.9924 -0.0000
vn 0.1230 0.9924 -0.0000
vn 0.1228 0.9924 -0.0000
vn 0.1225 0.9925 -0.0000
vn 0.1223 0.9925 -0.0000
vn 0.1220 0.9925 -0.0000
vn 0.1218 0.9926 -0.0000
vn 0.1215 0.9926 -0.0000
vn 0.1237 0.9923 -0.0000
vn 0.1312 0.9914 -0.0000
vn 0.1414 0.9899 -0.0000
vn 0.1516 0.9884 -0.0000
vn 0.1618 0.9868 -0.0000
vn 0.1719 0.9851 -0.0000
vn 0.1821 0.9833 -0.0000
vn 0.1922 0.9814 -0.0000
vn 0.2023 0.9793 -0.0000
vn 0.2124 0.9772 -0.0000
vn 0.2225 0.9749 -0.0000
vn 0.2325 0.9726 -0.0000
vn 0.5681 0.8230 -0.0000
vn 0.6893 -0.7244 -0.0000
vn -0.6083 -0.7937 -0.0000
vn -0.6113 -0.7914 -0.0000
vn -0.6142 -0.7892 -0.0000
vn -0.6169 -0.7870 -0.0000
vn -0.6196 -0.7849 -0.0000
vn -0.6221 -0.7829 -0.0000
vn -0.6245 -0.7810 -0.0000
vn -0.6269 -0.7791 -0.0000
vn -0.6291 -0.7773 -0.0000
vn -0.6312 -0.7756 -0.0000
vn -0.6333 -0.7739 -0.0000
vn -0.6353 -0.7723 -0.0000
vn -0.6372 -0.7707 -0.0000
vn -0.6392 -0.7691 -0.0000
vn -0.6411 -0.7675 -0.0000
vn -0.6430 -0.7659 -0.0000
vn -0.6449 -0.7643 -0.0000
vn -0.6468 -0.7627 -0.0000
vn -0.6486 -0.7611 -0.0000
vn -0.6505 -0.7595 -0.0000
vn -0.6523 -0.7580 -0.0000
vn -0.6541 -0.7564 -0.0000
vn -0.6559 -0.7549 -0.0000
vn -0.6581 -0.7529 -0.0000
vn -0.6613 -0.7501 -0.0000
vn -0.6650 -0.7468 -0.0000
vn -0.6688 -0.7434 -0.0000
vn -0.6727 -0.7399 -0.0000
vn -0.6767 -0.7363 -0.0000
vn -0.6807 -0.7326 -0.0000
vn -0.6849 -0.7287 -0.0000
vn -0.6891 -0.7247 -0.0000
vn -0.6935 -0.7205 -0.0000
vn -0.6979 -0.7162 -0.0000
vn -0.7025 -0.7117 -0.0000
vn -0.7042 -0.7100 -0.0000
vn -1.0000 -0.0069 -0.0000
vn -0.0044 1.0000 -0.0000
vt 0.993976 0.000000
vt 0.000000 0.000000
vt 1.000000 0.000000
vt 0.987952 0.000000
vt 0.981928 0.000000
vt 0.975904 0.000000
vt 0.969880 0.000000
vt 0.963855 0.000000
vt 0.957831 0.000000
vt 0.951807 0.000000
vt 0.945783 0.000000
vt 0.939759 0.000000
vt 0.933735 0.000000
vt 0.927711 0.000000
vt 0.921687 0.000000
vt 0.915663 0.000000
vt 0.909639 0.000000
vt 0.903614 0.000000
vt 0.897590 0.000000
vt 0.891566 0.000000
vt 0.885542 0.000000
vt 0.879518 0.000000
vt 0.873494 0.000000
vt 0.867470 0.000000
vt 0.861446 0.000000
vt 0.855422 0.000000
vt 0.849398 0.000000
vt 0.843373 0.000000
vt 0.837349 0.000000
vt 0.831325 0.000000
vt 0.825301 0.000000
vt 0.819277 0.000000
vt 0.536145 0.000000
vt 0.548193 0.000000
vt 0.542169 0.000000
vt 0.554217 0.000000
vt 0.560241 0.000000
vt 0.566265 0.000000
vt 0.572289 0.000000
vt 0.578313 0.000000
vt 0.584337 0.000000
vt 0.590361 0.000000
vt 0.596386 0.000000
vt 0.602410 0.000000
vt 0.608434 0.000000
vt 0.614458 0.000000
vt 0.620482 0.000000
vt 0.626506 0.000000
vt 0.813253 0.000000
vt 0.632530 0.000000
vt 0.638554 0.000000
vt 0.644578 0.000000
vt 0.650602 0.000000
vt 0.656627 0.000000
vt 0.662651 0.000000
vt 0.668675 0.000000
vt 0.674699 0.000000
vt 0.680723 0.000000
vt 0.807229 0.000000
vt 0.686747 0.000000
vt 0.692771 0.000000
vt 0.698795 0.000000
vt 0.704819 0.000000
vt 0.710843 0.000000
vt 0.716867 0.000000
vt 0.722892 0.000000
vt 0.728916 0.000000
vt 0.801205 0.000000
vt 0.740964 0.000000
vt 0.746988 0.000000
vt 0.753012 0.000000
vt 0.759036 0.000000
vt 0.734940 0.000000
vt 0.795181 0.000000
vt 0.765060 0.000000
vt 0.771084 0.000000
vt 0.789157 0.000000
vt 0.783133 0.000000
vt 0.777108 0.000000
vt 0.307229 0.000000
vt 0.313253 0.000000
vt 0.006024 0.000000
vt 0.301205 0.000000
vt 0.295181 0.000000
vt 0.289157 0.000000
vt 0.283133 0.000000
vt 0.277108 0.000000
vt 0.271084 0.000000
vt 0.265060 0.000000
vt 0.319277 0.000000
vt 0.325301 0.000000
vt 0.331325 0.000000
vt 0.337349 0.000000
vt 0.259036 0.000000
vt 0.343374 0.000000
vt 0.349398 0.000000
vt 0.355422 0.000000
vt 0.361446 0.000000
vt 0.367470 0.000000
vt 0.253012 0.000000
vt 0.373494 0.000000
vt 0.379518 0.000000
vt 0.385542 0.000000
vt 0.391566 0.000000
vt 0.397590 0.000000
vt 0.246988 0.000000
vt 0.403614 0.000000
vt 0.409639 0.000000
vt 0.415663 0.000000
vt 0.421687 0.000000
vt 0.427711 0.000000
vt 0.433735 0.000000
vt 0.240964 0.000000
vt 0.439759 0.000000
vt 0.445783 0.000000
vt 0.451807 0.000000
vt 0.457831 0.000000
vt 0.463855 0.000000
vt 0.469880 0.000000
vt 0.475904 0.000000
vt 0.481928 0.000000
vt 0.234940 0.000000
vt 0.487952 0.000000
vt 0.493976 0.000000
vt 0.500000 0.000000
vt 0.506024 0.000000
vt 0.512048 0.000000
vt 0.518072 0.000000
vt 0.524096 0.000000
vt 0.530120 0.000000
vt 0.228916 0.000000
vt 0.222892 0.000000
vt 0.216867 0.000000
vt 0.210843 0.000000
vt 0.204819 0.000000
vt 0.198795 0.000000
vt 0.192771 0.000000
vt 0.186747 0.000000
vt 0.180723 0.000000
vt 0.174699 0.000000
vt 0.168675 0.000000
vt 0.162651 0.000000
vt 0.156627 0.000000
vt 0.150602 0.000000
vt 0.144578 0.000000
vt 0.138554 0.000000
vt 0.132530 0.000000
vt 0.126506 0.000000
vt 0.120482 0.000000
vt 0.114458 0.000000
vt 0.108434 0.000000
vt 0.102410 0.000000
vt 0.096386 0.000000
vt 0.090361 0.000000
vt 0.084337 0.000000
vt 0.078313 0.000000
vt 0.072289 0.000000
vt 0.066265 0.000000
vt 0.060241 0.000000
vt 0.054217 0.000000
vt 0.048193 0.000000
vt 0.042169 0.000000
vt 0.036145 0.000000
vt 0.030120 0.000000
vt 0.024096 0.000000
vt 0.018072 0.000000
vt 0.012048 0.000000
vt 0.213675 0.000000
vt 0.222222 0.000000
vt 0.217949 0.000000
vt 0.209402 0.000000
vt 0.205128 0.000000
vt 0.200855 0.000000
vt 0.196581 0.000000
vt 0.192308 0.000000
vt 0.188034 0.000000
vt 0.183761 0.000000
vt 0.179487 0.000000
vt 0.226496 0.000000
vt 0.175214 0.000000
vt 0.230769 0.000000
vt 0.170940 0.000000
vt 0.166667 0.000000
vt 0.235043 0.000000
vt 0.162393 0.000000
vt 0.239316 0.000000
vt 0.158120 0.000000
vt 0.243590 0.000000
vt 0.153846 0.000000
vt 0.247863 0.000000
vt 0.149573 0.000000
vt 0.252137 0.000000
vt 0.256410 0.000000
vt 0.145299 0.000000
vt 0.260684 0.000000
vt 0.141026 0.000000
vt 0.264957 0.000000
vt 0.269231 0.000000
vt 0.136752 0.000000
vt 0.273504 0.000000
vt 0.333333 0.000000
vt 0.341880 0.000000
vt 0.337607 0.000000
vt 0.111111 0.000000
vt 0.277778 0.000000
vt 0.132479 0.000000
vt 0.128205 0.000000
vt 0.106838 0.000000
vt 0.004274 0.000000
vt 0.008547 0.000000
vt 0.012821 0.000000
vt 0.123932 0.000000
vt 0.017094 0.000000
vt 0.329060 0.000000
vt 0.021368 0.000000
vt 0.025641 0.000000
vt 0.029915 0.000000
vt 0.034188 0.000000
vt 0.119658 0.000000
vt 0.038462 0.000000
vt 0.042735 0.000000
vt 0.047009 0.000000
vt 0.811966 0.000000
vt 0.051282 0.000000
vt 0.115385 0.000000
vt 0.807692 0.000000
vt 0.346154 0.000000
vt 0.324786 0.000000
vt 0.055556 0.000000
vt 0.350427 0.000000
vt 0.320513 0.000000
vt 0.059829 0.000000
vt 0.803419 0.000000
vt 0.354701 0.000000
vt 0.064103 0.000000
vt 0.799145 0.000000
vt 0.316239 0.000000
vt 0.358974 0.000000
vt 0.794872 0.000000
vt 0.068376 0.000000
vt 0.311966 0.000000
vt 0.790598 0.000000
vt 0.363248 0.000000
vt 0.072650 0.000000
vt 0.307692 0.000000
vt 0.786325 0.000000
vt 0.076923 0.000000
vt 0.367521 0.000000
vt 0.303419 0.000000
vt 0.782051 0.000000
vt 0.081197 0.000000
vt 0.371795 0.000000
vt 0.777778 0.000000
vt 0.299145 0.000000
vt 0.085470 0.000000
vt 0.376068 0.000000
vt 0.773504 0.000000
vt 0.089744 0.000000
vt 0.294872 0.000000
vt 0.380342 0.000000
vt 0.769231 0.000000
vt 0.094017 0.000000
vt 0.290598 0.000000
vt 0.384615 0.000000
vt 0.764957 0.000000
vt 0.098291 0.000000
vt 0.286325 0.000000
vt 0.388889 0.000000
vt 0.760684 0.000000
vt 0.102564 0.000000
vt 0.282051 0.000000
vt 0.393162 0.000000
vt 0.756410 0.000000
vt 0.747863 0.000000
vt 0.752137 0.000000
vt 0.397436 0.000000
vt 0.401709 0.000000
vt 0.743590 0.000000
vt 0.739316 0.000000
vt 0.405983 0.000000
vt 0.880342 0.000000
vt 0.867521 0.000000
vt 0.410256 0.000000
vt 0.871795 0.000000
vt 0.863248 0.000000
vt 0.884615 0.000000
vt 0.876068 0.000000
vt 0.414530 0.000000
vt 0.735043 0.000000
vt 0.858974 0.000000
vt 0.888889 0.000000
vt 0.418803 0.000000
vt 0.730769 0.000000
vt 0.854701 0.000000
vt 0.893162 0.000000
vt 0.423077 0.000000
vt 0.726496 0.000000
vt 0.850427 0.000000
vt 0.897436 0.000000
vt 0.427350 0.000000
vt 0.846154 0.000000
vt 0.901709 0.000000
vt 0.722222 0.000000
vt 0.431624 0.000000
vt 0.841880 0.000000
vt 0.905983 0.000000
vt 0.717949 0.000000
vt 0.435897 0.000000
vt 0.837607 0.000000
vt 0.910256 0.000000
vt 0.713675 0.000000
vt 0.440171 0.000000
vt 0.833333 0.000000
vt 0.914530 0.000000
vt 0.709402 0.000000
vt 0.444444 0.000000
vt 0.918803 0.000000
vt 0.829060 0.000000
vt 0.705128 0.000000
vt 0.448718 0.000000
vt 0.923077 0.000000
vt 0.824786 0.000000
vt 0.700855 0.000000
vt 0.452991 0.000000
vt 0.927350 0.000000
vt 0.820513 0.000000
vt 0.696581 0.000000
vt 0.457265 0.000000
vt 0.931624 0.000000
vt 0.816239 0.000000
vt 0.461538 0.000000
vt 0.692308 0.000000
vt 0.465812 0.000000
vt 0.470085 0.000000
vt 0.688034 0.000000
vt 0.474359 0.000000
vt 0.683761 0.000000
vt 0.478632 0.000000
vt 0.679487 0.000000
vt 0.589744 0.000000
vt 0.594017 0.000000
vt 0.585470 0.000000
vt 0.957265 0.000000
vt 0.559829 0.000000
vt 0.482906 0.000000
vt 0.675214 0.000000
vt 0.952991 0.000000
vt 0.987179 0.000000
vt 0.564103 0.000000
vt 0.555556 0.000000
vt 0.598291 0.000000
vt 0.670940 0.000000
vt 0.487179 0.000000
vt 0.551282 0.000000
vt 0.602564 0.000000
vt 0.547009 0.000000
vt 0.666667 0.000000
vt 0.491453 0.000000
vt 0.606838 0.000000
vt 0.542735 0.000000
vt 0.662393 0.000000
vt 0.538462 0.000000
vt 0.611111 0.000000
vt 0.495726 0.000000
vt 0.534188 0.000000
vt 0.615385 0.000000
vt 0.658120 0.000000
vt 0.529915 0.000000
vt 0.619658 0.000000
vt 0.525641 0.000000
vt 0.653846 0.000000
vt 0.521368 0.000000
vt 0.504274 0.000000
vt 0.623932 0.000000
vt 0.517094 0.000000
vt 0.649573 0.000000
vt 0.628205 0.000000
vt 0.512821 0.000000
vt 0.508547 0.000000
vt 0.632479 0.000000
vt 0.645299 0.000000
vt 0.636752 0.000000
vt 0.641026 0.000000
vt 0.961538 0.000000
vt 0.965812 0.000000
vt 0.991453 0.000000
vt 0.995726 0.000000
vt 0.944444 0.000000
vt 0.940171 0.000000
vt 0.982906 0.000000
vt 0.978632 0.000000
vt 0.948718 0.000000
vt 0.935897 0.000000
vt 0.970085 0.000000
vt 0.974359 0.000000
vt 0.576923 0.000000
vt 0.572650 0.000000
vt 0.581197 0.000000
vt 0.568376 0.000000
vt 0.978495 0.000000
vt 0.989247 0.000000
vt 0.956989 0.000000
vt 0.967742 0.000000
vt 0.010753 0.000000
vt 0.021505 0.000000
vt 0.946237 0.000000
vt 0.935484 0.000000
vt 0.559140 0.000000
vt 0.569892 0.000000
vt 0.548387 0.000000
vt 0.537634 0.000000
vt 0.430108 0.000000
vt 0.440860 0.000000
vt 0.419355 0.000000
vt 0.408602 0.000000
vt 0.032258 0.000000
vt 0.043011 0.000000
vt 0.053763 0.000000
vt 0.924731 0.000000
vt 0.580645 0.000000
vt 0.397849 0.000000
vt 0.064516 0.000000
vt 0.913979 0.000000
vt 0.591398 0.000000
vt 0.387097 0.000000
vt 0.075269 0.000000
vt 0.903226 0.000000
vt 0.602151 0.000000
vt 0.376344 0.000000
vt 0.086022 0.000000
vt 0.892473 0.000000
vt 0.612903 0.000000
vt 0.365591 0.000000
vt 0.096774 0.000000
vt 0.881720 0.000000
vt 0.623656 0.000000
vt 0.354839 0.000000
vt 0.107527 0.000000
vt 0.870968 0.000000
vt 0.118280 0.000000
vt 0.634409 0.000000
vt 0.344086 0.000000
vt 0.860215 0.000000
vt 0.129032 0.000000
vt 0.849462 0.000000
vt 0.645161 0.000000
vt 0.139785 0.000000
vt 0.838710 0.000000
vt 0.322581 0.000000
vt 0.655914 0.000000
vt 0.150538 0.000000
vt 0.827957 0.000000
vt 0.516129 0.000000
vt 0.526882 0.000000
vt 0.451613 0.000000
vt 0.462366 0.000000
vt 0.311828 0.000000
vt 0.161290 0.000000
vt 0.817204 0.000000
vt 0.172043 0.000000
vt 0.182796 0.000000
vt 0.806452 0.000000
vt 0.193548 0.000000
vt 0.795699 0.000000
vt 0.301075 0.000000
vt 0.677419 0.000000
vt 0.204301 0.000000
vt 0.784946 0.000000
vt 0.215054 0.000000
vt 0.774194 0.000000
vt 0.763441 0.000000
vt 0.225806 0.000000
vt 0.752688 0.000000
vt 0.236559 0.000000
vt 0.741935 0.000000
vt 0.247312 0.000000
vt 0.505376 0.000000
vt 0.494624 0.000000
vt 0.473118 0.000000
vt 0.483871 0.000000
vt 0.290323 0.000000
vt 0.279570 0.000000
vt 0.268817 0.000000
vt 0.258065 0.000000
vt 0.731183 0.000000
vt 0.720430 0.000000
vt 0.709677 0.000000
vt 0.698925 0.000000
vt 0.688172 0.000000
vt 0.000000 1.000000
vt 0.010638 1.000000
vt 0.010638 0.000000
vt 0.021277 1.000000
vt 0.021277 0.000000
vt 0.031915 1.000000
vt 0.031915 0.000000
vt 0.042553 1.000000
vt 0.042553 0.000000
vt 0.053191 1.000000
vt 0.053191 0.000000
vt 0.063830 1.000000
vt 0.063830 0.000000
vt 0.074468 1.000000
vt 0.074468 0.000000
vt 0.085106 1.000000
vt 0.085106 0.000000
vt 0.095745 1.000000
vt 0.095745 0.000000
vt 0.106383 1.000000
vt 0.106383 0.000000
vt 0.117021 1.000000
vt 0.117021 0.000000
vt 0.127660 1.000000
vt 0.127660 0.000000
vt 0.138298 1.000000
vt 0.138298 0.000000
vt 0.148936 1.000000
vt 0.148936 0.000000
vt 0.159574 1.000000
vt 0.159574 0.000000
vt 0.170213 1.000000
vt 0.170213 0.000000
vt 0.180851 1.000000
vt 0.180851 0.000000
vt 0.191489 1.000000
vt 0.191489 0.000000
vt 0.202128 1.000000
vt 0.202128 0.000000
vt 0.212766 1.000000
vt 0.212766 0.000000
vt 0.223404 1.000000
vt 0.223404 0.000000
vt 0.234043 1.000000
vt 0.234043 0.000000
vt 0.244681 1.000000
vt 0.244681 0.000000
vt 0.255319 1.000000
vt 0.255319 0.000000
vt 0.265957 1.000000
vt 0.265957 0.000000
vt 0.276596 1.000000
vt 0.276596 0.000000
vt 0.287234 1.000000
vt 0.287234 0.000000
vt 0.297872 1.000000
vt 0.297872 0.000000
vt 0.308511 1.000000
vt 0.308511 0.000000
vt 0.319149 1.000000
vt 0.319149 0.000000
vt 0.329787 1.000000
vt 0.329787 0.000000
vt 0.340426 1.000000
vt 0.340426 0.000000
vt 0.351064 1.000000
vt 0.351064 0.000000
vt 0.361702 1.000000
vt 0.361702 0.000000
vt 0.372340 1.000000
vt 0.372340 0.000000
vt 0.382979 1.000000
vt 0.382979 0.000000
vt 0.393617 1.000000
vt 0.393617 0.000000
vt 0.404255 1.000000
vt 0.404255 0.000000
vt 0.414894 1.000000
vt 0.414894 0.000000
vt 0.425532 1.000000
vt 0.425532 0.000000
vt 0.436170 1.000000
vt 0.436170 0.000000
vt 0.446809 1.000000
vt 0.446809 0.000000
vt 0.457447 1.000000
vt 0.457447 0.000000
vt 0.468085 1.000000
vt 0.468085 0.000000
vt 0.478723 1.000000
vt 0.478723 0.000000
vt 0.489362 1.000000
vt 0.489362 0.000000
vt 0.500000 1.000000
vt 0.510638 1.000000
vt 0.510638 0.000000
vt 0.521277 1.000000
vt 0.521277 0.000000
vt 0.531915 1.000000
vt 0.531915 0.000000
vt 0.542553 1.000000
vt 0.542553 0.000000
vt 0.553191 1.000000
vt 0.553191 0.000000
vt 0.563830 1.000000
vt 0.563830 0.000000
vt 0.574468 1.000000
vt 0.574468 0.000000
vt 0.585106 1.000000
vt 0.585106 0.000000
vt 0.595745 1.000000
vt 0.595745 0.000000
vt 0.606383 1.000000
vt 0.606383 0.000000
vt 0.617021 1.000000
vt 0.617021 0.000000
vt 0.627660 1.000000
vt 0.627660 0.000000
vt 0.638298 1.000000
vt 0.638298 0.000000
vt 0.648936 1.000000
vt 0.648936 0.000000
vt 0.659574 1.000000
vt 0.659574 0.000000
vt 0.670213 1.000000
vt 0.670213 0.000000
vt 0.680851 1.000000
vt 0.680851 0.000000
vt 0.691489 1.000000
vt 0.691489 0.000000
vt 0.702128 1.000000
vt 0.702128 0.000000
vt 0.712766 1.000000
vt 0.712766 0.000000
vt 0.723404 1.000000
vt 0.723404 0.000000
vt 0.734043 1.000000
vt 0.734043 0.000000
vt 0.744681 1.000000
vt 0.744681 0.000000
vt 0.755319 1.000000
vt 0.755319 0.000000
vt 0.765957 1.000000
vt 0.765957 0.000000
vt 0.776596 1.000000
vt 0.776596 0.000000
vt 0.787234 1.000000
vt 0.787234 0.000000
vt 0.797872 1.000000
vt 0.797872 0.000000
vt 0.808511 1.000000
vt 0.808511 0.000000
vt 0.819149 1.000000
vt 0.819149 0.000000
vt 0.829787 1.000000
vt 0.829787 0.000000
vt 0.840426 1.000000
vt 0.840426 0.000000
vt 0.851064 1.000000
vt 0.851064 0.000000
vt 0.861702 1.000000
vt 0.861702 0.000000
vt 0.872340 1.000000
vt 0.872340 0.000000
vt 0.882979 1.000000
vt 0.882979 0.000000
vt 0.893617 1.000000
vt 0.893617 0.000000
vt 0.904255 1.000000
vt 0.904255 0.000000
vt 0.914894 1.000000
vt 0.914894 0.000000
vt 0.925532 1.000000
vt 0.925532 0.000000
vt 0.936170 1.000000
vt 0.936170 0.000000
vt 0.946809 1.000000
vt 0.946809 0.000000
vt 0.957447 1.000000
vt 0.957447 0.000000
vt 0.968085 1.000000
vt 0.968085 0.000000
vt 0.978723 1.000000
vt 0.978723 0.000000
vt 0.989362 1.000000
vt 0.989362 0.000000
vt 1.000000 1.000000
vt 0.037037 1.000000
vt 0.037037 0.000000
vt 0.074074 1.000000
vt 0.074074 0.000000
vt 0.111111 1.000000
vt 0.148148 1.000000
vt 0.148148 0.000000
vt 0.185185 1.000000
vt 0.185185 0.000000
vt 0.222222 1.000000
vt 0.259259 1.000000
vt 0.259259 0.000000
vt 0.296296 1.000000
vt 0.296296 0.000000
vt 0.333333 1.000000
vt 0.370370 1.000000
vt 0.370370 0.000000
vt 0.407407 1.000000
vt 0.407407 0.000000
vt 0.444444 1.000000
vt 0.481481 1.000000
vt 0.481481 0.000000
vt 0.518519 1.000000
vt 0.518519 0.000000
vt 0.555556 1.000000
vt 0.592593 1.000000
vt 0.592593 0.000000
vt 0.629630 1.000000
vt 0.629630 0.000000
vt 0.666667 1.000000
vt 0.703704 1.000000
vt 0.703704 0.000000
vt 0.740741 1.000000
vt 0.740741 0.000000
vt 0.777778 1.000000
vt 0.814815 1.000000
vt 0.814815 0.000000
vt 0.851852 1.000000
vt 0.851852 0.000000
vt 0.888889 1.000000
vt 0.925926 1.000000
vt 0.925926 0.000000
vt 0.962963 1.000000
vt 0.962963 0.000000
vt 0.006098 1.000000
vt 0.006098 0.000000
vt 0.012195 1.000000
vt 0.012195 0.000000
vt 0.018293 1.000000
vt 0.018293 0.000000
vt 0.024390 1.000000
vt 0.024390 0.000000
vt 0.030488 1.000000
vt 0.030488 0.000000
vt 0.036585 1.000000
vt 0.036585 0.000000
vt 0.042683 1.000000
vt 0.042683 0.000000
vt 0.048780 1.000000
vt 0.048780 0.000000
vt 0.054878 1.000000
vt 0.054878 0.000000
vt 0.060976 1.000000
vt 0.060976 0.000000
vt 0.067073 1.000000
vt 0.067073 0.000000
vt 0.073171 1.000000
vt 0.073171 0.000000
vt 0.079268 1.000000
vt 0.079268 0.000000
vt 0.085366 1.000000
vt 0.085366 0.000000
vt 0.091463 1.000000
vt 0.091463 0.000000
vt 0.097561 1.000000
vt 0.097561 0.000000
vt 0.103659 1.000000
vt 0.103659 0.000000
vt 0.109756 1.000000
vt 0.109756 0.000000
vt 0.115854 1.000000
vt 0.115854 0.000000
vt 0.121951 1.000000
vt 0.121951 0.000000
vt 0.128049 1.000000
vt 0.128049 0.000000
vt 0.134146 1.000000
vt 0.134146 0.000000
vt 0.140244 1.000000
vt 0.140244 0.000000
vt 0.146341 1.000000
vt 0.146341 0.000000
vt 0.152439 1.000000
vt 0.152439 0.000000
vt 0.158537 1.000000
vt 0.158537 0.000000
vt 0.164634 1.000000
vt 0.164634 0.000000
vt 0.170732 1.000000
vt 0.170732 0.000000
vt 0.176829 1.000000
vt 0.176829 0.000000
vt 0.182927 1.000000
vt 0.182927 0.000000
vt 0.189024 1.000000
vt 0.189024 0.000000
vt 0.195122 1.000000
vt 0.195122 0.000000
vt 0.201220 1.000000
vt 0.201220 0.000000
vt 0.207317 1.000000
vt 0.207317 0.000000
vt 0.213415 1.000000
vt 0.213415 0.000000
vt 0.219512 1.000000
vt 0.219512 0.000000
vt 0.225610 1.000000
vt 0.225610 0.000000
vt 0.231707 1.000000
vt 0.231707 0.000000
vt 0.237805 1.000000
vt 0.237805 0.000000
vt 0.243902 1.000000
vt 0.243902 0.000000
vt 0.250000 1.000000
vt 0.250000 0.000000
vt 0.256098 1.000000
vt 0.256098 0.000000
vt 0.262195 1.000000
vt 0.262195 0.000000
vt 0.268293 1.000000
vt 0.268293 0.000000
vt 0.274390 1.000000
vt 0.274390 0.000000
vt 0.280488 1.000000
vt 0.280488 0.000000
vt 0.286585 1.000000
vt 0.286585 0.000000
vt 0.292683 1.000000
vt 0.292683 0.000000
vt 0.298781 1.000000
vt 0.298781 0.000000
vt 0.304878 1.000000
vt 0.304878 0.000000
vt 0.310976 1.000000
vt 0.310976 0.000000
vt 0.317073 1.000000
vt 0.317073 0.000000
vt 0.323171 1.000000
vt 0.323171 0.000000
vt 0.329268 1.000000
vt 0.329268 0.000000
vt 0.335366 1.000000
vt 0.335366 0.000000
vt 0.341463 1.000000
vt 0.341463 0.000000
vt 0.347561 1.000000
vt 0.347561 0.000000
vt 0.353659 1.000000
vt 0.353659 0.000000
vt 0.359756 1.000000
vt 0.359756 0.000000
vt 0.365854 1.000000
vt 0.365854 0.000000
vt 0.371951 1.000000
vt 0.371951 0.000000
vt 0.378049 1.000000
vt 0.378049 0.000000
vt 0.384146 1.000000
vt 0.384146 0.000000
vt 0.390244 1.000000
vt 0.390244 0.000000
vt 0.396341 1.000000
vt 0.396341 0.000000
vt 0.402439 1.000000
vt 0.402439 0.000000
vt 0.408537 1.000000
vt 0.408537 0.000000
vt 0.414634 1.000000
vt 0.414634 0.000000
vt 0.420732 1.000000
vt 0.420732 0.000000
vt 0.426829 1.000000
vt 0.426829 0.000000
vt 0.432927 1.000000
vt 0.432927 0.000000
vt 0.439024 1.000000
vt 0.439024 0.000000
vt 0.445122 1.000000
vt 0.445122 0.000000
vt 0.451219 1.000000
vt 0.451219 0.000000
vt 0.457317 1.000000
vt 0.457317 0.000000
vt 0.463415 1.000000
vt 0.463415 0.000000
vt 0.469512 1.000000
vt 0.469512 0.000000
vt 0.475610 1.000000
vt 0.475610 0.000000
vt 0.481707 1.000000
vt 0.481707 0.000000
vt 0.487805 1.000000
vt 0.487805 0.000000
vt 0.493902 1.000000
vt 0.493902 0.000000
vt 0.506098 1.000000
vt 0.506098 0.000000
vt 0.512195 1.000000
vt 0.512195 0.000000
vt 0.518293 1.000000
vt 0.518293 0.000000
vt 0.524390 1.000000
vt 0.524390 0.000000
vt 0.530488 1.000000
vt 0.530488 0.000000
vt 0.536585 1.000000
vt 0.536585 0.000000
vt 0.542683 1.000000
vt 0.542683 0.000000
vt 0.548781 1.000000
vt 0.548781 0.000000
vt 0.554878 1.000000
vt 0.554878 0.000000
vt 0.560976 1.000000
vt 0.560976 0.000000
vt 0.567073 1.000000
vt 0.567073 0.000000
vt 0.573171 1.000000
vt 0.573171 0.000000
vt 0.579268 1.000000
vt 0.579268 0.000000
vt 0.585366 1.000000
vt 0.585366 0.000000
vt 0.591463 1.000000
vt 0.591463 0.000000
vt 0.597561 1.000000
vt 0.597561 0.000000
vt 0.603659 1.000000
vt 0.603659 0.000000
vt 0.609756 1.000000
vt 0.609756 0.000000
vt 0.615854 1.000000
vt 0.615854 0.000000
vt 0.621951 1.000000
vt 0.621951 0.000000
vt 0.628049 1.000000
vt 0.628049 0.000000
vt 0.634146 1.000000
vt 0.634146 0.000000
vt 0.640244 1.000000
vt 0.640244 0.000000
vt 0.646341 1.000000
vt 0.646341 0.000000
vt 0.652439 1.000000
vt 0.652439 0.000000
vt 0.658537 1.000000
vt 0.658537 0.000000
vt 0.664634 1.000000
vt 0.664634 0.000000
vt 0.670732 1.000000
vt 0.670732 0.000000
vt 0.676829 1.000000
vt 0.676829 0.000000
vt 0.682927 1.000000
vt 0.682927 0.000000
vt 0.689024 1.000000
vt 0.689024 0.000000
vt 0.695122 1.000000
vt 0.695122 0.000000
vt 0.701219 1.000000
vt 0.701219 0.000000
vt 0.707317 1.000000
vt 0.707317 0.000000
vt 0.713415 1.000000
vt 0.713415 0.000000
vt 0.719512 1.000000
vt 0.719512 0.000000
vt 0.725610 1.000000
vt 0.725610 0.000000
vt 0.731707 1.000000
vt 0.731707 0.000000
vt 0.737805 1.000000
vt 0.737805 0.000000
vt 0.743902 1.000000
vt 0.743902 0.000000
vt 0.750000 1.000000
vt 0.750000 0.000000
vt 0.756098 1.000000
vt 0.756098 0.000000
vt 0.762195 1.000000
vt 0.762195 0.000000
vt 0.768293 1.000000
vt 0.768293 0.000000
vt 0.774390 1.000000
vt 0.774390 0.000000
vt 0.780488 1.000000
vt 0.780488 0.000000
vt 0.786585 1.000000
vt 0.786585 0.000000
vt 0.792683 1.000000
vt 0.792683 0.000000
vt 0.798781 1.000000
vt 0.798781 0.000000
vt 0.804878 1.000000
vt 0.804878 0.000000
vt 0.810976 1.000000
vt 0.810976 0.000000
vt 0.817073 1.000000
vt 0.817073 0.000000
vt 0.823171 1.000000
vt 0.823171 0.000000
vt 0.829268 1.000000
vt 0.829268 0.000000
vt 0.835366 1.000000
vt 0.835366 0.000000
vt 0.841463 1.000000
vt 0.841463 0.000000
vt 0.847561 1.000000
vt 0.847561 0.000000
vt 0.853659 1.000000
vt 0.853659 0.000000
vt 0.859756 1.000000
vt 0.859756 0.000000
vt 0.865854 1.000000
vt 0.865854 0.000000
vt 0.871951 1.000000
vt 0.871951 0.000000
vt 0.878049 1.000000
vt 0.878049 0.000000
vt 0.884146 1.000000
vt 0.884146 0.000000
vt 0.890244 1.000000
vt 0.890244 0.000000
vt 0.896341 1.000000
vt 0.896341 0.000000
vt 0.902439 1.000000
vt 0.902439 0.000000
vt 0.908537 1.000000
vt 0.908537 0.000000
vt 0.914634 1.000000
vt 0.914634 0.000000
vt 0.920732 1.000000
vt 0.920732 0.000000
vt 0.926829 1.000000
vt 0.926829 0.000000
vt 0.932927 1.000000
vt 0.932927 0.000000
vt 0.939024 1.000000
vt 0.939024 0.000000
vt 0.945122 1.000000
vt 0.945122 0.000000
vt 0.951219 1.000000
vt 0.951219 0.000000
vt 0.957317 1.000000
vt 0.957317 0.000000
vt 0.963415 1.000000
vt 0.963415 0.000000
vt 0.969512 1.000000
vt 0.969512 0.000000
vt 0.975610 1.000000
vt 0.975610 0.000000
vt 0.981707 1.000000
vt 0.981707 0.000000
vt 0.987805 1.000000
vt 0.987805 0.000000
vt 0.993902 1.000000
vt 0.993902 0.000000
vt 0.035714 1.000000
vt 0.035714 0.000000
vt 0.071429 1.000000
vt 0.071429 0.000000
vt 0.107143 1.000000
vt 0.107143 0.000000
vt 0.142857 1.000000
vt 0.142857 0.000000
vt 0.178571 1.000000
vt 0.178571 0.000000
vt 0.214286 1.000000
vt 0.214286 0.000000
vt 0.285714 1.000000
vt 0.285714 0.000000
vt 0.321429 1.000000
vt 0.321429 0.000000
vt 0.357143 1.000000
vt 0.357143 0.000000
vt 0.392857 1.000000
vt 0.392857 0.000000
vt 0.428571 1.000000
vt 0.428571 0.000000
vt 0.464286 1.000000
vt 0.464286 0.000000
vt 0.535714 1.000000
vt 0.535714 0.000000
vt 0.571429 1.000000
vt 0.571429 0.000000
vt 0.607143 1.000000
vt 0.607143 0.000000
vt 0.642857 1.000000
vt 0.642857 0.000000
vt 0.678571 1.000000
vt 0.678571 0.000000
vt 0.714286 1.000000
vt 0.714286 0.000000
vt 0.785714 1.000000
vt 0.785714 0.000000
vt 0.821429 1.000000
vt 0.821429 0.000000
vt 0.857143 1.000000
vt 0.857143 0.000000
vt 0.892857 1.000000
vt 0.892857 0.000000
vt 0.928571 1.000000
vt 0.928571 0.000000
vt 0.964286 1.000000
vt 0.964286 0.000000
vt 0.005988 1.000000
vt 0.005988 0.000000
vt 0.011976 1.000000
vt 0.011976 0.000000
vt 0.017964 1.000000
vt 0.017964 0.000000
vt 0.023952 1.000000
vt 0.023952 0.000000
vt 0.029940 1.000000
vt 0.029940 0.000000
vt 0.035928 1.000000
vt 0.035928 0.000000
vt 0.041916 1.000000
vt 0.041916 0.000000
vt 0.047904 1.000000
vt 0.047904 0.000000
vt 0.053892 1.000000
vt 0.053892 0.000000
vt 0.059880 1.000000
vt 0.059880 0.000000
vt 0.065868 1.000000
vt 0.065868 0.000000
vt 0.071856 1.000000
vt 0.071856 0.000000
vt 0.077844 1.000000
vt 0.077844 0.000000
vt 0.083832 1.000000
vt 0.083832 0.000000
vt 0.089820 1.000000
vt 0.089820 0.000000
vt 0.095808 1.000000
vt 0.095808 0.000000
vt 0.101796 1.000000
vt 0.101796 0.000000
vt 0.107784 1.000000
vt 0.107784 0.000000
vt 0.113772 1.000000
vt 0.113772 0.000000
vt 0.119760 1.000000
vt 0.119760 0.000000
vt 0.125749 1.000000
vt 0.125749 0.000000
vt 0.131737 1.000000
vt 0.131737 0.000000
vt 0.137725 1.000000
vt 0.137725 0.000000
vt 0.143713 1.000000
vt 0.143713 0.000000
vt 0.149701 1.000000
vt 0.149701 0.000000
vt 0.155689 1.000000
vt 0.155689 0.000000
vt 0.161677 1.000000
vt 0.161677 0.000000
vt 0.167665 1.000000
vt 0.167665 0.000000
vt 0.173653 1.000000
vt 0.173653 0.000000
vt 0.179641 1.000000
vt 0.179641 0.000000
vt 0.185629 1.000000
vt 0.185629 0.000000
vt 0.191617 1.000000
vt 0.191617 0.000000
vt 0.197605 1.000000
vt 0.197605 0.000000
vt 0.203593 1.000000
vt 0.203593 0.000000
vt 0.209581 1.000000
vt 0.209581 0.000000
vt 0.215569 1.000000
vt 0.215569 0.000000
vt 0.221557 1.000000
vt 0.221557 0.000000
vt 0.227545 1.000000
vt 0.227545 0.000000
vt 0.233533 1.000000
vt 0.233533 0.000000
vt 0.239521 1.000000
vt 0.239521 0.000000
vt 0.245509 1.000000
vt 0.245509 0.000000
vt 0.251497 1.000000
vt 0.251497 0.000000
vt 0.257485 1.000000
vt 0.257485 0.000000
vt 0.263473 1.000000
vt 0.263473 0.000000
vt 0.269461 1.000000
vt 0.269461 0.000000
vt 0.275449 1.000000
vt 0.275449 0.000000
vt 0.281437 1.000000
vt 0.281437 0.000000
vt 0.287425 1.000000
vt 0.287425 0.000000
vt 0.293413 1.000000
vt 0.293413 0.000000
vt 0.299401 1.000000
vt 0.299401 0.000000
vt 0.305389 1.000000
vt 0.305389 0.000000
vt 0.311377 1.000000
vt 0.311377 0.000000
vt 0.317365 1.000000
vt 0.317365 0.000000
vt 0.323353 1.000000
vt 0.323353 0.000000
vt 0.329341 1.000000
vt 0.329341 0.000000
vt 0.335329 1.000000
vt 0.335329 0.000000
vt 0.341317 1.000000
vt 0.341317 0.000000
vt 0.347305 1.000000
vt 0.347305 0.000000
vt 0.353293 1.000000
vt 0.353293 0.000000
vt 0.359281 1.000000
vt 0.359281 0.000000
vt 0.365269 1.000000
vt 0.365269 0.000000
vt 0.371257 1.000000
vt 0.371257 0.000000
vt 0.377246 1.000000
vt 0.377246 0.000000
vt 0.383234 1.000000
vt 0.383234 0.000000
vt 0.389222 1.000000
vt 0.389222 0.000000
vt 0.395210 1.000000
vt 0.395210 0.000000
vt 0.401198 1.000000
vt 0.401198 0.000000
vt 0.407186 1.000000
vt 0.407186 0.000000
vt 0.413174 1.000000
vt 0.413174 0.000000
vt 0.419162 1.000000
vt 0.419162 0.000000
vt 0.425150 1.000000
vt 0.425150 0.000000
vt 0.431138 1.000000
vt 0.431138 0.000000
vt 0.437126 1.000000
vt 0.437126 0.000000
vt 0.443114 1.000000
vt 0.443114 0.000000
vt 0.449102 1.000000
vt 0.449102 0.000000
vt 0.455090 1.000000
vt 0.455090 0.000000
vt 0.461078 1.000000
vt 0.461078 0.000000
vt 0.467066 1.000000
vt 0.467066 0.000000
vt 0.473054 1.000000
vt 0.473054 0.000000
vt 0.479042 1.000000
vt 0.479042 0.000000
vt 0.485030 1.000000
vt 0.485030 0.000000
vt 0.491018 1.000000
vt 0.491018 0.000000
vt 0.497006 1.000000
vt 0.497006 0.000000
vt 0.502994 1.000000
vt 0.502994 0.000000
vt 0.508982 1.000000
vt 0.508982 0.000000
vt 0.514970 1.000000
vt 0.514970 0.000000
vt 0.520958 1.000000
vt 0.520958 0.000000
vt 0.526946 1.000000
vt 0.526946 0.000000
vt 0.532934 1.000000
vt 0.532934 0.000000
vt 0.538922 1.000000
vt 0.538922 0.000000
vt 0.544910 1.000000
vt 0.544910 0.000000
vt 0.550898 1.000000
vt 0.550898 0.000000
vt 0.556886 1.000000
vt 0.556886 0.000000
vt 0.562874 1.000000
vt 0.562874 0.000000
vt 0.568862 1.000000
vt 0.568862 0.000000
vt 0.574850 1.000000
vt 0.574850 0.000000
vt 0.580838 1.000000
vt 0.580838 0.000000
vt 0.586826 1.000000
vt 0.586826 0.000000
vt 0.592814 1.000000
vt 0.592814 0.000000
vt 0.598802 1.000000
vt 0.598802 0.000000
vt 0.604790 1.000000
vt 0.604790 0.000000
vt 0.610778 1.000000
vt 0.610778 0.000000
vt 0.616766 1.000000
vt 0.616766 0.000000
vt 0.622755 1.000000
vt 0.622755 0.000000
vt 0.628743 1.000000
vt 0.628743 0.000000
vt 0.634731 1.000000
vt 0.634731 0.000000
vt 0.640719 1.000000
vt 0.640719 0.000000
vt 0.646707 1.000000
vt 0.646707 0.000000
vt 0.652695 1.000000
vt 0.652695 0.000000
vt 0.658683 1.000000
vt 0.658683 0.000000
vt 0.664671 1.000000
vt 0.664671 0.000000
vt 0.670659 1.000000
vt 0.670659 0.000000
vt 0.676647 1.000000
vt 0.676647 0.000000
vt 0.682635 1.000000
vt 0.682635 0.000000
vt 0.688623 1.000000
vt 0.688623 0.000000
vt 0.694611 1.000000
vt 0.694611 0.000000
vt 0.700599 1.000000
vt 0.700599 0.000000
vt 0.706587 1.000000
vt 0.706587 0.000000
vt 0.712575 1.000000
vt 0.712575 0.000000
vt 0.718563 1.000000
vt 0.718563 0.000000
vt 0.724551 1.000000
vt 0.724551 0.000000
vt 0.730539 1.000000
vt 0.730539 0.000000
vt 0.736527 1.000000
vt 0.736527 0.000000
vt 0.742515 1.000000
vt 0.742515 0.000000
vt 0.748503 1.000000
vt 0.748503 0.000000
vt 0.754491 1.000000
vt 0.754491 0.000000
vt 0.760479 1.000000
vt 0.760479 0.000000
vt 0.766467 1.000000
vt 0.766467 0.000000
vt 0.772455 1.000000
vt 0.772455 0.000000
vt 0.778443 1.000000
vt 0.778443 0.000000
vt 0.784431 1.000000
vt 0.784431 0.000000
vt 0.790419 1.000000
vt 0.790419 0.000000
vt 0.796407 1.000000
vt 0.796407 0.000000
vt 0.802395 1.000000
vt 0.802395 0.000000
vt 0.808383 1.000000
vt 0.808383 0.000000
vt 0.814371 1.000000
vt 0.814371 0.000000
vt 0.820359 1.000000
vt 0.820359 0.000000
vt 0.826347 1.000000
vt 0.826347 0.000000
vt 0.832335 1.000000
vt 0.832335 0.000000
vt 0.838323 1.000000
vt 0.838323 0.000000
vt 0.844311 1.000000
vt 0.844311 0.000000
vt 0.850299 1.000000
vt 0.850299 0.000000
vt 0.856287 1.000000
vt 0.856287 0.000000
vt 0.862275 1.000000
vt 0.862275 0.000000
vt 0.868263 1.000000
vt 0.868263 0.000000
vt 0.874251 1.000000
vt 0.874251 0.000000
vt 0.880240 1.000000
vt 0.880240 0.000000
vt 0.886228 1.000000
vt 0.886228 0.000000
vt 0.892216 1.000000
vt 0.892216 0.000000
vt 0.898204 1.000000
vt 0.898204 0.000000
vt 0.904192 1.000000
vt 0.904192 0.000000
vt 0.910180 1.000000
vt 0.910180 0.000000
vt 0.916168 1.000000
vt 0.916168 0.000000
vt 0.922156 1.000000
vt 0.922156 0.000000
vt 0.928144 1.000000
vt 0.928144 0.000000
vt 0.934132 1.000000
vt 0.934132 0.000000
vt 0.940120 1.000000
vt 0.940120 0.000000
vt 0.946108 1.000000
vt 0.946108 0.000000
vt 0.952096 1.000000
vt 0.952096 0.000000
vt 0.958084 1.000000
vt 0.958084 0.000000
vt 0.964072 1.000000
vt 0.964072 0.000000
vt 0.970060 1.000000
vt 0.970060 0.000000
vt 0.976048 1.000000
vt 0.976048 0.000000
vt 0.982036 1.000000
vt 0.982036 0.000000
vt 0.988024 1.000000
vt 0.988024 0.000000
vt 0.994012 1.000000
vt 0.994012 0.000000
s 0
f 166/1/1 1/2/1 167/3/1
f 165/4/1 1/2/1 166/1/1
f 164/5/1 1/2/1 165/4/1
f 163/6/1 1/2/1 164/5/1
f 162/7/1 1/2/1 163/6/1
f 161/8/1 1/2/1 162/7/1
f 160/9/1 1/2/1 161/8/1
f 159/10/1 1/2/1 160/9/1
f 158/11/1 1/2/1 159/10/1
f 157/12/1 1/2/1 158/11/1
f 156/13/1 1/2/1 157/12/1
f 155/14/1 1/2/1 156/13/1
f 154/15/1 1/2/1 155/14/1
f 153/16/1 1/2/1 154/15/1
f 152/17/1 1/2/1 153/16/1
f 151/18/1 1/2/1 152/17/1
f 150/19/1 1/2/1 151/18/1
f 149/20/1 1/2/1 150/19/1
f 148/21/1 1/2/1 149/20/1
f 147/22/1 1/2/1 148/21/1
f 146/23/1 1/2/1 147/22/1
f 145/24/1 1/2/1 146/23/1
f 144/25/1 1/2/1 145/24/1
f 143/26/1 1/2/1 144/25/1
f 142/27/1 1/2/1 143/26/1
f 141/28/1 1/2/1 142/27/1
f 140/29/1 1/2/1 141/28/1
f 139/30/1 1/2/1 140/29/1
f 138/31/1 1/2/1 139/30/1
f 137/32/1 1/2/1 138/31/1
f 90/33/1 92/34/1 91/35/1
f 90/33/1 93/36/1 92/34/1
f 90/33/1 94/37/1 93/36/1
f 90/33/1 95/38/1 94/37/1
f 90/33/1 96/39/1 95/38/1
f 90/33/1 97/40/1 96/39/1
f 90/33/1 98/41/1 97/40/1
f 90/33/1 99/42/1 98/41/1
f 90/33/1 100/43/1 99/42/1
f 90/33/1 101/44/1 100/43/1
f 90/33/1 102/45/1 101/44/1
f 90/33/1 103/46/1 102/45/1
f 90/33/1 104/47/1 103/46/1
f 90/33/1 105/48/1 104/47/1
f 136/49/1 1/2/1 137/32/1
f 90/33/1 106/50/1 105/48/1
f 90/33/1 107/51/1 106/50/1
f 90/33/1 108/52/1 107/51/1
f 90/33/1 109/53/1 108/52/1
f 90/33/1 110/54/1 109/53/1
f 90/33/1 111/55/1 110/54/1
f 90/33/1 112/56/1 111/55/1
f 90/33/1 113/57/1 112/56/1
f 90/33/1 114/58/1 113/57/1
f 135/59/1 1/2/1 136/49/1
f 90/33/1 115/60/1 114/58/1
f 90/33/1 116/61/1 115/60/1
f 90/33/1 117/62/1 116/61/1
f 90/33/1 118/63/1 117/62/1
f 90/33/1 119/64/1 118/63/1
f 90/33/1 120/65/1 119/64/1
f 90/33/1 121/66/1 120/65/1
f 90/33/1 122/67/1 121/66/1
f 134/68/1 124/69/1 135/59/1
f 124/69/1 125/70/1 135/59/1
f 125/70/1 126/71/1 135/59/1
f 126/71/1 127/72/1 135/59/1
f 127/72/1 1/2/1 135/59/1
f 90/33/1 123/73/1 122/67/1
f 90/33/1 124/69/1 123/73/1
f 90/33/1 134/68/1 124/69/1
f 90/33/1 133/74/1 134/68/1
f 128/75/1 1/2/1 127/72/1
f 129/76/1 1/2/1 128/75/1
f 90/33/1 132/77/1 133/74/1
f 90/33/1 131/78/1 132/77/1
f 90/33/1 130/79/1 131/78/1
f 90/33/1 129/76/1 130/79/1
f 90/33/1 1/2/1 129/76/1
f 90/33/1 52/80/1 1/2/1
f 52/80/1 53/81/1 1/2/1
f 53/81/1 2/82/1 1/2/1
f 90/33/1 51/83/1 52/80/1
f 90/33/1 50/84/1 51/83/1
f 90/33/1 49/85/1 50/84/1
f 90/33/1 48/86/1 49/85/1
f 90/33/1 47/87/1 48/86/1
f 90/33/1 46/88/1 47/87/1
f 90/33/1 45/89/1 46/88/1
f 54/90/1 2/82/1 53/81/1
f 55/91/1 2/82/1 54/90/1
f 56/92/1 2/82/1 55/91/1
f 90/33/1 57/93/1 45/89/1
f 57/93/1 44/94/1 45/89/1
f 57/93/1 2/82/1 56/92/1
f 90/33/1 58/95/1 57/93/1
f 44/94/1 2/82/1 57/93/1
f 90/33/1 59/96/1 58/95/1
f 90/33/1 60/97/1 59/96/1
f 90/33/1 61/98/1 60/97/1
f 90/33/1 62/99/1 61/98/1
f 43/100/1 2/82/1 44/94/1
f 90/33/1 63/101/1 62/99/1
f 90/33/1 64/102/1 63/101/1
f 90/33/1 65/103/1 64/102/1
f 90/33/1 66/104/1 65/103/1
f 90/33/1 67/105/1 66/104/1
f 42/106/1 2/82/1 43/100/1
f 90/33/1 68/107/1 67/105/1
f 90/33/1 69/108/1 68/107/1
f 90/33/1 70/109/1 69/108/1
f 90/33/1 71/110/1 70/109/1
f 90/33/1 72/111/1 71/110/1
f 90/33/1 73/112/1 72/111/1
f 41/113/1 2/82/1 42/106/1
f 90/33/1 74/114/1 73/112/1
f 90/33/1 75/115/1 74/114/1
f 90/33/1 76/116/1 75/115/1
f 90/33/1 77/117/1 76/116/1
f 90/33/1 78/118/1 77/117/1
f 90/33/1 79/119/1 78/118/1
f 90/33/1 80/120/1 79/119/1
f 90/33/1 81/121/1 80/120/1
f 40/122/1 2/82/1 41/113/1
f 90/33/1 82/123/1 81/121/1
f 90/33/1 83/124/1 82/123/1
f 90/33/1 84/125/1 83/124/1
f 90/33/1 85/126/1 84/125/1
f 90/33/1 86/127/1 85/126/1
f 90/33/1 87/128/1 86/127/1
f 90/33/1 88/129/1 87/128/1
f 90/33/1 89/130/1 88/129/1
f 39/131/1 2/82/1 40/122/1
f 38/132/1 2/82/1 39/131/1
f 37/133/1 2/82/1 38/132/1
f 36/134/1 2/82/1 37/133/1
f 35/135/1 2/82/1 36/134/1
f 34/136/1 2/82/1 35/135/1
f 33/137/1 2/82/1 34/136/1
f 32/138/1 2/82/1 33/137/1
f 31/139/1 2/82/1 32/138/1
f 30/140/1 2/82/1 31/139/1
f 29/141/1 2/82/1 30/140/1
f 28/142/1 2/82/1 29/141/1
f 27/143/1 2/82/1 28/142/1
f 26/144/1 2/82/1 27/143/1
f 25/145/1 2/82/1 26/144/1
f 24/146/1 2/82/1 25/145/1
f 23/147/1 2/82/1 24/146/1
f 22/148/1 2/82/1 23/147/1
f 21/149/1 2/82/1 22/148/1
f 20/150/1 2/82/1 21/149/1
f 19/151/1 2/82/1 20/150/1
f 18/152/1 2/82/1 19/151/1
f 17/153/1 2/82/1 18/152/1
f 16/154/1 2/82/1 17/153/1
f 15/155/1 2/82/1 16/154/1
f 14/156/1 2/82/1 15/155/1
f 13/157/1 2/82/1 14/156/1
f 12/158/1 2/82/1 13/157/1
f 11/159/1 2/82/1 12/158/1
f 10/160/1 2/82/1 11/159/1
f 9/161/1 2/82/1 10/160/1
f 8/162/1 2/82/1 9/161/1
f 7/163/1 2/82/1 8/162/1
f 6/164/1 2/82/1 7/163/1
f 5/165/1 2/82/1 6/164/1
f 4/166/1 2/82/1 5/165/1
f 3/167/1 2/82/1 4/166/1
f 218/168/1 220/169/1 219/170/1
f 217/171/1 220/169/1 218/168/1
f 216/172/1 220/169/1 217/171/1
f 215/173/1 220/169/1 216/172/1
f 214/174/1 220/169/1 215/173/1
f 213/175/1 220/169/1 214/174/1
f 212/176/1 220/169/1 213/175/1
f 211/177/1 220/169/1 212/176/1
f 210/178/1 220/169/1 211/177/1
f 210/178/1 221/179/1 220/169/1
f 209/180/1 221/179/1 210/178/1
f 209/180/1 222/181/1 221/179/1
f 208/182/1 222/181/1 209/180/1
f 207/183/1 222/181/1 208/182/1
f 207/183/1 223/184/1 222/181/1
f 206/185/1 223/184/1 207/183/1
f 206/185/1 224/186/1 223/184/1
f 205/187/1 224/186/1 206/185/1
f 205/187/1 225/188/1 224/186/1
f 204/189/1 225/188/1 205/187/1
f 204/189/1 226/190/1 225/188/1
f 203/191/1 226/190/1 204/189/1
f 203/191/1 227/192/1 226/190/1
f 203/191/1 228/193/1 227/192/1
f 202/194/1 228/193/1 203/191/1
f 202/194/1 229/195/1 228/193/1
f 201/196/1 229/195/1 202/194/1
f 201/196/1 230/197/1 229/195/1
f 201/196/1 231/198/1 230/197/1
f 200/199/1 231/198/1 201/196/1
f 200/199/1 232/200/1 231/198/1
f 246/201/1 248/202/1 247/203/1
f 200/199/1 194/204/1 232/200/1
f 194/204/1 233/205/1 232/200/1
f 199/206/1 194/204/1 200/199/1
f 198/207/1 194/204/1 199/206/1
f 198/207/1 168/2/1 194/204/1
f 193/208/1 233/205/1 194/204/1
f 198/207/1 169/209/1 168/2/1
f 198/207/1 170/210/1 169/209/1
f 198/207/1 171/211/1 170/210/1
f 197/212/1 171/211/1 198/207/1
f 197/212/1 172/213/1 171/211/1
f 245/214/1 248/202/1 246/201/1
f 197/212/1 173/215/1 172/213/1
f 197/212/1 174/216/1 173/215/1
f 197/212/1 175/217/1 174/216/1
f 197/212/1 176/218/1 175/217/1
f 196/219/1 176/218/1 197/212/1
f 196/219/1 177/220/1 176/218/1
f 196/219/1 178/221/1 177/220/1
f 196/219/1 179/222/1 178/221/1
f 196/219/1 358/223/1 179/222/1
f 358/223/1 180/224/1 179/222/1
f 196/219/1 195/225/1 358/223/1
f 357/226/1 180/224/1 358/223/1
f 245/214/1 249/227/1 248/202/1
f 244/228/1 249/227/1 245/214/1
f 357/226/1 181/229/1 180/224/1
f 244/228/1 250/230/1 249/227/1
f 243/231/1 250/230/1 244/228/1
f 357/226/1 182/232/1 181/229/1
f 356/233/1 182/232/1 357/226/1
f 243/231/1 251/234/1 250/230/1
f 356/233/1 183/235/1 182/232/1
f 355/236/1 183/235/1 356/233/1
f 242/237/1 251/234/1 243/231/1
f 242/237/1 252/238/1 251/234/1
f 354/239/1 183/235/1 355/236/1
f 354/239/1 184/240/1 183/235/1
f 241/241/1 252/238/1 242/237/1
f 353/242/1 184/240/1 354/239/1
f 241/241/1 253/243/1 252/238/1
f 353/242/1 185/244/1 184/240/1
f 240/245/1 253/243/1 241/241/1
f 352/246/1 185/244/1 353/242/1
f 352/246/1 186/247/1 185/244/1
f 240/245/1 254/248/1 253/243/1
f 239/249/1 254/248/1 240/245/1
f 351/250/1 186/247/1 352/246/1
f 351/250/1 187/251/1 186/247/1
f 239/249/1 255/252/1 254/248/1
f 350/253/1 187/251/1 351/250/1
f 238/254/1 255/252/1 239/249/1
f 350/253/1 188/255/1 187/251/1
f 238/254/1 256/256/1 255/252/1
f 349/257/1 188/255/1 350/253/1
f 349/257/1 189/258/1 188/255/1
f 237/259/1 256/256/1 238/254/1
f 237/259/1 257/260/1 256/256/1
f 348/261/1 189/258/1 349/257/1
f 348/261/1 190/262/1 189/258/1
f 236/263/1 257/260/1 237/259/1
f 236/263/1 258/264/1 257/260/1
f 347/265/1 190/262/1 348/261/1
f 347/265/1 191/266/1 190/262/1
f 235/267/1 258/264/1 236/263/1
f 235/267/1 259/268/1 258/264/1
f 346/269/1 191/266/1 347/265/1
f 346/269/1 192/270/1 191/266/1
f 234/271/1 259/268/1 235/267/1
f 234/271/1 260/272/1 259/268/1
f 345/273/1 192/270/1 346/269/1
f 343/274/1 345/273/1 344/275/1
f 343/274/1 192/270/1 345/273/1
f 343/274/1 193/208/1 192/270/1
f 343/274/1 233/205/1 193/208/1
f 343/274/1 234/271/1 233/205/1
f 343/274/1 260/272/1 234/271/1
f 343/274/1 261/276/1 260/272/1
f 343/274/1 262/277/1 261/276/1
f 342/278/1 262/277/1 343/274/1
f 341/279/1 263/280/1 342/278/1
f 263/280/1 262/277/1 342/278/1
f 341/279/1 374/281/1 263/280/1
f 374/281/1 371/282/1 263/280/1
f 371/282/1 264/283/1 263/280/1
f 374/281/1 372/284/1 371/282/1
f 370/285/1 264/283/1 371/282/1
f 341/279/1 375/286/1 374/281/1
f 373/287/1 372/284/1 374/281/1
f 370/285/1 265/288/1 264/283/1
f 340/289/1 375/286/1 341/279/1
f 369/290/1 265/288/1 370/285/1
f 340/289/1 376/291/1 375/286/1
f 369/290/1 266/292/1 265/288/1
f 339/293/1 376/291/1 340/289/1
f 368/294/1 266/292/1 369/290/1
f 339/293/1 377/295/1 376/291/1
f 368/294/1 267/296/1 266/292/1
f 338/297/1 377/295/1 339/293/1
f 367/298/1 267/296/1 368/294/1
f 338/297/1 378/299/1 377/295/1
f 367/298/1 268/300/1 267/296/1
f 366/301/1 268/300/1 367/298/1
f 338/297/1 379/302/1 378/299/1
f 337/303/1 379/302/1 338/297/1
f 366/301/1 269/304/1 268/300/1
f 365/305/1 269/304/1 366/301/1
f 337/303/1 380/306/1 379/302/1
f 336/307/1 380/306/1 337/303/1
f 365/305/1 270/308/1 269/304/1
f 364/309/1 270/308/1 365/305/1
f 336/307/1 381/310/1 380/306/1
f 335/311/1 381/310/1 336/307/1
f 364/309/1 271/312/1 270/308/1
f 363/313/1 271/312/1 364/309/1
f 335/311/1 382/314/1 381/310/1
f 334/315/1 382/314/1 335/311/1
f 363/313/1 272/316/1 271/312/1
f 334/315/1 383/317/1 382/314/1
f 362/318/1 272/316/1 363/313/1
f 333/319/1 383/317/1 334/315/1
f 362/318/1 273/320/1 272/316/1
f 333/319/1 384/321/1 383/317/1
f 361/322/1 273/320/1 362/318/1
f 332/323/1 384/321/1 333/319/1
f 361/322/1 274/324/1 273/320/1
f 332/323/1 385/325/1 384/321/1
f 360/326/1 274/324/1 361/322/1
f 331/327/1 385/325/1 332/323/1
f 360/326/1 275/328/1 274/324/1
f 331/327/1 386/329/1 385/325/1
f 359/330/1 275/328/1 360/326/1
f 359/330/1 276/331/1 275/328/1
f 330/332/1 386/329/1 331/327/1
f 359/330/1 277/333/1 276/331/1
f 330/332/1 359/330/1 386/329/1
f 330/332/1 277/333/1 359/330/1
f 330/332/1 278/334/1 277/333/1
f 329/335/1 278/334/1 330/332/1
f 329/335/1 279/336/1 278/334/1
f 328/337/1 279/336/1 329/335/1
f 328/337/1 280/338/1 279/336/1
f 327/339/1 306/340/1 328/337/1
f 306/340/1 280/338/1 328/337/1
f 327/339/1 307/341/1 306/340/1
f 305/342/1 392/343/1 306/340/1
f 392/343/1 299/344/1 306/340/1
f 299/344/1 280/338/1 306/340/1
f 299/344/1 281/345/1 280/338/1
f 326/346/1 307/341/1 327/339/1
f 392/343/1 391/347/1 299/344/1
f 391/347/1 399/348/1 299/344/1
f 399/348/1 402/3/1 299/344/1
f 402/3/1 300/349/1 299/344/1
f 298/350/1 281/345/1 299/344/1
f 326/346/1 308/351/1 307/341/1
f 325/352/1 308/351/1 326/346/1
f 298/350/1 282/353/1 281/345/1
f 297/354/1 282/353/1 298/350/1
f 325/352/1 309/355/1 308/351/1
f 296/356/1 282/353/1 297/354/1
f 324/357/1 309/355/1 325/352/1
f 296/356/1 283/358/1 282/353/1
f 324/357/1 310/359/1 309/355/1
f 295/360/1 283/358/1 296/356/1
f 323/361/1 310/359/1 324/357/1
f 294/362/1 283/358/1 295/360/1
f 323/361/1 311/363/1 310/359/1
f 294/362/1 284/364/1 283/358/1
f 293/365/1 284/364/1 294/362/1
f 323/361/1 312/366/1 311/363/1
f 322/367/1 312/366/1 323/361/1
f 292/368/1 284/364/1 293/365/1
f 292/368/1 285/125/1 284/364/1
f 322/367/1 313/369/1 312/366/1
f 291/370/1 285/125/1 292/368/1
f 321/371/1 313/369/1 322/367/1
f 290/372/1 285/125/1 291/370/1
f 290/372/1 286/373/1 285/125/1
f 321/371/1 314/374/1 313/369/1
f 289/375/1 286/373/1 290/372/1
f 320/376/1 314/374/1 321/371/1
f 320/376/1 315/377/1 314/374/1
f 288/378/1 286/373/1 289/375/1
f 288/378/1 287/379/1 286/373/1
f 320/376/1 316/380/1 315/377/1
f 319/381/1 316/380/1 320/376/1
f 319/381/1 317/382/1 316/380/1
f 318/383/1 317/382/1 319/381/1
f 305/342/1 393/384/1 392/343/1
f 394/385/1 399/348/1 391/347/1
f 394/385/1 400/386/1 399/348/1
f 401/387/1 300/349/1 402/3/1
f 305/342/1 389/388/1 393/384/1
f 389/388/1 394/385/1 393/384/1
f 389/388/1 400/386/1 394/385/1
f 389/388/1 401/387/1 400/386/1
f 389/388/1 388/389/1 401/387/1
f 388/389/1 398/390/1 401/387/1
f 398/390/1 397/391/1 401/387/1
f 397/391/1 300/349/1 401/387/1
f 305/342/1 390/392/1 389/388/1
f 387/393/1 398/390/1 388/389/1
f 387/393/1 395/394/1 398/390/1
f 396/395/1 300/349/1 397/391/1
f 305/342/1 303/396/1 390/392/1
f 303/396/1 387/393/1 390/392/1
f 303/396/1 395/394/1 387/393/1
f 303/396/1 396/395/1 395/394/1
f 303/396/1 302/397/1 396/395/1
f 302/397/1 300/349/1 396/395/1
f 305/342/1 304/398/1 303/396/1
f 301/399/1 300/349/1 302/397/1
f 494/400/1 496/3/1 495/401/1
f 494/400/1 403/2/1 496/3/1
f 492/402/1 494/400/1 493/403/1
f 492/402/1 403/2/1 494/400/1
f 492/402/1 404/404/1 403/2/1
f 492/402/1 405/405/1 404/404/1
f 491/406/1 405/405/1 492/402/1
f 490/407/1 455/408/1 491/406/1
f 455/408/1 405/405/1 491/406/1
f 490/407/1 456/409/1 455/408/1
f 454/410/2 405/405/2 455/408/2
f 453/411/1 443/412/1 454/410/1
f 443/412/1 405/405/1 454/410/1
f 453/411/1 444/413/1 443/412/1
f 442/414/1 405/405/1 443/412/1
f 441/415/1 406/416/1 442/414/1
f 406/416/1 405/405/1 442/414/1
f 441/415/1 407/417/1 406/416/1
f 441/415/1 408/418/1 407/417/1
f 489/419/1 456/409/1 490/407/1
f 489/419/1 457/420/1 456/409/1
f 440/421/1 408/418/1 441/415/1
f 440/421/1 409/422/1 408/418/1
f 488/423/1 457/420/1 489/419/1
f 488/423/1 458/424/1 457/420/1
f 439/425/1 409/422/1 440/421/1
f 439/425/1 410/426/1 409/422/1
f 487/427/1 458/424/1 488/423/1
f 487/427/1 459/428/1 458/424/1
f 438/429/1 410/426/1 439/425/1
f 438/429/1 411/430/1 410/426/1
f 486/431/1 459/428/1 487/427/1
f 486/431/1 460/432/1 459/428/1
f 437/433/1 411/430/1 438/429/1
f 437/433/1 412/434/1 411/430/1
f 485/435/1 460/432/1 486/431/1
f 485/435/1 461/436/1 460/432/1
f 436/437/1 412/434/1 437/433/1
f 436/437/1 413/438/1 412/434/1
f 484/439/1 461/436/1 485/435/1
f 436/437/1 414/440/1 413/438/1
f 484/439/1 462/441/1 461/436/1
f 435/442/1 414/440/1 436/437/1
f 483/443/1 462/441/1 484/439/1
f 435/442/1 415/444/1 414/440/1
f 482/445/1 462/441/1 483/443/1
f 482/445/1 463/446/1 462/441/1
f 434/201/1 415/444/1 435/442/1
f 434/201/1 416/447/1 415/444/1
f 481/448/1 463/446/1 482/445/1
f 433/449/1 416/447/1 434/201/1
f 481/448/1 464/450/1 463/446/1
f 433/449/1 417/451/1 416/447/1
f 480/452/1 464/450/1 481/448/1
f 451/453/1 453/411/1 452/454/1
f 451/453/1 444/413/1 453/411/1
f 451/453/1 445/455/1 444/413/1
f 451/453/1 446/456/1 445/455/1
f 432/457/1 417/451/1 433/449/1
f 432/457/1 418/458/1 417/451/1
f 480/452/1 465/357/1 464/450/1
f 479/459/1 465/357/1 480/452/1
f 432/457/1 419/460/1 418/458/1
f 432/457/1 420/461/1 419/460/1
f 478/462/1 465/357/1 479/459/1
f 432/457/1 421/463/1 420/461/1
f 477/464/1 465/357/1 478/462/1
f 431/465/1 421/463/1 432/457/1
f 477/464/1 466/466/1 465/357/1
f 431/465/1 422/467/1 421/463/1
f 476/468/1 466/466/1 477/464/1
f 431/465/1 423/469/1 422/467/1
f 475/470/1 466/466/1 476/468/1
f 474/471/1 466/466/1 475/470/1
f 431/465/1 424/472/1 423/469/1
f 473/473/1 466/466/1 474/471/1
f 431/465/1 425/474/1 424/472/1
f 472/475/1 466/466/1 473/473/1
f 431/465/1 426/476/1 425/474/1
f 450/477/1 446/456/1 451/453/1
f 449/478/1 447/479/1 450/477/1
f 447/479/2 446/456/2 450/477/2
f 449/478/1 448/480/1 447/479/1
f 430/481/1 429/482/1 431/465/1
f 429/482/1 428/483/1 431/465/1
f 428/483/1 427/484/1 431/465/1
f 427/484/1 426/476/1 431/465/1
f 471/485/1 466/466/1 472/475/1
f 471/485/1 470/486/1 466/466/1
f 470/486/1 469/487/1 466/466/1
f 469/487/1 468/488/1 466/466/1
f 468/488/1 467/489/1 466/466/1
f 662/1/2 663/3/2 497/2/2
f 661/4/2 662/1/2 497/2/2
f 660/5/2 661/4/2 497/2/2
f 659/6/2 660/5/2 497/2/2
f 658/7/2 659/6/2 497/2/2
f 657/8/2 658/7/2 497/2/2
f 656/9/2 657/8/2 497/2/2
f 655/10/2 656/9/2 497/2/2
f 654/11/2 655/10/2 497/2/2
f 653/12/2 654/11/2 497/2/2
f 652/13/2 653/12/2 497/2/2
f 651/14/2 652/13/2 497/2/2
f 650/15/2 651/14/2 497/2/2
f 649/16/2 650/15/2 497/2/2
f 648/17/2 649/16/2 497/2/2
f 647/18/2 648/17/2 497/2/2
f 646/19/2 647/18/2 497/2/2
f 645/20/2 646/19/2 497/2/2
f 644/21/2 645/20/2 497/2/2
f 643/22/2 644/21/2 497/2/2
f 642/23/2 643/22/2 497/2/2
f 641/24/2 642/23/2 497/2/2
f 640/25/2 641/24/2 497/2/2
f 639/26/2 640/25/2 497/2/2
f 638/27/2 639/26/2 497/2/2
f 637/28/2 638/27/2 497/2/2
f 636/29/2 637/28/2 497/2/2
f 635/30/2 636/29/2 497/2/2
f 634/31/2 635/30/2 497/2/2
f 633/32/2 634/31/2 497/2/2
f 586/33/2 587/35/2 588/34/2
f 586/33/2 588/34/2 589/36/2
f 586/33/2 589/36/2 590/37/2
f 586/33/2 590/37/2 591/38/2
f 586/33/2 591/38/2 592/39/2
f 586/33/2 592/39/2 593/40/2
f 586/33/2 593/40/2 594/41/2
f 586/33/2 594/41/2 595/42/2
f 586/33/2 595/42/2 596/43/2
f 586/33/2 596/43/2 597/44/2
f 586/33/2 597/44/2 598/45/2
f 586/33/2 598/45/2 599/46/2
f 586/33/2 599/46/2 600/47/2
f 586/33/2 600/47/2 601/48/2
f 632/49/2 633/32/2 497/2/2
f 586/33/2 601/48/2 602/50/2
f 586/33/2 602/50/2 603/51/2
f 586/33/2 603/51/2 604/52/2
f 586/33/2 604/52/2 605/53/2
f 586/33/2 605/53/2 606/54/2
f 586/33/2 606/54/2 607/55/2
f 586/33/2 607/55/2 608/56/2
f 586/33/2 608/56/2 609/57/2
f 586/33/2 609/57/2 610/58/2
f 631/59/2 632/49/2 497/2/2
f 586/33/2 610/58/2 611/60/2
f 586/33/2 611/60/2 612/61/2
f 586/33/2 612/61/2 613/62/2
f 586/33/2 613/62/2 614/63/2
f 586/33/2 614/63/2 615/64/2
f 586/33/2 615/64/2 616/65/2
f 586/33/2 616/65/2 617/66/2
f 586/33/2 617/66/2 618/67/2
f 630/68/2 631/59/2 620/69/2
f 620/69/2 631/59/2 621/70/2
f 621/70/2 631/59/2 622/71/2
f 622/71/2 631/59/2 623/72/2
f 623/72/2 631/59/2 497/2/2
f 586/33/2 618/67/2 619/73/2
f 586/33/2 619/73/2 620/69/2
f 586/33/2 620/69/2 630/68/2
f 586/33/2 630/68/2 629/74/2
f 624/75/2 623/72/2 497/2/2
f 625/76/2 624/75/2 497/2/2
f 586/33/2 629/74/2 628/77/2
f 586/33/2 628/77/2 627/78/2
f 586/33/2 627/78/2 626/79/2
f 586/33/2 626/79/2 625/76/2
f 586/33/2 625/76/2 497/2/2
f 586/33/2 497/2/2 548/80/2
f 548/80/2 497/2/2 549/81/2
f 549/81/2 497/2/2 498/82/2
f 586/33/2 548/80/2 547/83/2
f 586/33/2 547/83/2 546/84/2
f 586/33/2 546/84/2 545/85/2
f 586/33/2 545/85/2 544/86/2
f 586/33/2 544/86/2 543/87/2
f 586/33/2 543/87/2 542/88/2
f 586/33/2 542/88/2 541/89/2
f 550/90/2 549/81/2 498/82/2
f 551/91/2 550/90/2 498/82/2
f 552/92/2 551/91/2 498/82/2
f 586/33/2 541/89/2 553/93/2
f 553/93/2 541/89/2 540/94/2
f 553/93/2 552/92/2 498/82/2
f 586/33/2 553/93/2 554/95/2
f 540/94/2 553/93/2 498/82/2
f 586/33/2 554/95/2 555/96/2
f 586/33/2 555/96/2 556/97/2
f 586/33/2 556/97/2 557/98/2
f 586/33/2 557/98/2 558/99/2
f 539/100/2 540/94/2 498/82/2
f 586/33/2 558/99/2 559/101/2
f 586/33/2 559/101/2 560/102/2
f 586/33/2 560/102/2 561/103/2
f 586/33/2 561/103/2 562/104/2
f 586/33/2 562/104/2 563/105/2
f 538/106/2 539/100/2 498/82/2
f 586/33/2 563/105/2 564/107/2
f 586/33/2 564/107/2 565/108/2
f 586/33/2 565/108/2 566/109/2
f 586/33/2 566/109/2 567/110/2
f 586/33/2 567/110/2 568/111/2
f 586/33/2 568/111/2 569/112/2
f 537/113/2 538/106/2 498/82/2
f 586/33/2 569/112/2 570/114/2
f 586/33/2 570/114/2 571/115/2
f 586/33/2 571/115/2 572/116/2
f 586/33/2 572/116/2 573/117/2
f 586/33/2 573/117/2 574/118/2
f 586/33/2 574/118/2 575/119/2
f 586/33/2 575/119/2 576/120/2
f 586/33/2 576/120/2 577/121/2
f 536/122/2 537/113/2 498/82/2
f 586/33/2 577/121/2 578/123/2
f 586/33/2 578/123/2 579/124/2
f 586/33/2 579/124/2 580/125/2
f 586/33/2 580/125/2 581/126/2
f 586/33/2 581/126/2 582/127/2
f 586/33/2 582/127/2 583/128/2
f 586/33/2 583/128/2 584/129/2
f 586/33/2 584/129/2 585/130/2
f 535/131/2 536/122/2 498/82/2
f 534/132/2 535/131/2 498/82/2
f 533/133/2 534/132/2 498/82/2
f 532/134/2 533/133/2 498/82/2
f 531/135/2 532/134/2 498/82/2
f 530/136/2 531/135/2 498/82/2
f 529/137/2 530/136/2 498/82/2
f 528/138/2 529/137/2 498/82/2
f 527/139/2 528/138/2 498/82/2
f 526/140/2 527/139/2 498/82/2
f 525/141/2 526/140/2 498/82/2
f 524/142/2 525/141/2 498/82/2
f 523/143/2 524/142/2 498/82/2
f 522/144/2 523/143/2 498/82/2
f 521/145/2 522/144/2 498/82/2
f 520/146/2 521/145/2 498/82/2
f 519/147/2 520/146/2 498/82/2
f 518/148/2 519/147/2 498/82/2
f 517/149/2 518/148/2 498/82/2
f 516/150/2 517/149/2 498/82/2
f 515/151/2 516/150/2 498/82/2
f 514/152/2 515/151/2 498/82/2
f 513/153/2 514/152/2 498/82/2
f 512/154/2 513/153/2 498/82/2
f 511/155/2 512/154/2 498/82/2
f 510/156/2 511/155/2 498/82/2
f 509/157/2 510/156/2 498/82/2
f 508/158/2 509/157/2 498/82/2
f 507/159/2 508/158/2 498/82/2
f 506/160/2 507/159/2 498/82/2
f 505/161/2 506/160/2 498/82/2
f 504/162/2 505/161/2 498/82/2
f 503/163/2 504/162/2 498/82/2
f 502/164/2 503/163/2 498/82/2
f 501/165/2 502/164/2 498/82/2
f 500/166/2 501/165/2 498/82/2
f 499/167/2 500/166/2 498/82/2
f 714/168/2 715/170/2 716/169/2
f 713/171/2 714/168/2 716/169/2
f 712/172/2 713/171/2 716/169/2
f 711/173/2 712/172/2 716/169/2
f 710/174/2 711/173/2 716/169/2
f 709/175/2 710/174/2 716/169/2
f 708/176/2 709/175/2 716/169/2
f 707/177/2 708/176/2 716/169/2
f 706/178/2 707/177/2 716/169/2
f 706/178/2 716/169/2 717/179/2
f 705/180/2 706/178/2 717/179/2
f 705/180/2 717/179/2 718/181/2
f 704/182/2 705/180/2 718/181/2
f 703/183/2 704/182/2 718/181/2
f 703/183/2 718/181/2 719/184/2
f 702/185/2 703/183/2 719/184/2
f 702/185/2 719/184/2 720/186/2
f 701/187/2 702/185/2 720/186/2
f 701/187/2 720/186/2 721/188/2
f 700/189/2 701/187/2 721/188/2
f 700/189/2 721/188/2 722/190/2
f 699/191/2 700/189/2 722/190/2
f 699/191/2 722/190/2 723/192/2
f 699/191/2 723/192/2 724/193/2
f 698/194/2 699/191/2 724/193/2
f 698/194/2 724/193/2 725/195/2
f 697/196/2 698/194/2 725/195/2
f 697/196/2 725/195/2 726/197/2
f 697/196/2 726/197/2 727/198/2
f 696/199/2 697/196/2 727/198/2
f 696/199/2 727/198/2 728/200/2
f 742/201/2 743/203/2 744/202/2
f 696/199/2 728/200/2 690/204/2
f 690/204/2 728/200/2 729/205/2
f 695/206/2 696/199/2 690/204/2
f 694/207/2 695/206/2 690/204/2
f 694/207/2 690/204/2 664/2/2
f 689/208/2 690/204/2 729/205/2
f 694/207/2 664/2/2 665/209/2
f 694/207/2 665/209/2 666/210/2
f 694/207/2 666/210/2 667/211/2
f 693/212/2 694/207/2 667/211/2
f 693/212/2 667/211/2 668/213/2
f 741/214/2 742/201/2 744/202/2
f 693/212/2 668/213/2 669/215/2
f 693/212/2 669/215/2 670/216/2
f 693/212/2 670/216/2 671/217/2
f 693/212/2 671/217/2 672/218/2
f 692/219/2 693/212/2 672/218/2
f 692/219/2 672/218/2 673/220/2
f 692/219/2 673/220/2 674/221/2
f 692/219/2 674/221/2 675/222/2
f 692/219/2 675/222/2 854/223/2
f 854/223/2 675/222/2 676/224/2
f 692/219/2 854/223/2 691/225/2
f 853/226/2 854/223/2 676/224/2
f 741/214/2 744/202/2 745/227/2
f 740/228/2 741/214/2 745/227/2
f 853/226/2 676/224/2 677/229/2
f 740/228/2 745/227/2 746/230/2
f 739/231/2 740/228/2 746/230/2
f 853/226/2 677/229/2 678/232/2
f 852/233/2 853/226/2 678/232/2
f 739/231/2 746/230/2 747/234/2
f 852/233/2 678/232/2 679/235/2
f 851/236/2 852/233/2 679/235/2
f 738/237/2 739/231/2 747/234/2
f 738/237/2 747/234/2 748/238/2
f 850/239/2 851/236/2 679/235/2
f 850/239/2 679/235/2 680/240/2
f 737/241/2 738/237/2 748/238/2
f 849/242/2 850/239/2 680/240/2
f 737/241/2 748/238/2 749/243/2
f 849/242/2 680/240/2 681/244/2
f 736/245/2 737/241/2 749/243/2
f 848/246/2 849/242/2 681/244/2
f 848/246/2 681/244/2 682/247/2
f 736/245/2 749/243/2 750/248/2
f 735/249/2 736/245/2 750/248/2
f 847/250/2 848/246/2 682/247/2
f 847/250/2 682/247/2 683/251/2
f 735/249/2 750/248/2 751/252/2
f 846/253/2 847/250/2 683/251/2
f 734/254/2 735/249/2 751/252/2
f 846/253/2 683/251/2 684/255/2
f 734/254/2 751/252/2 752/256/2
f 845/257/2 846/253/2 684/255/2
f 845/257/2 684/255/2 685/258/2
f 733/259/2 734/254/2 752/256/2
f 733/259/2 752/256/2 753/260/2
f 844/261/2 845/257/2 685/258/2
f 844/261/2 685/258/2 686/262/2
f 732/263/2 733/259/2 753/260/2
f 732/263/2 753/260/2 754/264/2
f 843/265/2 844/261/2 686/262/2
f 843/265/2 686/262/2 687/266/2
f 731/267/2 732/263/2 754/264/2
f 731/267/2 754/264/2 755/268/2
f 842/269/2 843/265/2 687/266/2
f 842/269/2 687/266/2 688/270/2
f 730/271/2 731/267/2 755/268/2
f 730/271/2 755/268/2 756/272/2
f 841/273/2 842/269/2 688/270/2
f 839/274/2 840/275/2 841/273/2
f 839/274/2 841/273/2 688/270/2
f 839/274/2 688/270/2 689/208/2
f 839/274/2 689/208/2 729/205/2
f 839/274/2 729/205/2 730/271/2
f 839/274/2 730/271/2 756/272/2
f 839/274/2 756/272/2 757/276/2
f 839/274/2 757/276/2 758/277/2
f 838/278/1 839/274/1 758/277/1
f 837/279/2 838/278/2 759/280/2
f 759/280/1 838/278/1 758/277/1
f 837/279/2 759/280/2 870/281/2
f 870/281/2 759/280/2 867/282/2
f 867/282/2 759/280/2 760/283/2
f 870/281/2 867/282/2 868/284/2
f 866/285/2 867/282/2 760/283/2
f 837/279/2 870/281/2 871/286/2
f 869/287/2 870/281/2 868/284/2
f 866/285/2 760/283/2 761/288/2
f 836/289/2 837/279/2 871/286/2
f 865/290/2 866/285/2 761/288/2
f 836/289/2 871/286/2 872/291/2
f 865/290/2 761/288/2 762/292/2
f 835/293/2 836/289/2 872/291/2
f 864/294/2 865/290/2 762/292/2
f 835/293/2 872/291/2 873/295/2
f 864/294/2 762/292/2 763/296/2
f 834/297/2 835/293/2 873/295/2
f 863/298/2 864/294/2 763/296/2
f 834/297/2 873/295/2 874/299/2
f 863/298/2 763/296/2 764/300/2
f 862/301/2 863/298/2 764/300/2
f 834/297/2 874/299/2 875/302/2
f 833/303/2 834/297/2 875/302/2
f 862/301/2 764/300/2 765/304/2
f 861/305/2 862/301/2 765/304/2
f 833/303/2 875/302/2 876/306/2
f 832/307/2 833/303/2 876/306/2
f 861/305/2 765/304/2 766/308/2
f 860/309/2 861/305/2 766/308/2
f 832/307/2 876/306/2 877/310/2
f 831/311/2 832/307/2 877/310/2
f 860/309/2 766/308/2 767/312/2
f 859/313/2 860/309/2 767/312/2
f 831/311/2 877/310/2 878/314/2
f 830/315/2 831/311/2 878/314/2
f 859/313/2 767/312/2 768/316/2
f 830/315/2 878/314/2 879/317/2
f 858/318/2 859/313/2 768/316/2
f 829/319/2 830/315/2 879/317/2
f 858/318/2 768/316/2 769/320/2
f 829/319/2 879/317/2 880/321/2
f 857/322/2 858/318/2 769/320/2
f 828/323/2 829/319/2 880/321/2
f 857/322/2 769/320/2 770/324/2
f 828/323/2 880/321/2 881/325/2
f 856/326/2 857/322/2 770/324/2
f 827/327/2 828/323/2 881/325/2
f 856/326/2 770/324/2 771/328/2
f 827/327/2 881/325/2 882/329/2
f 855/330/2 856/326/2 771/328/2
f 855/330/2 771/328/2 772/331/2
f 826/332/2 827/327/2 882/329/2
f 855/330/2 772/331/2 773/333/2
f 826/332/2 882/329/2 855/330/2
f 826/332/2 855/330/2 773/333/2
f 826/332/2 773/333/2 774/334/2
f 825/335/2 826/332/2 774/334/2
f 825/335/2 774/334/2 775/336/2
f 824/337/2 825/335/2 775/336/2
f 824/337/2 775/336/2 776/338/2
f 823/339/2 824/337/2 802/340/2
f 802/340/2 824/337/2 776/338/2
f 823/339/2 802/340/2 803/341/2
f 801/342/2 802/340/2 888/343/2
f 888/343/2 802/340/2 795/344/2
f 795/344/2 802/340/2 776/338/2
f 795/344/2 776/338/2 777/345/2
f 822/346/2 823/339/2 803/341/2
f 888/343/2 795/344/2 887/347/2
f 887/347/2 795/344/2 895/348/2
f 895/348/2 795/344/2 898/3/2
f 898/3/2 795/344/2 796/349/2
f 794/350/2 795/344/2 777/345/2
f 822/346/2 803/341/2 804/351/2
f 821/352/2 822/346/2 804/351/2
f 794/350/2 777/345/2 778/353/2
f 793/354/2 794/350/2 778/353/2
f 821/352/2 804/351/2 805/355/2
f 792/356/2 793/354/2 778/353/2
f 820/357/2 821/352/2 805/355/2
f 792/356/2 778/353/2 779/358/2
f 820/357/2 805/355/2 806/359/2
f 791/360/2 792/356/2 779/358/2
f 819/361/2 820/357/2 806/359/2
f 790/362/2 791/360/2 779/358/2
f 819/361/2 806/359/2 807/363/2
f 790/362/2 779/358/2 780/364/2
f 789/365/2 790/362/2 780/364/2
f 819/361/2 807/363/2 808/366/2
f 818/367/2 819/361/2 808/366/2
f 788/368/2 789/365/2 780/364/2
f 788/368/2 780/364/2 781/125/2
f 818/367/2 808/366/2 809/369/2
f 787/370/2 788/368/2 781/125/2
f 817/371/2 818/367/2 809/369/2
f 786/372/2 787/370/2 781/125/2
f 786/372/2 781/125/2 782/373/2
f 817/371/2 809/369/2 810/374/2
f 785/375/2 786/372/2 782/373/2
f 816/376/2 817/371/2 810/374/2
f 816/376/2 810/374/2 811/377/2
f 784/378/2 785/375/2 782/373/2
f 784/378/2 782/373/2 783/379/2
f 816/376/2 811/377/2 812/380/2
f 815/381/2 816/376/2 812/380/2
f 815/381/2 812/380/2 813/382/2
f 814/383/2 815/381/2 813/382/2
f 801/342/2 888/343/2 889/384/2
f 890/385/2 887/347/2 895/348/2
f 890/385/2 895/348/2 896/386/2
f 897/387/2 898/3/2 796/349/2
f 801/342/2 889/384/2 885/388/2
f 885/388/2 889/384/2 890/385/2
f 885/388/2 890/385/2 896/386/2
f 885/388/2 896/386/2 897/387/2
f 885/388/2 897/387/2 884/389/2
f 884/389/2 897/387/2 894/390/2
f 894/390/2 897/387/2 893/391/2
f 893/391/2 897/387/2 796/349/2
f 801/342/2 885/388/2 886/392/2
f 883/393/2 884/389/2 894/390/2
f 883/393/2 894/390/2 891/394/2
f 892/395/2 893/391/2 796/349/2
f 801/342/2 886/392/2 799/396/2
f 799/396/2 886/392/2 883/393/2
f 799/396/2 883/393/2 891/394/2
f 799/396/2 891/394/2 892/395/2
f 799/396/2 892/395/2 798/397/2
f 798/397/2 892/395/2 796/349/2
f 801/342/2 799/396/2 800/398/2
f 797/399/2 798/397/2 796/349/2
f 990/400/2 991/401/2 992/3/2
f 990/400/2 992/3/2 899/2/2
f 988/402/2 989/403/2 990/400/2
f 988/402/2 990/400/2 899/2/2
f 988/402/2 899/2/2 900/404/2
f 988/402/2 900/404/2 901/405/2
f 987/406/1 988/402/1 901/405/1
f 986/407/2 987/406/2 951/408/2
f 951/408/1 987/406/1 901/405/1
f 986/407/2 951/408/2 952/409/2
f 950/410/1 951/408/1 901/405/1
f 949/411/2 950/410/2 939/412/2
f 939/412/1 950/410/1 901/405/1
f 949/411/2 939/412/2 940/413/2
f 938/414/1 939/412/1 901/405/1
f 937/415/2 938/414/2 902/416/2
f 902/416/1 938/414/1 901/405/1
f 937/415/2 902/416/2 903/417/2
f 937/415/2 903/417/2 904/418/2
f 985/419/2 986/407/2 952/409/2
f 985/419/2 952/409/2 953/420/2
f 936/421/2 937/415/2 904/418/2
f 936/421/2 904/418/2 905/422/2
f 984/423/2 985/419/2 953/420/2
f 984/423/2 953/420/2 954/424/2
f 935/425/2 936/421/2 905/422/2
f 935/425/2 905/422/2 906/426/2
f 983/427/2 984/423/2 954/424/2
f 983/427/2 954/424/2 955/428/2
f 934/429/2 935/425/2 906/426/2
f 934/429/2 906/426/2 907/430/2
f 982/431/2 983/427/2 955/428/2
f 982/431/2 955/428/2 956/432/2
f 933/433/2 934/429/2 907/430/2
f 933/433/2 907/430/2 908/434/2
f 981/435/2 982/431/2 956/432/2
f 981/435/2 956/432/2 957/436/2
f 932/437/2 933/433/2 908/434/2
f 932/437/2 908/434/2 909/438/2
f 980/439/2 981/435/2 957/436/2
f 932/437/2 909/438/2 910/440/2
f 980/439/2 957/436/2 958/441/2
f 931/442/2 932/437/2 910/440/2
f 979/443/2 980/439/2 958/441/2
f 931/442/2 910/440/2 911/444/2
f 978/445/2 979/443/2 958/441/2
f 978/445/2 958/441/2 959/446/2
f 930/201/2 931/442/2 911/444/2
f 930/201/2 911/444/2 912/447/2
f 977/448/2 978/445/2 959/446/2
f 929/449/2 930/201/2 912/447/2
f 977/448/2 959/446/2 960/450/2
f 929/449/2 912/447/2 913/451/2
f 976/452/2 977/448/2 960/450/2
f 947/453/2 948/454/2 949/411/2
f 947/453/2 949/411/2 940/413/2
f 947/453/2 940/413/2 941/455/2
f 947/453/2 941/455/2 942/456/2
f 928/457/2 929/449/2 913/451/2
f 928/457/2 913/451/2 914/458/2
f 976/452/2 960/450/2 961/357/2
f 975/459/2 976/452/2 961/357/2
f 928/457/2 914/458/2 915/460/2
f 928/457/2 915/460/2 916/461/2
f 974/462/2 975/459/2 961/357/2
f 928/457/2 916/461/2 917/463/2
f 973/464/2 974/462/2 961/357/2
f 927/465/2 928/457/2 917/463/2
f 973/464/2 961/357/2 962/466/2
f 927/465/2 917/463/2 918/467/2
f 972/468/2 973/464/2 962/466/2
f 927/465/2 918/467/2 919/469/2
f 971/470/2 972/468/2 962/466/2
f 970/471/2 971/470/2 962/466/2
f 927/465/2 919/469/2 920/472/2
f 969/473/2 970/471/2 962/466/2
f 927/465/2 920/472/2 921/474/2
f 968/475/2 969/473/2 962/466/2
f 927/465/2 921/474/2 922/476/2
f 946/477/1 947/453/1 942/456/1
f 945/478/2 946/477/2 943/479/2
f 943/479/1 946/477/1 942/456/1
f 945/478/2 943/479/2 944/480/2
f 926/481/2 927/465/2 925/482/2
f 925/482/2 927/465/2 924/483/2
f 924/483/2 927/465/2 923/484/2
f 923/484/2 927/465/2 922/476/2
f 967/485/2 968/475/2 962/466/2
f 967/485/2 962/466/2 966/486/2
f 966/486/2 962/466/2 965/487/2
f 965/487/2 962/466/2 964/488/2
f 964/488/2 962/466/2 963/489/2
s 1
f 994/490/3 996/491/3 995/492/3 993/2/3
f 996/491/3 998/493/4 997/494/4 995/492/3
f 998/493/4 1000/495/5 999/496/5 997/494/4
f 1000/495/5 1002/497/6 1001/498/6 999/496/5
f 1002/497/6 1004/499/7 1003/500/7 1001/498/6
f 1004/499/7 1006/501/8 1005/502/8 1003/500/7
f 1006/501/8 1008/503/9 1007/504/9 1005/502/8
f 1008/503/9 1010/505/10 1009/506/10 1007/504/9
f 1010/505/10 1012/507/11 1011/508/11 1009/506/10
f 1012/507/11 1014/509/12 1013/510/12 1011/508/11
f 1014/509/12 1016/511/13 1015/512/13 1013/510/12
f 1016/511/13 1018/513/14 1017/514/14 1015/512/13
f 1018/513/14 1020/515/15 1019/516/15 1017/514/14
f 1020/515/15 1022/517/16 1021/518/16 1019/516/15
f 1022/517/16 1024/519/17 1023/520/17 1021/518/16
f 1024/519/17 1026/521/18 1025/522/18 1023/520/17
f 1026/521/18 1028/523/19 1027/524/19 1025/522/18
f 1028/523/19 1030/525/20 1029/526/20 1027/524/19
f 1030/525/20 1032/527/21 1031/528/21 1029/526/20
f 1032/527/21 1034/529/22 1033/530/22 1031/528/21
f 1034/529/22 1036/531/23 1035/532/23 1033/530/22
f 1036/531/23 1038/533/24 1037/534/24 1035/532/23
f 1038/533/24 1040/535/25 1039/536/25 1037/534/24
f 1040/535/25 1042/537/26 1041/538/26 1039/536/25
f 1042/537/26 1044/539/27 1043/540/27 1041/538/26
f 1044/539/27 1046/541/28 1045/542/28 1043/540/27
f 1046/541/28 1048/543/29 1047/544/29 1045/542/28
f 1048/543/29 1050/545/30 1049/546/30 1047/544/29
f 1050/545/30 1052/547/31 1051/548/31 1049/546/30
f 1052/547/31 1054/549/32 1053/550/32 1051/548/31
f 1054/549/32 1056/551/33 1055/552/33 1053/550/32
f 1056/551/33 1058/553/34 1057/554/34 1055/552/33
f 1058/553/34 1060/555/35 1059/556/35 1057/554/34
f 1060/555/35 1062/557/36 1061/558/36 1059/556/35
f 1062/557/36 1064/559/37 1063/560/37 1061/558/36
f 1064/559/37 1066/561/38 1065/562/38 1063/560/37
f 1066/561/38 1068/563/39 1067/564/39 1065/562/38
f 1068/563/39 1070/565/40 1069/566/40 1067/564/39
f 1070/565/40 1072/567/41 1071/568/41 1069/566/40
f 1072/567/41 1074/569/4 1073/570/4 1071/568/41
f 1074/569/4 1076/571/3 1075/572/3 1073/570/4
f 1076/571/3 1078/573/3 1077/574/3 1075/572/3
f 1078/573/3 1080/575/4 1079/576/4 1077/574/3
f 1080/575/4 1082/577/4 1081/578/4 1079/576/4
f 1082/577/4 1084/579/4 1083/580/4 1081/578/4
f 1084/579/4 1086/581/42 1085/582/42 1083/580/4
f 1086/581/42 1088/583/42 1087/125/42 1085/582/42
f 1088/583/42 1090/584/42 1089/585/42 1087/125/42
f 1090/584/42 1092/586/43 1091/587/43 1089/585/42
f 1092/586/43 1094/588/43 1093/589/43 1091/587/43
f 1094/588/43 1096/590/42 1095/591/42 1093/589/43
f 1096/590/42 1098/592/44 1097/593/44 1095/591/42
f 1098/592/44 1100/594/45 1099/595/45 1097/593/44
f 1100/594/45 1102/596/46 1101/597/46 1099/595/45
f 1102/596/46 1104/598/47 1103/599/47 1101/597/46
f 1104/598/47 1106/600/48 1105/601/48 1103/599/47
f 1106/600/48 1108/602/49 1107/603/49 1105/601/48
f 1108/602/49 1110/604/50 1109/605/50 1107/603/49
f 1110/604/50 1112/606/51 1111/607/51 1109/605/50
f 1112/606/51 1114/608/52 1113/609/52 1111/607/51
f 1114/608/52 1116/610/53 1115/611/53 1113/609/52
f 1116/610/53 1118/612/54 1117/613/54 1115/611/53
f 1118/612/54 1120/614/55 1119/615/55 1117/613/54
f 1120/614/55 1122/616/56 1121/617/56 1119/615/55
f 1122/616/56 1124/618/57 1123/619/57 1121/617/56
f 1124/618/57 1126/620/58 1125/621/58 1123/619/57
f 1126/620/58 1128/622/59 1127/623/59 1125/621/58
f 1128/622/59 1130/624/60 1129/625/60 1127/623/59
f 1130/624/60 1132/626/61 1131/627/61 1129/625/60
f 1132/626/61 1134/628/62 1133/629/62 1131/627/61
f 1134/628/62 1136/630/63 1135/631/63 1133/629/62
f 1136/630/63 1138/632/64 1137/633/64 1135/631/63
f 1138/632/64 1140/634/65 1139/635/65 1137/633/64
f 1140/634/65 1142/636/66 1141/637/66 1139/635/65
f 1142/636/66 1144/638/67 1143/639/67 1141/637/66
f 1144/638/67 1146/640/68 1145/641/68 1143/639/67
f 1146/640/68 1148/642/69 1147/643/69 1145/641/68
f 1148/642/69 1150/644/70 1149/645/70 1147/643/69
f 1150/644/70 1152/646/71 1151/647/71 1149/645/70
f 1152/646/71 1154/648/72 1153/649/72 1151/647/71
f 1154/648/72 1156/650/73 1155/651/73 1153/649/72
f 1156/650/73 1158/652/74 1157/653/74 1155/651/73
f 1158/652/74 1160/654/75 1159/655/75 1157/653/74
f 1160/654/75 1162/656/76 1161/657/76 1159/655/75
f 1162/656/76 1164/658/77 1163/659/77 1161/657/76
f 1164/658/77 1166/660/78 1165/661/78 1163/659/77
f 1166/660/78 1168/662/79 1167/663/79 1165/661/78
f 1168/662/79 1170/664/80 1169/665/80 1167/663/79
f 1170/664/80 1172/666/42 1171/667/42 1169/665/80
f 1172/666/42 1174/668/43 1173/669/43 1171/667/42
f 1174/668/43 1176/670/43 1175/671/43 1173/669/43
f 1176/670/43 1178/672/43 1177/673/43 1175/671/43
f 1178/672/43 1180/674/3 1179/675/3 1177/673/43
f 1180/674/3 994/676/3 993/3/3 1179/675/3
f 1182/490/81 1184/677/82 1183/678/82 1181/2/81
f 1184/677/82 1186/679/83 1185/680/83 1183/678/82
f 1186/679/83 1188/681/84 1187/204/84 1185/680/83
f 1188/681/84 1190/682/85 1189/683/85 1187/204/84
f 1190/682/85 1192/684/86 1191/685/86 1189/683/85
f 1192/684/86 1194/686/87 1193/169/87 1191/685/86
f 1194/686/87 1196/687/88 1195/688/88 1193/169/87
f 1196/687/88 1198/689/89 1197/690/89 1195/688/88
f 1198/689/89 1200/691/90 1199/201/90 1197/690/89
f 1200/691/90 1202/692/91 1201/693/91 1199/201/90
f 1202/692/91 1204/694/92 1203/695/92 1201/693/91
f 1204/694/92 1206/696/93 1205/316/93 1203/695/92
f 1206/696/93 1208/697/94 1207/698/94 1205/316/93
f 1208/697/94 1210/699/95 1209/700/95 1207/698/94
f 1210/699/95 1212/701/96 1211/350/96 1209/700/95
f 1212/701/96 1214/702/97 1213/703/97 1211/350/96
f 1214/702/97 1216/704/98 1215/705/98 1213/703/97
f 1216/704/98 1218/706/99 1217/357/99 1215/705/98
f 1218/706/99 1220/707/100 1219/708/100 1217/357/99
f 1220/707/100 1222/709/101 1221/710/101 1219/708/100
f 1222/709/101 1224/711/102 1223/253/102 1221/710/101
f 1224/711/102 1226/712/103 1225/713/103 1223/253/102
f 1226/712/103 1228/714/104 1227/715/104 1225/713/103
f 1228/714/104 1230/716/105 1229/291/105 1227/715/104
f 1230/716/105 1232/717/43 1231/718/43 1229/291/105
f 1232/717/43 1234/719/106 1233/720/106 1231/718/43
f 1234/719/106 1182/676/81 1181/3/81 1233/720/106
f 1236/490/107 1238/721/108 1237/722/108 1235/2/107
f 1238/721/108 1240/723/109 1239/724/109 1237/722/108
f 1240/723/109 1242/725/110 1241/726/110 1239/724/109
f 1242/725/110 1244/727/111 1243/728/111 1241/726/110
f 1244/727/111 1246/729/112 1245/730/112 1243/728/111
f 1246/729/112 1248/731/113 1247/732/113 1245/730/112
f 1248/731/113 1250/733/114 1249/734/114 1247/732/113
f 1250/733/114 1252/735/115 1251/736/115 1249/734/114
f 1252/735/115 1254/737/116 1253/738/116 1251/736/115
f 1254/737/116 1256/739/117 1255/740/117 1253/738/116
f 1256/739/117 1258/741/118 1257/742/118 1255/740/117
f 1258/741/118 1260/743/119 1259/744/119 1257/742/118
f 1260/743/119 1262/745/120 1261/746/120 1259/744/119
f 1262/745/120 1264/747/121 1263/748/121 1261/746/120
f 1264/747/121 1266/749/122 1265/750/122 1263/748/121
f 1266/749/122 1268/751/123 1267/752/123 1265/750/122
f 1268/751/123 1270/753/124 1269/754/124 1267/752/123
f 1270/753/124 1272/755/125 1271/756/125 1269/754/124
f 1272/755/125 1274/757/126 1273/758/126 1271/756/125
f 1274/757/126 1276/759/127 1275/760/127 1273/758/126
f 1276/759/127 1278/761/128 1277/762/128 1275/760/127
f 1278/761/128 1280/763/129 1279/764/129 1277/762/128
f 1280/763/129 1282/765/130 1281/766/130 1279/764/129
f 1282/765/130 1284/767/131 1283/768/131 1281/766/130
f 1284/767/131 1286/769/132 1285/770/132 1283/768/131
f 1286/769/132 1288/771/133 1287/772/133 1285/770/132
f 1288/771/133 1290/773/134 1289/774/134 1287/772/133
f 1290/773/134 1292/775/135 1291/776/135 1289/774/134
f 1292/775/135 1294/777/136 1293/778/136 1291/776/135
f 1294/777/136 1296/779/137 1295/780/137 1293/778/136
f 1296/779/137 1298/781/138 1297/782/138 1295/780/137
f 1298/781/138 1300/783/139 1299/784/139 1297/782/138
f 1300/783/139 1302/785/140 1301/786/140 1299/784/139
f 1302/785/140 1304/787/141 1303/788/141 1301/786/140
f 1304/787/141 1306/789/142 1305/790/142 1303/788/141
f 1306/789/142 1308/791/143 1307/792/143 1305/790/142
f 1308/791/143 1310/793/144 1309/794/144 1307/792/143
f 1310/793/144 1312/795/3 1311/796/3 1309/794/144
f 1312/795/3 1314/797/145 1313/798/145 1311/796/3
f 1314/797/145 1316/799/146 1315/800/146 1313/798/145
f 1316/799/146 1318/801/147 1317/802/147 1315/800/146
f 1318/801/147 1320/803/148 1319/804/148 1317/802/147
f 1320/803/148 1322/805/149 1321/806/149 1319/804/148
f 1322/805/149 1324/807/150 1323/808/150 1321/806/149
f 1324/807/150 1326/809/151 1325/810/151 1323/808/150
f 1326/809/151 1328/811/152 1327/812/152 1325/810/151
f 1328/811/152 1330/813/153 1329/814/153 1327/812/152
f 1330/813/153 1332/815/154 1331/816/154 1329/814/153
f 1332/815/154 1334/817/155 1333/818/155 1331/816/154
f 1334/817/155 1336/819/156 1335/820/156 1333/818/155
f 1336/819/156 1338/821/157 1337/822/157 1335/820/156
f 1338/821/157 1340/823/158 1339/824/158 1337/822/157
f 1340/823/158 1342/825/159 1341/826/159 1339/824/158
f 1342/825/159 1344/827/160 1343/828/160 1341/826/159
f 1344/827/160 1346/829/161 1345/830/161 1343/828/160
f 1346/829/161 1348/831/162 1347/832/162 1345/830/161
f 1348/831/162 1350/833/163 1349/834/163 1347/832/162
f 1350/833/163 1352/835/164 1351/836/164 1349/834/163
f 1352/835/164 1354/837/165 1353/838/165 1351/836/164
f 1354/837/165 1356/839/166 1355/840/166 1353/838/165
f 1356/839/166 1358/841/167 1357/842/167 1355/840/166
f 1358/841/167 1360/843/168 1359/844/168 1357/842/167
f 1360/843/168 1362/845/169 1361/846/169 1359/844/168
f 1362/845/169 1364/847/170 1363/848/170 1361/846/169
f 1364/847/170 1366/849/171 1365/850/171 1363/848/170
f 1366/849/171 1368/851/3 1367/852/3 1365/850/171
f 1368/851/3 1370/853/4 1369/854/4 1367/852/3
f 1370/853/4 1372/855/172 1371/856/172 1369/854/4
f 1372/855/172 1374/857/173 1373/858/173 1371/856/172
f 1374/857/173 1376/859/174 1375/860/174 1373/858/173
f 1376/859/174 1378/861/175 1377/862/175 1375/860/174
f 1378/861/175 1380/863/176 1379/864/176 1377/862/175
f 1380/863/176 1382/865/177 1381/866/177 1379/864/176
f 1382/865/177 1384/867/178 1383/868/178 1381/866/177
f 1384/867/178 1386/869/179 1385/870/179 1383/868/178
f 1386/869/179 1388/871/180 1387/872/180 1385/870/179
f 1388/871/180 1390/873/181 1389/874/181 1387/872/180
f 1390/873/181 1392/875/182 1391/876/182 1389/874/181
f 1392/875/182 1394/877/183 1393/878/183 1391/876/182
f 1394/877/183 1396/879/184 1395/880/184 1393/878/183
f 1396/879/184 1398/881/185 1397/882/185 1395/880/184
f 1398/881/185 1400/583/186 1399/125/186 1397/882/185
f 1400/583/186 1402/883/187 1401/884/187 1399/125/186
f 1402/883/187 1404/885/188 1403/886/188 1401/884/187
f 1404/885/188 1406/887/189 1405/888/189 1403/886/188
f 1406/887/189 1408/889/190 1407/890/190 1405/888/189
f 1408/889/190 1410/891/191 1409/892/191 1407/890/190
f 1410/891/191 1412/893/192 1411/894/192 1409/892/191
f 1412/893/192 1414/895/193 1413/896/193 1411/894/192
f 1414/895/193 1416/897/194 1415/898/194 1413/896/193
f 1416/897/194 1418/899/195 1417/900/195 1415/898/194
f 1418/899/195 1420/901/196 1419/902/196 1417/900/195
f 1420/901/196 1422/903/197 1421/904/197 1419/902/196
f 1422/903/197 1424/905/198 1423/906/198 1421/904/197
f 1424/905/198 1426/907/199 1425/908/199 1423/906/198
f 1426/907/199 1428/909/200 1427/910/200 1425/908/199
f 1428/909/200 1430/911/201 1429/912/201 1427/910/200
f 1430/911/201 1432/913/202 1431/914/202 1429/912/201
f 1432/913/202 1434/915/203 1433/916/203 1431/914/202
f 1434/915/203 1436/917/204 1435/918/204 1433/916/203
f 1436/917/204 1438/919/205 1437/920/205 1435/918/204
f 1438/919/205 1440/921/206 1439/922/206 1437/920/205
f 1440/921/206 1442/923/207 1441/924/207 1439/922/206
f 1442/923/207 1444/925/208 1443/926/208 1441/924/207
f 1444/925/208 1446/927/4 1445/928/4 1443/926/208
f 1446/927/4 1448/929/42 1447/930/42 1445/928/4
f 1448/929/42 1450/931/42 1449/932/42 1447/930/42
f 1450/931/42 1452/933/4 1451/934/4 1449/932/42
f 1452/933/4 1454/935/4 1453/936/4 1451/934/4
f 1454/935/4 1456/937/42 1455/938/42 1453/936/4
f 1456/937/42 1458/939/209 1457/940/209 1455/938/42
f 1458/939/209 1460/941/210 1459/942/210 1457/940/209
f 1460/941/210 1462/943/211 1461/944/211 1459/942/210
f 1462/943/211 1464/945/212 1463/946/212 1461/944/211
f 1464/945/212 1466/947/213 1465/948/213 1463/946/212
f 1466/947/213 1468/949/214 1467/950/214 1465/948/213
f 1468/949/214 1470/951/215 1469/952/215 1467/950/214
f 1470/951/215 1472/953/216 1471/954/216 1469/952/215
f 1472/953/216 1474/955/217 1473/956/217 1471/954/216
f 1474/955/217 1476/957/218 1475/958/218 1473/956/217
f 1476/957/218 1478/959/219 1477/960/219 1475/958/218
f 1478/959/219 1480/961/220 1479/962/220 1477/960/219
f 1480/961/220 1482/963/221 1481/964/221 1479/962/220
f 1482/963/221 1484/965/222 1483/966/222 1481/964/221
f 1484/965/222 1486/967/223 1485/968/223 1483/966/222
f 1486/967/223 1488/969/224 1487/970/224 1485/968/223
f 1488/969/224 1490/971/225 1489/972/225 1487/970/224
f 1490/971/225 1492/973/226 1491/974/226 1489/972/225
f 1492/973/226 1494/975/227 1493/976/227 1491/974/226
f 1494/975/227 1496/977/228 1495/978/228 1493/976/227
f 1496/977/228 1498/979/229 1497/980/229 1495/978/228
f 1498/979/229 1500/981/230 1499/982/230 1497/980/229
f 1500/981/230 1502/983/231 1501/984/231 1499/982/230
f 1502/983/231 1504/985/232 1503/986/232 1501/984/231
f 1504/985/232 1506/987/233 1505/988/233 1503/986/232
f 1506/987/233 1508/989/234 1507/990/234 1505/988/233
f 1508/989/234 1510/991/235 1509/992/235 1507/990/234
f 1510/991/235 1512/993/236 1511/994/236 1509/992/235
f 1512/993/236 1514/995/237 1513/996/237 1511/994/236
f 1514/995/237 1516/997/238 1515/998/238 1513/996/237
f 1516/997/238 1518/999/239 1517/1000/239 1515/998/238
f 1518/999/239 1520/1001/240 1519/1002/240 1517/1000/239
f 1520/1001/240 1522/1003/241 1521/1004/241 1519/1002/240
f 1522/1003/241 1524/1005/242 1523/1006/242 1521/1004/241
f 1524/1005/242 1526/1007/243 1525/1008/243 1523/1006/242
f 1526/1007/243 1528/1009/244 1527/1010/244 1525/1008/243
f 1528/1009/244 1530/1011/245 1529/1012/245 1527/1010/244
f 1530/1011/245 1532/1013/42 1531/1014/42 1529/1012/245
f 1532/1013/42 1534/1015/43 1533/1016/43 1531/1014/42
f 1534/1015/43 1536/1017/246 1535/1018/246 1533/1016/43
f 1536/1017/246 1538/1019/247 1537/1020/247 1535/1018/246
f 1538/1019/247 1540/1021/248 1539/1022/248 1537/1020/247
f 1540/1021/248 1542/1023/249 1541/1024/249 1539/1022/248
f 1542/1023/249 1544/1025/250 1543/1026/250 1541/1024/249
f 1544/1025/250 1546/1027/251 1545/1028/251 1543/1026/250
f 1546/1027/251 1548/1029/252 1547/1030/252 1545/1028/251
f 1548/1029/252 1550/1031/253 1549/1032/253 1547/1030/252
f 1550/1031/253 1552/1033/254 1551/1034/254 1549/1032/253
f 1552/1033/254 1554/1035/255 1553/1036/255 1551/1034/254
f 1554/1035/255 1556/1037/256 1555/1038/256 1553/1036/255
f 1556/1037/256 1558/1039/257 1557/1040/257 1555/1038/256
f 1558/1039/257 1560/1041/258 1559/1042/258 1557/1040/257
f 1560/1041/258 1562/1043/259 1561/1044/259 1559/1042/258
f 1562/1043/259 1236/676/107 1235/3/107 1561/1044/259
f 1564/490/260 1566/1045/261 1565/1046/261 1563/2/260
f 1566/1045/261 1568/1047/262 1567/1048/262 1565/1046/261
f 1568/1047/262 1570/1049/263 1569/1050/263 1567/1048/262
f 1570/1049/263 1572/1051/264 1571/1052/264 1569/1050/263
f 1572/1051/264 1574/1053/265 1573/1054/265 1571/1052/264
f 1574/1053/265 1576/1055/266 1575/1056/266 1573/1054/265
f 1576/1055/266 1578/801/267 1577/802/267 1575/1056/266
f 1578/801/267 1580/1057/268 1579/1058/268 1577/802/267
f 1580/1057/268 1582/1059/269 1581/1060/269 1579/1058/268
f 1582/1059/269 1584/1061/270 1583/1062/270 1581/1060/269
f 1584/1061/270 1586/1063/271 1585/1064/271 1583/1062/270
f 1586/1063/271 1588/1065/272 1587/1066/272 1585/1064/271
f 1588/1065/272 1590/1067/4 1589/1068/4 1587/1066/272
f 1590/1067/4 1592/583/42 1591/125/42 1589/1068/4
f 1592/583/42 1594/1069/273 1593/1070/273 1591/125/42
f 1594/1069/273 1596/1071/274 1595/1072/274 1593/1070/273
f 1596/1071/274 1598/1073/275 1597/1074/275 1595/1072/274
f 1598/1073/275 1600/1075/276 1599/1076/276 1597/1074/275
f 1600/1075/276 1602/1077/277 1601/1078/277 1599/1076/276
f 1602/1077/277 1604/1079/278 1603/1080/278 1601/1078/277
f 1604/1079/278 1606/963/279 1605/964/279 1603/1080/278
f 1606/963/279 1608/1081/280 1607/1082/280 1605/964/279
f 1608/1081/280 1610/1083/281 1609/1084/281 1607/1082/280
f 1610/1083/281 1612/1085/282 1611/1086/282 1609/1084/281
f 1612/1085/282 1614/1087/283 1613/1088/283 1611/1086/282
f 1614/1087/283 1616/1089/284 1615/1090/284 1613/1088/283
f 1616/1089/284 1618/1091/285 1617/1092/285 1615/1090/284
f 1618/1091/285 1564/676/260 1563/3/260 1617/1092/285
f 1620/490/43 1622/801/42 1621/802/42 1619/2/43
f 1622/801/42 1624/583/4 1623/125/4 1621/802/42
f 1624/583/4 1626/963/3 1625/964/3 1623/125/4
f 1626/963/3 1620/676/43 1619/3/43 1625/964/3
f 1628/490/42 1630/801/4 1629/802/4 1627/2/42
f 1630/801/4 1632/583/3 1631/125/3 1629/802/4
f 1632/583/3 1634/963/43 1633/964/43 1631/125/3
f 1634/963/43 1628/676/42 1627/3/42 1633/964/43
f 1636/490/3 1638/801/43 1637/802/43 1635/2/3
f 1638/801/43 1640/583/42 1639/125/42 1637/802/43
f 1640/583/42 1642/963/4 1641/964/4 1639/125/42
f 1642/963/4 1636/676/3 1635/3/3 1641/964/4
f 1644/490/4 1646/801/3 1645/802/3 1643/2/4
f 1646/801/3 1648/583/43 1647/125/43 1645/802/3
f 1648/583/43 1650/963/42 1649/964/42 1647/125/43
f 1650/963/42 1644/676/4 1643/3/4 1649/964/42
f 1652/490/286 1654/1093/287 1653/1094/287 1651/2/286
f 1654/1093/287 1656/1095/288 1655/1096/288 1653/1094/287
f 1656/1095/288 1658/1097/289 1657/1098/289 1655/1096/288
f 1658/1097/289 1660/1099/290 1659/1100/290 1657/1098/289
f 1660/1099/290 1662/1101/291 1661/1102/291 1659/1100/290
f 1662/1101/291 1664/1103/292 1663/1104/292 1661/1102/291
f 1664/1103/292 1666/1105/293 1665/1106/293 1663/1104/292
f 1666/1105/293 1668/1107/294 1667/1108/294 1665/1106/293
f 1668/1107/294 1670/1109/295 1669/1110/295 1667/1108/294
f 1670/1109/295 1672/1111/296 1671/1112/296 1669/1110/295
f 1672/1111/296 1674/1113/297 1673/1114/297 1671/1112/296
f 1674/1113/297 1676/1115/298 1675/1116/298 1673/1114/297
f 1676/1115/298 1678/1117/299 1677/1118/299 1675/1116/298
f 1678/1117/299 1680/1119/300 1679/1120/300 1677/1118/299
f 1680/1119/300 1682/1121/301 1681/1122/301 1679/1120/300
f 1682/1121/301 1684/1123/302 1683/1124/302 1681/1122/301
f 1684/1123/302 1686/1125/303 1685/1126/303 1683/1124/302
f 1686/1125/303 1688/1127/304 1687/1128/304 1685/1126/303
f 1688/1127/304 1690/1129/305 1689/1130/305 1687/1128/304
f 1690/1129/305 1692/1131/306 1691/1132/306 1689/1130/305
f 1692/1131/306 1694/1133/307 1693/1134/307 1691/1132/306
f 1694/1133/307 1696/1135/308 1695/1136/308 1693/1134/307
f 1696/1135/308 1698/1137/309 1697/1138/309 1695/1136/308
f 1698/1137/309 1700/1139/310 1699/1140/310 1697/1138/309
f 1700/1139/310 1702/1141/311 1701/1142/311 1699/1140/310
f 1702/1141/311 1704/1143/312 1703/1144/312 1701/1142/311
f 1704/1143/312 1706/1145/313 1705/1146/313 1703/1144/312
f 1706/1145/313 1708/1147/314 1707/1148/314 1705/1146/313
f 1708/1147/314 1710/1149/315 1709/1150/315 1707/1148/314
f 1710/1149/315 1712/1151/316 1711/1152/316 1709/1150/315
f 1712/1151/316 1714/1153/317 1713/1154/317 1711/1152/316
f 1714/1153/317 1716/1155/318 1715/1156/318 1713/1154/317
f 1716/1155/318 1718/1157/319 1717/1158/319 1715/1156/318
f 1718/1157/319 1720/1159/320 1719/1160/320 1717/1158/319
f 1720/1159/320 1722/1161/321 1721/1162/321 1719/1160/320
f 1722/1161/321 1724/1163/322 1723/1164/322 1721/1162/321
f 1724/1163/322 1726/1165/323 1725/1166/323 1723/1164/322
f 1726/1165/323 1728/1167/324 1727/1168/324 1725/1166/323
f 1728/1167/324 1730/1169/325 1729/1170/325 1727/1168/324
f 1730/1169/325 1732/1171/326 1731/1172/326 1729/1170/325
f 1732/1171/326 1734/1173/327 1733/1174/327 1731/1172/326
f 1734/1173/327 1736/1175/328 1735/1176/328 1733/1174/327
f 1736/1175/328 1738/1177/329 1737/1178/329 1735/1176/328
f 1738/1177/329 1740/1179/330 1739/1180/330 1737/1178/329
f 1740/1179/330 1742/1181/331 1741/1182/331 1739/1180/330
f 1742/1181/331 1744/1183/332 1743/1184/332 1741/1182/331
f 1744/1183/332 1746/1185/333 1745/1186/333 1743/1184/332
f 1746/1185/333 1748/1187/334 1747/1188/334 1745/1186/333
f 1748/1187/334 1750/1189/335 1749/1190/335 1747/1188/334
f 1750/1189/335 1752/1191/336 1751/1192/336 1749/1190/335
f 1752/1191/336 1754/1193/337 1753/1194/337 1751/1192/336
f 1754/1193/337 1756/1195/338 1755/1196/338 1753/1194/337
f 1756/1195/338 1758/1197/339 1757/1198/339 1755/1196/338
f 1758/1197/339 1760/1199/340 1759/1200/340 1757/1198/339
f 1760/1199/340 1762/1201/341 1761/1202/341 1759/1200/340
f 1762/1201/341 1764/1203/342 1763/1204/342 1761/1202/341
f 1764/1203/342 1766/1205/343 1765/1206/343 1763/1204/342
f 1766/1205/343 1768/1207/344 1767/1208/344 1765/1206/343
f 1768/1207/344 1770/1209/345 1769/1210/345 1767/1208/344
f 1770/1209/345 1772/1211/346 1771/1212/346 1769/1210/345
f 1772/1211/346 1774/1213/347 1773/1214/347 1771/1212/346
f 1774/1213/347 1776/1215/348 1775/1216/348 1773/1214/347
f 1776/1215/348 1778/1217/349 1777/1218/349 1775/1216/348
f 1778/1217/349 1780/1219/350 1779/1220/350 1777/1218/349
f 1780/1219/350 1782/1221/351 1781/1222/351 1779/1220/350
f 1782/1221/351 1784/1223/352 1783/1224/352 1781/1222/351
f 1784/1223/352 1786/1225/353 1785/1226/353 1783/1224/352
f 1786/1225/353 1788/1227/354 1787/1228/354 1785/1226/353
f 1788/1227/354 1790/1229/355 1789/1230/355 1787/1228/354
f 1790/1229/355 1792/1231/356 1791/1232/356 1789/1230/355
f 1792/1231/356 1794/1233/357 1793/1234/357 1791/1232/356
f 1794/1233/357 1796/1235/358 1795/1236/358 1793/1234/357
f 1796/1235/358 1798/1237/359 1797/1238/359 1795/1236/358
f 1798/1237/359 1800/1239/360 1799/1240/360 1797/1238/359
f 1800/1239/360 1802/1241/361 1801/1242/361 1799/1240/360
f 1802/1241/361 1804/1243/362 1803/1244/362 1801/1242/361
f 1804/1243/362 1806/1245/363 1805/1246/363 1803/1244/362
f 1806/1245/363 1808/1247/364 1807/1248/364 1805/1246/363
f 1808/1247/364 1810/1249/82 1809/1250/82 1807/1248/364
f 1810/1249/82 1812/1251/365 1811/1252/365 1809/1250/82
f 1812/1251/365 1814/1253/366 1813/1254/366 1811/1252/365
f 1814/1253/366 1816/1255/367 1815/1256/367 1813/1254/366
f 1816/1255/367 1818/1257/368 1817/1258/368 1815/1256/367
f 1818/1257/368 1820/1259/369 1819/1260/369 1817/1258/368
f 1820/1259/369 1822/1261/370 1821/1262/370 1819/1260/369
f 1822/1261/370 1824/1263/371 1823/1264/371 1821/1262/370
f 1824/1263/371 1826/1265/372 1825/1266/372 1823/1264/371
f 1826/1265/372 1828/1267/373 1827/1268/373 1825/1266/372
f 1828/1267/373 1830/1269/42 1829/1270/42 1827/1268/373
f 1830/1269/42 1832/1271/43 1831/1272/43 1829/1270/42
f 1832/1271/43 1834/1273/374 1833/1274/374 1831/1272/43
f 1834/1273/374 1836/1275/375 1835/1276/375 1833/1274/374
f 1836/1275/375 1838/1277/376 1837/1278/376 1835/1276/375
f 1838/1277/376 1840/1279/377 1839/1280/377 1837/1278/376
f 1840/1279/377 1842/1281/378 1841/1282/378 1839/1280/377
f 1842/1281/378 1844/1283/379 1843/1284/379 1841/1282/378
f 1844/1283/379 1846/1285/380 1845/1286/380 1843/1284/379
f 1846/1285/380 1848/1287/381 1847/1288/381 1845/1286/380
f 1848/1287/381 1850/1289/382 1849/1290/382 1847/1288/381
f 1850/1289/382 1852/1291/383 1851/1292/383 1849/1290/382
f 1852/1291/383 1854/1293/384 1853/1294/384 1851/1292/383
f 1854/1293/384 1856/1295/385 1855/1296/385 1853/1294/384
f 1856/1295/385 1858/1297/386 1857/1298/386 1855/1296/385
f 1858/1297/386 1860/1299/387 1859/1300/387 1857/1298/386
f 1860/1299/387 1862/1301/388 1861/1302/388 1859/1300/387
f 1862/1301/388 1864/1303/389 1863/1304/389 1861/1302/388
f 1864/1303/389 1866/1305/390 1865/1306/390 1863/1304/389
f 1866/1305/390 1868/1307/391 1867/1308/391 1865/1306/390
f 1868/1307/391 1870/1309/392 1869/1310/392 1867/1308/391
f 1870/1309/392 1872/1311/393 1871/1312/393 1869/1310/392
f 1872/1311/393 1874/1313/394 1873/1314/394 1871/1312/393
f 1874/1313/394 1876/1315/395 1875/1316/395 1873/1314/394
f 1876/1315/395 1878/1317/396 1877/1318/396 1875/1316/395
f 1878/1317/396 1880/1319/386 1879/1320/386 1877/1318/396
f 1880/1319/386 1882/1321/397 1881/1322/397 1879/1320/386
f 1882/1321/397 1884/1323/398 1883/1324/398 1881/1322/397
f 1884/1323/398 1886/1325/399 1885/1326/399 1883/1324/398
f 1886/1325/399 1888/1327/400 1887/1328/400 1885/1326/399
f 1888/1327/400 1890/1329/401 1889/1330/401 1887/1328/400
f 1890/1329/401 1892/1331/402 1891/1332/402 1889/1330/401
f 1892/1331/402 1894/1333/403 1893/1334/403 1891/1332/402
f 1894/1333/403 1896/1335/404 1895/1336/404 1893/1334/403
f 1896/1335/404 1898/1337/405 1897/1338/405 1895/1336/404
f 1898/1337/405 1900/1339/406 1899/1340/406 1897/1338/405
f 1900/1339/406 1902/1341/407 1901/1342/407 1899/1340/406
f 1902/1341/407 1904/1343/408 1903/1344/408 1901/1342/407
f 1904/1343/408 1906/1345/409 1905/1346/409 1903/1344/408
f 1906/1345/409 1908/1347/410 1907/1348/410 1905/1346/409
f 1908/1347/410 1910/1349/411 1909/1350/411 1907/1348/410
f 1910/1349/411 1912/1351/412 1911/1352/412 1909/1350/411
f 1912/1351/412 1914/1353/413 1913/1354/413 1911/1352/412
f 1914/1353/413 1916/1355/414 1915/1356/414 1913/1354/413
f 1916/1355/414 1918/1357/415 1917/1358/415 1915/1356/414
f 1918/1357/415 1920/1359/416 1919/1360/416 1917/1358/415
f 1920/1359/416 1922/1361/417 1921/1362/417 1919/1360/416
f 1922/1361/417 1924/1363/418 1923/1364/418 1921/1362/417
f 1924/1363/418 1926/1365/419 1925/1366/419 1923/1364/418
f 1926/1365/419 1928/1367/420 1927/1368/420 1925/1366/419
f 1928/1367/420 1930/1369/421 1929/1370/421 1927/1368/420
f 1930/1369/421 1932/1371/422 1931/1372/422 1929/1370/421
f 1932/1371/422 1934/1373/423 1933/1374/423 1931/1372/422
f 1934/1373/423 1936/1375/424 1935/1376/424 1933/1374/423
f 1936/1375/424 1938/1377/425 1937/1378/425 1935/1376/424
f 1938/1377/425 1940/1379/426 1939/1380/426 1937/1378/425
f 1940/1379/426 1942/1381/427 1941/1382/427 1939/1380/426
f 1942/1381/427 1944/1383/428 1943/1384/428 1941/1382/427
f 1944/1383/428 1946/1385/429 1945/1386/429 1943/1384/428
f 1946/1385/429 1948/1387/430 1947/1388/430 1945/1386/429
f 1948/1387/430 1950/1389/431 1949/1390/431 1947/1388/430
f 1950/1389/431 1952/1391/432 1951/1392/432 1949/1390/431
f 1952/1391/432 1954/1393/433 1953/1394/433 1951/1392/432
f 1954/1393/433 1956/1395/434 1955/1396/434 1953/1394/433
f 1956/1395/434 1958/1397/435 1957/1398/435 1955/1396/434
f 1958/1397/435 1960/1399/436 1959/1400/436 1957/1398/435
f 1960/1399/436 1962/1401/437 1961/1402/437 1959/1400/436
f 1962/1401/437 1964/1403/438 1963/1404/438 1961/1402/437
f 1964/1403/438 1966/1405/439 1965/1406/439 1963/1404/438
f 1966/1405/439 1968/1407/440 1967/1408/440 1965/1406/439
f 1968/1407/440 1970/1409/441 1969/1410/441 1967/1408/440
f 1970/1409/441 1972/1411/442 1971/1412/442 1969/1410/441
f 1972/1411/442 1974/1413/443 1973/1414/443 1971/1412/442
f 1974/1413/443 1976/1415/444 1975/1416/444 1973/1414/443
f 1976/1415/444 1978/1417/445 1977/1418/445 1975/1416/444
f 1978/1417/445 1980/1419/446 1979/1420/446 1977/1418/445
f 1980/1419/446 1982/1421/447 1981/1422/447 1979/1420/446
f 1982/1421/447 1984/1423/448 1983/1424/448 1981/1422/447
f 1984/1423/448 1652/676/286 1651/3/286 1983/1424/448
