# Blender 4.4.1
# www.blender.org
mtllib Susume.mtl
o テキスト
v -0.333328 0.177806 -0.100000
v -0.339792 0.160782 -0.100000
v -0.346359 0.144016 -0.100000
v -0.353000 0.127593 -0.100000
v -0.359682 0.111600 -0.100000
v -0.366375 0.096125 -0.100000
v -0.373047 0.081254 -0.100000
v -0.379667 0.067074 -0.100000
v -0.386203 0.053672 -0.100000
v -0.392625 0.041134 -0.100000
v -0.398901 0.029548 -0.100000
v -0.405000 0.019000 -0.100000
v -0.425000 -0.014000 -0.100000
v -0.435743 0.004418 -0.100000
v -0.446445 0.024093 -0.100000
v -0.457063 0.044906 -0.100000
v -0.467556 0.066741 -0.100000
v -0.477882 0.089478 -0.100000
v -0.488000 0.113000 -0.100000
v -0.497868 0.137189 -0.100000
v -0.507445 0.161926 -0.100000
v -0.516688 0.187094 -0.100000
v -0.525556 0.212574 -0.100000
v -0.534007 0.238249 -0.100000
v -0.542000 0.264000 -0.100000
v -0.522645 0.262585 -0.100000
v -0.503574 0.260347 -0.100000
v -0.484781 0.257297 -0.100000
v -0.466259 0.253445 -0.100000
v -0.448001 0.248800 -0.100000
v -0.430000 0.243375 -0.100000
v -0.412249 0.237179 -0.100000
v -0.394741 0.230222 -0.100000
v -0.377469 0.222516 -0.100000
v -0.360426 0.214070 -0.100000
v -0.343605 0.204894 -0.100000
v -0.327000 0.195000 -0.100000
v -0.304000 0.262000 -0.100000
v -0.325251 0.273881 -0.100000
v -0.346509 0.284551 -0.100000
v -0.367781 0.294047 -0.100000
v -0.389074 0.302407 -0.100000
v -0.410395 0.309671 -0.100000
v -0.431750 0.315875 -0.100000
v -0.453147 0.321058 -0.100000
v -0.474593 0.325259 -0.100000
v -0.496094 0.328516 -0.100000
v -0.517657 0.330866 -0.100000
v -0.539291 0.332348 -0.100000
v -0.561000 0.333000 -0.100000
v -0.562499 0.339230 -0.100000
v -0.563991 0.345421 -0.100000
v -0.565469 0.351578 -0.100000
v -0.566926 0.357704 -0.100000
v -0.568355 0.363802 -0.100000
v -0.569750 0.369875 -0.100000
v -0.571103 0.375928 -0.100000
v -0.572407 0.381963 -0.100000
v -0.573656 0.387984 -0.100000
v -0.574843 0.393995 -0.100000
v -0.575960 0.399999 -0.100000
v -0.577000 0.406000 -0.100000
v -0.577748 0.411258 -0.100000
v -0.578486 0.416977 -0.100000
v -0.579203 0.423078 -0.100000
v -0.579889 0.429481 -0.100000
v -0.580533 0.436107 -0.100000
v -0.581125 0.442875 -0.100000
v -0.581655 0.449705 -0.100000
v -0.582111 0.456519 -0.100000
v -0.582484 0.463234 -0.100000
v -0.582764 0.469773 -0.100000
v -0.582939 0.476055 -0.100000
v -0.583000 0.482000 -0.100000
v -0.669000 0.474000 -0.100000
v -0.667271 0.467576 -0.100000
v -0.665588 0.460861 -0.100000
v -0.663953 0.453938 -0.100000
v -0.662370 0.446889 -0.100000
v -0.660843 0.439799 -0.100000
v -0.659375 0.432750 -0.100000
v -0.657969 0.425826 -0.100000
v -0.656630 0.419111 -0.100000
v -0.655359 0.412688 -0.100000
v -0.654162 0.406639 -0.100000
v -0.653041 0.401049 -0.100000
v -0.652000 0.396000 -0.100000
v -0.636000 0.327000 -0.100000
v -0.674924 0.318507 -0.100000
v -0.711556 0.306139 -0.100000
v -0.745688 0.290062 -0.100000
v -0.777111 0.270444 -0.100000
v -0.805618 0.247451 -0.100000
v -0.831000 0.221250 -0.100000
v -0.853049 0.192007 -0.100000
v -0.871556 0.159889 -0.100000
v -0.886312 0.125062 -0.100000
v -0.897111 0.087694 -0.100000
v -0.903743 0.047951 -0.100000
v -0.906000 0.006000 -0.100000
v -0.903063 -0.042117 -0.100000
v -0.894417 -0.086940 -0.100000
v -0.880313 -0.128422 -0.100000
v -0.861000 -0.166519 -0.100000
v -0.836729 -0.201185 -0.100000
v -0.807750 -0.232375 -0.100000
v -0.774312 -0.260045 -0.100000
v -0.736667 -0.284148 -0.100000
v -0.695063 -0.304641 -0.100000
v -0.649750 -0.321477 -0.100000
v -0.600979 -0.334612 -0.100000
v -0.549000 -0.344000 -0.100000
v -0.502000 -0.273000 -0.100000
v -0.552299 -0.266611 -0.100000
v -0.598644 -0.256556 -0.100000
v -0.640953 -0.243000 -0.100000
v -0.679148 -0.226111 -0.100000
v -0.713149 -0.206056 -0.100000
v -0.742875 -0.183000 -0.100000
v -0.768247 -0.157111 -0.100000
v -0.789185 -0.128556 -0.100000
v -0.805609 -0.097500 -0.100000
v -0.817440 -0.064111 -0.100000
v -0.824597 -0.028556 -0.100000
v -0.827000 0.009000 -0.100000
v -0.825332 0.040808 -0.100000
v -0.820403 0.071130 -0.100000
v -0.812328 0.099813 -0.100000
v -0.801222 0.126704 -0.100000
v -0.787200 0.151650 -0.100000
v -0.770375 0.174500 -0.100000
v -0.750863 0.195100 -0.100000
v -0.728778 0.213296 -0.100000
v -0.704234 0.228938 -0.100000
v -0.677347 0.241870 -0.100000
v -0.648231 0.251942 -0.100000
v -0.617000 0.259000 -0.100000
v -0.607233 0.227197 -0.100000
v -0.596949 0.195412 -0.100000
v -0.586172 0.163828 -0.100000
v -0.574926 0.132630 -0.100000
v -0.563235 0.102001 -0.100000
v -0.551125 0.072125 -0.100000
v -0.538619 0.043187 -0.100000
v -0.525741 0.015370 -0.100000
v -0.512516 -0.011141 -0.100000
v -0.498968 -0.036162 -0.100000
v -0.485121 -0.059510 -0.100000
v -0.471000 -0.081000 -0.100000
v -0.476020 -0.087457 -0.100000
v -0.481079 -0.093824 -0.100000
v -0.486172 -0.100094 -0.100000
v -0.491296 -0.106259 -0.100000
v -0.496448 -0.112314 -0.100000
v -0.501625 -0.118250 -0.100000
v -0.506822 -0.124061 -0.100000
v -0.512037 -0.129741 -0.100000
v -0.517266 -0.135281 -0.100000
v -0.522505 -0.140676 -0.100000
v -0.527751 -0.145918 -0.100000
v -0.533000 -0.151000 -0.100000
v -0.470000 -0.203000 -0.100000
v -0.466001 -0.198479 -0.100000
v -0.462005 -0.193912 -0.100000
v -0.458016 -0.189297 -0.100000
v -0.454037 -0.184630 -0.100000
v -0.450072 -0.179907 -0.100000
v -0.446125 -0.175125 -0.100000
v -0.442199 -0.170281 -0.100000
v -0.438296 -0.165370 -0.100000
v -0.434422 -0.160391 -0.100000
v -0.430579 -0.155338 -0.100000
v -0.426770 -0.150209 -0.100000
v -0.423000 -0.145000 -0.100000
v -0.407512 -0.163215 -0.100000
v -0.392014 -0.180301 -0.100000
v -0.376453 -0.196172 -0.100000
v -0.360778 -0.210741 -0.100000
v -0.344936 -0.223921 -0.100000
v -0.328875 -0.235625 -0.100000
v -0.312543 -0.245767 -0.100000
v -0.295889 -0.254259 -0.100000
v -0.278859 -0.261016 -0.100000
v -0.261403 -0.265949 -0.100000
v -0.243467 -0.268973 -0.100000
v -0.225000 -0.270000 -0.100000
v -0.206300 -0.268693 -0.100000
v -0.188315 -0.264792 -0.100000
v -0.171219 -0.258328 -0.100000
v -0.155185 -0.249333 -0.100000
v -0.140388 -0.237839 -0.100000
v -0.127000 -0.223875 -0.100000
v -0.115196 -0.207474 -0.100000
v -0.105148 -0.188667 -0.100000
v -0.097031 -0.167484 -0.100000
v -0.091019 -0.143958 -0.100000
v -0.087284 -0.118120 -0.100000
v -0.086000 -0.090000 -0.100000
v -0.087292 -0.061156 -0.100000
v -0.091088 -0.032245 -0.100000
v -0.097266 -0.003453 -0.100000
v -0.105704 0.025037 -0.100000
v -0.116281 0.053041 -0.100000
v -0.128875 0.080375 -0.100000
v -0.143365 0.106855 -0.100000
v -0.159630 0.132296 -0.100000
v -0.177547 0.156516 -0.100000
v -0.196995 0.179329 -0.100000
v -0.217854 0.200551 -0.100000
v -0.240000 0.220000 -0.100000
v -0.210000 0.312000 -0.100000
v -0.207689 0.319787 -0.100000
v -0.205264 0.327625 -0.100000
v -0.202734 0.335484 -0.100000
v -0.200111 0.343333 -0.100000
v -0.197405 0.351141 -0.100000
v -0.194625 0.358875 -0.100000
v -0.191783 0.366505 -0.100000
v -0.188889 0.374000 -0.100000
v -0.185953 0.381328 -0.100000
v -0.182986 0.388458 -0.100000
v -0.179998 0.395359 -0.100000
v -0.177000 0.402000 -0.100000
v -0.260000 0.429000 -0.100000
v -0.261310 0.421902 -0.100000
v -0.262731 0.414630 -0.100000
v -0.264250 0.407219 -0.100000
v -0.265852 0.399704 -0.100000
v -0.267523 0.392119 -0.100000
v -0.269250 0.384500 -0.100000
v -0.271018 0.376881 -0.100000
v -0.272815 0.369296 -0.100000
v -0.274625 0.361781 -0.100000
v -0.276435 0.354370 -0.100000
v -0.278231 0.347098 -0.100000
v -0.280000 0.340000 -0.100000
v -0.348691 -0.032220 -0.100000
v -0.341278 -0.019431 -0.100000
v -0.333781 -0.005703 -0.100000
v -0.326222 0.008889 -0.100000
v -0.318622 0.024273 -0.100000
v -0.311000 0.040375 -0.100000
v -0.303379 0.057123 -0.100000
v -0.295778 0.074444 -0.100000
v -0.288219 0.092266 -0.100000
v -0.280722 0.110514 -0.100000
v -0.273309 0.129116 -0.100000
v -0.266000 0.148000 -0.100000
v -0.250010 0.131901 -0.100000
v -0.235083 0.114704 -0.100000
v -0.221281 0.096563 -0.100000
v -0.208667 0.077630 -0.100000
v -0.197302 0.058058 -0.100000
v -0.187250 0.038000 -0.100000
v -0.178573 0.017609 -0.100000
v -0.171333 -0.002963 -0.100000
v -0.165594 -0.023562 -0.100000
v -0.161417 -0.044037 -0.100000
v -0.158865 -0.064234 -0.100000
v -0.158000 -0.084000 -0.100000
v -0.158616 -0.099970 -0.100000
v -0.160431 -0.114843 -0.100000
v -0.163391 -0.128563 -0.100000
v -0.167444 -0.141074 -0.100000
v -0.172540 -0.152322 -0.100000
v -0.178625 -0.162250 -0.100000
v -0.185648 -0.170803 -0.100000
v -0.193556 -0.177926 -0.100000
v -0.202297 -0.183563 -0.100000
v -0.211819 -0.187657 -0.100000
v -0.222071 -0.190155 -0.100000
v -0.233000 -0.191000 -0.100000
v -0.245326 -0.189982 -0.100000
v -0.257773 -0.187023 -0.100000
v -0.270297 -0.182266 -0.100000
v -0.282852 -0.175852 -0.100000
v -0.295393 -0.167924 -0.100000
v -0.307875 -0.158625 -0.100000
v -0.320253 -0.148097 -0.100000
v -0.332482 -0.136482 -0.100000
v -0.344516 -0.123922 -0.100000
v -0.356310 -0.110560 -0.100000
v -0.367820 -0.096539 -0.100000
v -0.379000 -0.082000 -0.100000
v -0.356000 -0.044000 -0.100000
v 0.868361 0.505046 -0.100000
v 0.852556 0.492282 -0.100000
v 0.836750 0.478859 -0.100000
v 0.821111 0.464926 -0.100000
v 0.805806 0.450631 -0.100000
v 0.791000 0.436125 -0.100000
v 0.776861 0.421556 -0.100000
v 0.763556 0.407074 -0.100000
v 0.751250 0.392828 -0.100000
v 0.740111 0.378968 -0.100000
v 0.730306 0.365642 -0.100000
v 0.722000 0.353000 -0.100000
v 0.785000 0.305000 -0.100000
v 0.793036 0.317682 -0.100000
v 0.802537 0.331125 -0.100000
v 0.813344 0.345172 -0.100000
v 0.825296 0.359667 -0.100000
v 0.838235 0.374453 -0.100000
v 0.852000 0.389375 -0.100000
v 0.866432 0.404276 -0.100000
v 0.881370 0.419000 -0.100000
v 0.896656 0.433391 -0.100000
v 0.912130 0.447292 -0.100000
v 0.927631 0.460547 -0.100000
v 0.943000 0.473000 -0.100000
v 0.884000 0.517000 -0.100000
v 0.357000 0.049000 -0.100000
v 0.357000 0.152000 -0.100000
v 0.545000 0.152000 -0.100000
v 0.545000 0.049000 -0.100000
v 0.357000 0.312000 -0.100000
v 0.545000 0.312000 -0.100000
v 0.545000 0.211000 -0.100000
v 0.357000 0.211000 -0.100000
v 0.357000 -0.119000 -0.100000
v 0.357000 -0.012000 -0.100000
v 0.545000 -0.012000 -0.100000
v 0.545000 -0.119000 -0.100000
v 0.316467 0.505995 -0.100000
v 0.309903 0.494542 -0.100000
v 0.303359 0.482734 -0.100000
v 0.296889 0.470667 -0.100000
v 0.290543 0.458432 -0.100000
v 0.284375 0.446125 -0.100000
v 0.278436 0.433839 -0.100000
v 0.272778 0.421667 -0.100000
v 0.267453 0.409703 -0.100000
v 0.262514 0.398042 -0.100000
v 0.258012 0.386776 -0.100000
v 0.254000 0.376000 -0.100000
v 0.069000 0.376000 -0.100000
v 0.069000 0.312000 -0.100000
v 0.287000 0.312000 -0.100000
v 0.287000 0.211000 -0.100000
v 0.102000 0.211000 -0.100000
v 0.102000 0.152000 -0.100000
v 0.287000 0.152000 -0.100000
v 0.287000 0.049000 -0.100000
v 0.104000 0.049000 -0.100000
v 0.104000 -0.012000 -0.100000
v 0.287000 -0.012000 -0.100000
v 0.287000 -0.119000 -0.100000
v 0.050000 -0.119000 -0.100000
v 0.050000 -0.184000 -0.100000
v 0.618000 -0.184000 -0.100000
v 0.618000 0.235000 -0.100000
v 0.624251 0.226833 -0.100000
v 0.630509 0.218829 -0.100000
v 0.636781 0.210984 -0.100000
v 0.643074 0.203296 -0.100000
v 0.649395 0.195761 -0.100000
v 0.655750 0.188375 -0.100000
v 0.662147 0.181135 -0.100000
v 0.668593 0.174037 -0.100000
v 0.675094 0.167078 -0.100000
v 0.681657 0.160255 -0.100000
v 0.688291 0.153563 -0.100000
v 0.695000 0.147000 -0.100000
v 0.697608 0.150775 -0.100000
v 0.700861 0.155032 -0.100000
v 0.704656 0.159672 -0.100000
v 0.708889 0.164593 -0.100000
v 0.713455 0.169694 -0.100000
v 0.718250 0.174875 -0.100000
v 0.723170 0.180035 -0.100000
v 0.728111 0.185074 -0.100000
v 0.732969 0.189891 -0.100000
v 0.737639 0.194384 -0.100000
v 0.742017 0.198454 -0.100000
v 0.746000 0.202000 -0.100000
v 0.724491 0.222604 -0.100000
v 0.703509 0.244833 -0.100000
v 0.683125 0.268562 -0.100000
v 0.663407 0.293667 -0.100000
v 0.644426 0.320021 -0.100000
v 0.626250 0.347500 -0.100000
v 0.608949 0.375979 -0.100000
v 0.592593 0.405333 -0.100000
v 0.577250 0.435438 -0.100000
v 0.562991 0.466167 -0.100000
v 0.549884 0.497396 -0.100000
v 0.538000 0.529000 -0.100000
v 0.470000 0.512000 -0.100000
v 0.474313 0.500291 -0.100000
v 0.478750 0.488662 -0.100000
v 0.483313 0.477109 -0.100000
v 0.488000 0.465630 -0.100000
v 0.492813 0.454219 -0.100000
v 0.497750 0.442875 -0.100000
v 0.502813 0.431593 -0.100000
v 0.508000 0.420370 -0.100000
v 0.513313 0.409203 -0.100000
v 0.518750 0.398088 -0.100000
v 0.524313 0.387021 -0.100000
v 0.530000 0.376000 -0.100000
v 0.337000 0.376000 -0.100000
v 0.340891 0.385887 -0.100000
v 0.345046 0.396009 -0.100000
v 0.349437 0.406313 -0.100000
v 0.354037 0.416741 -0.100000
v 0.358817 0.427238 -0.100000
v 0.363750 0.437750 -0.100000
v 0.368808 0.448220 -0.100000
v 0.373963 0.458593 -0.100000
v 0.379187 0.468813 -0.100000
v 0.384454 0.478824 -0.100000
v 0.389734 0.488572 -0.100000
v 0.395000 0.498000 -0.100000
v 0.323000 0.517000 -0.100000
v 0.739971 -0.198224 -0.100000
v 0.733852 -0.200875 -0.100000
v 0.727594 -0.203922 -0.100000
v 0.721148 -0.207333 -0.100000
v 0.714466 -0.211078 -0.100000
v 0.707500 -0.215125 -0.100000
v 0.700200 -0.219443 -0.100000
v 0.692519 -0.224000 -0.100000
v 0.684406 -0.228766 -0.100000
v 0.675815 -0.233708 -0.100000
v 0.666696 -0.238797 -0.100000
v 0.657000 -0.244000 -0.100000
v 0.640502 -0.251949 -0.100000
v 0.623018 -0.258843 -0.100000
v 0.604562 -0.264750 -0.100000
v 0.585148 -0.269741 -0.100000
v 0.564789 -0.273884 -0.100000
v 0.543500 -0.277250 -0.100000
v 0.521294 -0.279907 -0.100000
v 0.498185 -0.281926 -0.100000
v 0.474187 -0.283375 -0.100000
v 0.449315 -0.284324 -0.100000
v 0.423581 -0.284843 -0.100000
v 0.397000 -0.285000 -0.100000
v 0.367990 -0.284876 -0.100000
v 0.337671 -0.284509 -0.100000
v 0.306359 -0.283906 -0.100000
v 0.274370 -0.283074 -0.100000
v 0.242020 -0.282020 -0.100000
v 0.209625 -0.280750 -0.100000
v 0.177501 -0.279272 -0.100000
v 0.145963 -0.277593 -0.100000
v 0.115328 -0.275719 -0.100000
v 0.085912 -0.273658 -0.100000
v 0.058031 -0.271416 -0.100000
v 0.032000 -0.269000 -0.100000
v 0.034554 -0.274605 -0.100000
v 0.037185 -0.280838 -0.100000
v 0.039844 -0.287578 -0.100000
v 0.042481 -0.294704 -0.100000
v 0.045050 -0.302093 -0.100000
v 0.047500 -0.309625 -0.100000
v 0.049784 -0.317178 -0.100000
v 0.051852 -0.324630 -0.100000
v 0.053656 -0.331859 -0.100000
v 0.055148 -0.338745 -0.100000
v 0.056279 -0.345166 -0.100000
v 0.057000 -0.351000 -0.100000
v 0.078013 -0.352247 -0.100000
v 0.102190 -0.353477 -0.100000
v 0.128984 -0.354672 -0.100000
v 0.157852 -0.355815 -0.100000
v 0.188247 -0.356888 -0.100000
v 0.219625 -0.357875 -0.100000
v 0.251440 -0.358757 -0.100000
v 0.283148 -0.359518 -0.100000
v 0.314203 -0.360141 -0.100000
v 0.344060 -0.360606 -0.100000
v 0.372174 -0.360899 -0.100000
v 0.398000 -0.361000 -0.100000
v 0.426843 -0.360763 -0.100000
v 0.454412 -0.360019 -0.100000
v 0.480766 -0.358719 -0.100000
v 0.505963 -0.356815 -0.100000
v 0.530063 -0.354258 -0.100000
v 0.553125 -0.351000 -0.100000
v 0.575208 -0.346992 -0.100000
v 0.596370 -0.342185 -0.100000
v 0.616672 -0.336531 -0.100000
v 0.636171 -0.329981 -0.100000
v 0.654928 -0.322487 -0.100000
v 0.673000 -0.314000 -0.100000
v 0.683561 -0.307935 -0.100000
v 0.693741 -0.301815 -0.100000
v 0.703531 -0.295750 -0.100000
v 0.712926 -0.289852 -0.100000
v 0.721918 -0.284231 -0.100000
v 0.730500 -0.279000 -0.100000
v 0.738666 -0.274269 -0.100000
v 0.746407 -0.270148 -0.100000
v 0.753719 -0.266750 -0.100000
v 0.760593 -0.264185 -0.100000
v 0.767022 -0.262565 -0.100000
v 0.773000 -0.262000 -0.100000
v 0.781762 -0.263095 -0.100000
v 0.791014 -0.266264 -0.100000
v 0.800703 -0.271328 -0.100000
v 0.810778 -0.278111 -0.100000
v 0.821186 -0.286436 -0.100000
v 0.831875 -0.296125 -0.100000
v 0.842793 -0.307002 -0.100000
v 0.853889 -0.318889 -0.100000
v 0.865109 -0.331609 -0.100000
v 0.876403 -0.344986 -0.100000
v 0.887717 -0.358842 -0.100000
v 0.899000 -0.373000 -0.100000
v 0.958000 -0.298000 -0.100000
v 0.946463 -0.287403 -0.100000
v 0.934870 -0.277139 -0.100000
v 0.923250 -0.267250 -0.100000
v 0.911629 -0.257778 -0.100000
v 0.900037 -0.248764 -0.100000
v 0.888500 -0.240250 -0.100000
v 0.877046 -0.232278 -0.100000
v 0.865704 -0.224889 -0.100000
v 0.854500 -0.218125 -0.100000
v 0.843463 -0.212028 -0.100000
v 0.832620 -0.206639 -0.100000
v 0.822000 -0.202000 -0.100000
v 0.822000 0.083000 -0.100000
v 0.939000 0.083000 -0.100000
v 0.939000 0.156000 -0.100000
v 0.746000 0.156000 -0.100000
v 0.746000 -0.196000 -0.100000
v -0.333328 0.177806 0.100000
v -0.339792 0.160782 0.100000
v -0.346359 0.144016 0.100000
v -0.353000 0.127593 0.100000
v -0.359682 0.111600 0.100000
v -0.366375 0.096125 0.100000
v -0.373047 0.081254 0.100000
v -0.379667 0.067074 0.100000
v -0.386203 0.053672 0.100000
v -0.392625 0.041134 0.100000
v -0.398901 0.029548 0.100000
v -0.405000 0.019000 0.100000
v -0.425000 -0.014000 0.100000
v -0.435743 0.004418 0.100000
v -0.446445 0.024093 0.100000
v -0.457063 0.044906 0.100000
v -0.467556 0.066741 0.100000
v -0.477882 0.089478 0.100000
v -0.488000 0.113000 0.100000
v -0.497868 0.137189 0.100000
v -0.507445 0.161926 0.100000
v -0.516688 0.187094 0.100000
v -0.525556 0.212574 0.100000
v -0.534007 0.238249 0.100000
v -0.542000 0.264000 0.100000
v -0.522645 0.262585 0.100000
v -0.503574 0.260347 0.100000
v -0.484781 0.257297 0.100000
v -0.466259 0.253445 0.100000
v -0.448001 0.248800 0.100000
v -0.430000 0.243375 0.100000
v -0.412249 0.237179 0.100000
v -0.394741 0.230222 0.100000
v -0.377469 0.222516 0.100000
v -0.360426 0.214070 0.100000
v -0.343605 0.204894 0.100000
v -0.327000 0.195000 0.100000
v -0.304000 0.262000 0.100000
v -0.325251 0.273881 0.100000
v -0.346509 0.284551 0.100000
v -0.367781 0.294047 0.100000
v -0.389074 0.302407 0.100000
v -0.410395 0.309671 0.100000
v -0.431750 0.315875 0.100000
v -0.453147 0.321058 0.100000
v -0.474593 0.325259 0.100000
v -0.496094 0.328516 0.100000
v -0.517657 0.330866 0.100000
v -0.539291 0.332348 0.100000
v -0.561000 0.333000 0.100000
v -0.562499 0.339230 0.100000
v -0.563991 0.345421 0.100000
v -0.565469 0.351578 0.100000
v -0.566926 0.357704 0.100000
v -0.568355 0.363802 0.100000
v -0.569750 0.369875 0.100000
v -0.571103 0.375928 0.100000
v -0.572407 0.381963 0.100000
v -0.573656 0.387984 0.100000
v -0.574843 0.393995 0.100000
v -0.575960 0.399999 0.100000
v -0.577000 0.406000 0.100000
v -0.577748 0.411258 0.100000
v -0.578486 0.416977 0.100000
v -0.579203 0.423078 0.100000
v -0.579889 0.429481 0.100000
v -0.580533 0.436107 0.100000
v -0.581125 0.442875 0.100000
v -0.581655 0.449705 0.100000
v -0.582111 0.456519 0.100000
v -0.582484 0.463234 0.100000
v -0.582764 0.469773 0.100000
v -0.582939 0.476055 0.100000
v -0.583000 0.482000 0.100000
v -0.669000 0.474000 0.100000
v -0.667271 0.467576 0.100000
v -0.665588 0.460861 0.100000
v -0.663953 0.453938 0.100000
v -0.662370 0.446889 0.100000
v -0.660843 0.439799 0.100000
v -0.659375 0.432750 0.100000
v -0.657969 0.425826 0.100000
v -0.656630 0.419111 0.100000
v -0.655359 0.412688 0.100000
v -0.654162 0.406639 0.100000
v -0.653041 0.401049 0.100000
v -0.652000 0.396000 0.100000
v -0.636000 0.327000 0.100000
v -0.674924 0.318507 0.100000
v -0.711556 0.306139 0.100000
v -0.745688 0.290062 0.100000
v -0.777111 0.270444 0.100000
v -0.805618 0.247451 0.100000
v -0.831000 0.221250 0.100000
v -0.853049 0.192007 0.100000
v -0.871556 0.159889 0.100000
v -0.886312 0.125062 0.100000
v -0.897111 0.087694 0.100000
v -0.903743 0.047951 0.100000
v -0.906000 0.006000 0.100000
v -0.903063 -0.042117 0.100000
v -0.894417 -0.086940 0.100000
v -0.880313 -0.128422 0.100000
v -0.861000 -0.166519 0.100000
v -0.836729 -0.201185 0.100000
v -0.807750 -0.232375 0.100000
v -0.774312 -0.260045 0.100000
v -0.736667 -0.284148 0.100000
v -0.695063 -0.304641 0.100000
v -0.649750 -0.321477 0.100000
v -0.600979 -0.334612 0.100000
v -0.549000 -0.344000 0.100000
v -0.502000 -0.273000 0.100000
v -0.552299 -0.266611 0.100000
v -0.598644 -0.256556 0.100000
v -0.640953 -0.243000 0.100000
v -0.679148 -0.226111 0.100000
v -0.713149 -0.206056 0.100000
v -0.742875 -0.183000 0.100000
v -0.768247 -0.157111 0.100000
v -0.789185 -0.128556 0.100000
v -0.805609 -0.097500 0.100000
v -0.817440 -0.064111 0.100000
v -0.824597 -0.028556 0.100000
v -0.827000 0.009000 0.100000
v -0.825332 0.040808 0.100000
v -0.820403 0.071130 0.100000
v -0.812328 0.099813 0.100000
v -0.801222 0.126704 0.100000
v -0.787200 0.151650 0.100000
v -0.770375 0.174500 0.100000
v -0.750863 0.195100 0.100000
v -0.728778 0.213296 0.100000
v -0.704234 0.228938 0.100000
v -0.677347 0.241870 0.100000
v -0.648231 0.251942 0.100000
v -0.617000 0.259000 0.100000
v -0.607233 0.227197 0.100000
v -0.596949 0.195412 0.100000
v -0.586172 0.163828 0.100000
v -0.574926 0.132630 0.100000
v -0.563235 0.102001 0.100000
v -0.551125 0.072125 0.100000
v -0.538619 0.043187 0.100000
v -0.525741 0.015370 0.100000
v -0.512516 -0.011141 0.100000
v -0.498967 -0.036162 0.100000
v -0.485121 -0.059510 0.100000
v -0.471000 -0.081000 0.100000
v -0.476020 -0.087457 0.100000
v -0.481079 -0.093824 0.100000
v -0.486172 -0.100094 0.100000
v -0.491296 -0.106259 0.100000
v -0.496448 -0.112314 0.100000
v -0.501625 -0.118250 0.100000
v -0.506822 -0.124061 0.100000
v -0.512037 -0.129741 0.100000
v -0.517266 -0.135281 0.100000
v -0.522505 -0.140676 0.100000
v -0.527751 -0.145918 0.100000
v -0.533000 -0.151000 0.100000
v -0.470000 -0.203000 0.100000
v -0.466001 -0.198479 0.100000
v -0.462005 -0.193912 0.100000
v -0.458016 -0.189297 0.100000
v -0.454037 -0.184630 0.100000
v -0.450072 -0.179907 0.100000
v -0.446125 -0.175125 0.100000
v -0.442199 -0.170281 0.100000
v -0.438296 -0.165370 0.100000
v -0.434422 -0.160391 0.100000
v -0.430579 -0.155338 0.100000
v -0.426770 -0.150209 0.100000
v -0.423000 -0.145000 0.100000
v -0.407512 -0.163215 0.100000
v -0.392014 -0.180301 0.100000
v -0.376453 -0.196172 0.100000
v -0.360778 -0.210741 0.100000
v -0.344936 -0.223921 0.100000
v -0.328875 -0.235625 0.100000
v -0.312543 -0.245767 0.100000
v -0.295889 -0.254259 0.100000
v -0.278859 -0.261016 0.100000
v -0.261403 -0.265949 0.100000
v -0.243467 -0.268973 0.100000
v -0.225000 -0.270000 0.100000
v -0.206300 -0.268693 0.100000
v -0.188315 -0.264792 0.100000
v -0.171219 -0.258328 0.100000
v -0.155185 -0.249333 0.100000
v -0.140388 -0.237839 0.100000
v -0.127000 -0.223875 0.100000
v -0.115196 -0.207474 0.100000
v -0.105148 -0.188667 0.100000
v -0.097031 -0.167484 0.100000
v -0.091019 -0.143958 0.100000
v -0.087284 -0.118120 0.100000
v -0.086000 -0.090000 0.100000
v -0.087292 -0.061156 0.100000
v -0.091088 -0.032245 0.100000
v -0.097266 -0.003453 0.100000
v -0.105704 0.025037 0.100000
v -0.116281 0.053041 0.100000
v -0.128875 0.080375 0.100000
v -0.143365 0.106855 0.100000
v -0.159630 0.132296 0.100000
v -0.177547 0.156516 0.100000
v -0.196995 0.179329 0.100000
v -0.217854 0.200551 0.100000
v -0.240000 0.220000 0.100000
v -0.210000 0.312000 0.100000
v -0.207689 0.319787 0.100000
v -0.205264 0.327625 0.100000
v -0.202734 0.335484 0.100000
v -0.200111 0.343333 0.100000
v -0.197405 0.351141 0.100000
v -0.194625 0.358875 0.100000
v -0.191783 0.366505 0.100000
v -0.188889 0.374000 0.100000
v -0.185953 0.381328 0.100000
v -0.182986 0.388458 0.100000
v -0.179998 0.395359 0.100000
v -0.177000 0.402000 0.100000
v -0.260000 0.429000 0.100000
v -0.261310 0.421902 0.100000
v -0.262731 0.414630 0.100000
v -0.264250 0.407219 0.100000
v -0.265852 0.399704 0.100000
v -0.267523 0.392119 0.100000
v -0.269250 0.384500 0.100000
v -0.271018 0.376881 0.100000
v -0.272815 0.369296 0.100000
v -0.274625 0.361781 0.100000
v -0.276435 0.354370 0.100000
v -0.278231 0.347098 0.100000
v -0.280000 0.340000 0.100000
v -0.348691 -0.032220 0.100000
v -0.341278 -0.019431 0.100000
v -0.333781 -0.005703 0.100000
v -0.326222 0.008889 0.100000
v -0.318622 0.024273 0.100000
v -0.311000 0.040375 0.100000
v -0.303379 0.057123 0.100000
v -0.295778 0.074444 0.100000
v -0.288219 0.092266 0.100000
v -0.280722 0.110514 0.100000
v -0.273309 0.129116 0.100000
v -0.266000 0.148000 0.100000
v -0.250010 0.131901 0.100000
v -0.235083 0.114704 0.100000
v -0.221281 0.096563 0.100000
v -0.208667 0.077630 0.100000
v -0.197302 0.058058 0.100000
v -0.187250 0.038000 0.100000
v -0.178573 0.017609 0.100000
v -0.171333 -0.002963 0.100000
v -0.165594 -0.023562 0.100000
v -0.161417 -0.044037 0.100000
v -0.158865 -0.064234 0.100000
v -0.158000 -0.084000 0.100000
v -0.158616 -0.099970 0.100000
v -0.160430 -0.114843 0.100000
v -0.163391 -0.128563 0.100000
v -0.167444 -0.141074 0.100000
v -0.172540 -0.152322 0.100000
v -0.178625 -0.162250 0.100000
v -0.185648 -0.170803 0.100000
v -0.193556 -0.177926 0.100000
v -0.202297 -0.183563 0.100000
v -0.211819 -0.187657 0.100000
v -0.222071 -0.190155 0.100000
v -0.233000 -0.191000 0.100000
v -0.245326 -0.189982 0.100000
v -0.257773 -0.187023 0.100000
v -0.270297 -0.182266 0.100000
v -0.282852 -0.175852 0.100000
v -0.295393 -0.167924 0.100000
v -0.307875 -0.158625 0.100000
v -0.320253 -0.148097 0.100000
v -0.332481 -0.136482 0.100000
v -0.344516 -0.123922 0.100000
v -0.356310 -0.110560 0.100000
v -0.367820 -0.096539 0.100000
v -0.379000 -0.082000 0.100000
v -0.356000 -0.044000 0.100000
v 0.868361 0.505046 0.100000
v 0.852556 0.492282 0.100000
v 0.836750 0.478859 0.100000
v 0.821111 0.464926 0.100000
v 0.805806 0.450631 0.100000
v 0.791000 0.436125 0.100000
v 0.776861 0.421556 0.100000
v 0.763556 0.407074 0.100000
v 0.751250 0.392828 0.100000
v 0.740111 0.378968 0.100000
v 0.730306 0.365642 0.100000
v 0.722000 0.353000 0.100000
v 0.785000 0.305000 0.100000
v 0.793036 0.317682 0.100000
v 0.802537 0.331125 0.100000
v 0.813344 0.345172 0.100000
v 0.825296 0.359667 0.100000
v 0.838235 0.374453 0.100000
v 0.852000 0.389375 0.100000
v 0.866432 0.404276 0.100000
v 0.881370 0.419000 0.100000
v 0.896656 0.433391 0.100000
v 0.912130 0.447292 0.100000
v 0.927631 0.460547 0.100000
v 0.943000 0.473000 0.100000
v 0.884000 0.517000 0.100000
v 0.357000 0.049000 0.100000
v 0.357000 0.152000 0.100000
v 0.545000 0.152000 0.100000
v 0.545000 0.049000 0.100000
v 0.357000 0.312000 0.100000
v 0.545000 0.312000 0.100000
v 0.545000 0.211000 0.100000
v 0.357000 0.211000 0.100000
v 0.357000 -0.119000 0.100000
v 0.357000 -0.012000 0.100000
v 0.545000 -0.012000 0.100000
v 0.545000 -0.119000 0.100000
v 0.316467 0.505995 0.100000
v 0.309903 0.494542 0.100000
v 0.303359 0.482734 0.100000
v 0.296889 0.470667 0.100000
v 0.290543 0.458432 0.100000
v 0.284375 0.446125 0.100000
v 0.278436 0.433839 0.100000
v 0.272778 0.421667 0.100000
v 0.267453 0.409703 0.100000
v 0.262514 0.398042 0.100000
v 0.258012 0.386776 0.100000
v 0.254000 0.376000 0.100000
v 0.069000 0.376000 0.100000
v 0.069000 0.312000 0.100000
v 0.287000 0.312000 0.100000
v 0.287000 0.211000 0.100000
v 0.102000 0.211000 0.100000
v 0.102000 0.152000 0.100000
v 0.287000 0.152000 0.100000
v 0.287000 0.049000 0.100000
v 0.104000 0.049000 0.100000
v 0.104000 -0.012000 0.100000
v 0.287000 -0.012000 0.100000
v 0.287000 -0.119000 0.100000
v 0.050000 -0.119000 0.100000
v 0.050000 -0.184000 0.100000
v 0.618000 -0.184000 0.100000
v 0.618000 0.235000 0.100000
v 0.624251 0.226833 0.100000
v 0.630509 0.218829 0.100000
v 0.636781 0.210984 0.100000
v 0.643074 0.203296 0.100000
v 0.649395 0.195761 0.100000
v 0.655750 0.188375 0.100000
v 0.662147 0.181135 0.100000
v 0.668593 0.174037 0.100000
v 0.675094 0.167078 0.100000
v 0.681657 0.160255 0.100000
v 0.688291 0.153563 0.100000
v 0.695000 0.147000 0.100000
v 0.697608 0.150775 0.100000
v 0.700861 0.155032 0.100000
v 0.704656 0.159672 0.100000
v 0.708889 0.164593 0.100000
v 0.713455 0.169694 0.100000
v 0.718250 0.174875 0.100000
v 0.723170 0.180035 0.100000
v 0.728111 0.185074 0.100000
v 0.732969 0.189891 0.100000
v 0.737639 0.194384 0.100000
v 0.742017 0.198454 0.100000
v 0.746000 0.202000 0.100000
v 0.724491 0.222604 0.100000
v 0.703509 0.244833 0.100000
v 0.683125 0.268562 0.100000
v 0.663407 0.293667 0.100000
v 0.644426 0.320021 0.100000
v 0.626250 0.347500 0.100000
v 0.608949 0.375979 0.100000
v 0.592593 0.405333 0.100000
v 0.577250 0.435438 0.100000
v 0.562991 0.466167 0.100000
v 0.549884 0.497396 0.100000
v 0.538000 0.529000 0.100000
v 0.470000 0.512000 0.100000
v 0.474313 0.500291 0.100000
v 0.478750 0.488662 0.100000
v 0.483313 0.477109 0.100000
v 0.488000 0.465630 0.100000
v 0.492813 0.454219 0.100000
v 0.497750 0.442875 0.100000
v 0.502813 0.431593 0.100000
v 0.508000 0.420370 0.100000
v 0.513313 0.409203 0.100000
v 0.518750 0.398088 0.100000
v 0.524313 0.387021 0.100000
v 0.530000 0.376000 0.100000
v 0.337000 0.376000 0.100000
v 0.340891 0.385887 0.100000
v 0.345046 0.396009 0.100000
v 0.349437 0.406313 0.100000
v 0.354037 0.416741 0.100000
v 0.358817 0.427238 0.100000
v 0.363750 0.437750 0.100000
v 0.368808 0.448220 0.100000
v 0.373963 0.458593 0.100000
v 0.379187 0.468813 0.100000
v 0.384454 0.478824 0.100000
v 0.389734 0.488572 0.100000
v 0.395000 0.498000 0.100000
v 0.323000 0.517000 0.100000
v 0.739971 -0.198224 0.100000
v 0.733852 -0.200875 0.100000
v 0.727594 -0.203922 0.100000
v 0.721148 -0.207333 0.100000
v 0.714466 -0.211078 0.100000
v 0.707500 -0.215125 0.100000
v 0.700200 -0.219443 0.100000
v 0.692519 -0.224000 0.100000
v 0.684406 -0.228766 0.100000
v 0.675815 -0.233708 0.100000
v 0.666696 -0.238797 0.100000
v 0.657000 -0.244000 0.100000
v 0.640502 -0.251949 0.100000
v 0.623018 -0.258843 0.100000
v 0.604562 -0.264750 0.100000
v 0.585148 -0.269741 0.100000
v 0.564789 -0.273884 0.100000
v 0.543500 -0.277250 0.100000
v 0.521294 -0.279907 0.100000
v 0.498185 -0.281926 0.100000
v 0.474187 -0.283375 0.100000
v 0.449315 -0.284324 0.100000
v 0.423581 -0.284843 0.100000
v 0.397000 -0.285000 0.100000
v 0.367990 -0.284876 0.100000
v 0.337671 -0.284509 0.100000
v 0.306359 -0.283906 0.100000
v 0.274370 -0.283074 0.100000
v 0.242020 -0.282020 0.100000
v 0.209625 -0.280750 0.100000
v 0.177501 -0.279272 0.100000
v 0.145963 -0.277593 0.100000
v 0.115328 -0.275719 0.100000
v 0.085912 -0.273658 0.100000
v 0.058031 -0.271416 0.100000
v 0.032000 -0.269000 0.100000
v 0.034554 -0.274605 0.100000
v 0.037185 -0.280838 0.100000
v 0.039844 -0.287578 0.100000
v 0.042481 -0.294704 0.100000
v 0.045050 -0.302093 0.100000
v 0.047500 -0.309625 0.100000
v 0.049784 -0.317178 0.100000
v 0.051852 -0.324630 0.100000
v 0.053656 -0.331859 0.100000
v 0.055148 -0.338745 0.100000
v 0.056279 -0.345166 0.100000
v 0.057000 -0.351000 0.100000
v 0.078013 -0.352247 0.100000
v 0.102190 -0.353477 0.100000
v 0.128984 -0.354672 0.100000
v 0.157852 -0.355815 0.100000
v 0.188247 -0.356888 0.100000
v 0.219625 -0.357875 0.100000
v 0.251440 -0.358757 0.100000
v 0.283148 -0.359518 0.100000
v 0.314203 -0.360141 0.100000
v 0.344060 -0.360606 0.100000
v 0.372174 -0.360899 0.100000
v 0.398000 -0.361000 0.100000
v 0.426843 -0.360763 0.100000
v 0.454412 -0.360019 0.100000
v 0.480766 -0.358719 0.100000
v 0.505963 -0.356815 0.100000
v 0.530063 -0.354258 0.100000
v 0.553125 -0.351000 0.100000
v 0.575208 -0.346992 0.100000
v 0.596370 -0.342185 0.100000
v 0.616672 -0.336531 0.100000
v 0.636171 -0.329981 0.100000
v 0.654928 -0.322487 0.100000
v 0.673000 -0.314000 0.100000
v 0.683561 -0.307935 0.100000
v 0.693741 -0.301815 0.100000
v 0.703531 -0.295750 0.100000
v 0.712926 -0.289852 0.100000
v 0.721918 -0.284231 0.100000
v 0.730500 -0.279000 0.100000
v 0.738666 -0.274269 0.100000
v 0.746407 -0.270148 0.100000
v 0.753719 -0.266750 0.100000
v 0.760593 -0.264185 0.100000
v 0.767022 -0.262565 0.100000
v 0.773000 -0.262000 0.100000
v 0.781762 -0.263095 0.100000
v 0.791014 -0.266264 0.100000
v 0.800703 -0.271328 0.100000
v 0.810778 -0.278111 0.100000
v 0.821186 -0.286436 0.100000
v 0.831875 -0.296125 0.100000
v 0.842793 -0.307002 0.100000
v 0.853889 -0.318889 0.100000
v 0.865109 -0.331609 0.100000
v 0.876403 -0.344986 0.100000
v 0.887717 -0.358842 0.100000
v 0.899000 -0.373000 0.100000
v 0.958000 -0.298000 0.100000
v 0.946463 -0.287403 0.100000
v 0.934870 -0.277139 0.100000
v 0.923250 -0.267250 0.100000
v 0.911629 -0.257778 0.100000
v 0.900037 -0.248764 0.100000
v 0.888500 -0.240250 0.100000
v 0.877046 -0.232278 0.100000
v 0.865704 -0.224889 0.100000
v 0.854500 -0.218125 0.100000
v 0.843463 -0.212028 0.100000
v 0.832620 -0.206639 0.100000
v 0.822000 -0.202000 0.100000
v 0.822000 0.083000 0.100000
v 0.939000 0.083000 0.100000
v 0.939000 0.156000 0.100000
v 0.746000 0.156000 0.100000
v 0.746000 -0.196000 0.100000
v 0.868361 0.505046 0.100000
v 0.868361 0.505046 -0.100000
v 0.852556 0.492282 0.100000
v 0.852556 0.492282 -0.100000
v 0.836750 0.478859 0.100000
v 0.836750 0.478859 -0.100000
v 0.821111 0.464926 0.100000
v 0.821111 0.464926 -0.100000
v 0.805806 0.450631 0.100000
v 0.805806 0.450631 -0.100000
v 0.791000 0.436125 0.100000
v 0.791000 0.436125 -0.100000
v 0.776861 0.421556 0.100000
v 0.776861 0.421556 -0.100000
v 0.763556 0.407074 0.100000
v 0.763556 0.407074 -0.100000
v 0.751250 0.392828 0.100000
v 0.751250 0.392828 -0.100000
v 0.740111 0.378968 0.100000
v 0.740111 0.378968 -0.100000
v 0.730306 0.365642 0.100000
v 0.730306 0.365642 -0.100000
v 0.722000 0.353000 0.100000
v 0.722000 0.353000 -0.100000
v 0.785000 0.305000 0.100000
v 0.785000 0.305000 -0.100000
v 0.793036 0.317682 0.100000
v 0.793036 0.317682 -0.100000
v 0.802537 0.331125 0.100000
v 0.802537 0.331125 -0.100000
v 0.813344 0.345172 0.100000
v 0.813344 0.345172 -0.100000
v 0.825296 0.359667 0.100000
v 0.825296 0.359667 -0.100000
v 0.838235 0.374453 0.100000
v 0.838235 0.374453 -0.100000
v 0.852000 0.389375 0.100000
v 0.852000 0.389375 -0.100000
v 0.866432 0.404276 0.100000
v 0.866432 0.404276 -0.100000
v 0.881370 0.419000 0.100000
v 0.881370 0.419000 -0.100000
v 0.896656 0.433391 0.100000
v 0.896656 0.433391 -0.100000
v 0.912130 0.447292 0.100000
v 0.912130 0.447292 -0.100000
v 0.927631 0.460547 0.100000
v 0.927631 0.460547 -0.100000
v 0.943000 0.473000 0.100000
v 0.943000 0.473000 -0.100000
v 0.884000 0.517000 0.100000
v 0.884000 0.517000 -0.100000
v 0.357000 0.049000 0.100000
v 0.357000 0.049000 -0.100000
v 0.357000 0.152000 0.100000
v 0.357000 0.152000 -0.100000
v 0.545000 0.152000 0.100000
v 0.545000 0.152000 -0.100000
v 0.545000 0.049000 0.100000
v 0.545000 0.049000 -0.100000
v 0.357000 0.312000 0.100000
v 0.357000 0.312000 -0.100000
v 0.545000 0.312000 0.100000
v 0.545000 0.312000 -0.100000
v 0.545000 0.211000 0.100000
v 0.545000 0.211000 -0.100000
v 0.357000 0.211000 0.100000
v 0.357000 0.211000 -0.100000
v 0.357000 -0.119000 0.100000
v 0.357000 -0.119000 -0.100000
v 0.357000 -0.012000 0.100000
v 0.357000 -0.012000 -0.100000
v 0.545000 -0.012000 0.100000
v 0.545000 -0.012000 -0.100000
v 0.545000 -0.119000 0.100000
v 0.545000 -0.119000 -0.100000
v 0.316467 0.505995 0.100000
v 0.316467 0.505995 -0.100000
v 0.309903 0.494542 0.100000
v 0.309903 0.494542 -0.100000
v 0.303359 0.482734 0.100000
v 0.303359 0.482734 -0.100000
v 0.296889 0.470667 0.100000
v 0.296889 0.470667 -0.100000
v 0.290543 0.458432 0.100000
v 0.290543 0.458432 -0.100000
v 0.284375 0.446125 0.100000
v 0.284375 0.446125 -0.100000
v 0.278436 0.433839 0.100000
v 0.278436 0.433839 -0.100000
v 0.272778 0.421667 0.100000
v 0.272778 0.421667 -0.100000
v 0.267453 0.409703 0.100000
v 0.267453 0.409703 -0.100000
v 0.262514 0.398042 0.100000
v 0.262514 0.398042 -0.100000
v 0.258012 0.386776 0.100000
v 0.258012 0.386776 -0.100000
v 0.254000 0.376000 0.100000
v 0.254000 0.376000 -0.100000
v 0.069000 0.376000 0.100000
v 0.069000 0.376000 -0.100000
v 0.069000 0.312000 0.100000
v 0.069000 0.312000 -0.100000
v 0.287000 0.312000 0.100000
v 0.287000 0.312000 -0.100000
v 0.287000 0.211000 0.100000
v 0.287000 0.211000 -0.100000
v 0.102000 0.211000 0.100000
v 0.102000 0.211000 -0.100000
v 0.102000 0.152000 0.100000
v 0.102000 0.152000 -0.100000
v 0.287000 0.152000 0.100000
v 0.287000 0.152000 -0.100000
v 0.287000 0.049000 0.100000
v 0.287000 0.049000 -0.100000
v 0.104000 0.049000 0.100000
v 0.104000 0.049000 -0.100000
v 0.104000 -0.012000 0.100000
v 0.104000 -0.012000 -0.100000
v 0.287000 -0.012000 0.100000
v 0.287000 -0.012000 -0.100000
v 0.287000 -0.119000 0.100000
v 0.287000 -0.119000 -0.100000
v 0.050000 -0.119000 0.100000
v 0.050000 -0.119000 -0.100000
v 0.050000 -0.184000 0.100000
v 0.050000 -0.184000 -0.100000
v 0.618000 -0.184000 0.100000
v 0.618000 -0.184000 -0.100000
v 0.618000 0.235000 0.100000
v 0.618000 0.235000 -0.100000
v 0.624251 0.226833 0.100000
v 0.624251 0.226833 -0.100000
v 0.630509 0.218829 0.100000
v 0.630509 0.218829 -0.100000
v 0.636781 0.210984 0.100000
v 0.636781 0.210984 -0.100000
v 0.643074 0.203296 0.100000
v 0.643074 0.203296 -0.100000
v 0.649395 0.195761 0.100000
v 0.649395 0.195761 -0.100000
v 0.655750 0.188375 0.100000
v 0.655750 0.188375 -0.100000
v 0.662147 0.181135 0.100000
v 0.662147 0.181135 -0.100000
v 0.668593 0.174037 0.100000
v 0.668593 0.174037 -0.100000
v 0.675094 0.167078 0.100000
v 0.675094 0.167078 -0.100000
v 0.681657 0.160255 0.100000
v 0.681657 0.160255 -0.100000
v 0.688291 0.153563 0.100000
v 0.688291 0.153563 -0.100000
v 0.695000 0.147000 0.100000
v 0.695000 0.147000 -0.100000
v 0.697608 0.150775 0.100000
v 0.697608 0.150775 -0.100000
v 0.700861 0.155032 0.100000
v 0.700861 0.155032 -0.100000
v 0.704656 0.159672 0.100000
v 0.704656 0.159672 -0.100000
v 0.708889 0.164593 0.100000
v 0.708889 0.164593 -0.100000
v 0.713455 0.169694 0.100000
v 0.713455 0.169694 -0.100000
v 0.718250 0.174875 0.100000
v 0.718250 0.174875 -0.100000
v 0.723170 0.180035 0.100000
v 0.723170 0.180035 -0.100000
v 0.728111 0.185074 0.100000
v 0.728111 0.185074 -0.100000
v 0.732969 0.189891 0.100000
v 0.732969 0.189891 -0.100000
v 0.737639 0.194384 0.100000
v 0.737639 0.194384 -0.100000
v 0.742017 0.198454 0.100000
v 0.742017 0.198454 -0.100000
v 0.746000 0.202000 0.100000
v 0.746000 0.202000 -0.100000
v 0.724491 0.222604 0.100000
v 0.724491 0.222604 -0.100000
v 0.703509 0.244833 0.100000
v 0.703509 0.244833 -0.100000
v 0.683125 0.268562 0.100000
v 0.683125 0.268562 -0.100000
v 0.663407 0.293667 0.100000
v 0.663407 0.293667 -0.100000
v 0.644426 0.320021 0.100000
v 0.644426 0.320021 -0.100000
v 0.626250 0.347500 0.100000
v 0.626250 0.347500 -0.100000
v 0.608949 0.375979 0.100000
v 0.608949 0.375979 -0.100000
v 0.592593 0.405333 0.100000
v 0.592593 0.405333 -0.100000
v 0.577250 0.435438 0.100000
v 0.577250 0.435438 -0.100000
v 0.562991 0.466167 0.100000
v 0.562991 0.466167 -0.100000
v 0.549884 0.497396 0.100000
v 0.549884 0.497396 -0.100000
v 0.538000 0.529000 0.100000
v 0.538000 0.529000 -0.100000
v 0.470000 0.512000 0.100000
v 0.470000 0.512000 -0.100000
v 0.474313 0.500291 0.100000
v 0.474313 0.500291 -0.100000
v 0.478750 0.488662 0.100000
v 0.478750 0.488662 -0.100000
v 0.483313 0.477109 0.100000
v 0.483313 0.477109 -0.100000
v 0.488000 0.465630 0.100000
v 0.488000 0.465630 -0.100000
v 0.492813 0.454219 0.100000
v 0.492813 0.454219 -0.100000
v 0.497750 0.442875 0.100000
v 0.497750 0.442875 -0.100000
v 0.502813 0.431593 0.100000
v 0.502813 0.431593 -0.100000
v 0.508000 0.420370 0.100000
v 0.508000 0.420370 -0.100000
v 0.513313 0.409203 0.100000
v 0.513313 0.409203 -0.100000
v 0.518750 0.398088 0.100000
v 0.518750 0.398088 -0.100000
v 0.524313 0.387021 0.100000
v 0.524313 0.387021 -0.100000
v 0.530000 0.376000 0.100000
v 0.530000 0.376000 -0.100000
v 0.337000 0.376000 0.100000
v 0.337000 0.376000 -0.100000
v 0.340891 0.385887 0.100000
v 0.340891 0.385887 -0.100000
v 0.345046 0.396009 0.100000
v 0.345046 0.396009 -0.100000
v 0.349437 0.406313 0.100000
v 0.349437 0.406313 -0.100000
v 0.354037 0.416741 0.100000
v 0.354037 0.416741 -0.100000
v 0.358817 0.427238 0.100000
v 0.358817 0.427238 -0.100000
v 0.363750 0.437750 0.100000
v 0.363750 0.437750 -0.100000
v 0.368808 0.448220 0.100000
v 0.368808 0.448220 -0.100000
v 0.373963 0.458593 0.100000
v 0.373963 0.458593 -0.100000
v 0.379187 0.468813 0.100000
v 0.379187 0.468813 -0.100000
v 0.384454 0.478824 0.100000
v 0.384454 0.478824 -0.100000
v 0.389734 0.488572 0.100000
v 0.389734 0.488572 -0.100000
v 0.395000 0.498000 0.100000
v 0.395000 0.498000 -0.100000
v 0.323000 0.517000 0.100000
v 0.323000 0.517000 -0.100000
v 0.739971 -0.198224 0.100000
v 0.739971 -0.198224 -0.100000
v 0.733852 -0.200875 0.100000
v 0.733852 -0.200875 -0.100000
v 0.727594 -0.203922 0.100000
v 0.727594 -0.203922 -0.100000
v 0.721148 -0.207333 0.100000
v 0.721148 -0.207333 -0.100000
v 0.714466 -0.211078 0.100000
v 0.714466 -0.211078 -0.100000
v 0.707500 -0.215125 0.100000
v 0.707500 -0.215125 -0.100000
v 0.700200 -0.219443 0.100000
v 0.700200 -0.219443 -0.100000
v 0.692519 -0.224000 0.100000
v 0.692519 -0.224000 -0.100000
v 0.684406 -0.228766 0.100000
v 0.684406 -0.228766 -0.100000
v 0.675815 -0.233708 0.100000
v 0.675815 -0.233708 -0.100000
v 0.666696 -0.238797 0.100000
v 0.666696 -0.238797 -0.100000
v 0.657000 -0.244000 0.100000
v 0.657000 -0.244000 -0.100000
v 0.640502 -0.251949 0.100000
v 0.640502 -0.251949 -0.100000
v 0.623018 -0.258843 0.100000
v 0.623018 -0.258843 -0.100000
v 0.604562 -0.264750 0.100000
v 0.604562 -0.264750 -0.100000
v 0.585148 -0.269741 0.100000
v 0.585148 -0.269741 -0.100000
v 0.564789 -0.273884 0.100000
v 0.564789 -0.273884 -0.100000
v 0.543500 -0.277250 0.100000
v 0.543500 -0.277250 -0.100000
v 0.521294 -0.279907 0.100000
v 0.521294 -0.279907 -0.100000
v 0.498185 -0.281926 0.100000
v 0.498185 -0.281926 -0.100000
v 0.474187 -0.283375 0.100000
v 0.474187 -0.283375 -0.100000
v 0.449315 -0.284324 0.100000
v 0.449315 -0.284324 -0.100000
v 0.423581 -0.284843 0.100000
v 0.423581 -0.284843 -0.100000
v 0.397000 -0.285000 0.100000
v 0.397000 -0.285000 -0.100000
v 0.367990 -0.284876 0.100000
v 0.367990 -0.284876 -0.100000
v 0.337671 -0.284509 0.100000
v 0.337671 -0.284509 -0.100000
v 0.306359 -0.283906 0.100000
v 0.306359 -0.283906 -0.100000
v 0.274370 -0.283074 0.100000
v 0.274370 -0.283074 -0.100000
v 0.242020 -0.282020 0.100000
v 0.242020 -0.282020 -0.100000
v 0.209625 -0.280750 0.100000
v 0.209625 -0.280750 -0.100000
v 0.177501 -0.279272 0.100000
v 0.177501 -0.279272 -0.100000
v 0.145963 -0.277593 0.100000
v 0.145963 -0.277593 -0.100000
v 0.115328 -0.275719 0.100000
v 0.115328 -0.275719 -0.100000
v 0.085912 -0.273658 0.100000
v 0.085912 -0.273658 -0.100000
v 0.058031 -0.271416 0.100000
v 0.058031 -0.271416 -0.100000
v 0.032000 -0.269000 0.100000
v 0.032000 -0.269000 -0.100000
v 0.034554 -0.274605 0.100000
v 0.034554 -0.274605 -0.100000
v 0.037185 -0.280838 0.100000
v 0.037185 -0.280838 -0.100000
v 0.039844 -0.287578 0.100000
v 0.039844 -0.287578 -0.100000
v 0.042481 -0.294704 0.100000
v 0.042481 -0.294704 -0.100000
v 0.045050 -0.302093 0.100000
v 0.045050 -0.302093 -0.100000
v 0.047500 -0.309625 0.100000
v 0.047500 -0.309625 -0.100000
v 0.049784 -0.317178 0.100000
v 0.049784 -0.317178 -0.100000
v 0.051852 -0.324630 0.100000
v 0.051852 -0.324630 -0.100000
v 0.053656 -0.331859 0.100000
v 0.053656 -0.331859 -0.100000
v 0.055148 -0.338745 0.100000
v 0.055148 -0.338745 -0.100000
v 0.056279 -0.345166 0.100000
v 0.056279 -0.345166 -0.100000
v 0.057000 -0.351000 0.100000
v 0.057000 -0.351000 -0.100000
v 0.078013 -0.352247 0.100000
v 0.078013 -0.352247 -0.100000
v 0.102190 -0.353477 0.100000
v 0.102190 -0.353477 -0.100000
v 0.128984 -0.354672 0.100000
v 0.128984 -0.354672 -0.100000
v 0.157852 -0.355815 0.100000
v 0.157852 -0.355815 -0.100000
v 0.188247 -0.356888 0.100000
v 0.188247 -0.356888 -0.100000
v 0.219625 -0.357875 0.100000
v 0.219625 -0.357875 -0.100000
v 0.251440 -0.358757 0.100000
v 0.251440 -0.358757 -0.100000
v 0.283148 -0.359518 0.100000
v 0.283148 -0.359518 -0.100000
v 0.314203 -0.360141 0.100000
v 0.314203 -0.360141 -0.100000
v 0.344060 -0.360606 0.100000
v 0.344060 -0.360606 -0.100000
v 0.372174 -0.360899 0.100000
v 0.372174 -0.360899 -0.100000
v 0.398000 -0.361000 0.100000
v 0.398000 -0.361000 -0.100000
v 0.426843 -0.360763 0.100000
v 0.426843 -0.360763 -0.100000
v 0.454412 -0.360019 0.100000
v 0.454412 -0.360019 -0.100000
v 0.480766 -0.358719 0.100000
v 0.480766 -0.358719 -0.100000
v 0.505963 -0.356815 0.100000
v 0.505963 -0.356815 -0.100000
v 0.530063 -0.354258 0.100000
v 0.530063 -0.354258 -0.100000
v 0.553125 -0.351000 0.100000
v 0.553125 -0.351000 -0.100000
v 0.575208 -0.346992 0.100000
v 0.575208 -0.346992 -0.100000
v 0.596370 -0.342185 0.100000
v 0.596370 -0.342185 -0.100000
v 0.616672 -0.336531 0.100000
v 0.616672 -0.336531 -0.100000
v 0.636171 -0.329981 0.100000
v 0.636171 -0.329981 -0.100000
v 0.654928 -0.322487 0.100000
v 0.654928 -0.322487 -0.100000
v 0.673000 -0.314000 0.100000
v 0.673000 -0.314000 -0.100000
v 0.683561 -0.307935 0.100000
v 0.683561 -0.307935 -0.100000
v 0.693741 -0.301815 0.100000
v 0.693741 -0.301815 -0.100000
v 0.703531 -0.295750 0.100000
v 0.703531 -0.295750 -0.100000
v 0.712926 -0.289852 0.100000
v 0.712926 -0.289852 -0.100000
v 0.721918 -0.284231 0.100000
v 0.721918 -0.284231 -0.100000
v 0.730500 -0.279000 0.100000
v 0.730500 -0.279000 -0.100000
v 0.738666 -0.274269 0.100000
v 0.738666 -0.274269 -0.100000
v 0.746407 -0.270148 0.100000
v 0.746407 -0.270148 -0.100000
v 0.753719 -0.266750 0.100000
v 0.753719 -0.266750 -0.100000
v 0.760593 -0.264185 0.100000
v 0.760593 -0.264185 -0.100000
v 0.767022 -0.262565 0.100000
v 0.767022 -0.262565 -0.100000
v 0.773000 -0.262000 0.100000
v 0.773000 -0.262000 -0.100000
v 0.781762 -0.263095 0.100000
v 0.781762 -0.263095 -0.100000
v 0.791014 -0.266264 0.100000
v 0.791014 -0.266264 -0.100000
v 0.800703 -0.271328 0.100000
v 0.800703 -0.271328 -0.100000
v 0.810778 -0.278111 0.100000
v 0.810778 -0.278111 -0.100000
v 0.821186 -0.286436 0.100000
v 0.821186 -0.286436 -0.100000
v 0.831875 -0.296125 0.100000
v 0.831875 -0.296125 -0.100000
v 0.842793 -0.307002 0.100000
v 0.842793 -0.307002 -0.100000
v 0.853889 -0.318889 0.100000
v 0.853889 -0.318889 -0.100000
v 0.865109 -0.331609 0.100000
v 0.865109 -0.331609 -0.100000
v 0.876403 -0.344986 0.100000
v 0.876403 -0.344986 -0.100000
v 0.887717 -0.358842 0.100000
v 0.887717 -0.358842 -0.100000
v 0.899000 -0.373000 0.100000
v 0.899000 -0.373000 -0.100000
v 0.958000 -0.298000 0.100000
v 0.958000 -0.298000 -0.100000
v 0.946463 -0.287403 0.100000
v 0.946463 -0.287403 -0.100000
v 0.934870 -0.277139 0.100000
v 0.934870 -0.277139 -0.100000
v 0.923250 -0.267250 0.100000
v 0.923250 -0.267250 -0.100000
v 0.911629 -0.257778 0.100000
v 0.911629 -0.257778 -0.100000
v 0.900037 -0.248764 0.100000
v 0.900037 -0.248764 -0.100000
v 0.888500 -0.240250 0.100000
v 0.888500 -0.240250 -0.100000
v 0.877046 -0.232278 0.100000
v 0.877046 -0.232278 -0.100000
v 0.865704 -0.224889 0.100000
v 0.865704 -0.224889 -0.100000
v 0.854500 -0.218125 0.100000
v 0.854500 -0.218125 -0.100000
v 0.843463 -0.212028 0.100000
v 0.843463 -0.212028 -0.100000
v 0.832620 -0.206639 0.100000
v 0.832620 -0.206639 -0.100000
v 0.822000 -0.202000 0.100000
v 0.822000 -0.202000 -0.100000
v 0.822000 0.083000 0.100000
v 0.822000 0.083000 -0.100000
v 0.939000 0.083000 0.100000
v 0.939000 0.083000 -0.100000
v 0.939000 0.156000 0.100000
v 0.939000 0.156000 -0.100000
v 0.746000 0.156000 0.100000
v 0.746000 0.156000 -0.100000
v 0.746000 -0.196000 0.100000
v 0.746000 -0.196000 -0.100000
v -0.333328 0.177806 0.100000
v -0.333328 0.177806 -0.100000
v -0.339792 0.160782 0.100000
v -0.339792 0.160782 -0.100000
v -0.346359 0.144016 0.100000
v -0.346359 0.144016 -0.100000
v -0.353000 0.127593 0.100000
v -0.353000 0.127593 -0.100000
v -0.359682 0.111600 0.100000
v -0.359682 0.111600 -0.100000
v -0.366375 0.096125 0.100000
v -0.366375 0.096125 -0.100000
v -0.373047 0.081254 0.100000
v -0.373047 0.081254 -0.100000
v -0.379667 0.067074 0.100000
v -0.379667 0.067074 -0.100000
v -0.386203 0.053672 0.100000
v -0.386203 0.053672 -0.100000
v -0.392625 0.041134 0.100000
v -0.392625 0.041134 -0.100000
v -0.398901 0.029548 0.100000
v -0.398901 0.029548 -0.100000
v -0.405000 0.019000 0.100000
v -0.405000 0.019000 -0.100000
v -0.425000 -0.014000 0.100000
v -0.425000 -0.014000 -0.100000
v -0.435743 0.004418 0.100000
v -0.435743 0.004418 -0.100000
v -0.446445 0.024093 0.100000
v -0.446445 0.024093 -0.100000
v -0.457063 0.044906 0.100000
v -0.457063 0.044906 -0.100000
v -0.467556 0.066741 0.100000
v -0.467556 0.066741 -0.100000
v -0.477882 0.089478 0.100000
v -0.477882 0.089478 -0.100000
v -0.488000 0.113000 0.100000
v -0.488000 0.113000 -0.100000
v -0.497868 0.137189 0.100000
v -0.497868 0.137189 -0.100000
v -0.507445 0.161926 0.100000
v -0.507445 0.161926 -0.100000
v -0.516688 0.187094 0.100000
v -0.516688 0.187094 -0.100000
v -0.525556 0.212574 0.100000
v -0.525556 0.212574 -0.100000
v -0.534007 0.238249 0.100000
v -0.534007 0.238249 -0.100000
v -0.542000 0.264000 0.100000
v -0.542000 0.264000 -0.100000
v -0.522645 0.262585 0.100000
v -0.522645 0.262585 -0.100000
v -0.503574 0.260347 0.100000
v -0.503574 0.260347 -0.100000
v -0.484781 0.257297 0.100000
v -0.484781 0.257297 -0.100000
v -0.466259 0.253445 0.100000
v -0.466259 0.253445 -0.100000
v -0.448001 0.248800 0.100000
v -0.448001 0.248800 -0.100000
v -0.430000 0.243375 0.100000
v -0.430000 0.243375 -0.100000
v -0.412249 0.237179 0.100000
v -0.412249 0.237179 -0.100000
v -0.394741 0.230222 0.100000
v -0.394741 0.230222 -0.100000
v -0.377469 0.222516 0.100000
v -0.377469 0.222516 -0.100000
v -0.360426 0.214070 0.100000
v -0.360426 0.214070 -0.100000
v -0.343605 0.204894 0.100000
v -0.343605 0.204894 -0.100000
v -0.327000 0.195000 0.100000
v -0.327000 0.195000 -0.100000
v -0.304000 0.262000 0.100000
v -0.304000 0.262000 -0.100000
v -0.325251 0.273881 0.100000
v -0.325251 0.273881 -0.100000
v -0.346509 0.284551 0.100000
v -0.346509 0.284551 -0.100000
v -0.367781 0.294047 0.100000
v -0.367781 0.294047 -0.100000
v -0.389074 0.302407 0.100000
v -0.389074 0.302407 -0.100000
v -0.410395 0.309671 0.100000
v -0.410395 0.309671 -0.100000
v -0.431750 0.315875 0.100000
v -0.431750 0.315875 -0.100000
v -0.453147 0.321058 0.100000
v -0.453147 0.321058 -0.100000
v -0.474593 0.325259 0.100000
v -0.474593 0.325259 -0.100000
v -0.496094 0.328516 0.100000
v -0.496094 0.328516 -0.100000
v -0.517657 0.330866 0.100000
v -0.517657 0.330866 -0.100000
v -0.539291 0.332348 0.100000
v -0.539291 0.332348 -0.100000
v -0.561000 0.333000 0.100000
v -0.561000 0.333000 -0.100000
v -0.562499 0.339230 0.100000
v -0.562499 0.339230 -0.100000
v -0.563991 0.345421 0.100000
v -0.563991 0.345421 -0.100000
v -0.565469 0.351578 0.100000
v -0.565469 0.351578 -0.100000
v -0.566926 0.357704 0.100000
v -0.566926 0.357704 -0.100000
v -0.568355 0.363802 0.100000
v -0.568355 0.363802 -0.100000
v -0.569750 0.369875 0.100000
v -0.569750 0.369875 -0.100000
v -0.571103 0.375928 0.100000
v -0.571103 0.375928 -0.100000
v -0.572407 0.381963 0.100000
v -0.572407 0.381963 -0.100000
v -0.573656 0.387984 0.100000
v -0.573656 0.387984 -0.100000
v -0.574843 0.393995 0.100000
v -0.574843 0.393995 -0.100000
v -0.575960 0.399999 0.100000
v -0.575960 0.399999 -0.100000
v -0.577000 0.406000 0.100000
v -0.577000 0.406000 -0.100000
v -0.577748 0.411258 0.100000
v -0.577748 0.411258 -0.100000
v -0.578486 0.416977 0.100000
v -0.578486 0.416977 -0.100000
v -0.579203 0.423078 0.100000
v -0.579203 0.423078 -0.100000
v -0.579889 0.429481 0.100000
v -0.579889 0.429481 -0.100000
v -0.580533 0.436107 0.100000
v -0.580533 0.436107 -0.100000
v -0.581125 0.442875 0.100000
v -0.581125 0.442875 -0.100000
v -0.581655 0.449705 0.100000
v -0.581655 0.449705 -0.100000
v -0.582111 0.456519 0.100000
v -0.582111 0.456519 -0.100000
v -0.582484 0.463234 0.100000
v -0.582484 0.463234 -0.100000
v -0.582764 0.469773 0.100000
v -0.582764 0.469773 -0.100000
v -0.582939 0.476055 0.100000
v -0.582939 0.476055 -0.100000
v -0.583000 0.482000 0.100000
v -0.583000 0.482000 -0.100000
v -0.669000 0.474000 0.100000
v -0.669000 0.474000 -0.100000
v -0.667271 0.467576 0.100000
v -0.667271 0.467576 -0.100000
v -0.665588 0.460861 0.100000
v -0.665588 0.460861 -0.100000
v -0.663953 0.453938 0.100000
v -0.663953 0.453938 -0.100000
v -0.662370 0.446889 0.100000
v -0.662370 0.446889 -0.100000
v -0.660843 0.439799 0.100000
v -0.660843 0.439799 -0.100000
v -0.659375 0.432750 0.100000
v -0.659375 0.432750 -0.100000
v -0.657969 0.425826 0.100000
v -0.657969 0.425826 -0.100000
v -0.656630 0.419111 0.100000
v -0.656630 0.419111 -0.100000
v -0.655359 0.412688 0.100000
v -0.655359 0.412688 -0.100000
v -0.654162 0.406639 0.100000
v -0.654162 0.406639 -0.100000
v -0.653041 0.401049 0.100000
v -0.653041 0.401049 -0.100000
v -0.652000 0.396000 0.100000
v -0.652000 0.396000 -0.100000
v -0.636000 0.327000 0.100000
v -0.636000 0.327000 -0.100000
v -0.674924 0.318507 0.100000
v -0.674924 0.318507 -0.100000
v -0.711556 0.306139 0.100000
v -0.711556 0.306139 -0.100000
v -0.745688 0.290062 0.100000
v -0.745688 0.290062 -0.100000
v -0.777111 0.270444 0.100000
v -0.777111 0.270444 -0.100000
v -0.805618 0.247451 0.100000
v -0.805618 0.247451 -0.100000
v -0.831000 0.221250 0.100000
v -0.831000 0.221250 -0.100000
v -0.853049 0.192007 0.100000
v -0.853049 0.192007 -0.100000
v -0.871556 0.159889 0.100000
v -0.871556 0.159889 -0.100000
v -0.886312 0.125062 0.100000
v -0.886312 0.125062 -0.100000
v -0.897111 0.087694 0.100000
v -0.897111 0.087694 -0.100000
v -0.903743 0.047951 0.100000
v -0.903743 0.047951 -0.100000
v -0.906000 0.006000 0.100000
v -0.906000 0.006000 -0.100000
v -0.903063 -0.042117 0.100000
v -0.903063 -0.042117 -0.100000
v -0.894417 -0.086940 0.100000
v -0.894417 -0.086940 -0.100000
v -0.880313 -0.128422 0.100000
v -0.880313 -0.128422 -0.100000
v -0.861000 -0.166519 0.100000
v -0.861000 -0.166519 -0.100000
v -0.836729 -0.201185 0.100000
v -0.836729 -0.201185 -0.100000
v -0.807750 -0.232375 0.100000
v -0.807750 -0.232375 -0.100000
v -0.774312 -0.260045 0.100000
v -0.774312 -0.260045 -0.100000
v -0.736667 -0.284148 0.100000
v -0.736667 -0.284148 -0.100000
v -0.695063 -0.304641 0.100000
v -0.695063 -0.304641 -0.100000
v -0.649750 -0.321477 0.100000
v -0.649750 -0.321477 -0.100000
v -0.600979 -0.334612 0.100000
v -0.600979 -0.334612 -0.100000
v -0.549000 -0.344000 0.100000
v -0.549000 -0.344000 -0.100000
v -0.502000 -0.273000 0.100000
v -0.502000 -0.273000 -0.100000
v -0.552299 -0.266611 0.100000
v -0.552299 -0.266611 -0.100000
v -0.598644 -0.256556 0.100000
v -0.598644 -0.256556 -0.100000
v -0.640953 -0.243000 0.100000
v -0.640953 -0.243000 -0.100000
v -0.679148 -0.226111 0.100000
v -0.679148 -0.226111 -0.100000
v -0.713149 -0.206056 0.100000
v -0.713149 -0.206056 -0.100000
v -0.742875 -0.183000 0.100000
v -0.742875 -0.183000 -0.100000
v -0.768247 -0.157111 0.100000
v -0.768247 -0.157111 -0.100000
v -0.789185 -0.128556 0.100000
v -0.789185 -0.128556 -0.100000
v -0.805609 -0.097500 0.100000
v -0.805609 -0.097500 -0.100000
v -0.817440 -0.064111 0.100000
v -0.817440 -0.064111 -0.100000
v -0.824597 -0.028556 0.100000
v -0.824597 -0.028556 -0.100000
v -0.827000 0.009000 0.100000
v -0.827000 0.009000 -0.100000
v -0.825332 0.040808 0.100000
v -0.825332 0.040808 -0.100000
v -0.820403 0.071130 0.100000
v -0.820403 0.071130 -0.100000
v -0.812328 0.099813 0.100000
v -0.812328 0.099813 -0.100000
v -0.801222 0.126704 0.100000
v -0.801222 0.126704 -0.100000
v -0.787200 0.151650 0.100000
v -0.787200 0.151650 -0.100000
v -0.770375 0.174500 0.100000
v -0.770375 0.174500 -0.100000
v -0.750863 0.195100 0.100000
v -0.750863 0.195100 -0.100000
v -0.728778 0.213296 0.100000
v -0.728778 0.213296 -0.100000
v -0.704234 0.228938 0.100000
v -0.704234 0.228938 -0.100000
v -0.677347 0.241870 0.100000
v -0.677347 0.241870 -0.100000
v -0.648231 0.251942 0.100000
v -0.648231 0.251942 -0.100000
v -0.617000 0.259000 0.100000
v -0.617000 0.259000 -0.100000
v -0.607233 0.227197 0.100000
v -0.607233 0.227197 -0.100000
v -0.596949 0.195412 0.100000
v -0.596949 0.195412 -0.100000
v -0.586172 0.163828 0.100000
v -0.586172 0.163828 -0.100000
v -0.574926 0.132630 0.100000
v -0.574926 0.132630 -0.100000
v -0.563235 0.102001 0.100000
v -0.563235 0.102001 -0.100000
v -0.551125 0.072125 0.100000
v -0.551125 0.072125 -0.100000
v -0.538619 0.043187 0.100000
v -0.538619 0.043187 -0.100000
v -0.525741 0.015370 0.100000
v -0.525741 0.015370 -0.100000
v -0.512516 -0.011141 0.100000
v -0.512516 -0.011141 -0.100000
v -0.498967 -0.036162 0.100000
v -0.498968 -0.036162 -0.100000
v -0.485121 -0.059510 0.100000
v -0.485121 -0.059510 -0.100000
v -0.471000 -0.081000 0.100000
v -0.471000 -0.081000 -0.100000
v -0.476020 -0.087457 0.100000
v -0.476020 -0.087457 -0.100000
v -0.481079 -0.093824 0.100000
v -0.481079 -0.093824 -0.100000
v -0.486172 -0.100094 0.100000
v -0.486172 -0.100094 -0.100000
v -0.491296 -0.106259 0.100000
v -0.491296 -0.106259 -0.100000
v -0.496448 -0.112314 0.100000
v -0.496448 -0.112314 -0.100000
v -0.501625 -0.118250 0.100000
v -0.501625 -0.118250 -0.100000
v -0.506822 -0.124061 0.100000
v -0.506822 -0.124061 -0.100000
v -0.512037 -0.129741 0.100000
v -0.512037 -0.129741 -0.100000
v -0.517266 -0.135281 0.100000
v -0.517266 -0.135281 -0.100000
v -0.522505 -0.140676 0.100000
v -0.522505 -0.140676 -0.100000
v -0.527751 -0.145918 0.100000
v -0.527751 -0.145918 -0.100000
v -0.533000 -0.151000 0.100000
v -0.533000 -0.151000 -0.100000
v -0.470000 -0.203000 0.100000
v -0.470000 -0.203000 -0.100000
v -0.466001 -0.198479 0.100000
v -0.466001 -0.198479 -0.100000
v -0.462005 -0.193912 0.100000
v -0.462005 -0.193912 -0.100000
v -0.458016 -0.189297 0.100000
v -0.458016 -0.189297 -0.100000
v -0.454037 -0.184630 0.100000
v -0.454037 -0.184630 -0.100000
v -0.450072 -0.179907 0.100000
v -0.450072 -0.179907 -0.100000
v -0.446125 -0.175125 0.100000
v -0.446125 -0.175125 -0.100000
v -0.442199 -0.170281 0.100000
v -0.442199 -0.170281 -0.100000
v -0.438296 -0.165370 0.100000
v -0.438296 -0.165370 -0.100000
v -0.434422 -0.160391 0.100000
v -0.434422 -0.160391 -0.100000
v -0.430579 -0.155338 0.100000
v -0.430579 -0.155338 -0.100000
v -0.426770 -0.150209 0.100000
v -0.426770 -0.150209 -0.100000
v -0.423000 -0.145000 0.100000
v -0.423000 -0.145000 -0.100000
v -0.407512 -0.163215 0.100000
v -0.407512 -0.163215 -0.100000
v -0.392014 -0.180301 0.100000
v -0.392014 -0.180301 -0.100000
v -0.376453 -0.196172 0.100000
v -0.376453 -0.196172 -0.100000
v -0.360778 -0.210741 0.100000
v -0.360778 -0.210741 -0.100000
v -0.344936 -0.223921 0.100000
v -0.344936 -0.223921 -0.100000
v -0.328875 -0.235625 0.100000
v -0.328875 -0.235625 -0.100000
v -0.312543 -0.245767 0.100000
v -0.312543 -0.245767 -0.100000
v -0.295889 -0.254259 0.100000
v -0.295889 -0.254259 -0.100000
v -0.278859 -0.261016 0.100000
v -0.278859 -0.261016 -0.100000
v -0.261403 -0.265949 0.100000
v -0.261403 -0.265949 -0.100000
v -0.243467 -0.268973 0.100000
v -0.243467 -0.268973 -0.100000
v -0.225000 -0.270000 0.100000
v -0.225000 -0.270000 -0.100000
v -0.206300 -0.268693 0.100000
v -0.206300 -0.268693 -0.100000
v -0.188315 -0.264792 0.100000
v -0.188315 -0.264792 -0.100000
v -0.171219 -0.258328 0.100000
v -0.171219 -0.258328 -0.100000
v -0.155185 -0.249333 0.100000
v -0.155185 -0.249333 -0.100000
v -0.140388 -0.237839 0.100000
v -0.140388 -0.237839 -0.100000
v -0.127000 -0.223875 0.100000
v -0.127000 -0.223875 -0.100000
v -0.115196 -0.207474 0.100000
v -0.115196 -0.207474 -0.100000
v -0.105148 -0.188667 0.100000
v -0.105148 -0.188667 -0.100000
v -0.097031 -0.167484 0.100000
v -0.097031 -0.167484 -0.100000
v -0.091019 -0.143958 0.100000
v -0.091019 -0.143958 -0.100000
v -0.087284 -0.118120 0.100000
v -0.087284 -0.118120 -0.100000
v -0.086000 -0.090000 0.100000
v -0.086000 -0.090000 -0.100000
v -0.087292 -0.061156 0.100000
v -0.087292 -0.061156 -0.100000
v -0.091088 -0.032245 0.100000
v -0.091088 -0.032245 -0.100000
v -0.097266 -0.003453 0.100000
v -0.097266 -0.003453 -0.100000
v -0.105704 0.025037 0.100000
v -0.105704 0.025037 -0.100000
v -0.116281 0.053041 0.100000
v -0.116281 0.053041 -0.100000
v -0.128875 0.080375 0.100000
v -0.128875 0.080375 -0.100000
v -0.143365 0.106855 0.100000
v -0.143365 0.106855 -0.100000
v -0.159630 0.132296 0.100000
v -0.159630 0.132296 -0.100000
v -0.177547 0.156516 0.100000
v -0.177547 0.156516 -0.100000
v -0.196995 0.179329 0.100000
v -0.196995 0.179329 -0.100000
v -0.217854 0.200551 0.100000
v -0.217854 0.200551 -0.100000
v -0.240000 0.220000 0.100000
v -0.240000 0.220000 -0.100000
v -0.210000 0.312000 0.100000
v -0.210000 0.312000 -0.100000
v -0.207689 0.319787 0.100000
v -0.207689 0.319787 -0.100000
v -0.205264 0.327625 0.100000
v -0.205264 0.327625 -0.100000
v -0.202734 0.335484 0.100000
v -0.202734 0.335484 -0.100000
v -0.200111 0.343333 0.100000
v -0.200111 0.343333 -0.100000
v -0.197405 0.351141 0.100000
v -0.197405 0.351141 -0.100000
v -0.194625 0.358875 0.100000
v -0.194625 0.358875 -0.100000
v -0.191783 0.366505 0.100000
v -0.191783 0.366505 -0.100000
v -0.188889 0.374000 0.100000
v -0.188889 0.374000 -0.100000
v -0.185953 0.381328 0.100000
v -0.185953 0.381328 -0.100000
v -0.182986 0.388458 0.100000
v -0.182986 0.388458 -0.100000
v -0.179998 0.395359 0.100000
v -0.179998 0.395359 -0.100000
v -0.177000 0.402000 0.100000
v -0.177000 0.402000 -0.100000
v -0.260000 0.429000 0.100000
v -0.260000 0.429000 -0.100000
v -0.261310 0.421902 0.100000
v -0.261310 0.421902 -0.100000
v -0.262731 0.414630 0.100000
v -0.262731 0.414630 -0.100000
v -0.264250 0.407219 0.100000
v -0.264250 0.407219 -0.100000
v -0.265852 0.399704 0.100000
v -0.265852 0.399704 -0.100000
v -0.267523 0.392119 0.100000
v -0.267523 0.392119 -0.100000
v -0.269250 0.384500 0.100000
v -0.269250 0.384500 -0.100000
v -0.271018 0.376881 0.100000
v -0.271018 0.376881 -0.100000
v -0.272815 0.369296 0.100000
v -0.272815 0.369296 -0.100000
v -0.274625 0.361781 0.100000
v -0.274625 0.361781 -0.100000
v -0.276435 0.354370 0.100000
v -0.276435 0.354370 -0.100000
v -0.278231 0.347098 0.100000
v -0.278231 0.347098 -0.100000
v -0.280000 0.340000 0.100000
v -0.280000 0.340000 -0.100000
v -0.348691 -0.032220 0.100000
v -0.348691 -0.032220 -0.100000
v -0.341278 -0.019431 0.100000
v -0.341278 -0.019431 -0.100000
v -0.333781 -0.005703 0.100000
v -0.333781 -0.005703 -0.100000
v -0.326222 0.008889 0.100000
v -0.326222 0.008889 -0.100000
v -0.318622 0.024273 0.100000
v -0.318622 0.024273 -0.100000
v -0.311000 0.040375 0.100000
v -0.311000 0.040375 -0.100000
v -0.303379 0.057123 0.100000
v -0.303379 0.057123 -0.100000
v -0.295778 0.074444 0.100000
v -0.295778 0.074444 -0.100000
v -0.288219 0.092266 0.100000
v -0.288219 0.092266 -0.100000
v -0.280722 0.110514 0.100000
v -0.280722 0.110514 -0.100000
v -0.273309 0.129116 0.100000
v -0.273309 0.129116 -0.100000
v -0.266000 0.148000 0.100000
v -0.266000 0.148000 -0.100000
v -0.250010 0.131901 0.100000
v -0.250010 0.131901 -0.100000
v -0.235083 0.114704 0.100000
v -0.235083 0.114704 -0.100000
v -0.221281 0.096563 0.100000
v -0.221281 0.096563 -0.100000
v -0.208667 0.077630 0.100000
v -0.208667 0.077630 -0.100000
v -0.197302 0.058058 0.100000
v -0.197302 0.058058 -0.100000
v -0.187250 0.038000 0.100000
v -0.187250 0.038000 -0.100000
v -0.178573 0.017609 0.100000
v -0.178573 0.017609 -0.100000
v -0.171333 -0.002963 0.100000
v -0.171333 -0.002963 -0.100000
v -0.165594 -0.023562 0.100000
v -0.165594 -0.023562 -0.100000
v -0.161417 -0.044037 0.100000
v -0.161417 -0.044037 -0.100000
v -0.158865 -0.064234 0.100000
v -0.158865 -0.064234 -0.100000
v -0.158000 -0.084000 0.100000
v -0.158000 -0.084000 -0.100000
v -0.158616 -0.099970 0.100000
v -0.158616 -0.099970 -0.100000
v -0.160430 -0.114843 0.100000
v -0.160431 -0.114843 -0.100000
v -0.163391 -0.128563 0.100000
v -0.163391 -0.128563 -0.100000
v -0.167444 -0.141074 0.100000
v -0.167444 -0.141074 -0.100000
v -0.172540 -0.152322 0.100000
v -0.172540 -0.152322 -0.100000
v -0.178625 -0.162250 0.100000
v -0.178625 -0.162250 -0.100000
v -0.185648 -0.170803 0.100000
v -0.185648 -0.170803 -0.100000
v -0.193556 -0.177926 0.100000
v -0.193556 -0.177926 -0.100000
v -0.202297 -0.183563 0.100000
v -0.202297 -0.183563 -0.100000
v -0.211819 -0.187657 0.100000
v -0.211819 -0.187657 -0.100000
v -0.222071 -0.190155 0.100000
v -0.222071 -0.190155 -0.100000
v -0.233000 -0.191000 0.100000
v -0.233000 -0.191000 -0.100000
v -0.245326 -0.189982 0.100000
v -0.245326 -0.189982 -0.100000
v -0.257773 -0.187023 0.100000
v -0.257773 -0.187023 -0.100000
v -0.270297 -0.182266 0.100000
v -0.270297 -0.182266 -0.100000
v -0.282852 -0.175852 0.100000
v -0.282852 -0.175852 -0.100000
v -0.295393 -0.167924 0.100000
v -0.295393 -0.167924 -0.100000
v -0.307875 -0.158625 0.100000
v -0.307875 -0.158625 -0.100000
v -0.320253 -0.148097 0.100000
v -0.320253 -0.148097 -0.100000
v -0.332481 -0.136482 0.100000
v -0.332482 -0.136482 -0.100000
v -0.344516 -0.123922 0.100000
v -0.344516 -0.123922 -0.100000
v -0.356310 -0.110560 0.100000
v -0.356310 -0.110560 -0.100000
v -0.367820 -0.096539 0.100000
v -0.367820 -0.096539 -0.100000
v -0.379000 -0.082000 0.100000
v -0.379000 -0.082000 -0.100000
v -0.356000 -0.044000 0.100000
v -0.356000 -0.044000 -0.100000
vn -0.0000 -0.0000 -1.0000
vn -0.0001 -0.0000 -1.0000
vn 0.0004 -0.0000 -1.0000
vn -0.0000 -0.0000 1.0000
vn -0.0001 -0.0000 1.0000
vn 0.0004 -0.0000 1.0000
vn -0.6178 0.7863 -0.0000
vn -0.6378 0.7702 -0.0000
vn -0.6563 0.7545 -0.0000
vn -0.6739 0.7388 -0.0000
vn -0.6913 0.7226 -0.0000
vn -0.7088 0.7054 -0.0000
vn -0.7271 0.6866 -0.0000
vn -0.7467 0.6652 -0.0000
vn -0.7682 0.6402 -0.0000
vn -0.7926 0.6097 -0.0000
vn -0.8209 0.5711 -0.0000
vn -0.9857 -0.1684 -0.0000
vn 0.1765 -0.9843 -0.0000
vn 0.8309 -0.5564 -0.0000
vn 0.8048 -0.5936 -0.0000
vn 0.7822 -0.6231 -0.0000
vn 0.7621 -0.6474 -0.0000
vn 0.7439 -0.6683 -0.0000
vn 0.7267 -0.6869 -0.0000
vn 0.7102 -0.7040 -0.0000
vn 0.6938 -0.7202 -0.0000
vn 0.6769 -0.7360 -0.0000
vn 0.6592 -0.7520 -0.0000
vn 0.6398 -0.7686 -0.0000
vn 0.9998 0.0201 -0.0000
vn -0.0059 1.0000 -0.0000
vn 0.7071 0.7071 -0.0000
vn 0.7071 -0.7071 -0.0000
vn -0.7071 -0.7071 -0.0000
vn -0.7071 0.7071 -0.0000
vn -0.8638 0.5039 -0.0000
vn -0.8712 0.4910 -0.0000
vn -0.8780 0.4786 -0.0000
vn -0.8845 0.4665 -0.0000
vn -0.8909 0.4543 -0.0000
vn -0.8972 0.4417 -0.0000
vn -0.9036 0.4284 -0.0000
vn -0.9102 0.4141 -0.0000
vn -0.9172 0.3983 -0.0000
vn -0.9248 0.3806 -0.0000
vn -0.9329 0.3600 -0.0000
vn -0.5706 0.8213 -0.0000
vn 0.3209 -0.9471 -0.0000
vn -0.7910 -0.6119 -0.0000
vn -0.7844 -0.6202 -0.0000
vn -0.7774 -0.6290 -0.0000
vn -0.7700 -0.6380 -0.0000
vn -0.7621 -0.6475 -0.0000
vn -0.7537 -0.6572 -0.0000
vn -0.7449 -0.6672 -0.0000
vn -0.7355 -0.6775 -0.0000
vn -0.7257 -0.6880 -0.0000
vn -0.7155 -0.6986 -0.0000
vn -0.7048 -0.7095 -0.0000
vn 0.0958 -0.9954 -0.0000
vn 0.8089 -0.5879 -0.0000
vn 0.7844 -0.6203 -0.0000
vn 0.7661 -0.6427 -0.0000
vn 0.7517 -0.6596 -0.0000
vn 0.7395 -0.6731 -0.0000
vn 0.7289 -0.6847 -0.0000
vn 0.7189 -0.6951 -0.0000
vn 0.7091 -0.7051 -0.0000
vn 0.6987 -0.7154 -0.0000
vn 0.6871 -0.7265 -0.0000
vn 0.6729 -0.7397 -0.0000
vn 0.9998 -0.0182 -0.0000
vn 0.7097 0.7045 -0.0000
vn 0.7431 0.6692 -0.0000
vn 0.7727 0.6348 -0.0000
vn 0.7991 0.6012 -0.0000
vn 0.8229 0.5682 -0.0000
vn 0.8445 0.5355 -0.0000
vn 0.8643 0.5031 -0.0000
vn 0.8824 0.4705 -0.0000
vn 0.8992 0.4376 -0.0000
vn 0.9147 0.4040 -0.0000
vn 0.9292 0.3695 -0.0000
vn 0.4645 0.8856 -0.0000
vn -0.8840 0.4675 -0.0000
vn -0.9363 -0.3511 -0.0000
vn -0.9322 -0.3619 -0.0000
vn -0.9280 -0.3727 -0.0000
vn -0.9236 -0.3833 -0.0000
vn -0.9192 -0.3939 -0.0000
vn -0.9147 -0.4042 -0.0000
vn -0.9101 -0.4145 -0.0000
vn -0.9054 -0.4246 -0.0000
vn -0.9007 -0.4345 -0.0000
vn -0.8959 -0.4443 -0.0000
vn -0.8911 -0.4538 -0.0000
vn -0.8540 0.5203 -0.0000
vn 0.8265 0.5629 -0.0000
vn 0.9278 -0.3730 -0.0000
vn 0.9225 -0.3859 -0.0000
vn 0.9175 -0.3978 -0.0000
vn 0.9125 -0.4090 -0.0000
vn 0.9077 -0.4196 -0.0000
vn 0.9029 -0.4299 -0.0000
vn 0.8980 -0.4400 -0.0000
vn 0.8930 -0.4501 -0.0000
vn 0.8877 -0.4604 -0.0000
vn 0.8822 -0.4709 -0.0000
vn 0.8762 -0.4820 -0.0000
vn 0.9204 0.3910 -0.0000
vn -0.3788 0.9255 -0.0000
vn -0.3720 0.9283 -0.0000
vn -0.4177 0.9086 -0.0000
vn -0.4528 0.8916 -0.0000
vn -0.4784 0.8782 -0.0000
vn -0.4956 0.8685 -0.0000
vn -0.5057 0.8627 -0.0000
vn -0.5097 0.8604 -0.0000
vn -0.5084 0.8611 -0.0000
vn -0.5026 0.8645 -0.0000
vn -0.4930 0.8700 -0.0000
vn -0.4801 0.8772 -0.0000
vn -0.4536 0.8912 -0.0000
vn -0.4007 0.9162 -0.0000
vn -0.3360 0.9419 -0.0000
vn -0.2770 0.9609 -0.0000
vn -0.2243 0.9745 -0.0000
vn -0.1778 0.9841 -0.0000
vn -0.1375 0.9905 -0.0000
vn -0.1029 0.9947 -0.0000
vn -0.0737 0.9973 -0.0000
vn -0.0492 0.9988 -0.0000
vn -0.0291 0.9996 -0.0000
vn -0.0130 0.9999 -0.0000
vn -0.0008 1.0000 -0.0000
vn 0.0082 1.0000 -0.0000
vn 0.0157 0.9999 -0.0000
vn 0.0226 0.9997 -0.0000
vn 0.0293 0.9996 -0.0000
vn 0.0359 0.9994 -0.0000
vn 0.0426 0.9991 -0.0000
vn 0.0496 0.9988 -0.0000
vn 0.0571 0.9984 -0.0000
vn 0.0655 0.9979 -0.0000
vn 0.0750 0.9972 -0.0000
vn 0.0863 0.9963 -0.0000
vn -0.8151 0.5793 -0.0000
vn -0.9157 -0.4018 -0.0000
vn -0.9258 -0.3779 -0.0000
vn -0.9341 -0.3571 -0.0000
vn -0.9412 -0.3377 -0.0000
vn -0.9478 -0.3188 -0.0000
vn -0.9541 -0.2994 -0.0000
vn -0.9605 -0.2784 -0.0000
vn -0.9670 -0.2548 -0.0000
vn -0.9739 -0.2270 -0.0000
vn -0.9813 -0.1926 -0.0000
vn -0.9890 -0.1481 -0.0000
vn -0.6842 -0.7293 -0.0000
vn -0.0550 -0.9985 -0.0000
vn -0.0477 -0.9989 -0.0000
vn -0.0421 -0.9991 -0.0000
vn -0.0374 -0.9993 -0.0000
vn -0.0334 -0.9994 -0.0000
vn -0.0296 -0.9996 -0.0000
vn -0.0259 -0.9997 -0.0000
vn -0.0220 -0.9998 -0.0000
vn -0.0178 -0.9998 -0.0000
vn -0.0130 -0.9999 -0.0000
vn -0.0072 -1.0000 -0.0000
vn 0.0022 -1.0000 -0.0000
vn 0.0176 -0.9998 -0.0000
vn 0.0381 -0.9993 -0.0000
vn 0.0623 -0.9981 -0.0000
vn 0.0904 -0.9959 -0.0000
vn 0.1227 -0.9924 -0.0000
vn 0.1593 -0.9872 -0.0000
vn 0.2001 -0.9798 -0.0000
vn 0.2450 -0.9695 -0.0000
vn 0.2935 -0.9560 -0.0000
vn 0.3449 -0.9387 -0.0000
vn 0.3982 -0.9173 -0.0000
vn 0.4619 -0.8869 -0.0000
vn 0.5067 -0.8621 -0.0000
vn 0.5210 -0.8536 -0.0000
vn 0.5292 -0.8485 -0.0000
vn 0.5309 -0.8475 -0.0000
vn 0.5253 -0.8509 -0.0000
vn 0.5110 -0.8596 -0.0000
vn 0.4857 -0.8741 -0.0000
vn 0.4458 -0.8951 -0.0000
vn 0.3858 -0.9226 -0.0000
vn 0.2974 -0.9547 -0.0000
vn 0.1697 -0.9855 -0.0000
vn -0.0151 -0.9999 -0.0000
vn -0.2252 -0.9743 -0.0000
vn -0.3947 -0.9188 -0.0000
vn -0.5116 -0.8592 -0.0000
vn -0.5920 -0.8059 -0.0000
vn -0.6484 -0.7613 -0.0000
vn -0.6889 -0.7249 -0.0000
vn -0.7185 -0.6955 -0.0000
vn -0.7406 -0.6720 -0.0000
vn -0.7571 -0.6533 -0.0000
vn -0.7694 -0.6388 -0.0000
vn -0.7783 -0.6279 -0.0000
vn 0.0032 -1.0000 -0.0000
vn 0.9968 0.0806 -0.0000
vn 0.6697 0.7426 -0.0000
vn 0.6555 0.7552 -0.0000
vn 0.6400 0.7684 -0.0000
vn 0.6229 0.7823 -0.0000
vn 0.6039 0.7971 -0.0000
vn 0.5826 0.8128 -0.0000
vn 0.5586 0.8294 -0.0000
vn 0.5314 0.8471 -0.0000
vn 0.5003 0.8659 -0.0000
vn 0.4644 0.8856 -0.0000
vn 0.4228 0.9062 -0.0000
vn 0.8367 0.5476 -0.0000
vn -0.8204 0.5718 -0.0000
vn -0.9367 0.3502 -0.0000
vn -0.9330 0.3598 -0.0000
vn -0.9291 0.3698 -0.0000
vn -0.9249 0.3802 -0.0000
vn -0.9203 0.3913 -0.0000
vn -0.9151 0.4032 -0.0000
vn -0.9093 0.4162 -0.0000
vn -0.9025 0.4307 -0.0000
vn -0.8945 0.4471 -0.0000
vn -0.8847 0.4661 -0.0000
vn -0.8726 0.4885 -0.0000
vn -0.8605 0.5095 -0.0000
vn 0.0084 1.0000 -0.0000
vn 0.8712 0.4909 -0.0000
vn 0.8847 0.4662 -0.0000
vn 0.8961 0.4438 -0.0000
vn 0.9060 0.4234 -0.0000
vn 0.9146 0.4044 -0.0000
vn 0.9223 0.3865 -0.0000
vn 0.9293 0.3694 -0.0000
vn 0.9357 0.3529 -0.0000
vn 0.9416 0.3367 -0.0000
vn 0.9472 0.3207 -0.0000
vn 0.9525 0.3046 -0.0000
vn 0.7830 -0.6221 -0.0000
vn -0.0947 -0.9955 -0.0000
vn -0.1384 -0.9904 -0.0000
vn -0.1820 -0.9833 -0.0000
vn -0.2251 -0.9743 -0.0000
vn -0.2676 -0.9635 -0.0000
vn -0.3091 -0.9510 -0.0000
vn -0.3495 -0.9369 -0.0000
vn -0.3884 -0.9215 -0.0000
vn -0.4258 -0.9048 -0.0000
vn -0.4615 -0.8871 -0.0000
vn -0.4955 -0.8686 -0.0000
vn -0.9426 -0.3339 -0.0000
vn -0.3721 0.9282 -0.0000
vn 0.4684 0.8835 -0.0000
vn 0.4282 0.9037 -0.0000
vn 0.3867 0.9222 -0.0000
vn 0.3441 0.9389 -0.0000
vn 0.3008 0.9537 -0.0000
vn 0.2573 0.9663 -0.0000
vn 0.2139 0.9769 -0.0000
vn 0.1710 0.9853 -0.0000
vn 0.1291 0.9916 -0.0000
vn 0.0884 0.9961 -0.0000
vn 0.0492 0.9988 -0.0000
vn 0.6306 0.7761 -0.0000
vn 0.9722 0.2341 -0.0000
vn 0.9723 0.2338 -0.0000
vn 0.9726 0.2324 -0.0000
vn 0.9732 0.2298 -0.0000
vn 0.9741 0.2260 -0.0000
vn 0.9753 0.2210 -0.0000
vn 0.9767 0.2147 -0.0000
vn 0.9783 0.2072 -0.0000
vn 0.9801 0.1984 -0.0000
vn 0.9821 0.1883 -0.0000
vn 0.9842 0.1769 -0.0000
vn 0.9878 0.1559 -0.0000
vn 0.9909 0.1344 -0.0000
vn 0.9925 0.1223 -0.0000
vn 0.9938 0.1116 -0.0000
vn 0.9948 0.1016 -0.0000
vn 0.9958 0.0919 -0.0000
vn 0.9966 0.0822 -0.0000
vn 0.9974 0.0721 -0.0000
vn 0.9981 0.0612 -0.0000
vn 0.9988 0.0491 -0.0000
vn 0.9994 0.0353 -0.0000
vn 0.9998 0.0191 -0.0000
vn 0.6698 0.7426 -0.0000
vn -0.8210 0.5709 -0.0000
vn -0.9679 -0.2515 -0.0000
vn -0.9716 -0.2365 -0.0000
vn -0.9745 -0.2245 -0.0000
vn -0.9767 -0.2148 -0.0000
vn -0.9783 -0.2072 -0.0000
vn -0.9795 -0.2014 -0.0000
vn -0.9803 -0.1973 -0.0000
vn -0.9808 -0.1948 -0.0000
vn -0.9810 -0.1941 -0.0000
vn -0.9807 -0.1954 -0.0000
vn -0.9799 -0.1993 -0.0000
vn -0.9768 -0.2139 -0.0000
vn -0.8451 0.5346 -0.0000
vn -0.2669 0.9637 -0.0000
vn -0.3736 0.9276 -0.0000
vn -0.4787 0.8780 -0.0000
vn -0.5797 0.8148 -0.0000
vn -0.6743 0.7385 -0.0000
vn -0.7598 0.6501 -0.0000
vn -0.8340 0.5517 -0.0000
vn -0.8953 0.4455 -0.0000
vn -0.9424 0.3345 -0.0000
vn -0.9752 0.2215 -0.0000
vn -0.9940 0.1093 -0.0000
vn -1.0000 -0.0036 -0.0000
vn -0.9921 -0.1254 -0.0000
vn -0.9666 -0.2563 -0.0000
vn -0.9217 -0.3880 -0.0000
vn -0.8577 -0.5141 -0.0000
vn -0.7777 -0.6286 -0.0000
vn -0.6865 -0.7271 -0.0000
vn -0.5895 -0.8078 -0.0000
vn -0.4913 -0.8710 -0.0000
vn -0.3956 -0.9184 -0.0000
vn -0.3045 -0.9525 -0.0000
vn -0.2191 -0.9757 -0.0000
vn 0.3928 -0.9196 -0.0000
vn 0.9090 0.4167 -0.0000
vn 0.1692 0.9856 -0.0000
vn 0.2589 0.9659 -0.0000
vn 0.3553 0.9348 -0.0000
vn 0.4570 0.8895 -0.0000
vn 0.5616 0.8274 -0.0000
vn 0.6651 0.7468 -0.0000
vn 0.7623 0.6473 -0.0000
vn 0.8475 0.5308 -0.0000
vn 0.9157 0.4018 -0.0000
vn 0.9639 0.2663 -0.0000
vn 0.9914 0.1309 -0.0000
vn 1.0000 0.0058 -0.0000
vn 0.9943 -0.1066 -0.0000
vn 0.9764 -0.2161 -0.0000
vn 0.9451 -0.3269 -0.0000
vn 0.8996 -0.4367 -0.0000
vn 0.8401 -0.5425 -0.0000
vn 0.7671 -0.6415 -0.0000
vn 0.6822 -0.7311 -0.0000
vn 0.5878 -0.8090 -0.0000
vn 0.4863 -0.8738 -0.0000
vn 0.3808 -0.9246 -0.0000
vn 0.2741 -0.9617 -0.0000
vn -0.5015 -0.8652 -0.0000
vn -0.9537 -0.3007 -0.0000
vn -0.9490 -0.3154 -0.0000
vn -0.9436 -0.3310 -0.0000
vn -0.9375 -0.3479 -0.0000
vn -0.9306 -0.3661 -0.0000
vn -0.9224 -0.3862 -0.0000
vn -0.9128 -0.4085 -0.0000
vn -0.9012 -0.4333 -0.0000
vn -0.8872 -0.4613 -0.0000
vn -0.8699 -0.4932 -0.0000
vn -0.8481 -0.5298 -0.0000
vn -0.9992 0.0397 -0.0000
vn -0.7862 0.6179 -0.0000
vn -0.7796 0.6263 -0.0000
vn -0.7726 0.6349 -0.0000
vn -0.7653 0.6436 -0.0000
vn -0.7576 0.6527 -0.0000
vn -0.7496 0.6619 -0.0000
vn -0.7410 0.6715 -0.0000
vn -0.7320 0.6813 -0.0000
vn -0.7224 0.6915 -0.0000
vn -0.7121 0.7021 -0.0000
vn -0.7012 0.7129 -0.0000
vn -0.9992 -0.0396 -0.0000
vn 0.0782 -0.9969 -0.0000
vn 0.7508 -0.6605 -0.0000
vn 0.7546 -0.6562 -0.0000
vn 0.7588 -0.6513 -0.0000
vn 0.7635 -0.6458 -0.0000
vn 0.7686 -0.6398 -0.0000
vn 0.7740 -0.6331 -0.0000
vn 0.7799 -0.6259 -0.0000
vn 0.7861 -0.6181 -0.0000
vn 0.7926 -0.6097 -0.0000
vn 0.7994 -0.6008 -0.0000
vn 0.8065 -0.5913 -0.0000
vn 0.0391 -0.9992 -0.0000
vn -0.7514 -0.6599 -0.0000
vn -0.7275 -0.6861 -0.0000
vn -0.6976 -0.7165 -0.0000
vn -0.6604 -0.7509 -0.0000
vn -0.6146 -0.7889 -0.0000
vn -0.5586 -0.8294 -0.0000
vn -0.4120 -0.9112 -0.0000
vn -0.3208 -0.9472 -0.0000
vn -0.2194 -0.9756 -0.0000
vn -0.1111 -0.9938 -0.0000
vn 0.0071 -1.0000 -0.0000
vn 0.1412 -0.9900 -0.0000
vn 0.2836 -0.9589 -0.0000
vn 0.4226 -0.9063 -0.0000
vn 0.5529 -0.8332 -0.0000
vn 0.6694 -0.7429 -0.0000
vn 0.7686 -0.6397 -0.0000
vn 0.8487 -0.5289 -0.0000
vn 0.9097 -0.4153 -0.0000
vn 0.9529 -0.3032 -0.0000
vn 0.9807 -0.1956 -0.0000
vn 0.9955 -0.0944 -0.0000
vn 1.0000 -0.0004 -0.0000
vn 0.9962 0.0875 -0.0000
vn 0.9854 0.1701 -0.0000
vn 0.9690 0.2471 -0.0000
vn 0.9478 0.3189 -0.0000
vn 0.9224 0.3861 -0.0000
vn 0.8933 0.4495 -0.0000
vn 0.8604 0.5096 -0.0000
vn 0.8237 0.5670 -0.0000
vn 0.7829 0.6221 -0.0000
vn 0.7376 0.6753 -0.0000
vn 0.6870 0.7267 -0.0000
vn 0.9644 0.2643 -0.0000
vn 0.9548 -0.2973 -0.0000
vn 0.9570 -0.2901 -0.0000
vn 0.9536 -0.3010 -0.0000
vn 0.9502 -0.3117 -0.0000
vn 0.9466 -0.3223 -0.0000
vn 0.9430 -0.3329 -0.0000
vn 0.9391 -0.3436 -0.0000
vn 0.9350 -0.3546 -0.0000
vn 0.9306 -0.3661 -0.0000
vn 0.9258 -0.3780 -0.0000
vn 0.9205 -0.3908 -0.0000
vn 0.9146 -0.4044 -0.0000
vn 0.9147 0.4042 -0.0000
vn -0.5115 0.8593 -0.0000
vn -0.9824 0.1867 -0.0000
vn -0.9805 0.1963 -0.0000
vn -0.9788 0.2046 -0.0000
vn -0.9773 0.2118 -0.0000
vn -0.9759 0.2181 -0.0000
vn -0.9747 0.2236 -0.0000
vn -0.9736 0.2283 -0.0000
vn -0.9726 0.2323 -0.0000
vn -0.9718 0.2357 -0.0000
vn -0.9711 0.2385 -0.0000
vn -0.9706 0.2408 -0.0000
vn -0.9634 0.2680 -0.0000
vn 0.8575 -0.5144 -0.0000
vn 0.8715 -0.4904 -0.0000
vn 0.8828 -0.4697 -0.0000
vn 0.8923 -0.4515 -0.0000
vn 0.9002 -0.4354 -0.0000
vn 0.9071 -0.4210 -0.0000
vn 0.9130 -0.4080 -0.0000
vn 0.9182 -0.3962 -0.0000
vn 0.9228 -0.3852 -0.0000
vn 0.9270 -0.3751 -0.0000
vn 0.9308 -0.3656 -0.0000
vn 0.2049 -0.9788 -0.0000
vn -0.7328 -0.6805 -0.0000
vn -0.7759 -0.6308 -0.0000
vn -0.8144 -0.5803 -0.0000
vn -0.8489 -0.5286 -0.0000
vn -0.8798 -0.4753 -0.0000
vn -0.9075 -0.4200 -0.0000
vn -0.9538 -0.3003 -0.0000
vn -0.9722 -0.2343 -0.0000
vn -0.9867 -0.1627 -0.0000
vn -0.9964 -0.0846 -0.0000
vn -1.0000 -0.0026 -0.0000
vn -0.9968 0.0799 -0.0000
vn -0.9861 0.1662 -0.0000
vn -0.9656 0.2599 -0.0000
vn -0.9326 0.3610 -0.0000
vn -0.8835 0.4685 -0.0000
vn -0.8147 0.5799 -0.0000
vn -0.7231 0.6907 -0.0000
vn -0.6075 0.7943 -0.0000
vn -0.4701 0.8826 -0.0000
vn -0.3170 0.9484 -0.0000
vn -0.1574 0.9875 -0.0000
vn 0.0026 1.0000 -0.0000
vn 0.1572 0.9876 -0.0000
vn 0.2938 0.9559 -0.0000
vn 0.4056 0.9140 -0.0000
vn 0.4951 0.8688 -0.0000
vn 0.5663 0.8242 -0.0000
vn 0.6230 0.7822 -0.0000
vn 0.6685 0.7437 -0.0000
vn 0.7056 0.7086 -0.0000
vn 0.7360 0.6769 -0.0000
vn 0.7614 0.6482 -0.0000
vn 0.9985 0.0556 -0.0000
vn 0.8526 -0.5225 -0.0000
vt 0.253521 0.000000
vt 0.260563 0.000000
vt 0.257042 0.000000
vt 0.250000 0.000000
vt 0.264085 0.000000
vt 0.246479 0.000000
vt 0.267606 0.000000
vt 0.242958 0.000000
vt 0.271127 0.000000
vt 0.239437 0.000000
vt 0.274648 0.000000
vt 0.235915 0.000000
vt 0.278169 0.000000
vt 0.232394 0.000000
vt 0.281690 0.000000
vt 0.228873 0.000000
vt 0.285211 0.000000
vt 0.225352 0.000000
vt 0.781690 0.000000
vt 0.788732 0.000000
vt 0.785211 0.000000
vt 0.288732 0.000000
vt 0.221831 0.000000
vt 0.792253 0.000000
vt 0.292254 0.000000
vt 0.218310 0.000000
vt 0.795775 0.000000
vt 0.295775 0.000000
vt 0.214789 0.000000
vt 0.799296 0.000000
vt 0.299296 0.000000
vt 0.211268 0.000000
vt 0.778169 0.000000
vt 0.302817 0.000000
vt 0.207746 0.000000
vt 0.802817 0.000000
vt 0.306338 0.000000
vt 0.774648 0.000000
vt 0.204225 0.000000
vt 0.806338 0.000000
vt 0.771127 0.000000
vt 0.200704 0.000000
vt 0.809859 0.000000
vt 0.197183 0.000000
vt 0.767606 0.000000
vt 0.813380 0.000000
vt 0.193662 0.000000
vt 0.764085 0.000000
vt 0.190141 0.000000
vt 0.816901 0.000000
vt 0.760563 0.000000
vt 0.186620 0.000000
vt 0.820423 0.000000
vt 0.757042 0.000000
vt 0.183099 0.000000
vt 0.823944 0.000000
vt 0.179577 0.000000
vt 0.753521 0.000000
vt 0.827465 0.000000
vt 0.176056 0.000000
vt 0.750000 0.000000
vt 0.130282 0.000000
vt 0.172535 0.000000
vt 0.746479 0.000000
vt 0.169014 0.000000
vt 0.165493 0.000000
vt 0.161972 0.000000
vt 0.158451 0.000000
vt 0.742958 0.000000
vt 0.309859 0.000000
vt 0.154930 0.000000
vt 0.151408 0.000000
vt 0.739437 0.000000
vt 0.313380 0.000000
vt 0.147887 0.000000
vt 0.735915 0.000000
vt 0.144366 0.000000
vt 0.316901 0.000000
vt 0.140845 0.000000
vt 0.137324 0.000000
vt 0.320423 0.000000
vt 0.133803 0.000000
vt 0.084507 0.000000
vt 0.323944 0.000000
vt 0.088028 0.000000
vt 0.080986 0.000000
vt 0.478873 0.000000
vt 0.091549 0.000000
vt 0.095070 0.000000
vt 0.482394 0.000000
vt 0.475352 0.000000
vt 0.098592 0.000000
vt 0.102113 0.000000
vt 0.471831 0.000000
vt 0.105634 0.000000
vt 0.327465 0.000000
vt 0.109155 0.000000
vt 0.468310 0.000000
vt 0.077465 0.000000
vt 0.112676 0.000000
vt 0.116197 0.000000
vt 0.464789 0.000000
vt 0.485915 0.000000
vt 0.119718 0.000000
vt 0.330986 0.000000
vt 0.732394 0.000000
vt 0.123239 0.000000
vt 0.461268 0.000000
vt 0.073944 0.000000
vt 0.126761 0.000000
vt 0.728873 0.000000
vt 0.489437 0.000000
vt 0.457746 0.000000
vt 0.000000 0.000000
vt 0.334507 0.000000
vt 0.070423 0.000000
vt 0.725352 0.000000
vt 0.003521 0.000000
vt 0.454225 0.000000
vt 0.492958 0.000000
vt 0.066901 0.000000
vt 0.007042 0.000000
vt 0.338028 0.000000
vt 0.721831 0.000000
vt 0.869718 0.000000
vt 0.450704 0.000000
vt 0.873239 0.000000
vt 0.866197 0.000000
vt 0.010563 0.000000
vt 0.063380 0.000000
vt 0.496479 0.000000
vt 0.718310 0.000000
vt 0.876761 0.000000
vt 0.862676 0.000000
vt 0.014085 0.000000
vt 0.447183 0.000000
vt 0.341549 0.000000
vt 0.880282 0.000000
vt 0.059859 0.000000
vt 0.017606 0.000000
vt 0.859155 0.000000
vt 0.714789 0.000000
vt 0.500000 0.000000
vt 0.443662 0.000000
vt 0.883803 0.000000
vt 0.021127 0.000000
vt 0.855634 0.000000
vt 0.056338 0.000000
vt 0.345070 0.000000
vt 0.024648 0.000000
vt 0.711268 0.000000
vt 0.887324 0.000000
vt 0.852113 0.000000
vt 0.503521 0.000000
vt 0.440141 0.000000
vt 0.028169 0.000000
vt 0.052817 0.000000
vt 0.890845 0.000000
vt 0.848592 0.000000
vt 0.031690 0.000000
vt 0.707747 0.000000
vt 0.348592 0.000000
vt 0.049296 0.000000
vt 0.507042 0.000000
vt 0.035211 0.000000
vt 0.436620 0.000000
vt 0.845070 0.000000
vt 0.894366 0.000000
vt 0.038732 0.000000
vt 0.704225 0.000000
vt 0.841549 0.000000
vt 0.045775 0.000000
vt 0.042254 0.000000
vt 0.897887 0.000000
vt 0.510563 0.000000
vt 0.433099 0.000000
vt 0.838028 0.000000
vt 0.352113 0.000000
vt 0.901408 0.000000
vt 0.700704 0.000000
vt 0.834507 0.000000
vt 0.514085 0.000000
vt 0.830986 0.000000
vt 0.904930 0.000000
vt 0.429577 0.000000
vt 1.000000 0.000000
vt 0.697183 0.000000
vt 0.517606 0.000000
vt 0.355634 0.000000
vt 0.996479 0.000000
vt 0.908451 0.000000
vt 0.521127 0.000000
vt 0.693662 0.000000
vt 0.426056 0.000000
vt 0.911972 0.000000
vt 0.524648 0.000000
vt 0.992958 0.000000
vt 0.915493 0.000000
vt 0.359155 0.000000
vt 0.528169 0.000000
vt 0.690141 0.000000
vt 0.531690 0.000000
vt 0.989437 0.000000
vt 0.422535 0.000000
vt 0.919014 0.000000
vt 0.535211 0.000000
vt 0.538732 0.000000
vt 0.985915 0.000000
vt 0.542253 0.000000
vt 0.922535 0.000000
vt 0.686620 0.000000
vt 0.545775 0.000000
vt 0.982394 0.000000
vt 0.549296 0.000000
vt 0.362676 0.000000
vt 0.419014 0.000000
vt 0.926056 0.000000
vt 0.552817 0.000000
vt 0.556338 0.000000
vt 0.978873 0.000000
vt 0.609155 0.000000
vt 0.559859 0.000000
vt 0.929577 0.000000
vt 0.683099 0.000000
vt 0.612676 0.000000
vt 0.605634 0.000000
vt 0.563380 0.000000
vt 0.975352 0.000000
vt 0.602113 0.000000
vt 0.566901 0.000000
vt 0.933099 0.000000
vt 0.598592 0.000000
vt 0.415493 0.000000
vt 0.971831 0.000000
vt 0.595070 0.000000
vt 0.936620 0.000000
vt 0.616197 0.000000
vt 0.591549 0.000000
vt 0.366197 0.000000
vt 0.679577 0.000000
vt 0.968310 0.000000
vt 0.588028 0.000000
vt 0.940141 0.000000
vt 0.584507 0.000000
vt 0.964789 0.000000
vt 0.943662 0.000000
vt 0.580986 0.000000
vt 0.619718 0.000000
vt 0.961268 0.000000
vt 0.411972 0.000000
vt 0.947183 0.000000
vt 0.577465 0.000000
vt 0.957747 0.000000
vt 0.950704 0.000000
vt 0.676056 0.000000
vt 0.573944 0.000000
vt 0.954225 0.000000
vt 0.570423 0.000000
vt 0.623239 0.000000
vt 0.369718 0.000000
vt 0.408451 0.000000
vt 0.672535 0.000000
vt 0.626761 0.000000
vt 0.669014 0.000000
vt 0.630282 0.000000
vt 0.404930 0.000000
vt 0.373239 0.000000
vt 0.633803 0.000000
vt 0.665493 0.000000
vt 0.401408 0.000000
vt 0.637324 0.000000
vt 0.661972 0.000000
vt 0.640845 0.000000
vt 0.397887 0.000000
vt 0.658451 0.000000
vt 0.376761 0.000000
vt 0.644366 0.000000
vt 0.654930 0.000000
vt 0.647887 0.000000
vt 0.394366 0.000000
vt 0.651408 0.000000
vt 0.390845 0.000000
vt 0.380282 0.000000
vt 0.383803 0.000000
vt 0.387324 0.000000
vt 0.413223 0.000000
vt 0.421488 0.000000
vt 0.417355 0.000000
vt 0.099174 0.000000
vt 0.103306 0.000000
vt 0.524793 0.000000
vt 0.157025 0.000000
vt 0.528926 0.000000
vt 0.425620 0.000000
vt 0.161157 0.000000
vt 0.004132 0.000000
vt 0.429752 0.000000
vt 0.520661 0.000000
vt 0.409091 0.000000
vt 0.165289 0.000000
vt 0.008264 0.000000
vt 0.433884 0.000000
vt 0.516529 0.000000
vt 0.169421 0.000000
vt 0.012397 0.000000
vt 0.512397 0.000000
vt 0.438017 0.000000
vt 0.095041 0.000000
vt 0.173554 0.000000
vt 0.508264 0.000000
vt 0.404959 0.000000
vt 0.442149 0.000000
vt 0.016529 0.000000
vt 0.090909 0.000000
vt 0.504132 0.000000
vt 0.177686 0.000000
vt 0.446281 0.000000
vt 0.020661 0.000000
vt 0.086777 0.000000
vt 0.181818 0.000000
vt 0.450413 0.000000
vt 0.495868 0.000000
vt 0.024793 0.000000
vt 0.400826 0.000000
vt 0.185950 0.000000
vt 0.082645 0.000000
vt 0.454545 0.000000
vt 0.491736 0.000000
vt 0.190083 0.000000
vt 0.028926 0.000000
vt 0.458678 0.000000
vt 0.078512 0.000000
vt 0.487603 0.000000
vt 0.194215 0.000000
vt 0.462810 0.000000
vt 0.033058 0.000000
vt 0.483471 0.000000
vt 0.396694 0.000000
vt 0.074380 0.000000
vt 0.466942 0.000000
vt 0.198347 0.000000
vt 0.479339 0.000000
vt 0.037190 0.000000
vt 0.070248 0.000000
vt 0.471074 0.000000
vt 0.202479 0.000000
vt 0.475207 0.000000
vt 0.041322 0.000000
vt 0.206612 0.000000
vt 0.210744 0.000000
vt 0.392562 0.000000
vt 0.066116 0.000000
vt 0.045455 0.000000
vt 0.061983 0.000000
vt 0.057851 0.000000
vt 0.053719 0.000000
vt 0.049587 0.000000
vt 0.388430 0.000000
vt 0.384298 0.000000
vt 0.128099 0.000000
vt 0.132231 0.000000
vt 0.123967 0.000000
vt 0.136364 0.000000
vt 0.214876 0.000000
vt 0.219008 0.000000
vt 0.380165 0.000000
vt 0.376033 0.000000
vt 0.268595 0.000000
vt 0.371901 0.000000
vt 0.272727 0.000000
vt 0.264463 0.000000
vt 0.276859 0.000000
vt 0.367769 0.000000
vt 0.280992 0.000000
vt 0.115702 0.000000
vt 0.223140 0.000000
vt 0.227273 0.000000
vt 0.285124 0.000000
vt 0.289256 0.000000
vt 0.363636 0.000000
vt 0.359504 0.000000
vt 0.293388 0.000000
vt 0.355372 0.000000
vt 0.351240 0.000000
vt 0.297521 0.000000
vt 0.347107 0.000000
vt 0.301653 0.000000
vt 0.342975 0.000000
vt 0.338843 0.000000
vt 0.305785 0.000000
vt 0.334711 0.000000
vt 0.309917 0.000000
vt 0.330579 0.000000
vt 0.314050 0.000000
vt 0.326446 0.000000
vt 0.987603 0.000000
vt 0.995868 0.000000
vt 0.991736 0.000000
vt 0.983471 0.000000
vt 0.322314 0.000000
vt 0.318182 0.000000
vt 0.119835 0.000000
vt 0.111570 0.000000
vt 0.107438 0.000000
vt 0.231405 0.000000
vt 0.235537 0.000000
vt 0.979339 0.000000
vt 0.148760 0.000000
vt 0.239669 0.000000
vt 0.243802 0.000000
vt 0.152893 0.000000
vt 0.144628 0.000000
vt 0.140496 0.000000
vt 0.247934 0.000000
vt 0.252066 0.000000
vt 0.256198 0.000000
vt 0.260331 0.000000
vt 0.533058 0.000000
vt 0.537190 0.000000
vt 0.541322 0.000000
vt 0.975207 0.000000
vt 0.545455 0.000000
vt 0.971074 0.000000
vt 0.549587 0.000000
vt 0.553719 0.000000
vt 0.966942 0.000000
vt 0.557851 0.000000
vt 0.962810 0.000000
vt 0.561983 0.000000
vt 0.566116 0.000000
vt 0.958678 0.000000
vt 0.570248 0.000000
vt 0.954545 0.000000
vt 0.574380 0.000000
vt 0.578512 0.000000
vt 0.950413 0.000000
vt 0.582645 0.000000
vt 0.946281 0.000000
vt 0.586777 0.000000
vt 0.942149 0.000000
vt 0.876033 0.000000
vt 0.590909 0.000000
vt 0.880165 0.000000
vt 0.871901 0.000000
vt 0.867769 0.000000
vt 0.884298 0.000000
vt 0.863636 0.000000
vt 0.595041 0.000000
vt 0.888430 0.000000
vt 0.859504 0.000000
vt 0.938017 0.000000
vt 0.673554 0.000000
vt 0.681818 0.000000
vt 0.677686 0.000000
vt 0.599174 0.000000
vt 0.855372 0.000000
vt 0.892562 0.000000
vt 0.669421 0.000000
vt 0.665289 0.000000
vt 0.603306 0.000000
vt 0.851240 0.000000
vt 0.685950 0.000000
vt 0.661157 0.000000
vt 0.933884 0.000000
vt 0.607438 0.000000
vt 0.657025 0.000000
vt 0.896694 0.000000
vt 0.847107 0.000000
vt 0.652893 0.000000
vt 0.611570 0.000000
vt 0.648760 0.000000
vt 0.690083 0.000000
vt 0.615702 0.000000
vt 0.644628 0.000000
vt 0.640496 0.000000
vt 0.619835 0.000000
vt 0.636364 0.000000
vt 0.842975 0.000000
vt 0.623967 0.000000
vt 0.632231 0.000000
vt 0.628099 0.000000
vt 0.900826 0.000000
vt 0.929752 0.000000
vt 0.694215 0.000000
vt 0.838843 0.000000
vt 0.698347 0.000000
vt 0.834711 0.000000
vt 0.904959 0.000000
vt 0.925620 0.000000
vt 0.921488 0.000000
vt 0.917355 0.000000
vt 0.913223 0.000000
vt 0.909091 0.000000
vt 0.830579 0.000000
vt 0.702479 0.000000
vt 0.826446 0.000000
vt 0.706612 0.000000
vt 0.822314 0.000000
vt 0.710744 0.000000
vt 0.818182 0.000000
vt 0.714876 0.000000
vt 0.814050 0.000000
vt 0.719008 0.000000
vt 0.809917 0.000000
vt 0.723140 0.000000
vt 0.805785 0.000000
vt 0.727273 0.000000
vt 0.801653 0.000000
vt 0.731405 0.000000
vt 0.797521 0.000000
vt 0.735537 0.000000
vt 0.739669 0.000000
vt 0.793388 0.000000
vt 0.743802 0.000000
vt 0.747934 0.000000
vt 0.789256 0.000000
vt 0.752066 0.000000
vt 0.756198 0.000000
vt 0.785124 0.000000
vt 0.760331 0.000000
vt 0.764463 0.000000
vt 0.780992 0.000000
vt 0.768595 0.000000
vt 0.772727 0.000000
vt 0.776860 0.000000
vt 0.000000 1.000000
vt 0.038462 1.000000
vt 0.038462 0.000000
vt 0.076923 1.000000
vt 0.076923 0.000000
vt 0.115385 1.000000
vt 0.115385 0.000000
vt 0.153846 1.000000
vt 0.153846 0.000000
vt 0.192308 1.000000
vt 0.192308 0.000000
vt 0.230769 1.000000
vt 0.230769 0.000000
vt 0.269231 1.000000
vt 0.269231 0.000000
vt 0.307692 1.000000
vt 0.307692 0.000000
vt 0.346154 1.000000
vt 0.346154 0.000000
vt 0.384615 1.000000
vt 0.384615 0.000000
vt 0.423077 1.000000
vt 0.423077 0.000000
vt 0.461538 1.000000
vt 0.461538 0.000000
vt 0.500000 1.000000
vt 0.538462 1.000000
vt 0.538462 0.000000
vt 0.576923 1.000000
vt 0.576923 0.000000
vt 0.615385 1.000000
vt 0.615385 0.000000
vt 0.653846 1.000000
vt 0.653846 0.000000
vt 0.692308 1.000000
vt 0.692308 0.000000
vt 0.730769 1.000000
vt 0.730769 0.000000
vt 0.769231 1.000000
vt 0.769231 0.000000
vt 0.807692 1.000000
vt 0.807692 0.000000
vt 0.846154 1.000000
vt 0.846154 0.000000
vt 0.884615 1.000000
vt 0.884615 0.000000
vt 0.923077 1.000000
vt 0.923077 0.000000
vt 0.961538 1.000000
vt 0.961538 0.000000
vt 1.000000 1.000000
vt 0.250000 1.000000
vt 0.750000 1.000000
vt 0.010989 1.000000
vt 0.010989 0.000000
vt 0.021978 1.000000
vt 0.021978 0.000000
vt 0.032967 1.000000
vt 0.032967 0.000000
vt 0.043956 1.000000
vt 0.043956 0.000000
vt 0.054945 1.000000
vt 0.054945 0.000000
vt 0.065934 1.000000
vt 0.065934 0.000000
vt 0.087912 1.000000
vt 0.087912 0.000000
vt 0.098901 1.000000
vt 0.098901 0.000000
vt 0.109890 1.000000
vt 0.109890 0.000000
vt 0.120879 1.000000
vt 0.120879 0.000000
vt 0.131868 1.000000
vt 0.131868 0.000000
vt 0.142857 1.000000
vt 0.142857 0.000000
vt 0.164835 1.000000
vt 0.164835 0.000000
vt 0.175824 1.000000
vt 0.175824 0.000000
vt 0.186813 1.000000
vt 0.186813 0.000000
vt 0.197802 1.000000
vt 0.197802 0.000000
vt 0.208791 1.000000
vt 0.208791 0.000000
vt 0.219780 1.000000
vt 0.219780 0.000000
vt 0.241758 1.000000
vt 0.241758 0.000000
vt 0.252747 1.000000
vt 0.252747 0.000000
vt 0.263736 1.000000
vt 0.263736 0.000000
vt 0.274725 1.000000
vt 0.274725 0.000000
vt 0.285714 1.000000
vt 0.285714 0.000000
vt 0.296703 1.000000
vt 0.296703 0.000000
vt 0.318681 1.000000
vt 0.318681 0.000000
vt 0.329670 1.000000
vt 0.329670 0.000000
vt 0.340659 1.000000
vt 0.340659 0.000000
vt 0.351648 1.000000
vt 0.351648 0.000000
vt 0.362637 1.000000
vt 0.362637 0.000000
vt 0.373626 1.000000
vt 0.373626 0.000000
vt 0.395604 1.000000
vt 0.395604 0.000000
vt 0.406593 1.000000
vt 0.406593 0.000000
vt 0.417582 1.000000
vt 0.417582 0.000000
vt 0.428571 1.000000
vt 0.428571 0.000000
vt 0.439560 1.000000
vt 0.439560 0.000000
vt 0.450549 1.000000
vt 0.450549 0.000000
vt 0.472527 1.000000
vt 0.472527 0.000000
vt 0.483516 1.000000
vt 0.483516 0.000000
vt 0.494505 1.000000
vt 0.494505 0.000000
vt 0.505495 1.000000
vt 0.505495 0.000000
vt 0.516484 1.000000
vt 0.516484 0.000000
vt 0.527473 1.000000
vt 0.527473 0.000000
vt 0.549451 1.000000
vt 0.549451 0.000000
vt 0.560440 1.000000
vt 0.560440 0.000000
vt 0.571429 1.000000
vt 0.571429 0.000000
vt 0.582418 1.000000
vt 0.582418 0.000000
vt 0.593407 1.000000
vt 0.593407 0.000000
vt 0.604396 1.000000
vt 0.604396 0.000000
vt 0.626374 1.000000
vt 0.626374 0.000000
vt 0.637363 1.000000
vt 0.637363 0.000000
vt 0.648352 1.000000
vt 0.648352 0.000000
vt 0.659341 1.000000
vt 0.659341 0.000000
vt 0.670330 1.000000
vt 0.670330 0.000000
vt 0.681319 1.000000
vt 0.681319 0.000000
vt 0.703297 1.000000
vt 0.703297 0.000000
vt 0.714286 1.000000
vt 0.714286 0.000000
vt 0.725275 1.000000
vt 0.725275 0.000000
vt 0.736264 1.000000
vt 0.736264 0.000000
vt 0.747253 1.000000
vt 0.747253 0.000000
vt 0.758242 1.000000
vt 0.758242 0.000000
vt 0.780220 1.000000
vt 0.780220 0.000000
vt 0.791209 1.000000
vt 0.791209 0.000000
vt 0.802198 1.000000
vt 0.802198 0.000000
vt 0.813187 1.000000
vt 0.813187 0.000000
vt 0.824176 1.000000
vt 0.824176 0.000000
vt 0.835165 1.000000
vt 0.835165 0.000000
vt 0.857143 1.000000
vt 0.857143 0.000000
vt 0.868132 1.000000
vt 0.868132 0.000000
vt 0.879121 1.000000
vt 0.879121 0.000000
vt 0.890110 1.000000
vt 0.890110 0.000000
vt 0.901099 1.000000
vt 0.901099 0.000000
vt 0.912088 1.000000
vt 0.912088 0.000000
vt 0.934066 1.000000
vt 0.934066 0.000000
vt 0.945055 1.000000
vt 0.945055 0.000000
vt 0.956044 1.000000
vt 0.956044 0.000000
vt 0.967033 1.000000
vt 0.967033 0.000000
vt 0.978022 1.000000
vt 0.978022 0.000000
vt 0.989011 1.000000
vt 0.989011 0.000000
vt 0.008772 1.000000
vt 0.008772 0.000000
vt 0.017544 1.000000
vt 0.017544 0.000000
vt 0.026316 1.000000
vt 0.026316 0.000000
vt 0.035088 1.000000
vt 0.035088 0.000000
vt 0.043860 1.000000
vt 0.043860 0.000000
vt 0.052632 1.000000
vt 0.052632 0.000000
vt 0.061404 1.000000
vt 0.061404 0.000000
vt 0.070175 1.000000
vt 0.070175 0.000000
vt 0.078947 1.000000
vt 0.078947 0.000000
vt 0.087719 1.000000
vt 0.087719 0.000000
vt 0.096491 1.000000
vt 0.096491 0.000000
vt 0.105263 1.000000
vt 0.105263 0.000000
vt 0.114035 1.000000
vt 0.114035 0.000000
vt 0.122807 1.000000
vt 0.122807 0.000000
vt 0.131579 1.000000
vt 0.131579 0.000000
vt 0.140351 1.000000
vt 0.140351 0.000000
vt 0.149123 1.000000
vt 0.149123 0.000000
vt 0.157895 1.000000
vt 0.157895 0.000000
vt 0.166667 1.000000
vt 0.166667 0.000000
vt 0.175439 1.000000
vt 0.175439 0.000000
vt 0.184211 1.000000
vt 0.184211 0.000000
vt 0.192982 1.000000
vt 0.192982 0.000000
vt 0.201754 1.000000
vt 0.201754 0.000000
vt 0.210526 1.000000
vt 0.210526 0.000000
vt 0.219298 1.000000
vt 0.219298 0.000000
vt 0.228070 1.000000
vt 0.228070 0.000000
vt 0.236842 1.000000
vt 0.236842 0.000000
vt 0.245614 1.000000
vt 0.245614 0.000000
vt 0.254386 1.000000
vt 0.254386 0.000000
vt 0.263158 1.000000
vt 0.263158 0.000000
vt 0.271930 1.000000
vt 0.271930 0.000000
vt 0.280702 1.000000
vt 0.280702 0.000000
vt 0.289474 1.000000
vt 0.289474 0.000000
vt 0.298246 1.000000
vt 0.298246 0.000000
vt 0.307018 1.000000
vt 0.307018 0.000000
vt 0.315789 1.000000
vt 0.315789 0.000000
vt 0.324561 1.000000
vt 0.324561 0.000000
vt 0.333333 1.000000
vt 0.333333 0.000000
vt 0.342105 1.000000
vt 0.342105 0.000000
vt 0.350877 1.000000
vt 0.350877 0.000000
vt 0.359649 1.000000
vt 0.359649 0.000000
vt 0.368421 1.000000
vt 0.368421 0.000000
vt 0.377193 1.000000
vt 0.377193 0.000000
vt 0.385965 1.000000
vt 0.385965 0.000000
vt 0.394737 1.000000
vt 0.394737 0.000000
vt 0.403509 1.000000
vt 0.403509 0.000000
vt 0.412281 1.000000
vt 0.412281 0.000000
vt 0.421053 1.000000
vt 0.421053 0.000000
vt 0.429825 1.000000
vt 0.429825 0.000000
vt 0.438596 1.000000
vt 0.438596 0.000000
vt 0.447368 1.000000
vt 0.447368 0.000000
vt 0.456140 1.000000
vt 0.456140 0.000000
vt 0.464912 1.000000
vt 0.464912 0.000000
vt 0.473684 1.000000
vt 0.473684 0.000000
vt 0.482456 1.000000
vt 0.482456 0.000000
vt 0.491228 1.000000
vt 0.491228 0.000000
vt 0.508772 1.000000
vt 0.508772 0.000000
vt 0.517544 1.000000
vt 0.517544 0.000000
vt 0.526316 1.000000
vt 0.526316 0.000000
vt 0.535088 1.000000
vt 0.535088 0.000000
vt 0.543860 1.000000
vt 0.543860 0.000000
vt 0.552632 1.000000
vt 0.552632 0.000000
vt 0.561404 1.000000
vt 0.561404 0.000000
vt 0.570175 1.000000
vt 0.570175 0.000000
vt 0.578947 1.000000
vt 0.578947 0.000000
vt 0.587719 1.000000
vt 0.587719 0.000000
vt 0.596491 1.000000
vt 0.596491 0.000000
vt 0.605263 1.000000
vt 0.605263 0.000000
vt 0.614035 1.000000
vt 0.614035 0.000000
vt 0.622807 1.000000
vt 0.622807 0.000000
vt 0.631579 1.000000
vt 0.631579 0.000000
vt 0.640351 1.000000
vt 0.640351 0.000000
vt 0.649123 1.000000
vt 0.649123 0.000000
vt 0.657895 1.000000
vt 0.657895 0.000000
vt 0.666667 1.000000
vt 0.666667 0.000000
vt 0.675439 1.000000
vt 0.675439 0.000000
vt 0.684211 1.000000
vt 0.684211 0.000000
vt 0.692982 1.000000
vt 0.692982 0.000000
vt 0.701754 1.000000
vt 0.701754 0.000000
vt 0.710526 1.000000
vt 0.710526 0.000000
vt 0.719298 1.000000
vt 0.719298 0.000000
vt 0.728070 1.000000
vt 0.728070 0.000000
vt 0.736842 1.000000
vt 0.736842 0.000000
vt 0.745614 1.000000
vt 0.745614 0.000000
vt 0.754386 1.000000
vt 0.754386 0.000000
vt 0.763158 1.000000
vt 0.763158 0.000000
vt 0.771930 1.000000
vt 0.771930 0.000000
vt 0.780702 1.000000
vt 0.780702 0.000000
vt 0.789474 1.000000
vt 0.789474 0.000000
vt 0.798246 1.000000
vt 0.798246 0.000000
vt 0.807018 1.000000
vt 0.807018 0.000000
vt 0.815789 1.000000
vt 0.815789 0.000000
vt 0.824561 1.000000
vt 0.824561 0.000000
vt 0.833333 1.000000
vt 0.833333 0.000000
vt 0.842105 1.000000
vt 0.842105 0.000000
vt 0.850877 1.000000
vt 0.850877 0.000000
vt 0.859649 1.000000
vt 0.859649 0.000000
vt 0.868421 1.000000
vt 0.868421 0.000000
vt 0.877193 1.000000
vt 0.877193 0.000000
vt 0.885965 1.000000
vt 0.885965 0.000000
vt 0.894737 1.000000
vt 0.894737 0.000000
vt 0.903509 1.000000
vt 0.903509 0.000000
vt 0.912281 1.000000
vt 0.912281 0.000000
vt 0.921053 1.000000
vt 0.921053 0.000000
vt 0.929825 1.000000
vt 0.929825 0.000000
vt 0.938596 1.000000
vt 0.938596 0.000000
vt 0.947368 1.000000
vt 0.947368 0.000000
vt 0.956140 1.000000
vt 0.956140 0.000000
vt 0.964912 1.000000
vt 0.964912 0.000000
vt 0.973684 1.000000
vt 0.973684 0.000000
vt 0.982456 1.000000
vt 0.982456 0.000000
vt 0.991228 1.000000
vt 0.991228 0.000000
vt 0.027027 1.000000
vt 0.027027 0.000000
vt 0.054054 1.000000
vt 0.054054 0.000000
vt 0.081081 1.000000
vt 0.081081 0.000000
vt 0.108108 1.000000
vt 0.108108 0.000000
vt 0.135135 1.000000
vt 0.135135 0.000000
vt 0.162162 1.000000
vt 0.162162 0.000000
vt 0.189189 1.000000
vt 0.189189 0.000000
vt 0.216216 1.000000
vt 0.216216 0.000000
vt 0.243243 1.000000
vt 0.243243 0.000000
vt 0.270270 1.000000
vt 0.270270 0.000000
vt 0.297297 1.000000
vt 0.297297 0.000000
vt 0.324324 1.000000
vt 0.324324 0.000000
vt 0.351351 1.000000
vt 0.351351 0.000000
vt 0.378378 1.000000
vt 0.378378 0.000000
vt 0.405405 1.000000
vt 0.405405 0.000000
vt 0.432432 1.000000
vt 0.432432 0.000000
vt 0.459459 1.000000
vt 0.459459 0.000000
vt 0.486486 1.000000
vt 0.486486 0.000000
vt 0.513514 1.000000
vt 0.513514 0.000000
vt 0.540541 1.000000
vt 0.540541 0.000000
vt 0.567568 1.000000
vt 0.567568 0.000000
vt 0.594595 1.000000
vt 0.594595 0.000000
vt 0.621622 1.000000
vt 0.621622 0.000000
vt 0.648649 1.000000
vt 0.648649 0.000000
vt 0.675676 1.000000
vt 0.675676 0.000000
vt 0.702703 1.000000
vt 0.702703 0.000000
vt 0.729730 1.000000
vt 0.729730 0.000000
vt 0.756757 1.000000
vt 0.756757 0.000000
vt 0.783784 1.000000
vt 0.783784 0.000000
vt 0.810811 1.000000
vt 0.810811 0.000000
vt 0.837838 1.000000
vt 0.837838 0.000000
vt 0.864865 1.000000
vt 0.864865 0.000000
vt 0.891892 1.000000
vt 0.891892 0.000000
vt 0.918919 1.000000
vt 0.918919 0.000000
vt 0.945946 1.000000
vt 0.945946 0.000000
vt 0.972973 1.000000
vt 0.972973 0.000000
vt 0.005025 1.000000
vt 0.005025 0.000000
vt 0.010050 1.000000
vt 0.010050 0.000000
vt 0.015075 1.000000
vt 0.015075 0.000000
vt 0.020101 1.000000
vt 0.020101 0.000000
vt 0.025126 1.000000
vt 0.025126 0.000000
vt 0.030151 1.000000
vt 0.030151 0.000000
vt 0.035176 1.000000
vt 0.035176 0.000000
vt 0.040201 1.000000
vt 0.040201 0.000000
vt 0.045226 1.000000
vt 0.045226 0.000000
vt 0.050251 1.000000
vt 0.050251 0.000000
vt 0.055276 1.000000
vt 0.055276 0.000000
vt 0.060302 1.000000
vt 0.060302 0.000000
vt 0.065327 1.000000
vt 0.065327 0.000000
vt 0.070352 1.000000
vt 0.070352 0.000000
vt 0.075377 1.000000
vt 0.075377 0.000000
vt 0.080402 1.000000
vt 0.080402 0.000000
vt 0.085427 1.000000
vt 0.085427 0.000000
vt 0.090452 1.000000
vt 0.090452 0.000000
vt 0.095477 1.000000
vt 0.095477 0.000000
vt 0.100503 1.000000
vt 0.100503 0.000000
vt 0.105528 1.000000
vt 0.105528 0.000000
vt 0.110553 1.000000
vt 0.110553 0.000000
vt 0.115578 1.000000
vt 0.115578 0.000000
vt 0.120603 1.000000
vt 0.120603 0.000000
vt 0.125628 1.000000
vt 0.125628 0.000000
vt 0.130653 1.000000
vt 0.130653 0.000000
vt 0.135678 1.000000
vt 0.135678 0.000000
vt 0.140704 1.000000
vt 0.140704 0.000000
vt 0.145729 1.000000
vt 0.145729 0.000000
vt 0.150754 1.000000
vt 0.150754 0.000000
vt 0.155779 1.000000
vt 0.155779 0.000000
vt 0.160804 1.000000
vt 0.160804 0.000000
vt 0.165829 1.000000
vt 0.165829 0.000000
vt 0.170854 1.000000
vt 0.170854 0.000000
vt 0.175879 1.000000
vt 0.175879 0.000000
vt 0.180905 1.000000
vt 0.180905 0.000000
vt 0.185930 1.000000
vt 0.185930 0.000000
vt 0.190955 1.000000
vt 0.190955 0.000000
vt 0.195980 1.000000
vt 0.195980 0.000000
vt 0.201005 1.000000
vt 0.201005 0.000000
vt 0.206030 1.000000
vt 0.206030 0.000000
vt 0.211055 1.000000
vt 0.211055 0.000000
vt 0.216080 1.000000
vt 0.216080 0.000000
vt 0.221106 1.000000
vt 0.221106 0.000000
vt 0.226131 1.000000
vt 0.226131 0.000000
vt 0.231156 1.000000
vt 0.231156 0.000000
vt 0.236181 1.000000
vt 0.236181 0.000000
vt 0.241206 1.000000
vt 0.241206 0.000000
vt 0.246231 1.000000
vt 0.246231 0.000000
vt 0.251256 1.000000
vt 0.251256 0.000000
vt 0.256281 1.000000
vt 0.256281 0.000000
vt 0.261307 1.000000
vt 0.261307 0.000000
vt 0.266332 1.000000
vt 0.266332 0.000000
vt 0.271357 1.000000
vt 0.271357 0.000000
vt 0.276382 1.000000
vt 0.276382 0.000000
vt 0.281407 1.000000
vt 0.281407 0.000000
vt 0.286432 1.000000
vt 0.286432 0.000000
vt 0.291457 1.000000
vt 0.291457 0.000000
vt 0.296482 1.000000
vt 0.296482 0.000000
vt 0.301508 1.000000
vt 0.301508 0.000000
vt 0.306533 1.000000
vt 0.306533 0.000000
vt 0.311558 1.000000
vt 0.311558 0.000000
vt 0.316583 1.000000
vt 0.316583 0.000000
vt 0.321608 1.000000
vt 0.321608 0.000000
vt 0.326633 1.000000
vt 0.326633 0.000000
vt 0.331658 1.000000
vt 0.331658 0.000000
vt 0.336683 1.000000
vt 0.336683 0.000000
vt 0.341709 1.000000
vt 0.341709 0.000000
vt 0.346734 1.000000
vt 0.346734 0.000000
vt 0.351759 1.000000
vt 0.351759 0.000000
vt 0.356784 1.000000
vt 0.356784 0.000000
vt 0.361809 1.000000
vt 0.361809 0.000000
vt 0.366834 1.000000
vt 0.366834 0.000000
vt 0.371859 1.000000
vt 0.371859 0.000000
vt 0.376884 1.000000
vt 0.376884 0.000000
vt 0.381910 1.000000
vt 0.381910 0.000000
vt 0.386935 1.000000
vt 0.386935 0.000000
vt 0.391960 1.000000
vt 0.391960 0.000000
vt 0.396985 1.000000
vt 0.396985 0.000000
vt 0.402010 1.000000
vt 0.402010 0.000000
vt 0.407035 1.000000
vt 0.407035 0.000000
vt 0.412060 1.000000
vt 0.412060 0.000000
vt 0.417085 1.000000
vt 0.417085 0.000000
vt 0.422111 1.000000
vt 0.422111 0.000000
vt 0.427136 1.000000
vt 0.427136 0.000000
vt 0.432161 1.000000
vt 0.432161 0.000000
vt 0.437186 1.000000
vt 0.437186 0.000000
vt 0.442211 1.000000
vt 0.442211 0.000000
vt 0.447236 1.000000
vt 0.447236 0.000000
vt 0.452261 1.000000
vt 0.452261 0.000000
vt 0.457286 1.000000
vt 0.457286 0.000000
vt 0.462312 1.000000
vt 0.462312 0.000000
vt 0.467337 1.000000
vt 0.467337 0.000000
vt 0.472362 1.000000
vt 0.472362 0.000000
vt 0.477387 1.000000
vt 0.477387 0.000000
vt 0.482412 1.000000
vt 0.482412 0.000000
vt 0.487437 1.000000
vt 0.487437 0.000000
vt 0.492462 1.000000
vt 0.492462 0.000000
vt 0.497487 1.000000
vt 0.497487 0.000000
vt 0.502513 1.000000
vt 0.502513 0.000000
vt 0.507538 1.000000
vt 0.507538 0.000000
vt 0.512563 1.000000
vt 0.512563 0.000000
vt 0.517588 1.000000
vt 0.517588 0.000000
vt 0.522613 1.000000
vt 0.522613 0.000000
vt 0.527638 1.000000
vt 0.527638 0.000000
vt 0.532663 1.000000
vt 0.532663 0.000000
vt 0.537688 1.000000
vt 0.537688 0.000000
vt 0.542714 1.000000
vt 0.542714 0.000000
vt 0.547739 1.000000
vt 0.547739 0.000000
vt 0.552764 1.000000
vt 0.552764 0.000000
vt 0.557789 1.000000
vt 0.557789 0.000000
vt 0.562814 1.000000
vt 0.562814 0.000000
vt 0.567839 1.000000
vt 0.567839 0.000000
vt 0.572864 1.000000
vt 0.572864 0.000000
vt 0.577889 1.000000
vt 0.577889 0.000000
vt 0.582915 1.000000
vt 0.582915 0.000000
vt 0.587940 1.000000
vt 0.587940 0.000000
vt 0.592965 1.000000
vt 0.592965 0.000000
vt 0.597990 1.000000
vt 0.597990 0.000000
vt 0.603015 1.000000
vt 0.603015 0.000000
vt 0.608040 1.000000
vt 0.608040 0.000000
vt 0.613065 1.000000
vt 0.613065 0.000000
vt 0.618090 1.000000
vt 0.618090 0.000000
vt 0.623116 1.000000
vt 0.623116 0.000000
vt 0.628141 1.000000
vt 0.628141 0.000000
vt 0.633166 1.000000
vt 0.633166 0.000000
vt 0.638191 1.000000
vt 0.638191 0.000000
vt 0.643216 1.000000
vt 0.643216 0.000000
vt 0.648241 1.000000
vt 0.648241 0.000000
vt 0.653266 1.000000
vt 0.653266 0.000000
vt 0.658291 1.000000
vt 0.658291 0.000000
vt 0.663317 1.000000
vt 0.663317 0.000000
vt 0.668342 1.000000
vt 0.668342 0.000000
vt 0.673367 1.000000
vt 0.673367 0.000000
vt 0.678392 1.000000
vt 0.678392 0.000000
vt 0.683417 1.000000
vt 0.683417 0.000000
vt 0.688442 1.000000
vt 0.688442 0.000000
vt 0.693467 1.000000
vt 0.693467 0.000000
vt 0.698492 1.000000
vt 0.698492 0.000000
vt 0.703518 1.000000
vt 0.703518 0.000000
vt 0.708543 1.000000
vt 0.708543 0.000000
vt 0.713568 1.000000
vt 0.713568 0.000000
vt 0.718593 1.000000
vt 0.718593 0.000000
vt 0.723618 1.000000
vt 0.723618 0.000000
vt 0.728643 1.000000
vt 0.728643 0.000000
vt 0.733668 1.000000
vt 0.733668 0.000000
vt 0.738693 1.000000
vt 0.738693 0.000000
vt 0.743719 1.000000
vt 0.743719 0.000000
vt 0.748744 1.000000
vt 0.748744 0.000000
vt 0.753769 1.000000
vt 0.753769 0.000000
vt 0.758794 1.000000
vt 0.758794 0.000000
vt 0.763819 1.000000
vt 0.763819 0.000000
vt 0.768844 1.000000
vt 0.768844 0.000000
vt 0.773869 1.000000
vt 0.773869 0.000000
vt 0.778894 1.000000
vt 0.778894 0.000000
vt 0.783920 1.000000
vt 0.783920 0.000000
vt 0.788945 1.000000
vt 0.788945 0.000000
vt 0.793970 1.000000
vt 0.793970 0.000000
vt 0.798995 1.000000
vt 0.798995 0.000000
vt 0.804020 1.000000
vt 0.804020 0.000000
vt 0.809045 1.000000
vt 0.809045 0.000000
vt 0.814070 1.000000
vt 0.814070 0.000000
vt 0.819095 1.000000
vt 0.819095 0.000000
vt 0.824121 1.000000
vt 0.824121 0.000000
vt 0.829146 1.000000
vt 0.829146 0.000000
vt 0.834171 1.000000
vt 0.834171 0.000000
vt 0.839196 1.000000
vt 0.839196 0.000000
vt 0.844221 1.000000
vt 0.844221 0.000000
vt 0.849246 1.000000
vt 0.849246 0.000000
vt 0.854271 1.000000
vt 0.854271 0.000000
vt 0.859297 1.000000
vt 0.859297 0.000000
vt 0.864322 1.000000
vt 0.864322 0.000000
vt 0.869347 1.000000
vt 0.869347 0.000000
vt 0.874372 1.000000
vt 0.874372 0.000000
vt 0.879397 1.000000
vt 0.879397 0.000000
vt 0.884422 1.000000
vt 0.884422 0.000000
vt 0.889447 1.000000
vt 0.889447 0.000000
vt 0.894472 1.000000
vt 0.894472 0.000000
vt 0.899498 1.000000
vt 0.899498 0.000000
vt 0.904523 1.000000
vt 0.904523 0.000000
vt 0.909548 1.000000
vt 0.909548 0.000000
vt 0.914573 1.000000
vt 0.914573 0.000000
vt 0.919598 1.000000
vt 0.919598 0.000000
vt 0.924623 1.000000
vt 0.924623 0.000000
vt 0.929648 1.000000
vt 0.929648 0.000000
vt 0.934673 1.000000
vt 0.934673 0.000000
vt 0.939699 1.000000
vt 0.939699 0.000000
vt 0.944724 1.000000
vt 0.944724 0.000000
vt 0.949749 1.000000
vt 0.949749 0.000000
vt 0.954774 1.000000
vt 0.954774 0.000000
vt 0.959799 1.000000
vt 0.959799 0.000000
vt 0.964824 1.000000
vt 0.964824 0.000000
vt 0.969849 1.000000
vt 0.969849 0.000000
vt 0.974874 1.000000
vt 0.974874 0.000000
vt 0.979900 1.000000
vt 0.979900 0.000000
vt 0.984925 1.000000
vt 0.984925 0.000000
vt 0.989950 1.000000
vt 0.989950 0.000000
vt 0.994975 1.000000
vt 0.994975 0.000000
vt 0.020408 1.000000
vt 0.020408 0.000000
vt 0.040816 1.000000
vt 0.040816 0.000000
vt 0.061224 1.000000
vt 0.061224 0.000000
vt 0.081633 1.000000
vt 0.081633 0.000000
vt 0.102041 1.000000
vt 0.102041 0.000000
vt 0.122449 1.000000
vt 0.122449 0.000000
vt 0.163265 1.000000
vt 0.163265 0.000000
vt 0.183673 1.000000
vt 0.183673 0.000000
vt 0.204082 1.000000
vt 0.204082 0.000000
vt 0.224490 1.000000
vt 0.224490 0.000000
vt 0.244898 1.000000
vt 0.244898 0.000000
vt 0.265306 1.000000
vt 0.265306 0.000000
vt 0.306122 1.000000
vt 0.306122 0.000000
vt 0.326531 1.000000
vt 0.326531 0.000000
vt 0.346939 1.000000
vt 0.346939 0.000000
vt 0.367347 1.000000
vt 0.367347 0.000000
vt 0.387755 1.000000
vt 0.387755 0.000000
vt 0.408163 1.000000
vt 0.408163 0.000000
vt 0.448980 1.000000
vt 0.448980 0.000000
vt 0.469388 1.000000
vt 0.469388 0.000000
vt 0.489796 1.000000
vt 0.489796 0.000000
vt 0.510204 1.000000
vt 0.510204 0.000000
vt 0.530612 1.000000
vt 0.530612 0.000000
vt 0.551020 1.000000
vt 0.551020 0.000000
vt 0.591837 1.000000
vt 0.591837 0.000000
vt 0.612245 1.000000
vt 0.612245 0.000000
vt 0.632653 1.000000
vt 0.632653 0.000000
vt 0.653061 1.000000
vt 0.653061 0.000000
vt 0.673469 1.000000
vt 0.673469 0.000000
vt 0.693878 1.000000
vt 0.693878 0.000000
vt 0.734694 1.000000
vt 0.734694 0.000000
vt 0.755102 1.000000
vt 0.755102 0.000000
vt 0.775510 1.000000
vt 0.775510 0.000000
vt 0.795918 1.000000
vt 0.795918 0.000000
vt 0.816327 1.000000
vt 0.816327 0.000000
vt 0.836735 1.000000
vt 0.836735 0.000000
vt 0.877551 1.000000
vt 0.877551 0.000000
vt 0.897959 1.000000
vt 0.897959 0.000000
vt 0.918367 1.000000
vt 0.918367 0.000000
vt 0.938776 1.000000
vt 0.938776 0.000000
vt 0.959184 1.000000
vt 0.959184 0.000000
vt 0.979592 1.000000
vt 0.979592 0.000000
s 0
usemtl マテリアル
f 73/1/1 75/2/1 74/3/1
f 72/4/1 75/2/1 73/1/1
f 72/4/1 76/5/1 75/2/1
f 71/6/1 76/5/1 72/4/1
f 71/6/1 77/7/1 76/5/1
f 70/8/1 77/7/1 71/6/1
f 70/8/1 78/9/1 77/7/1
f 69/10/1 78/9/1 70/8/1
f 69/10/1 79/11/1 78/9/1
f 68/12/1 79/11/1 69/10/1
f 68/12/1 80/13/1 79/11/1
f 67/14/1 80/13/1 68/12/1
f 67/14/1 81/15/1 80/13/1
f 66/16/1 81/15/1 67/14/1
f 66/16/1 82/17/1 81/15/1
f 65/18/1 82/17/1 66/16/1
f 223/19/1 225/20/1 224/21/1
f 65/18/1 83/22/1 82/17/1
f 64/23/1 83/22/1 65/18/1
f 223/19/1 226/24/1 225/20/1
f 64/23/1 84/25/1 83/22/1
f 63/26/1 84/25/1 64/23/1
f 223/19/1 227/27/1 226/24/1
f 63/26/1 85/28/1 84/25/1
f 62/29/1 85/28/1 63/26/1
f 223/19/1 228/30/1 227/27/1
f 62/29/1 86/31/1 85/28/1
f 61/32/1 86/31/1 62/29/1
f 222/33/1 228/30/1 223/19/1
f 61/32/1 87/34/1 86/31/1
f 60/35/1 87/34/1 61/32/1
f 222/33/1 229/36/1 228/30/1
f 60/35/1 88/37/1 87/34/1
f 221/38/1 229/36/1 222/33/1
f 59/39/1 88/37/1 60/35/1
f 221/38/1 230/40/1 229/36/1
f 220/41/1 230/40/1 221/38/1
f 58/42/1 88/37/1 59/39/1
f 220/41/1 231/43/1 230/40/1
f 57/44/1 88/37/1 58/42/1
f 219/45/1 231/43/1 220/41/1
f 219/45/1 232/46/1 231/43/1
f 56/47/1 88/37/1 57/44/1
f 218/48/1 232/46/1 219/45/1
f 55/49/1 88/37/1 56/47/1
f 218/48/1 233/50/1 232/46/1
f 217/51/1 233/50/1 218/48/1
f 54/52/1 88/37/1 55/49/1
f 217/51/1 234/53/1 233/50/1
f 216/54/1 234/53/1 217/51/1
f 53/55/1 88/37/1 54/52/1
f 216/54/1 235/56/1 234/53/1
f 52/57/1 88/37/1 53/55/1
f 215/58/1 235/56/1 216/54/1
f 215/58/1 236/59/1 235/56/1
f 51/60/1 88/37/1 52/57/1
f 214/61/1 236/59/1 215/58/1
f 214/61/1 38/62/1 236/59/1
f 50/63/1 88/37/1 51/60/1
f 213/64/1 38/62/1 214/61/1
f 49/65/1 88/37/1 50/63/1
f 48/66/1 88/37/1 49/65/1
f 47/67/1 88/37/1 48/66/1
f 46/68/1 88/37/1 47/67/1
f 212/69/1 38/62/1 213/64/1
f 46/68/1 89/70/1 88/37/1
f 45/71/1 89/70/1 46/68/1
f 44/72/1 89/70/1 45/71/1
f 211/73/1 38/62/1 212/69/1
f 44/72/1 90/74/1 89/70/1
f 43/75/1 90/74/1 44/72/1
f 210/76/1 38/62/1 211/73/1
f 42/77/1 90/74/1 43/75/1
f 42/77/1 91/78/1 90/74/1
f 41/79/1 91/78/1 42/77/1
f 40/80/1 91/78/1 41/79/1
f 40/80/1 92/81/1 91/78/1
f 39/82/1 92/81/1 40/80/1
f 38/62/1 92/81/1 39/82/1
f 38/62/1 25/83/1 92/81/1
f 25/83/1 93/84/1 92/81/1
f 38/62/1 26/85/1 25/83/1
f 24/86/1 137/87/1 25/83/1
f 137/87/1 93/84/1 25/83/1
f 38/62/1 27/88/1 26/85/1
f 210/76/1 27/88/1 38/62/1
f 210/76/1 28/89/1 27/88/1
f 24/86/1 138/90/1 137/87/1
f 136/91/1 93/84/1 137/87/1
f 210/76/1 29/92/1 28/89/1
f 210/76/1 30/93/1 29/92/1
f 135/94/1 93/84/1 136/91/1
f 210/76/1 31/95/1 30/93/1
f 135/94/1 94/96/1 93/84/1
f 210/76/1 32/97/1 31/95/1
f 134/98/1 94/96/1 135/94/1
f 23/99/1 138/90/1 24/86/1
f 210/76/1 33/100/1 32/97/1
f 210/76/1 34/101/1 33/100/1
f 133/102/1 94/96/1 134/98/1
f 23/99/1 139/103/1 138/90/1
f 210/76/1 35/104/1 34/101/1
f 133/102/1 95/105/1 94/96/1
f 209/106/1 35/104/1 210/76/1
f 209/106/1 36/107/1 35/104/1
f 132/108/1 95/105/1 133/102/1
f 22/109/1 139/103/1 23/99/1
f 209/106/1 37/110/1 36/107/1
f 208/111/1 37/110/1 209/106/1
f 22/109/1 140/112/1 139/103/1
f 131/113/1 95/105/1 132/108/1
f 208/111/1 1/114/1 37/110/1
f 131/113/1 96/115/1 95/105/1
f 21/116/1 140/112/1 22/109/1
f 207/117/1 1/114/1 208/111/1
f 207/117/1 2/118/1 1/114/1
f 130/119/1 96/115/1 131/113/1
f 21/116/1 141/120/1 140/112/1
f 20/121/1 141/120/1 21/116/1
f 207/117/1 3/122/1 2/118/1
f 130/119/1 97/123/1 96/115/1
f 206/124/1 248/125/1 207/117/1
f 248/125/1 3/122/1 207/117/1
f 129/126/1 97/123/1 130/119/1
f 206/124/1 249/127/1 248/125/1
f 247/128/1 3/122/1 248/125/1
f 247/128/1 4/129/1 3/122/1
f 19/130/1 141/120/1 20/121/1
f 19/130/1 142/131/1 141/120/1
f 205/132/1 249/127/1 206/124/1
f 205/132/1 250/133/1 249/127/1
f 246/134/1 4/129/1 247/128/1
f 246/134/1 5/135/1 4/129/1
f 128/136/1 97/123/1 129/126/1
f 128/136/1 98/137/1 97/123/1
f 205/132/1 251/138/1 250/133/1
f 18/139/1 142/131/1 19/130/1
f 246/134/1 6/140/1 5/135/1
f 245/141/1 6/140/1 246/134/1
f 204/142/1 251/138/1 205/132/1
f 18/139/1 143/143/1 142/131/1
f 127/144/1 98/137/1 128/136/1
f 204/142/1 252/145/1 251/138/1
f 245/141/1 7/146/1 6/140/1
f 244/147/1 7/146/1 245/141/1
f 17/148/1 143/143/1 18/139/1
f 127/144/1 99/149/1 98/137/1
f 244/147/1 8/150/1 7/146/1
f 203/151/1 252/145/1 204/142/1
f 203/151/1 253/152/1 252/145/1
f 243/153/1 8/150/1 244/147/1
f 17/148/1 144/154/1 143/143/1
f 126/155/1 99/149/1 127/144/1
f 243/153/1 9/156/1 8/150/1
f 16/157/1 144/154/1 17/148/1
f 203/151/1 254/158/1 253/152/1
f 242/159/1 9/156/1 243/153/1
f 242/159/1 10/160/1 9/156/1
f 202/161/1 254/158/1 203/151/1
f 126/155/1 100/162/1 99/149/1
f 15/163/1 144/154/1 16/157/1
f 15/163/1 145/164/1 144/154/1
f 242/159/1 11/165/1 10/160/1
f 125/166/1 100/162/1 126/155/1
f 241/167/1 11/165/1 242/159/1
f 202/161/1 255/168/1 254/158/1
f 241/167/1 12/169/1 11/165/1
f 201/170/1 255/168/1 202/161/1
f 240/171/1 12/169/1 241/167/1
f 14/172/1 145/164/1 15/163/1
f 240/171/1 13/173/1 12/169/1
f 201/170/1 256/174/1 255/168/1
f 14/172/1 146/175/1 145/164/1
f 124/176/1 100/162/1 125/166/1
f 239/177/1 13/173/1 240/171/1
f 124/176/1 101/178/1 100/162/1
f 13/173/1 146/175/1 14/172/1
f 201/170/1 257/179/1 256/174/1
f 200/180/1 257/179/1 201/170/1
f 238/181/1 13/173/1 239/177/1
f 13/173/1 147/182/1 146/175/1
f 238/181/1 147/182/1 13/173/1
f 237/183/1 147/182/1 238/181/1
f 200/180/1 258/184/1 257/179/1
f 123/185/1 101/178/1 124/176/1
f 285/186/1 147/182/1 237/183/1
f 199/187/1 258/184/1 200/180/1
f 285/186/1 148/188/1 147/182/1
f 123/185/1 102/189/1 101/178/1
f 284/190/1 148/188/1 285/186/1
f 199/187/1 259/191/1 258/184/1
f 284/190/1 149/192/1 148/188/1
f 198/193/1 259/191/1 199/187/1
f 122/194/1 102/189/1 123/185/1
f 198/193/1 260/195/1 259/191/1
f 284/190/1 150/196/1 149/192/1
f 283/197/1 150/196/1 284/190/1
f 198/193/1 261/198/1 260/195/1
f 122/194/1 103/199/1 102/189/1
f 283/197/1 151/200/1 150/196/1
f 197/201/1 261/198/1 198/193/1
f 283/197/1 152/202/1 151/200/1
f 282/203/1 152/202/1 283/197/1
f 121/204/1 103/199/1 122/194/1
f 197/201/1 262/205/1 261/198/1
f 282/203/1 153/206/1 152/202/1
f 282/203/1 154/207/1 153/206/1
f 281/208/1 154/207/1 282/203/1
f 281/208/1 155/209/1 154/207/1
f 197/201/1 263/210/1 262/205/1
f 196/211/1 263/210/1 197/201/1
f 281/208/1 156/212/1 155/209/1
f 280/213/1 156/212/1 281/208/1
f 280/213/1 157/214/1 156/212/1
f 121/204/1 104/215/1 103/199/1
f 120/216/1 104/215/1 121/204/1
f 196/211/1 264/217/1 263/210/1
f 280/213/1 158/218/1 157/214/1
f 280/213/1 159/219/1 158/218/1
f 279/220/1 159/219/1 280/213/1
f 279/220/1 174/221/1 159/219/1
f 174/221/1 160/222/1 159/219/1
f 196/211/1 265/223/1 264/217/1
f 195/224/1 265/223/1 196/211/1
f 279/220/1 175/225/1 174/221/1
f 173/226/1 160/222/1 174/221/1
f 173/226/1 161/227/1 160/222/1
f 278/228/1 175/225/1 279/220/1
f 172/229/1 161/227/1 173/226/1
f 172/229/1 162/230/1 161/227/1
f 195/224/1 266/231/1 265/223/1
f 171/232/2 162/230/2 172/229/2
f 119/233/1 104/215/1 120/216/1
f 277/234/1 175/225/1 278/228/1
f 170/235/1 162/230/1 171/232/1
f 195/224/1 267/236/1 266/231/1
f 277/234/1 176/237/1 175/225/1
f 169/238/2 162/230/2 170/235/2
f 119/233/1 105/239/1 104/215/1
f 194/240/1 267/236/1 195/224/1
f 276/241/1 176/237/1 277/234/1
f 168/242/1 162/230/1 169/238/1
f 194/240/1 268/243/1 267/236/1
f 167/244/1 162/230/1 168/242/1
f 275/245/1 176/237/1 276/241/1
f 194/240/1 269/246/1 268/243/1
f 166/247/1 162/230/1 167/244/1
f 275/245/1 177/248/1 176/237/1
f 274/249/1 177/248/1 275/245/1
f 118/250/1 105/239/1 119/233/1
f 194/240/1 270/251/1 269/246/1
f 165/252/1 162/230/1 166/247/1
f 273/253/1 177/248/1 274/249/1
f 194/240/1 271/254/1 270/251/1
f 193/255/1 271/254/1 194/240/1
f 164/256/3 162/230/3 165/252/3
f 272/257/1 177/248/1 273/253/1
f 193/255/1 272/257/1 271/254/1
f 193/255/1 177/248/1 272/257/1
f 163/258/1 162/230/1 164/256/1
f 193/255/1 178/259/1 177/248/1
f 118/250/1 106/260/1 105/239/1
f 117/261/1 106/260/1 118/250/1
f 192/262/1 178/259/1 193/255/1
f 192/262/1 179/263/1 178/259/1
f 191/264/1 179/263/1 192/262/1
f 191/264/1 180/265/1 179/263/1
f 116/266/1 106/260/1 117/261/1
f 116/266/1 107/267/1 106/260/1
f 191/264/1 181/268/1 180/265/1
f 190/269/1 181/268/1 191/264/1
f 115/270/1 107/267/1 116/266/1
f 190/269/1 182/271/1 181/268/1
f 189/272/1 182/271/1 190/269/1
f 189/272/1 183/273/1 182/271/1
f 114/274/1 107/267/1 115/270/1
f 188/275/1 183/273/1 189/272/1
f 114/274/1 108/276/1 107/267/1
f 188/275/1 184/277/1 183/273/1
f 187/278/1 184/277/1 188/275/1
f 187/278/1 185/279/1 184/277/1
f 113/280/1 108/276/1 114/274/1
f 186/281/1 185/279/1 187/278/1
f 112/282/1 108/276/1 113/280/1
f 112/282/1 109/283/1 108/276/1
f 112/282/1 110/284/1 109/283/1
f 112/282/1 111/285/1 110/284/1
f 386/286/1 388/287/1 387/288/1
f 310/289/1 286/114/1 311/290/1
f 413/291/1 324/292/1 414/293/1
f 386/286/1 389/294/1 388/287/1
f 413/291/1 325/295/1 324/292/1
f 310/289/1 287/296/1 286/114/1
f 386/286/1 390/297/1 389/294/1
f 412/298/1 325/295/1 413/291/1
f 385/299/1 390/297/1 386/286/1
f 412/298/1 326/300/1 325/295/1
f 310/289/1 288/301/1 287/296/1
f 385/299/1 391/302/1 390/297/1
f 411/303/1 326/300/1 412/298/1
f 411/303/1 327/304/1 326/300/1
f 310/289/1 289/305/1 288/301/1
f 410/306/1 327/304/1 411/303/1
f 385/299/1 392/307/1 391/302/1
f 309/308/1 289/305/1 310/289/1
f 410/306/1 328/309/1 327/304/1
f 409/310/1 328/309/1 410/306/1
f 384/311/1 392/307/1 385/299/1
f 384/311/1 393/312/1 392/307/1
f 309/308/1 290/313/1 289/305/1
f 308/314/1 290/313/1 309/308/1
f 408/315/1 328/309/1 409/310/1
f 408/315/1 329/316/1 328/309/1
f 384/311/1 394/317/1 393/312/1
f 308/314/1 291/318/1 290/313/1
f 407/143/1 329/316/1 408/315/1
f 307/319/1 291/318/1 308/314/1
f 407/143/1 330/320/1 329/316/1
f 384/311/1 395/321/1 394/317/1
f 406/322/1 330/320/1 407/143/1
f 307/319/1 292/323/1 291/318/1
f 383/324/1 395/321/1 384/311/1
f 406/322/1 331/325/1 330/320/1
f 306/326/1 292/323/1 307/319/1
f 383/324/1 396/327/1 395/321/1
f 405/328/1 331/325/1 406/322/1
f 405/328/1 332/329/1 331/325/1
f 306/326/1 293/330/1 292/323/1
f 383/324/1 397/331/1 396/327/1
f 305/332/1 293/330/1 306/326/1
f 404/333/1 332/329/1 405/328/1
f 404/333/1 333/334/1 332/329/1
f 383/324/1 398/335/1 397/331/1
f 305/332/1 294/336/1 293/330/1
f 403/337/1 333/334/1 404/333/1
f 382/338/1 398/335/1 383/324/1
f 304/339/1 294/336/1 305/332/1
f 382/338/1 399/340/1 398/335/1
f 403/337/1 334/341/1 333/334/1
f 402/342/1 334/341/1 403/337/1
f 304/339/1 295/343/1 294/336/1
f 303/344/1 295/343/1 304/339/1
f 382/338/1 400/345/1 399/340/1
f 402/342/1 335/346/1 334/341/1
f 401/347/1 335/346/1 402/342/1
f 303/344/1 296/348/1 295/343/1
f 382/338/1 401/347/1 400/345/1
f 382/338/1 335/346/1 401/347/1
f 382/338/1 336/349/1 335/346/1
f 382/338/1 337/350/1 336/349/1
f 381/351/1 337/350/1 382/338/1
f 302/352/1 296/348/1 303/344/1
f 302/352/1 297/353/1 296/348/1
f 301/354/1 297/353/1 302/352/1
f 301/354/1 300/355/1 297/353/1
f 300/355/1 299/356/1 297/353/1
f 299/356/1 298/357/1 297/353/1
f 380/358/1 337/350/1 381/351/1
f 379/359/1 317/360/1 380/358/1
f 317/360/1 337/350/1 380/358/1
f 379/359/1 318/361/1 317/360/1
f 316/362/1 337/350/1 317/360/1
f 319/363/1 338/364/1 316/362/1
f 338/364/1 337/350/1 316/362/1
f 319/363/1 339/365/1 338/364/1
f 378/366/1 318/361/1 379/359/1
f 377/367/1 351/368/1 378/366/1
f 351/368/1 318/361/1 378/366/1
f 376/369/1 351/368/1 377/367/1
f 376/369/1 352/370/1 351/368/1
f 350/371/1 318/361/1 351/368/1
f 376/369/1 353/372/1 352/370/1
f 375/373/1 353/372/1 376/369/1
f 375/373/1 354/374/1 353/372/1
f 350/371/1 314/375/1 318/361/1
f 314/375/1 319/363/1 318/361/1
f 314/375/1 339/365/1 319/363/1
f 314/375/1 340/376/1 339/365/1
f 314/375/1 341/377/1 340/376/1
f 375/373/1 355/378/1 354/374/1
f 375/373/1 356/379/1 355/378/1
f 374/380/1 356/379/1 375/373/1
f 373/381/1 356/379/1 374/380/1
f 373/381/1 357/382/1 356/379/1
f 372/383/1 357/382/1 373/381/1
f 371/384/1 357/382/1 372/383/1
f 371/384/1 358/385/1 357/382/1
f 370/386/1 358/385/1 371/384/1
f 370/386/1 359/387/1 358/385/1
f 369/388/1 359/387/1 370/386/1
f 368/389/1 359/387/1 369/388/1
f 368/389/1 360/390/1 359/387/1
f 367/391/1 360/390/1 368/389/1
f 367/391/1 361/392/1 360/390/1
f 366/393/1 361/392/1 367/391/1
f 366/393/1 362/394/1 361/392/1
f 365/395/1 362/394/1 366/393/1
f 525/396/1 527/397/1 526/398/1
f 525/396/1 524/399/1 527/397/1
f 524/399/1 528/186/1 527/397/1
f 364/400/1 362/394/1 365/395/1
f 364/400/1 363/401/1 362/394/1
f 350/371/1 315/402/1 314/375/1
f 313/403/1 341/377/1 314/375/1
f 312/404/1 342/405/1 313/403/1
f 342/405/1 341/377/1 313/403/1
f 312/404/1 343/406/1 342/405/1
f 523/407/1 528/186/1 524/399/1
f 350/371/1 322/408/1 315/402/1
f 322/408/1 312/404/1 315/402/1
f 322/408/1 343/406/1 312/404/1
f 322/408/1 344/409/1 343/406/1
f 322/408/1 345/410/1 344/409/1
f 350/371/1 323/411/1 322/408/1
f 321/412/1 345/410/1 322/408/1
f 320/413/1 346/414/1 321/412/1
f 346/414/4 345/410/4 321/412/4
f 320/413/1 347/415/1 346/414/1
f 350/371/1 320/413/1 323/411/1
f 350/371/1 347/415/1 320/413/1
f 350/371/1 348/416/1 347/415/1
f 350/371/1 349/417/1 348/416/1
f 523/407/1 415/418/1 528/186/1
f 523/407/1 416/419/1 415/418/1
f 523/407/1 417/420/1 416/419/1
f 522/421/1 417/420/1 523/407/1
f 522/421/1 418/422/1 417/420/1
f 521/423/1 418/422/1 522/421/1
f 521/423/1 419/424/1 418/422/1
f 521/423/1 420/425/1 419/424/1
f 520/426/1 420/425/1 521/423/1
f 520/426/1 421/427/1 420/425/1
f 519/428/1 421/427/1 520/426/1
f 519/428/1 422/429/1 421/427/1
f 519/428/1 423/430/1 422/429/1
f 518/431/1 423/430/1 519/428/1
f 518/431/1 424/432/1 423/430/1
f 517/433/1 424/432/1 518/431/1
f 517/433/1 425/434/1 424/432/1
f 517/433/1 426/435/1 425/434/1
f 516/436/1 426/435/1 517/433/1
f 516/436/1 427/437/1 426/435/1
f 515/438/1 427/437/1 516/436/1
f 515/438/1 428/439/1 427/437/1
f 514/440/1 498/441/1 515/438/1
f 498/441/1 428/439/1 515/438/1
f 498/441/1 429/442/1 428/439/1
f 514/440/1 499/443/1 498/441/1
f 497/444/1 429/442/1 498/441/1
f 496/445/1 429/442/1 497/444/1
f 514/440/1 500/446/1 499/443/1
f 495/447/1 429/442/1 496/445/1
f 495/447/1 430/448/1 429/442/1
f 514/440/1 501/449/1 500/446/1
f 494/450/1 430/448/1 495/447/1
f 513/451/1 501/449/1 514/440/1
f 449/452/1 451/453/1 450/454/1
f 494/450/1 431/455/1 430/448/1
f 493/456/1 431/455/1 494/450/1
f 513/451/1 502/457/1 501/449/1
f 448/458/1 451/453/1 449/452/1
f 447/459/1 451/453/1 448/458/1
f 493/456/1 432/460/1 431/455/1
f 492/461/1 432/460/1 493/456/1
f 447/459/1 452/462/1 451/453/1
f 446/463/1 452/462/1 447/459/1
f 512/464/1 502/457/1 513/451/1
f 492/461/1 433/465/1 432/460/1
f 445/466/1 452/462/1 446/463/1
f 512/464/1 503/467/1 502/457/1
f 491/468/1 433/465/1 492/461/1
f 444/469/1 452/462/1 445/466/1
f 491/468/1 434/470/1 433/465/1
f 443/471/1 452/462/1 444/469/1
f 443/471/1 453/472/1 452/462/1
f 491/468/1 435/473/1 434/470/1
f 442/474/1 453/472/1 443/471/1
f 441/475/1 453/472/1 442/474/1
f 491/468/1 436/476/1 435/473/1
f 440/477/1 453/472/1 441/475/1
f 490/478/1 436/476/1 491/468/1
f 490/478/1 437/479/1 436/476/1
f 439/480/1 453/472/1 440/477/1
f 490/478/1 438/481/1 437/479/1
f 438/481/1 453/472/1 439/480/1
f 490/478/1 453/472/1 438/481/1
f 512/464/1 504/482/1 503/467/1
f 511/483/1 504/482/1 512/464/1
f 490/478/1 454/484/1 453/472/1
f 489/485/1 454/484/1 490/478/1
f 489/485/1 455/486/1 454/484/1
f 488/487/1 455/486/1 489/485/1
f 511/483/1 505/488/1 504/482/1
f 510/489/1 509/490/1 511/483/1
f 509/490/1 508/491/1 511/483/1
f 508/491/1 507/492/1 511/483/1
f 507/492/1 506/493/1 511/483/1
f 506/493/1 505/488/1 511/483/1
f 487/494/1 455/486/1 488/487/1
f 487/494/1 456/495/1 455/486/1
f 486/496/1 456/495/1 487/494/1
f 486/496/1 457/497/1 456/495/1
f 485/498/1 457/497/1 486/496/1
f 485/498/1 458/499/1 457/497/1
f 484/500/1 458/499/1 485/498/1
f 484/500/1 459/501/1 458/499/1
f 483/502/1 459/501/1 484/500/1
f 483/502/1 460/503/1 459/501/1
f 482/504/1 460/503/1 483/502/1
f 482/504/1 461/505/1 460/503/1
f 481/506/1 461/505/1 482/504/1
f 481/506/1 462/507/1 461/505/1
f 480/508/1 462/507/1 481/506/1
f 480/508/1 463/509/1 462/507/1
f 479/510/1 463/509/1 480/508/1
f 479/510/1 464/511/1 463/509/1
f 479/510/1 465/512/1 464/511/1
f 478/513/1 465/512/1 479/510/1
f 478/513/1 466/514/1 465/512/1
f 478/513/1 467/515/1 466/514/1
f 477/516/1 467/515/1 478/513/1
f 477/516/1 468/517/1 467/515/1
f 477/516/1 469/518/1 468/517/1
f 476/519/1 469/518/1 477/516/1
f 476/519/1 470/520/1 469/518/1
f 476/519/1 471/521/1 470/520/1
f 475/522/1 471/521/1 476/519/1
f 475/522/1 472/523/1 471/521/1
f 475/522/1 473/524/1 472/523/1
f 474/525/1 473/524/1 475/522/1
f 601/1/4 602/3/4 603/2/4
f 600/4/4 601/1/4 603/2/4
f 600/4/4 603/2/4 604/5/4
f 599/6/4 600/4/4 604/5/4
f 599/6/4 604/5/4 605/7/4
f 598/8/4 599/6/4 605/7/4
f 598/8/4 605/7/4 606/9/4
f 597/10/4 598/8/4 606/9/4
f 597/10/4 606/9/4 607/11/4
f 596/12/4 597/10/4 607/11/4
f 596/12/4 607/11/4 608/13/4
f 595/14/4 596/12/4 608/13/4
f 595/14/4 608/13/4 609/15/4
f 594/16/4 595/14/4 609/15/4
f 594/16/4 609/15/4 610/17/4
f 593/18/4 594/16/4 610/17/4
f 751/19/4 752/21/4 753/20/4
f 593/18/4 610/17/4 611/22/4
f 592/23/4 593/18/4 611/22/4
f 751/19/4 753/20/4 754/24/4
f 592/23/4 611/22/4 612/25/4
f 591/26/4 592/23/4 612/25/4
f 751/19/4 754/24/4 755/27/4
f 591/26/4 612/25/4 613/28/4
f 590/29/4 591/26/4 613/28/4
f 751/19/4 755/27/4 756/30/4
f 590/29/4 613/28/4 614/31/4
f 589/32/4 590/29/4 614/31/4
f 750/33/4 751/19/4 756/30/4
f 589/32/4 614/31/4 615/34/4
f 588/35/4 589/32/4 615/34/4
f 750/33/4 756/30/4 757/36/4
f 588/35/4 615/34/4 616/37/4
f 749/38/4 750/33/4 757/36/4
f 587/39/4 588/35/4 616/37/4
f 749/38/4 757/36/4 758/40/4
f 748/41/4 749/38/4 758/40/4
f 586/42/4 587/39/4 616/37/4
f 748/41/4 758/40/4 759/43/4
f 585/44/4 586/42/4 616/37/4
f 747/45/4 748/41/4 759/43/4
f 747/45/4 759/43/4 760/46/4
f 584/47/4 585/44/4 616/37/4
f 746/48/4 747/45/4 760/46/4
f 583/49/4 584/47/4 616/37/4
f 746/48/4 760/46/4 761/50/4
f 745/51/4 746/48/4 761/50/4
f 582/52/4 583/49/4 616/37/4
f 745/51/4 761/50/4 762/53/4
f 744/54/4 745/51/4 762/53/4
f 581/55/4 582/52/4 616/37/4
f 744/54/4 762/53/4 763/56/4
f 580/57/4 581/55/4 616/37/4
f 743/58/4 744/54/4 763/56/4
f 743/58/4 763/56/4 764/59/4
f 579/60/4 580/57/4 616/37/4
f 742/61/4 743/58/4 764/59/4
f 742/61/4 764/59/4 566/62/4
f 578/63/4 579/60/4 616/37/4
f 741/64/4 742/61/4 566/62/4
f 577/65/4 578/63/4 616/37/4
f 576/66/4 577/65/4 616/37/4
f 575/67/4 576/66/4 616/37/4
f 574/68/4 575/67/4 616/37/4
f 740/69/4 741/64/4 566/62/4
f 574/68/4 616/37/4 617/70/4
f 573/71/4 574/68/4 617/70/4
f 572/72/4 573/71/4 617/70/4
f 739/73/4 740/69/4 566/62/4
f 572/72/4 617/70/4 618/74/4
f 571/75/4 572/72/4 618/74/4
f 738/76/4 739/73/4 566/62/4
f 570/77/4 571/75/4 618/74/4
f 570/77/4 618/74/4 619/78/4
f 569/79/4 570/77/4 619/78/4
f 568/80/4 569/79/4 619/78/4
f 568/80/4 619/78/4 620/81/4
f 567/82/4 568/80/4 620/81/4
f 566/62/4 567/82/4 620/81/4
f 566/62/4 620/81/4 553/83/4
f 553/83/4 620/81/4 621/84/4
f 566/62/4 553/83/4 554/85/4
f 552/86/4 553/83/4 665/87/4
f 665/87/4 553/83/4 621/84/4
f 566/62/4 554/85/4 555/88/4
f 738/76/4 566/62/4 555/88/4
f 738/76/4 555/88/4 556/89/4
f 552/86/4 665/87/4 666/90/4
f 664/91/4 665/87/4 621/84/4
f 738/76/4 556/89/4 557/92/4
f 738/76/4 557/92/4 558/93/4
f 663/94/4 664/91/4 621/84/4
f 738/76/4 558/93/4 559/95/4
f 663/94/4 621/84/4 622/96/4
f 738/76/4 559/95/4 560/97/4
f 662/98/4 663/94/4 622/96/4
f 551/99/4 552/86/4 666/90/4
f 738/76/4 560/97/4 561/100/4
f 738/76/4 561/100/4 562/101/4
f 661/102/4 662/98/4 622/96/4
f 551/99/4 666/90/4 667/103/4
f 738/76/4 562/101/4 563/104/4
f 661/102/4 622/96/4 623/105/4
f 737/106/4 738/76/4 563/104/4
f 737/106/4 563/104/4 564/107/4
f 660/108/4 661/102/4 623/105/4
f 550/109/4 551/99/4 667/103/4
f 737/106/4 564/107/4 565/110/4
f 736/111/4 737/106/4 565/110/4
f 550/109/4 667/103/4 668/112/4
f 659/113/4 660/108/4 623/105/4
f 736/111/4 565/110/4 529/114/4
f 659/113/4 623/105/4 624/115/4
f 549/116/4 550/109/4 668/112/4
f 735/117/4 736/111/4 529/114/4
f 735/117/4 529/114/4 530/118/4
f 658/119/4 659/113/4 624/115/4
f 549/116/4 668/112/4 669/120/4
f 548/121/4 549/116/4 669/120/4
f 735/117/4 530/118/4 531/122/4
f 658/119/4 624/115/4 625/123/4
f 734/124/4 735/117/4 776/125/4
f 776/125/4 735/117/4 531/122/4
f 657/126/4 658/119/4 625/123/4
f 734/124/4 776/125/4 777/127/4
f 775/128/4 776/125/4 531/122/4
f 775/128/4 531/122/4 532/129/4
f 547/130/4 548/121/4 669/120/4
f 547/130/4 669/120/4 670/131/4
f 733/132/4 734/124/4 777/127/4
f 733/132/4 777/127/4 778/133/4
f 774/134/4 775/128/4 532/129/4
f 774/134/4 532/129/4 533/135/4
f 656/136/4 657/126/4 625/123/4
f 656/136/4 625/123/4 626/137/4
f 733/132/4 778/133/4 779/138/4
f 546/139/4 547/130/4 670/131/4
f 774/134/4 533/135/4 534/140/4
f 773/141/4 774/134/4 534/140/4
f 732/142/4 733/132/4 779/138/4
f 546/139/4 670/131/4 671/143/4
f 655/144/4 656/136/4 626/137/4
f 732/142/4 779/138/4 780/145/4
f 773/141/4 534/140/4 535/146/4
f 772/147/4 773/141/4 535/146/4
f 545/148/4 546/139/4 671/143/4
f 655/144/4 626/137/4 627/149/4
f 772/147/4 535/146/4 536/150/4
f 731/151/4 732/142/4 780/145/4
f 731/151/4 780/145/4 781/152/4
f 771/153/4 772/147/4 536/150/4
f 545/148/4 671/143/4 672/154/4
f 654/155/4 655/144/4 627/149/4
f 771/153/4 536/150/4 537/156/4
f 544/157/4 545/148/4 672/154/4
f 731/151/4 781/152/4 782/158/4
f 770/159/4 771/153/4 537/156/4
f 770/159/4 537/156/4 538/160/4
f 730/161/4 731/151/4 782/158/4
f 654/155/4 627/149/4 628/162/4
f 543/163/4 544/157/4 672/154/4
f 543/163/4 672/154/4 673/164/4
f 770/159/4 538/160/4 539/165/4
f 653/166/4 654/155/4 628/162/4
f 769/167/4 770/159/4 539/165/4
f 730/161/4 782/158/4 783/168/4
f 769/167/4 539/165/4 540/169/4
f 729/170/4 730/161/4 783/168/4
f 768/171/4 769/167/4 540/169/4
f 542/172/4 543/163/4 673/164/4
f 768/171/4 540/169/4 541/173/4
f 729/170/4 783/168/4 784/174/4
f 542/172/4 673/164/4 674/175/4
f 652/176/4 653/166/4 628/162/4
f 767/177/4 768/171/4 541/173/4
f 652/176/4 628/162/4 629/178/4
f 541/173/4 542/172/4 674/175/4
f 729/170/4 784/174/4 785/179/4
f 728/180/4 729/170/4 785/179/4
f 766/181/4 767/177/4 541/173/4
f 541/173/4 674/175/4 675/182/4
f 766/181/4 541/173/4 675/182/4
f 765/183/4 766/181/4 675/182/4
f 728/180/4 785/179/4 786/184/4
f 651/185/4 652/176/4 629/178/4
f 813/186/4 765/183/4 675/182/4
f 727/187/4 728/180/4 786/184/4
f 813/186/4 675/182/4 676/188/4
f 651/185/4 629/178/4 630/189/4
f 812/190/4 813/186/4 676/188/4
f 727/187/4 786/184/4 787/191/4
f 812/190/4 676/188/4 677/192/4
f 726/193/4 727/187/4 787/191/4
f 650/194/4 651/185/4 630/189/4
f 726/193/4 787/191/4 788/195/4
f 812/190/4 677/192/4 678/196/4
f 811/197/4 812/190/4 678/196/4
f 726/193/4 788/195/4 789/198/4
f 650/194/4 630/189/4 631/199/4
f 811/197/4 678/196/4 679/200/4
f 725/201/4 726/193/4 789/198/4
f 811/197/4 679/200/4 680/202/4
f 810/203/4 811/197/4 680/202/4
f 649/204/4 650/194/4 631/199/4
f 725/201/4 789/198/4 790/205/4
f 810/203/4 680/202/4 681/206/4
f 810/203/4 681/206/4 682/207/4
f 809/208/4 810/203/4 682/207/4
f 809/208/4 682/207/4 683/209/4
f 725/201/4 790/205/4 791/210/4
f 724/211/4 725/201/4 791/210/4
f 809/208/4 683/209/4 684/212/4
f 808/213/4 809/208/4 684/212/4
f 808/213/4 684/212/4 685/214/4
f 649/204/4 631/199/4 632/215/4
f 648/216/4 649/204/4 632/215/4
f 724/211/4 791/210/4 792/217/4
f 808/213/4 685/214/4 686/218/4
f 808/213/4 686/218/4 687/219/4
f 807/220/4 808/213/4 687/219/4
f 807/220/4 687/219/4 702/221/4
f 702/221/4 687/219/4 688/222/4
f 724/211/4 792/217/4 793/223/4
f 723/224/4 724/211/4 793/223/4
f 807/220/4 702/221/4 703/225/4
f 701/226/4 702/221/4 688/222/4
f 701/226/4 688/222/4 689/227/4
f 806/228/4 807/220/4 703/225/4
f 700/229/4 701/226/4 689/227/4
f 700/229/4 689/227/4 690/230/4
f 723/224/4 793/223/4 794/231/4
f 699/232/5 700/229/5 690/230/5
f 647/233/4 648/216/4 632/215/4
f 805/234/4 806/228/4 703/225/4
f 698/235/4 699/232/4 690/230/4
f 723/224/4 794/231/4 795/236/4
f 805/234/4 703/225/4 704/237/4
f 697/238/5 698/235/5 690/230/5
f 647/233/4 632/215/4 633/239/4
f 722/240/4 723/224/4 795/236/4
f 804/241/4 805/234/4 704/237/4
f 696/242/4 697/238/4 690/230/4
f 722/240/4 795/236/4 796/243/4
f 695/244/4 696/242/4 690/230/4
f 803/245/4 804/241/4 704/237/4
f 722/240/4 796/243/4 797/246/4
f 694/247/4 695/244/4 690/230/4
f 803/245/4 704/237/4 705/248/4
f 802/249/4 803/245/4 705/248/4
f 646/250/4 647/233/4 633/239/4
f 722/240/4 797/246/4 798/251/4
f 693/252/4 694/247/4 690/230/4
f 801/253/4 802/249/4 705/248/4
f 722/240/4 798/251/4 799/254/4
f 721/255/4 722/240/4 799/254/4
f 692/256/6 693/252/6 690/230/6
f 800/257/4 801/253/4 705/248/4
f 721/255/4 799/254/4 800/257/4
f 721/255/4 800/257/4 705/248/4
f 691/258/4 692/256/4 690/230/4
f 721/255/4 705/248/4 706/259/4
f 646/250/4 633/239/4 634/260/4
f 645/261/4 646/250/4 634/260/4
f 720/262/4 721/255/4 706/259/4
f 720/262/4 706/259/4 707/263/4
f 719/264/4 720/262/4 707/263/4
f 719/264/4 707/263/4 708/265/4
f 644/266/4 645/261/4 634/260/4
f 644/266/4 634/260/4 635/267/4
f 719/264/4 708/265/4 709/268/4
f 718/269/4 719/264/4 709/268/4
f 643/270/4 644/266/4 635/267/4
f 718/269/4 709/268/4 710/271/4
f 717/272/4 718/269/4 710/271/4
f 717/272/4 710/271/4 711/273/4
f 642/274/4 643/270/4 635/267/4
f 716/275/4 717/272/4 711/273/4
f 642/274/4 635/267/4 636/276/4
f 716/275/4 711/273/4 712/277/4
f 715/278/4 716/275/4 712/277/4
f 715/278/4 712/277/4 713/279/4
f 641/280/4 642/274/4 636/276/4
f 714/281/4 715/278/4 713/279/4
f 640/282/4 641/280/4 636/276/4
f 640/282/4 636/276/4 637/283/4
f 640/282/4 637/283/4 638/284/4
f 640/282/4 638/284/4 639/285/4
f 914/286/4 915/288/4 916/287/4
f 838/289/4 839/290/4 814/114/4
f 941/291/4 942/293/4 852/292/4
f 914/286/4 916/287/4 917/294/4
f 941/291/4 852/292/4 853/295/4
f 838/289/4 814/114/4 815/296/4
f 914/286/4 917/294/4 918/297/4
f 940/298/4 941/291/4 853/295/4
f 913/299/4 914/286/4 918/297/4
f 940/298/4 853/295/4 854/300/4
f 838/289/4 815/296/4 816/301/4
f 913/299/4 918/297/4 919/302/4
f 939/303/4 940/298/4 854/300/4
f 939/303/4 854/300/4 855/304/4
f 838/289/4 816/301/4 817/305/4
f 938/306/4 939/303/4 855/304/4
f 913/299/4 919/302/4 920/307/4
f 837/308/4 838/289/4 817/305/4
f 938/306/4 855/304/4 856/309/4
f 937/310/4 938/306/4 856/309/4
f 912/311/4 913/299/4 920/307/4
f 912/311/4 920/307/4 921/312/4
f 837/308/4 817/305/4 818/313/4
f 836/314/4 837/308/4 818/313/4
f 936/315/4 937/310/4 856/309/4
f 936/315/4 856/309/4 857/316/4
f 912/311/4 921/312/4 922/317/4
f 836/314/4 818/313/4 819/318/4
f 935/143/4 936/315/4 857/316/4
f 835/319/4 836/314/4 819/318/4
f 935/143/4 857/316/4 858/320/4
f 912/311/4 922/317/4 923/321/4
f 934/322/4 935/143/4 858/320/4
f 835/319/4 819/318/4 820/323/4
f 911/324/4 912/311/4 923/321/4
f 934/322/4 858/320/4 859/325/4
f 834/326/4 835/319/4 820/323/4
f 911/324/4 923/321/4 924/327/4
f 933/328/4 934/322/4 859/325/4
f 933/328/4 859/325/4 860/329/4
f 834/326/4 820/323/4 821/330/4
f 911/324/4 924/327/4 925/331/4
f 833/332/4 834/326/4 821/330/4
f 932/333/4 933/328/4 860/329/4
f 932/333/4 860/329/4 861/334/4
f 911/324/4 925/331/4 926/335/4
f 833/332/4 821/330/4 822/336/4
f 931/337/4 932/333/4 861/334/4
f 910/338/4 911/324/4 926/335/4
f 832/339/4 833/332/4 822/336/4
f 910/338/4 926/335/4 927/340/4
f 931/337/4 861/334/4 862/341/4
f 930/342/4 931/337/4 862/341/4
f 832/339/4 822/336/4 823/343/4
f 831/344/4 832/339/4 823/343/4
f 910/338/4 927/340/4 928/345/4
f 930/342/4 862/341/4 863/346/4
f 929/347/4 930/342/4 863/346/4
f 831/344/4 823/343/4 824/348/4
f 910/338/4 928/345/4 929/347/4
f 910/338/4 929/347/4 863/346/4
f 910/338/4 863/346/4 864/349/4
f 910/338/4 864/349/4 865/350/4
f 909/351/4 910/338/4 865/350/4
f 830/352/4 831/344/4 824/348/4
f 830/352/4 824/348/4 825/353/4
f 829/354/4 830/352/4 825/353/4
f 829/354/4 825/353/4 828/355/4
f 828/355/4 825/353/4 827/356/4
f 827/356/4 825/353/4 826/357/4
f 908/358/4 909/351/4 865/350/4
f 907/359/4 908/358/4 845/360/4
f 845/360/4 908/358/4 865/350/4
f 907/359/4 845/360/4 846/361/4
f 844/362/1 845/360/1 865/350/1
f 847/363/4 844/362/4 866/364/4
f 866/364/1 844/362/1 865/350/1
f 847/363/4 866/364/4 867/365/4
f 906/366/4 907/359/4 846/361/4
f 905/367/4 906/366/4 879/368/4
f 879/368/4 906/366/4 846/361/4
f 904/369/4 905/367/4 879/368/4
f 904/369/4 879/368/4 880/370/4
f 878/371/4 879/368/4 846/361/4
f 904/369/4 880/370/4 881/372/4
f 903/373/4 904/369/4 881/372/4
f 903/373/4 881/372/4 882/374/4
f 878/371/4 846/361/4 842/375/4
f 842/375/4 846/361/4 847/363/4
f 842/375/4 847/363/4 867/365/4
f 842/375/4 867/365/4 868/376/4
f 842/375/4 868/376/4 869/377/4
f 903/373/4 882/374/4 883/378/4
f 903/373/4 883/378/4 884/379/4
f 902/380/4 903/373/4 884/379/4
f 901/381/4 902/380/4 884/379/4
f 901/381/4 884/379/4 885/382/4
f 900/383/4 901/381/4 885/382/4
f 899/384/4 900/383/4 885/382/4
f 899/384/4 885/382/4 886/385/4
f 898/386/4 899/384/4 886/385/4
f 898/386/4 886/385/4 887/387/4
f 897/388/4 898/386/4 887/387/4
f 896/389/4 897/388/4 887/387/4
f 896/389/4 887/387/4 888/390/4
f 895/391/4 896/389/4 888/390/4
f 895/391/4 888/390/4 889/392/4
f 894/393/4 895/391/4 889/392/4
f 894/393/4 889/392/4 890/394/4
f 893/395/4 894/393/4 890/394/4
f 1053/396/4 1054/398/4 1055/397/4
f 1053/396/4 1055/397/4 1052/399/4
f 1052/399/4 1055/397/4 1056/186/4
f 892/400/4 893/395/4 890/394/4
f 892/400/4 890/394/4 891/401/4
f 878/371/4 842/375/4 843/402/4
f 841/403/1 842/375/1 869/377/1
f 840/404/4 841/403/4 870/405/4
f 870/405/1 841/403/1 869/377/1
f 840/404/4 870/405/4 871/406/4
f 1051/407/4 1052/399/4 1056/186/4
f 878/371/4 843/402/4 850/408/4
f 850/408/4 843/402/4 840/404/4
f 850/408/4 840/404/4 871/406/4
f 850/408/4 871/406/4 872/409/4
f 850/408/4 872/409/4 873/410/4
f 878/371/4 850/408/4 851/411/4
f 849/412/4 850/408/4 873/410/4
f 848/413/4 849/412/4 874/414/4
f 874/414/1 849/412/1 873/410/1
f 848/413/4 874/414/4 875/415/4
f 878/371/4 851/411/4 848/413/4
f 878/371/4 848/413/4 875/415/4
f 878/371/4 875/415/4 876/416/4
f 878/371/4 876/416/4 877/417/4
f 1051/407/4 1056/186/4 943/418/4
f 1051/407/4 943/418/4 944/419/4
f 1051/407/4 944/419/4 945/420/4
f 1050/421/4 1051/407/4 945/420/4
f 1050/421/4 945/420/4 946/422/4
f 1049/423/4 1050/421/4 946/422/4
f 1049/423/4 946/422/4 947/424/4
f 1049/423/4 947/424/4 948/425/4
f 1048/426/4 1049/423/4 948/425/4
f 1048/426/4 948/425/4 949/427/4
f 1047/428/4 1048/426/4 949/427/4
f 1047/428/4 949/427/4 950/429/4
f 1047/428/4 950/429/4 951/430/4
f 1046/431/4 1047/428/4 951/430/4
f 1046/431/4 951/430/4 952/432/4
f 1045/433/4 1046/431/4 952/432/4
f 1045/433/4 952/432/4 953/434/4
f 1045/433/4 953/434/4 954/435/4
f 1044/436/4 1045/433/4 954/435/4
f 1044/436/4 954/435/4 955/437/4
f 1043/438/4 1044/436/4 955/437/4
f 1043/438/4 955/437/4 956/439/4
f 1042/440/4 1043/438/4 1026/441/4
f 1026/441/4 1043/438/4 956/439/4
f 1026/441/4 956/439/4 957/442/4
f 1042/440/4 1026/441/4 1027/443/4
f 1025/444/4 1026/441/4 957/442/4
f 1024/445/4 1025/444/4 957/442/4
f 1042/440/4 1027/443/4 1028/446/4
f 1023/447/4 1024/445/4 957/442/4
f 1023/447/4 957/442/4 958/448/4
f 1042/440/4 1028/446/4 1029/449/4
f 1022/450/4 1023/447/4 958/448/4
f 1041/451/4 1042/440/4 1029/449/4
f 977/452/4 978/454/4 979/453/4
f 1022/450/4 958/448/4 959/455/4
f 1021/456/4 1022/450/4 959/455/4
f 1041/451/4 1029/449/4 1030/457/4
f 976/458/4 977/452/4 979/453/4
f 975/459/4 976/458/4 979/453/4
f 1021/456/4 959/455/4 960/460/4
f 1020/461/4 1021/456/4 960/460/4
f 975/459/4 979/453/4 980/462/4
f 974/463/4 975/459/4 980/462/4
f 1040/464/4 1041/451/4 1030/457/4
f 1020/461/4 960/460/4 961/465/4
f 973/466/4 974/463/4 980/462/4
f 1040/464/4 1030/457/4 1031/467/4
f 1019/468/4 1020/461/4 961/465/4
f 972/469/4 973/466/4 980/462/4
f 1019/468/4 961/465/4 962/470/4
f 971/471/4 972/469/4 980/462/4
f 971/471/4 980/462/4 981/472/4
f 1019/468/4 962/470/4 963/473/4
f 970/474/4 971/471/4 981/472/4
f 969/475/4 970/474/4 981/472/4
f 1019/468/4 963/473/4 964/476/4
f 968/477/4 969/475/4 981/472/4
f 1018/478/4 1019/468/4 964/476/4
f 1018/478/4 964/476/4 965/479/4
f 967/480/4 968/477/4 981/472/4
f 1018/478/4 965/479/4 966/481/4
f 966/481/4 967/480/4 981/472/4
f 1018/478/4 966/481/4 981/472/4
f 1040/464/4 1031/467/4 1032/482/4
f 1039/483/4 1040/464/4 1032/482/4
f 1018/478/4 981/472/4 982/484/4
f 1017/485/4 1018/478/4 982/484/4
f 1017/485/4 982/484/4 983/486/4
f 1016/487/4 1017/485/4 983/486/4
f 1039/483/4 1032/482/4 1033/488/4
f 1038/489/4 1039/483/4 1037/490/4
f 1037/490/4 1039/483/4 1036/491/4
f 1036/491/4 1039/483/4 1035/492/4
f 1035/492/4 1039/483/4 1034/493/4
f 1034/493/4 1039/483/4 1033/488/4
f 1015/494/4 1016/487/4 983/486/4
f 1015/494/4 983/486/4 984/495/4
f 1014/496/4 1015/494/4 984/495/4
f 1014/496/4 984/495/4 985/497/4
f 1013/498/4 1014/496/4 985/497/4
f 1013/498/4 985/497/4 986/499/4
f 1012/500/4 1013/498/4 986/499/4
f 1012/500/4 986/499/4 987/501/4
f 1011/502/4 1012/500/4 987/501/4
f 1011/502/4 987/501/4 988/503/4
f 1010/504/4 1011/502/4 988/503/4
f 1010/504/4 988/503/4 989/505/4
f 1009/506/4 1010/504/4 989/505/4
f 1009/506/4 989/505/4 990/507/4
f 1008/508/4 1009/506/4 990/507/4
f 1008/508/4 990/507/4 991/509/4
f 1007/510/4 1008/508/4 991/509/4
f 1007/510/4 991/509/4 992/511/4
f 1007/510/4 992/511/4 993/512/4
f 1006/513/4 1007/510/4 993/512/4
f 1006/513/4 993/512/4 994/514/4
f 1006/513/4 994/514/4 995/515/4
f 1005/516/4 1006/513/4 995/515/4
f 1005/516/4 995/515/4 996/517/4
f 1005/516/4 996/517/4 997/518/4
f 1004/519/4 1005/516/4 997/518/4
f 1004/519/4 997/518/4 998/520/4
f 1004/519/4 998/520/4 999/521/4
f 1003/522/4 1004/519/4 999/521/4
f 1003/522/4 999/521/4 1000/523/4
f 1003/522/4 1000/523/4 1001/524/4
f 1002/525/4 1003/522/4 1001/524/4
s 1
f 1058/526/7 1060/527/8 1059/528/8 1057/114/7
f 1060/527/8 1062/529/9 1061/530/9 1059/528/8
f 1062/529/9 1064/531/10 1063/532/10 1061/530/9
f 1064/531/10 1066/533/11 1065/534/11 1063/532/10
f 1066/533/11 1068/535/12 1067/536/12 1065/534/11
f 1068/535/12 1070/537/13 1069/538/13 1067/536/12
f 1070/537/13 1072/539/14 1071/540/14 1069/538/13
f 1072/539/14 1074/541/15 1073/542/15 1071/540/14
f 1074/541/15 1076/543/16 1075/544/16 1073/542/15
f 1076/543/16 1078/545/17 1077/546/17 1075/544/16
f 1078/545/17 1080/547/18 1079/548/18 1077/546/17
f 1080/547/18 1082/549/19 1081/550/19 1079/548/18
f 1082/549/19 1084/551/20 1083/143/20 1081/550/19
f 1084/551/20 1086/552/21 1085/553/21 1083/143/20
f 1086/552/21 1088/554/22 1087/555/22 1085/553/21
f 1088/554/22 1090/556/23 1089/557/23 1087/555/22
f 1090/556/23 1092/558/24 1091/559/24 1089/557/23
f 1092/558/24 1094/560/25 1093/561/25 1091/559/24
f 1094/560/25 1096/562/26 1095/563/26 1093/561/25
f 1096/562/26 1098/564/27 1097/565/27 1095/563/26
f 1098/564/27 1100/566/28 1099/567/28 1097/565/27
f 1100/566/28 1102/568/29 1101/569/29 1099/567/28
f 1102/568/29 1104/570/30 1103/571/30 1101/569/29
f 1104/570/30 1106/572/31 1105/573/31 1103/571/30
f 1106/572/31 1108/574/32 1107/575/32 1105/573/31
f 1108/574/32 1058/576/7 1057/186/7 1107/575/32
f 1110/526/33 1112/577/34 1111/4/34 1109/114/33
f 1112/577/34 1114/551/35 1113/143/35 1111/4/34
f 1114/551/35 1116/578/36 1115/61/36 1113/143/35
f 1116/578/36 1110/576/33 1109/186/33 1115/61/36
f 1118/526/34 1120/577/35 1119/4/35 1117/114/34
f 1120/577/35 1122/551/36 1121/143/36 1119/4/35
f 1122/551/36 1124/578/33 1123/61/33 1121/143/36
f 1124/578/33 1118/576/34 1117/186/34 1123/61/33
f 1126/526/33 1128/577/34 1127/4/34 1125/114/33
f 1128/577/34 1130/551/35 1129/143/35 1127/4/34
f 1130/551/35 1132/578/36 1131/61/36 1129/143/35
f 1132/578/36 1126/576/33 1125/186/33 1131/61/36
f 1134/526/37 1136/579/38 1135/580/38 1133/114/37
f 1136/579/38 1138/581/39 1137/582/39 1135/580/38
f 1138/581/39 1140/583/40 1139/584/40 1137/582/39
f 1140/583/40 1142/585/41 1141/586/41 1139/584/40
f 1142/585/41 1144/587/42 1143/588/42 1141/586/41
f 1144/587/42 1146/589/43 1145/590/43 1143/588/42
f 1146/589/43 1148/529/44 1147/530/44 1145/590/43
f 1148/529/44 1150/591/45 1149/592/45 1147/530/44
f 1150/591/45 1152/593/46 1151/594/46 1149/592/45
f 1152/593/46 1154/595/47 1153/596/47 1151/594/46
f 1154/595/47 1156/597/48 1155/598/48 1153/596/47
f 1156/597/48 1158/599/36 1157/600/36 1155/598/48
f 1158/599/36 1160/601/35 1159/602/35 1157/600/36
f 1160/601/35 1162/533/35 1161/534/35 1159/602/35
f 1162/533/35 1164/603/36 1163/604/36 1161/534/35
f 1164/603/36 1166/605/36 1165/606/36 1163/604/36
f 1166/605/36 1168/607/35 1167/608/35 1165/606/36
f 1168/607/35 1170/609/35 1169/610/35 1167/608/35
f 1170/609/35 1172/611/36 1171/612/36 1169/610/35
f 1172/611/36 1174/613/36 1173/614/36 1171/612/36
f 1174/613/36 1176/537/35 1175/538/35 1173/614/36
f 1176/537/35 1178/615/35 1177/616/35 1175/538/35
f 1178/615/35 1180/617/36 1179/618/36 1177/616/35
f 1180/617/36 1182/619/36 1181/620/36 1179/618/36
f 1182/619/36 1184/621/35 1183/622/35 1181/620/36
f 1184/621/35 1186/623/34 1185/624/34 1183/622/35
f 1186/623/34 1188/625/49 1187/626/49 1185/624/34
f 1188/625/49 1190/541/50 1189/542/50 1187/626/49
f 1190/541/50 1192/627/51 1191/628/51 1189/542/50
f 1192/627/51 1194/629/52 1193/630/52 1191/628/51
f 1194/629/52 1196/631/53 1195/632/53 1193/630/52
f 1196/631/53 1198/633/54 1197/634/54 1195/632/53
f 1198/633/54 1200/635/55 1199/636/55 1197/634/54
f 1200/635/55 1202/637/56 1201/638/56 1199/636/55
f 1202/637/56 1204/545/57 1203/546/57 1201/638/56
f 1204/545/57 1206/639/58 1205/640/58 1203/546/57
f 1206/639/58 1208/641/59 1207/642/59 1205/640/58
f 1208/641/59 1210/643/60 1209/644/60 1207/642/59
f 1210/643/60 1212/645/61 1211/646/61 1209/644/60
f 1212/645/61 1214/647/62 1213/648/62 1211/646/61
f 1214/647/62 1216/649/63 1215/650/63 1213/648/62
f 1216/649/63 1218/549/64 1217/550/64 1215/650/63
f 1218/549/64 1220/651/65 1219/652/65 1217/550/64
f 1220/651/65 1222/653/66 1221/654/66 1219/652/65
f 1222/653/66 1224/655/67 1223/656/67 1221/654/66
f 1224/655/67 1226/657/68 1225/658/68 1223/656/67
f 1226/657/68 1228/659/69 1227/660/69 1225/658/68
f 1228/659/69 1230/661/70 1229/662/70 1227/660/69
f 1230/661/70 1232/552/71 1231/553/71 1229/662/70
f 1232/552/71 1234/663/72 1233/664/72 1231/553/71
f 1234/663/72 1236/665/73 1235/666/73 1233/664/72
f 1236/665/73 1238/667/74 1237/668/74 1235/666/73
f 1238/667/74 1240/669/75 1239/670/75 1237/668/74
f 1240/669/75 1242/671/76 1241/672/76 1239/670/75
f 1242/671/76 1244/673/77 1243/674/77 1241/672/76
f 1244/673/77 1246/556/78 1245/557/78 1243/674/77
f 1246/556/78 1248/675/79 1247/676/79 1245/557/78
f 1248/675/79 1250/677/80 1249/678/80 1247/676/79
f 1250/677/80 1252/679/81 1251/680/81 1249/678/80
f 1252/679/81 1254/681/82 1253/682/82 1251/680/81
f 1254/681/82 1256/683/83 1255/684/83 1253/682/82
f 1256/683/83 1258/685/84 1257/686/84 1255/684/83
f 1258/685/84 1260/560/85 1259/561/85 1257/686/84
f 1260/560/85 1262/687/86 1261/688/86 1259/561/85
f 1262/687/86 1264/689/87 1263/690/87 1261/688/86
f 1264/689/87 1266/691/88 1265/692/88 1263/690/87
f 1266/691/88 1268/693/89 1267/694/89 1265/692/88
f 1268/693/89 1270/695/90 1269/696/90 1267/694/89
f 1270/695/90 1272/697/91 1271/698/91 1269/696/90
f 1272/697/91 1274/564/92 1273/565/92 1271/698/91
f 1274/564/92 1276/699/93 1275/700/93 1273/565/92
f 1276/699/93 1278/701/94 1277/702/94 1275/700/93
f 1278/701/94 1280/703/95 1279/704/95 1277/702/94
f 1280/703/95 1282/705/96 1281/706/96 1279/704/95
f 1282/705/96 1284/707/97 1283/708/97 1281/706/96
f 1284/707/97 1286/709/98 1285/710/98 1283/708/97
f 1286/709/98 1288/568/99 1287/569/99 1285/710/98
f 1288/568/99 1290/711/100 1289/712/100 1287/569/99
f 1290/711/100 1292/713/101 1291/714/101 1289/712/100
f 1292/713/101 1294/715/102 1293/716/102 1291/714/101
f 1294/715/102 1296/717/103 1295/718/103 1293/716/102
f 1296/717/103 1298/719/104 1297/720/104 1295/718/103
f 1298/719/104 1300/721/105 1299/722/105 1297/720/104
f 1300/721/105 1302/572/106 1301/573/106 1299/722/105
f 1302/572/106 1304/723/107 1303/724/107 1301/573/106
f 1304/723/107 1306/725/108 1305/726/108 1303/724/107
f 1306/725/108 1308/727/109 1307/728/109 1305/726/108
f 1308/727/109 1310/729/110 1309/730/110 1307/728/109
f 1310/729/110 1312/731/111 1311/732/111 1309/730/110
f 1312/731/111 1314/733/112 1313/734/112 1311/732/111
f 1314/733/112 1134/576/37 1133/186/37 1313/734/112
f 1316/526/113 1318/735/114 1317/736/114 1315/114/113
f 1318/735/114 1320/737/115 1319/738/115 1317/736/114
f 1320/737/115 1322/739/116 1321/740/116 1319/738/115
f 1322/739/116 1324/741/117 1323/742/117 1321/740/116
f 1324/741/117 1326/743/118 1325/744/118 1323/742/117
f 1326/743/118 1328/745/119 1327/746/119 1325/744/118
f 1328/745/119 1330/747/120 1329/748/120 1327/746/119
f 1330/747/120 1332/749/121 1331/750/121 1329/748/120
f 1332/749/121 1334/751/122 1333/752/122 1331/750/121
f 1334/751/122 1336/753/123 1335/754/123 1333/752/122
f 1336/753/123 1338/755/124 1337/756/124 1335/754/123
f 1338/755/124 1340/757/125 1339/758/125 1337/756/124
f 1340/757/125 1342/759/126 1341/760/126 1339/758/125
f 1342/759/126 1344/761/127 1343/762/127 1341/760/126
f 1344/761/127 1346/763/128 1345/764/128 1343/762/127
f 1346/763/128 1348/765/129 1347/766/129 1345/764/128
f 1348/765/129 1350/767/130 1349/768/130 1347/766/129
f 1350/767/130 1352/769/131 1351/770/131 1349/768/130
f 1352/769/131 1354/771/132 1353/772/132 1351/770/131
f 1354/771/132 1356/773/133 1355/774/133 1353/772/132
f 1356/773/133 1358/775/134 1357/776/134 1355/774/133
f 1358/775/134 1360/777/135 1359/778/135 1357/776/134
f 1360/777/135 1362/779/136 1361/780/136 1359/778/135
f 1362/779/136 1364/781/137 1363/782/137 1361/780/136
f 1364/781/137 1366/783/138 1365/784/138 1363/782/137
f 1366/783/138 1368/785/139 1367/786/139 1365/784/138
f 1368/785/139 1370/787/140 1369/788/140 1367/786/139
f 1370/787/140 1372/789/141 1371/790/141 1369/788/140
f 1372/789/141 1374/791/142 1373/792/142 1371/790/141
f 1374/791/142 1376/793/143 1375/794/143 1373/792/142
f 1376/793/143 1378/795/144 1377/796/144 1375/794/143
f 1378/795/144 1380/797/145 1379/798/145 1377/796/144
f 1380/797/145 1382/799/146 1381/800/146 1379/798/145
f 1382/799/146 1384/801/147 1383/802/147 1381/800/146
f 1384/801/147 1386/803/148 1385/804/148 1383/802/147
f 1386/803/148 1388/805/149 1387/806/149 1385/804/148
f 1388/805/149 1390/807/150 1389/808/150 1387/806/149
f 1390/807/150 1392/809/151 1391/810/151 1389/808/150
f 1392/809/151 1394/811/152 1393/812/152 1391/810/151
f 1394/811/152 1396/813/153 1395/814/153 1393/812/152
f 1396/813/153 1398/815/154 1397/816/154 1395/814/153
f 1398/815/154 1400/817/155 1399/818/155 1397/816/154
f 1400/817/155 1402/819/156 1401/820/156 1399/818/155
f 1402/819/156 1404/821/157 1403/822/157 1401/820/156
f 1404/821/157 1406/823/158 1405/824/158 1403/822/157
f 1406/823/158 1408/825/159 1407/826/159 1405/824/158
f 1408/825/159 1410/827/160 1409/828/160 1407/826/159
f 1410/827/160 1412/829/161 1411/830/161 1409/828/160
f 1412/829/161 1414/831/162 1413/832/162 1411/830/161
f 1414/831/162 1416/833/163 1415/834/163 1413/832/162
f 1416/833/163 1418/835/164 1417/836/164 1415/834/163
f 1418/835/164 1420/837/165 1419/838/165 1417/836/164
f 1420/837/165 1422/839/166 1421/840/166 1419/838/165
f 1422/839/166 1424/841/167 1423/842/167 1421/840/166
f 1424/841/167 1426/843/168 1425/844/168 1423/842/167
f 1426/843/168 1428/845/169 1427/846/169 1425/844/168
f 1428/845/169 1430/551/170 1429/143/170 1427/846/169
f 1430/551/170 1432/847/171 1431/848/171 1429/143/170
f 1432/847/171 1434/849/172 1433/850/172 1431/848/171
f 1434/849/172 1436/851/173 1435/852/173 1433/850/172
f 1436/851/173 1438/853/174 1437/854/174 1435/852/173
f 1438/853/174 1440/855/175 1439/856/175 1437/854/174
f 1440/855/175 1442/857/176 1441/858/176 1439/856/175
f 1442/857/176 1444/859/177 1443/860/177 1441/858/176
f 1444/859/177 1446/861/178 1445/862/178 1443/860/177
f 1446/861/178 1448/863/179 1447/864/179 1445/862/178
f 1448/863/179 1450/865/180 1449/866/180 1447/864/179
f 1450/865/180 1452/867/181 1451/868/181 1449/866/180
f 1452/867/181 1454/869/182 1453/870/182 1451/868/181
f 1454/869/182 1456/871/183 1455/872/183 1453/870/182
f 1456/871/183 1458/873/184 1457/874/184 1455/872/183
f 1458/873/184 1460/875/185 1459/876/185 1457/874/184
f 1460/875/185 1462/877/186 1461/878/186 1459/876/185
f 1462/877/186 1464/879/187 1463/880/187 1461/878/186
f 1464/879/187 1466/881/188 1465/882/188 1463/880/187
f 1466/881/188 1468/883/189 1467/884/189 1465/882/188
f 1468/883/189 1470/885/190 1469/886/190 1467/884/189
f 1470/885/190 1472/887/191 1471/888/191 1469/886/190
f 1472/887/191 1474/889/192 1473/890/192 1471/888/191
f 1474/889/192 1476/891/193 1475/892/193 1473/890/192
f 1476/891/193 1478/893/194 1477/894/194 1475/892/193
f 1478/893/194 1480/895/195 1479/896/195 1477/894/194
f 1480/895/195 1482/897/196 1481/898/196 1479/896/195
f 1482/897/196 1484/899/197 1483/900/197 1481/898/196
f 1484/899/197 1486/901/198 1485/902/198 1483/900/197
f 1486/901/198 1488/903/199 1487/904/199 1485/902/198
f 1488/903/199 1490/905/200 1489/906/200 1487/904/199
f 1490/905/200 1492/907/201 1491/908/201 1489/906/200
f 1492/907/201 1494/909/202 1493/910/202 1491/908/201
f 1494/909/202 1496/911/203 1495/912/203 1493/910/202
f 1496/911/203 1498/913/204 1497/914/204 1495/912/203
f 1498/913/204 1500/915/205 1499/916/205 1497/914/204
f 1500/915/205 1502/917/206 1501/918/206 1499/916/205
f 1502/917/206 1504/919/207 1503/920/207 1501/918/206
f 1504/919/207 1506/921/208 1505/922/208 1503/920/207
f 1506/921/208 1508/923/209 1507/924/209 1505/922/208
f 1508/923/209 1510/925/210 1509/926/210 1507/924/209
f 1510/925/210 1512/927/211 1511/928/211 1509/926/210
f 1512/927/211 1514/929/212 1513/930/212 1511/928/211
f 1514/929/212 1516/931/213 1515/932/213 1513/930/212
f 1516/931/213 1518/933/214 1517/934/214 1515/932/213
f 1518/933/214 1520/935/215 1519/936/215 1517/934/214
f 1520/935/215 1522/937/216 1521/938/216 1519/936/215
f 1522/937/216 1524/939/217 1523/940/217 1521/938/216
f 1524/939/217 1526/941/218 1525/942/218 1523/940/217
f 1526/941/218 1528/943/219 1527/944/219 1525/942/218
f 1528/943/219 1530/945/220 1529/946/220 1527/944/219
f 1530/945/220 1532/947/221 1531/948/221 1529/946/220
f 1532/947/221 1534/949/34 1533/950/34 1531/948/221
f 1534/949/34 1536/951/34 1535/952/34 1533/950/34
f 1536/951/34 1538/953/33 1537/954/33 1535/952/34
f 1538/953/33 1540/955/36 1539/956/36 1537/954/33
f 1540/955/36 1542/957/222 1541/958/222 1539/956/36
f 1542/957/222 1316/576/113 1315/186/113 1541/958/222
f 1544/526/223 1546/959/224 1545/960/224 1543/114/223
f 1546/959/224 1548/961/225 1547/962/225 1545/960/224
f 1548/961/225 1550/963/226 1549/964/226 1547/962/225
f 1550/963/226 1552/965/227 1551/966/227 1549/964/226
f 1552/965/227 1554/967/228 1553/968/228 1551/966/227
f 1554/967/228 1556/969/229 1555/970/229 1553/968/228
f 1556/969/229 1558/971/230 1557/972/230 1555/970/229
f 1558/971/230 1560/973/231 1559/974/231 1557/972/230
f 1560/973/231 1562/975/232 1561/976/232 1559/974/231
f 1562/975/232 1564/977/233 1563/978/233 1561/976/232
f 1564/977/233 1566/979/234 1565/980/234 1563/978/233
f 1566/979/234 1568/981/235 1567/982/235 1565/980/234
f 1568/981/235 1570/983/236 1569/984/236 1567/982/235
f 1570/983/236 1572/985/237 1571/986/237 1569/984/236
f 1572/985/237 1574/987/238 1573/988/238 1571/986/237
f 1574/987/238 1576/989/239 1575/990/239 1573/988/238
f 1576/989/239 1578/991/240 1577/992/240 1575/990/239
f 1578/991/240 1580/993/241 1579/994/241 1577/992/240
f 1580/993/241 1582/995/242 1581/996/242 1579/994/241
f 1582/995/242 1584/997/243 1583/998/243 1581/996/242
f 1584/997/243 1586/999/244 1585/1000/244 1583/998/243
f 1586/999/244 1588/1001/245 1587/1002/245 1585/1000/244
f 1588/1001/245 1590/1003/246 1589/1004/246 1587/1002/245
f 1590/1003/246 1592/1005/247 1591/1006/247 1589/1004/246
f 1592/1005/247 1594/1007/248 1593/1008/248 1591/1006/247
f 1594/1007/248 1596/1009/249 1595/1010/249 1593/1008/248
f 1596/1009/249 1598/1011/250 1597/1012/250 1595/1010/249
f 1598/1011/250 1600/1013/251 1599/1014/251 1597/1012/250
f 1600/1013/251 1602/1015/252 1601/1016/252 1599/1014/251
f 1602/1015/252 1604/1017/253 1603/1018/253 1601/1016/252
f 1604/1017/253 1606/1019/254 1605/1020/254 1603/1018/253
f 1606/1019/254 1608/1021/255 1607/1022/255 1605/1020/254
f 1608/1021/255 1610/1023/256 1609/1024/256 1607/1022/255
f 1610/1023/256 1612/1025/257 1611/1026/257 1609/1024/256
f 1612/1025/257 1614/1027/258 1613/1028/258 1611/1026/257
f 1614/1027/258 1616/1029/259 1615/1030/259 1613/1028/258
f 1616/1029/259 1544/576/223 1543/186/223 1615/1030/259
f 1618/526/260 1620/1031/261 1619/1032/261 1617/114/260
f 1620/1031/261 1622/1033/262 1621/1034/262 1619/1032/261
f 1622/1033/262 1624/1035/263 1623/1036/263 1621/1034/262
f 1624/1035/263 1626/1037/264 1625/1038/264 1623/1036/263
f 1626/1037/264 1628/1039/265 1627/1040/265 1625/1038/264
f 1628/1039/265 1630/1041/266 1629/1042/266 1627/1040/265
f 1630/1041/266 1632/1043/267 1631/1044/267 1629/1042/266
f 1632/1043/267 1634/1045/268 1633/1046/268 1631/1044/267
f 1634/1045/268 1636/1047/269 1635/1048/269 1633/1046/268
f 1636/1047/269 1638/1049/270 1637/1050/270 1635/1048/269
f 1638/1049/270 1640/1051/271 1639/1052/271 1637/1050/270
f 1640/1051/271 1642/1053/272 1641/1054/272 1639/1052/271
f 1642/1053/272 1644/1055/273 1643/1056/273 1641/1054/272
f 1644/1055/273 1646/1057/274 1645/1058/274 1643/1056/273
f 1646/1057/274 1648/1059/275 1647/1060/275 1645/1058/274
f 1648/1059/275 1650/1061/276 1649/1062/276 1647/1060/275
f 1650/1061/276 1652/1063/277 1651/1064/277 1649/1062/276
f 1652/1063/277 1654/1065/278 1653/1066/278 1651/1064/277
f 1654/1065/278 1656/1067/279 1655/1068/279 1653/1066/278
f 1656/1067/279 1658/1069/280 1657/1070/280 1655/1068/279
f 1658/1069/280 1660/1071/281 1659/1072/281 1657/1070/280
f 1660/1071/281 1662/1073/282 1661/1074/282 1659/1072/281
f 1662/1073/282 1664/1075/283 1663/1076/283 1661/1074/282
f 1664/1075/283 1666/1077/284 1665/1078/284 1663/1076/283
f 1666/1077/284 1668/1079/285 1667/1080/285 1665/1078/284
f 1668/1079/285 1670/1081/286 1669/1082/286 1667/1080/285
f 1670/1081/286 1672/1083/287 1671/1084/287 1669/1082/286
f 1672/1083/287 1674/1085/288 1673/1086/288 1671/1084/287
f 1674/1085/288 1676/1087/289 1675/1088/289 1673/1086/288
f 1676/1087/289 1678/1089/290 1677/1090/290 1675/1088/289
f 1678/1089/290 1680/1091/291 1679/1092/291 1677/1090/290
f 1680/1091/291 1682/1093/292 1681/1094/292 1679/1092/291
f 1682/1093/292 1684/1095/293 1683/1096/293 1681/1094/292
f 1684/1095/293 1686/1097/294 1685/1098/294 1683/1096/293
f 1686/1097/294 1688/1099/295 1687/1100/295 1685/1098/294
f 1688/1099/295 1690/1101/296 1689/1102/296 1687/1100/295
f 1690/1101/296 1692/1103/297 1691/1104/297 1689/1102/296
f 1692/1103/297 1694/1105/298 1693/1106/298 1691/1104/297
f 1694/1105/298 1696/1107/299 1695/1108/299 1693/1106/298
f 1696/1107/299 1698/1109/300 1697/1110/300 1695/1108/299
f 1698/1109/300 1700/1111/301 1699/1112/301 1697/1110/300
f 1700/1111/301 1702/1113/302 1701/1114/302 1699/1112/301
f 1702/1113/302 1704/1115/303 1703/1116/303 1701/1114/302
f 1704/1115/303 1706/1117/304 1705/1118/304 1703/1116/303
f 1706/1117/304 1708/1119/305 1707/1120/305 1705/1118/304
f 1708/1119/305 1710/1121/306 1709/1122/306 1707/1120/305
f 1710/1121/306 1712/1123/307 1711/1124/307 1709/1122/306
f 1712/1123/307 1714/1125/308 1713/1126/308 1711/1124/307
f 1714/1125/308 1716/1127/309 1715/1128/309 1713/1126/308
f 1716/1127/309 1718/1129/310 1717/1130/310 1715/1128/309
f 1718/1129/310 1720/1131/311 1719/1132/311 1717/1130/310
f 1720/1131/311 1722/1133/312 1721/1134/312 1719/1132/311
f 1722/1133/312 1724/1135/313 1723/1136/313 1721/1134/312
f 1724/1135/313 1726/1137/314 1725/1138/314 1723/1136/313
f 1726/1137/314 1728/1139/315 1727/1140/315 1725/1138/314
f 1728/1139/315 1730/1141/316 1729/1142/316 1727/1140/315
f 1730/1141/316 1732/1143/317 1731/1144/317 1729/1142/316
f 1732/1143/317 1734/1145/318 1733/1146/318 1731/1144/317
f 1734/1145/318 1736/1147/319 1735/1148/319 1733/1146/318
f 1736/1147/319 1738/1149/320 1737/1150/320 1735/1148/319
f 1738/1149/320 1740/1151/321 1739/1152/321 1737/1150/320
f 1740/1151/321 1742/1153/322 1741/1154/322 1739/1152/321
f 1742/1153/322 1744/1155/323 1743/1156/323 1741/1154/322
f 1744/1155/323 1746/1157/324 1745/1158/324 1743/1156/323
f 1746/1157/324 1748/1159/325 1747/1160/325 1745/1158/324
f 1748/1159/325 1750/1161/326 1749/1162/326 1747/1160/325
f 1750/1161/326 1752/1163/327 1751/1164/327 1749/1162/326
f 1752/1163/327 1754/1165/328 1753/1166/328 1751/1164/327
f 1754/1165/328 1756/1167/329 1755/1168/329 1753/1166/328
f 1756/1167/329 1758/1169/330 1757/1170/330 1755/1168/329
f 1758/1169/330 1760/1171/331 1759/1172/331 1757/1170/330
f 1760/1171/331 1762/1173/332 1761/1174/332 1759/1172/331
f 1762/1173/332 1764/1175/333 1763/1176/333 1761/1174/332
f 1764/1175/333 1766/1177/334 1765/1178/334 1763/1176/333
f 1766/1177/334 1768/1179/335 1767/1180/335 1765/1178/334
f 1768/1179/335 1770/1181/336 1769/1182/336 1767/1180/335
f 1770/1181/336 1772/1183/337 1771/1184/337 1769/1182/336
f 1772/1183/337 1774/1185/338 1773/1186/338 1771/1184/337
f 1774/1185/338 1776/1187/339 1775/1188/339 1773/1186/338
f 1776/1187/339 1778/1189/340 1777/1190/340 1775/1188/339
f 1778/1189/340 1780/1191/341 1779/1192/341 1777/1190/340
f 1780/1191/341 1782/1193/342 1781/1194/342 1779/1192/341
f 1782/1193/342 1784/1195/343 1783/1196/343 1781/1194/342
f 1784/1195/343 1786/1197/344 1785/1198/344 1783/1196/343
f 1786/1197/344 1788/1199/345 1787/1200/345 1785/1198/344
f 1788/1199/345 1790/1201/346 1789/1202/346 1787/1200/345
f 1790/1201/346 1792/1203/347 1791/1204/347 1789/1202/346
f 1792/1203/347 1794/1205/348 1793/1206/348 1791/1204/347
f 1794/1205/348 1796/1207/349 1795/1208/349 1793/1206/348
f 1796/1207/349 1798/1209/350 1797/1210/350 1795/1208/349
f 1798/1209/350 1800/1211/351 1799/1212/351 1797/1210/350
f 1800/1211/351 1802/1213/352 1801/1214/352 1799/1212/351
f 1802/1213/352 1804/1215/353 1803/1216/353 1801/1214/352
f 1804/1215/353 1806/1217/354 1805/1218/354 1803/1216/353
f 1806/1217/354 1808/1219/355 1807/1220/355 1805/1218/354
f 1808/1219/355 1810/1221/356 1809/1222/356 1807/1220/355
f 1810/1221/356 1812/1223/357 1811/1224/357 1809/1222/356
f 1812/1223/357 1814/1225/358 1813/1226/358 1811/1224/357
f 1814/1225/358 1816/1227/359 1815/1228/359 1813/1226/358
f 1816/1227/359 1818/1229/360 1817/1230/360 1815/1228/359
f 1818/1229/360 1820/1231/361 1819/1232/361 1817/1230/360
f 1820/1231/361 1822/1233/362 1821/1234/362 1819/1232/361
f 1822/1233/362 1824/1235/363 1823/1236/363 1821/1234/362
f 1824/1235/363 1826/1237/364 1825/1238/364 1823/1236/363
f 1826/1237/364 1828/1239/365 1827/1240/365 1825/1238/364
f 1828/1239/365 1830/1241/366 1829/1242/366 1827/1240/365
f 1830/1241/366 1832/1243/367 1831/1244/367 1829/1242/366
f 1832/1243/367 1834/1245/368 1833/1246/368 1831/1244/367
f 1834/1245/368 1836/1247/369 1835/1248/369 1833/1246/368
f 1836/1247/369 1838/1249/370 1837/1250/370 1835/1248/369
f 1838/1249/370 1840/1251/371 1839/1252/371 1837/1250/370
f 1840/1251/371 1842/1253/372 1841/1254/372 1839/1252/371
f 1842/1253/372 1844/1255/373 1843/1256/373 1841/1254/372
f 1844/1255/373 1846/1257/374 1845/1258/374 1843/1256/373
f 1846/1257/374 1848/1259/375 1847/1260/375 1845/1258/374
f 1848/1259/375 1850/1261/376 1849/1262/376 1847/1260/375
f 1850/1261/376 1852/1263/377 1851/1264/377 1849/1262/376
f 1852/1263/377 1854/1265/378 1853/1266/378 1851/1264/377
f 1854/1265/378 1856/1267/379 1855/1268/379 1853/1266/378
f 1856/1267/379 1858/1269/380 1857/1270/380 1855/1268/379
f 1858/1269/380 1860/1271/381 1859/1272/381 1857/1270/380
f 1860/1271/381 1862/1273/382 1861/1274/382 1859/1272/381
f 1862/1273/382 1864/1275/383 1863/1276/383 1861/1274/382
f 1864/1275/383 1866/1277/384 1865/1278/384 1863/1276/383
f 1866/1277/384 1868/1279/385 1867/1280/385 1865/1278/384
f 1868/1279/385 1870/1281/386 1869/1282/386 1867/1280/385
f 1870/1281/386 1872/1283/387 1871/1284/387 1869/1282/386
f 1872/1283/387 1874/1285/388 1873/1286/388 1871/1284/387
f 1874/1285/388 1876/1287/389 1875/1288/389 1873/1286/388
f 1876/1287/389 1878/1289/390 1877/1290/390 1875/1288/389
f 1878/1289/390 1880/1291/391 1879/1292/391 1877/1290/390
f 1880/1291/391 1882/1293/392 1881/1294/392 1879/1292/391
f 1882/1293/392 1884/1295/393 1883/1296/393 1881/1294/392
f 1884/1295/393 1886/1297/394 1885/1298/394 1883/1296/393
f 1886/1297/394 1888/1299/395 1887/1300/395 1885/1298/394
f 1888/1299/395 1890/1301/396 1889/1302/396 1887/1300/395
f 1890/1301/396 1892/1303/397 1891/1304/397 1889/1302/396
f 1892/1303/397 1894/1305/398 1893/1306/398 1891/1304/397
f 1894/1305/398 1896/1307/399 1895/1308/399 1893/1306/398
f 1896/1307/399 1898/1309/400 1897/1310/400 1895/1308/399
f 1898/1309/400 1900/1311/401 1899/1312/401 1897/1310/400
f 1900/1311/401 1902/1313/402 1901/1314/402 1899/1312/401
f 1902/1313/402 1904/1315/330 1903/1316/330 1901/1314/402
f 1904/1315/330 1906/1317/403 1905/1318/403 1903/1316/330
f 1906/1317/403 1908/1319/404 1907/1320/404 1905/1318/403
f 1908/1319/404 1910/1321/405 1909/1322/405 1907/1320/404
f 1910/1321/405 1912/1323/406 1911/1324/406 1909/1322/405
f 1912/1323/406 1914/1325/407 1913/1326/407 1911/1324/406
f 1914/1325/407 1916/1327/408 1915/1328/408 1913/1326/407
f 1916/1327/408 1918/1329/409 1917/1330/409 1915/1328/408
f 1918/1329/409 1920/1331/410 1919/1332/410 1917/1330/409
f 1920/1331/410 1922/1333/411 1921/1334/411 1919/1332/410
f 1922/1333/411 1924/1335/412 1923/1336/412 1921/1334/411
f 1924/1335/412 1926/1337/413 1925/1338/413 1923/1336/412
f 1926/1337/413 1928/1339/414 1927/1340/414 1925/1338/413
f 1928/1339/414 1930/1341/415 1929/1342/415 1927/1340/414
f 1930/1341/415 1932/1343/416 1931/1344/416 1929/1342/415
f 1932/1343/416 1934/1345/417 1933/1346/417 1931/1344/416
f 1934/1345/417 1936/1347/418 1935/1348/418 1933/1346/417
f 1936/1347/418 1938/1349/419 1937/1350/419 1935/1348/418
f 1938/1349/419 1940/1351/420 1939/1352/420 1937/1350/419
f 1940/1351/420 1942/1353/421 1941/1354/421 1939/1352/420
f 1942/1353/421 1944/1355/422 1943/1356/422 1941/1354/421
f 1944/1355/422 1946/1357/423 1945/1358/423 1943/1356/422
f 1946/1357/423 1948/1359/424 1947/1360/424 1945/1358/423
f 1948/1359/424 1950/1361/425 1949/1362/425 1947/1360/424
f 1950/1361/425 1952/1363/426 1951/1364/426 1949/1362/425
f 1952/1363/426 1954/1365/427 1953/1366/427 1951/1364/426
f 1954/1365/427 1956/1367/428 1955/1368/428 1953/1366/427
f 1956/1367/428 1958/1369/429 1957/1370/429 1955/1368/428
f 1958/1369/429 1960/1371/430 1959/1372/430 1957/1370/429
f 1960/1371/430 1962/1373/431 1961/1374/431 1959/1372/430
f 1962/1373/431 1964/1375/432 1963/1376/432 1961/1374/431
f 1964/1375/432 1966/1377/433 1965/1378/433 1963/1376/432
f 1966/1377/433 1968/1379/434 1967/1380/434 1965/1378/433
f 1968/1379/434 1970/1381/435 1969/1382/435 1967/1380/434
f 1970/1381/435 1972/1383/436 1971/1384/436 1969/1382/435
f 1972/1383/436 1974/1385/437 1973/1386/437 1971/1384/436
f 1974/1385/437 1976/1387/438 1975/1388/438 1973/1386/437
f 1976/1387/438 1978/1389/439 1977/1390/439 1975/1388/438
f 1978/1389/439 1980/1391/440 1979/1392/440 1977/1390/439
f 1980/1391/440 1982/1393/441 1981/1394/441 1979/1392/440
f 1982/1393/441 1984/1395/442 1983/1396/442 1981/1394/441
f 1984/1395/442 1986/1397/443 1985/1398/443 1983/1396/442
f 1986/1397/443 1988/1399/444 1987/1400/444 1985/1398/443
f 1988/1399/444 1990/1401/445 1989/1402/445 1987/1400/444
f 1990/1401/445 1992/1403/446 1991/1404/446 1989/1402/445
f 1992/1403/446 1994/1405/447 1993/1406/447 1991/1404/446
f 1994/1405/447 1996/1407/448 1995/1408/448 1993/1406/447
f 1996/1407/448 1998/1409/449 1997/1410/449 1995/1408/448
f 1998/1409/449 2000/1411/450 1999/1412/450 1997/1410/449
f 2000/1411/450 2002/1413/451 2001/1414/451 1999/1412/450
f 2002/1413/451 2004/1415/452 2003/1416/452 2001/1414/451
f 2004/1415/452 2006/1417/453 2005/1418/453 2003/1416/452
f 2006/1417/453 2008/1419/454 2007/1420/454 2005/1418/453
f 2008/1419/454 2010/1421/455 2009/1422/455 2007/1420/454
f 2010/1421/455 2012/1423/456 2011/1424/456 2009/1422/455
f 2012/1423/456 2014/1425/457 2013/1426/457 2011/1424/456
f 2014/1425/457 1618/576/260 1617/186/260 2013/1426/457
f 2016/526/458 2018/1427/459 2017/1428/459 2015/114/458
f 2018/1427/459 2020/1429/460 2019/1430/460 2017/1428/459
f 2020/1429/460 2022/1431/461 2021/1432/461 2019/1430/460
f 2022/1431/461 2024/1433/462 2023/1434/462 2021/1432/461
f 2024/1433/462 2026/1435/463 2025/1436/463 2023/1434/462
f 2026/1435/463 2028/1437/464 2027/1438/464 2025/1436/463
f 2028/1437/464 2030/601/465 2029/602/465 2027/1438/464
f 2030/601/465 2032/1439/466 2031/1440/466 2029/602/465
f 2032/1439/466 2034/1441/467 2033/1442/467 2031/1440/466
f 2034/1441/467 2036/1443/468 2035/1444/468 2033/1442/467
f 2036/1443/468 2038/1445/469 2037/1446/469 2035/1444/468
f 2038/1445/469 2040/1447/470 2039/1448/470 2037/1446/469
f 2040/1447/470 2042/1449/471 2041/1450/471 2039/1448/470
f 2042/1449/471 2044/623/472 2043/624/472 2041/1450/471
f 2044/623/472 2046/1451/473 2045/1452/473 2043/624/472
f 2046/1451/473 2048/1453/474 2047/1454/474 2045/1452/473
f 2048/1453/474 2050/1455/475 2049/1456/475 2047/1454/474
f 2050/1455/475 2052/1457/88 2051/1458/88 2049/1456/475
f 2052/1457/88 2054/1459/476 2053/1460/476 2051/1458/88
f 2054/1459/476 2056/1461/477 2055/1462/477 2053/1460/476
f 2056/1461/477 2058/645/478 2057/646/478 2055/1462/477
f 2058/645/478 2060/1463/479 2059/1464/479 2057/646/478
f 2060/1463/479 2062/1465/480 2061/1466/480 2059/1464/479
f 2062/1465/480 2064/1467/481 2063/1468/481 2061/1466/480
f 2064/1467/481 2066/1469/482 2065/1470/482 2063/1468/481
f 2066/1469/482 2068/1471/483 2067/1472/483 2065/1470/482
f 2068/1471/483 2070/1473/484 2069/1474/484 2067/1472/483
f 2070/1473/484 2072/667/485 2071/668/485 2069/1474/484
f 2072/667/485 2074/1475/486 2073/1476/486 2071/668/485
f 2074/1475/486 2076/1477/487 2075/1478/487 2073/1476/486
f 2076/1477/487 2078/1479/488 2077/1480/488 2075/1478/487
f 2078/1479/488 2080/1481/489 2079/1482/489 2077/1480/488
f 2080/1481/489 2082/1483/490 2081/1484/490 2079/1482/489
f 2082/1483/490 2084/1485/491 2083/1486/491 2081/1484/490
f 2084/1485/491 2086/689/492 2085/690/492 2083/1486/491
f 2086/689/492 2088/1487/493 2087/1488/493 2085/690/492
f 2088/1487/493 2090/1489/494 2089/1490/494 2087/1488/493
f 2090/1489/494 2092/1491/495 2091/1492/495 2089/1490/494
f 2092/1491/495 2094/1493/496 2093/1494/496 2091/1492/495
f 2094/1493/496 2096/1495/497 2095/1496/497 2093/1494/496
f 2096/1495/497 2098/1497/498 2097/1498/498 2095/1496/497
f 2098/1497/498 2100/711/499 2099/712/499 2097/1498/498
f 2100/711/499 2102/1499/500 2101/1500/500 2099/712/499
f 2102/1499/500 2104/1501/501 2103/1502/501 2101/1500/500
f 2104/1501/501 2106/1503/502 2105/1504/502 2103/1502/501
f 2106/1503/502 2108/1505/428 2107/1506/428 2105/1504/502
f 2108/1505/428 2110/1507/503 2109/1508/503 2107/1506/428
f 2110/1507/503 2112/1509/504 2111/1510/504 2109/1508/503
f 2112/1509/504 2016/576/458 2015/186/458 2111/1510/504
