# Blender 4.4.1
# www.blender.org
mtllib Title_Back.mtl
o テキスト.001
v 0.338695 1.407806 0.838175
v 0.510287 1.476538 0.821412
v 0.515721 1.478774 0.820872
v 0.520627 1.480910 0.820366
v 0.525200 1.483023 0.819874
v 0.529431 1.485103 0.819400
v 0.533308 1.487140 0.818944
v 0.536820 1.489119 0.818511
v 0.539957 1.491023 0.818101
v 0.542711 1.492831 0.817720
v 0.545074 1.494521 0.817372
v 0.547044 1.496063 0.817060
v 0.548625 1.497428 0.816789
v 0.568867 1.516867 0.813014
v 0.718478 1.492296 0.811803
v 0.712508 1.441792 0.820019
v 0.712186 1.438390 0.820569
v 0.711900 1.434590 0.821182
v 0.711663 1.430502 0.821838
v 0.711483 1.426222 0.822524
v 0.711362 1.421840 0.823223
v 0.711305 1.417441 0.823923
v 0.711313 1.413110 0.824609
v 0.711384 1.408935 0.825269
v 0.711517 1.405010 0.825887
v 0.711706 1.401441 0.826447
v 0.711923 1.398551 0.826898
v 0.714860 1.372006 0.831009
v 0.717055 1.342129 0.835673
v 0.718266 1.310912 0.840584
v 0.718448 1.278519 0.845716
v 0.717548 1.245123 0.851045
v 0.715513 1.210904 0.856543
v 0.712283 1.176042 0.862183
v 0.707797 1.140722 0.867939
v 0.701990 1.105126 0.873784
v 0.694796 1.069442 0.879691
v 0.686141 1.033856 0.885632
v 0.675988 0.998688 0.891557
v 0.664144 0.963086 0.897609
v 0.650663 0.927658 0.903690
v 0.635400 0.892386 0.909806
v 0.618222 0.857266 0.915964
v 0.599000 0.822293 0.922168
v 0.577612 0.787460 0.928425
v 0.553938 0.752757 0.934738
v 0.527865 0.718166 0.941116
v 0.499278 0.683665 0.947565
v 0.468062 0.649225 0.954094
v 0.434103 0.614811 0.960713
v 0.375638 0.560147 0.971382
v 0.173630 0.632880 0.966742
v 0.274989 0.716606 0.949999
v 0.306315 0.745058 0.944416
v 0.335073 0.773829 0.938869
v 0.361390 0.802888 0.933361
v 0.385389 0.832210 0.927890
v 0.407192 0.861772 0.922456
v 0.426921 0.891554 0.917058
v 0.444693 0.921539 0.911694
v 0.460620 0.951712 0.906364
v 0.474812 0.982058 0.901065
v 0.487375 1.012559 0.895798
v 0.498327 1.042967 0.890600
v 0.506307 1.069458 0.886125
v 0.513246 1.097059 0.881510
v 0.519120 1.125428 0.876809
v 0.523926 1.154259 0.872071
v 0.527670 1.183247 0.867345
v 0.530366 1.212087 0.862678
v 0.532031 1.240476 0.858117
v 0.532689 1.268105 0.853712
v 0.532370 1.294660 0.849510
v 0.531112 1.319814 0.845563
v 0.528964 1.343223 0.841923
v 0.534617 1.302640 0.848168
v 0.304287 1.210381 0.870669
v 0.303913 1.208899 0.870916
v 0.296350 1.182056 0.875433
v 0.287837 1.154774 0.880052
v 0.278342 1.127116 0.884763
v 0.267830 1.099147 0.889559
v 0.256267 1.070929 0.894430
v 0.243619 1.042529 0.899368
v 0.229852 1.014012 0.904361
v 0.214932 0.985444 0.909403
v 0.198823 0.956893 0.914482
v 0.181492 0.928427 0.919590
v 0.143738 0.870916 0.930002
v -0.044291 0.920572 0.928546
v 0.024385 1.016994 0.910905
v 0.047848 1.054460 0.904160
v 0.068399 1.091855 0.897526
v 0.086207 1.128908 0.891040
v 0.101436 1.165345 0.884740
v 0.114255 1.200885 0.878665
v 0.124828 1.235241 0.872854
v 0.133322 1.268120 0.867348
v 0.139907 1.299221 0.862189
v 0.144754 1.328238 0.857421
v 0.148036 1.354846 0.853087
v 0.150106 1.380867 0.848889
v 0.150778 1.386308 0.848003
v 0.151175 1.390737 0.847287
v 0.151506 1.396011 0.846439
v 0.151743 1.401906 0.845496
v 0.151867 1.408242 0.844486
v 0.151869 1.414856 0.843437
v 0.151741 1.421597 0.842372
v 0.151479 1.428314 0.841315
v 0.151084 1.434854 0.840292
v 0.150559 1.441053 0.839326
v 0.149920 1.446731 0.838447
v 0.141399 1.504933 0.829505
v 0.356677 1.520345 0.819709
v 0.343688 1.450050 0.831304
v 0.342476 1.442847 0.832487
v 0.341322 1.435384 0.833711
v 0.340233 1.427764 0.834957
v 0.339211 1.420089 0.836209
v 0.338258 1.412455 0.837453
v 0.337376 1.404956 0.838673
v 0.336565 1.397679 0.839855
v 0.335824 1.390714 0.840985
v 0.335152 1.384145 0.842050
v 0.334549 1.378053 0.843037
v 0.333929 1.371659 0.844072
v -0.512726 0.600146 0.995373
v -0.553063 0.652502 0.988445
v -0.562638 0.664183 0.986919
v -0.574314 0.677890 0.985144
v -0.587553 0.693018 0.983196
v -0.601877 0.709049 0.981142
v -0.616832 0.725502 0.979043
v -0.631977 0.741908 0.976957
v -0.646873 0.757802 0.974945
v -0.661074 0.772720 0.973063
v -0.674124 0.786181 0.971374
v -0.685529 0.797673 0.969940
v -0.733717 0.844602 0.964141
v -0.599843 0.959839 0.941289
v -0.557536 0.917459 0.946567
v -0.545941 0.905540 0.948062
v -0.532693 0.891697 0.949805
v -0.518180 0.876349 0.951744
v -0.502825 0.859948 0.953822
v -0.487068 0.842962 0.955978
v -0.471349 0.825859 0.958155
v -0.456108 0.809107 0.960292
v -0.441779 0.793165 0.962331
v -0.428779 0.778472 0.964218
v -0.417482 0.765412 0.965904
v -0.377970 0.718023 0.972072
v -0.187739 0.901651 0.936446
v -0.184456 0.872488 0.940960
v -0.181986 0.843145 0.945531
v -0.180398 0.813650 0.950155
v -0.179761 0.784028 0.954833
v -0.180147 0.754308 0.959561
v -0.181626 0.724518 0.964337
v -0.184271 0.694691 0.969159
v -0.188154 0.664859 0.974024
v -0.193347 0.635060 0.978928
v -0.199921 0.605333 0.983868
v -0.207882 0.575957 0.988800
v -0.219494 0.538845 0.995084
v -0.232997 0.502603 1.001294
v -0.248118 0.467649 1.007356
v -0.264705 0.434011 1.013258
v -0.282607 0.401717 1.018993
v -0.301677 0.370790 1.024550
v -0.321769 0.341253 1.029922
v -0.342739 0.313127 1.035099
v -0.364448 0.286433 1.040075
v -0.386757 0.261189 1.044842
v -0.409531 0.237417 1.049391
v -0.455799 0.192796 1.058049
v -0.647690 0.274709 1.051608
v -0.563087 0.344697 1.037616
v -0.541808 0.364132 1.033806
v -0.520967 0.385064 1.029774
v -0.500750 0.407356 1.025548
v -0.481335 0.430867 1.021155
v -0.462898 0.455459 1.016624
v -0.445606 0.480986 1.011984
v -0.429623 0.507305 1.007263
v -0.415106 0.534267 1.002490
v -0.402207 0.561725 0.997694
v -0.391068 0.589526 0.992904
v -0.381694 0.617915 0.988080
v -0.374910 0.642512 0.983946
v -0.369371 0.668097 0.979699
v -0.365049 0.694746 0.975323
v -0.361975 0.722289 0.970849
v -0.360174 0.750555 0.966304
v -0.359664 0.779376 0.961714
v -0.360458 0.808586 0.957108
v -0.362566 0.838018 0.952511
v -0.365993 0.867507 0.947950
v -0.370742 0.896890 0.943451
v -0.376812 0.926004 0.939040
v -0.399037 1.012330 0.926104
v -0.200137 1.028120 0.916807
v -0.196091 0.973088 0.925399
v -0.195703 0.968395 0.926130
v -0.195293 0.963875 0.926833
v -0.194865 0.959511 0.927511
v -0.194424 0.955284 0.928166
v -0.193976 0.951174 0.928803
v -0.193524 0.947160 0.929425
v -0.193075 0.943221 0.930034
v -0.192634 0.939335 0.930636
v -0.192207 0.935479 0.931233
v -0.191801 0.931630 0.931829
v -0.191547 0.929030 0.932233
v -0.692466 0.461837 1.023452
v -0.735357 0.513468 1.016726
v -0.746843 0.526598 1.015036
v -0.760452 0.541642 1.013114
v -0.775590 0.557970 1.011041
v -0.791713 0.575014 1.008887
v -0.808293 0.592235 1.006722
v -0.824809 0.609101 1.004610
v -0.840739 0.625077 1.002620
v -0.855544 0.639619 1.000819
v -0.868642 0.652145 0.999279
v -0.879325 0.661971 0.998085
v -0.929394 0.705008 0.992968
v -0.797934 0.828574 0.968877
v -0.753181 0.786505 0.974022
v -0.740597 0.774311 0.975527
v -0.726404 0.760296 0.977265
v -0.710951 0.744835 0.979190
v -0.694633 0.728342 0.981249
v -0.677858 0.711246 0.983388
v -0.661043 0.693981 0.985553
v -0.644606 0.676984 0.987688
v -0.628965 0.660692 0.989738
v -0.614533 0.645535 0.991650
v -0.601713 0.631931 0.993370
v -0.557111 0.583912 0.999464
v -1.585001 0.621097 1.028667
v -1.577784 0.563513 1.037556
v -1.577038 0.557593 1.038469
v -1.576264 0.551532 1.039404
v -1.575461 0.545383 1.040353
v -1.574629 0.539197 1.041305
v -1.573768 0.533031 1.042254
v -1.572879 0.526942 1.043190
v -1.571964 0.520993 1.044102
v -1.571027 0.515247 1.044982
v -1.570072 0.509774 1.045817
v -1.569108 0.504653 1.046597
v -1.567871 0.498633 1.047509
v -1.564801 0.480429 1.050292
v -1.561429 0.459761 1.053456
v -1.557757 0.436310 1.057051
v -1.553916 0.410512 1.061012
v -1.550033 0.382799 1.065276
v -1.546240 0.353597 1.069778
v -1.542666 0.323327 1.074458
v -1.539440 0.292407 1.079253
v -1.536695 0.261245 1.084103
v -1.534565 0.230237 1.088949
v -1.533187 0.199761 1.093736
v -1.532717 0.170613 1.098344
v -1.532778 0.144899 1.102425
v -1.533334 0.118643 1.106609
v -1.534378 0.091990 1.110873
v -1.535908 0.065054 1.115198
v -1.537920 0.037951 1.119567
v -1.540411 0.010796 1.123959
v -1.543381 -0.016295 1.128358
v -1.546828 -0.043206 1.132745
v -1.550753 -0.069823 1.137101
v -1.555158 -0.096033 1.141410
v -1.560046 -0.121725 1.145652
v -1.573780 -0.185724 1.156274
v -1.770259 -0.182560 1.162482
v -1.748702 -0.097452 1.148244
v -1.743213 -0.072960 1.144171
v -1.738266 -0.047947 1.140035
v -1.733860 -0.022587 1.135861
v -1.729991 0.002948 1.131678
v -1.726654 0.028489 1.127513
v -1.723841 0.053868 1.123391
v -1.721543 0.078915 1.119339
v -1.719752 0.103462 1.115384
v -1.718457 0.127337 1.111552
v -1.717645 0.150369 1.107871
v -1.717305 0.172308 1.104379
v -1.717535 0.199523 1.100070
v -1.718527 0.228305 1.095538
v -1.720266 0.258438 1.090817
v -1.722735 0.289576 1.085961
v -1.725911 0.321380 1.081025
v -1.729771 0.353515 1.076059
v -1.734289 0.385649 1.071116
v -1.739438 0.417449 1.066247
v -1.745185 0.448581 1.061505
v -1.751497 0.478703 1.056942
v -1.758331 0.507468 1.052612
v -1.779869 0.587214 1.040697
v -1.253050 0.606721 1.019612
v -1.297705 0.645649 1.014962
v -1.306861 0.653420 1.014042
v -1.316652 0.661536 1.013089
v -1.326938 0.669873 1.012117
v -1.337582 0.678317 1.011141
v -1.348447 0.686751 1.010174
v -1.359398 0.695062 1.009230
v -1.370298 0.703136 1.008321
v -1.381004 0.710857 1.007462
v -1.391367 0.718107 1.006666
v -1.401229 0.724762 1.005947
v -1.462881 0.764585 1.001735
v -1.349910 0.875123 0.980342
v -1.306262 0.847211 0.983279
v -1.295402 0.840014 0.984050
v -1.284072 0.832282 0.984890
v -1.272388 0.824101 0.985789
v -1.260477 0.815564 0.986736
v -1.248475 0.806767 0.987722
v -1.236516 0.797807 0.988735
v -1.224739 0.788779 0.989765
v -1.213276 0.779775 0.990802
v -1.202259 0.770881 0.991836
v -1.191808 0.762174 0.992860
v -1.142979 0.719921 0.997896
v -1.164796 0.686020 1.004019
v -1.210062 0.724823 0.999409
v -1.219651 0.732853 0.998463
v -1.229651 0.741036 0.997506
v -1.239968 0.749284 0.996550
v -1.250511 0.757511 0.995605
v -1.261187 0.765631 0.994681
v -1.271901 0.773556 0.993790
v -1.282557 0.781200 0.992941
v -1.293052 0.788475 0.992146
v -1.303279 0.795290 0.991414
v -1.313121 0.801553 0.990756
v -1.377829 0.840520 0.986785
v -1.263986 0.951909 0.965227
v -1.219965 0.924986 0.967994
v -1.208428 0.917596 0.968773
v -1.196525 0.909687 0.969621
v -1.184370 0.901364 0.970526
v -1.172094 0.892736 0.971476
v -1.159838 0.883918 0.972456
v -1.147748 0.875027 0.973454
v -1.135973 0.866179 0.974455
v -1.124657 0.857489 0.975447
v -1.113943 0.849067 0.976417
v -1.103962 0.841011 0.977354
v -1.054313 0.799644 0.982221
v -1.417181 0.743665 1.003493
v -1.367366 0.703240 1.008205
v -1.348086 0.687055 1.010114
v -1.327504 0.669313 1.012225
v -1.305856 0.650235 1.014513
v -1.283392 0.630052 1.016947
v -1.260370 0.609003 1.019500
v -1.237054 0.587329 1.022142
v -1.213709 0.565270 1.024844
v -1.190601 0.543071 1.027577
v -1.167997 0.520970 1.030311
v -1.146159 0.499207 1.033017
v -1.125612 0.478282 1.035635
v -1.105959 0.458362 1.038124
v -1.085057 0.436665 1.040852
v -1.063458 0.413792 1.043743
v -1.041420 0.390047 1.046757
v -1.019209 0.365737 1.049855
v -0.997092 0.341172 1.052996
v -0.975340 0.316665 1.056141
v -0.954221 0.292524 1.059250
v -0.934005 0.269060 1.062281
v -0.914958 0.246577 1.065198
v -0.897338 0.225370 1.067960
v -0.851118 0.168401 1.075419
v -1.000088 0.044012 1.100238
v -1.047768 0.107614 1.091777
v -1.064560 0.129247 1.088919
v -1.082416 0.151577 1.085986
v -1.101163 0.174422 1.083003
v -1.120631 0.197604 1.079990
v -1.140651 0.220949 1.076970
v -1.161054 0.244284 1.073965
v -1.181675 0.267440 1.070996
v -1.202346 0.290248 1.068084
v -1.222901 0.312539 1.065250
v -1.243172 0.334144 1.062515
v -1.263053 0.354959 1.059892
v -1.282463 0.375045 1.057368
v -1.302945 0.395860 1.054766
v -1.324299 0.417190 1.052111
v -1.346259 0.438751 1.049441
v -1.368560 0.460261 1.046790
v -1.390933 0.481436 1.044195
v -1.413108 0.501992 1.041692
v -1.434809 0.521641 1.039316
v -1.455754 0.540089 1.037104
v -1.475642 0.557036 1.035095
v -1.494150 0.572164 1.033327
v -1.559764 0.622958 1.027510
v 0.271278 1.094634 -1.136003
v 0.442870 1.163365 -1.152765
v 0.448304 1.165602 -1.153306
v 0.453210 1.167738 -1.153812
v 0.457783 1.169850 -1.154303
v 0.462014 1.171931 -1.154778
v 0.465891 1.173968 -1.155234
v 0.469403 1.175947 -1.155667
v 0.472540 1.177851 -1.156076
v 0.475293 1.179659 -1.156457
v 0.477657 1.181348 -1.156806
v 0.479627 1.182891 -1.157118
v 0.481208 1.184255 -1.157389
v 0.501450 1.203695 -1.161164
v 0.651061 1.179124 -1.162375
v 0.645091 1.128620 -1.154159
v 0.644769 1.125218 -1.153609
v 0.644483 1.121418 -1.152996
v 0.644246 1.117330 -1.152339
v 0.644065 1.113050 -1.151654
v 0.643945 1.108667 -1.150955
v 0.643888 1.104269 -1.150255
v 0.643896 1.099938 -1.149569
v 0.643967 1.095763 -1.148909
v 0.644100 1.091838 -1.148291
v 0.644289 1.088269 -1.147731
v 0.644506 1.085378 -1.147280
v 0.647443 1.058834 -1.143169
v 0.649638 1.028957 -1.138505
v 0.650849 0.997740 -1.133594
v 0.651031 0.965346 -1.128461
v 0.650131 0.931951 -1.123133
v 0.648095 0.897732 -1.117635
v 0.644865 0.862870 -1.111995
v 0.640380 0.827549 -1.106238
v 0.634573 0.791954 -1.100394
v 0.627379 0.756270 -1.094487
v 0.618724 0.720684 -1.088546
v 0.608571 0.685516 -1.082621
v 0.596727 0.649914 -1.076569
v 0.583245 0.614486 -1.070488
v 0.567983 0.579214 -1.064372
v 0.550805 0.544094 -1.058214
v 0.531583 0.509121 -1.052009
v 0.510195 0.474288 -1.045753
v 0.486521 0.439584 -1.039440
v 0.460448 0.404994 -1.033062
v 0.431861 0.370493 -1.026613
v 0.400645 0.336053 -1.020083
v 0.366686 0.301639 -1.013464
v 0.308221 0.246974 -1.002796
v 0.106213 0.319708 -1.007436
v 0.207572 0.403434 -1.024179
v 0.238898 0.431886 -1.029762
v 0.267656 0.460657 -1.035308
v 0.293973 0.489716 -1.040817
v 0.317972 0.519038 -1.046288
v 0.339775 0.548600 -1.051722
v 0.359504 0.578382 -1.057120
v 0.377276 0.608367 -1.062484
v 0.393203 0.638540 -1.067814
v 0.407395 0.668885 -1.073112
v 0.419958 0.699387 -1.078380
v 0.430910 0.729795 -1.083578
v 0.438890 0.756285 -1.088053
v 0.445829 0.783887 -1.092668
v 0.451703 0.812256 -1.097369
v 0.456509 0.841087 -1.102107
v 0.460253 0.870075 -1.106833
v 0.462949 0.898915 -1.111500
v 0.464614 0.927304 -1.116061
v 0.465272 0.954933 -1.120466
v 0.464953 0.981488 -1.124668
v 0.463695 1.006642 -1.128615
v 0.461547 1.030051 -1.132255
v 0.467200 0.989468 -1.126010
v 0.236870 0.897209 -1.103509
v 0.236496 0.895727 -1.103261
v 0.228933 0.868884 -1.098745
v 0.220420 0.841602 -1.094126
v 0.210925 0.813944 -1.089414
v 0.200413 0.785975 -1.084619
v 0.188850 0.757757 -1.079747
v 0.176202 0.729357 -1.074810
v 0.162435 0.700840 -1.069816
v 0.147515 0.672272 -1.064775
v 0.131406 0.643721 -1.059696
v 0.114075 0.615255 -1.054588
v 0.076321 0.557744 -1.044176
v -0.111708 0.607400 -1.045632
v -0.043032 0.703822 -1.063273
v -0.019569 0.741288 -1.070018
v 0.000982 0.778683 -1.076651
v 0.018790 0.815736 -1.083137
v 0.034019 0.852173 -1.089438
v 0.046838 0.887713 -1.095513
v 0.057411 0.922069 -1.101324
v 0.065905 0.954947 -1.106830
v 0.072490 0.986049 -1.111989
v 0.077337 1.015066 -1.116757
v 0.080619 1.041674 -1.121090
v 0.082689 1.067695 -1.125289
v 0.083361 1.073136 -1.126175
v 0.083758 1.077565 -1.126891
v 0.084089 1.082839 -1.127739
v 0.084326 1.088734 -1.128682
v 0.084450 1.095070 -1.129692
v 0.084452 1.101684 -1.130741
v 0.084324 1.108424 -1.131806
v 0.084062 1.115142 -1.132862
v 0.083667 1.121682 -1.133886
v 0.083142 1.127881 -1.134852
v 0.082503 1.133559 -1.135731
v 0.073982 1.191761 -1.144673
v 0.289260 1.207173 -1.154469
v 0.276271 1.136878 -1.142874
v 0.275059 1.129675 -1.141690
v 0.273905 1.122211 -1.140467
v 0.272816 1.114592 -1.139221
v 0.271794 1.106917 -1.137969
v 0.270841 1.099283 -1.136725
v 0.269959 1.091783 -1.135505
v 0.269148 1.084507 -1.134323
v 0.268407 1.077542 -1.133193
v 0.267735 1.070973 -1.132128
v 0.267132 1.064881 -1.131141
v 0.266512 1.058487 -1.130105
v -0.580143 0.286974 -0.978804
v -0.620480 0.339330 -0.985732
v -0.630055 0.351011 -0.987258
v -0.641731 0.364718 -0.989034
v -0.654970 0.379846 -0.990982
v -0.669294 0.395877 -0.993036
v -0.684249 0.412330 -0.995135
v -0.699395 0.428736 -0.997220
v -0.714290 0.444630 -0.999233
v -0.728491 0.459547 -1.001114
v -0.741541 0.473008 -1.002804
v -0.752946 0.484501 -1.004238
v -0.801134 0.531429 -1.010037
v -0.667260 0.646667 -1.032889
v -0.624953 0.604287 -1.027611
v -0.613358 0.592368 -1.026116
v -0.600110 0.578525 -1.024373
v -0.585597 0.563177 -1.022433
v -0.570243 0.546776 -1.020356
v -0.554485 0.529790 -1.018200
v -0.538766 0.512687 -1.016023
v -0.523525 0.495934 -1.013886
v -0.509196 0.479992 -1.011847
v -0.496196 0.465300 -1.009960
v -0.484899 0.452240 -1.008274
v -0.445387 0.404850 -1.002105
v -0.255156 0.588478 -1.037732
v -0.251873 0.559315 -1.033217
v -0.249403 0.529973 -1.028647
v -0.247815 0.500478 -1.024022
v -0.247178 0.470856 -1.019345
v -0.247564 0.441136 -1.014617
v -0.249043 0.411346 -1.009841
v -0.251688 0.381519 -1.005019
v -0.255571 0.351687 -1.000154
v -0.260764 0.321888 -0.995250
v -0.267338 0.292161 -0.990309
v -0.275299 0.262785 -0.985378
v -0.286911 0.225673 -0.979094
v -0.300414 0.189431 -0.972883
v -0.315535 0.154476 -0.966822
v -0.332122 0.120839 -0.960920
v -0.350024 0.088545 -0.955185
v -0.369094 0.057618 -0.949628
v -0.389186 0.028081 -0.944256
v -0.410156 -0.000045 -0.939078
v -0.431865 -0.026739 -0.934102
v -0.454174 -0.051983 -0.929336
v -0.476948 -0.075755 -0.924787
v -0.523216 -0.120376 -0.916129
v -0.715107 -0.038463 -0.922570
v -0.630504 0.031525 -0.936562
v -0.609225 0.050960 -0.940371
v -0.588384 0.071892 -0.944404
v -0.568167 0.094183 -0.948630
v -0.548752 0.117695 -0.953023
v -0.530315 0.142287 -0.957554
v -0.513023 0.167814 -0.962194
v -0.497040 0.194133 -0.966915
v -0.482523 0.221095 -0.971687
v -0.469624 0.248552 -0.976484
v -0.458485 0.276354 -0.981274
v -0.449111 0.304743 -0.986098
v -0.442328 0.329340 -0.990231
v -0.436788 0.354925 -0.994479
v -0.432466 0.381574 -0.998854
v -0.429393 0.409117 -1.003328
v -0.427591 0.437383 -1.007874
v -0.427081 0.466204 -1.012463
v -0.427875 0.495414 -1.017070
v -0.429983 0.524846 -1.021667
v -0.433410 0.554335 -1.026228
v -0.438159 0.583718 -1.030727
v -0.444229 0.612832 -1.035138
v -0.466454 0.699158 -1.048073
v -0.267554 0.714948 -1.057370
v -0.263508 0.659916 -1.048779
v -0.263120 0.655223 -1.048047
v -0.262710 0.650703 -1.047344
v -0.262282 0.646339 -1.046667
v -0.261841 0.642112 -1.046011
v -0.261393 0.638002 -1.045375
v -0.260941 0.633988 -1.044753
v -0.260492 0.630049 -1.044144
v -0.260051 0.626163 -1.043542
v -0.259624 0.622307 -1.042945
v -0.259218 0.618458 -1.042349
v -0.258965 0.615858 -1.041945
v -0.759883 0.148665 -0.950726
v -0.802774 0.200296 -0.957452
v -0.814260 0.213426 -0.959142
v -0.827869 0.228470 -0.961064
v -0.843007 0.244797 -0.963137
v -0.859130 0.261842 -0.965290
v -0.875710 0.279063 -0.967456
v -0.892226 0.295929 -0.969568
v -0.908157 0.311905 -0.971558
v -0.922961 0.326447 -0.973359
v -0.936059 0.338973 -0.974899
v -0.946742 0.348799 -0.976093
v -0.996811 0.391836 -0.981210
v -0.865351 0.515402 -1.005301
v -0.820598 0.473332 -1.000156
v -0.808014 0.461139 -0.998651
v -0.793821 0.447124 -0.996913
v -0.778368 0.431663 -0.994988
v -0.762050 0.415170 -0.992929
v -0.745275 0.398074 -0.990789
v -0.728460 0.380809 -0.988625
v -0.712023 0.363812 -0.986490
v -0.696382 0.347520 -0.984440
v -0.681951 0.332363 -0.982528
v -0.669130 0.318759 -0.980808
v -0.624528 0.270740 -0.974713
v -1.652418 0.307925 -0.945510
v -1.645201 0.250340 -0.936622
v -1.644455 0.244421 -0.935708
v -1.643681 0.238360 -0.934773
v -1.642878 0.232211 -0.933825
v -1.642046 0.226025 -0.932872
v -1.641185 0.219859 -0.931924
v -1.640296 0.213770 -0.930988
v -1.639381 0.207820 -0.930076
v -1.638444 0.202074 -0.929196
v -1.637489 0.196602 -0.928361
v -1.636525 0.191481 -0.927581
v -1.635288 0.185461 -0.926668
v -1.632219 0.167257 -0.923885
v -1.628846 0.146588 -0.920722
v -1.625175 0.123138 -0.917127
v -1.621333 0.097340 -0.913166
v -1.617450 0.069627 -0.908902
v -1.613657 0.040425 -0.904399
v -1.610083 0.010155 -0.899720
v -1.606857 -0.020765 -0.894925
v -1.604112 -0.051927 -0.890075
v -1.601982 -0.082935 -0.885229
v -1.600604 -0.113412 -0.880441
v -1.600134 -0.142559 -0.875834
v -1.600195 -0.168273 -0.871753
v -1.600751 -0.194529 -0.867568
v -1.601795 -0.221182 -0.863305
v -1.603325 -0.248118 -0.858979
v -1.605337 -0.275221 -0.854611
v -1.607828 -0.302376 -0.850218
v -1.610798 -0.329467 -0.845820
v -1.614245 -0.356378 -0.841433
v -1.618170 -0.382995 -0.837076
v -1.622575 -0.409205 -0.832768
v -1.627463 -0.434897 -0.828526
v -1.641197 -0.498896 -0.817904
v -1.837676 -0.495733 -0.811696
v -1.816119 -0.410624 -0.825934
v -1.810630 -0.386132 -0.830006
v -1.805683 -0.361119 -0.834143
v -1.801277 -0.335760 -0.838317
v -1.797408 -0.310224 -0.842499
v -1.794071 -0.284683 -0.846665
v -1.791258 -0.259304 -0.850787
v -1.788960 -0.234257 -0.854839
v -1.787169 -0.209710 -0.858794
v -1.785874 -0.185835 -0.862626
v -1.785062 -0.162803 -0.866307
v -1.784722 -0.140864 -0.869799
v -1.784953 -0.113649 -0.874108
v -1.785944 -0.084867 -0.878640
v -1.787683 -0.054734 -0.883361
v -1.790152 -0.023596 -0.888216
v -1.793328 0.008208 -0.893153
v -1.797188 0.040343 -0.898119
v -1.801706 0.072477 -0.903062
v -1.806855 0.104277 -0.907931
v -1.812603 0.135409 -0.912673
v -1.818914 0.165531 -0.917236
v -1.825748 0.194295 -0.921566
v -1.847286 0.274042 -0.933481
v -1.320467 0.293548 -0.954566
v -1.365122 0.332477 -0.959216
v -1.374278 0.340248 -0.960136
v -1.384069 0.348363 -0.961089
v -1.394355 0.356701 -0.962061
v -1.404999 0.365144 -0.963037
v -1.415864 0.373579 -0.964004
v -1.426815 0.381890 -0.964948
v -1.437715 0.389964 -0.965857
v -1.448421 0.397685 -0.966716
v -1.458785 0.404935 -0.967512
v -1.468646 0.411590 -0.968231
v -1.530298 0.451413 -0.972443
v -1.417327 0.561951 -0.993836
v -1.373679 0.534039 -0.990899
v -1.362819 0.526842 -0.990128
v -1.351489 0.519109 -0.989288
v -1.339805 0.510928 -0.988389
v -1.327894 0.502392 -0.987442
v -1.315892 0.493595 -0.986456
v -1.303933 0.484635 -0.985443
v -1.292156 0.475607 -0.984413
v -1.280693 0.466603 -0.983376
v -1.269676 0.457709 -0.982342
v -1.259225 0.449002 -0.981317
v -1.210396 0.406749 -0.976282
v -1.232213 0.372848 -0.970159
v -1.277479 0.411651 -0.974769
v -1.287068 0.419681 -0.975715
v -1.297068 0.427864 -0.976672
v -1.307385 0.436112 -0.977628
v -1.317928 0.444339 -0.978573
v -1.328604 0.452458 -0.979496
v -1.339318 0.460384 -0.980388
v -1.349974 0.468028 -0.981237
v -1.360469 0.475303 -0.982032
v -1.370696 0.482118 -0.982764
v -1.380538 0.488381 -0.983422
v -1.445246 0.527348 -0.987393
v -1.331403 0.638737 -1.008951
v -1.287382 0.611814 -1.006183
v -1.275845 0.604424 -1.005405
v -1.263942 0.596515 -1.004557
v -1.251786 0.588192 -1.003652
v -1.239511 0.579563 -1.002702
v -1.227255 0.570746 -1.001722
v -1.215165 0.561854 -1.000724
v -1.203390 0.553007 -0.999723
v -1.192074 0.544317 -0.998731
v -1.181360 0.535895 -0.997761
v -1.171380 0.527839 -0.996824
v -1.121730 0.486472 -0.991957
v -1.484598 0.430492 -0.970685
v -1.434783 0.390068 -0.965973
v -1.415503 0.373883 -0.964064
v -1.394921 0.356141 -0.961952
v -1.373273 0.337063 -0.959665
v -1.350809 0.316880 -0.957231
v -1.327787 0.295831 -0.954678
v -1.304471 0.274157 -0.952036
v -1.281126 0.252098 -0.949334
v -1.258018 0.229899 -0.946601
v -1.235414 0.207798 -0.943867
v -1.213577 0.186035 -0.941161
v -1.193029 0.165110 -0.938543
v -1.173376 0.145190 -0.936054
v -1.152474 0.123493 -0.933326
v -1.130875 0.100620 -0.930435
v -1.108837 0.076875 -0.927421
v -1.086626 0.052565 -0.924323
v -1.064509 0.028000 -0.921181
v -1.042757 0.003492 -0.918037
v -1.021638 -0.020648 -0.914928
v -1.001423 -0.044112 -0.911896
v -0.982375 -0.066595 -0.908980
v -0.964755 -0.087802 -0.906218
v -0.918535 -0.144771 -0.898759
v -1.067505 -0.269160 -0.873939
v -1.115185 -0.205558 -0.882401
v -1.131977 -0.183925 -0.885259
v -1.149833 -0.161595 -0.888191
v -1.168580 -0.138750 -0.891175
v -1.188048 -0.115568 -0.894188
v -1.208068 -0.092223 -0.897207
v -1.228472 -0.068888 -0.900212
v -1.249092 -0.045732 -0.903182
v -1.269763 -0.022924 -0.906094
v -1.290318 -0.000633 -0.908928
v -1.310589 0.020972 -0.911663
v -1.330470 0.041787 -0.914286
v -1.349880 0.061872 -0.916810
v -1.370362 0.082688 -0.919412
v -1.391716 0.104018 -0.922067
v -1.413677 0.125579 -0.924737
v -1.435977 0.147089 -0.927388
v -1.458350 0.168264 -0.929983
v -1.480525 0.188820 -0.932486
v -1.502226 0.208468 -0.934862
v -1.523171 0.226917 -0.937073
v -1.543059 0.243864 -0.939083
v -1.561567 0.258992 -0.940850
v -1.627181 0.309786 -0.946667
v -1.320467 0.293548 -0.954566
v -1.253050 0.606721 1.019612
v -1.365122 0.332477 -0.959216
v -1.297705 0.645649 1.014962
v -1.374278 0.340248 -0.960136
v -1.306861 0.653420 1.014042
v -1.384069 0.348363 -0.961089
v -1.316652 0.661536 1.013089
v -1.394355 0.356701 -0.962061
v -1.326938 0.669873 1.012117
v -1.404999 0.365144 -0.963037
v -1.337582 0.678317 1.011141
v -1.415864 0.373579 -0.964004
v -1.348447 0.686751 1.010174
v -1.426815 0.381890 -0.964948
v -1.359398 0.695062 1.009230
v -1.437715 0.389964 -0.965857
v -1.370298 0.703136 1.008321
v -1.448421 0.397685 -0.966716
v -1.381004 0.710857 1.007462
v -1.458785 0.404935 -0.967512
v -1.391367 0.718107 1.006666
v -1.468646 0.411590 -0.968231
v -1.401229 0.724762 1.005947
v -1.530298 0.451413 -0.972443
v -1.462881 0.764585 1.001735
v -1.417327 0.561951 -0.993836
v -1.349910 0.875123 0.980342
v -1.373679 0.534039 -0.990899
v -1.306262 0.847211 0.983279
v -1.362819 0.526842 -0.990128
v -1.295402 0.840014 0.984050
v -1.351489 0.519109 -0.989288
v -1.284072 0.832282 0.984890
v -1.339805 0.510928 -0.988389
v -1.272388 0.824101 0.985789
v -1.327894 0.502392 -0.987442
v -1.260477 0.815564 0.986736
v -1.315892 0.493595 -0.986456
v -1.248475 0.806767 0.987722
v -1.303933 0.484635 -0.985443
v -1.236516 0.797807 0.988735
v -1.292156 0.475607 -0.984413
v -1.224739 0.788779 0.989765
v -1.280693 0.466603 -0.983376
v -1.213276 0.779775 0.990802
v -1.269676 0.457709 -0.982342
v -1.202259 0.770881 0.991836
v -1.259225 0.449002 -0.981317
v -1.191808 0.762174 0.992860
v -1.210396 0.406749 -0.976282
v -1.142979 0.719921 0.997896
v -1.232213 0.372848 -0.970159
v -1.164796 0.686020 1.004019
v -1.277479 0.411651 -0.974769
v -1.210062 0.724823 0.999409
v -1.287068 0.419681 -0.975715
v -1.219651 0.732853 0.998463
v -1.297068 0.427864 -0.976672
v -1.229651 0.741036 0.997506
v -1.307385 0.436112 -0.977628
v -1.239968 0.749284 0.996550
v -1.317928 0.444339 -0.978573
v -1.250511 0.757511 0.995605
v -1.328604 0.452458 -0.979496
v -1.261187 0.765631 0.994681
v -1.339318 0.460384 -0.980388
v -1.271901 0.773556 0.993790
v -1.349974 0.468028 -0.981237
v -1.282557 0.781200 0.992941
v -1.360469 0.475303 -0.982032
v -1.293052 0.788475 0.992146
v -1.370696 0.482118 -0.982764
v -1.303279 0.795290 0.991414
v -1.380538 0.488381 -0.983422
v -1.313121 0.801553 0.990756
v -1.445246 0.527348 -0.987393
v -1.377829 0.840520 0.986785
v -1.331403 0.638737 -1.008951
v -1.263986 0.951909 0.965227
v -1.287382 0.611814 -1.006183
v -1.219965 0.924986 0.967994
v -1.275845 0.604424 -1.005405
v -1.208428 0.917596 0.968773
v -1.263942 0.596515 -1.004557
v -1.196525 0.909687 0.969621
v -1.251786 0.588192 -1.003652
v -1.184370 0.901364 0.970526
v -1.239511 0.579563 -1.002702
v -1.172094 0.892736 0.971476
v -1.227255 0.570746 -1.001722
v -1.159838 0.883918 0.972456
v -1.215165 0.561854 -1.000724
v -1.147748 0.875027 0.973454
v -1.203390 0.553007 -0.999723
v -1.135973 0.866179 0.974455
v -1.192074 0.544317 -0.998731
v -1.124657 0.857489 0.975447
v -1.181360 0.535895 -0.997761
v -1.113943 0.849067 0.976417
v -1.171380 0.527839 -0.996824
v -1.103962 0.841011 0.977354
v -1.121730 0.486472 -0.991957
v -1.054313 0.799644 0.982221
v -1.652418 0.307925 -0.945510
v -1.585001 0.621097 1.028667
v -1.645201 0.250340 -0.936622
v -1.577784 0.563513 1.037556
v -1.644455 0.244421 -0.935708
v -1.577038 0.557593 1.038469
v -1.643681 0.238360 -0.934773
v -1.576264 0.551532 1.039404
v -1.642878 0.232211 -0.933825
v -1.575461 0.545383 1.040353
v -1.642046 0.226025 -0.932872
v -1.574629 0.539197 1.041305
v -1.641185 0.219859 -0.931924
v -1.573768 0.533031 1.042254
v -1.640296 0.213770 -0.930988
v -1.572879 0.526942 1.043190
v -1.639381 0.207820 -0.930076
v -1.571964 0.520993 1.044102
v -1.638444 0.202074 -0.929196
v -1.571027 0.515247 1.044982
v -1.637489 0.196602 -0.928361
v -1.570072 0.509774 1.045817
v -1.636525 0.191481 -0.927581
v -1.569108 0.504653 1.046597
v -1.635288 0.185461 -0.926668
v -1.567871 0.498633 1.047509
v -1.632219 0.167257 -0.923885
v -1.564801 0.480429 1.050292
v -1.628846 0.146588 -0.920722
v -1.561429 0.459761 1.053456
v -1.625175 0.123138 -0.917127
v -1.557757 0.436310 1.057051
v -1.621333 0.097340 -0.913166
v -1.553916 0.410512 1.061012
v -1.617450 0.069627 -0.908902
v -1.550033 0.382799 1.065276
v -1.613657 0.040425 -0.904399
v -1.546240 0.353597 1.069778
v -1.610083 0.010155 -0.899720
v -1.542666 0.323327 1.074458
v -1.606857 -0.020765 -0.894925
v -1.539440 0.292407 1.079253
v -1.604112 -0.051927 -0.890075
v -1.536695 0.261245 1.084103
v -1.601982 -0.082935 -0.885229
v -1.534565 0.230237 1.088949
v -1.600604 -0.113412 -0.880441
v -1.533187 0.199761 1.093736
v -1.600134 -0.142559 -0.875834
v -1.532717 0.170613 1.098344
v -1.600195 -0.168273 -0.871753
v -1.532778 0.144899 1.102425
v -1.600751 -0.194529 -0.867568
v -1.533334 0.118643 1.106609
v -1.601795 -0.221182 -0.863305
v -1.534378 0.091990 1.110873
v -1.603325 -0.248118 -0.858979
v -1.535908 0.065054 1.115198
v -1.605337 -0.275221 -0.854611
v -1.537920 0.037951 1.119567
v -1.607828 -0.302376 -0.850218
v -1.540411 0.010796 1.123959
v -1.610798 -0.329467 -0.845820
v -1.543381 -0.016295 1.128358
v -1.614245 -0.356378 -0.841433
v -1.546828 -0.043206 1.132745
v -1.618170 -0.382995 -0.837076
v -1.550753 -0.069823 1.137101
v -1.622575 -0.409205 -0.832768
v -1.555158 -0.096033 1.141410
v -1.627463 -0.434897 -0.828526
v -1.560046 -0.121725 1.145652
v -1.641197 -0.498896 -0.817904
v -1.573780 -0.185724 1.156274
v -1.837676 -0.495733 -0.811696
v -1.770259 -0.182560 1.162482
v -1.816119 -0.410624 -0.825934
v -1.748702 -0.097452 1.148244
v -1.810630 -0.386132 -0.830006
v -1.743213 -0.072960 1.144171
v -1.805683 -0.361119 -0.834143
v -1.738266 -0.047947 1.140035
v -1.801277 -0.335760 -0.838317
v -1.733860 -0.022587 1.135861
v -1.797408 -0.310224 -0.842499
v -1.729991 0.002948 1.131678
v -1.794071 -0.284683 -0.846665
v -1.726654 0.028489 1.127513
v -1.791258 -0.259304 -0.850787
v -1.723841 0.053868 1.123391
v -1.788960 -0.234257 -0.854839
v -1.721543 0.078915 1.119339
v -1.787169 -0.209710 -0.858794
v -1.719752 0.103462 1.115384
v -1.785874 -0.185835 -0.862626
v -1.718457 0.127337 1.111552
v -1.785062 -0.162803 -0.866307
v -1.717645 0.150369 1.107871
v -1.784722 -0.140864 -0.869799
v -1.717305 0.172308 1.104379
v -1.784953 -0.113649 -0.874108
v -1.717535 0.199523 1.100070
v -1.785944 -0.084867 -0.878640
v -1.718527 0.228305 1.095538
v -1.787683 -0.054734 -0.883361
v -1.720266 0.258438 1.090817
v -1.790152 -0.023596 -0.888216
v -1.722735 0.289576 1.085961
v -1.793328 0.008208 -0.893153
v -1.725911 0.321380 1.081025
v -1.797188 0.040343 -0.898119
v -1.729771 0.353515 1.076059
v -1.801706 0.072477 -0.903062
v -1.734289 0.385649 1.071116
v -1.806855 0.104277 -0.907931
v -1.739438 0.417449 1.066247
v -1.812603 0.135409 -0.912673
v -1.745185 0.448581 1.061505
v -1.818914 0.165531 -0.917236
v -1.751497 0.478703 1.056942
v -1.825748 0.194295 -0.921566
v -1.758331 0.507468 1.052612
v -1.847286 0.274042 -0.933481
v -1.779869 0.587214 1.040697
v -1.484598 0.430492 -0.970685
v -1.417181 0.743665 1.003493
v -1.434783 0.390068 -0.965973
v -1.367366 0.703240 1.008205
v -1.415503 0.373883 -0.964064
v -1.348086 0.687055 1.010114
v -1.394921 0.356141 -0.961952
v -1.327504 0.669313 1.012225
v -1.373273 0.337063 -0.959665
v -1.305856 0.650235 1.014513
v -1.350809 0.316880 -0.957231
v -1.283392 0.630052 1.016947
v -1.327787 0.295831 -0.954678
v -1.260370 0.609003 1.019500
v -1.304471 0.274157 -0.952036
v -1.237054 0.587329 1.022142
v -1.281126 0.252098 -0.949334
v -1.213709 0.565270 1.024844
v -1.258018 0.229899 -0.946601
v -1.190601 0.543071 1.027577
v -1.235414 0.207798 -0.943867
v -1.167997 0.520970 1.030311
v -1.213577 0.186035 -0.941161
v -1.146159 0.499207 1.033017
v -1.193029 0.165110 -0.938543
v -1.125612 0.478282 1.035635
v -1.173376 0.145190 -0.936054
v -1.105959 0.458362 1.038124
v -1.152474 0.123493 -0.933326
v -1.085057 0.436665 1.040852
v -1.130875 0.100620 -0.930435
v -1.063458 0.413792 1.043743
v -1.108837 0.076875 -0.927421
v -1.041420 0.390047 1.046757
v -1.086626 0.052565 -0.924323
v -1.019209 0.365737 1.049855
v -1.064509 0.028000 -0.921181
v -0.997092 0.341172 1.052996
v -1.042757 0.003492 -0.918037
v -0.975340 0.316665 1.056141
v -1.021638 -0.020648 -0.914928
v -0.954221 0.292524 1.059250
v -1.001423 -0.044112 -0.911896
v -0.934005 0.269060 1.062281
v -0.982375 -0.066595 -0.908980
v -0.914958 0.246577 1.065198
v -0.964755 -0.087802 -0.906218
v -0.897338 0.225370 1.067960
v -0.918535 -0.144771 -0.898759
v -0.851118 0.168401 1.075419
v -1.067505 -0.269160 -0.873939
v -1.000088 0.044012 1.100238
v -1.115185 -0.205558 -0.882401
v -1.047768 0.107614 1.091777
v -1.131977 -0.183925 -0.885259
v -1.064560 0.129247 1.088919
v -1.149833 -0.161595 -0.888191
v -1.082416 0.151577 1.085986
v -1.168580 -0.138750 -0.891175
v -1.101163 0.174422 1.083003
v -1.188048 -0.115568 -0.894188
v -1.120631 0.197604 1.079990
v -1.208068 -0.092223 -0.897207
v -1.140651 0.220949 1.076970
v -1.228472 -0.068888 -0.900212
v -1.161054 0.244284 1.073965
v -1.249092 -0.045732 -0.903182
v -1.181675 0.267440 1.070996
v -1.269763 -0.022924 -0.906094
v -1.202346 0.290248 1.068084
v -1.290318 -0.000633 -0.908928
v -1.222901 0.312539 1.065250
v -1.310589 0.020972 -0.911663
v -1.243172 0.334144 1.062515
v -1.330470 0.041787 -0.914286
v -1.263053 0.354959 1.059892
v -1.349880 0.061872 -0.916810
v -1.282463 0.375045 1.057368
v -1.370362 0.082688 -0.919412
v -1.302945 0.395860 1.054766
v -1.391716 0.104018 -0.922067
v -1.324299 0.417190 1.052111
v -1.413677 0.125579 -0.924737
v -1.346259 0.438751 1.049441
v -1.435977 0.147089 -0.927388
v -1.368560 0.460261 1.046790
v -1.458350 0.168264 -0.929983
v -1.390933 0.481436 1.044195
v -1.480525 0.188820 -0.932486
v -1.413108 0.501992 1.041692
v -1.502226 0.208468 -0.934862
v -1.434809 0.521641 1.039316
v -1.523171 0.226917 -0.937073
v -1.455754 0.540089 1.037104
v -1.543059 0.243864 -0.939083
v -1.475642 0.557036 1.035095
v -1.561567 0.258992 -0.940850
v -1.494150 0.572164 1.033327
v -1.627181 0.309786 -0.946667
v -1.559764 0.622958 1.027510
v -0.580143 0.286974 -0.978804
v -0.512726 0.600146 0.995373
v -0.620480 0.339330 -0.985732
v -0.553063 0.652502 0.988445
v -0.630055 0.351011 -0.987258
v -0.562638 0.664183 0.986919
v -0.641731 0.364718 -0.989034
v -0.574314 0.677890 0.985144
v -0.654970 0.379846 -0.990982
v -0.587553 0.693018 0.983196
v -0.669294 0.395877 -0.993036
v -0.601877 0.709049 0.981142
v -0.684249 0.412330 -0.995135
v -0.616832 0.725502 0.979043
v -0.699395 0.428736 -0.997220
v -0.631977 0.741908 0.976957
v -0.714290 0.444630 -0.999233
v -0.646873 0.757802 0.974945
v -0.728491 0.459547 -1.001114
v -0.661074 0.772720 0.973063
v -0.741541 0.473008 -1.002804
v -0.674124 0.786181 0.971374
v -0.752946 0.484501 -1.004238
v -0.685529 0.797673 0.969940
v -0.801134 0.531429 -1.010037
v -0.733717 0.844602 0.964141
v -0.667260 0.646667 -1.032889
v -0.599843 0.959839 0.941289
v -0.624953 0.604287 -1.027611
v -0.557536 0.917459 0.946567
v -0.613358 0.592368 -1.026116
v -0.545941 0.905540 0.948062
v -0.600110 0.578525 -1.024373
v -0.532693 0.891697 0.949805
v -0.585597 0.563177 -1.022433
v -0.518180 0.876349 0.951744
v -0.570243 0.546776 -1.020356
v -0.502825 0.859948 0.953822
v -0.554485 0.529790 -1.018200
v -0.487068 0.842962 0.955978
v -0.538766 0.512687 -1.016023
v -0.471349 0.825859 0.958155
v -0.523525 0.495934 -1.013886
v -0.456108 0.809107 0.960292
v -0.509196 0.479992 -1.011847
v -0.441779 0.793165 0.962331
v -0.496196 0.465300 -1.009960
v -0.428779 0.778472 0.964218
v -0.484899 0.452240 -1.008274
v -0.417482 0.765412 0.965904
v -0.445387 0.404850 -1.002105
v -0.377970 0.718023 0.972072
v -0.255156 0.588478 -1.037732
v -0.187739 0.901651 0.936446
v -0.251873 0.559315 -1.033217
v -0.184456 0.872488 0.940960
v -0.249403 0.529973 -1.028647
v -0.181986 0.843145 0.945531
v -0.247815 0.500478 -1.024022
v -0.180398 0.813650 0.950155
v -0.247178 0.470856 -1.019345
v -0.179761 0.784028 0.954833
v -0.247564 0.441136 -1.014617
v -0.180147 0.754308 0.959561
v -0.249043 0.411346 -1.009841
v -0.181626 0.724518 0.964337
v -0.251688 0.381519 -1.005019
v -0.184271 0.694691 0.969159
v -0.255571 0.351687 -1.000154
v -0.188154 0.664859 0.974024
v -0.260764 0.321888 -0.995250
v -0.193347 0.635060 0.978928
v -0.267338 0.292161 -0.990309
v -0.199921 0.605333 0.983868
v -0.275299 0.262785 -0.985378
v -0.207882 0.575957 0.988800
v -0.286911 0.225673 -0.979094
v -0.219494 0.538845 0.995084
v -0.300414 0.189431 -0.972883
v -0.232997 0.502603 1.001294
v -0.315535 0.154476 -0.966822
v -0.248118 0.467649 1.007356
v -0.332122 0.120839 -0.960920
v -0.264705 0.434011 1.013258
v -0.350024 0.088545 -0.955185
v -0.282607 0.401717 1.018993
v -0.369094 0.057618 -0.949628
v -0.301677 0.370790 1.024550
v -0.389186 0.028081 -0.944256
v -0.321769 0.341253 1.029922
v -0.410156 -0.000045 -0.939078
v -0.342739 0.313127 1.035099
v -0.431865 -0.026739 -0.934102
v -0.364448 0.286433 1.040075
v -0.454174 -0.051983 -0.929336
v -0.386757 0.261189 1.044842
v -0.476948 -0.075755 -0.924787
v -0.409531 0.237417 1.049391
v -0.523216 -0.120376 -0.916129
v -0.455799 0.192796 1.058049
v -0.715107 -0.038463 -0.922570
v -0.647690 0.274709 1.051608
v -0.630504 0.031525 -0.936562
v -0.563087 0.344697 1.037616
v -0.609225 0.050960 -0.940371
v -0.541808 0.364132 1.033806
v -0.588384 0.071892 -0.944404
v -0.520967 0.385064 1.029774
v -0.568167 0.094183 -0.948630
v -0.500750 0.407356 1.025548
v -0.548752 0.117695 -0.953023
v -0.481335 0.430867 1.021155
v -0.530315 0.142287 -0.957554
v -0.462898 0.455459 1.016624
v -0.513023 0.167814 -0.962194
v -0.445606 0.480986 1.011984
v -0.497040 0.194133 -0.966915
v -0.429623 0.507305 1.007263
v -0.482523 0.221095 -0.971687
v -0.415106 0.534267 1.002490
v -0.469624 0.248552 -0.976484
v -0.402207 0.561725 0.997694
v -0.458485 0.276354 -0.981274
v -0.391068 0.589526 0.992904
v -0.449111 0.304743 -0.986098
v -0.381694 0.617915 0.988080
v -0.442328 0.329340 -0.990231
v -0.374910 0.642512 0.983946
v -0.436788 0.354925 -0.994479
v -0.369371 0.668097 0.979699
v -0.432466 0.381574 -0.998854
v -0.365049 0.694746 0.975323
v -0.429393 0.409117 -1.003328
v -0.361975 0.722289 0.970849
v -0.427591 0.437383 -1.007874
v -0.360174 0.750555 0.966304
v -0.427081 0.466204 -1.012463
v -0.359664 0.779376 0.961714
v -0.427875 0.495414 -1.017070
v -0.360458 0.808586 0.957108
v -0.429983 0.524846 -1.021667
v -0.362566 0.838018 0.952511
v -0.433410 0.554335 -1.026228
v -0.365993 0.867507 0.947950
v -0.438159 0.583718 -1.030727
v -0.370742 0.896890 0.943451
v -0.444229 0.612832 -1.035138
v -0.376812 0.926004 0.939040
v -0.466454 0.699158 -1.048073
v -0.399037 1.012330 0.926104
v -0.267554 0.714948 -1.057370
v -0.200137 1.028120 0.916807
v -0.263508 0.659916 -1.048779
v -0.196091 0.973088 0.925399
v -0.263120 0.655223 -1.048047
v -0.195703 0.968395 0.926130
v -0.262710 0.650703 -1.047344
v -0.195293 0.963875 0.926833
v -0.262282 0.646339 -1.046667
v -0.194865 0.959511 0.927511
v -0.261841 0.642112 -1.046011
v -0.194424 0.955284 0.928166
v -0.261393 0.638002 -1.045375
v -0.193976 0.951174 0.928803
v -0.260941 0.633988 -1.044753
v -0.193524 0.947160 0.929425
v -0.260492 0.630049 -1.044144
v -0.193075 0.943221 0.930034
v -0.260051 0.626163 -1.043542
v -0.192634 0.939335 0.930636
v -0.259624 0.622307 -1.042945
v -0.192207 0.935479 0.931233
v -0.259218 0.618458 -1.042349
v -0.191801 0.931630 0.931829
v -0.258965 0.615858 -1.041945
v -0.191547 0.929030 0.932233
v -0.759883 0.148665 -0.950726
v -0.692466 0.461837 1.023452
v -0.802774 0.200296 -0.957452
v -0.735357 0.513468 1.016726
v -0.814260 0.213426 -0.959142
v -0.746843 0.526598 1.015036
v -0.827869 0.228470 -0.961064
v -0.760452 0.541642 1.013114
v -0.843007 0.244797 -0.963137
v -0.775590 0.557970 1.011041
v -0.859130 0.261842 -0.965290
v -0.791713 0.575014 1.008887
v -0.875710 0.279063 -0.967456
v -0.808293 0.592235 1.006722
v -0.892226 0.295929 -0.969568
v -0.824809 0.609101 1.004610
v -0.908157 0.311905 -0.971558
v -0.840739 0.625077 1.002620
v -0.922961 0.326447 -0.973359
v -0.855544 0.639619 1.000819
v -0.936059 0.338973 -0.974899
v -0.868642 0.652145 0.999279
v -0.946742 0.348799 -0.976093
v -0.879325 0.661971 0.998085
v -0.996811 0.391836 -0.981210
v -0.929394 0.705008 0.992968
v -0.865351 0.515402 -1.005301
v -0.797934 0.828574 0.968877
v -0.820598 0.473332 -1.000156
v -0.753181 0.786505 0.974022
v -0.808014 0.461139 -0.998651
v -0.740597 0.774311 0.975527
v -0.793821 0.447124 -0.996913
v -0.726404 0.760296 0.977265
v -0.778368 0.431663 -0.994988
v -0.710951 0.744835 0.979190
v -0.762050 0.415170 -0.992929
v -0.694633 0.728342 0.981249
v -0.745275 0.398074 -0.990789
v -0.677858 0.711246 0.983388
v -0.728460 0.380809 -0.988625
v -0.661043 0.693981 0.985553
v -0.712023 0.363812 -0.986490
v -0.644606 0.676984 0.987688
v -0.696382 0.347520 -0.984440
v -0.628965 0.660692 0.989738
v -0.681951 0.332363 -0.982528
v -0.614533 0.645535 0.991650
v -0.669130 0.318759 -0.980808
v -0.601713 0.631931 0.993370
v -0.624528 0.270740 -0.974713
v -0.557111 0.583912 0.999464
v 0.271278 1.094634 -1.136003
v 0.338695 1.407806 0.838175
v 0.442870 1.163365 -1.152765
v 0.510287 1.476538 0.821412
v 0.448304 1.165602 -1.153306
v 0.515721 1.478774 0.820872
v 0.453210 1.167738 -1.153812
v 0.520627 1.480910 0.820366
v 0.457783 1.169850 -1.154303
v 0.525200 1.483023 0.819874
v 0.462014 1.171931 -1.154778
v 0.529431 1.485103 0.819400
v 0.465891 1.173968 -1.155234
v 0.533308 1.487140 0.818944
v 0.469403 1.175947 -1.155667
v 0.536820 1.489119 0.818511
v 0.472540 1.177851 -1.156076
v 0.539957 1.491023 0.818101
v 0.475293 1.179659 -1.156457
v 0.542711 1.492831 0.817720
v 0.477657 1.181348 -1.156806
v 0.545074 1.494521 0.817372
v 0.479627 1.182891 -1.157118
v 0.547044 1.496063 0.817060
v 0.481208 1.184255 -1.157389
v 0.548625 1.497428 0.816789
v 0.501450 1.203695 -1.161164
v 0.568867 1.516867 0.813014
v 0.651061 1.179124 -1.162375
v 0.718478 1.492296 0.811803
v 0.645091 1.128620 -1.154159
v 0.712508 1.441792 0.820019
v 0.644769 1.125218 -1.153609
v 0.712186 1.438390 0.820569
v 0.644483 1.121418 -1.152996
v 0.711900 1.434590 0.821182
v 0.644246 1.117330 -1.152339
v 0.711663 1.430502 0.821838
v 0.644065 1.113050 -1.151654
v 0.711483 1.426222 0.822524
v 0.643945 1.108667 -1.150955
v 0.711362 1.421840 0.823223
v 0.643888 1.104269 -1.150255
v 0.711305 1.417441 0.823923
v 0.643896 1.099938 -1.149569
v 0.711313 1.413110 0.824609
v 0.643967 1.095763 -1.148909
v 0.711384 1.408935 0.825269
v 0.644100 1.091838 -1.148291
v 0.711517 1.405010 0.825887
v 0.644289 1.088269 -1.147731
v 0.711706 1.401441 0.826447
v 0.644506 1.085378 -1.147280
v 0.711923 1.398551 0.826898
v 0.647443 1.058834 -1.143169
v 0.714860 1.372006 0.831009
v 0.649638 1.028957 -1.138505
v 0.717055 1.342129 0.835673
v 0.650849 0.997740 -1.133594
v 0.718266 1.310912 0.840584
v 0.651031 0.965346 -1.128461
v 0.718448 1.278519 0.845716
v 0.650131 0.931951 -1.123133
v 0.717548 1.245123 0.851045
v 0.648095 0.897732 -1.117635
v 0.715513 1.210904 0.856543
v 0.644865 0.862870 -1.111995
v 0.712283 1.176042 0.862183
v 0.640380 0.827549 -1.106238
v 0.707797 1.140722 0.867939
v 0.634573 0.791954 -1.100394
v 0.701990 1.105126 0.873784
v 0.627379 0.756270 -1.094487
v 0.694796 1.069442 0.879691
v 0.618724 0.720684 -1.088546
v 0.686141 1.033856 0.885632
v 0.608571 0.685516 -1.082621
v 0.675988 0.998688 0.891557
v 0.596727 0.649914 -1.076569
v 0.664144 0.963086 0.897609
v 0.583245 0.614486 -1.070488
v 0.650663 0.927658 0.903690
v 0.567983 0.579214 -1.064372
v 0.635400 0.892386 0.909806
v 0.550805 0.544094 -1.058214
v 0.618222 0.857266 0.915964
v 0.531583 0.509121 -1.052009
v 0.599000 0.822293 0.922168
v 0.510195 0.474288 -1.045753
v 0.577612 0.787460 0.928425
v 0.486521 0.439584 -1.039440
v 0.553938 0.752757 0.934738
v 0.460448 0.404994 -1.033062
v 0.527865 0.718166 0.941116
v 0.431861 0.370493 -1.026613
v 0.499278 0.683665 0.947565
v 0.400645 0.336053 -1.020083
v 0.468062 0.649225 0.954094
v 0.366686 0.301639 -1.013464
v 0.434103 0.614811 0.960713
v 0.308221 0.246974 -1.002796
v 0.375638 0.560147 0.971382
v 0.106213 0.319708 -1.007436
v 0.173630 0.632880 0.966742
v 0.207572 0.403434 -1.024179
v 0.274989 0.716606 0.949999
v 0.238898 0.431886 -1.029762
v 0.306315 0.745058 0.944416
v 0.267656 0.460657 -1.035308
v 0.335073 0.773829 0.938869
v 0.293973 0.489716 -1.040817
v 0.361390 0.802888 0.933361
v 0.317972 0.519038 -1.046288
v 0.385389 0.832210 0.927890
v 0.339775 0.548600 -1.051722
v 0.407192 0.861772 0.922456
v 0.359504 0.578382 -1.057120
v 0.426921 0.891554 0.917058
v 0.377276 0.608367 -1.062484
v 0.444693 0.921539 0.911694
v 0.393203 0.638540 -1.067814
v 0.460620 0.951712 0.906364
v 0.407395 0.668885 -1.073112
v 0.474812 0.982058 0.901065
v 0.419958 0.699387 -1.078380
v 0.487375 1.012559 0.895798
v 0.430910 0.729795 -1.083578
v 0.498327 1.042967 0.890600
v 0.438890 0.756285 -1.088053
v 0.506307 1.069458 0.886125
v 0.445829 0.783887 -1.092668
v 0.513246 1.097059 0.881510
v 0.451703 0.812256 -1.097369
v 0.519120 1.125428 0.876809
v 0.456509 0.841087 -1.102107
v 0.523926 1.154259 0.872071
v 0.460253 0.870075 -1.106833
v 0.527670 1.183247 0.867345
v 0.462949 0.898915 -1.111500
v 0.530366 1.212087 0.862678
v 0.464614 0.927304 -1.116061
v 0.532031 1.240476 0.858117
v 0.465272 0.954933 -1.120466
v 0.532689 1.268105 0.853712
v 0.464953 0.981488 -1.124668
v 0.532370 1.294660 0.849510
v 0.463695 1.006642 -1.128615
v 0.531112 1.319814 0.845563
v 0.461547 1.030051 -1.132255
v 0.528964 1.343223 0.841923
v 0.467200 0.989468 -1.126010
v 0.534617 1.302640 0.848168
v 0.236870 0.897209 -1.103509
v 0.304287 1.210381 0.870669
v 0.236496 0.895727 -1.103261
v 0.303913 1.208899 0.870916
v 0.228933 0.868884 -1.098745
v 0.296350 1.182056 0.875433
v 0.220420 0.841602 -1.094126
v 0.287837 1.154774 0.880052
v 0.210925 0.813944 -1.089414
v 0.278342 1.127116 0.884763
v 0.200413 0.785975 -1.084619
v 0.267830 1.099147 0.889559
v 0.188850 0.757757 -1.079747
v 0.256267 1.070929 0.894430
v 0.176202 0.729357 -1.074810
v 0.243619 1.042529 0.899368
v 0.162435 0.700840 -1.069816
v 0.229852 1.014012 0.904361
v 0.147515 0.672272 -1.064775
v 0.214932 0.985444 0.909403
v 0.131406 0.643721 -1.059696
v 0.198823 0.956893 0.914482
v 0.114075 0.615255 -1.054588
v 0.181492 0.928427 0.919590
v 0.076321 0.557744 -1.044176
v 0.143738 0.870916 0.930002
v -0.111708 0.607400 -1.045632
v -0.044291 0.920572 0.928546
v -0.043032 0.703822 -1.063273
v 0.024385 1.016994 0.910905
v -0.019569 0.741288 -1.070018
v 0.047848 1.054460 0.904160
v 0.000982 0.778683 -1.076651
v 0.068399 1.091855 0.897526
v 0.018790 0.815736 -1.083137
v 0.086207 1.128908 0.891040
v 0.034019 0.852173 -1.089438
v 0.101436 1.165345 0.884740
v 0.046838 0.887713 -1.095513
v 0.114255 1.200885 0.878665
v 0.057411 0.922069 -1.101324
v 0.124828 1.235241 0.872854
v 0.065905 0.954947 -1.106830
v 0.133322 1.268120 0.867348
v 0.072490 0.986049 -1.111989
v 0.139907 1.299221 0.862189
v 0.077337 1.015066 -1.116757
v 0.144754 1.328238 0.857421
v 0.080619 1.041674 -1.121090
v 0.148036 1.354846 0.853087
v 0.082689 1.067695 -1.125289
v 0.150106 1.380867 0.848889
v 0.083361 1.073136 -1.126175
v 0.150778 1.386308 0.848003
v 0.083758 1.077565 -1.126891
v 0.151175 1.390737 0.847287
v 0.084089 1.082839 -1.127739
v 0.151506 1.396011 0.846439
v 0.084326 1.088734 -1.128682
v 0.151743 1.401906 0.845496
v 0.084450 1.095070 -1.129692
v 0.151867 1.408242 0.844486
v 0.084452 1.101684 -1.130741
v 0.151869 1.414856 0.843437
v 0.084324 1.108424 -1.131806
v 0.151741 1.421597 0.842372
v 0.084062 1.115142 -1.132862
v 0.151479 1.428314 0.841315
v 0.083667 1.121682 -1.133886
v 0.151084 1.434854 0.840292
v 0.083142 1.127881 -1.134852
v 0.150559 1.441053 0.839326
v 0.082503 1.133559 -1.135731
v 0.149920 1.446731 0.838447
v 0.073982 1.191761 -1.144673
v 0.141399 1.504933 0.829505
v 0.289260 1.207173 -1.154469
v 0.356677 1.520345 0.819709
v 0.276271 1.136878 -1.142874
v 0.343688 1.450050 0.831304
v 0.275059 1.129675 -1.141690
v 0.342476 1.442847 0.832487
v 0.273905 1.122211 -1.140467
v 0.341322 1.435384 0.833711
v 0.272816 1.114592 -1.139221
v 0.340233 1.427764 0.834957
v 0.271794 1.106917 -1.137969
v 0.339211 1.420089 0.836209
v 0.270841 1.099283 -1.136725
v 0.338258 1.412455 0.837453
v 0.269959 1.091783 -1.135505
v 0.337376 1.404956 0.838673
v 0.269148 1.084507 -1.134323
v 0.336565 1.397679 0.839855
v 0.268407 1.077542 -1.133193
v 0.335824 1.390714 0.840985
v 0.267735 1.070973 -1.132128
v 0.335152 1.384145 0.842050
v 0.267132 1.064881 -1.131141
v 0.334549 1.378053 0.843037
v 0.266512 1.058487 -1.130105
v 0.333929 1.371659 0.844072
vn 0.0337 0.1566 0.9871
vn -0.0337 -0.1566 -0.9871
vn 0.0440 -0.9869 0.1551
vn -0.6539 -0.7435 0.1403
vn -0.6444 -0.7516 0.1412
vn -0.6356 -0.7588 0.1421
vn -0.6272 -0.7656 0.1429
vn -0.6189 -0.7722 0.1436
vn -0.6104 -0.7788 0.1444
vn -0.6014 -0.7857 0.1452
vn -0.5915 -0.7929 0.1460
vn -0.5805 -0.8009 0.1469
vn -0.5676 -0.8099 0.1479
vn -0.5522 -0.8203 0.1490
vn -0.9940 -0.0973 0.0494
vn -0.1060 0.9826 -0.1523
vn 0.5467 0.8239 -0.1494
vn 0.5593 0.8156 -0.1485
vn 0.5699 0.8083 -0.1477
vn 0.5794 0.8017 -0.1470
vn 0.5883 0.7953 -0.1463
vn 0.5968 0.7890 -0.1456
vn 0.6055 0.7825 -0.1448
vn 0.6146 0.7755 -0.1440
vn 0.6246 0.7677 -0.1431
vn 0.6358 0.7587 -0.1421
vn 0.6490 0.7477 -0.1408
vn 0.9984 0.0400 -0.0404
vn 0.0482 -0.9868 0.1549
vn -0.6482 -0.7483 0.1408
vn -0.6394 -0.7557 0.1417
vn -0.6305 -0.7629 0.1426
vn -0.6214 -0.7702 0.1434
vn -0.6118 -0.7777 0.1443
vn -0.6015 -0.7855 0.1452
vn -0.5902 -0.7939 0.1461
vn -0.5777 -0.8029 0.1471
vn -0.5634 -0.8128 0.1482
vn -0.5468 -0.8238 0.1494
vn -0.5274 -0.8362 0.1507
vn -0.9923 -0.1129 0.0518
vn -0.1161 0.9816 -0.1517
vn 0.5316 0.8335 -0.1504
vn 0.5475 0.8234 -0.1493
vn 0.5604 0.8148 -0.1484
vn 0.5713 0.8073 -0.1476
vn 0.5809 0.8006 -0.1468
vn 0.5897 0.7943 -0.1461
vn 0.5981 0.7881 -0.1455
vn 0.6064 0.7819 -0.1447
vn 0.6151 0.7752 -0.1440
vn 0.6247 0.7676 -0.1431
vn 0.9979 0.0493 -0.0419
vn 0.5921 0.7925 -0.1459
vn 0.9918 0.1165 -0.0524
vn 0.9917 0.1177 -0.0525
vn 0.9914 0.1199 -0.0529
vn 0.9910 0.1231 -0.0534
vn 0.9904 0.1275 -0.0540
vn 0.9896 0.1329 -0.0549
vn 0.9886 0.1396 -0.0559
vn 0.9874 0.1477 -0.0571
vn 0.9858 0.1574 -0.0586
vn 0.9837 0.1692 -0.0604
vn 0.9810 0.1836 -0.0626
vn 0.9828 0.1744 -0.0612
vn 0.9862 0.1547 -0.0582
vn 0.9872 0.1490 -0.0574
vn 0.9882 0.1423 -0.0563
vn 0.9894 0.1345 -0.0551
vn 0.9906 0.1254 -0.0537
vn 0.9920 0.1149 -0.0521
vn 0.9934 0.1027 -0.0502
vn 0.9949 0.0883 -0.0480
vn 0.9964 0.0710 -0.0453
vn 0.9979 0.0502 -0.0420
vn 0.9990 0.0246 -0.0380
vn 0.9994 0.0014 -0.0344
vn 0.9994 -0.0168 -0.0315
vn 0.9990 -0.0347 -0.0286
vn 0.9983 -0.0521 -0.0258
vn 0.9973 -0.0690 -0.0231
vn 0.9961 -0.0859 -0.0204
vn 0.9945 -0.1030 -0.0176
vn 0.9926 -0.1204 -0.0148
vn 0.9903 -0.1384 -0.0119
vn 0.9875 -0.1572 -0.0088
vn 0.9842 -0.1772 -0.0055
vn 0.9801 -0.1987 -0.0019
vn 0.6250 -0.7740 0.1014
vn -0.7911 -0.5994 0.1221
vn -0.9728 0.2316 -0.0035
vn -0.9785 0.2065 0.0007
vn -0.9830 0.1833 0.0045
vn -0.9868 0.1618 0.0080
vn -0.9899 0.1415 0.0114
vn -0.9924 0.1222 0.0145
vn -0.9945 0.1036 0.0175
vn -0.9961 0.0853 0.0205
vn -0.9975 0.0672 0.0234
vn -0.9985 0.0489 0.0263
vn -0.9991 0.0300 0.0294
vn -0.9994 0.0087 0.0327
vn -0.9992 -0.0157 0.0366
vn -0.9984 -0.0397 0.0404
vn -0.9971 -0.0614 0.0438
vn -0.9955 -0.0819 0.0470
vn -0.9936 -0.1015 0.0500
vn -0.9912 -0.1210 0.0530
vn -0.9884 -0.1409 0.0561
vn -0.9851 -0.1616 0.0593
vn -0.9810 -0.1838 0.0627
vn -0.9759 -0.2081 0.0663
vn -0.9693 -0.2354 0.0704
vn -0.8440 0.5334 -0.0558
vn -0.0135 0.9876 -0.1562
vn 0.6382 0.7567 -0.1418
vn 0.6497 0.7471 -0.1407
vn 0.6588 0.7392 -0.1398
vn 0.6666 0.7324 -0.1389
vn 0.6734 0.7263 -0.1382
vn 0.6797 0.7205 -0.1375
vn 0.6857 0.7149 -0.1368
vn 0.6917 0.7093 -0.1361
vn 0.6978 0.7033 -0.1354
vn 0.7044 0.6969 -0.1346
vn 0.7116 0.6897 -0.1337
vn 0.7146 0.6867 -0.1333
vn 0.7180 0.6833 -0.1329
vn 0.7256 0.6754 -0.1319
vn 0.7320 0.6686 -0.1311
vn 0.7376 0.6626 -0.1303
vn 0.7426 0.6570 -0.1296
vn 0.7475 0.6517 -0.1289
vn 0.7522 0.6463 -0.1282
vn 0.7570 0.6408 -0.1275
vn 0.7622 0.6348 -0.1267
vn 0.7680 0.6280 -0.1258
vn 0.7748 0.6198 -0.1248
vn 0.9950 -0.0981 -0.0184
vn -0.1130 -0.9807 0.1594
vn -0.7969 -0.5919 0.1211
vn -0.7874 -0.6042 0.1227
vn -0.7789 -0.6147 0.1241
vn -0.7713 -0.6240 0.1253
vn -0.7644 -0.6323 0.1264
vn -0.7579 -0.6398 0.1274
vn -0.7517 -0.6469 0.1283
vn -0.7458 -0.6535 0.1291
vn -0.7400 -0.6599 0.1300
vn -0.7341 -0.6663 0.1308
vn -0.7281 -0.6727 0.1316
vn -0.7230 -0.6780 0.1322
vn -0.7179 -0.6834 0.1329
vn -0.7117 -0.6897 0.1337
vn -0.7056 -0.6958 0.1345
vn -0.6993 -0.7019 0.1352
vn -0.6927 -0.7083 0.1360
vn -0.6855 -0.7151 0.1368
vn -0.6774 -0.7226 0.1378
vn -0.6679 -0.7312 0.1388
vn -0.6566 -0.7412 0.1400
vn -0.6425 -0.7532 0.1414
vn -0.6242 -0.7681 0.1432
vn -0.9991 -0.0195 0.0372
vn -0.0951 -0.9827 0.1591
vn -0.7847 -0.6075 0.1232
vn -0.7692 -0.6265 0.1257
vn -0.7588 -0.6388 0.1272
vn -0.7511 -0.6476 0.1284
vn -0.7448 -0.6547 0.1293
vn -0.7393 -0.6607 0.1301
vn -0.7342 -0.6663 0.1308
vn -0.7289 -0.6719 0.1315
vn -0.7231 -0.6780 0.1322
vn -0.7158 -0.6855 0.1332
vn -0.7057 -0.6957 0.1345
vn -0.9990 0.0328 0.0289
vn 0.0349 0.9869 -0.1577
vn 0.7142 0.6871 -0.1334
vn 0.7216 0.6796 -0.1324
vn 0.7265 0.6745 -0.1318
vn 0.7302 0.6705 -0.1313
vn 0.7335 0.6670 -0.1309
vn 0.7366 0.6636 -0.1304
vn 0.7399 0.6600 -0.1300
vn 0.7436 0.6559 -0.1294
vn 0.7483 0.6508 -0.1288
vn 0.7545 0.6437 -0.1279
vn 0.7641 0.6326 -0.1264
vn 0.9966 -0.0802 -0.0213
vn 0.9918 0.1167 -0.0524
vn 0.9947 0.0903 -0.0483
vn 0.9971 0.0619 -0.0439
vn 0.9987 0.0315 -0.0391
vn 0.9994 -0.0011 -0.0340
vn 0.9990 -0.0358 -0.0284
vn 0.9971 -0.0726 -0.0225
vn 0.9937 -0.1113 -0.0163
vn 0.9883 -0.1519 -0.0096
vn 0.9809 -0.1943 -0.0027
vn 0.9712 -0.2381 0.0046
vn 0.9604 -0.2784 0.0114
vn 0.9469 -0.3211 0.0186
vn 0.9290 -0.3691 0.0268
vn 0.9094 -0.4145 0.0347
vn 0.8883 -0.4574 0.0422
vn 0.8659 -0.4978 0.0494
vn 0.8425 -0.5358 0.0562
vn 0.8182 -0.5715 0.0627
vn 0.7932 -0.6050 0.0689
vn 0.7675 -0.6367 0.0748
vn 0.7410 -0.6666 0.0804
vn 0.7139 -0.6950 0.0859
vn 0.1852 -0.9715 0.1478
vn -0.9884 -0.1408 0.0561
vn -0.6624 0.7431 -0.0953
vn -0.6976 0.7110 -0.0890
vn -0.7302 0.6782 -0.0826
vn -0.7610 0.6443 -0.0762
vn -0.7901 0.6090 -0.0696
vn -0.8180 0.5717 -0.0628
vn -0.8448 0.5322 -0.0556
vn -0.8706 0.4897 -0.0480
vn -0.8952 0.4439 -0.0398
vn -0.9186 0.3940 -0.0311
vn -0.9403 0.3395 -0.0217
vn -0.9576 0.2878 -0.0129
vn -0.9712 0.2381 -0.0046
vn -0.9824 0.1865 0.0040
vn -0.9904 0.1375 0.0120
vn -0.9957 0.0904 0.0197
vn -0.9986 0.0450 0.0270
vn -0.9994 0.0007 0.0340
vn -0.9982 -0.0429 0.0409
vn -0.9952 -0.0860 0.0476
vn -0.9901 -0.1291 0.0543
vn -0.9831 -0.1726 0.0609
vn -0.9739 -0.2166 0.0676
vn -0.8146 0.5765 -0.0636
vn 0.6487 0.7479 -0.1408
vn 0.9965 0.0707 -0.0452
vn 0.9958 0.0791 -0.0465
vn 0.9951 0.0866 -0.0477
vn 0.9945 0.0931 -0.0487
vn 0.9939 0.0984 -0.0495
vn 0.9935 0.1023 -0.0502
vn 0.9932 0.1046 -0.0505
vn 0.9932 0.1051 -0.0506
vn 0.9933 0.1036 -0.0504
vn 0.9938 0.0998 -0.0498
vn 0.9944 0.0934 -0.0488
vn 0.9927 0.1095 -0.0513
vn -0.0692 -0.9849 0.1586
vn -0.7629 -0.6340 0.1266
vn -0.7491 -0.6499 0.1287
vn -0.7394 -0.6606 0.1300
vn -0.7318 -0.6688 0.1311
vn -0.7254 -0.6756 0.1319
vn -0.7194 -0.6818 0.1327
vn -0.7132 -0.6881 0.1335
vn -0.7064 -0.6950 0.1344
vn -0.6979 -0.7033 0.1354
vn -0.6860 -0.7147 0.1368
vn -0.6663 -0.7326 0.1390
vn -0.9991 -0.0196 0.0372
vn -0.0028 0.9877 -0.1566
vn 0.6923 0.7087 -0.1361
vn 0.7012 0.7001 -0.1350
vn 0.7069 0.6945 -0.1343
vn 0.7110 0.6903 -0.1338
vn 0.7170 0.6843 -0.1330
vn 0.7195 0.6817 -0.1327
vn 0.7220 0.6791 -0.1324
vn 0.7247 0.6763 -0.1320
vn 0.7279 0.6729 -0.1316
vn 0.7322 0.6684 -0.1310
vn 0.9986 -0.0463 -0.0268
vn -0.7924 0.6061 -0.0691
vn -0.3841 0.9138 -0.1319
vn -0.3977 0.9082 -0.1305
vn -0.4171 0.8997 -0.1285
vn -0.4382 0.8900 -0.1262
vn -0.4610 0.8787 -0.1237
vn -0.4857 0.8657 -0.1207
vn -0.5125 0.8506 -0.1174
vn -0.5414 0.8330 -0.1137
vn -0.5726 0.8125 -0.1093
vn -0.6060 0.7886 -0.1044
vn -0.6417 0.7606 -0.0987
vn -0.6794 0.7280 -0.0923
vn -0.3022 0.9430 -0.1393
vn 0.7971 0.5916 -0.1211
vn 0.9940 -0.1086 -0.0167
vn 0.9959 -0.0879 -0.0201
vn 0.9973 -0.0700 -0.0229
vn 0.9982 -0.0541 -0.0255
vn 0.9988 -0.0393 -0.0279
vn 0.9992 -0.0250 -0.0302
vn 0.9994 -0.0108 -0.0324
vn 0.9994 0.0039 -0.0348
vn 0.9991 0.0196 -0.0372
vn 0.9985 0.0371 -0.0400
vn 0.9974 0.0571 -0.0431
vn 0.9952 0.0850 -0.0475
vn 0.9953 0.0842 -0.0474
vn 0.9979 0.0494 -0.0419
vn 0.9992 0.0164 -0.0367
vn 0.9994 -0.0157 -0.0316
vn 0.9985 -0.0474 -0.0266
vn 0.9966 -0.0793 -0.0215
vn 0.9936 -0.1117 -0.0162
vn 0.9893 -0.1452 -0.0107
vn 0.9836 -0.1801 -0.0050
vn 0.9762 -0.2169 0.0011
vn 0.9667 -0.2557 0.0076
vn 0.9556 -0.2944 0.0141
vn 0.9429 -0.3325 0.0206
vn 0.9277 -0.3723 0.0274
vn 0.9100 -0.4132 0.0345
vn 0.8898 -0.4544 0.0417
vn 0.8672 -0.4955 0.0490
vn 0.8426 -0.5355 0.0562
vn 0.8164 -0.5741 0.0632
vn 0.7888 -0.6106 0.0699
vn 0.7605 -0.6448 0.0763
vn 0.7319 -0.6765 0.0823
vn 0.7033 -0.7055 0.0879
vn 0.2063 -0.9675 0.1464
vn -0.9838 -0.1691 0.0604
vn -0.6611 0.7442 -0.0955
vn -0.6959 0.7126 -0.0893
vn -0.7298 0.6786 -0.0827
vn -0.7626 0.6424 -0.0759
vn -0.7938 0.6043 -0.0687
vn -0.8232 0.5645 -0.0614
vn -0.8503 0.5235 -0.0540
vn -0.8751 0.4816 -0.0465
vn -0.8974 0.4395 -0.0391
vn -0.9170 0.3975 -0.0317
vn -0.9341 0.3562 -0.0246
vn -0.9502 0.3111 -0.0169
vn -0.9643 0.2648 -0.0091
vn -0.9748 0.2230 -0.0021
vn -0.9829 0.1843 0.0043
vn -0.9889 0.1479 0.0103
vn -0.9934 0.1131 0.0160
vn -0.9966 0.0792 0.0215
vn -0.9986 0.0455 0.0269
vn -0.9994 0.0110 0.0324
vn -0.9990 -0.0250 0.0381
vn -0.9970 -0.0637 0.0442
vn -0.1134 0.9819 -0.1519
vn 0.8663 -0.4971 0.0493
vn 0.7562 -0.6497 0.0772
vn 0.9664 -0.2568 0.0077
vn 0.9591 -0.2827 0.0121
vn 0.9510 -0.3087 0.0165
vn 0.9420 -0.3350 0.0210
vn 0.9320 -0.3616 0.0255
vn 0.9210 -0.3884 0.0302
vn 0.9089 -0.4156 0.0349
vn 0.8957 -0.4430 0.0397
vn 0.8812 -0.4707 0.0446
vn 0.8654 -0.4986 0.0495
vn 0.8483 -0.5266 0.0546
vn 0.3618 -0.9226 0.1340
vn -0.9383 -0.3352 0.0852
vn -0.8348 0.5474 -0.0583
vn -0.8651 0.4992 -0.0496
vn -0.8914 0.4514 -0.0412
vn -0.9139 0.4045 -0.0330
vn -0.9331 0.3587 -0.0250
vn -0.9492 0.3141 -0.0174
vn -0.9626 0.2706 -0.0101
vn -0.9736 0.2282 -0.0030
vn -0.9824 0.1866 0.0039
vn -0.9893 0.1453 0.0107
vn -0.9945 0.1037 0.0175
vn -0.9944 0.1038 0.0175
vn -0.9939 0.1086 0.0167
vn -0.9966 0.0794 0.0214
vn -0.9981 0.0554 0.0253
vn -0.9990 0.0344 0.0287
vn -0.9994 0.0150 0.0317
vn -0.9994 -0.0038 0.0347
vn -0.9990 -0.0230 0.0378
vn -0.9982 -0.0432 0.0409
vn -0.9969 -0.0654 0.0444
vn -0.9947 -0.0906 0.0483
vn -0.9913 -0.1202 0.0529
vn -0.7805 0.6211 -0.0719
vn 0.7421 0.6576 -0.1297
vn 0.9846 -0.1748 -0.0059
vn 0.9870 -0.1607 -0.0082
vn 0.9888 -0.1488 -0.0102
vn 0.9903 -0.1387 -0.0118
vn 0.9914 -0.1300 -0.0132
vn 0.9923 -0.1226 -0.0144
vn 0.9931 -0.1163 -0.0155
vn 0.9937 -0.1109 -0.0163
vn 0.9942 -0.1065 -0.0171
vn 0.9945 -0.1029 -0.0176
vn 0.9948 -0.1004 -0.0180
vn 0.1121 0.9808 -0.1594
vt 0.888889 0.000000
vt 0.904762 0.000000
vt 0.896825 0.000000
vt 0.880952 0.000000
vt 0.873016 0.000000
vt 0.912698 0.000000
vt 0.865079 0.000000
vt 0.857143 0.000000
vt 0.849206 0.000000
vt 0.841270 0.000000
vt 0.833333 0.000000
vt 0.825397 0.000000
vt 0.817460 0.000000
vt 0.809524 0.000000
vt 0.801587 0.000000
vt 0.793651 0.000000
vt 0.920635 0.000000
vt 0.928571 0.000000
vt 0.936508 0.000000
vt 0.785714 0.000000
vt 0.944444 0.000000
vt 0.095238 0.000000
vt 0.111111 0.000000
vt 0.103175 0.000000
vt 0.952381 0.000000
vt 0.087302 0.000000
vt 0.960317 0.000000
vt 0.079365 0.000000
vt 0.071429 0.000000
vt 0.063492 0.000000
vt 0.055556 0.000000
vt 0.047619 0.000000
vt 0.039683 0.000000
vt 0.031746 0.000000
vt 0.023810 0.000000
vt 0.015873 0.000000
vt 0.007937 0.000000
vt 1.000000 0.000000
vt 0.000000 0.000000
vt 0.777778 0.000000
vt 0.968254 0.000000
vt 0.976190 0.000000
vt 0.984127 0.000000
vt 0.992063 0.000000
vt 0.769841 0.000000
vt 0.761905 0.000000
vt 0.119048 0.000000
vt 0.753968 0.000000
vt 0.126984 0.000000
vt 0.746032 0.000000
vt 0.134921 0.000000
vt 0.142857 0.000000
vt 0.150794 0.000000
vt 0.158730 0.000000
vt 0.587302 0.000000
vt 0.166667 0.000000
vt 0.174603 0.000000
vt 0.579365 0.000000
vt 0.595238 0.000000
vt 0.182540 0.000000
vt 0.738095 0.000000
vt 0.190476 0.000000
vt 0.198413 0.000000
vt 0.206349 0.000000
vt 0.214286 0.000000
vt 0.603175 0.000000
vt 0.571429 0.000000
vt 0.730159 0.000000
vt 0.611111 0.000000
vt 0.619048 0.000000
vt 0.222222 0.000000
vt 0.563492 0.000000
vt 0.722222 0.000000
vt 0.626984 0.000000
vt 0.230159 0.000000
vt 0.555556 0.000000
vt 0.634921 0.000000
vt 0.714286 0.000000
vt 0.547619 0.000000
vt 0.238095 0.000000
vt 0.642857 0.000000
vt 0.706349 0.000000
vt 0.539683 0.000000
vt 0.650794 0.000000
vt 0.246032 0.000000
vt 0.531746 0.000000
vt 0.658730 0.000000
vt 0.253968 0.000000
vt 0.666667 0.000000
vt 0.523810 0.000000
vt 0.698413 0.000000
vt 0.261905 0.000000
vt 0.674603 0.000000
vt 0.515873 0.000000
vt 0.682540 0.000000
vt 0.507937 0.000000
vt 0.269841 0.000000
vt 0.690476 0.000000
vt 0.500000 0.000000
vt 0.277778 0.000000
vt 0.492063 0.000000
vt 0.285714 0.000000
vt 0.484127 0.000000
vt 0.476190 0.000000
vt 0.293651 0.000000
vt 0.468254 0.000000
vt 0.301587 0.000000
vt 0.460317 0.000000
vt 0.309524 0.000000
vt 0.452381 0.000000
vt 0.444444 0.000000
vt 0.317460 0.000000
vt 0.436508 0.000000
vt 0.325397 0.000000
vt 0.428571 0.000000
vt 0.420635 0.000000
vt 0.333333 0.000000
vt 0.412698 0.000000
vt 0.341270 0.000000
vt 0.404762 0.000000
vt 0.349206 0.000000
vt 0.396825 0.000000
vt 0.357143 0.000000
vt 0.365079 0.000000
vt 0.373016 0.000000
vt 0.380952 0.000000
vt 0.388889 0.000000
vt 0.106195 0.000000
vt 0.123894 0.000000
vt 0.115044 0.000000
vt 0.646018 0.000000
vt 0.663717 0.000000
vt 0.654867 0.000000
vt 0.884956 0.000000
vt 0.902655 0.000000
vt 0.893805 0.000000
vt 0.132743 0.000000
vt 0.097345 0.000000
vt 0.141593 0.000000
vt 0.672566 0.000000
vt 0.150442 0.000000
vt 0.911504 0.000000
vt 0.159292 0.000000
vt 0.876106 0.000000
vt 0.637168 0.000000
vt 0.088496 0.000000
vt 0.920354 0.000000
vt 0.168142 0.000000
vt 0.079646 0.000000
vt 0.681416 0.000000
vt 0.929204 0.000000
vt 0.690265 0.000000
vt 0.628319 0.000000
vt 0.699115 0.000000
vt 0.176991 0.000000
vt 0.707965 0.000000
vt 0.070796 0.000000
vt 0.716814 0.000000
vt 0.938053 0.000000
vt 0.725664 0.000000
vt 0.734513 0.000000
vt 0.743363 0.000000
vt 0.061947 0.000000
vt 0.752212 0.000000
vt 0.185841 0.000000
vt 0.867257 0.000000
vt 0.619469 0.000000
vt 0.761062 0.000000
vt 0.769912 0.000000
vt 0.946903 0.000000
vt 0.230089 0.000000
vt 0.858407 0.000000
vt 0.053097 0.000000
vt 0.194690 0.000000
vt 0.610619 0.000000
vt 0.955752 0.000000
vt 0.849558 0.000000
vt 0.238938 0.000000
vt 0.044248 0.000000
vt 0.203540 0.000000
vt 0.840708 0.000000
vt 0.964602 0.000000
vt 0.601770 0.000000
vt 0.212389 0.000000
vt 0.035398 0.000000
vt 0.247788 0.000000
vt 0.831858 0.000000
vt 0.973451 0.000000
vt 0.221239 0.000000
vt 0.026549 0.000000
vt 0.592920 0.000000
vt 0.256637 0.000000
vt 0.823009 0.000000
vt 0.982301 0.000000
vt 0.017699 0.000000
vt 0.584071 0.000000
vt 0.814159 0.000000
vt 0.991150 0.000000
vt 0.008850 0.000000
vt 0.265487 0.000000
vt 0.805310 0.000000
vt 0.575221 0.000000
vt 0.274336 0.000000
vt 0.796460 0.000000
vt 0.566372 0.000000
vt 0.283186 0.000000
vt 0.787611 0.000000
vt 0.557522 0.000000
vt 0.778761 0.000000
vt 0.292035 0.000000
vt 0.548673 0.000000
vt 0.539823 0.000000
vt 0.300885 0.000000
vt 0.530973 0.000000
vt 0.309735 0.000000
vt 0.522124 0.000000
vt 0.318584 0.000000
vt 0.513274 0.000000
vt 0.327434 0.000000
vt 0.504425 0.000000
vt 0.495575 0.000000
vt 0.336283 0.000000
vt 0.486726 0.000000
vt 0.345133 0.000000
vt 0.477876 0.000000
vt 0.469027 0.000000
vt 0.353982 0.000000
vt 0.460177 0.000000
vt 0.451327 0.000000
vt 0.442478 0.000000
vt 0.362832 0.000000
vt 0.371681 0.000000
vt 0.433628 0.000000
vt 0.380531 0.000000
vt 0.389381 0.000000
vt 0.398230 0.000000
vt 0.407080 0.000000
vt 0.415929 0.000000
vt 0.424779 0.000000
vt 0.613497 0.000000
vt 0.625767 0.000000
vt 0.619632 0.000000
vt 0.453988 0.000000
vt 0.460123 0.000000
vt 0.466258 0.000000
vt 0.631902 0.000000
vt 0.638037 0.000000
vt 0.607362 0.000000
vt 0.644172 0.000000
vt 0.650307 0.000000
vt 0.472393 0.000000
vt 0.656442 0.000000
vt 0.478528 0.000000
vt 0.447853 0.000000
vt 0.699386 0.000000
vt 0.662577 0.000000
vt 0.484663 0.000000
vt 0.668712 0.000000
vt 0.490798 0.000000
vt 0.601227 0.000000
vt 0.674847 0.000000
vt 0.496933 0.000000
vt 0.595092 0.000000
vt 0.705521 0.000000
vt 0.680982 0.000000
vt 0.503067 0.000000
vt 0.687117 0.000000
vt 0.509202 0.000000
vt 0.441718 0.000000
vt 0.693252 0.000000
vt 0.515337 0.000000
vt 0.435583 0.000000
vt 0.521472 0.000000
vt 0.429448 0.000000
vt 0.527607 0.000000
vt 0.423313 0.000000
vt 0.993865 0.000000
vt 0.417178 0.000000
vt 0.533742 0.000000
vt 0.411043 0.000000
vt 0.539877 0.000000
vt 0.404908 0.000000
vt 0.717791 0.000000
vt 0.398773 0.000000
vt 0.723926 0.000000
vt 0.730061 0.000000
vt 0.987730 0.000000
vt 0.981595 0.000000
vt 0.736196 0.000000
vt 0.975460 0.000000
vt 0.742331 0.000000
vt 0.969325 0.000000
vt 0.748466 0.000000
vt 0.963190 0.000000
vt 0.754601 0.000000
vt 0.957055 0.000000
vt 0.760736 0.000000
vt 0.950920 0.000000
vt 0.766871 0.000000
vt 0.944785 0.000000
vt 0.773006 0.000000
vt 0.938650 0.000000
vt 0.779141 0.000000
vt 0.932515 0.000000
vt 0.785276 0.000000
vt 0.926380 0.000000
vt 0.791411 0.000000
vt 0.920245 0.000000
vt 0.797546 0.000000
vt 0.914110 0.000000
vt 0.803681 0.000000
vt 0.907975 0.000000
vt 0.809816 0.000000
vt 0.901841 0.000000
vt 0.895706 0.000000
vt 0.815951 0.000000
vt 0.889571 0.000000
vt 0.822086 0.000000
vt 0.883436 0.000000
vt 0.828221 0.000000
vt 0.877301 0.000000
vt 0.834356 0.000000
vt 0.871166 0.000000
vt 0.840491 0.000000
vt 0.865031 0.000000
vt 0.846626 0.000000
vt 0.858896 0.000000
vt 0.852761 0.000000
vt 0.368098 0.000000
vt 0.374233 0.000000
vt 0.006135 0.000000
vt 0.361963 0.000000
vt 0.012270 0.000000
vt 0.018405 0.000000
vt 0.024540 0.000000
vt 0.355828 0.000000
vt 0.030675 0.000000
vt 0.036810 0.000000
vt 0.042945 0.000000
vt 0.049080 0.000000
vt 0.055215 0.000000
vt 0.349693 0.000000
vt 0.061350 0.000000
vt 0.067485 0.000000
vt 0.073620 0.000000
vt 0.079755 0.000000
vt 0.343558 0.000000
vt 0.085890 0.000000
vt 0.092025 0.000000
vt 0.337423 0.000000
vt 0.098160 0.000000
vt 0.331288 0.000000
vt 0.104294 0.000000
vt 0.325153 0.000000
vt 0.110429 0.000000
vt 0.319018 0.000000
vt 0.116564 0.000000
vt 0.312883 0.000000
vt 0.122699 0.000000
vt 0.306748 0.000000
vt 0.128834 0.000000
vt 0.300613 0.000000
vt 0.134969 0.000000
vt 0.294479 0.000000
vt 0.141104 0.000000
vt 0.288344 0.000000
vt 0.282209 0.000000
vt 0.147239 0.000000
vt 0.276074 0.000000
vt 0.153374 0.000000
vt 0.269939 0.000000
vt 0.159509 0.000000
vt 0.263804 0.000000
vt 0.165644 0.000000
vt 0.257669 0.000000
vt 0.171779 0.000000
vt 0.251534 0.000000
vt 0.177914 0.000000
vt 0.245399 0.000000
vt 0.184049 0.000000
vt 0.239264 0.000000
vt 0.190184 0.000000
vt 0.233129 0.000000
vt 0.226994 0.000000
vt 0.196319 0.000000
vt 0.202454 0.000000
vt 0.208589 0.000000
vt 0.214724 0.000000
vt 0.220859 0.000000
vt 0.000000 1.000000
vt 0.038462 1.000000
vt 0.038462 0.000000
vt 0.076923 1.000000
vt 0.076923 0.000000
vt 0.115385 1.000000
vt 0.115385 0.000000
vt 0.153846 1.000000
vt 0.153846 0.000000
vt 0.192308 1.000000
vt 0.192308 0.000000
vt 0.230769 1.000000
vt 0.230769 0.000000
vt 0.269231 1.000000
vt 0.269231 0.000000
vt 0.307692 1.000000
vt 0.307692 0.000000
vt 0.346154 1.000000
vt 0.346154 0.000000
vt 0.384615 1.000000
vt 0.384615 0.000000
vt 0.423077 1.000000
vt 0.423077 0.000000
vt 0.461538 1.000000
vt 0.461538 0.000000
vt 0.500000 1.000000
vt 0.538462 1.000000
vt 0.538462 0.000000
vt 0.576923 1.000000
vt 0.576923 0.000000
vt 0.615385 1.000000
vt 0.615385 0.000000
vt 0.653846 1.000000
vt 0.653846 0.000000
vt 0.692308 1.000000
vt 0.692308 0.000000
vt 0.730769 1.000000
vt 0.730769 0.000000
vt 0.769231 1.000000
vt 0.769231 0.000000
vt 0.807692 1.000000
vt 0.807692 0.000000
vt 0.846154 1.000000
vt 0.846154 0.000000
vt 0.884615 1.000000
vt 0.884615 0.000000
vt 0.923077 1.000000
vt 0.923077 0.000000
vt 0.961538 1.000000
vt 0.961538 0.000000
vt 1.000000 1.000000
vt 0.016129 1.000000
vt 0.016129 0.000000
vt 0.032258 1.000000
vt 0.032258 0.000000
vt 0.048387 1.000000
vt 0.048387 0.000000
vt 0.064516 1.000000
vt 0.064516 0.000000
vt 0.080645 1.000000
vt 0.080645 0.000000
vt 0.096774 1.000000
vt 0.096774 0.000000
vt 0.112903 1.000000
vt 0.112903 0.000000
vt 0.129032 1.000000
vt 0.129032 0.000000
vt 0.145161 1.000000
vt 0.145161 0.000000
vt 0.161290 1.000000
vt 0.161290 0.000000
vt 0.177419 1.000000
vt 0.177419 0.000000
vt 0.193548 1.000000
vt 0.193548 0.000000
vt 0.209677 1.000000
vt 0.209677 0.000000
vt 0.225806 1.000000
vt 0.225806 0.000000
vt 0.241935 1.000000
vt 0.241935 0.000000
vt 0.258065 1.000000
vt 0.258065 0.000000
vt 0.274194 1.000000
vt 0.274194 0.000000
vt 0.290323 1.000000
vt 0.290323 0.000000
vt 0.306452 1.000000
vt 0.306452 0.000000
vt 0.322581 1.000000
vt 0.322581 0.000000
vt 0.338710 1.000000
vt 0.338710 0.000000
vt 0.354839 1.000000
vt 0.354839 0.000000
vt 0.370968 1.000000
vt 0.370968 0.000000
vt 0.387097 1.000000
vt 0.387097 0.000000
vt 0.403226 1.000000
vt 0.403226 0.000000
vt 0.419355 1.000000
vt 0.419355 0.000000
vt 0.435484 1.000000
vt 0.435484 0.000000
vt 0.451613 1.000000
vt 0.451613 0.000000
vt 0.467742 1.000000
vt 0.467742 0.000000
vt 0.483871 1.000000
vt 0.483871 0.000000
vt 0.516129 1.000000
vt 0.516129 0.000000
vt 0.532258 1.000000
vt 0.532258 0.000000
vt 0.548387 1.000000
vt 0.548387 0.000000
vt 0.564516 1.000000
vt 0.564516 0.000000
vt 0.580645 1.000000
vt 0.580645 0.000000
vt 0.596774 1.000000
vt 0.596774 0.000000
vt 0.612903 1.000000
vt 0.612903 0.000000
vt 0.629032 1.000000
vt 0.629032 0.000000
vt 0.645161 1.000000
vt 0.645161 0.000000
vt 0.661290 1.000000
vt 0.661290 0.000000
vt 0.677419 1.000000
vt 0.677419 0.000000
vt 0.693548 1.000000
vt 0.693548 0.000000
vt 0.709677 1.000000
vt 0.709677 0.000000
vt 0.725806 1.000000
vt 0.725806 0.000000
vt 0.741935 1.000000
vt 0.741935 0.000000
vt 0.758065 1.000000
vt 0.758065 0.000000
vt 0.774194 1.000000
vt 0.774194 0.000000
vt 0.790323 1.000000
vt 0.790323 0.000000
vt 0.806452 1.000000
vt 0.806452 0.000000
vt 0.822581 1.000000
vt 0.822581 0.000000
vt 0.838710 1.000000
vt 0.838710 0.000000
vt 0.854839 1.000000
vt 0.854839 0.000000
vt 0.870968 1.000000
vt 0.870968 0.000000
vt 0.887097 1.000000
vt 0.887097 0.000000
vt 0.903226 1.000000
vt 0.903226 0.000000
vt 0.919355 1.000000
vt 0.919355 0.000000
vt 0.935484 1.000000
vt 0.935484 0.000000
vt 0.951613 1.000000
vt 0.951613 0.000000
vt 0.967742 1.000000
vt 0.967742 0.000000
vt 0.983871 1.000000
vt 0.983871 0.000000
vt 0.020000 1.000000
vt 0.020000 0.000000
vt 0.040000 1.000000
vt 0.040000 0.000000
vt 0.060000 1.000000
vt 0.060000 0.000000
vt 0.080000 1.000000
vt 0.080000 0.000000
vt 0.100000 1.000000
vt 0.100000 0.000000
vt 0.120000 1.000000
vt 0.120000 0.000000
vt 0.140000 1.000000
vt 0.140000 0.000000
vt 0.160000 1.000000
vt 0.160000 0.000000
vt 0.180000 1.000000
vt 0.180000 0.000000
vt 0.200000 1.000000
vt 0.200000 0.000000
vt 0.220000 1.000000
vt 0.220000 0.000000
vt 0.240000 1.000000
vt 0.240000 0.000000
vt 0.260000 1.000000
vt 0.260000 0.000000
vt 0.280000 1.000000
vt 0.280000 0.000000
vt 0.300000 1.000000
vt 0.300000 0.000000
vt 0.320000 1.000000
vt 0.320000 0.000000
vt 0.340000 1.000000
vt 0.340000 0.000000
vt 0.360000 1.000000
vt 0.360000 0.000000
vt 0.380000 1.000000
vt 0.380000 0.000000
vt 0.400000 1.000000
vt 0.400000 0.000000
vt 0.420000 1.000000
vt 0.420000 0.000000
vt 0.440000 1.000000
vt 0.440000 0.000000
vt 0.460000 1.000000
vt 0.460000 0.000000
vt 0.480000 1.000000
vt 0.480000 0.000000
vt 0.520000 1.000000
vt 0.520000 0.000000
vt 0.540000 1.000000
vt 0.540000 0.000000
vt 0.560000 1.000000
vt 0.560000 0.000000
vt 0.580000 1.000000
vt 0.580000 0.000000
vt 0.600000 1.000000
vt 0.600000 0.000000
vt 0.620000 1.000000
vt 0.620000 0.000000
vt 0.640000 1.000000
vt 0.640000 0.000000
vt 0.660000 1.000000
vt 0.660000 0.000000
vt 0.680000 1.000000
vt 0.680000 0.000000
vt 0.700000 1.000000
vt 0.700000 0.000000
vt 0.720000 1.000000
vt 0.720000 0.000000
vt 0.740000 1.000000
vt 0.740000 0.000000
vt 0.760000 1.000000
vt 0.760000 0.000000
vt 0.780000 1.000000
vt 0.780000 0.000000
vt 0.800000 1.000000
vt 0.800000 0.000000
vt 0.820000 1.000000
vt 0.820000 0.000000
vt 0.840000 1.000000
vt 0.840000 0.000000
vt 0.860000 1.000000
vt 0.860000 0.000000
vt 0.880000 1.000000
vt 0.880000 0.000000
vt 0.900000 1.000000
vt 0.900000 0.000000
vt 0.920000 1.000000
vt 0.920000 0.000000
vt 0.940000 1.000000
vt 0.940000 0.000000
vt 0.960000 1.000000
vt 0.960000 0.000000
vt 0.980000 1.000000
vt 0.980000 0.000000
vt 0.007874 1.000000
vt 0.007874 0.000000
vt 0.015748 1.000000
vt 0.015748 0.000000
vt 0.023622 1.000000
vt 0.023622 0.000000
vt 0.031496 1.000000
vt 0.031496 0.000000
vt 0.039370 1.000000
vt 0.039370 0.000000
vt 0.047244 1.000000
vt 0.047244 0.000000
vt 0.055118 1.000000
vt 0.055118 0.000000
vt 0.062992 1.000000
vt 0.062992 0.000000
vt 0.070866 1.000000
vt 0.070866 0.000000
vt 0.078740 1.000000
vt 0.078740 0.000000
vt 0.086614 1.000000
vt 0.086614 0.000000
vt 0.094488 1.000000
vt 0.094488 0.000000
vt 0.102362 1.000000
vt 0.102362 0.000000
vt 0.110236 1.000000
vt 0.110236 0.000000
vt 0.118110 1.000000
vt 0.118110 0.000000
vt 0.125984 1.000000
vt 0.125984 0.000000
vt 0.133858 1.000000
vt 0.133858 0.000000
vt 0.141732 1.000000
vt 0.141732 0.000000
vt 0.149606 1.000000
vt 0.149606 0.000000
vt 0.157480 1.000000
vt 0.157480 0.000000
vt 0.165354 1.000000
vt 0.165354 0.000000
vt 0.173228 1.000000
vt 0.173228 0.000000
vt 0.181102 1.000000
vt 0.181102 0.000000
vt 0.188976 1.000000
vt 0.188976 0.000000
vt 0.196850 1.000000
vt 0.196850 0.000000
vt 0.204724 1.000000
vt 0.204724 0.000000
vt 0.212598 1.000000
vt 0.212598 0.000000
vt 0.220472 1.000000
vt 0.220472 0.000000
vt 0.228346 1.000000
vt 0.228346 0.000000
vt 0.236220 1.000000
vt 0.236220 0.000000
vt 0.244094 1.000000
vt 0.244094 0.000000
vt 0.251969 1.000000
vt 0.251969 0.000000
vt 0.259843 1.000000
vt 0.259843 0.000000
vt 0.267717 1.000000
vt 0.267717 0.000000
vt 0.275591 1.000000
vt 0.275591 0.000000
vt 0.283465 1.000000
vt 0.283465 0.000000
vt 0.291339 1.000000
vt 0.291339 0.000000
vt 0.299213 1.000000
vt 0.299213 0.000000
vt 0.307087 1.000000
vt 0.307087 0.000000
vt 0.314961 1.000000
vt 0.314961 0.000000
vt 0.322835 1.000000
vt 0.322835 0.000000
vt 0.330709 1.000000
vt 0.330709 0.000000
vt 0.338583 1.000000
vt 0.338583 0.000000
vt 0.346457 1.000000
vt 0.346457 0.000000
vt 0.354331 1.000000
vt 0.354331 0.000000
vt 0.362205 1.000000
vt 0.362205 0.000000
vt 0.370079 1.000000
vt 0.370079 0.000000
vt 0.377953 1.000000
vt 0.377953 0.000000
vt 0.385827 1.000000
vt 0.385827 0.000000
vt 0.393701 1.000000
vt 0.393701 0.000000
vt 0.401575 1.000000
vt 0.401575 0.000000
vt 0.409449 1.000000
vt 0.409449 0.000000
vt 0.417323 1.000000
vt 0.417323 0.000000
vt 0.425197 1.000000
vt 0.425197 0.000000
vt 0.433071 1.000000
vt 0.433071 0.000000
vt 0.440945 1.000000
vt 0.440945 0.000000
vt 0.448819 1.000000
vt 0.448819 0.000000
vt 0.456693 1.000000
vt 0.456693 0.000000
vt 0.464567 1.000000
vt 0.464567 0.000000
vt 0.472441 1.000000
vt 0.472441 0.000000
vt 0.480315 1.000000
vt 0.480315 0.000000
vt 0.488189 1.000000
vt 0.488189 0.000000
vt 0.496063 1.000000
vt 0.496063 0.000000
vt 0.503937 1.000000
vt 0.503937 0.000000
vt 0.511811 1.000000
vt 0.511811 0.000000
vt 0.519685 1.000000
vt 0.519685 0.000000
vt 0.527559 1.000000
vt 0.527559 0.000000
vt 0.535433 1.000000
vt 0.535433 0.000000
vt 0.543307 1.000000
vt 0.543307 0.000000
vt 0.551181 1.000000
vt 0.551181 0.000000
vt 0.559055 1.000000
vt 0.559055 0.000000
vt 0.566929 1.000000
vt 0.566929 0.000000
vt 0.574803 1.000000
vt 0.574803 0.000000
vt 0.582677 1.000000
vt 0.582677 0.000000
vt 0.590551 1.000000
vt 0.590551 0.000000
vt 0.598425 1.000000
vt 0.598425 0.000000
vt 0.606299 1.000000
vt 0.606299 0.000000
vt 0.614173 1.000000
vt 0.614173 0.000000
vt 0.622047 1.000000
vt 0.622047 0.000000
vt 0.629921 1.000000
vt 0.629921 0.000000
vt 0.637795 1.000000
vt 0.637795 0.000000
vt 0.645669 1.000000
vt 0.645669 0.000000
vt 0.653543 1.000000
vt 0.653543 0.000000
vt 0.661417 1.000000
vt 0.661417 0.000000
vt 0.669291 1.000000
vt 0.669291 0.000000
vt 0.677165 1.000000
vt 0.677165 0.000000
vt 0.685039 1.000000
vt 0.685039 0.000000
vt 0.692913 1.000000
vt 0.692913 0.000000
vt 0.700787 1.000000
vt 0.700787 0.000000
vt 0.708661 1.000000
vt 0.708661 0.000000
vt 0.716535 1.000000
vt 0.716535 0.000000
vt 0.724409 1.000000
vt 0.724409 0.000000
vt 0.732283 1.000000
vt 0.732283 0.000000
vt 0.740157 1.000000
vt 0.740157 0.000000
vt 0.748031 1.000000
vt 0.748031 0.000000
vt 0.755906 1.000000
vt 0.755906 0.000000
vt 0.763780 1.000000
vt 0.763780 0.000000
vt 0.771654 1.000000
vt 0.771654 0.000000
vt 0.779528 1.000000
vt 0.779528 0.000000
vt 0.787402 1.000000
vt 0.787402 0.000000
vt 0.795276 1.000000
vt 0.795276 0.000000
vt 0.803150 1.000000
vt 0.803150 0.000000
vt 0.811024 1.000000
vt 0.811024 0.000000
vt 0.818898 1.000000
vt 0.818898 0.000000
vt 0.826772 1.000000
vt 0.826772 0.000000
vt 0.834646 1.000000
vt 0.834646 0.000000
vt 0.842520 1.000000
vt 0.842520 0.000000
vt 0.850394 1.000000
vt 0.850394 0.000000
vt 0.858268 1.000000
vt 0.858268 0.000000
vt 0.866142 1.000000
vt 0.866142 0.000000
vt 0.874016 1.000000
vt 0.874016 0.000000
vt 0.881890 1.000000
vt 0.881890 0.000000
vt 0.889764 1.000000
vt 0.889764 0.000000
vt 0.897638 1.000000
vt 0.897638 0.000000
vt 0.905512 1.000000
vt 0.905512 0.000000
vt 0.913386 1.000000
vt 0.913386 0.000000
vt 0.921260 1.000000
vt 0.921260 0.000000
vt 0.929134 1.000000
vt 0.929134 0.000000
vt 0.937008 1.000000
vt 0.937008 0.000000
vt 0.944882 1.000000
vt 0.944882 0.000000
vt 0.952756 1.000000
vt 0.952756 0.000000
vt 0.960630 1.000000
vt 0.960630 0.000000
vt 0.968504 1.000000
vt 0.968504 0.000000
vt 0.976378 1.000000
vt 0.976378 0.000000
vt 0.984252 1.000000
vt 0.984252 0.000000
vt 0.992126 1.000000
vt 0.992126 0.000000
s 0
usemtl マテリアル.001
f 113/1/1 115/2/1 114/3/1
f 112/4/1 115/2/1 113/1/1
f 111/5/1 115/2/1 112/4/1
f 111/5/1 116/6/1 115/2/1
f 110/7/1 116/6/1 111/5/1
f 109/8/1 116/6/1 110/7/1
f 108/9/1 116/6/1 109/8/1
f 107/10/1 116/6/1 108/9/1
f 106/11/1 116/6/1 107/10/1
f 105/12/1 116/6/1 106/11/1
f 104/13/1 116/6/1 105/12/1
f 103/14/1 116/6/1 104/13/1
f 102/15/1 116/6/1 103/14/1
f 101/16/1 116/6/1 102/15/1
f 101/16/1 117/17/1 116/6/1
f 101/16/1 118/18/1 117/17/1
f 101/16/1 119/19/1 118/18/1
f 100/20/1 119/19/1 101/16/1
f 100/20/1 120/21/1 119/19/1
f 13/22/1 15/23/1 14/24/1
f 100/20/1 121/25/1 120/21/1
f 12/26/1 15/23/1 13/22/1
f 100/20/1 122/27/1 121/25/1
f 11/28/1 15/23/1 12/26/1
f 10/29/1 15/23/1 11/28/1
f 9/30/1 15/23/1 10/29/1
f 8/31/1 15/23/1 9/30/1
f 7/32/1 15/23/1 8/31/1
f 6/33/1 15/23/1 7/32/1
f 5/34/1 15/23/1 6/33/1
f 4/35/1 15/23/1 5/34/1
f 3/36/1 15/23/1 4/35/1
f 2/37/1 15/23/1 3/36/1
f 127/38/1 2/37/1 1/39/1
f 127/38/1 15/23/1 2/37/1
f 99/40/1 122/27/1 100/20/1
f 99/40/1 123/41/1 122/27/1
f 99/40/1 124/42/1 123/41/1
f 99/40/1 125/43/1 124/42/1
f 99/40/1 126/44/1 125/43/1
f 99/40/1 127/38/1 126/44/1
f 98/45/1 127/38/1 99/40/1
f 98/45/1 15/23/1 127/38/1
f 97/46/1 15/23/1 98/45/1
f 97/46/1 16/47/1 15/23/1
f 96/48/1 16/47/1 97/46/1
f 96/48/1 17/49/1 16/47/1
f 95/50/1 17/49/1 96/48/1
f 95/50/1 18/51/1 17/49/1
f 95/50/1 19/52/1 18/51/1
f 95/50/1 20/53/1 19/52/1
f 95/50/1 21/54/1 20/53/1
f 95/50/1 75/55/1 21/54/1
f 75/55/1 22/56/1 21/54/1
f 75/55/1 23/57/1 22/56/1
f 95/50/1 74/58/1 75/55/1
f 76/59/1 23/57/1 75/55/1
f 76/59/1 24/60/1 23/57/1
f 94/61/1 74/58/1 95/50/1
f 76/59/1 25/62/1 24/60/1
f 76/59/1 26/63/1 25/62/1
f 76/59/1 27/64/1 26/63/1
f 76/59/1 28/65/1 27/64/1
f 94/61/1 77/66/1 74/58/1
f 77/66/1 73/67/1 74/58/1
f 93/68/1 77/66/1 94/61/1
f 93/68/1 78/69/1 77/66/1
f 73/67/1 76/59/1 77/66/1
f 73/67/1 28/65/1 76/59/1
f 93/68/1 79/70/1 78/69/1
f 73/67/1 29/71/1 28/65/1
f 72/72/1 29/71/1 73/67/1
f 92/73/1 79/70/1 93/68/1
f 92/73/1 80/74/1 79/70/1
f 72/72/1 30/75/1 29/71/1
f 71/76/1 30/75/1 72/72/1
f 92/73/1 81/77/1 80/74/1
f 91/78/1 81/77/1 92/73/1
f 70/79/1 30/75/1 71/76/1
f 70/79/1 31/80/1 30/75/1
f 91/78/1 82/81/1 81/77/1
f 90/82/1 82/81/1 91/78/1
f 69/83/1 31/80/1 70/79/1
f 90/82/1 83/84/1 82/81/1
f 69/83/1 32/85/1 31/80/1
f 68/86/1 32/85/1 69/83/1
f 90/82/1 84/87/1 83/84/1
f 68/86/1 33/88/1 32/85/1
f 90/82/1 85/89/1 84/87/1
f 67/90/1 33/88/1 68/86/1
f 89/91/1 85/89/1 90/82/1
f 67/90/1 34/92/1 33/88/1
f 89/91/1 86/93/1 85/89/1
f 66/94/1 34/92/1 67/90/1
f 89/91/1 87/95/1 86/93/1
f 65/96/1 34/92/1 66/94/1
f 65/96/1 35/97/1 34/92/1
f 89/91/1 88/98/1 87/95/1
f 64/99/1 35/97/1 65/96/1
f 64/99/1 36/100/1 35/97/1
f 63/101/1 36/100/1 64/99/1
f 63/101/1 37/102/1 36/100/1
f 62/103/1 37/102/1 63/101/1
f 61/104/1 37/102/1 62/103/1
f 61/104/1 38/105/1 37/102/1
f 60/106/1 38/105/1 61/104/1
f 60/106/1 39/107/1 38/105/1
f 59/108/1 39/107/1 60/106/1
f 59/108/1 40/109/1 39/107/1
f 58/110/1 40/109/1 59/108/1
f 57/111/1 40/109/1 58/110/1
f 57/111/1 41/112/1 40/109/1
f 56/113/1 41/112/1 57/111/1
f 56/113/1 42/114/1 41/112/1
f 55/115/1 42/114/1 56/113/1
f 54/116/1 42/114/1 55/115/1
f 54/116/1 43/117/1 42/114/1
f 53/118/1 43/117/1 54/116/1
f 53/118/1 44/119/1 43/117/1
f 52/120/1 44/119/1 53/118/1
f 52/120/1 45/121/1 44/119/1
f 51/122/1 45/121/1 52/120/1
f 51/122/1 46/123/1 45/121/1
f 51/122/1 47/124/1 46/123/1
f 51/122/1 48/125/1 47/124/1
f 51/122/1 49/126/1 48/125/1
f 51/122/1 50/127/1 49/126/1
f 140/128/1 142/129/1 141/130/1
f 201/131/1 203/132/1 202/133/1
f 228/134/1 230/135/1 229/136/1
f 140/128/1 143/137/1 142/129/1
f 139/138/1 143/137/1 140/128/1
f 139/138/1 144/139/1 143/137/1
f 201/131/1 204/140/1 203/132/1
f 139/138/1 145/141/1 144/139/1
f 228/134/1 231/142/1 230/135/1
f 139/138/1 146/143/1 145/141/1
f 227/144/1 231/142/1 228/134/1
f 200/145/1 204/140/1 201/131/1
f 138/146/1 146/143/1 139/138/1
f 227/144/1 232/147/1 231/142/1
f 138/146/1 147/148/1 146/143/1
f 137/149/1 147/148/1 138/146/1
f 200/145/1 205/150/1 204/140/1
f 227/144/1 233/151/1 232/147/1
f 200/145/1 206/152/1 205/150/1
f 199/153/1 206/152/1 200/145/1
f 199/153/1 207/154/1 206/152/1
f 137/149/1 148/155/1 147/148/1
f 199/153/1 208/156/1 207/154/1
f 136/157/1 148/155/1 137/149/1
f 199/153/1 209/158/1 208/156/1
f 227/144/1 234/159/1 233/151/1
f 199/153/1 210/160/1 209/158/1
f 199/153/1 211/161/1 210/160/1
f 199/153/1 212/162/1 211/161/1
f 135/163/1 148/155/1 136/157/1
f 199/153/1 213/164/1 212/162/1
f 135/163/1 149/165/1 148/155/1
f 226/166/1 234/159/1 227/144/1
f 198/167/1 213/164/1 199/153/1
f 198/167/1 214/168/1 213/164/1
f 198/167/1 215/169/1 214/168/1
f 226/166/1 235/170/1 234/159/1
f 198/167/1 154/171/1 215/169/1
f 225/172/1 235/170/1 226/166/1
f 134/173/1 149/165/1 135/163/1
f 134/173/1 150/174/1 149/165/1
f 197/175/1 154/171/1 198/167/1
f 225/172/1 236/176/1 235/170/1
f 224/177/1 236/176/1 225/172/1
f 197/175/1 155/178/1 154/171/1
f 133/179/1 150/174/1 134/173/1
f 133/179/1 151/180/1 150/174/1
f 223/181/1 236/176/1 224/177/1
f 223/181/1 237/182/1 236/176/1
f 196/183/1 155/178/1 197/175/1
f 133/179/1 152/184/1 151/180/1
f 132/185/1 152/184/1 133/179/1
f 196/183/1 156/186/1 155/178/1
f 222/187/1 237/182/1 223/181/1
f 222/187/1 238/188/1 237/182/1
f 132/185/1 153/189/1 152/184/1
f 131/190/1 153/189/1 132/185/1
f 195/191/1 156/186/1 196/183/1
f 195/191/1 157/192/1 156/186/1
f 221/193/1 238/188/1 222/187/1
f 221/193/1 239/194/1 238/188/1
f 130/195/1 153/189/1 131/190/1
f 194/196/1 157/192/1 195/191/1
f 220/197/1 239/194/1 221/193/1
f 220/197/1 240/198/1 239/194/1
f 129/199/1 153/189/1 130/195/1
f 194/196/1 158/200/1 157/192/1
f 128/39/1 153/189/1 129/199/1
f 220/197/1 241/38/1 240/198/1
f 219/201/1 241/38/1 220/197/1
f 193/202/1 158/200/1 194/196/1
f 193/202/1 159/203/1 158/200/1
f 218/204/1 241/38/1 219/201/1
f 192/205/1 159/203/1 193/202/1
f 192/205/1 160/206/1 159/203/1
f 217/207/1 241/38/1 218/204/1
f 191/208/1 160/206/1 192/205/1
f 216/209/1 241/38/1 217/207/1
f 191/208/1 161/210/1 160/206/1
f 190/211/1 161/210/1 191/208/1
f 189/212/1 161/210/1 190/211/1
f 189/212/1 162/213/1 161/210/1
f 188/214/1 162/213/1 189/212/1
f 188/214/1 163/215/1 162/213/1
f 187/216/1 163/215/1 188/214/1
f 187/216/1 164/217/1 163/215/1
f 186/218/1 164/217/1 187/216/1
f 186/218/1 165/219/1 164/217/1
f 185/220/1 165/219/1 186/218/1
f 184/221/1 165/219/1 185/220/1
f 184/221/1 166/222/1 165/219/1
f 183/223/1 166/222/1 184/221/1
f 183/223/1 167/224/1 166/222/1
f 182/225/1 167/224/1 183/223/1
f 181/226/1 167/224/1 182/225/1
f 181/226/1 168/227/1 167/224/1
f 180/228/1 168/227/1 181/226/1
f 179/229/1 168/227/1 180/228/1
f 178/230/1 168/227/1 179/229/1
f 178/230/1 169/231/1 168/227/1
f 178/230/1 170/232/1 169/231/1
f 177/233/1 170/232/1 178/230/1
f 177/233/1 171/234/1 170/232/1
f 177/233/1 172/235/1 171/234/1
f 177/233/1 173/236/1 172/235/1
f 177/233/1 174/237/1 173/236/1
f 177/233/1 175/238/1 174/237/1
f 177/233/1 176/239/1 175/238/1
f 342/240/1 344/241/1 343/242/1
f 316/243/1 342/240/1 317/244/1
f 342/240/1 318/245/1 317/244/1
f 342/240/1 345/246/1 344/241/1
f 342/240/1 346/247/1 345/246/1
f 316/243/1 341/248/1 342/240/1
f 318/245/1 346/247/1 342/240/1
f 318/245/1 347/249/1 346/247/1
f 318/245/1 348/250/1 347/249/1
f 319/251/1 348/250/1 318/245/1
f 319/251/1 349/252/1 348/250/1
f 320/253/1 349/252/1 319/251/1
f 315/254/1 356/255/1 316/243/1
f 356/255/1 341/248/1 316/243/1
f 320/253/1 350/256/1 349/252/1
f 321/257/1 350/256/1 320/253/1
f 321/257/1 351/258/1 350/256/1
f 322/259/1 351/258/1 321/257/1
f 356/255/1 340/260/1 341/248/1
f 322/259/1 352/261/1 351/258/1
f 323/262/1 352/261/1 322/259/1
f 356/255/1 339/263/1 340/260/1
f 405/38/1 315/254/1 356/255/1
f 315/254/1 357/264/1 356/255/1
f 323/262/1 353/265/1 352/261/1
f 324/266/1 353/265/1 323/262/1
f 324/266/1 354/267/1 353/265/1
f 325/268/1 354/267/1 324/266/1
f 405/38/1 314/269/1 315/254/1
f 325/268/1 355/270/1 354/267/1
f 326/271/1 355/270/1 325/268/1
f 405/38/1 313/272/1 314/269/1
f 327/273/1 355/270/1 326/271/1
f 405/38/1 312/274/1 313/272/1
f 328/275/1 355/270/1 327/273/1
f 405/38/1 311/276/1 312/274/1
f 404/277/1 311/276/1 405/38/1
f 404/277/1 310/278/1 311/276/1
f 329/279/1 355/270/1 328/275/1
f 404/277/1 309/280/1 310/278/1
f 329/279/1 330/281/1 355/270/1
f 404/277/1 308/282/1 309/280/1
f 404/277/1 359/283/1 308/282/1
f 359/283/1 307/284/1 308/282/1
f 404/277/1 360/285/1 359/283/1
f 404/277/1 361/286/1 360/285/1
f 403/287/1 361/286/1 404/277/1
f 402/288/1 361/286/1 403/287/1
f 402/288/1 362/289/1 361/286/1
f 401/290/1 362/289/1 402/288/1
f 401/290/1 363/291/1 362/289/1
f 400/292/1 363/291/1 401/290/1
f 400/292/1 364/293/1 363/291/1
f 399/294/1 364/293/1 400/292/1
f 399/294/1 365/295/1 364/293/1
f 398/296/1 365/295/1 399/294/1
f 398/296/1 366/297/1 365/295/1
f 397/298/1 366/297/1 398/296/1
f 397/298/1 367/299/1 366/297/1
f 396/300/1 367/299/1 397/298/1
f 396/300/1 368/301/1 367/299/1
f 395/302/1 368/301/1 396/300/1
f 395/302/1 369/303/1 368/301/1
f 394/304/1 369/303/1 395/302/1
f 394/304/1 370/305/1 369/303/1
f 393/306/1 370/305/1 394/304/1
f 393/306/1 371/307/1 370/305/1
f 392/308/1 371/307/1 393/306/1
f 392/308/1 372/309/1 371/307/1
f 391/310/1 372/309/1 392/308/1
f 391/310/1 373/311/1 372/309/1
f 390/312/1 373/311/1 391/310/1
f 390/312/1 374/313/1 373/311/1
f 389/314/1 374/313/1 390/312/1
f 388/315/1 374/313/1 389/314/1
f 388/315/1 375/316/1 374/313/1
f 387/317/1 375/316/1 388/315/1
f 387/317/1 376/318/1 375/316/1
f 386/319/1 376/318/1 387/317/1
f 386/319/1 377/320/1 376/318/1
f 385/321/1 377/320/1 386/319/1
f 385/321/1 378/322/1 377/320/1
f 384/323/1 378/322/1 385/321/1
f 384/323/1 379/324/1 378/322/1
f 383/325/1 379/324/1 384/323/1
f 383/325/1 380/326/1 379/324/1
f 382/327/1 380/326/1 383/325/1
f 381/328/1 380/326/1 382/327/1
f 302/329/1 242/39/1 303/330/1
f 302/329/1 243/331/1 242/39/1
f 301/332/1 243/331/1 302/329/1
f 301/332/1 244/333/1 243/331/1
f 301/332/1 245/334/1 244/333/1
f 301/332/1 246/335/1 245/334/1
f 300/336/1 246/335/1 301/332/1
f 300/336/1 247/337/1 246/335/1
f 300/336/1 248/338/1 247/337/1
f 300/336/1 249/339/1 248/338/1
f 300/336/1 250/340/1 249/339/1
f 300/336/1 251/341/1 250/340/1
f 299/342/1 251/341/1 300/336/1
f 299/342/1 252/343/1 251/341/1
f 299/342/1 253/344/1 252/343/1
f 299/342/1 254/345/1 253/344/1
f 299/342/1 255/346/1 254/345/1
f 298/347/1 255/346/1 299/342/1
f 298/347/1 256/348/1 255/346/1
f 298/347/1 257/349/1 256/348/1
f 297/350/1 257/349/1 298/347/1
f 297/350/1 258/351/1 257/349/1
f 296/352/1 258/351/1 297/350/1
f 296/352/1 259/353/1 258/351/1
f 295/354/1 259/353/1 296/352/1
f 295/354/1 260/355/1 259/353/1
f 294/356/1 260/355/1 295/354/1
f 294/356/1 261/357/1 260/355/1
f 293/358/1 261/357/1 294/356/1
f 293/358/1 262/359/1 261/357/1
f 292/360/1 262/359/1 293/358/1
f 292/360/1 263/361/1 262/359/1
f 291/362/1 263/361/1 292/360/1
f 291/362/1 264/363/1 263/361/1
f 290/364/1 264/363/1 291/362/1
f 290/364/1 265/365/1 264/363/1
f 289/366/1 265/365/1 290/364/1
f 288/367/1 265/365/1 289/366/1
f 288/367/1 266/368/1 265/365/1
f 287/369/1 266/368/1 288/367/1
f 287/369/1 267/370/1 266/368/1
f 286/371/1 267/370/1 287/369/1
f 286/371/1 268/372/1 267/370/1
f 285/373/1 268/372/1 286/371/1
f 285/373/1 269/374/1 268/372/1
f 284/375/1 269/374/1 285/373/1
f 284/375/1 270/376/1 269/374/1
f 283/377/1 270/376/1 284/375/1
f 283/377/1 271/378/1 270/376/1
f 282/379/1 271/378/1 283/377/1
f 282/379/1 272/380/1 271/378/1
f 281/381/1 272/380/1 282/379/1
f 281/381/1 273/382/1 272/380/1
f 280/383/1 273/382/1 281/381/1
f 279/384/1 273/382/1 280/383/1
f 279/384/1 274/385/1 273/382/1
f 279/384/1 275/386/1 274/385/1
f 279/384/1 276/387/1 275/386/1
f 279/384/1 277/388/1 276/387/1
f 278/389/1 277/388/1 279/384/1
f 518/1/2 519/3/2 520/2/2
f 517/4/2 518/1/2 520/2/2
f 516/5/2 517/4/2 520/2/2
f 516/5/2 520/2/2 521/6/2
f 515/7/2 516/5/2 521/6/2
f 514/8/2 515/7/2 521/6/2
f 513/9/2 514/8/2 521/6/2
f 512/10/2 513/9/2 521/6/2
f 511/11/2 512/10/2 521/6/2
f 510/12/2 511/11/2 521/6/2
f 509/13/2 510/12/2 521/6/2
f 508/14/2 509/13/2 521/6/2
f 507/15/2 508/14/2 521/6/2
f 506/16/2 507/15/2 521/6/2
f 506/16/2 521/6/2 522/17/2
f 506/16/2 522/17/2 523/18/2
f 506/16/2 523/18/2 524/19/2
f 505/20/2 506/16/2 524/19/2
f 505/20/2 524/19/2 525/21/2
f 418/22/2 419/24/2 420/23/2
f 505/20/2 525/21/2 526/25/2
f 417/26/2 418/22/2 420/23/2
f 505/20/2 526/25/2 527/27/2
f 416/28/2 417/26/2 420/23/2
f 415/29/2 416/28/2 420/23/2
f 414/30/2 415/29/2 420/23/2
f 413/31/2 414/30/2 420/23/2
f 412/32/2 413/31/2 420/23/2
f 411/33/2 412/32/2 420/23/2
f 410/34/2 411/33/2 420/23/2
f 409/35/2 410/34/2 420/23/2
f 408/36/2 409/35/2 420/23/2
f 407/37/2 408/36/2 420/23/2
f 532/38/2 406/39/2 407/37/2
f 532/38/2 407/37/2 420/23/2
f 504/40/2 505/20/2 527/27/2
f 504/40/2 527/27/2 528/41/2
f 504/40/2 528/41/2 529/42/2
f 504/40/2 529/42/2 530/43/2
f 504/40/2 530/43/2 531/44/2
f 504/40/2 531/44/2 532/38/2
f 503/45/2 504/40/2 532/38/2
f 503/45/2 532/38/2 420/23/2
f 502/46/2 503/45/2 420/23/2
f 502/46/2 420/23/2 421/47/2
f 501/48/2 502/46/2 421/47/2
f 501/48/2 421/47/2 422/49/2
f 500/50/2 501/48/2 422/49/2
f 500/50/2 422/49/2 423/51/2
f 500/50/2 423/51/2 424/52/2
f 500/50/2 424/52/2 425/53/2
f 500/50/2 425/53/2 426/54/2
f 500/50/2 426/54/2 480/55/2
f 480/55/2 426/54/2 427/56/2
f 480/55/2 427/56/2 428/57/2
f 500/50/2 480/55/2 479/58/2
f 481/59/2 480/55/2 428/57/2
f 481/59/2 428/57/2 429/60/2
f 499/61/2 500/50/2 479/58/2
f 481/59/2 429/60/2 430/62/2
f 481/59/2 430/62/2 431/63/2
f 481/59/2 431/63/2 432/64/2
f 481/59/2 432/64/2 433/65/2
f 499/61/2 479/58/2 482/66/2
f 482/66/2 479/58/2 478/67/2
f 498/68/2 499/61/2 482/66/2
f 498/68/2 482/66/2 483/69/2
f 478/67/2 482/66/2 481/59/2
f 478/67/2 481/59/2 433/65/2
f 498/68/2 483/69/2 484/70/2
f 478/67/2 433/65/2 434/71/2
f 477/72/2 478/67/2 434/71/2
f 497/73/2 498/68/2 484/70/2
f 497/73/2 484/70/2 485/74/2
f 477/72/2 434/71/2 435/75/2
f 476/76/2 477/72/2 435/75/2
f 497/73/2 485/74/2 486/77/2
f 496/78/2 497/73/2 486/77/2
f 475/79/2 476/76/2 435/75/2
f 475/79/2 435/75/2 436/80/2
f 496/78/2 486/77/2 487/81/2
f 495/82/2 496/78/2 487/81/2
f 474/83/2 475/79/2 436/80/2
f 495/82/2 487/81/2 488/84/2
f 474/83/2 436/80/2 437/85/2
f 473/86/2 474/83/2 437/85/2
f 495/82/2 488/84/2 489/87/2
f 473/86/2 437/85/2 438/88/2
f 495/82/2 489/87/2 490/89/2
f 472/90/2 473/86/2 438/88/2
f 494/91/2 495/82/2 490/89/2
f 472/90/2 438/88/2 439/92/2
f 494/91/2 490/89/2 491/93/2
f 471/94/2 472/90/2 439/92/2
f 494/91/2 491/93/2 492/95/2
f 470/96/2 471/94/2 439/92/2
f 470/96/2 439/92/2 440/97/2
f 494/91/2 492/95/2 493/98/2
f 469/99/2 470/96/2 440/97/2
f 469/99/2 440/97/2 441/100/2
f 468/101/2 469/99/2 441/100/2
f 468/101/2 441/100/2 442/102/2
f 467/103/2 468/101/2 442/102/2
f 466/104/2 467/103/2 442/102/2
f 466/104/2 442/102/2 443/105/2
f 465/106/2 466/104/2 443/105/2
f 465/106/2 443/105/2 444/107/2
f 464/108/2 465/106/2 444/107/2
f 464/108/2 444/107/2 445/109/2
f 463/110/2 464/108/2 445/109/2
f 462/111/2 463/110/2 445/109/2
f 462/111/2 445/109/2 446/112/2
f 461/113/2 462/111/2 446/112/2
f 461/113/2 446/112/2 447/114/2
f 460/115/2 461/113/2 447/114/2
f 459/116/2 460/115/2 447/114/2
f 459/116/2 447/114/2 448/117/2
f 458/118/2 459/116/2 448/117/2
f 458/118/2 448/117/2 449/119/2
f 457/120/2 458/118/2 449/119/2
f 457/120/2 449/119/2 450/121/2
f 456/122/2 457/120/2 450/121/2
f 456/122/2 450/121/2 451/123/2
f 456/122/2 451/123/2 452/124/2
f 456/122/2 452/124/2 453/125/2
f 456/122/2 453/125/2 454/126/2
f 456/122/2 454/126/2 455/127/2
f 545/128/2 546/130/2 547/129/2
f 606/131/2 607/133/2 608/132/2
f 633/134/2 634/136/2 635/135/2
f 545/128/2 547/129/2 548/137/2
f 544/138/2 545/128/2 548/137/2
f 544/138/2 548/137/2 549/139/2
f 606/131/2 608/132/2 609/140/2
f 544/138/2 549/139/2 550/141/2
f 633/134/2 635/135/2 636/142/2
f 544/138/2 550/141/2 551/143/2
f 632/144/2 633/134/2 636/142/2
f 605/145/2 606/131/2 609/140/2
f 543/146/2 544/138/2 551/143/2
f 632/144/2 636/142/2 637/147/2
f 543/146/2 551/143/2 552/148/2
f 542/149/2 543/146/2 552/148/2
f 605/145/2 609/140/2 610/150/2
f 632/144/2 637/147/2 638/151/2
f 605/145/2 610/150/2 611/152/2
f 604/153/2 605/145/2 611/152/2
f 604/153/2 611/152/2 612/154/2
f 542/149/2 552/148/2 553/155/2
f 604/153/2 612/154/2 613/156/2
f 541/157/2 542/149/2 553/155/2
f 604/153/2 613/156/2 614/158/2
f 632/144/2 638/151/2 639/159/2
f 604/153/2 614/158/2 615/160/2
f 604/153/2 615/160/2 616/161/2
f 604/153/2 616/161/2 617/162/2
f 540/163/2 541/157/2 553/155/2
f 604/153/2 617/162/2 618/164/2
f 540/163/2 553/155/2 554/165/2
f 631/166/2 632/144/2 639/159/2
f 603/167/2 604/153/2 618/164/2
f 603/167/2 618/164/2 619/168/2
f 603/167/2 619/168/2 620/169/2
f 631/166/2 639/159/2 640/170/2
f 603/167/2 620/169/2 559/171/2
f 630/172/2 631/166/2 640/170/2
f 539/173/2 540/163/2 554/165/2
f 539/173/2 554/165/2 555/174/2
f 602/175/2 603/167/2 559/171/2
f 630/172/2 640/170/2 641/176/2
f 629/177/2 630/172/2 641/176/2
f 602/175/2 559/171/2 560/178/2
f 538/179/2 539/173/2 555/174/2
f 538/179/2 555/174/2 556/180/2
f 628/181/2 629/177/2 641/176/2
f 628/181/2 641/176/2 642/182/2
f 601/183/2 602/175/2 560/178/2
f 538/179/2 556/180/2 557/184/2
f 537/185/2 538/179/2 557/184/2
f 601/183/2 560/178/2 561/186/2
f 627/187/2 628/181/2 642/182/2
f 627/187/2 642/182/2 643/188/2
f 537/185/2 557/184/2 558/189/2
f 536/190/2 537/185/2 558/189/2
f 600/191/2 601/183/2 561/186/2
f 600/191/2 561/186/2 562/192/2
f 626/193/2 627/187/2 643/188/2
f 626/193/2 643/188/2 644/194/2
f 535/195/2 536/190/2 558/189/2
f 599/196/2 600/191/2 562/192/2
f 625/197/2 626/193/2 644/194/2
f 625/197/2 644/194/2 645/198/2
f 534/199/2 535/195/2 558/189/2
f 599/196/2 562/192/2 563/200/2
f 533/39/2 534/199/2 558/189/2
f 625/197/2 645/198/2 646/38/2
f 624/201/2 625/197/2 646/38/2
f 598/202/2 599/196/2 563/200/2
f 598/202/2 563/200/2 564/203/2
f 623/204/2 624/201/2 646/38/2
f 597/205/2 598/202/2 564/203/2
f 597/205/2 564/203/2 565/206/2
f 622/207/2 623/204/2 646/38/2
f 596/208/2 597/205/2 565/206/2
f 621/209/2 622/207/2 646/38/2
f 596/208/2 565/206/2 566/210/2
f 595/211/2 596/208/2 566/210/2
f 594/212/2 595/211/2 566/210/2
f 594/212/2 566/210/2 567/213/2
f 593/214/2 594/212/2 567/213/2
f 593/214/2 567/213/2 568/215/2
f 592/216/2 593/214/2 568/215/2
f 592/216/2 568/215/2 569/217/2
f 591/218/2 592/216/2 569/217/2
f 591/218/2 569/217/2 570/219/2
f 590/220/2 591/218/2 570/219/2
f 589/221/2 590/220/2 570/219/2
f 589/221/2 570/219/2 571/222/2
f 588/223/2 589/221/2 571/222/2
f 588/223/2 571/222/2 572/224/2
f 587/225/2 588/223/2 572/224/2
f 586/226/2 587/225/2 572/224/2
f 586/226/2 572/224/2 573/227/2
f 585/228/2 586/226/2 573/227/2
f 584/229/2 585/228/2 573/227/2
f 583/230/2 584/229/2 573/227/2
f 583/230/2 573/227/2 574/231/2
f 583/230/2 574/231/2 575/232/2
f 582/233/2 583/230/2 575/232/2
f 582/233/2 575/232/2 576/234/2
f 582/233/2 576/234/2 577/235/2
f 582/233/2 577/235/2 578/236/2
f 582/233/2 578/236/2 579/237/2
f 582/233/2 579/237/2 580/238/2
f 582/233/2 580/238/2 581/239/2
f 747/240/2 748/242/2 749/241/2
f 721/243/2 722/244/2 747/240/2
f 747/240/2 722/244/2 723/245/2
f 747/240/2 749/241/2 750/246/2
f 747/240/2 750/246/2 751/247/2
f 721/243/2 747/240/2 746/248/2
f 723/245/2 747/240/2 751/247/2
f 723/245/2 751/247/2 752/249/2
f 723/245/2 752/249/2 753/250/2
f 724/251/2 723/245/2 753/250/2
f 724/251/2 753/250/2 754/252/2
f 725/253/2 724/251/2 754/252/2
f 720/254/2 721/243/2 761/255/2
f 761/255/2 721/243/2 746/248/2
f 725/253/2 754/252/2 755/256/2
f 726/257/2 725/253/2 755/256/2
f 726/257/2 755/256/2 756/258/2
f 727/259/2 726/257/2 756/258/2
f 761/255/2 746/248/2 745/260/2
f 727/259/2 756/258/2 757/261/2
f 728/262/2 727/259/2 757/261/2
f 761/255/2 745/260/2 744/263/2
f 810/38/2 761/255/2 720/254/2
f 720/254/2 761/255/2 762/264/2
f 728/262/2 757/261/2 758/265/2
f 729/266/2 728/262/2 758/265/2
f 729/266/2 758/265/2 759/267/2
f 730/268/2 729/266/2 759/267/2
f 810/38/2 720/254/2 719/269/2
f 730/268/2 759/267/2 760/270/2
f 731/271/2 730/268/2 760/270/2
f 810/38/2 719/269/2 718/272/2
f 732/273/2 731/271/2 760/270/2
f 810/38/2 718/272/2 717/274/2
f 733/275/2 732/273/2 760/270/2
f 810/38/2 717/274/2 716/276/2
f 809/277/2 810/38/2 716/276/2
f 809/277/2 716/276/2 715/278/2
f 734/279/2 733/275/2 760/270/2
f 809/277/2 715/278/2 714/280/2
f 734/279/2 760/270/2 735/281/2
f 809/277/2 714/280/2 713/282/2
f 809/277/2 713/282/2 764/283/2
f 764/283/2 713/282/2 712/284/2
f 809/277/2 764/283/2 765/285/2
f 809/277/2 765/285/2 766/286/2
f 808/287/2 809/277/2 766/286/2
f 807/288/2 808/287/2 766/286/2
f 807/288/2 766/286/2 767/289/2
f 806/290/2 807/288/2 767/289/2
f 806/290/2 767/289/2 768/291/2
f 805/292/2 806/290/2 768/291/2
f 805/292/2 768/291/2 769/293/2
f 804/294/2 805/292/2 769/293/2
f 804/294/2 769/293/2 770/295/2
f 803/296/2 804/294/2 770/295/2
f 803/296/2 770/295/2 771/297/2
f 802/298/2 803/296/2 771/297/2
f 802/298/2 771/297/2 772/299/2
f 801/300/2 802/298/2 772/299/2
f 801/300/2 772/299/2 773/301/2
f 800/302/2 801/300/2 773/301/2
f 800/302/2 773/301/2 774/303/2
f 799/304/2 800/302/2 774/303/2
f 799/304/2 774/303/2 775/305/2
f 798/306/2 799/304/2 775/305/2
f 798/306/2 775/305/2 776/307/2
f 797/308/2 798/306/2 776/307/2
f 797/308/2 776/307/2 777/309/2
f 796/310/2 797/308/2 777/309/2
f 796/310/2 777/309/2 778/311/2
f 795/312/2 796/310/2 778/311/2
f 795/312/2 778/311/2 779/313/2
f 794/314/2 795/312/2 779/313/2
f 793/315/2 794/314/2 779/313/2
f 793/315/2 779/313/2 780/316/2
f 792/317/2 793/315/2 780/316/2
f 792/317/2 780/316/2 781/318/2
f 791/319/2 792/317/2 781/318/2
f 791/319/2 781/318/2 782/320/2
f 790/321/2 791/319/2 782/320/2
f 790/321/2 782/320/2 783/322/2
f 789/323/2 790/321/2 783/322/2
f 789/323/2 783/322/2 784/324/2
f 788/325/2 789/323/2 784/324/2
f 788/325/2 784/324/2 785/326/2
f 787/327/2 788/325/2 785/326/2
f 786/328/2 787/327/2 785/326/2
f 707/329/2 708/330/2 647/39/2
f 707/329/2 647/39/2 648/331/2
f 706/332/2 707/329/2 648/331/2
f 706/332/2 648/331/2 649/333/2
f 706/332/2 649/333/2 650/334/2
f 706/332/2 650/334/2 651/335/2
f 705/336/2 706/332/2 651/335/2
f 705/336/2 651/335/2 652/337/2
f 705/336/2 652/337/2 653/338/2
f 705/336/2 653/338/2 654/339/2
f 705/336/2 654/339/2 655/340/2
f 705/336/2 655/340/2 656/341/2
f 704/342/2 705/336/2 656/341/2
f 704/342/2 656/341/2 657/343/2
f 704/342/2 657/343/2 658/344/2
f 704/342/2 658/344/2 659/345/2
f 704/342/2 659/345/2 660/346/2
f 703/347/2 704/342/2 660/346/2
f 703/347/2 660/346/2 661/348/2
f 703/347/2 661/348/2 662/349/2
f 702/350/2 703/347/2 662/349/2
f 702/350/2 662/349/2 663/351/2
f 701/352/2 702/350/2 663/351/2
f 701/352/2 663/351/2 664/353/2
f 700/354/2 701/352/2 664/353/2
f 700/354/2 664/353/2 665/355/2
f 699/356/2 700/354/2 665/355/2
f 699/356/2 665/355/2 666/357/2
f 698/358/2 699/356/2 666/357/2
f 698/358/2 666/357/2 667/359/2
f 697/360/2 698/358/2 667/359/2
f 697/360/2 667/359/2 668/361/2
f 696/362/2 697/360/2 668/361/2
f 696/362/2 668/361/2 669/363/2
f 695/364/2 696/362/2 669/363/2
f 695/364/2 669/363/2 670/365/2
f 694/366/2 695/364/2 670/365/2
f 693/367/2 694/366/2 670/365/2
f 693/367/2 670/365/2 671/368/2
f 692/369/2 693/367/2 671/368/2
f 692/369/2 671/368/2 672/370/2
f 691/371/2 692/369/2 672/370/2
f 691/371/2 672/370/2 673/372/2
f 690/373/2 691/371/2 673/372/2
f 690/373/2 673/372/2 674/374/2
f 689/375/2 690/373/2 674/374/2
f 689/375/2 674/374/2 675/376/2
f 688/377/2 689/375/2 675/376/2
f 688/377/2 675/376/2 676/378/2
f 687/379/2 688/377/2 676/378/2
f 687/379/2 676/378/2 677/380/2
f 686/381/2 687/379/2 677/380/2
f 686/381/2 677/380/2 678/382/2
f 685/383/2 686/381/2 678/382/2
f 684/384/2 685/383/2 678/382/2
f 684/384/2 678/382/2 679/385/2
f 684/384/2 679/385/2 680/386/2
f 684/384/2 680/386/2 681/387/2
f 684/384/2 681/387/2 682/388/2
f 683/389/2 684/384/2 682/388/2
s 1
f 812/390/3 814/391/4 813/392/4 811/39/3
f 814/391/4 816/393/5 815/394/5 813/392/4
f 816/393/5 818/395/6 817/396/6 815/394/5
f 818/395/6 820/397/7 819/398/7 817/396/6
f 820/397/7 822/399/8 821/400/8 819/398/7
f 822/399/8 824/401/9 823/402/9 821/400/8
f 824/401/9 826/403/10 825/404/10 823/402/9
f 826/403/10 828/405/11 827/406/11 825/404/10
f 828/405/11 830/407/12 829/408/12 827/406/11
f 830/407/12 832/409/13 831/410/13 829/408/12
f 832/409/13 834/411/14 833/412/14 831/410/13
f 834/411/14 836/413/15 835/414/15 833/412/14
f 836/413/15 838/415/16 837/99/16 835/414/15
f 838/415/16 840/416/17 839/417/17 837/99/16
f 840/416/17 842/418/18 841/419/18 839/417/17
f 842/418/18 844/420/19 843/421/19 841/419/18
f 844/420/19 846/422/20 845/423/20 843/421/19
f 846/422/20 848/424/21 847/425/21 845/423/20
f 848/424/21 850/426/22 849/427/22 847/425/21
f 850/426/22 852/428/23 851/429/23 849/427/22
f 852/428/23 854/430/24 853/431/24 851/429/23
f 854/430/24 856/432/25 855/433/25 853/431/24
f 856/432/25 858/434/26 857/435/26 855/433/25
f 858/434/26 860/436/27 859/437/27 857/435/26
f 860/436/27 862/438/28 861/439/28 859/437/27
f 862/438/28 812/440/3 811/38/3 861/439/28
f 864/390/29 866/391/30 865/392/30 863/39/29
f 866/391/30 868/393/31 867/394/31 865/392/30
f 868/393/31 870/395/32 869/396/32 867/394/31
f 870/395/32 872/397/33 871/398/33 869/396/32
f 872/397/33 874/399/34 873/400/34 871/398/33
f 874/399/34 876/401/35 875/402/35 873/400/34
f 876/401/35 878/403/36 877/404/36 875/402/35
f 878/403/36 880/405/37 879/406/37 877/404/36
f 880/405/37 882/407/38 881/408/38 879/406/37
f 882/407/38 884/409/39 883/410/39 881/408/38
f 884/409/39 886/411/40 885/412/40 883/410/39
f 886/411/40 888/413/41 887/414/41 885/412/40
f 888/413/41 890/415/42 889/99/42 887/414/41
f 890/415/42 892/416/43 891/417/43 889/99/42
f 892/416/43 894/418/44 893/419/44 891/417/43
f 894/418/44 896/420/45 895/421/45 893/419/44
f 896/420/45 898/422/46 897/423/46 895/421/45
f 898/422/46 900/424/47 899/425/47 897/423/46
f 900/424/47 902/426/48 901/427/48 899/425/47
f 902/426/48 904/428/49 903/429/49 901/427/48
f 904/428/49 906/430/50 905/431/50 903/429/49
f 906/430/50 908/432/51 907/433/51 905/431/50
f 908/432/51 910/434/52 909/435/52 907/433/51
f 910/434/52 912/436/26 911/437/26 909/435/52
f 912/436/26 914/438/53 913/439/53 911/437/26
f 914/438/53 864/440/29 863/38/29 913/439/53
f 916/390/54 918/441/55 917/442/55 915/39/54
f 918/441/55 920/443/56 919/444/56 917/442/55
f 920/443/56 922/445/57 921/446/57 919/444/56
f 922/445/57 924/447/58 923/448/58 921/446/57
f 924/447/58 926/449/59 925/450/59 923/448/58
f 926/449/59 928/451/60 927/452/60 925/450/59
f 928/451/60 930/453/61 929/454/61 927/452/60
f 930/453/61 932/455/62 931/456/62 929/454/61
f 932/455/62 934/457/63 933/458/63 931/456/62
f 934/457/63 936/459/64 935/460/64 933/458/63
f 936/459/64 938/461/65 937/462/65 935/460/64
f 938/461/65 940/463/66 939/464/66 937/462/65
f 940/463/66 942/465/67 941/466/67 939/464/66
f 942/465/67 944/467/68 943/468/68 941/466/67
f 944/467/68 946/469/69 945/470/69 943/468/68
f 946/469/69 948/471/70 947/472/70 945/470/69
f 948/471/70 950/473/71 949/474/71 947/472/70
f 950/473/71 952/475/72 951/476/72 949/474/71
f 952/475/72 954/477/73 953/478/73 951/476/72
f 954/477/73 956/479/74 955/480/74 953/478/73
f 956/479/74 958/481/75 957/482/75 955/480/74
f 958/481/75 960/483/76 959/484/76 957/482/75
f 960/483/76 962/485/77 961/486/77 959/484/76
f 962/485/77 964/487/78 963/488/78 961/486/77
f 964/487/78 966/489/79 965/490/79 963/488/78
f 966/489/79 968/491/80 967/492/80 965/490/79
f 968/491/80 970/493/81 969/494/81 967/492/80
f 970/493/81 972/495/82 971/496/82 969/494/81
f 972/495/82 974/497/83 973/498/83 971/496/82
f 974/497/83 976/499/84 975/500/84 973/498/83
f 976/499/84 978/415/85 977/99/85 975/500/84
f 978/415/85 980/501/86 979/502/86 977/99/85
f 980/501/86 982/503/87 981/504/87 979/502/86
f 982/503/87 984/505/88 983/506/88 981/504/87
f 984/505/88 986/507/89 985/508/89 983/506/88
f 986/507/89 988/509/90 987/510/90 985/508/89
f 988/509/90 990/511/91 989/512/91 987/510/90
f 990/511/91 992/513/92 991/514/92 989/512/91
f 992/513/92 994/515/93 993/516/93 991/514/92
f 994/515/93 996/517/94 995/518/94 993/516/93
f 996/517/94 998/519/95 997/520/95 995/518/94
f 998/519/95 1000/521/96 999/522/96 997/520/95
f 1000/521/96 1002/523/97 1001/524/97 999/522/96
f 1002/523/97 1004/525/98 1003/526/98 1001/524/97
f 1004/525/98 1006/527/99 1005/528/99 1003/526/98
f 1006/527/99 1008/529/100 1007/530/100 1005/528/99
f 1008/529/100 1010/531/101 1009/532/101 1007/530/100
f 1010/531/101 1012/533/102 1011/534/102 1009/532/101
f 1012/533/102 1014/535/103 1013/536/103 1011/534/102
f 1014/535/103 1016/537/104 1015/538/104 1013/536/103
f 1016/537/104 1018/539/105 1017/540/105 1015/538/104
f 1018/539/105 1020/541/106 1019/542/106 1017/540/105
f 1020/541/106 1022/543/107 1021/544/107 1019/542/106
f 1022/543/107 1024/545/108 1023/546/108 1021/544/107
f 1024/545/108 1026/547/109 1025/548/109 1023/546/108
f 1026/547/109 1028/549/110 1027/550/110 1025/548/109
f 1028/549/110 1030/551/111 1029/552/111 1027/550/110
f 1030/551/111 1032/553/112 1031/554/112 1029/552/111
f 1032/553/112 1034/555/113 1033/556/113 1031/554/112
f 1034/555/113 1036/557/114 1035/558/114 1033/556/113
f 1036/557/114 1038/559/115 1037/560/115 1035/558/114
f 1038/559/115 916/440/54 915/38/54 1037/560/115
f 1040/390/116 1042/561/117 1041/562/117 1039/39/116
f 1042/561/117 1044/563/118 1043/564/118 1041/562/117
f 1044/563/118 1046/565/119 1045/566/119 1043/564/118
f 1046/565/119 1048/567/120 1047/568/120 1045/566/119
f 1048/567/120 1050/569/121 1049/570/121 1047/568/120
f 1050/569/121 1052/571/122 1051/572/122 1049/570/121
f 1052/571/122 1054/573/123 1053/574/123 1051/572/122
f 1054/573/123 1056/575/124 1055/576/124 1053/574/123
f 1056/575/124 1058/577/125 1057/578/125 1055/576/124
f 1058/577/125 1060/579/126 1059/580/126 1057/578/125
f 1060/579/126 1062/581/127 1061/582/127 1059/580/126
f 1062/581/127 1064/583/128 1063/584/128 1061/582/127
f 1064/583/128 1066/585/129 1065/586/129 1063/584/128
f 1066/585/129 1068/587/130 1067/588/130 1065/586/129
f 1068/587/130 1070/589/131 1069/590/131 1067/588/130
f 1070/589/131 1072/591/132 1071/592/132 1069/590/131
f 1072/591/132 1074/593/133 1073/594/133 1071/592/132
f 1074/593/133 1076/595/134 1075/596/134 1073/594/133
f 1076/595/134 1078/597/135 1077/598/135 1075/596/134
f 1078/597/135 1080/599/136 1079/600/136 1077/598/135
f 1080/599/136 1082/601/137 1081/602/137 1079/600/136
f 1082/601/137 1084/603/138 1083/604/138 1081/602/137
f 1084/603/138 1086/605/139 1085/606/139 1083/604/138
f 1086/605/139 1088/607/140 1087/608/140 1085/606/139
f 1088/607/140 1090/415/141 1089/99/141 1087/608/140
f 1090/415/141 1092/609/142 1091/610/142 1089/99/141
f 1092/609/142 1094/611/143 1093/612/143 1091/610/142
f 1094/611/143 1096/613/144 1095/614/144 1093/612/143
f 1096/613/144 1098/615/145 1097/616/145 1095/614/144
f 1098/615/145 1100/617/146 1099/618/146 1097/616/145
f 1100/617/146 1102/619/147 1101/620/147 1099/618/146
f 1102/619/147 1104/621/148 1103/622/148 1101/620/147
f 1104/621/148 1106/623/149 1105/624/149 1103/622/148
f 1106/623/149 1108/625/150 1107/626/150 1105/624/149
f 1108/625/150 1110/627/151 1109/628/151 1107/626/150
f 1110/627/151 1112/629/152 1111/630/152 1109/628/151
f 1112/629/152 1114/631/153 1113/632/153 1111/630/152
f 1114/631/153 1116/633/154 1115/634/154 1113/632/153
f 1116/633/154 1118/635/155 1117/636/155 1115/634/154
f 1118/635/155 1120/637/156 1119/638/156 1117/636/155
f 1120/637/156 1122/639/157 1121/640/157 1119/638/156
f 1122/639/157 1124/641/158 1123/642/158 1121/640/157
f 1124/641/158 1126/643/159 1125/644/159 1123/642/158
f 1126/643/159 1128/645/160 1127/646/160 1125/644/159
f 1128/645/160 1130/647/161 1129/648/161 1127/646/160
f 1130/647/161 1132/649/162 1131/650/162 1129/648/161
f 1132/649/162 1134/651/163 1133/652/163 1131/650/162
f 1134/651/163 1136/653/164 1135/654/164 1133/652/163
f 1136/653/164 1138/655/165 1137/656/165 1135/654/164
f 1138/655/165 1040/440/116 1039/38/116 1137/656/165
f 1140/390/166 1142/391/167 1141/392/167 1139/39/166
f 1142/391/167 1144/393/168 1143/394/168 1141/392/167
f 1144/393/168 1146/395/169 1145/396/169 1143/394/168
f 1146/395/169 1148/397/170 1147/398/170 1145/396/169
f 1148/397/170 1150/399/171 1149/400/171 1147/398/170
f 1150/399/171 1152/401/172 1151/402/172 1149/400/171
f 1152/401/172 1154/403/173 1153/404/173 1151/402/172
f 1154/403/173 1156/405/174 1155/406/174 1153/404/173
f 1156/405/174 1158/407/175 1157/408/175 1155/406/174
f 1158/407/175 1160/409/176 1159/410/176 1157/408/175
f 1160/409/176 1162/411/177 1161/412/177 1159/410/176
f 1162/411/177 1164/413/178 1163/414/178 1161/412/177
f 1164/413/178 1166/415/179 1165/99/179 1163/414/178
f 1166/415/179 1168/416/180 1167/417/180 1165/99/179
f 1168/416/180 1170/418/181 1169/419/181 1167/417/180
f 1170/418/181 1172/420/182 1171/421/182 1169/419/181
f 1172/420/182 1174/422/183 1173/423/183 1171/421/182
f 1174/422/183 1176/424/184 1175/425/184 1173/423/183
f 1176/424/184 1178/426/185 1177/427/185 1175/425/184
f 1178/426/185 1180/428/186 1179/429/186 1177/427/185
f 1180/428/186 1182/430/187 1181/431/187 1179/429/186
f 1182/430/187 1184/432/188 1183/433/188 1181/431/187
f 1184/432/188 1186/434/189 1185/435/189 1183/433/188
f 1186/434/189 1188/436/190 1187/437/190 1185/435/189
f 1188/436/190 1190/438/191 1189/439/191 1187/437/190
f 1190/438/191 1140/440/166 1139/38/166 1189/439/191
f 1192/390/192 1194/441/193 1193/442/193 1191/39/192
f 1194/441/193 1196/443/194 1195/444/194 1193/442/193
f 1196/443/194 1198/445/195 1197/446/195 1195/444/194
f 1198/445/195 1200/447/196 1199/448/196 1197/446/195
f 1200/447/196 1202/449/197 1201/450/197 1199/448/196
f 1202/449/197 1204/451/198 1203/452/198 1201/450/197
f 1204/451/198 1206/453/199 1205/454/199 1203/452/198
f 1206/453/199 1208/455/200 1207/456/200 1205/454/199
f 1208/455/200 1210/457/201 1209/458/201 1207/456/200
f 1210/457/201 1212/459/202 1211/460/202 1209/458/201
f 1212/459/202 1214/461/203 1213/462/203 1211/460/202
f 1214/461/203 1216/463/204 1215/464/204 1213/462/203
f 1216/463/204 1218/465/205 1217/466/205 1215/464/204
f 1218/465/205 1220/467/206 1219/468/206 1217/466/205
f 1220/467/206 1222/469/207 1221/470/207 1219/468/206
f 1222/469/207 1224/471/208 1223/472/208 1221/470/207
f 1224/471/208 1226/473/209 1225/474/209 1223/472/208
f 1226/473/209 1228/475/210 1227/476/210 1225/474/209
f 1228/475/210 1230/477/211 1229/478/211 1227/476/210
f 1230/477/211 1232/479/212 1231/480/212 1229/478/211
f 1232/479/212 1234/481/213 1233/482/213 1231/480/212
f 1234/481/213 1236/483/214 1235/484/214 1233/482/213
f 1236/483/214 1238/485/215 1237/486/215 1235/484/214
f 1238/485/215 1240/487/216 1239/488/216 1237/486/215
f 1240/487/216 1242/489/217 1241/490/217 1239/488/216
f 1242/489/217 1244/491/218 1243/492/218 1241/490/217
f 1244/491/218 1246/493/219 1245/494/219 1243/492/218
f 1246/493/219 1248/495/220 1247/496/220 1245/494/219
f 1248/495/220 1250/497/221 1249/498/221 1247/496/220
f 1250/497/221 1252/499/222 1251/500/222 1249/498/221
f 1252/499/222 1254/415/223 1253/99/223 1251/500/222
f 1254/415/223 1256/501/224 1255/502/224 1253/99/223
f 1256/501/224 1258/503/225 1257/504/225 1255/502/224
f 1258/503/225 1260/505/226 1259/506/226 1257/504/225
f 1260/505/226 1262/507/227 1261/508/227 1259/506/226
f 1262/507/227 1264/509/228 1263/510/228 1261/508/227
f 1264/509/228 1266/511/229 1265/512/229 1263/510/228
f 1266/511/229 1268/513/230 1267/514/230 1265/512/229
f 1268/513/230 1270/515/231 1269/516/231 1267/514/230
f 1270/515/231 1272/517/232 1271/518/232 1269/516/231
f 1272/517/232 1274/519/233 1273/520/233 1271/518/232
f 1274/519/233 1276/521/234 1275/522/234 1273/520/233
f 1276/521/234 1278/523/235 1277/524/235 1275/522/234
f 1278/523/235 1280/525/236 1279/526/236 1277/524/235
f 1280/525/236 1282/527/237 1281/528/237 1279/526/236
f 1282/527/237 1284/529/238 1283/530/238 1281/528/237
f 1284/529/238 1286/531/239 1285/532/239 1283/530/238
f 1286/531/239 1288/533/240 1287/534/240 1285/532/239
f 1288/533/240 1290/535/241 1289/536/241 1287/534/240
f 1290/535/241 1292/537/242 1291/538/242 1289/536/241
f 1292/537/242 1294/539/243 1293/540/243 1291/538/242
f 1294/539/243 1296/541/244 1295/542/244 1293/540/243
f 1296/541/244 1298/543/245 1297/544/245 1295/542/244
f 1298/543/245 1300/545/246 1299/546/246 1297/544/245
f 1300/545/246 1302/547/247 1301/548/247 1299/546/246
f 1302/547/247 1304/549/248 1303/550/248 1301/548/247
f 1304/549/248 1306/551/249 1305/552/249 1303/550/248
f 1306/551/249 1308/553/250 1307/554/250 1305/552/249
f 1308/553/250 1310/555/251 1309/556/251 1307/554/250
f 1310/555/251 1312/557/252 1311/558/252 1309/556/251
f 1312/557/252 1314/559/253 1313/560/253 1311/558/252
f 1314/559/253 1192/440/192 1191/38/192 1313/560/253
f 1316/390/254 1318/391/255 1317/392/255 1315/39/254
f 1318/391/255 1320/393/256 1319/394/256 1317/392/255
f 1320/393/256 1322/395/257 1321/396/257 1319/394/256
f 1322/395/257 1324/397/258 1323/398/258 1321/396/257
f 1324/397/258 1326/399/259 1325/400/259 1323/398/258
f 1326/399/259 1328/401/260 1327/402/260 1325/400/259
f 1328/401/260 1330/403/261 1329/404/261 1327/402/260
f 1330/403/261 1332/405/262 1331/406/262 1329/404/261
f 1332/405/262 1334/407/263 1333/408/263 1331/406/262
f 1334/407/263 1336/409/264 1335/410/264 1333/408/263
f 1336/409/264 1338/411/265 1337/412/265 1335/410/264
f 1338/411/265 1340/413/266 1339/414/266 1337/412/265
f 1340/413/266 1342/415/267 1341/99/267 1339/414/266
f 1342/415/267 1344/416/268 1343/417/268 1341/99/267
f 1344/416/268 1346/418/269 1345/419/269 1343/417/268
f 1346/418/269 1348/420/270 1347/421/270 1345/419/269
f 1348/420/270 1350/422/271 1349/423/271 1347/421/270
f 1350/422/271 1352/424/180 1351/425/180 1349/423/271
f 1352/424/180 1354/426/272 1353/427/272 1351/425/180
f 1354/426/272 1356/428/273 1355/429/273 1353/427/272
f 1356/428/273 1358/430/274 1357/431/274 1355/429/273
f 1358/430/274 1360/432/275 1359/433/275 1357/431/274
f 1360/432/275 1362/434/276 1361/435/276 1359/433/275
f 1362/434/276 1364/436/277 1363/437/277 1361/435/276
f 1364/436/277 1366/438/278 1365/439/278 1363/437/277
f 1366/438/278 1316/440/254 1315/38/254 1365/439/278
f 1368/390/279 1370/657/280 1369/658/280 1367/39/279
f 1370/657/280 1372/659/281 1371/660/281 1369/658/280
f 1372/659/281 1374/661/282 1373/662/282 1371/660/281
f 1374/661/282 1376/663/283 1375/664/283 1373/662/282
f 1376/663/283 1378/665/284 1377/666/284 1375/664/283
f 1378/665/284 1380/667/285 1379/668/285 1377/666/284
f 1380/667/285 1382/669/286 1381/670/286 1379/668/285
f 1382/669/286 1384/671/287 1383/672/287 1381/670/286
f 1384/671/287 1386/673/288 1385/674/288 1383/672/287
f 1386/673/288 1388/675/289 1387/676/289 1385/674/288
f 1388/675/289 1390/677/290 1389/678/290 1387/676/289
f 1390/677/290 1392/679/291 1391/680/291 1389/678/290
f 1392/679/291 1394/681/292 1393/682/292 1391/680/291
f 1394/681/292 1396/683/293 1395/684/293 1393/682/292
f 1396/683/293 1398/685/294 1397/686/294 1395/684/293
f 1398/685/294 1400/687/295 1399/688/295 1397/686/294
f 1400/687/295 1402/689/296 1401/690/296 1399/688/295
f 1402/689/296 1404/691/297 1403/692/297 1401/690/296
f 1404/691/297 1406/693/298 1405/694/298 1403/692/297
f 1406/693/298 1408/695/299 1407/696/299 1405/694/298
f 1408/695/299 1410/697/300 1409/698/300 1407/696/299
f 1410/697/300 1412/699/301 1411/700/301 1409/698/300
f 1412/699/301 1414/701/302 1413/702/302 1411/700/301
f 1414/701/302 1416/703/303 1415/704/303 1413/702/302
f 1416/703/303 1418/705/304 1417/706/304 1415/704/303
f 1418/705/304 1420/707/305 1419/708/305 1417/706/304
f 1420/707/305 1422/709/306 1421/710/306 1419/708/305
f 1422/709/306 1424/711/307 1423/712/307 1421/710/306
f 1424/711/307 1426/713/308 1425/714/308 1423/712/307
f 1426/713/308 1428/715/309 1427/716/309 1425/714/308
f 1428/715/309 1430/717/310 1429/718/310 1427/716/309
f 1430/717/310 1432/719/311 1431/720/311 1429/718/310
f 1432/719/311 1434/721/312 1433/722/312 1431/720/311
f 1434/721/312 1436/723/313 1435/724/313 1433/722/312
f 1436/723/313 1438/725/314 1437/726/314 1435/724/313
f 1438/725/314 1440/727/315 1439/728/315 1437/726/314
f 1440/727/315 1442/729/316 1441/730/316 1439/728/315
f 1442/729/316 1444/731/317 1443/732/317 1441/730/316
f 1444/731/317 1446/733/318 1445/734/318 1443/732/317
f 1446/733/318 1448/735/319 1447/736/319 1445/734/318
f 1448/735/319 1450/737/320 1449/738/320 1447/736/319
f 1450/737/320 1452/739/321 1451/740/321 1449/738/320
f 1452/739/321 1454/741/322 1453/742/322 1451/740/321
f 1454/741/322 1456/743/323 1455/744/323 1453/742/322
f 1456/743/323 1458/745/324 1457/746/324 1455/744/323
f 1458/745/324 1460/747/325 1459/748/325 1457/746/324
f 1460/747/325 1462/749/326 1461/750/326 1459/748/325
f 1462/749/326 1464/751/327 1463/752/327 1461/750/326
f 1464/751/327 1466/753/328 1465/754/328 1463/752/327
f 1466/753/328 1468/755/329 1467/756/329 1465/754/328
f 1468/755/329 1470/757/330 1469/758/330 1467/756/329
f 1470/757/330 1472/759/331 1471/760/331 1469/758/330
f 1472/759/331 1474/761/332 1473/762/332 1471/760/331
f 1474/761/332 1476/763/333 1475/764/333 1473/762/332
f 1476/763/333 1478/765/334 1477/766/334 1475/764/333
f 1478/765/334 1480/767/335 1479/768/335 1477/766/334
f 1480/767/335 1482/769/336 1481/770/336 1479/768/335
f 1482/769/336 1484/771/337 1483/772/337 1481/770/336
f 1484/771/337 1486/773/338 1485/774/338 1483/772/337
f 1486/773/338 1488/775/339 1487/776/339 1485/774/338
f 1488/775/339 1490/777/340 1489/778/340 1487/776/339
f 1490/777/340 1492/779/341 1491/780/341 1489/778/340
f 1492/779/341 1494/781/342 1493/782/342 1491/780/341
f 1494/781/342 1496/783/343 1495/784/343 1493/782/342
f 1496/783/343 1498/785/344 1497/786/344 1495/784/343
f 1498/785/344 1500/787/345 1499/788/345 1497/786/344
f 1500/787/345 1502/789/346 1501/790/346 1499/788/345
f 1502/789/346 1504/791/347 1503/792/347 1501/790/346
f 1504/791/347 1506/793/348 1505/794/348 1503/792/347
f 1506/793/348 1508/795/349 1507/796/349 1505/794/348
f 1508/795/349 1510/797/350 1509/798/350 1507/796/349
f 1510/797/350 1512/799/351 1511/800/351 1509/798/350
f 1512/799/351 1514/801/352 1513/802/352 1511/800/351
f 1514/801/352 1516/803/353 1515/804/353 1513/802/352
f 1516/803/353 1518/805/354 1517/806/354 1515/804/353
f 1518/805/354 1520/807/355 1519/808/355 1517/806/354
f 1520/807/355 1522/809/356 1521/810/356 1519/808/355
f 1522/809/356 1524/811/357 1523/812/357 1521/810/356
f 1524/811/357 1526/813/358 1525/814/358 1523/812/357
f 1526/813/358 1528/815/359 1527/816/359 1525/814/358
f 1528/815/359 1530/817/360 1529/818/360 1527/816/359
f 1530/817/360 1532/819/361 1531/820/361 1529/818/360
f 1532/819/361 1534/821/362 1533/822/362 1531/820/361
f 1534/821/362 1536/823/363 1535/824/363 1533/822/362
f 1536/823/363 1538/825/364 1537/826/364 1535/824/363
f 1538/825/364 1540/827/365 1539/828/365 1537/826/364
f 1540/827/365 1542/829/366 1541/830/366 1539/828/365
f 1542/829/366 1544/831/367 1543/832/367 1541/830/366
f 1544/831/367 1546/833/368 1545/834/368 1543/832/367
f 1546/833/368 1548/835/369 1547/836/369 1545/834/368
f 1548/835/369 1550/837/370 1549/838/370 1547/836/369
f 1550/837/370 1552/839/371 1551/840/371 1549/838/370
f 1552/839/371 1554/841/372 1553/842/372 1551/840/371
f 1554/841/372 1556/843/373 1555/844/373 1553/842/372
f 1556/843/373 1558/845/374 1557/846/374 1555/844/373
f 1558/845/374 1560/847/375 1559/848/375 1557/846/374
f 1560/847/375 1562/849/376 1561/850/376 1559/848/375
f 1562/849/376 1564/851/377 1563/852/377 1561/850/376
f 1564/851/377 1566/853/378 1565/854/378 1563/852/377
f 1566/853/378 1568/855/379 1567/856/379 1565/854/378
f 1568/855/379 1570/857/380 1569/858/380 1567/856/379
f 1570/857/380 1572/859/381 1571/860/381 1569/858/380
f 1572/859/381 1574/861/382 1573/862/382 1571/860/381
f 1574/861/382 1576/863/383 1575/864/383 1573/862/382
f 1576/863/383 1578/865/384 1577/866/384 1575/864/383
f 1578/865/384 1580/867/385 1579/868/385 1577/866/384
f 1580/867/385 1582/869/386 1581/870/386 1579/868/385
f 1582/869/386 1584/871/387 1583/872/387 1581/870/386
f 1584/871/387 1586/873/388 1585/874/388 1583/872/387
f 1586/873/388 1588/875/389 1587/876/389 1585/874/388
f 1588/875/389 1590/877/390 1589/878/390 1587/876/389
f 1590/877/390 1592/879/391 1591/880/391 1589/878/390
f 1592/879/391 1594/881/392 1593/882/392 1591/880/391
f 1594/881/392 1596/883/393 1595/884/393 1593/882/392
f 1596/883/393 1598/885/394 1597/886/394 1595/884/393
f 1598/885/394 1600/887/395 1599/888/395 1597/886/394
f 1600/887/395 1602/889/396 1601/890/396 1599/888/395
f 1602/889/396 1604/891/397 1603/892/397 1601/890/396
f 1604/891/397 1606/893/398 1605/894/398 1603/892/397
f 1606/893/398 1608/895/399 1607/896/399 1605/894/398
f 1608/895/399 1610/897/400 1609/898/400 1607/896/399
f 1610/897/400 1612/899/401 1611/900/401 1609/898/400
f 1612/899/401 1614/901/402 1613/902/402 1611/900/401
f 1614/901/402 1616/903/403 1615/904/403 1613/902/402
f 1616/903/403 1618/905/404 1617/906/404 1615/904/403
f 1618/905/404 1620/907/405 1619/908/405 1617/906/404
f 1620/907/405 1368/440/279 1367/38/279 1619/908/405
