# Blender 4.4.1
# www.blender.org
mtllib Title_Cyotto.mtl
o テキスト
v 1.044449 -0.436318 1.775645
v 1.044756 -0.429028 1.774405
v 1.045004 -0.421243 1.773062
v 1.045177 -0.413088 1.771634
v 1.045264 -0.404687 1.770142
v 1.045252 -0.396163 1.768604
v 1.045132 -0.387640 1.767040
v 1.044893 -0.379248 1.765471
v 1.044528 -0.371120 1.763921
v 1.044032 -0.363401 1.762412
v 1.043409 -0.356251 1.760976
v 1.035887 -0.291005 1.747434
v 1.242561 -0.294850 1.797335
v 1.233072 -0.356516 1.806182
v 1.231833 -0.364662 1.807354
v 1.230575 -0.373087 1.808572
v 1.229319 -0.381704 1.809825
v 1.228086 -0.390425 1.811102
v 1.226900 -0.399160 1.812393
v 1.225781 -0.407815 1.813685
v 1.224752 -0.416293 1.814967
v 1.223835 -0.424492 1.816226
v 1.223051 -0.432302 1.817446
v 1.222420 -0.439603 1.818610
v 1.221941 -0.446552 1.819748
v 1.214657 -0.570594 1.840355
v 1.214028 -0.570380 1.840167
v 1.248976 -0.582859 1.850735
v 1.285187 -0.596313 1.861780
v 1.322214 -0.610567 1.873163
v 1.359609 -0.625444 1.884747
v 1.396917 -0.640769 1.896389
v 1.433684 -0.656366 1.907953
v 1.469460 -0.672062 1.919298
v 1.503798 -0.687688 1.930288
v 1.536262 -0.703083 1.940790
v 1.566435 -0.718098 1.950679
v 1.632716 -0.753079 1.972760
v 1.552547 -0.928571 1.985280
v 1.480050 -0.887573 1.960635
v 1.452015 -0.872673 1.951276
v 1.422089 -0.857582 1.941433
v 1.390732 -0.842477 1.931247
v 1.358394 -0.827526 1.920854
v 1.325516 -0.812887 1.910389
v 1.292536 -0.798716 1.899985
v 1.259890 -0.785168 1.889772
v 1.228013 -0.772395 1.879882
v 1.197346 -0.760551 1.870446
v 1.168333 -0.749790 1.861600
v 1.203606 -0.762276 1.872248
v 1.189284 -1.019286 1.915128
v 1.188864 -1.027099 1.916435
v 1.188483 -1.035567 1.917869
v 1.188140 -1.044721 1.919437
v 1.187847 -1.054387 1.921108
v 1.187612 -1.064397 1.922855
v 1.187444 -1.074584 1.924649
v 1.187353 -1.084785 1.926465
v 1.187346 -1.094831 1.928273
v 1.187430 -1.104548 1.930043
v 1.187612 -1.113756 1.931745
v 1.187894 -1.122257 1.933343
v 1.191062 -1.185150 1.945425
v 0.986508 -1.181344 1.896036
v 0.999234 -1.117670 1.887598
v 1.000609 -1.109893 1.886524
v 1.001945 -1.101440 1.885320
v 1.003224 -1.092457 1.884007
v 1.004435 -1.083077 1.882606
v 1.005568 -1.073423 1.881136
v 1.006618 -1.063612 1.879619
v 1.007578 -1.053760 1.878073
v 1.008444 -1.043977 1.876518
v 1.009212 -1.034375 1.874971
v 1.009879 -1.025065 1.873453
v 1.010448 -1.016048 1.871964
v 1.011691 -0.994874 1.868447
v 1.013722 -0.960296 1.862702
v 1.016383 -0.914966 1.855172
v 1.019527 -0.861430 1.846278
v 1.023003 -0.802231 1.836443
v 1.026662 -0.739913 1.826090
v 1.030355 -0.677021 1.815642
v 1.033932 -0.616098 1.805521
v 1.037244 -0.559689 1.796150
v 1.040142 -0.510338 1.787951
v 1.042476 -0.470590 1.781348
v 1.044088 -0.443130 1.776786
v 0.211045 -0.822871 1.646837
v 0.197963 -0.759363 1.632284
v 0.194538 -0.744972 1.628876
v 0.190131 -0.727914 1.624755
v 0.184957 -0.708952 1.620108
v 0.179216 -0.688744 1.615101
v 0.173100 -0.667906 1.609892
v 0.166796 -0.647038 1.604632
v 0.160493 -0.626735 1.599475
v 0.154383 -0.607594 1.594573
v 0.148662 -0.590231 1.590083
v 0.143546 -0.575305 1.586177
v 0.121233 -0.513733 1.569775
v 0.288343 -0.459948 1.599875
v 0.307428 -0.515085 1.614350
v 0.312528 -0.530474 1.618336
v 0.318259 -0.548264 1.622905
v 0.324460 -0.567920 1.627921
v 0.330949 -0.588864 1.633239
v 0.337543 -0.610500 1.638705
v 0.344054 -0.632228 1.644169
v 0.350293 -0.653450 1.649477
v 0.356077 -0.673578 1.654480
v 0.361227 -0.692050 1.659032
v 0.365577 -0.708368 1.663007
v 0.380058 -0.767011 1.677017
v 0.626023 -0.672387 1.718538
v 0.616430 -0.700352 1.721291
v 0.606045 -0.728166 1.723828
v 0.594818 -0.755781 1.726128
v 0.582701 -0.783144 1.728171
v 0.569641 -0.810202 1.729935
v 0.555590 -0.836901 1.731399
v 0.540497 -0.863184 1.732539
v 0.524313 -0.888993 1.733334
v 0.506990 -0.914266 1.733762
v 0.488482 -0.938941 1.733799
v 0.468905 -0.962757 1.733428
v 0.442805 -0.992246 1.732524
v 0.415413 -1.020208 1.731039
v 0.387148 -1.046366 1.729020
v 0.358158 -1.070753 1.726510
v 0.328585 -1.093401 1.723548
v 0.298571 -1.114347 1.720174
v 0.268251 -1.133626 1.716428
v 0.237763 -1.151273 1.712347
v 0.207237 -1.167326 1.707970
v 0.176805 -1.181818 1.703335
v 0.146593 -1.194784 1.698477
v 0.086787 -1.217761 1.688376
v -0.046988 -1.068659 1.629670
v 0.057404 -1.037266 1.648871
v 0.084444 -1.027694 1.653585
v 0.111739 -1.016582 1.658082
v 0.139068 -1.003984 1.662320
v 0.166213 -0.989959 1.666257
v 0.192960 -0.974569 1.669853
v 0.219100 -0.957879 1.673071
v 0.244426 -0.939959 1.675874
v 0.268738 -0.920884 1.678227
v 0.291839 -0.900731 1.680097
v 0.313539 -0.879582 1.681455
v 0.333937 -0.857214 1.682283
v 0.350432 -0.837318 1.682627
v 0.366256 -0.816036 1.682561
v 0.381465 -0.793310 1.682089
v 0.395957 -0.769284 1.681212
v 0.409640 -0.744104 1.679935
v 0.422424 -0.717917 1.678262
v 0.434227 -0.690871 1.676201
v 0.444969 -0.663113 1.673759
v 0.454575 -0.634794 1.670946
v 0.462972 -0.606062 1.667770
v 0.470093 -0.577066 1.664243
v 0.487485 -0.489455 1.652605
v 0.669243 -0.551824 1.707114
v 0.649250 -0.603764 1.711709
v 0.647582 -0.608211 1.712112
v 0.646009 -0.612507 1.712511
v 0.644518 -0.616667 1.712906
v 0.643096 -0.620706 1.713295
v 0.641732 -0.624642 1.713679
v 0.640411 -0.628491 1.714057
v 0.639120 -0.632270 1.714431
v 0.637845 -0.635999 1.714799
v 0.636570 -0.639694 1.715161
v 0.635280 -0.643374 1.715516
v 0.634391 -0.645852 1.715751
v -0.006293 -0.880062 1.605391
v -0.021932 -0.816231 1.590170
v -0.026419 -0.799774 1.586138
v -0.031954 -0.780746 1.581393
v -0.038285 -0.759953 1.576141
v -0.045175 -0.738123 1.570568
v -0.052392 -0.715954 1.564857
v -0.059706 -0.694135 1.559186
v -0.066884 -0.673357 1.553735
v -0.073686 -0.654327 1.548687
v -0.079849 -0.637801 1.544244
v -0.085043 -0.624680 1.540644
v -0.110676 -0.565944 1.523962
v 0.057873 -0.503602 1.552864
v 0.079244 -0.559400 1.568002
v 0.085096 -0.575422 1.572281
v 0.091586 -0.593734 1.577125
v 0.098564 -0.613856 1.582410
v 0.105863 -0.635257 1.588003
v 0.113305 -0.657387 1.593760
v 0.120710 -0.679686 1.599540
v 0.127898 -0.701594 1.605197
v 0.134686 -0.722550 1.610588
v 0.140897 -0.741999 1.615569
v 0.146354 -0.759404 1.620003
v 0.165045 -0.820589 1.635474
v -0.583304 -0.966786 1.483627
v -0.578793 -0.889969 1.470865
v -0.881000 -0.884346 1.397898
v -0.889334 -0.884211 1.395890
v -0.897575 -0.884114 1.393910
v -0.905729 -0.884052 1.391958
v -0.913742 -0.884023 1.390044
v -0.921560 -0.884024 1.388183
v -0.929129 -0.884053 1.386386
v -0.936396 -0.884108 1.384666
v -0.943305 -0.884185 1.383035
v -0.949800 -0.884284 1.381506
v -0.955823 -0.884399 1.380093
v -0.961314 -0.884530 1.378809
v -1.017379 -0.886153 1.365753
v -1.006847 -0.706798 1.335957
v -0.950925 -0.710845 1.350000
v -0.945415 -0.711242 1.351383
v -0.939390 -0.711666 1.352895
v -0.932905 -0.712107 1.354518
v -0.926021 -0.712555 1.356238
v -0.918800 -0.712997 1.358037
v -0.911306 -0.713424 1.359898
v -0.903605 -0.713825 1.361804
v -0.895764 -0.714186 1.363736
v -0.887851 -0.714499 1.365676
v -0.879937 -0.714753 1.367606
v -0.871969 -0.714939 1.369537
v -0.568847 -0.720579 1.442724
v -0.565030 -0.655580 1.431926
v -0.529450 -0.656242 1.440517
v -0.550906 -0.655843 1.435337
v -0.579199 -0.655316 1.428505
v -0.612726 -0.654693 1.420410
v -0.649884 -0.654001 1.411439
v -0.689070 -0.653272 1.401977
v -0.728682 -0.652535 1.392413
v -0.767115 -0.651820 1.383134
v -0.802768 -0.651157 1.374525
v -0.834037 -0.650575 1.366975
v -0.859320 -0.650104 1.360871
v -0.876877 -0.649778 1.356632
v -0.883470 -0.649693 1.355047
v -0.891119 -0.649657 1.353219
v -0.899676 -0.649666 1.351183
v -0.908859 -0.649715 1.349006
v -0.918400 -0.649798 1.346749
v -0.928043 -0.649911 1.344473
v -0.937534 -0.650047 1.342238
v -0.946620 -0.650200 1.340103
v -0.955045 -0.650365 1.338126
v -0.962546 -0.650535 1.336371
v -0.968838 -0.650703 1.334903
v -1.025067 -0.652549 1.321848
v -1.014349 -0.470015 1.291523
v -0.956783 -0.476409 1.306381
v -0.950891 -0.476950 1.307882
v -0.943673 -0.477526 1.309704
v -0.935486 -0.478111 1.311758
v -0.926620 -0.478686 1.313973
v -0.917338 -0.479238 1.316283
v -0.907894 -0.479754 1.318624
v -0.898538 -0.480221 1.320935
v -0.889521 -0.480627 1.323156
v -0.881098 -0.480962 1.325221
v -0.873542 -0.481212 1.327066
v -0.866986 -0.481372 1.328655
v -0.849812 -0.481692 1.332802
v -0.825899 -0.482137 1.338576
v -0.796600 -0.482682 1.345650
v -0.763130 -0.483305 1.353731
v -0.726704 -0.483982 1.362526
v -0.688536 -0.484692 1.371742
v -0.649842 -0.485412 1.381084
v -0.611836 -0.486120 1.390260
v -0.575734 -0.486791 1.398977
v -0.542750 -0.487405 1.406941
v -0.514099 -0.487938 1.413859
v -0.491084 -0.488366 1.419416
v -0.485916 -0.488443 1.420660
v -0.480698 -0.488486 1.421910
v -0.475403 -0.488497 1.423173
v -0.470097 -0.488479 1.424433
v -0.464845 -0.488434 1.425675
v -0.459713 -0.488363 1.426884
v -0.454766 -0.488270 1.428046
v -0.450072 -0.488157 1.429143
v -0.445700 -0.488026 1.430160
v -0.441728 -0.487883 1.431080
v -0.438242 -0.487731 1.431883
v -0.378536 -0.484557 1.445527
v -0.386588 -0.543874 1.454293
v -0.386867 -0.546290 1.454662
v -0.387167 -0.549259 1.455125
v -0.387474 -0.552667 1.455666
v -0.387782 -0.556431 1.456271
v -0.388087 -0.560483 1.456928
v -0.388387 -0.564764 1.457627
v -0.388682 -0.569220 1.458360
v -0.388971 -0.573803 1.459116
v -0.389255 -0.578467 1.459889
v -0.389535 -0.583167 1.460669
v -0.389811 -0.587858 1.461448
v -0.390721 -0.603354 1.464022
v -0.392326 -0.630681 1.468562
v -0.394498 -0.667672 1.474707
v -0.397110 -0.712162 1.482098
v -0.400036 -0.761987 1.490376
v -0.403147 -0.814981 1.499180
v -0.406318 -0.868981 1.508151
v -0.409421 -0.921822 1.516929
v -0.412328 -0.971338 1.525155
v -0.414913 -1.015367 1.532470
v -0.417049 -1.051742 1.538513
v -0.418602 -1.078180 1.542905
v -0.418805 -1.081948 1.543535
v -0.418987 -1.085935 1.544210
v -0.419152 -1.090186 1.544936
v -0.419298 -1.094621 1.545700
v -0.419425 -1.099166 1.546489
v -0.419531 -1.103748 1.547289
v -0.419615 -1.108297 1.548088
v -0.419677 -1.112741 1.548874
v -0.419717 -1.117010 1.549633
v -0.419735 -1.121030 1.550353
v -0.419730 -1.124720 1.551018
v -0.419291 -1.180821 1.561228
v -0.597880 -1.177498 1.518108
v -0.594595 -1.138123 1.511798
v -0.935359 -1.131783 1.429522
v -0.942858 -1.131681 1.427718
v -0.950359 -1.131643 1.425925
v -0.957910 -1.131659 1.424130
v -0.965430 -1.131716 1.422350
v -0.972839 -1.131803 1.420601
v -0.980064 -1.131909 1.418900
v -0.987034 -1.132023 1.417261
v -0.993685 -1.132131 1.415697
v -0.999961 -1.132222 1.414219
v -1.005822 -1.132283 1.412835
v -1.011262 -1.132299 1.411542
v -1.064883 -1.131789 1.398684
v -1.054095 -0.948071 1.368163
v -0.996504 -0.955927 1.383290
v -0.992409 -0.956419 1.384354
v -0.987646 -0.956928 1.385579
v -0.982305 -0.957440 1.386943
v -0.976459 -0.957942 1.388425
v -0.970173 -0.958423 1.390009
v -0.963506 -0.958875 1.391678
v -0.956515 -0.959289 1.393417
v -0.949255 -0.959656 1.395211
v -0.941778 -0.959969 1.397048
v -0.934140 -0.960220 1.398912
v -0.926271 -0.960405 1.400819
v -1.745218 -0.555735 1.132946
v -1.740756 -0.479746 1.120322
v -1.712569 -0.477639 1.126653
v -1.738308 -0.479257 1.120816
v -1.764132 -0.480611 1.114912
v -1.789889 -0.481721 1.108979
v -1.815427 -0.482611 1.103059
v -1.840589 -0.483301 1.097192
v -1.865220 -0.483813 1.091420
v -1.889163 -0.484167 1.085783
v -1.912260 -0.484384 1.080323
v -1.934352 -0.484484 1.075081
v -1.955278 -0.484488 1.070099
v -2.012605 -0.484278 1.056412
v -2.048765 -0.309571 1.016336
v -1.963963 -0.313679 1.037267
v -1.942094 -0.314373 1.042599
v -1.917825 -0.314813 1.048456
v -1.891613 -0.314977 1.054727
v -1.863897 -0.314846 1.061302
v -1.835106 -0.314401 1.068077
v -1.805666 -0.313626 1.074947
v -1.776003 -0.312504 1.081808
v -1.746542 -0.311020 1.088555
v -1.717719 -0.309161 1.095083
v -1.689976 -0.306917 1.101284
v -1.663931 -0.304299 1.107014
v -1.642151 -0.301436 1.111684
v -1.619117 -0.298130 1.116573
v -1.595605 -0.294481 1.121513
v -1.571967 -0.290536 1.126431
v -1.548551 -0.286340 1.131250
v -1.525711 -0.281942 1.135896
v -1.503808 -0.277394 1.140292
v -1.483216 -0.272754 1.144359
v -1.464335 -0.268090 1.148015
v -1.447608 -0.263495 1.151170
v -1.433575 -0.259112 1.153722
v -1.386428 -0.241801 1.161829
v -1.277665 -0.399522 1.216133
v -1.354255 -0.418825 1.201374
v -1.359660 -0.420172 1.200329
v -1.364928 -0.421473 1.199309
v -1.370043 -0.422729 1.198317
v -1.374992 -0.423938 1.197357
v -1.379757 -0.425102 1.196432
v -1.384321 -0.426218 1.195546
v -1.388667 -0.427287 1.194704
v -1.392775 -0.428306 1.193909
v -1.396623 -0.429274 1.193168
v -1.400187 -0.430187 1.192484
v -1.404284 -0.431262 1.191702
v -1.418125 -0.434492 1.188988
v -1.432555 -0.437664 1.186123
v -1.447787 -0.440837 1.183069
v -1.463732 -0.444000 1.179842
v -1.480296 -0.447140 1.176463
v -1.497383 -0.450240 1.172953
v -1.514894 -0.453284 1.169333
v -1.532725 -0.456256 1.165622
v -1.550775 -0.459138 1.161844
v -1.568941 -0.461913 1.158018
v -1.587120 -0.464564 1.154167
v -1.563565 -0.461298 1.159187
v -1.569303 -0.559008 1.175420
v -1.349822 -0.563092 1.228413
v -1.344661 -0.563151 1.229652
v -1.339084 -0.563149 1.230980
v -1.333041 -0.563090 1.232408
v -1.326660 -0.562976 1.233907
v -1.320061 -0.562813 1.235449
v -1.313359 -0.562604 1.237007
v -1.306664 -0.562356 1.238556
v -1.300088 -0.562073 1.240071
v -1.293742 -0.561761 1.241526
v -1.287741 -0.561426 1.242894
v -1.282208 -0.561077 1.244148
v -1.223772 -0.556860 1.257302
v -1.234892 -0.746244 1.288764
v -1.292819 -0.739959 1.273841
v -1.298309 -0.739394 1.272432
v -1.304031 -0.738837 1.270969
v -1.309935 -0.738297 1.269466
v -1.315974 -0.737781 1.267935
v -1.322099 -0.737296 1.266390
v -1.328261 -0.736852 1.264843
v -1.334409 -0.736455 1.263307
v -1.340493 -0.736112 1.261797
v -1.346460 -0.735830 1.260325
v -1.352253 -0.735617 1.258908
v -1.357983 -0.735473 1.257518
v -1.584531 -0.731258 1.202818
v -1.584776 -0.732927 1.203061
v -1.594595 -0.778950 1.209012
v -1.607405 -0.823141 1.213921
v -1.623396 -0.865495 1.217742
v -1.642735 -0.905965 1.220426
v -1.665544 -0.944476 1.221932
v -1.691893 -0.980948 1.222228
v -1.721807 -1.015321 1.221296
v -1.755284 -1.047578 1.219135
v -1.792320 -1.077755 1.215752
v -1.832930 -1.105933 1.211158
v -1.904004 -1.148188 1.201846
v -2.067080 -1.025007 1.140832
v -1.955629 -0.971880 1.157800
v -1.923890 -0.953902 1.162119
v -1.895248 -0.934565 1.165456
v -1.869571 -0.913816 1.167832
v -1.846695 -0.891556 1.169269
v -1.826442 -0.867627 1.169782
v -1.808643 -0.841813 1.169370
v -1.793174 -0.813852 1.168017
v -1.779973 -0.783470 1.165688
v -1.769032 -0.750412 1.162339
v -1.760391 -0.714463 1.157922
v -1.762562 -0.727946 1.159833
v -1.997221 -0.723579 1.103176
v -2.004680 -0.723479 1.101381
v -2.012098 -0.723450 1.099610
v -2.019557 -0.723485 1.097840
v -2.027011 -0.723580 1.096083
v -2.034413 -0.723729 1.094347
v -2.041718 -0.723927 1.092643
v -2.048882 -0.724167 1.090981
v -2.055859 -0.724443 1.089370
v -2.062604 -0.724751 1.087819
v -2.069073 -0.725082 1.086339
v -2.075221 -0.725432 1.084938
v -2.133883 -0.729105 1.071632
v -2.122808 -0.540490 1.040298
v -2.064811 -0.546493 1.055188
v -2.058903 -0.547063 1.056697
v -2.052607 -0.547630 1.058298
v -2.045990 -0.548185 1.059973
v -2.039116 -0.548719 1.061706
v -2.032049 -0.549224 1.063480
v -2.024852 -0.549691 1.065278
v -2.017589 -0.550113 1.067083
v -2.010323 -0.550482 1.068879
v -2.003121 -0.550790 1.070650
v -1.996050 -0.551030 1.072376
v -1.989038 -0.551198 1.074076
v 1.500740 -0.781484 -0.140774
v 1.501047 -0.774195 -0.142013
v 1.501294 -0.766409 -0.143357
v 1.501467 -0.758255 -0.144784
v 1.501554 -0.749854 -0.146277
v 1.501543 -0.741329 -0.147815
v 1.501423 -0.732807 -0.149378
v 1.501183 -0.724414 -0.150947
v 1.500818 -0.716286 -0.152498
v 1.500323 -0.708567 -0.154006
v 1.499700 -0.701417 -0.155442
v 1.492177 -0.636172 -0.168985
v 1.698852 -0.640017 -0.119084
v 1.689363 -0.701682 -0.110236
v 1.688124 -0.709829 -0.109064
v 1.686866 -0.718253 -0.107846
v 1.685609 -0.726870 -0.106593
v 1.684377 -0.735591 -0.105316
v 1.683190 -0.744326 -0.104025
v 1.682072 -0.752981 -0.102733
v 1.681043 -0.761459 -0.101451
v 1.680125 -0.769658 -0.100193
v 1.679341 -0.777468 -0.098973
v 1.678711 -0.784769 -0.097808
v 1.678231 -0.791718 -0.096670
v 1.670948 -0.915761 -0.076063
v 1.670319 -0.915546 -0.076252
v 1.705267 -0.928026 -0.065683
v 1.741477 -0.941480 -0.054638
v 1.778505 -0.955733 -0.043255
v 1.815900 -0.970611 -0.031672
v 1.853207 -0.985935 -0.020029
v 1.889975 -1.001532 -0.008466
v 1.925750 -1.017228 0.002879
v 1.960088 -1.032855 0.013870
v 1.992553 -1.048250 0.024372
v 2.022726 -1.063265 0.034261
v 2.089007 -1.098245 0.056342
v 2.008837 -1.273737 0.068862
v 1.936341 -1.232739 0.044217
v 1.908306 -1.217839 0.034858
v 1.878379 -1.202748 0.025015
v 1.847023 -1.187644 0.014828
v 1.814685 -1.172692 0.004436
v 1.781807 -1.158053 -0.006029
v 1.748827 -1.143883 -0.016433
v 1.716180 -1.130335 -0.026647
v 1.684304 -1.117562 -0.036537
v 1.653636 -1.105718 -0.045972
v 1.624624 -1.094956 -0.054818
v 1.659896 -1.107443 -0.044171
v 1.645574 -1.364452 -0.001291
v 1.645155 -1.372265 0.000017
v 1.644773 -1.380733 0.001451
v 1.644431 -1.389888 0.003018
v 1.644137 -1.399554 0.004689
v 1.643902 -1.409563 0.006436
v 1.643735 -1.419751 0.008231
v 1.643643 -1.429951 0.010047
v 1.643636 -1.439997 0.011854
v 1.643721 -1.449715 0.013625
v 1.643902 -1.458923 0.015326
v 1.644185 -1.467424 0.016925
v 1.647352 -1.530317 0.029007
v 1.442798 -1.526511 -0.020382
v 1.455525 -1.462836 -0.028821
v 1.456900 -1.455059 -0.029894
v 1.458235 -1.446606 -0.031098
v 1.459515 -1.437624 -0.032412
v 1.460725 -1.428244 -0.033813
v 1.461859 -1.418589 -0.035282
v 1.462908 -1.408779 -0.036799
v 1.463868 -1.398926 -0.038345
v 1.464734 -1.389143 -0.039901
v 1.465503 -1.379541 -0.041447
v 1.466169 -1.370232 -0.042965
v 1.466738 -1.361215 -0.044454
v 1.467982 -1.340041 -0.047971
v 1.470012 -1.305462 -0.053716
v 1.472674 -1.260133 -0.061246
v 1.475817 -1.206596 -0.070140
v 1.479293 -1.147397 -0.079975
v 1.482952 -1.085080 -0.090328
v 1.486645 -1.022187 -0.100776
v 1.490223 -0.961265 -0.110897
v 1.493535 -0.904856 -0.120269
v 1.496432 -0.855505 -0.128467
v 1.498766 -0.815756 -0.135071
v 1.500379 -0.788297 -0.139632
v 0.667335 -1.168038 -0.269581
v 0.654253 -1.104530 -0.284134
v 0.650828 -1.090139 -0.287542
v 0.646421 -1.073081 -0.291663
v 0.641248 -1.054119 -0.296310
v 0.635507 -1.033911 -0.301317
v 0.629390 -1.013073 -0.306527
v 0.623086 -0.992205 -0.311786
v 0.616784 -0.971901 -0.316943
v 0.610674 -0.952761 -0.321846
v 0.604953 -0.935397 -0.326335
v 0.599837 -0.920472 -0.330242
v 0.577524 -0.858900 -0.346644
v 0.744633 -0.805115 -0.316543
v 0.763718 -0.860251 -0.302068
v 0.768818 -0.875641 -0.298082
v 0.774550 -0.893430 -0.293514
v 0.780750 -0.913086 -0.288497
v 0.787240 -0.934030 -0.283180
v 0.793834 -0.955666 -0.277713
v 0.800344 -0.977394 -0.272249
v 0.806584 -0.998617 -0.266941
v 0.812368 -1.018745 -0.261939
v 0.817517 -1.037216 -0.257386
v 0.821868 -1.053535 -0.253411
v 0.836349 -1.112178 -0.239401
v 1.082314 -1.017553 -0.197881
v 1.072721 -1.045518 -0.195128
v 1.062335 -1.073333 -0.192591
v 1.051109 -1.100947 -0.190290
v 1.038991 -1.128310 -0.188247
v 1.025932 -1.155368 -0.186483
v 1.011880 -1.182067 -0.185020
v 0.996787 -1.208351 -0.183879
v 0.980603 -1.234160 -0.183084
v 0.963280 -1.259433 -0.182657
v 0.944773 -1.284107 -0.182619
v 0.925196 -1.307924 -0.182991
v 0.899095 -1.337413 -0.183894
v 0.871703 -1.365375 -0.185380
v 0.843439 -1.391533 -0.187398
v 0.814449 -1.415919 -0.189908
v 0.784876 -1.438568 -0.192870
v 0.754861 -1.459513 -0.196244
v 0.724542 -1.478792 -0.199990
v 0.694053 -1.496440 -0.204071
v 0.663528 -1.512492 -0.208448
v 0.633095 -1.526984 -0.213084
v 0.602884 -1.539951 -0.217942
v 0.543078 -1.562927 -0.228043
v 0.409303 -1.413826 -0.286749
v 0.513695 -1.382433 -0.267547
v 0.540735 -1.372860 -0.262834
v 0.568030 -1.361748 -0.258336
v 0.595359 -1.349151 -0.254098
v 0.622503 -1.335126 -0.250161
v 0.649250 -1.319735 -0.246565
v 0.675390 -1.303045 -0.243347
v 0.700717 -1.285125 -0.240544
v 0.725029 -1.266050 -0.238192
v 0.748130 -1.245897 -0.236321
v 0.769829 -1.224749 -0.234964
v 0.790227 -1.202381 -0.234136
v 0.806723 -1.182485 -0.233792
v 0.822547 -1.161202 -0.233857
v 0.837755 -1.138476 -0.234329
v 0.852248 -1.114450 -0.235206
v 0.865930 -1.089270 -0.236483
v 0.878715 -1.063083 -0.238156
v 0.890518 -1.036037 -0.240217
v 0.901260 -1.008280 -0.242659
v 0.910866 -0.979961 -0.245472
v 0.919263 -0.951228 -0.248648
v 0.926383 -0.922232 -0.252175
v 0.943776 -0.834622 -0.263814
v 1.125534 -0.896991 -0.209305
v 1.105541 -0.948931 -0.204710
v 1.103873 -0.953377 -0.204306
v 1.102299 -0.957673 -0.203907
v 1.100808 -0.961833 -0.203513
v 1.099387 -0.965873 -0.203124
v 1.098022 -0.969809 -0.202740
v 1.096701 -0.973658 -0.202361
v 1.095410 -0.977437 -0.201988
v 1.094135 -0.981165 -0.201620
v 1.092861 -0.984860 -0.201258
v 1.091571 -0.988540 -0.200902
v 1.090681 -0.991018 -0.200668
v 0.449997 -1.225228 -0.311028
v 0.434358 -1.161397 -0.326248
v 0.429872 -1.144941 -0.330280
v 0.424337 -1.125913 -0.335025
v 0.418005 -1.105119 -0.340278
v 0.411115 -1.083289 -0.345850
v 0.403898 -1.061120 -0.351561
v 0.396585 -1.039302 -0.357232
v 0.389407 -1.018523 -0.362684
v 0.382605 -0.999493 -0.367731
v 0.376442 -0.982968 -0.372175
v 0.371248 -0.969846 -0.375775
v 0.345615 -0.911111 -0.392457
v 0.514164 -0.848769 -0.363554
v 0.535534 -0.904566 -0.348416
v 0.541387 -0.920588 -0.344137
v 0.547876 -0.938901 -0.339294
v 0.554855 -0.959022 -0.334008
v 0.562154 -0.980424 -0.328416
v 0.569596 -1.002553 -0.322658
v 0.577001 -1.024853 -0.316878
v 0.584188 -1.046761 -0.311221
v 0.590977 -1.067716 -0.305831
v 0.597187 -1.087165 -0.300849
v 0.602644 -1.104571 -0.296415
v 0.621335 -1.165756 -0.280945
v -0.127013 -1.311953 -0.432791
v -0.122502 -1.235136 -0.445553
v -0.424710 -1.229513 -0.518520
v -0.433043 -1.229378 -0.520528
v -0.441284 -1.229280 -0.522508
v -0.449438 -1.229218 -0.524461
v -0.457451 -1.229189 -0.526374
v -0.465269 -1.229190 -0.528235
v -0.472839 -1.229220 -0.530032
v -0.480105 -1.229274 -0.531752
v -0.487014 -1.229352 -0.533383
v -0.493509 -1.229450 -0.534912
v -0.499533 -1.229566 -0.536325
v -0.505024 -1.229696 -0.537609
v -0.561088 -1.231320 -0.550665
v -0.550557 -1.051965 -0.580462
v -0.494635 -1.056012 -0.566418
v -0.489125 -1.056408 -0.565035
v -0.483100 -1.056832 -0.563524
v -0.476615 -1.057274 -0.561900
v -0.469731 -1.057721 -0.560181
v -0.462510 -1.058164 -0.558382
v -0.455016 -1.058591 -0.556520
v -0.447314 -1.058991 -0.554615
v -0.439473 -1.059353 -0.552683
v -0.431560 -1.059666 -0.550742
v -0.423646 -1.059919 -0.548812
v -0.415678 -1.060105 -0.546881
v -0.112556 -1.065745 -0.473694
v -0.108740 -1.000747 -0.484492
v -0.073160 -1.001409 -0.475901
v -0.094616 -1.001009 -0.481082
v -0.122908 -1.000483 -0.487913
v -0.156435 -0.999859 -0.496008
v -0.193593 -0.999168 -0.504980
v -0.232779 -0.998439 -0.514441
v -0.272391 -0.997702 -0.524005
v -0.310825 -0.996987 -0.533285
v -0.346478 -0.996323 -0.541893
v -0.377747 -0.995741 -0.549443
v -0.403029 -0.995271 -0.555547
v -0.420586 -0.994944 -0.559786
v -0.427179 -0.994859 -0.561371
v -0.434828 -0.994823 -0.563199
v -0.443386 -0.994832 -0.565235
v -0.452568 -0.994881 -0.567412
v -0.462109 -0.994965 -0.569669
v -0.471753 -0.995077 -0.571945
v -0.481244 -0.995213 -0.574180
v -0.490329 -0.995367 -0.576316
v -0.498754 -0.995532 -0.578292
v -0.506255 -0.995702 -0.580047
v -0.512548 -0.995870 -0.581515
v -0.568777 -0.997715 -0.594571
v -0.558059 -0.815182 -0.624895
v -0.500492 -0.821576 -0.610037
v -0.494600 -0.822117 -0.608537
v -0.487383 -0.822693 -0.606715
v -0.479196 -0.823277 -0.604660
v -0.470329 -0.823853 -0.602445
v -0.461047 -0.824404 -0.600136
v -0.451603 -0.824920 -0.597794
v -0.442248 -0.825387 -0.595483
v -0.433230 -0.825794 -0.593263
v -0.424808 -0.826128 -0.591197
v -0.417251 -0.826379 -0.589353
v -0.410695 -0.826539 -0.587763
v -0.393522 -0.826858 -0.583616
v -0.369609 -0.827303 -0.577843
v -0.340310 -0.827848 -0.570769
v -0.306840 -0.828471 -0.562687
v -0.270413 -0.829149 -0.553892
v -0.232246 -0.829859 -0.544677
v -0.193552 -0.830579 -0.535334
v -0.155546 -0.831286 -0.526158
v -0.119444 -0.831958 -0.517441
v -0.086459 -0.832572 -0.509477
v -0.057808 -0.833105 -0.502560
v -0.034794 -0.833533 -0.497003
v -0.029626 -0.833610 -0.495758
v -0.024408 -0.833653 -0.494508
v -0.019112 -0.833664 -0.493245
v -0.013806 -0.833646 -0.491985
v -0.008554 -0.833600 -0.490743
v -0.003422 -0.833529 -0.489534
v 0.001525 -0.833436 -0.488373
v 0.006219 -0.833323 -0.487276
v 0.010590 -0.833193 -0.486258
v 0.014563 -0.833050 -0.485338
v 0.018048 -0.832898 -0.484536
v 0.077754 -0.829724 -0.470892
v 0.069703 -0.889041 -0.462125
v 0.069423 -0.891457 -0.461756
v 0.069123 -0.894425 -0.461293
v 0.068816 -0.897834 -0.460752
v 0.068508 -0.901598 -0.460148
v 0.068204 -0.905650 -0.459490
v 0.067904 -0.909930 -0.458791
v 0.067609 -0.914387 -0.458058
v 0.067320 -0.918970 -0.457302
v 0.067035 -0.923633 -0.456530
v 0.066755 -0.928333 -0.455750
v 0.066479 -0.933025 -0.454971
v 0.065570 -0.948521 -0.452396
v 0.063965 -0.975848 -0.447856
v 0.061793 -1.012839 -0.441711
v 0.059181 -1.057329 -0.434320
v 0.056255 -1.107153 -0.426043
v 0.053143 -1.160148 -0.417239
v 0.049973 -1.214148 -0.408268
v 0.046870 -1.266988 -0.399489
v 0.043962 -1.316505 -0.391263
v 0.041377 -1.360533 -0.383949
v 0.039241 -1.396909 -0.377906
v 0.037689 -1.423346 -0.373514
v 0.037486 -1.427115 -0.372883
v 0.037304 -1.431101 -0.372208
v 0.037139 -1.435352 -0.371482
v 0.036992 -1.439788 -0.370718
v 0.036866 -1.444333 -0.369930
v 0.036760 -1.448915 -0.369129
v 0.036676 -1.453463 -0.368330
v 0.036614 -1.457908 -0.367545
v 0.036574 -1.462177 -0.366785
v 0.036556 -1.466196 -0.366066
v 0.036560 -1.469887 -0.365400
v 0.037000 -1.525988 -0.355191
v -0.141590 -1.522665 -0.398311
v -0.138305 -1.483290 -0.404620
v -0.479068 -1.476950 -0.486896
v -0.486567 -1.476847 -0.488700
v -0.494068 -1.476810 -0.490493
v -0.501619 -1.476825 -0.492288
v -0.509139 -1.476882 -0.494068
v -0.516549 -1.476970 -0.495817
v -0.523774 -1.477076 -0.497518
v -0.530744 -1.477189 -0.499157
v -0.537394 -1.477297 -0.500721
v -0.543670 -1.477388 -0.502199
v -0.549532 -1.477449 -0.503584
v -0.554972 -1.477466 -0.504876
v -0.608592 -1.476956 -0.517734
v -0.597804 -1.293237 -0.548256
v -0.540213 -1.301093 -0.533128
v -0.536118 -1.301585 -0.532065
v -0.531355 -1.302095 -0.530839
v -0.526014 -1.302607 -0.529475
v -0.520168 -1.303108 -0.527993
v -0.513882 -1.303590 -0.526409
v -0.507215 -1.304042 -0.524741
v -0.500224 -1.304455 -0.523002
v -0.492964 -1.304823 -0.521207
v -0.485488 -1.305135 -0.519370
v -0.477849 -1.305387 -0.517507
v -0.469980 -1.305571 -0.515600
v -1.288928 -0.900901 -0.783473
v -1.284466 -0.824912 -0.796097
v -1.256279 -0.822805 -0.789765
v -1.282018 -0.824424 -0.795602
v -1.307841 -0.825777 -0.801507
v -1.333599 -0.826888 -0.807439
v -1.359136 -0.827778 -0.813359
v -1.384299 -0.828468 -0.819226
v -1.408930 -0.828979 -0.824998
v -1.432873 -0.829333 -0.830635
v -1.455970 -0.829550 -0.836096
v -1.478061 -0.829650 -0.841338
v -1.498988 -0.829654 -0.846319
v -1.556314 -0.829445 -0.860006
v -1.592475 -0.654737 -0.900083
v -1.507672 -0.658846 -0.879151
v -1.485803 -0.659539 -0.873820
v -1.461534 -0.659979 -0.867962
v -1.435322 -0.660143 -0.861692
v -1.407606 -0.660012 -0.855116
v -1.378816 -0.659568 -0.848341
v -1.349376 -0.658793 -0.841471
v -1.319712 -0.657671 -0.834611
v -1.290252 -0.656187 -0.827863
v -1.261428 -0.654328 -0.821335
v -1.233685 -0.652084 -0.815134
v -1.207640 -0.649466 -0.809405
v -1.185861 -0.646603 -0.804735
v -1.162826 -0.643296 -0.799846
v -1.139315 -0.639648 -0.794905
v -1.115676 -0.635702 -0.789987
v -1.092261 -0.631506 -0.785168
v -1.069421 -0.627108 -0.780522
v -1.047518 -0.622561 -0.776126
v -1.026926 -0.617920 -0.772059
v -1.008044 -0.613257 -0.768403
v -0.991318 -0.608662 -0.765248
v -0.977285 -0.604279 -0.762697
v -0.930138 -0.586967 -0.754589
v -0.821374 -0.744688 -0.700286
v -0.897964 -0.763992 -0.715045
v -0.903369 -0.765339 -0.716089
v -0.908637 -0.766640 -0.717109
v -0.913753 -0.767895 -0.718101
v -0.918701 -0.769105 -0.719061
v -0.923466 -0.770268 -0.719986
v -0.928031 -0.771385 -0.720872
v -0.932377 -0.772453 -0.721714
v -0.936485 -0.773472 -0.722509
v -0.940333 -0.774440 -0.723251
v -0.943896 -0.775353 -0.723935
v -0.947993 -0.776429 -0.724716
v -0.961834 -0.779658 -0.727430
v -0.976265 -0.782830 -0.730295
v -0.991496 -0.786004 -0.733350
v -1.007441 -0.789167 -0.736576
v -1.024006 -0.792306 -0.739955
v -1.041093 -0.795406 -0.743465
v -1.058603 -0.798451 -0.747086
v -1.076434 -0.801422 -0.750796
v -1.094485 -0.804305 -0.754575
v -1.112651 -0.807080 -0.758400
v -1.130830 -0.809731 -0.762251
v -1.107275 -0.806465 -0.757231
v -1.113012 -0.904175 -0.740998
v -0.893531 -0.908258 -0.688006
v -0.888370 -0.908318 -0.686766
v -0.882794 -0.908316 -0.685439
v -0.876750 -0.908256 -0.684010
v -0.870369 -0.908143 -0.682511
v -0.863770 -0.907980 -0.680970
v -0.857068 -0.907771 -0.679411
v -0.850373 -0.907522 -0.677862
v -0.843797 -0.907239 -0.676348
v -0.837451 -0.906927 -0.674893
v -0.831451 -0.906593 -0.673524
v -0.825918 -0.906243 -0.672270
v -0.767482 -0.902027 -0.659116
v -0.778602 -1.091410 -0.627654
v -0.836528 -1.085125 -0.642578
v -0.842018 -1.084560 -0.643987
v -0.847740 -1.084003 -0.645449
v -0.853645 -1.083463 -0.646952
v -0.859684 -1.082947 -0.648483
v -0.865809 -1.082463 -0.650029
v -0.871970 -1.082018 -0.651576
v -0.878119 -1.081621 -0.653111
v -0.884203 -1.081278 -0.654622
v -0.890169 -1.080997 -0.656093
v -0.895962 -1.080783 -0.657511
v -0.901692 -1.080640 -0.658901
v -1.128240 -1.076424 -0.713600
v -1.128485 -1.078094 -0.713358
v -1.138305 -1.124117 -0.707407
v -1.151114 -1.168308 -0.702497
v -1.167106 -1.210662 -0.698676
v -1.186445 -1.251131 -0.695992
v -1.209253 -1.289642 -0.694486
v -1.235602 -1.326115 -0.694191
v -1.265516 -1.360487 -0.695122
v -1.298993 -1.392745 -0.697283
v -1.336030 -1.422921 -0.700666
v -1.376639 -1.451099 -0.705260
v -1.447713 -1.493354 -0.714572
v -1.610790 -1.370174 -0.775586
v -1.499338 -1.317046 -0.758618
v -1.467600 -1.299069 -0.754300
v -1.438957 -1.279732 -0.750963
v -1.413280 -1.258982 -0.748586
v -1.390405 -1.236722 -0.747149
v -1.370151 -1.212794 -0.746637
v -1.352352 -1.186980 -0.747048
v -1.336884 -1.159019 -0.748401
v -1.323682 -1.128636 -0.750730
v -1.312741 -1.095578 -0.754079
v -1.304101 -1.059630 -0.758497
v -1.306271 -1.073112 -0.756585
v -1.540930 -1.068746 -0.813243
v -1.548390 -1.068645 -0.815037
v -1.555807 -1.068616 -0.816808
v -1.563267 -1.068652 -0.818578
v -1.570720 -1.068747 -0.820336
v -1.578123 -1.068896 -0.822071
v -1.585428 -1.069093 -0.823775
v -1.592591 -1.069333 -0.825437
v -1.599568 -1.069610 -0.827049
v -1.606313 -1.069917 -0.828599
v -1.612783 -1.070249 -0.830080
v -1.618930 -1.070599 -0.831480
v -1.677593 -1.074271 -0.844786
v -1.666518 -0.885657 -0.876121
v -1.608520 -0.891660 -0.861231
v -1.602612 -0.892230 -0.859721
v -1.596317 -0.892797 -0.858120
v -1.589700 -0.893352 -0.856445
v -1.582826 -0.893886 -0.854712
v -1.575758 -0.894390 -0.852938
v -1.568561 -0.894858 -0.851141
v -1.561298 -0.895280 -0.849335
v -1.554033 -0.895649 -0.847539
v -1.546831 -0.895957 -0.845769
v -1.539759 -0.896197 -0.844042
v -1.532747 -0.896365 -0.842342
v -1.288928 -0.900901 -0.783473
v -1.745218 -0.555735 1.132946
v -1.284466 -0.824912 -0.796097
v -1.740756 -0.479746 1.120322
v -1.256279 -0.822805 -0.789765
v -1.712569 -0.477639 1.126653
v -1.282018 -0.824424 -0.795602
v -1.738308 -0.479257 1.120816
v -1.307841 -0.825777 -0.801507
v -1.764132 -0.480611 1.114912
v -1.333599 -0.826888 -0.807439
v -1.789889 -0.481721 1.108979
v -1.359136 -0.827778 -0.813359
v -1.815427 -0.482611 1.103059
v -1.384299 -0.828468 -0.819226
v -1.840589 -0.483301 1.097192
v -1.408930 -0.828979 -0.824998
v -1.865220 -0.483813 1.091420
v -1.432873 -0.829333 -0.830635
v -1.889163 -0.484167 1.085783
v -1.455970 -0.829550 -0.836096
v -1.912260 -0.484384 1.080323
v -1.478061 -0.829650 -0.841338
v -1.934352 -0.484484 1.075081
v -1.498988 -0.829654 -0.846319
v -1.955278 -0.484488 1.070099
v -1.556314 -0.829445 -0.860006
v -2.012605 -0.484278 1.056412
v -1.592475 -0.654737 -0.900083
v -2.048765 -0.309571 1.016336
v -1.507672 -0.658846 -0.879151
v -1.963963 -0.313679 1.037267
v -1.485803 -0.659539 -0.873820
v -1.942094 -0.314373 1.042599
v -1.461534 -0.659979 -0.867962
v -1.917825 -0.314813 1.048456
v -1.435322 -0.660143 -0.861692
v -1.891613 -0.314977 1.054727
v -1.407606 -0.660012 -0.855116
v -1.863897 -0.314846 1.061302
v -1.378816 -0.659568 -0.848341
v -1.835106 -0.314401 1.068077
v -1.349376 -0.658793 -0.841471
v -1.805666 -0.313626 1.074947
v -1.319712 -0.657671 -0.834611
v -1.776003 -0.312504 1.081808
v -1.290252 -0.656187 -0.827863
v -1.746542 -0.311020 1.088555
v -1.261428 -0.654328 -0.821335
v -1.717719 -0.309161 1.095083
v -1.233685 -0.652084 -0.815134
v -1.689976 -0.306917 1.101284
v -1.207640 -0.649466 -0.809405
v -1.663931 -0.304299 1.107014
v -1.185861 -0.646603 -0.804735
v -1.642151 -0.301436 1.111684
v -1.162826 -0.643296 -0.799846
v -1.619117 -0.298130 1.116573
v -1.139315 -0.639648 -0.794905
v -1.595605 -0.294481 1.121513
v -1.115676 -0.635702 -0.789987
v -1.571967 -0.290536 1.126431
v -1.092261 -0.631506 -0.785168
v -1.548551 -0.286340 1.131250
v -1.069421 -0.627108 -0.780522
v -1.525711 -0.281942 1.135896
v -1.047518 -0.622561 -0.776126
v -1.503808 -0.277394 1.140292
v -1.026926 -0.617920 -0.772059
v -1.483216 -0.272754 1.144359
v -1.008044 -0.613257 -0.768403
v -1.464335 -0.268090 1.148015
v -0.991318 -0.608662 -0.765248
v -1.447608 -0.263495 1.151170
v -0.977285 -0.604279 -0.762697
v -1.433575 -0.259112 1.153722
v -0.930138 -0.586967 -0.754589
v -1.386428 -0.241801 1.161829
v -0.821374 -0.744688 -0.700286
v -1.277665 -0.399522 1.216133
v -0.897964 -0.763992 -0.715045
v -1.354255 -0.418825 1.201374
v -0.903369 -0.765339 -0.716089
v -1.359660 -0.420172 1.200329
v -0.908637 -0.766640 -0.717109
v -1.364928 -0.421473 1.199309
v -0.913753 -0.767895 -0.718101
v -1.370043 -0.422729 1.198317
v -0.918701 -0.769105 -0.719061
v -1.374992 -0.423938 1.197357
v -0.923466 -0.770268 -0.719986
v -1.379757 -0.425102 1.196432
v -0.928031 -0.771385 -0.720872
v -1.384321 -0.426218 1.195546
v -0.932377 -0.772453 -0.721714
v -1.388667 -0.427287 1.194704
v -0.936485 -0.773472 -0.722509
v -1.392775 -0.428306 1.193909
v -0.940333 -0.774440 -0.723251
v -1.396623 -0.429274 1.193168
v -0.943896 -0.775353 -0.723935
v -1.400187 -0.430187 1.192484
v -0.947993 -0.776429 -0.724716
v -1.404284 -0.431262 1.191702
v -0.961834 -0.779658 -0.727430
v -1.418125 -0.434492 1.188988
v -0.976265 -0.782830 -0.730295
v -1.432555 -0.437664 1.186123
v -0.991496 -0.786004 -0.733350
v -1.447787 -0.440837 1.183069
v -1.007441 -0.789167 -0.736576
v -1.463732 -0.444000 1.179842
v -1.024006 -0.792306 -0.739955
v -1.480296 -0.447140 1.176463
v -1.041093 -0.795406 -0.743465
v -1.497383 -0.450240 1.172953
v -1.058603 -0.798451 -0.747086
v -1.514894 -0.453284 1.169333
v -1.076434 -0.801422 -0.750796
v -1.532725 -0.456256 1.165622
v -1.094485 -0.804305 -0.754575
v -1.550775 -0.459138 1.161844
v -1.112651 -0.807080 -0.758400
v -1.568941 -0.461913 1.158018
v -1.130830 -0.809731 -0.762251
v -1.587120 -0.464564 1.154167
v -1.107275 -0.806465 -0.757231
v -1.563565 -0.461298 1.159187
v -1.113012 -0.904175 -0.740998
v -1.569303 -0.559008 1.175420
v -0.893531 -0.908258 -0.688006
v -1.349822 -0.563092 1.228413
v -0.888370 -0.908318 -0.686766
v -1.344661 -0.563151 1.229652
v -0.882794 -0.908316 -0.685439
v -1.339084 -0.563149 1.230980
v -0.876750 -0.908256 -0.684010
v -1.333041 -0.563090 1.232408
v -0.870369 -0.908143 -0.682511
v -1.326660 -0.562976 1.233907
v -0.863770 -0.907980 -0.680970
v -1.320061 -0.562813 1.235449
v -0.857068 -0.907771 -0.679411
v -1.313359 -0.562604 1.237007
v -0.850373 -0.907522 -0.677862
v -1.306664 -0.562356 1.238556
v -0.843797 -0.907239 -0.676348
v -1.300088 -0.562073 1.240071
v -0.837451 -0.906927 -0.674893
v -1.293742 -0.561761 1.241526
v -0.831451 -0.906593 -0.673524
v -1.287741 -0.561426 1.242894
v -0.825918 -0.906243 -0.672270
v -1.282208 -0.561077 1.244148
v -0.767482 -0.902027 -0.659116
v -1.223772 -0.556860 1.257302
v -0.778602 -1.091410 -0.627654
v -1.234892 -0.746244 1.288764
v -0.836528 -1.085125 -0.642578
v -1.292819 -0.739959 1.273841
v -0.842018 -1.084560 -0.643987
v -1.298309 -0.739394 1.272432
v -0.847740 -1.084003 -0.645449
v -1.304031 -0.738837 1.270969
v -0.853645 -1.083463 -0.646952
v -1.309935 -0.738297 1.269466
v -0.859684 -1.082947 -0.648483
v -1.315974 -0.737781 1.267935
v -0.865809 -1.082463 -0.650029
v -1.322099 -0.737296 1.266390
v -0.871970 -1.082018 -0.651576
v -1.328261 -0.736852 1.264843
v -0.878119 -1.081621 -0.653111
v -1.334409 -0.736455 1.263307
v -0.884203 -1.081278 -0.654622
v -1.340493 -0.736112 1.261797
v -0.890169 -1.080997 -0.656093
v -1.346460 -0.735830 1.260325
v -0.895962 -1.080783 -0.657511
v -1.352253 -0.735617 1.258908
v -0.901692 -1.080640 -0.658901
v -1.357983 -0.735473 1.257518
v -1.128240 -1.076424 -0.713600
v -1.584531 -0.731258 1.202818
v -1.128485 -1.078094 -0.713358
v -1.584776 -0.732927 1.203061
v -1.138305 -1.124117 -0.707407
v -1.594595 -0.778950 1.209012
v -1.151114 -1.168308 -0.702497
v -1.607405 -0.823141 1.213921
v -1.167106 -1.210662 -0.698676
v -1.623396 -0.865495 1.217742
v -1.186445 -1.251131 -0.695992
v -1.642735 -0.905965 1.220426
v -1.209253 -1.289642 -0.694486
v -1.665544 -0.944476 1.221932
v -1.235602 -1.326115 -0.694191
v -1.691893 -0.980948 1.222228
v -1.265516 -1.360487 -0.695122
v -1.721807 -1.015321 1.221296
v -1.298993 -1.392745 -0.697283
v -1.755284 -1.047578 1.219135
v -1.336030 -1.422921 -0.700666
v -1.792320 -1.077755 1.215752
v -1.376639 -1.451099 -0.705260
v -1.832930 -1.105933 1.211158
v -1.447713 -1.493354 -0.714572
v -1.904004 -1.148188 1.201846
v -1.610790 -1.370174 -0.775586
v -2.067080 -1.025007 1.140832
v -1.499338 -1.317046 -0.758618
v -1.955629 -0.971880 1.157800
v -1.467600 -1.299069 -0.754300
v -1.923890 -0.953902 1.162119
v -1.438957 -1.279732 -0.750963
v -1.895248 -0.934565 1.165456
v -1.413280 -1.258982 -0.748586
v -1.869571 -0.913816 1.167832
v -1.390405 -1.236722 -0.747149
v -1.846695 -0.891556 1.169269
v -1.370151 -1.212794 -0.746637
v -1.826442 -0.867627 1.169782
v -1.352352 -1.186980 -0.747048
v -1.808643 -0.841813 1.169370
v -1.336884 -1.159019 -0.748401
v -1.793174 -0.813852 1.168017
v -1.323682 -1.128636 -0.750730
v -1.779973 -0.783470 1.165688
v -1.312741 -1.095578 -0.754079
v -1.769032 -0.750412 1.162339
v -1.304101 -1.059630 -0.758497
v -1.760391 -0.714463 1.157922
v -1.306271 -1.073112 -0.756585
v -1.762562 -0.727946 1.159833
v -1.540930 -1.068746 -0.813243
v -1.997221 -0.723579 1.103176
v -1.548390 -1.068645 -0.815037
v -2.004680 -0.723479 1.101381
v -1.555807 -1.068616 -0.816808
v -2.012098 -0.723450 1.099610
v -1.563267 -1.068652 -0.818578
v -2.019557 -0.723485 1.097840
v -1.570720 -1.068747 -0.820336
v -2.027011 -0.723580 1.096083
v -1.578123 -1.068896 -0.822071
v -2.034413 -0.723729 1.094347
v -1.585428 -1.069093 -0.823775
v -2.041718 -0.723927 1.092643
v -1.592591 -1.069333 -0.825437
v -2.048882 -0.724167 1.090981
v -1.599568 -1.069610 -0.827049
v -2.055859 -0.724443 1.089370
v -1.606313 -1.069917 -0.828599
v -2.062604 -0.724751 1.087819
v -1.612783 -1.070249 -0.830080
v -2.069073 -0.725082 1.086339
v -1.618930 -1.070599 -0.831480
v -2.075221 -0.725432 1.084938
v -1.677593 -1.074271 -0.844786
v -2.133883 -0.729105 1.071632
v -1.666518 -0.885657 -0.876121
v -2.122808 -0.540490 1.040298
v -1.608520 -0.891660 -0.861231
v -2.064811 -0.546493 1.055188
v -1.602612 -0.892230 -0.859721
v -2.058903 -0.547063 1.056697
v -1.596317 -0.892797 -0.858120
v -2.052607 -0.547630 1.058298
v -1.589700 -0.893352 -0.856445
v -2.045990 -0.548185 1.059973
v -1.582826 -0.893886 -0.854712
v -2.039116 -0.548719 1.061706
v -1.575758 -0.894390 -0.852938
v -2.032049 -0.549224 1.063480
v -1.568561 -0.894858 -0.851141
v -2.024852 -0.549691 1.065278
v -1.561298 -0.895280 -0.849335
v -2.017589 -0.550113 1.067083
v -1.554033 -0.895649 -0.847539
v -2.010323 -0.550482 1.068879
v -1.546831 -0.895957 -0.845769
v -2.003121 -0.550790 1.070650
v -1.539759 -0.896197 -0.844042
v -1.996050 -0.551030 1.072376
v -1.532747 -0.896365 -0.842342
v -1.989038 -0.551198 1.074076
v -0.127013 -1.311953 -0.432791
v -0.583304 -0.966786 1.483627
v -0.122502 -1.235136 -0.445553
v -0.578793 -0.889969 1.470865
v -0.424710 -1.229513 -0.518520
v -0.881000 -0.884346 1.397898
v -0.433043 -1.229378 -0.520528
v -0.889334 -0.884211 1.395890
v -0.441284 -1.229280 -0.522508
v -0.897575 -0.884114 1.393910
v -0.449438 -1.229218 -0.524461
v -0.905729 -0.884052 1.391958
v -0.457451 -1.229189 -0.526374
v -0.913742 -0.884023 1.390044
v -0.465269 -1.229190 -0.528235
v -0.921560 -0.884024 1.388183
v -0.472839 -1.229220 -0.530032
v -0.929129 -0.884053 1.386386
v -0.480105 -1.229274 -0.531752
v -0.936396 -0.884108 1.384666
v -0.487014 -1.229352 -0.533383
v -0.943305 -0.884185 1.383035
v -0.493509 -1.229450 -0.534912
v -0.949800 -0.884284 1.381506
v -0.499533 -1.229566 -0.536325
v -0.955823 -0.884399 1.380093
v -0.505024 -1.229696 -0.537609
v -0.961314 -0.884530 1.378809
v -0.561088 -1.231320 -0.550665
v -1.017379 -0.886153 1.365753
v -0.550557 -1.051965 -0.580462
v -1.006847 -0.706798 1.335957
v -0.494635 -1.056012 -0.566418
v -0.950925 -0.710845 1.350000
v -0.489125 -1.056408 -0.565035
v -0.945415 -0.711242 1.351383
v -0.483100 -1.056832 -0.563524
v -0.939390 -0.711666 1.352895
v -0.476615 -1.057274 -0.561900
v -0.932905 -0.712107 1.354518
v -0.469731 -1.057721 -0.560181
v -0.926021 -0.712555 1.356238
v -0.462510 -1.058164 -0.558382
v -0.918800 -0.712997 1.358037
v -0.455016 -1.058591 -0.556520
v -0.911306 -0.713424 1.359898
v -0.447314 -1.058991 -0.554615
v -0.903605 -0.713825 1.361804
v -0.439473 -1.059353 -0.552683
v -0.895764 -0.714186 1.363736
v -0.431560 -1.059666 -0.550742
v -0.887851 -0.714499 1.365676
v -0.423646 -1.059919 -0.548812
v -0.879937 -0.714753 1.367606
v -0.415678 -1.060105 -0.546881
v -0.871969 -0.714939 1.369537
v -0.112556 -1.065745 -0.473694
v -0.568847 -0.720579 1.442724
v -0.108740 -1.000747 -0.484492
v -0.565030 -0.655580 1.431926
v -0.073160 -1.001409 -0.475901
v -0.529450 -0.656242 1.440517
v -0.094616 -1.001009 -0.481082
v -0.550906 -0.655843 1.435337
v -0.122908 -1.000483 -0.487913
v -0.579199 -0.655316 1.428505
v -0.156435 -0.999859 -0.496008
v -0.612726 -0.654693 1.420410
v -0.193593 -0.999168 -0.504980
v -0.649884 -0.654001 1.411439
v -0.232779 -0.998439 -0.514441
v -0.689070 -0.653272 1.401977
v -0.272391 -0.997702 -0.524005
v -0.728682 -0.652535 1.392413
v -0.310825 -0.996987 -0.533285
v -0.767115 -0.651820 1.383134
v -0.346478 -0.996323 -0.541893
v -0.802768 -0.651157 1.374525
v -0.377747 -0.995741 -0.549443
v -0.834037 -0.650575 1.366975
v -0.403029 -0.995271 -0.555547
v -0.859320 -0.650104 1.360871
v -0.420586 -0.994944 -0.559786
v -0.876877 -0.649778 1.356632
v -0.427179 -0.994859 -0.561371
v -0.883470 -0.649693 1.355047
v -0.434828 -0.994823 -0.563199
v -0.891119 -0.649657 1.353219
v -0.443386 -0.994832 -0.565235
v -0.899676 -0.649666 1.351183
v -0.452568 -0.994881 -0.567412
v -0.908859 -0.649715 1.349006
v -0.462109 -0.994965 -0.569669
v -0.918400 -0.649798 1.346749
v -0.471753 -0.995077 -0.571945
v -0.928043 -0.649911 1.344473
v -0.481244 -0.995213 -0.574180
v -0.937534 -0.650047 1.342238
v -0.490329 -0.995367 -0.576316
v -0.946620 -0.650200 1.340103
v -0.498754 -0.995532 -0.578292
v -0.955045 -0.650365 1.338126
v -0.506255 -0.995702 -0.580047
v -0.962546 -0.650535 1.336371
v -0.512548 -0.995870 -0.581515
v -0.968838 -0.650703 1.334903
v -0.568777 -0.997715 -0.594571
v -1.025067 -0.652549 1.321848
v -0.558059 -0.815182 -0.624895
v -1.014349 -0.470015 1.291523
v -0.500492 -0.821576 -0.610037
v -0.956783 -0.476409 1.306381
v -0.494600 -0.822117 -0.608537
v -0.950891 -0.476950 1.307882
v -0.487383 -0.822693 -0.606715
v -0.943673 -0.477526 1.309704
v -0.479196 -0.823277 -0.604660
v -0.935486 -0.478111 1.311758
v -0.470329 -0.823853 -0.602445
v -0.926620 -0.478686 1.313973
v -0.461047 -0.824404 -0.600136
v -0.917338 -0.479238 1.316283
v -0.451603 -0.824920 -0.597794
v -0.907894 -0.479754 1.318624
v -0.442248 -0.825387 -0.595483
v -0.898538 -0.480221 1.320935
v -0.433230 -0.825794 -0.593263
v -0.889521 -0.480627 1.323156
v -0.424808 -0.826128 -0.591197
v -0.881098 -0.480962 1.325221
v -0.417251 -0.826379 -0.589353
v -0.873542 -0.481212 1.327066
v -0.410695 -0.826539 -0.587763
v -0.866986 -0.481372 1.328655
v -0.393522 -0.826858 -0.583616
v -0.849812 -0.481692 1.332802
v -0.369609 -0.827303 -0.577843
v -0.825899 -0.482137 1.338576
v -0.340310 -0.827848 -0.570769
v -0.796600 -0.482682 1.345650
v -0.306840 -0.828471 -0.562687
v -0.763130 -0.483305 1.353731
v -0.270413 -0.829149 -0.553892
v -0.726704 -0.483982 1.362526
v -0.232246 -0.829859 -0.544677
v -0.688536 -0.484692 1.371742
v -0.193552 -0.830579 -0.535334
v -0.649842 -0.485412 1.381084
v -0.155546 -0.831286 -0.526158
v -0.611836 -0.486120 1.390260
v -0.119444 -0.831958 -0.517441
v -0.575734 -0.486791 1.398977
v -0.086459 -0.832572 -0.509477
v -0.542750 -0.487405 1.406941
v -0.057808 -0.833105 -0.502560
v -0.514099 -0.487938 1.413859
v -0.034794 -0.833533 -0.497003
v -0.491084 -0.488366 1.419416
v -0.029626 -0.833610 -0.495758
v -0.485916 -0.488443 1.420660
v -0.024408 -0.833653 -0.494508
v -0.480698 -0.488486 1.421910
v -0.019112 -0.833664 -0.493245
v -0.475403 -0.488497 1.423173
v -0.013806 -0.833646 -0.491985
v -0.470097 -0.488479 1.424433
v -0.008554 -0.833600 -0.490743
v -0.464845 -0.488434 1.425675
v -0.003422 -0.833529 -0.489534
v -0.459713 -0.488363 1.426884
v 0.001525 -0.833436 -0.488373
v -0.454766 -0.488270 1.428046
v 0.006219 -0.833323 -0.487276
v -0.450072 -0.488157 1.429143
v 0.010590 -0.833193 -0.486258
v -0.445700 -0.488026 1.430160
v 0.014563 -0.833050 -0.485338
v -0.441728 -0.487883 1.431080
v 0.018048 -0.832898 -0.484536
v -0.438242 -0.487731 1.431883
v 0.077754 -0.829724 -0.470892
v -0.378536 -0.484557 1.445527
v 0.069703 -0.889041 -0.462125
v -0.386588 -0.543874 1.454293
v 0.069423 -0.891457 -0.461756
v -0.386867 -0.546290 1.454662
v 0.069123 -0.894425 -0.461293
v -0.387167 -0.549259 1.455125
v 0.068816 -0.897834 -0.460752
v -0.387474 -0.552667 1.455666
v 0.068508 -0.901598 -0.460148
v -0.387782 -0.556431 1.456271
v 0.068204 -0.905650 -0.459490
v -0.388087 -0.560483 1.456928
v 0.067904 -0.909930 -0.458791
v -0.388387 -0.564764 1.457627
v 0.067609 -0.914387 -0.458058
v -0.388682 -0.569220 1.458360
v 0.067320 -0.918970 -0.457302
v -0.388971 -0.573803 1.459116
v 0.067035 -0.923633 -0.456530
v -0.389255 -0.578467 1.459889
v 0.066755 -0.928333 -0.455750
v -0.389535 -0.583167 1.460669
v 0.066479 -0.933025 -0.454971
v -0.389811 -0.587858 1.461448
v 0.065570 -0.948521 -0.452396
v -0.390721 -0.603354 1.464022
v 0.063965 -0.975848 -0.447856
v -0.392326 -0.630681 1.468562
v 0.061793 -1.012839 -0.441711
v -0.394498 -0.667672 1.474707
v 0.059181 -1.057329 -0.434320
v -0.397110 -0.712162 1.482098
v 0.056255 -1.107153 -0.426043
v -0.400036 -0.761987 1.490376
v 0.053143 -1.160148 -0.417239
v -0.403147 -0.814981 1.499180
v 0.049973 -1.214148 -0.408268
v -0.406318 -0.868981 1.508151
v 0.046870 -1.266988 -0.399489
v -0.409421 -0.921822 1.516929
v 0.043962 -1.316505 -0.391263
v -0.412328 -0.971338 1.525155
v 0.041377 -1.360533 -0.383949
v -0.414913 -1.015367 1.532470
v 0.039241 -1.396909 -0.377906
v -0.417049 -1.051742 1.538513
v 0.037689 -1.423346 -0.373514
v -0.418602 -1.078180 1.542905
v 0.037486 -1.427115 -0.372883
v -0.418805 -1.081948 1.543535
v 0.037304 -1.431101 -0.372208
v -0.418987 -1.085935 1.544210
v 0.037139 -1.435352 -0.371482
v -0.419152 -1.090186 1.544936
v 0.036992 -1.439788 -0.370718
v -0.419298 -1.094621 1.545700
v 0.036866 -1.444333 -0.369930
v -0.419425 -1.099166 1.546489
v 0.036760 -1.448915 -0.369129
v -0.419531 -1.103748 1.547289
v 0.036676 -1.453463 -0.368330
v -0.419615 -1.108297 1.548088
v 0.036614 -1.457908 -0.367545
v -0.419677 -1.112741 1.548874
v 0.036574 -1.462177 -0.366785
v -0.419717 -1.117010 1.549633
v 0.036556 -1.466196 -0.366066
v -0.419735 -1.121030 1.550353
v 0.036560 -1.469887 -0.365400
v -0.419730 -1.124720 1.551018
v 0.037000 -1.525988 -0.355191
v -0.419291 -1.180821 1.561228
v -0.141590 -1.522665 -0.398311
v -0.597880 -1.177498 1.518108
v -0.138305 -1.483290 -0.404620
v -0.594595 -1.138123 1.511798
v -0.479068 -1.476950 -0.486896
v -0.935359 -1.131783 1.429522
v -0.486567 -1.476847 -0.488700
v -0.942858 -1.131681 1.427718
v -0.494068 -1.476810 -0.490493
v -0.950359 -1.131643 1.425925
v -0.501619 -1.476825 -0.492288
v -0.957910 -1.131659 1.424130
v -0.509139 -1.476882 -0.494068
v -0.965430 -1.131716 1.422350
v -0.516549 -1.476970 -0.495817
v -0.972839 -1.131803 1.420601
v -0.523774 -1.477076 -0.497518
v -0.980064 -1.131909 1.418900
v -0.530744 -1.477189 -0.499157
v -0.987034 -1.132023 1.417261
v -0.537394 -1.477297 -0.500721
v -0.993685 -1.132131 1.415697
v -0.543670 -1.477388 -0.502199
v -0.999961 -1.132222 1.414219
v -0.549532 -1.477449 -0.503584
v -1.005822 -1.132283 1.412835
v -0.554972 -1.477466 -0.504876
v -1.011262 -1.132299 1.411542
v -0.608592 -1.476956 -0.517734
v -1.064883 -1.131789 1.398684
v -0.597804 -1.293237 -0.548256
v -1.054095 -0.948071 1.368163
v -0.540213 -1.301093 -0.533128
v -0.996504 -0.955927 1.383290
v -0.536118 -1.301585 -0.532065
v -0.992409 -0.956419 1.384354
v -0.531355 -1.302095 -0.530839
v -0.987646 -0.956928 1.385579
v -0.526014 -1.302607 -0.529475
v -0.982305 -0.957440 1.386943
v -0.520168 -1.303108 -0.527993
v -0.976459 -0.957942 1.388425
v -0.513882 -1.303590 -0.526409
v -0.970173 -0.958423 1.390009
v -0.507215 -1.304042 -0.524741
v -0.963506 -0.958875 1.391678
v -0.500224 -1.304455 -0.523002
v -0.956515 -0.959289 1.393417
v -0.492964 -1.304823 -0.521207
v -0.949255 -0.959656 1.395211
v -0.485488 -1.305135 -0.519370
v -0.941778 -0.959969 1.397048
v -0.477849 -1.305387 -0.517507
v -0.934140 -0.960220 1.398912
v -0.469980 -1.305571 -0.515600
v -0.926271 -0.960405 1.400819
v 0.667335 -1.168038 -0.269581
v 0.211045 -0.822871 1.646837
v 0.654253 -1.104530 -0.284134
v 0.197963 -0.759363 1.632284
v 0.650828 -1.090139 -0.287542
v 0.194538 -0.744972 1.628876
v 0.646421 -1.073081 -0.291663
v 0.190131 -0.727914 1.624755
v 0.641248 -1.054119 -0.296310
v 0.184957 -0.708952 1.620108
v 0.635507 -1.033911 -0.301317
v 0.179216 -0.688744 1.615101
v 0.629390 -1.013073 -0.306527
v 0.173100 -0.667906 1.609892
v 0.623086 -0.992205 -0.311786
v 0.166796 -0.647038 1.604632
v 0.616784 -0.971901 -0.316943
v 0.160493 -0.626735 1.599475
v 0.610674 -0.952761 -0.321846
v 0.154383 -0.607594 1.594573
v 0.604953 -0.935397 -0.326335
v 0.148662 -0.590231 1.590083
v 0.599837 -0.920472 -0.330242
v 0.143546 -0.575305 1.586177
v 0.577524 -0.858900 -0.346644
v 0.121233 -0.513733 1.569775
v 0.744633 -0.805115 -0.316543
v 0.288343 -0.459948 1.599875
v 0.763718 -0.860251 -0.302068
v 0.307428 -0.515085 1.614350
v 0.768818 -0.875641 -0.298082
v 0.312528 -0.530474 1.618336
v 0.774550 -0.893430 -0.293514
v 0.318259 -0.548264 1.622905
v 0.780750 -0.913086 -0.288497
v 0.324460 -0.567920 1.627921
v 0.787240 -0.934030 -0.283180
v 0.330949 -0.588864 1.633239
v 0.793834 -0.955666 -0.277713
v 0.337543 -0.610500 1.638705
v 0.800344 -0.977394 -0.272249
v 0.344054 -0.632228 1.644169
v 0.806584 -0.998617 -0.266941
v 0.350293 -0.653450 1.649477
v 0.812368 -1.018745 -0.261939
v 0.356077 -0.673578 1.654480
v 0.817517 -1.037216 -0.257386
v 0.361227 -0.692050 1.659032
v 0.821868 -1.053535 -0.253411
v 0.365577 -0.708368 1.663007
v 0.836349 -1.112178 -0.239401
v 0.380058 -0.767011 1.677017
v 1.082314 -1.017553 -0.197881
v 0.626023 -0.672387 1.718538
v 1.072721 -1.045518 -0.195128
v 0.616430 -0.700352 1.721291
v 1.062335 -1.073333 -0.192591
v 0.606045 -0.728166 1.723828
v 1.051109 -1.100947 -0.190290
v 0.594818 -0.755781 1.726128
v 1.038991 -1.128310 -0.188247
v 0.582701 -0.783144 1.728171
v 1.025932 -1.155368 -0.186483
v 0.569641 -0.810202 1.729935
v 1.011880 -1.182067 -0.185020
v 0.555590 -0.836901 1.731399
v 0.996787 -1.208351 -0.183879
v 0.540497 -0.863184 1.732539
v 0.980603 -1.234160 -0.183084
v 0.524313 -0.888993 1.733334
v 0.963280 -1.259433 -0.182657
v 0.506990 -0.914266 1.733762
v 0.944773 -1.284107 -0.182619
v 0.488482 -0.938941 1.733799
v 0.925196 -1.307924 -0.182991
v 0.468905 -0.962757 1.733428
v 0.899095 -1.337413 -0.183894
v 0.442805 -0.992246 1.732524
v 0.871703 -1.365375 -0.185380
v 0.415413 -1.020208 1.731039
v 0.843439 -1.391533 -0.187398
v 0.387148 -1.046366 1.729020
v 0.814449 -1.415919 -0.189908
v 0.358158 -1.070753 1.726510
v 0.784876 -1.438568 -0.192870
v 0.328585 -1.093401 1.723548
v 0.754861 -1.459513 -0.196244
v 0.298571 -1.114347 1.720174
v 0.724542 -1.478792 -0.199990
v 0.268251 -1.133626 1.716428
v 0.694053 -1.496440 -0.204071
v 0.237763 -1.151273 1.712347
v 0.663528 -1.512492 -0.208448
v 0.207237 -1.167326 1.707970
v 0.633095 -1.526984 -0.213084
v 0.176805 -1.181818 1.703335
v 0.602884 -1.539951 -0.217942
v 0.146593 -1.194784 1.698477
v 0.543078 -1.562927 -0.228043
v 0.086787 -1.217761 1.688376
v 0.409303 -1.413826 -0.286749
v -0.046988 -1.068659 1.629670
v 0.513695 -1.382433 -0.267547
v 0.057404 -1.037266 1.648871
v 0.540735 -1.372860 -0.262834
v 0.084444 -1.027694 1.653585
v 0.568030 -1.361748 -0.258336
v 0.111739 -1.016582 1.658082
v 0.595359 -1.349151 -0.254098
v 0.139068 -1.003984 1.662320
v 0.622503 -1.335126 -0.250161
v 0.166213 -0.989959 1.666257
v 0.649250 -1.319735 -0.246565
v 0.192960 -0.974569 1.669853
v 0.675390 -1.303045 -0.243347
v 0.219100 -0.957879 1.673071
v 0.700717 -1.285125 -0.240544
v 0.244426 -0.939959 1.675874
v 0.725029 -1.266050 -0.238192
v 0.268738 -0.920884 1.678227
v 0.748130 -1.245897 -0.236321
v 0.291839 -0.900731 1.680097
v 0.769829 -1.224749 -0.234964
v 0.313539 -0.879582 1.681455
v 0.790227 -1.202381 -0.234136
v 0.333937 -0.857214 1.682283
v 0.806723 -1.182485 -0.233792
v 0.350432 -0.837318 1.682627
v 0.822547 -1.161202 -0.233857
v 0.366256 -0.816036 1.682561
v 0.837755 -1.138476 -0.234329
v 0.381465 -0.793310 1.682089
v 0.852248 -1.114450 -0.235206
v 0.395957 -0.769284 1.681212
v 0.865930 -1.089270 -0.236483
v 0.409640 -0.744104 1.679935
v 0.878715 -1.063083 -0.238156
v 0.422424 -0.717917 1.678262
v 0.890518 -1.036037 -0.240217
v 0.434227 -0.690871 1.676201
v 0.901260 -1.008280 -0.242659
v 0.444969 -0.663113 1.673759
v 0.910866 -0.979961 -0.245472
v 0.454575 -0.634794 1.670946
v 0.919263 -0.951228 -0.248648
v 0.462972 -0.606062 1.667770
v 0.926383 -0.922232 -0.252175
v 0.470093 -0.577066 1.664243
v 0.943776 -0.834622 -0.263814
v 0.487485 -0.489455 1.652605
v 1.125534 -0.896991 -0.209305
v 0.669243 -0.551824 1.707114
v 1.105541 -0.948931 -0.204710
v 0.649250 -0.603764 1.711709
v 1.103873 -0.953377 -0.204306
v 0.647582 -0.608211 1.712112
v 1.102299 -0.957673 -0.203907
v 0.646009 -0.612507 1.712511
v 1.100808 -0.961833 -0.203513
v 0.644518 -0.616667 1.712906
v 1.099387 -0.965873 -0.203124
v 0.643096 -0.620706 1.713295
v 1.098022 -0.969809 -0.202740
v 0.641732 -0.624642 1.713679
v 1.096701 -0.973658 -0.202361
v 0.640411 -0.628491 1.714057
v 1.095410 -0.977437 -0.201988
v 0.639120 -0.632270 1.714431
v 1.094135 -0.981165 -0.201620
v 0.637845 -0.635999 1.714799
v 1.092861 -0.984860 -0.201258
v 0.636570 -0.639694 1.715161
v 1.091571 -0.988540 -0.200902
v 0.635280 -0.643374 1.715516
v 1.090681 -0.991018 -0.200668
v 0.634391 -0.645852 1.715751
v 0.449997 -1.225228 -0.311028
v -0.006293 -0.880062 1.605391
v 0.434358 -1.161397 -0.326248
v -0.021932 -0.816231 1.590170
v 0.429872 -1.144941 -0.330280
v -0.026419 -0.799774 1.586138
v 0.424337 -1.125913 -0.335025
v -0.031954 -0.780746 1.581393
v 0.418005 -1.105119 -0.340278
v -0.038285 -0.759953 1.576141
v 0.411115 -1.083289 -0.345850
v -0.045175 -0.738123 1.570568
v 0.403898 -1.061120 -0.351561
v -0.052392 -0.715954 1.564857
v 0.396585 -1.039302 -0.357232
v -0.059706 -0.694135 1.559186
v 0.389407 -1.018523 -0.362684
v -0.066884 -0.673357 1.553735
v 0.382605 -0.999493 -0.367731
v -0.073686 -0.654327 1.548687
v 0.376442 -0.982968 -0.372175
v -0.079849 -0.637801 1.544244
v 0.371248 -0.969846 -0.375775
v -0.085043 -0.624680 1.540644
v 0.345615 -0.911111 -0.392457
v -0.110676 -0.565944 1.523962
v 0.514164 -0.848769 -0.363554
v 0.057873 -0.503602 1.552864
v 0.535534 -0.904566 -0.348416
v 0.079244 -0.559400 1.568002
v 0.541387 -0.920588 -0.344137
v 0.085096 -0.575422 1.572281
v 0.547876 -0.938901 -0.339294
v 0.091586 -0.593734 1.577125
v 0.554855 -0.959022 -0.334008
v 0.098564 -0.613856 1.582410
v 0.562154 -0.980424 -0.328416
v 0.105863 -0.635257 1.588003
v 0.569596 -1.002553 -0.322658
v 0.113305 -0.657387 1.593760
v 0.577001 -1.024853 -0.316878
v 0.120710 -0.679686 1.599540
v 0.584188 -1.046761 -0.311221
v 0.127898 -0.701594 1.605197
v 0.590977 -1.067716 -0.305831
v 0.134686 -0.722550 1.610588
v 0.597187 -1.087165 -0.300849
v 0.140897 -0.741999 1.615569
v 0.602644 -1.104571 -0.296415
v 0.146354 -0.759404 1.620003
v 0.621335 -1.165756 -0.280945
v 0.165045 -0.820589 1.635474
v 1.500740 -0.781484 -0.140774
v 1.044449 -0.436318 1.775645
v 1.501047 -0.774195 -0.142013
v 1.044756 -0.429028 1.774405
v 1.501294 -0.766409 -0.143357
v 1.045004 -0.421243 1.773062
v 1.501467 -0.758255 -0.144784
v 1.045177 -0.413088 1.771634
v 1.501554 -0.749854 -0.146277
v 1.045264 -0.404687 1.770142
v 1.501543 -0.741329 -0.147815
v 1.045252 -0.396163 1.768604
v 1.501423 -0.732807 -0.149378
v 1.045132 -0.387640 1.767040
v 1.501183 -0.724414 -0.150947
v 1.044893 -0.379248 1.765471
v 1.500818 -0.716286 -0.152498
v 1.044528 -0.371120 1.763921
v 1.500323 -0.708567 -0.154006
v 1.044032 -0.363401 1.762412
v 1.499700 -0.701417 -0.155442
v 1.043409 -0.356251 1.760976
v 1.492177 -0.636172 -0.168985
v 1.035887 -0.291005 1.747434
v 1.698852 -0.640017 -0.119084
v 1.242561 -0.294850 1.797335
v 1.689363 -0.701682 -0.110236
v 1.233072 -0.356516 1.806182
v 1.688124 -0.709829 -0.109064
v 1.231833 -0.364662 1.807354
v 1.686866 -0.718253 -0.107846
v 1.230575 -0.373087 1.808572
v 1.685609 -0.726870 -0.106593
v 1.229319 -0.381704 1.809825
v 1.684377 -0.735591 -0.105316
v 1.228086 -0.390425 1.811102
v 1.683190 -0.744326 -0.104025
v 1.226900 -0.399160 1.812393
v 1.682072 -0.752981 -0.102733
v 1.225781 -0.407815 1.813685
v 1.681043 -0.761459 -0.101451
v 1.224752 -0.416293 1.814967
v 1.680125 -0.769658 -0.100193
v 1.223835 -0.424492 1.816226
v 1.679341 -0.777468 -0.098973
v 1.223051 -0.432302 1.817446
v 1.678711 -0.784769 -0.097808
v 1.222420 -0.439603 1.818610
v 1.678231 -0.791718 -0.096670
v 1.221941 -0.446552 1.819748
v 1.670948 -0.915761 -0.076063
v 1.214657 -0.570594 1.840355
v 1.670319 -0.915546 -0.076252
v 1.214028 -0.570380 1.840167
v 1.705267 -0.928026 -0.065683
v 1.248976 -0.582859 1.850735
v 1.741477 -0.941480 -0.054638
v 1.285187 -0.596313 1.861780
v 1.778505 -0.955733 -0.043255
v 1.322214 -0.610567 1.873163
v 1.815900 -0.970611 -0.031672
v 1.359609 -0.625444 1.884747
v 1.853207 -0.985935 -0.020029
v 1.396917 -0.640769 1.896389
v 1.889975 -1.001532 -0.008466
v 1.433684 -0.656366 1.907953
v 1.925750 -1.017228 0.002879
v 1.469460 -0.672062 1.919298
v 1.960088 -1.032855 0.013870
v 1.503798 -0.687688 1.930288
v 1.992553 -1.048250 0.024372
v 1.536262 -0.703083 1.940790
v 2.022726 -1.063265 0.034261
v 1.566435 -0.718098 1.950679
v 2.089007 -1.098245 0.056342
v 1.632716 -0.753079 1.972760
v 2.008837 -1.273737 0.068862
v 1.552547 -0.928571 1.985280
v 1.936341 -1.232739 0.044217
v 1.480050 -0.887573 1.960635
v 1.908306 -1.217839 0.034858
v 1.452015 -0.872673 1.951276
v 1.878379 -1.202748 0.025015
v 1.422089 -0.857582 1.941433
v 1.847023 -1.187644 0.014828
v 1.390732 -0.842477 1.931247
v 1.814685 -1.172692 0.004436
v 1.358394 -0.827526 1.920854
v 1.781807 -1.158053 -0.006029
v 1.325516 -0.812887 1.910389
v 1.748827 -1.143883 -0.016433
v 1.292536 -0.798716 1.899985
v 1.716180 -1.130335 -0.026647
v 1.259890 -0.785168 1.889772
v 1.684304 -1.117562 -0.036537
v 1.228013 -0.772395 1.879882
v 1.653636 -1.105718 -0.045972
v 1.197346 -0.760551 1.870446
v 1.624624 -1.094956 -0.054818
v 1.168333 -0.749790 1.861600
v 1.659896 -1.107443 -0.044171
v 1.203606 -0.762276 1.872248
v 1.645574 -1.364452 -0.001291
v 1.189284 -1.019286 1.915128
v 1.645155 -1.372265 0.000017
v 1.188864 -1.027099 1.916435
v 1.644773 -1.380733 0.001451
v 1.188483 -1.035567 1.917869
v 1.644431 -1.389888 0.003018
v 1.188140 -1.044721 1.919437
v 1.644137 -1.399554 0.004689
v 1.187847 -1.054387 1.921108
v 1.643902 -1.409563 0.006436
v 1.187612 -1.064397 1.922855
v 1.643735 -1.419751 0.008231
v 1.187444 -1.074584 1.924649
v 1.643643 -1.429951 0.010047
v 1.187353 -1.084785 1.926465
v 1.643636 -1.439997 0.011854
v 1.187346 -1.094831 1.928273
v 1.643721 -1.449715 0.013625
v 1.187430 -1.104548 1.930043
v 1.643902 -1.458923 0.015326
v 1.187612 -1.113756 1.931745
v 1.644185 -1.467424 0.016925
v 1.187894 -1.122257 1.933343
v 1.647352 -1.530317 0.029007
v 1.191062 -1.185150 1.945425
v 1.442798 -1.526511 -0.020382
v 0.986508 -1.181344 1.896036
v 1.455525 -1.462836 -0.028821
v 0.999234 -1.117670 1.887598
v 1.456900 -1.455059 -0.029894
v 1.000609 -1.109893 1.886524
v 1.458235 -1.446606 -0.031098
v 1.001945 -1.101440 1.885320
v 1.459515 -1.437624 -0.032412
v 1.003224 -1.092457 1.884007
v 1.460725 -1.428244 -0.033813
v 1.004435 -1.083077 1.882606
v 1.461859 -1.418589 -0.035282
v 1.005568 -1.073423 1.881136
v 1.462908 -1.408779 -0.036799
v 1.006618 -1.063612 1.879619
v 1.463868 -1.398926 -0.038345
v 1.007578 -1.053760 1.878073
v 1.464734 -1.389143 -0.039901
v 1.008444 -1.043977 1.876518
v 1.465503 -1.379541 -0.041447
v 1.009212 -1.034375 1.874971
v 1.466169 -1.370232 -0.042965
v 1.009879 -1.025065 1.873453
v 1.466738 -1.361215 -0.044454
v 1.010448 -1.016048 1.871964
v 1.467982 -1.340041 -0.047971
v 1.011691 -0.994874 1.868447
v 1.470012 -1.305462 -0.053716
v 1.013722 -0.960296 1.862702
v 1.472674 -1.260133 -0.061246
v 1.016383 -0.914966 1.855172
v 1.475817 -1.206596 -0.070140
v 1.019527 -0.861430 1.846278
v 1.479293 -1.147397 -0.079975
v 1.023003 -0.802231 1.836443
v 1.482952 -1.085080 -0.090328
v 1.026662 -0.739913 1.826090
v 1.486645 -1.022187 -0.100776
v 1.030355 -0.677021 1.815642
v 1.490223 -0.961265 -0.110897
v 1.033932 -0.616098 1.805521
v 1.493535 -0.904856 -0.120269
v 1.037244 -0.559689 1.796150
v 1.496432 -0.855505 -0.128467
v 1.040142 -0.510338 1.787951
v 1.498766 -0.815756 -0.135071
v 1.042476 -0.470590 1.781348
v 1.500379 -0.788297 -0.139632
v 1.044088 -0.443130 1.776786
vn -0.2281 0.1726 0.9582
vn -0.2282 0.1726 0.9582
vn 0.2281 -0.1726 -0.9582
vn 0.2282 -0.1726 -0.9582
vn -0.6464 0.7092 -0.2816
vn -0.6792 0.6769 -0.2836
vn -0.9733 -0.0670 -0.2197
vn 0.0155 -0.9834 0.1808
vn 0.0060 -0.9839 0.1786
vn -0.0025 -0.9843 0.1767
vn -0.0100 -0.9845 0.1749
vn -0.0168 -0.9847 0.1734
vn -0.0229 -0.9848 0.1719
vn -0.0284 -0.9849 0.1706
vn -0.0333 -0.9850 0.1695
vn -0.0377 -0.9850 0.1684
vn -0.0416 -0.9850 0.1675
vn -0.6313 -0.7755 -0.0106
vn -0.7271 0.6243 -0.2856
vn 0.0784 0.9842 -0.1586
vn 0.0639 0.9847 -0.1621
vn 0.0517 0.9849 -0.1651
vn 0.0407 0.9850 -0.1677
vn 0.0303 0.9849 -0.1702
vn 0.0199 0.9848 -0.1726
vn 0.0091 0.9845 -0.1751
vn -0.0025 0.9841 -0.1778
vn -0.0153 0.9834 -0.1808
vn -0.0300 0.9825 -0.1841
vn -0.0473 0.9810 -0.1880
vn -0.0715 0.9785 -0.1933
vn -0.0920 0.9759 -0.1977
vn -0.1033 0.9743 -0.2001
vn -0.1143 0.9726 -0.2024
vn -0.1256 0.9707 -0.2047
vn -0.1376 0.9686 -0.2072
vn -0.1509 0.9660 -0.2099
vn -0.1660 0.9629 -0.2130
vn -0.1841 0.9588 -0.2165
vn -0.2064 0.9532 -0.2208
vn -0.2354 0.9452 -0.2263
vn -0.2753 0.9326 -0.2335
vn 0.3171 0.9437 -0.0945
vn 0.9024 -0.3321 0.2747
vn 0.1972 -0.9556 0.2191
vn 0.1950 -0.9561 0.2186
vn 0.1932 -0.9566 0.2183
vn 0.1920 -0.9569 0.2181
vn 0.1915 -0.9570 0.2180
vn 0.1923 -0.9568 0.2181
vn 0.1939 -0.9564 0.2184
vn 0.1965 -0.9558 0.2189
vn 0.2001 -0.9548 0.2196
vn 0.2051 -0.9536 0.2206
vn 0.1947 -0.9562 0.2186
vn 0.1753 -0.9608 0.2148
vn 0.1638 -0.9633 0.2125
vn 0.1539 -0.9654 0.2105
vn 0.1452 -0.9671 0.2088
vn 0.1372 -0.9686 0.2071
vn 0.1299 -0.9700 0.2056
vn 0.1230 -0.9712 0.2042
vn 0.1163 -0.9723 0.2028
vn 0.1098 -0.9733 0.2014
vn 0.1032 -0.9743 0.2001
vn 0.9688 0.1378 0.2059
vn 0.6758 0.7365 0.0283
vn 0.7281 0.6836 0.0502
vn 0.0544 0.9849 -0.1644
vn 0.0453 0.9850 -0.1666
vn 0.0351 0.9850 -0.1690
vn 0.0267 0.9849 -0.1710
vn 0.0195 0.9848 -0.1727
vn 0.0131 0.9846 -0.1742
vn 0.0071 0.9844 -0.1756
vn 0.0014 0.9842 -0.1769
vn -0.0044 0.9840 -0.1783
vn -0.0105 0.9837 -0.1797
vn -0.0173 0.9833 -0.1812
vn -0.0252 0.9828 -0.1830
vn 0.6984 0.7147 0.0376
vn 0.6137 -0.7385 0.2791
vn -0.1403 -0.9797 0.1430
vn -0.1351 -0.9803 0.1444
vn -0.1298 -0.9808 0.1457
vn -0.1242 -0.9813 0.1472
vn -0.1183 -0.9818 0.1487
vn -0.1121 -0.9823 0.1502
vn -0.1052 -0.9828 0.1519
vn -0.0978 -0.9833 0.1538
vn -0.0895 -0.9837 0.1559
vn -0.0802 -0.9842 0.1582
vn -0.0696 -0.9845 0.1607
vn -0.0609 -0.9848 0.1629
vn 0.6134 -0.7388 0.2791
vn 0.9577 -0.1376 0.2528
vn 0.9430 -0.2055 0.2616
vn 0.9214 -0.2798 0.2698
vn 0.8914 -0.3588 0.2769
vn 0.8525 -0.4400 0.2822
vn 0.8047 -0.5206 0.2854
vn 0.7493 -0.5973 0.2860
vn 0.6884 -0.6674 0.2841
vn 0.6244 -0.7292 0.2800
vn 0.5602 -0.7817 0.2742
vn 0.4979 -0.8250 0.2672
vn -0.0812 -0.9841 0.1579
vn -0.9653 0.0880 -0.2457
vn -0.4171 0.8719 -0.2564
vn -0.4833 0.8343 -0.2653
vn -0.5532 0.7869 -0.2734
vn -0.6248 0.7289 -0.2800
vn -0.6950 0.6603 -0.2844
vn -0.7608 0.5826 -0.2861
vn -0.8191 0.4980 -0.2847
vn -0.8680 0.4099 -0.2805
vn -0.9064 0.3217 -0.2738
vn -0.9347 0.2368 -0.2652
vn 0.1949 0.9723 -0.1287
vn 0.6080 -0.7434 0.2787
vn -0.0554 -0.9849 0.1642
vn -0.0483 -0.9850 0.1659
vn -0.0396 -0.9850 0.1680
vn -0.0316 -0.9850 0.1699
vn -0.0242 -0.9849 0.1716
vn -0.0173 -0.9847 0.1732
vn -0.0109 -0.9846 0.1747
vn -0.0048 -0.9844 0.1762
vn 0.0010 -0.9841 0.1775
vn 0.0066 -0.9839 0.1788
vn 0.0121 -0.9836 0.1800
vn 0.0176 -0.9833 0.1813
vn -0.7016 -0.7115 -0.0389
vn -0.6156 0.7369 -0.2793
vn 0.1350 0.9803 -0.1444
vn 0.1287 0.9809 -0.1460
vn 0.1228 0.9814 -0.1475
vn 0.1169 0.9819 -0.1490
vn 0.1111 0.9824 -0.1505
vn 0.1051 0.9828 -0.1520
vn 0.0987 0.9832 -0.1536
vn 0.0920 0.9836 -0.1552
vn 0.0847 0.9840 -0.1570
vn 0.0767 0.9843 -0.1590
vn 0.0678 0.9846 -0.1612
vn 0.0604 0.9848 -0.1630
vn -0.7281 -0.6836 -0.0502
vn -0.0567 -0.9848 0.1639
vn -0.0534 -0.9849 0.1647
vn -0.0493 -0.9849 0.1657
vn -0.0454 -0.9850 0.1666
vn -0.0417 -0.9850 0.1675
vn -0.0380 -0.9850 0.1683
vn -0.0345 -0.9850 0.1692
vn -0.0309 -0.9850 0.1700
vn -0.0273 -0.9849 0.1709
vn -0.0235 -0.9849 0.1718
vn -0.0193 -0.9848 0.1728
vn -0.0146 -0.9847 0.1739
vn -0.7127 -0.7001 -0.0436
vn -0.6269 0.7270 -0.2802
vn 0.1088 0.9825 -0.1511
vn 0.1079 0.9826 -0.1513
vn 0.1060 0.9827 -0.1517
vn 0.1035 0.9829 -0.1524
vn 0.1003 0.9831 -0.1532
vn 0.0965 0.9833 -0.1541
vn 0.0869 0.9838 -0.1565
vn 0.0810 0.9841 -0.1580
vn 0.0743 0.9844 -0.1596
vn 0.0665 0.9846 -0.1615
vn 0.0601 0.9848 -0.1631
vn 0.0578 0.9848 -0.1636
vn -0.0578 -0.9848 0.1636
vn -0.0551 -0.9849 0.1643
vn -0.0484 -0.9850 0.1659
vn -0.0369 -0.9850 0.1686
vn -0.0332 -0.9850 0.1695
vn -0.0301 -0.9849 0.1702
vn -0.0275 -0.9849 0.1709
vn -0.0250 -0.9849 0.1714
vn -0.0224 -0.9848 0.1720
vn -0.0197 -0.9848 0.1727
vn -0.0162 -0.9847 0.1735
vn -0.0113 -0.9846 0.1746
vn -0.7115 -0.7014 -0.0431
vn -0.6128 0.7393 -0.2791
vn 0.1363 0.9801 -0.1441
vn 0.1217 0.9815 -0.1478
vn 0.1121 0.9823 -0.1502
vn 0.1050 0.9828 -0.1520
vn 0.0994 0.9832 -0.1534
vn 0.0945 0.9834 -0.1546
vn 0.0900 0.9837 -0.1558
vn 0.0854 0.9839 -0.1569
vn 0.0806 0.9841 -0.1581
vn 0.0749 0.9844 -0.1595
vn 0.0676 0.9846 -0.1613
vn 0.0606 0.9848 -0.1629
vn 0.0561 0.9849 -0.1640
vn 0.0511 0.9849 -0.1652
vn 0.0449 0.9850 -0.1667
vn 0.0393 0.9850 -0.1680
vn 0.0342 0.9850 -0.1693
vn 0.0292 0.9849 -0.1704
vn 0.0243 0.9849 -0.1716
vn 0.0193 0.9848 -0.1728
vn 0.0141 0.9846 -0.1740
vn 0.0083 0.9845 -0.1753
vn 0.0016 0.9842 -0.1769
vn -0.0066 0.9839 -0.1788
vn 0.7303 0.6812 0.0512
vn 0.9658 -0.0846 0.2452
vn 0.9678 -0.0675 0.2426
vn 0.9691 -0.0548 0.2406
vn 0.9699 -0.0452 0.2391
vn 0.9706 -0.0377 0.2379
vn 0.9710 -0.0320 0.2369
vn 0.9713 -0.0274 0.2362
vn 0.9715 -0.0240 0.2356
vn 0.9717 -0.0214 0.2352
vn 0.9718 -0.0196 0.2349
vn 0.9719 -0.0186 0.2347
vn 0.9719 -0.0181 0.2347
vn 0.9720 -0.0157 0.2343
vn 0.9724 -0.0092 0.2332
vn 0.9727 -0.0017 0.2319
vn 0.9730 0.0046 0.2308
vn 0.9732 0.0101 0.2299
vn 0.9733 0.0151 0.2290
vn 0.9734 0.0198 0.2282
vn 0.9735 0.0243 0.2274
vn 0.9736 0.0288 0.2266
vn 0.9736 0.0336 0.2258
vn 0.9736 0.0388 0.2248
vn 0.9736 0.0449 0.2237
vn 0.6705 -0.6857 0.2832
vn -0.7362 -0.6747 -0.0538
vn -0.0555 -0.9849 0.1642
vn -0.0489 -0.9850 0.1658
vn -0.0414 -0.9850 0.1676
vn -0.0354 -0.9850 0.1690
vn -0.0307 -0.9849 0.1701
vn -0.0272 -0.9849 0.1709
vn -0.0251 -0.9849 0.1714
vn -0.0243 -0.9849 0.1716
vn -0.0252 -0.9849 0.1714
vn -0.0280 -0.9849 0.1707
vn -0.0335 -0.9850 0.1694
vn -0.0431 -0.9850 0.1671
vn -0.7252 -0.6868 -0.0490
vn -0.6035 0.7472 -0.2783
vn 0.1613 0.9773 -0.1376
vn 0.1477 0.9789 -0.1412
vn 0.1264 0.9811 -0.1466
vn 0.1174 0.9819 -0.1489
vn 0.1088 0.9825 -0.1510
vn 0.1006 0.9831 -0.1531
vn 0.0924 0.9836 -0.1551
vn 0.0842 0.9840 -0.1572
vn 0.0758 0.9843 -0.1592
vn 0.0670 0.9846 -0.1614
vn 0.0602 0.9848 -0.1630
vn -0.5042 -0.8628 0.0354
vn -0.9504 -0.2530 -0.1807
vn -0.9449 -0.2764 -0.1752
vn -0.9410 -0.2917 -0.1715
vn -0.9380 -0.3028 -0.1688
vn -0.9355 -0.3116 -0.1666
vn -0.9332 -0.3193 -0.1647
vn -0.9311 -0.3264 -0.1629
vn -0.9289 -0.3335 -0.1611
vn -0.9264 -0.3414 -0.1591
vn -0.9232 -0.3510 -0.1566
vn -0.9186 -0.3643 -0.1531
vn -0.8650 0.4159 -0.2809
vn 0.4531 0.8899 -0.0524
vn 0.9225 0.3532 0.1560
vn 0.9257 0.3434 0.1586
vn 0.9278 0.3368 0.1602
vn 0.9294 0.3317 0.1616
vn 0.9308 0.3273 0.1627
vn 0.9321 0.3230 0.1638
vn 0.9335 0.3184 0.1649
vn 0.9350 0.3132 0.1662
vn 0.9369 0.3067 0.1678
vn 0.9394 0.2978 0.1700
vn 0.9430 0.2839 0.1734
vn 0.8425 -0.4583 0.2831
vn 0.9226 -0.2762 0.2694
vn 0.9139 -0.3015 0.2719
vn 0.9038 -0.3284 0.2743
vn 0.8922 -0.3570 0.2767
vn 0.8788 -0.3870 0.2790
vn 0.8636 -0.4186 0.2810
vn 0.8462 -0.4516 0.2828
vn 0.8266 -0.4857 0.2843
vn 0.8045 -0.5208 0.2854
vn 0.7799 -0.5567 0.2860
vn 0.7526 -0.5931 0.2860
vn 0.7259 -0.6258 0.2855
vn 0.6957 -0.6597 0.2844
vn 0.6594 -0.6967 0.2825
vn 0.6227 -0.7307 0.2799
vn 0.5858 -0.7618 0.2767
vn 0.5488 -0.7901 0.2730
vn 0.5120 -0.8159 0.2688
vn 0.4753 -0.8392 0.2643
vn 0.4389 -0.8602 0.2594
vn 0.4027 -0.8793 0.2543
vn 0.3667 -0.8965 0.2488
vn 0.3307 -0.9119 0.2430
vn -0.2529 -0.9609 0.1129
vn -0.9299 0.2528 -0.2670
vn -0.2648 0.9361 -0.2316
vn -0.3094 0.9203 -0.2394
vn -0.3522 0.9029 -0.2465
vn -0.3938 0.8837 -0.2529
vn -0.4346 0.8626 -0.2588
vn -0.4750 0.8393 -0.2643
vn -0.5155 0.8135 -0.2693
vn -0.5564 0.7845 -0.2738
vn -0.5977 0.7521 -0.2778
vn -0.6396 0.7155 -0.2811
vn -0.6820 0.6740 -0.2838
vn -0.7194 0.6333 -0.2853
vn -0.7526 0.5931 -0.2860
vn -0.7846 0.5502 -0.2859
vn -0.8126 0.5084 -0.2850
vn -0.8374 0.4674 -0.2835
vn -0.8594 0.4269 -0.2815
vn -0.8790 0.3866 -0.2789
vn -0.8966 0.3463 -0.2759
vn -0.9124 0.3056 -0.2723
vn -0.9264 0.2642 -0.2682
vn -0.9388 0.2218 -0.2635
vn -0.9496 0.1779 -0.2581
vn -0.4700 0.8424 -0.2636
vn 0.8909 0.4341 0.1339
vn 0.9070 -0.3202 0.2736
vn 0.9100 -0.3122 0.2729
vn 0.9126 -0.3051 0.2722
vn 0.9148 -0.2989 0.2716
vn 0.9166 -0.2938 0.2712
vn 0.9179 -0.2901 0.2708
vn 0.9187 -0.2879 0.2706
vn 0.9188 -0.2874 0.2705
vn 0.9183 -0.2888 0.2707
vn 0.9171 -0.2925 0.2710
vn 0.9149 -0.2986 0.2716
vn 0.9202 -0.2832 0.2701
vn -0.4824 -0.8749 0.0427
vn -0.9426 -0.2857 -0.1730
vn -0.9372 -0.3056 -0.1681
vn -0.9333 -0.3192 -0.1647
vn -0.9301 -0.3295 -0.1621
vn -0.9274 -0.3383 -0.1599
vn -0.9247 -0.3463 -0.1578
vn -0.9220 -0.3544 -0.1557
vn -0.9189 -0.3634 -0.1533
vn -0.9150 -0.3743 -0.1504
vn -0.9094 -0.3893 -0.1464
vn -0.8998 -0.4133 -0.1398
vn -0.8874 0.3680 -0.2776
vn 0.4203 0.9052 -0.0630
vn 0.9124 0.3813 0.1486
vn 0.9166 0.3701 0.1516
vn 0.9192 0.3627 0.1535
vn 0.9210 0.3574 0.1549
vn 0.9225 0.3531 0.1560
vn 0.9237 0.3495 0.1570
vn 0.9248 0.3461 0.1579
vn 0.9259 0.3428 0.1587
vn 0.9271 0.3392 0.1596
vn 0.9285 0.3348 0.1608
vn 0.9303 0.3291 0.1622
vn 0.8588 -0.4281 0.2816
vn -0.9725 0.0070 -0.2328
vn -0.9729 -0.0036 -0.2310
vn -0.9733 -0.0140 -0.2292
vn -0.9735 -0.0247 -0.2273
vn -0.9736 -0.0359 -0.2253
vn -0.9736 -0.0481 -0.2231
vn -0.9734 -0.0616 -0.2207
vn -0.9730 -0.0769 -0.2178
vn -0.9722 -0.0944 -0.2145
vn -0.9708 -0.1151 -0.2104
vn -0.9686 -0.1400 -0.2054
vn -0.7075 0.6468 -0.2849
vn 0.7583 0.6488 0.0637
vn 0.9620 -0.1114 0.2491
vn 0.9624 -0.1092 0.2488
vn 0.9628 -0.1061 0.2484
vn 0.9634 -0.1021 0.2478
vn 0.9641 -0.0973 0.2471
vn 0.9649 -0.0913 0.2462
vn 0.9658 -0.0842 0.2451
vn 0.9669 -0.0756 0.2438
vn 0.9680 -0.0652 0.2422
vn 0.9693 -0.0526 0.2403
vn 0.9706 -0.0370 0.2378
vn 0.9716 -0.0232 0.2355
vn 0.5294 -0.8040 0.2709
vn 0.9082 -0.3169 0.2733
vn 0.3628 0.9284 -0.0808
vn 0.3734 0.9244 -0.0776
vn 0.3833 0.9206 -0.0745
vn 0.3929 0.9168 -0.0716
vn 0.4026 0.9128 -0.0686
vn 0.4126 0.9085 -0.0654
vn 0.4236 0.9037 -0.0619
vn 0.4359 0.8981 -0.0580
vn 0.4504 0.8912 -0.0533
vn 0.4680 0.8824 -0.0475
vn 0.9275 0.3378 0.1600
vn 0.2831 -0.9299 0.2349
vn -0.4907 -0.8704 0.0399
vn -0.4714 -0.8807 0.0464
vn -0.4551 -0.8889 0.0517
vn -0.4410 -0.8957 0.0563
vn -0.4284 -0.9016 0.0604
vn -0.4169 -0.9067 0.0640
vn -0.4061 -0.9114 0.0675
vn -0.3955 -0.9157 0.0708
vn -0.3848 -0.9200 0.0741
vn -0.3736 -0.9243 0.0775
vn -0.9041 0.3277 -0.2743
vn 0.8193 0.5657 0.0932
vn 0.9721 -0.0141 0.2340
vn 0.9724 -0.0088 0.2331
vn 0.9728 -0.0006 0.2317
vn 0.9731 0.0067 0.2305
vn 0.9733 0.0136 0.2293
vn 0.9734 0.0206 0.2281
vn 0.9735 0.0278 0.2268
vn 0.9736 0.0356 0.2254
vn 0.9736 0.0444 0.2238
vn 0.9735 0.0546 0.2220
vn 0.9733 0.0667 0.2197
vn 0.9728 0.0819 0.2169
vn 0.6855 -0.6704 0.2840
vn -0.7720 -0.6317 -0.0700
vn -0.9562 0.1457 -0.2539
vn -0.9598 0.1255 -0.2511
vn -0.9625 0.1087 -0.2487
vn -0.9645 0.0945 -0.2467
vn -0.9661 0.0821 -0.2448
vn -0.9674 0.0712 -0.2432
vn -0.9684 0.0613 -0.2416
vn -0.9693 0.0522 -0.2402
vn -0.9701 0.0435 -0.2388
vn -0.9708 0.0351 -0.2375
vn -0.9714 0.0267 -0.2361
vn -0.9718 0.0203 -0.2350
vn -0.9719 0.0181 -0.2347
vn -0.9721 0.0152 -0.2342
vt 0.113636 0.000000
vt 0.136364 0.000000
vt 0.125000 0.000000
vt 0.147727 0.000000
vt 0.159091 0.000000
vt 0.102273 0.000000
vt 0.170455 0.000000
vt 0.090909 0.000000
vt 0.181818 0.000000
vt 0.079545 0.000000
vt 0.193182 0.000000
vt 0.068182 0.000000
vt 0.204545 0.000000
vt 0.056818 0.000000
vt 0.215909 0.000000
vt 0.045455 0.000000
vt 0.227273 0.000000
vt 0.034091 0.000000
vt 0.238636 0.000000
vt 0.022727 0.000000
vt 0.250000 0.000000
vt 0.011364 0.000000
vt 0.261364 0.000000
vt 0.000000 0.000000
vt 0.272727 0.000000
vt 1.000000 0.000000
vt 0.988636 0.000000
vt 0.284091 0.000000
vt 0.977273 0.000000
vt 0.965909 0.000000
vt 0.295455 0.000000
vt 0.954545 0.000000
vt 0.306818 0.000000
vt 0.318182 0.000000
vt 0.329545 0.000000
vt 0.340909 0.000000
vt 0.943182 0.000000
vt 0.352273 0.000000
vt 0.363636 0.000000
vt 0.375000 0.000000
vt 0.386364 0.000000
vt 0.931818 0.000000
vt 0.397727 0.000000
vt 0.409091 0.000000
vt 0.420455 0.000000
vt 0.920455 0.000000
vt 0.556818 0.000000
vt 0.568182 0.000000
vt 0.522727 0.000000
vt 0.511364 0.000000
vt 0.500000 0.000000
vt 0.488636 0.000000
vt 0.477273 0.000000
vt 0.465909 0.000000
vt 0.454545 0.000000
vt 0.443182 0.000000
vt 0.431818 0.000000
vt 0.545455 0.000000
vt 0.534091 0.000000
vt 0.579545 0.000000
vt 0.909091 0.000000
vt 0.897727 0.000000
vt 0.886364 0.000000
vt 0.875000 0.000000
vt 0.863636 0.000000
vt 0.590909 0.000000
vt 0.852273 0.000000
vt 0.602273 0.000000
vt 0.840909 0.000000
vt 0.613636 0.000000
vt 0.829545 0.000000
vt 0.625000 0.000000
vt 0.818182 0.000000
vt 0.636364 0.000000
vt 0.806818 0.000000
vt 0.647727 0.000000
vt 0.795455 0.000000
vt 0.659091 0.000000
vt 0.784091 0.000000
vt 0.670455 0.000000
vt 0.772727 0.000000
vt 0.681818 0.000000
vt 0.761364 0.000000
vt 0.693182 0.000000
vt 0.750000 0.000000
vt 0.738636 0.000000
vt 0.704545 0.000000
vt 0.727273 0.000000
vt 0.715909 0.000000
vt 0.106195 0.000000
vt 0.123894 0.000000
vt 0.115044 0.000000
vt 0.646018 0.000000
vt 0.663717 0.000000
vt 0.654867 0.000000
vt 0.884956 0.000000
vt 0.902655 0.000000
vt 0.893805 0.000000
vt 0.132743 0.000000
vt 0.097345 0.000000
vt 0.141593 0.000000
vt 0.672566 0.000000
vt 0.150442 0.000000
vt 0.911504 0.000000
vt 0.159292 0.000000
vt 0.876106 0.000000
vt 0.637168 0.000000
vt 0.088496 0.000000
vt 0.920354 0.000000
vt 0.168142 0.000000
vt 0.079646 0.000000
vt 0.681416 0.000000
vt 0.929204 0.000000
vt 0.690265 0.000000
vt 0.628319 0.000000
vt 0.699115 0.000000
vt 0.176991 0.000000
vt 0.707965 0.000000
vt 0.070796 0.000000
vt 0.716814 0.000000
vt 0.938053 0.000000
vt 0.725664 0.000000
vt 0.734513 0.000000
vt 0.743363 0.000000
vt 0.061947 0.000000
vt 0.752212 0.000000
vt 0.185841 0.000000
vt 0.867257 0.000000
vt 0.619469 0.000000
vt 0.761062 0.000000
vt 0.769912 0.000000
vt 0.946903 0.000000
vt 0.230089 0.000000
vt 0.858407 0.000000
vt 0.053097 0.000000
vt 0.194690 0.000000
vt 0.610619 0.000000
vt 0.955752 0.000000
vt 0.849558 0.000000
vt 0.238938 0.000000
vt 0.044248 0.000000
vt 0.203540 0.000000
vt 0.840708 0.000000
vt 0.964602 0.000000
vt 0.601770 0.000000
vt 0.212389 0.000000
vt 0.035398 0.000000
vt 0.247788 0.000000
vt 0.831858 0.000000
vt 0.973451 0.000000
vt 0.221239 0.000000
vt 0.026549 0.000000
vt 0.592920 0.000000
vt 0.256637 0.000000
vt 0.823009 0.000000
vt 0.982301 0.000000
vt 0.017699 0.000000
vt 0.584071 0.000000
vt 0.814159 0.000000
vt 0.991150 0.000000
vt 0.008850 0.000000
vt 0.265487 0.000000
vt 0.805310 0.000000
vt 0.575221 0.000000
vt 0.274336 0.000000
vt 0.796460 0.000000
vt 0.566372 0.000000
vt 0.283186 0.000000
vt 0.787611 0.000000
vt 0.557522 0.000000
vt 0.778761 0.000000
vt 0.292035 0.000000
vt 0.548673 0.000000
vt 0.539823 0.000000
vt 0.300885 0.000000
vt 0.530973 0.000000
vt 0.309735 0.000000
vt 0.522124 0.000000
vt 0.318584 0.000000
vt 0.513274 0.000000
vt 0.327434 0.000000
vt 0.504425 0.000000
vt 0.495575 0.000000
vt 0.336283 0.000000
vt 0.486726 0.000000
vt 0.345133 0.000000
vt 0.477876 0.000000
vt 0.469027 0.000000
vt 0.353982 0.000000
vt 0.460177 0.000000
vt 0.451327 0.000000
vt 0.442478 0.000000
vt 0.362832 0.000000
vt 0.371681 0.000000
vt 0.433628 0.000000
vt 0.380531 0.000000
vt 0.389381 0.000000
vt 0.398230 0.000000
vt 0.407080 0.000000
vt 0.415929 0.000000
vt 0.424779 0.000000
vt 0.344156 0.000000
vt 0.357143 0.000000
vt 0.350649 0.000000
vt 0.577922 0.000000
vt 0.584416 0.000000
vt 0.370130 0.000000
vt 0.376623 0.000000
vt 0.383117 0.000000
vt 0.571429 0.000000
vt 0.389610 0.000000
vt 0.564935 0.000000
vt 0.396104 0.000000
vt 0.558442 0.000000
vt 0.551948 0.000000
vt 0.402597 0.000000
vt 0.538961 0.000000
vt 0.532468 0.000000
vt 0.415584 0.000000
vt 0.525974 0.000000
vt 0.519481 0.000000
vt 0.422078 0.000000
vt 0.512987 0.000000
vt 0.428571 0.000000
vt 0.506494 0.000000
vt 0.435065 0.000000
vt 0.441558 0.000000
vt 0.448052 0.000000
vt 0.461039 0.000000
vt 0.467532 0.000000
vt 0.474026 0.000000
vt 0.480519 0.000000
vt 0.487013 0.000000
vt 0.493506 0.000000
vt 0.597403 0.000000
vt 0.603896 0.000000
vt 0.610390 0.000000
vt 0.616883 0.000000
vt 0.623377 0.000000
vt 0.629870 0.000000
vt 0.642857 0.000000
vt 0.649351 0.000000
vt 0.655844 0.000000
vt 0.662338 0.000000
vt 0.668831 0.000000
vt 0.675325 0.000000
vt 0.337662 0.000000
vt 0.331169 0.000000
vt 0.324675 0.000000
vt 0.311688 0.000000
vt 0.305195 0.000000
vt 0.298701 0.000000
vt 0.292208 0.000000
vt 0.285714 0.000000
vt 0.279221 0.000000
vt 0.266234 0.000000
vt 0.259740 0.000000
vt 0.253247 0.000000
vt 0.246753 0.000000
vt 0.240260 0.000000
vt 0.233766 0.000000
vt 0.220779 0.000000
vt 0.214286 0.000000
vt 0.207792 0.000000
vt 0.188312 0.000000
vt 0.201299 0.000000
vt 0.194805 0.000000
vt 0.688312 0.000000
vt 0.694805 0.000000
vt 0.103896 0.000000
vt 0.097403 0.000000
vt 0.110390 0.000000
vt 0.116883 0.000000
vt 0.123377 0.000000
vt 0.129870 0.000000
vt 0.142857 0.000000
vt 0.149351 0.000000
vt 0.155844 0.000000
vt 0.162338 0.000000
vt 0.168831 0.000000
vt 0.175325 0.000000
vt 0.701299 0.000000
vt 0.084416 0.000000
vt 0.707792 0.000000
vt 0.077922 0.000000
vt 0.071429 0.000000
vt 0.064935 0.000000
vt 0.058442 0.000000
vt 0.051948 0.000000
vt 0.038961 0.000000
vt 0.032468 0.000000
vt 0.025974 0.000000
vt 0.019481 0.000000
vt 0.012987 0.000000
vt 0.006494 0.000000
vt 0.714286 0.000000
vt 0.720779 0.000000
vt 0.915584 0.000000
vt 0.928571 0.000000
vt 0.922078 0.000000
vt 0.935065 0.000000
vt 0.941558 0.000000
vt 0.948052 0.000000
vt 0.961039 0.000000
vt 0.967532 0.000000
vt 0.974026 0.000000
vt 0.980519 0.000000
vt 0.987013 0.000000
vt 0.993506 0.000000
vt 0.733766 0.000000
vt 0.740260 0.000000
vt 0.746753 0.000000
vt 0.753247 0.000000
vt 0.759740 0.000000
vt 0.766234 0.000000
vt 0.779221 0.000000
vt 0.785714 0.000000
vt 0.792208 0.000000
vt 0.798701 0.000000
vt 0.805195 0.000000
vt 0.811688 0.000000
vt 0.850649 0.000000
vt 0.844156 0.000000
vt 0.837662 0.000000
vt 0.831169 0.000000
vt 0.824675 0.000000
vt 0.857143 0.000000
vt 0.870130 0.000000
vt 0.876623 0.000000
vt 0.883117 0.000000
vt 0.889610 0.000000
vt 0.896104 0.000000
vt 0.902597 0.000000
vt 0.260563 0.000000
vt 0.274648 0.000000
vt 0.267606 0.000000
vt 0.253521 0.000000
vt 0.246479 0.000000
vt 0.239437 0.000000
vt 0.232394 0.000000
vt 0.225352 0.000000
vt 0.218310 0.000000
vt 0.211268 0.000000
vt 0.204225 0.000000
vt 0.197183 0.000000
vt 0.190141 0.000000
vt 0.183099 0.000000
vt 0.176056 0.000000
vt 0.169014 0.000000
vt 0.161972 0.000000
vt 0.154930 0.000000
vt 0.147887 0.000000
vt 0.140845 0.000000
vt 0.091549 0.000000
vt 0.105634 0.000000
vt 0.098592 0.000000
vt 0.133803 0.000000
vt 0.126761 0.000000
vt 0.119718 0.000000
vt 0.112676 0.000000
vt 0.281690 0.000000
vt 0.288732 0.000000
vt 0.295775 0.000000
vt 0.302817 0.000000
vt 0.309859 0.000000
vt 0.316901 0.000000
vt 0.323944 0.000000
vt 0.330986 0.000000
vt 0.338028 0.000000
vt 0.345070 0.000000
vt 0.352113 0.000000
vt 0.359155 0.000000
vt 0.366197 0.000000
vt 0.373239 0.000000
vt 0.380282 0.000000
vt 0.387324 0.000000
vt 0.394366 0.000000
vt 0.401408 0.000000
vt 0.408451 0.000000
vt 0.415493 0.000000
vt 0.422535 0.000000
vt 0.429577 0.000000
vt 0.436620 0.000000
vt 0.450704 0.000000
vt 0.443662 0.000000
vt 0.014085 0.000000
vt 0.021127 0.000000
vt 0.007042 0.000000
vt 0.028169 0.000000
vt 0.035211 0.000000
vt 0.042254 0.000000
vt 0.049296 0.000000
vt 0.056338 0.000000
vt 0.063380 0.000000
vt 0.070423 0.000000
vt 0.077465 0.000000
vt 0.084507 0.000000
vt 0.535211 0.000000
vt 0.549296 0.000000
vt 0.542253 0.000000
vt 0.908451 0.000000
vt 0.922535 0.000000
vt 0.915493 0.000000
vt 0.929577 0.000000
vt 0.528169 0.000000
vt 0.936620 0.000000
vt 0.521127 0.000000
vt 0.943662 0.000000
vt 0.514085 0.000000
vt 0.950704 0.000000
vt 0.507042 0.000000
vt 0.957747 0.000000
vt 0.964789 0.000000
vt 0.492958 0.000000
vt 0.971831 0.000000
vt 0.485915 0.000000
vt 0.978873 0.000000
vt 0.478873 0.000000
vt 0.985915 0.000000
vt 0.471831 0.000000
vt 0.992958 0.000000
vt 0.464789 0.000000
vt 0.457746 0.000000
vt 0.901408 0.000000
vt 0.894366 0.000000
vt 0.887324 0.000000
vt 0.880282 0.000000
vt 0.873239 0.000000
vt 0.809859 0.000000
vt 0.612676 0.000000
vt 0.605634 0.000000
vt 0.598592 0.000000
vt 0.591549 0.000000
vt 0.584507 0.000000
vt 0.577465 0.000000
vt 0.570423 0.000000
vt 0.563380 0.000000
vt 0.556338 0.000000
vt 0.866197 0.000000
vt 0.859155 0.000000
vt 0.852113 0.000000
vt 0.845070 0.000000
vt 0.838028 0.000000
vt 0.830986 0.000000
vt 0.823944 0.000000
vt 0.802817 0.000000
vt 0.816901 0.000000
vt 0.640845 0.000000
vt 0.633803 0.000000
vt 0.626761 0.000000
vt 0.619718 0.000000
vt 0.647887 0.000000
vt 0.654930 0.000000
vt 0.795775 0.000000
vt 0.661972 0.000000
vt 0.788732 0.000000
vt 0.781690 0.000000
vt 0.669014 0.000000
vt 0.774648 0.000000
vt 0.676056 0.000000
vt 0.767606 0.000000
vt 0.760563 0.000000
vt 0.683099 0.000000
vt 0.753521 0.000000
vt 0.746479 0.000000
vt 0.690141 0.000000
vt 0.739437 0.000000
vt 0.732394 0.000000
vt 0.697183 0.000000
vt 0.704225 0.000000
vt 0.725352 0.000000
vt 0.711268 0.000000
vt 0.718310 0.000000
vt 0.000000 1.000000
vt 0.006993 1.000000
vt 0.006993 0.000000
vt 0.013986 1.000000
vt 0.013986 0.000000
vt 0.020979 1.000000
vt 0.020979 0.000000
vt 0.027972 1.000000
vt 0.027972 0.000000
vt 0.034965 1.000000
vt 0.034965 0.000000
vt 0.041958 1.000000
vt 0.041958 0.000000
vt 0.048951 1.000000
vt 0.048951 0.000000
vt 0.055944 1.000000
vt 0.055944 0.000000
vt 0.062937 1.000000
vt 0.062937 0.000000
vt 0.069930 1.000000
vt 0.069930 0.000000
vt 0.076923 1.000000
vt 0.076923 0.000000
vt 0.083916 1.000000
vt 0.083916 0.000000
vt 0.090909 1.000000
vt 0.097902 1.000000
vt 0.097902 0.000000
vt 0.104895 1.000000
vt 0.104895 0.000000
vt 0.111888 1.000000
vt 0.111888 0.000000
vt 0.118881 1.000000
vt 0.118881 0.000000
vt 0.125874 1.000000
vt 0.125874 0.000000
vt 0.132867 1.000000
vt 0.132867 0.000000
vt 0.139860 1.000000
vt 0.139860 0.000000
vt 0.146853 1.000000
vt 0.146853 0.000000
vt 0.153846 1.000000
vt 0.153846 0.000000
vt 0.160839 1.000000
vt 0.160839 0.000000
vt 0.167832 1.000000
vt 0.167832 0.000000
vt 0.174825 1.000000
vt 0.174825 0.000000
vt 0.181818 1.000000
vt 0.188811 1.000000
vt 0.188811 0.000000
vt 0.195804 1.000000
vt 0.195804 0.000000
vt 0.202797 1.000000
vt 0.202797 0.000000
vt 0.209790 1.000000
vt 0.209790 0.000000
vt 0.216783 1.000000
vt 0.216783 0.000000
vt 0.223776 1.000000
vt 0.223776 0.000000
vt 0.230769 1.000000
vt 0.230769 0.000000
vt 0.237762 1.000000
vt 0.237762 0.000000
vt 0.244755 1.000000
vt 0.244755 0.000000
vt 0.251748 1.000000
vt 0.251748 0.000000
vt 0.258741 1.000000
vt 0.258741 0.000000
vt 0.265734 1.000000
vt 0.265734 0.000000
vt 0.272727 1.000000
vt 0.279720 1.000000
vt 0.279720 0.000000
vt 0.286713 1.000000
vt 0.286713 0.000000
vt 0.293706 1.000000
vt 0.293706 0.000000
vt 0.300699 1.000000
vt 0.300699 0.000000
vt 0.307692 1.000000
vt 0.307692 0.000000
vt 0.314685 1.000000
vt 0.314685 0.000000
vt 0.321678 1.000000
vt 0.321678 0.000000
vt 0.328671 1.000000
vt 0.328671 0.000000
vt 0.335664 1.000000
vt 0.335664 0.000000
vt 0.342657 1.000000
vt 0.342657 0.000000
vt 0.349650 1.000000
vt 0.349650 0.000000
vt 0.356643 1.000000
vt 0.356643 0.000000
vt 0.363636 1.000000
vt 0.370629 1.000000
vt 0.370629 0.000000
vt 0.377622 1.000000
vt 0.377622 0.000000
vt 0.384615 1.000000
vt 0.384615 0.000000
vt 0.391608 1.000000
vt 0.391608 0.000000
vt 0.398601 1.000000
vt 0.398601 0.000000
vt 0.405594 1.000000
vt 0.405594 0.000000
vt 0.412587 1.000000
vt 0.412587 0.000000
vt 0.419580 1.000000
vt 0.419580 0.000000
vt 0.426573 1.000000
vt 0.426573 0.000000
vt 0.433566 1.000000
vt 0.433566 0.000000
vt 0.440559 1.000000
vt 0.440559 0.000000
vt 0.447552 1.000000
vt 0.447552 0.000000
vt 0.454545 1.000000
vt 0.461538 1.000000
vt 0.461538 0.000000
vt 0.468531 1.000000
vt 0.468531 0.000000
vt 0.475524 1.000000
vt 0.475524 0.000000
vt 0.482517 1.000000
vt 0.482517 0.000000
vt 0.489510 1.000000
vt 0.489510 0.000000
vt 0.496504 1.000000
vt 0.496504 0.000000
vt 0.503497 1.000000
vt 0.503497 0.000000
vt 0.510490 1.000000
vt 0.510490 0.000000
vt 0.517483 1.000000
vt 0.517483 0.000000
vt 0.524476 1.000000
vt 0.524476 0.000000
vt 0.531469 1.000000
vt 0.531469 0.000000
vt 0.538462 1.000000
vt 0.538462 0.000000
vt 0.545455 1.000000
vt 0.552448 1.000000
vt 0.552448 0.000000
vt 0.559441 1.000000
vt 0.559441 0.000000
vt 0.566434 1.000000
vt 0.566434 0.000000
vt 0.573427 1.000000
vt 0.573427 0.000000
vt 0.580420 1.000000
vt 0.580420 0.000000
vt 0.587413 1.000000
vt 0.587413 0.000000
vt 0.594406 1.000000
vt 0.594406 0.000000
vt 0.601399 1.000000
vt 0.601399 0.000000
vt 0.608392 1.000000
vt 0.608392 0.000000
vt 0.615385 1.000000
vt 0.615385 0.000000
vt 0.622378 1.000000
vt 0.622378 0.000000
vt 0.629371 1.000000
vt 0.629371 0.000000
vt 0.636364 1.000000
vt 0.643357 1.000000
vt 0.643357 0.000000
vt 0.650350 1.000000
vt 0.650350 0.000000
vt 0.657343 1.000000
vt 0.657343 0.000000
vt 0.664336 1.000000
vt 0.664336 0.000000
vt 0.671329 1.000000
vt 0.671329 0.000000
vt 0.678322 1.000000
vt 0.678322 0.000000
vt 0.685315 1.000000
vt 0.685315 0.000000
vt 0.692308 1.000000
vt 0.692308 0.000000
vt 0.699301 1.000000
vt 0.699301 0.000000
vt 0.706294 1.000000
vt 0.706294 0.000000
vt 0.713287 1.000000
vt 0.713287 0.000000
vt 0.720280 1.000000
vt 0.720280 0.000000
vt 0.727273 1.000000
vt 0.734266 1.000000
vt 0.734266 0.000000
vt 0.741259 1.000000
vt 0.741259 0.000000
vt 0.748252 1.000000
vt 0.748252 0.000000
vt 0.755245 1.000000
vt 0.755245 0.000000
vt 0.762238 1.000000
vt 0.762238 0.000000
vt 0.769231 1.000000
vt 0.769231 0.000000
vt 0.776224 1.000000
vt 0.776224 0.000000
vt 0.783217 1.000000
vt 0.783217 0.000000
vt 0.790210 1.000000
vt 0.790210 0.000000
vt 0.797203 1.000000
vt 0.797203 0.000000
vt 0.804196 1.000000
vt 0.804196 0.000000
vt 0.811189 1.000000
vt 0.811189 0.000000
vt 0.818182 1.000000
vt 0.825175 1.000000
vt 0.825175 0.000000
vt 0.832168 1.000000
vt 0.832168 0.000000
vt 0.839161 1.000000
vt 0.839161 0.000000
vt 0.846154 1.000000
vt 0.846154 0.000000
vt 0.853147 1.000000
vt 0.853147 0.000000
vt 0.860140 1.000000
vt 0.860140 0.000000
vt 0.867133 1.000000
vt 0.867133 0.000000
vt 0.874126 1.000000
vt 0.874126 0.000000
vt 0.881119 1.000000
vt 0.881119 0.000000
vt 0.888112 1.000000
vt 0.888112 0.000000
vt 0.895105 1.000000
vt 0.895105 0.000000
vt 0.902098 1.000000
vt 0.902098 0.000000
vt 0.909091 1.000000
vt 0.916084 1.000000
vt 0.916084 0.000000
vt 0.923077 1.000000
vt 0.923077 0.000000
vt 0.930070 1.000000
vt 0.930070 0.000000
vt 0.937063 1.000000
vt 0.937063 0.000000
vt 0.944056 1.000000
vt 0.944056 0.000000
vt 0.951049 1.000000
vt 0.951049 0.000000
vt 0.958042 1.000000
vt 0.958042 0.000000
vt 0.965035 1.000000
vt 0.965035 0.000000
vt 0.972028 1.000000
vt 0.972028 0.000000
vt 0.979021 1.000000
vt 0.979021 0.000000
vt 0.986014 1.000000
vt 0.986014 0.000000
vt 0.993007 1.000000
vt 0.993007 0.000000
vt 1.000000 1.000000
vt 0.006452 1.000000
vt 0.006452 0.000000
vt 0.012903 1.000000
vt 0.012903 0.000000
vt 0.019355 1.000000
vt 0.019355 0.000000
vt 0.025806 1.000000
vt 0.025806 0.000000
vt 0.032258 1.000000
vt 0.032258 0.000000
vt 0.038710 1.000000
vt 0.038710 0.000000
vt 0.045161 1.000000
vt 0.045161 0.000000
vt 0.051613 1.000000
vt 0.051613 0.000000
vt 0.058065 1.000000
vt 0.058065 0.000000
vt 0.064516 1.000000
vt 0.064516 0.000000
vt 0.070968 1.000000
vt 0.070968 0.000000
vt 0.077419 1.000000
vt 0.077419 0.000000
vt 0.083871 1.000000
vt 0.083871 0.000000
vt 0.090323 1.000000
vt 0.090323 0.000000
vt 0.096774 1.000000
vt 0.096774 0.000000
vt 0.103226 1.000000
vt 0.103226 0.000000
vt 0.109677 1.000000
vt 0.109677 0.000000
vt 0.116129 1.000000
vt 0.116129 0.000000
vt 0.122581 1.000000
vt 0.122581 0.000000
vt 0.129032 1.000000
vt 0.129032 0.000000
vt 0.135484 1.000000
vt 0.135484 0.000000
vt 0.141935 1.000000
vt 0.141935 0.000000
vt 0.148387 1.000000
vt 0.148387 0.000000
vt 0.154839 1.000000
vt 0.154839 0.000000
vt 0.161290 1.000000
vt 0.161290 0.000000
vt 0.167742 1.000000
vt 0.167742 0.000000
vt 0.174194 1.000000
vt 0.174194 0.000000
vt 0.180645 1.000000
vt 0.180645 0.000000
vt 0.187097 1.000000
vt 0.187097 0.000000
vt 0.193548 1.000000
vt 0.193548 0.000000
vt 0.200000 1.000000
vt 0.200000 0.000000
vt 0.206452 1.000000
vt 0.206452 0.000000
vt 0.212903 1.000000
vt 0.212903 0.000000
vt 0.219355 1.000000
vt 0.219355 0.000000
vt 0.225806 1.000000
vt 0.225806 0.000000
vt 0.232258 1.000000
vt 0.232258 0.000000
vt 0.238710 1.000000
vt 0.238710 0.000000
vt 0.245161 1.000000
vt 0.245161 0.000000
vt 0.251613 1.000000
vt 0.251613 0.000000
vt 0.258065 1.000000
vt 0.258065 0.000000
vt 0.264516 1.000000
vt 0.264516 0.000000
vt 0.270968 1.000000
vt 0.270968 0.000000
vt 0.277419 1.000000
vt 0.277419 0.000000
vt 0.283871 1.000000
vt 0.283871 0.000000
vt 0.290323 1.000000
vt 0.290323 0.000000
vt 0.296774 1.000000
vt 0.296774 0.000000
vt 0.303226 1.000000
vt 0.303226 0.000000
vt 0.309677 1.000000
vt 0.309677 0.000000
vt 0.316129 1.000000
vt 0.316129 0.000000
vt 0.322581 1.000000
vt 0.322581 0.000000
vt 0.329032 1.000000
vt 0.329032 0.000000
vt 0.335484 1.000000
vt 0.335484 0.000000
vt 0.341935 1.000000
vt 0.341935 0.000000
vt 0.348387 1.000000
vt 0.348387 0.000000
vt 0.354839 1.000000
vt 0.354839 0.000000
vt 0.361290 1.000000
vt 0.361290 0.000000
vt 0.367742 1.000000
vt 0.367742 0.000000
vt 0.374194 1.000000
vt 0.374194 0.000000
vt 0.380645 1.000000
vt 0.380645 0.000000
vt 0.387097 1.000000
vt 0.387097 0.000000
vt 0.393548 1.000000
vt 0.393548 0.000000
vt 0.400000 1.000000
vt 0.400000 0.000000
vt 0.406452 1.000000
vt 0.406452 0.000000
vt 0.412903 1.000000
vt 0.412903 0.000000
vt 0.419355 1.000000
vt 0.419355 0.000000
vt 0.425806 1.000000
vt 0.425806 0.000000
vt 0.432258 1.000000
vt 0.432258 0.000000
vt 0.438710 1.000000
vt 0.438710 0.000000
vt 0.445161 1.000000
vt 0.445161 0.000000
vt 0.451613 1.000000
vt 0.451613 0.000000
vt 0.458065 1.000000
vt 0.458065 0.000000
vt 0.464516 1.000000
vt 0.464516 0.000000
vt 0.470968 1.000000
vt 0.470968 0.000000
vt 0.477419 1.000000
vt 0.477419 0.000000
vt 0.483871 1.000000
vt 0.483871 0.000000
vt 0.490323 1.000000
vt 0.490323 0.000000
vt 0.496774 1.000000
vt 0.496774 0.000000
vt 0.503226 1.000000
vt 0.503226 0.000000
vt 0.509677 1.000000
vt 0.509677 0.000000
vt 0.516129 1.000000
vt 0.516129 0.000000
vt 0.522581 1.000000
vt 0.522581 0.000000
vt 0.529032 1.000000
vt 0.529032 0.000000
vt 0.535484 1.000000
vt 0.535484 0.000000
vt 0.541936 1.000000
vt 0.541936 0.000000
vt 0.548387 1.000000
vt 0.548387 0.000000
vt 0.554839 1.000000
vt 0.554839 0.000000
vt 0.561290 1.000000
vt 0.561290 0.000000
vt 0.567742 1.000000
vt 0.567742 0.000000
vt 0.574194 1.000000
vt 0.574194 0.000000
vt 0.580645 1.000000
vt 0.580645 0.000000
vt 0.587097 1.000000
vt 0.587097 0.000000
vt 0.593548 1.000000
vt 0.593548 0.000000
vt 0.600000 1.000000
vt 0.600000 0.000000
vt 0.606452 1.000000
vt 0.606452 0.000000
vt 0.612903 1.000000
vt 0.612903 0.000000
vt 0.619355 1.000000
vt 0.619355 0.000000
vt 0.625806 1.000000
vt 0.625806 0.000000
vt 0.632258 1.000000
vt 0.632258 0.000000
vt 0.638710 1.000000
vt 0.638710 0.000000
vt 0.645161 1.000000
vt 0.645161 0.000000
vt 0.651613 1.000000
vt 0.651613 0.000000
vt 0.658065 1.000000
vt 0.658065 0.000000
vt 0.664516 1.000000
vt 0.664516 0.000000
vt 0.670968 1.000000
vt 0.670968 0.000000
vt 0.677419 1.000000
vt 0.677419 0.000000
vt 0.683871 1.000000
vt 0.683871 0.000000
vt 0.690323 1.000000
vt 0.690323 0.000000
vt 0.696774 1.000000
vt 0.696774 0.000000
vt 0.703226 1.000000
vt 0.703226 0.000000
vt 0.709677 1.000000
vt 0.709677 0.000000
vt 0.716129 1.000000
vt 0.716129 0.000000
vt 0.722581 1.000000
vt 0.722581 0.000000
vt 0.729032 1.000000
vt 0.729032 0.000000
vt 0.735484 1.000000
vt 0.735484 0.000000
vt 0.741935 1.000000
vt 0.741935 0.000000
vt 0.748387 1.000000
vt 0.748387 0.000000
vt 0.754839 1.000000
vt 0.754839 0.000000
vt 0.761290 1.000000
vt 0.761290 0.000000
vt 0.767742 1.000000
vt 0.767742 0.000000
vt 0.774194 1.000000
vt 0.774194 0.000000
vt 0.780645 1.000000
vt 0.780645 0.000000
vt 0.787097 1.000000
vt 0.787097 0.000000
vt 0.793548 1.000000
vt 0.793548 0.000000
vt 0.800000 1.000000
vt 0.800000 0.000000
vt 0.806452 1.000000
vt 0.806452 0.000000
vt 0.812903 1.000000
vt 0.812903 0.000000
vt 0.819355 1.000000
vt 0.819355 0.000000
vt 0.825806 1.000000
vt 0.825806 0.000000
vt 0.832258 1.000000
vt 0.832258 0.000000
vt 0.838710 1.000000
vt 0.838710 0.000000
vt 0.845161 1.000000
vt 0.845161 0.000000
vt 0.851613 1.000000
vt 0.851613 0.000000
vt 0.858065 1.000000
vt 0.858065 0.000000
vt 0.864516 1.000000
vt 0.864516 0.000000
vt 0.870968 1.000000
vt 0.870968 0.000000
vt 0.877419 1.000000
vt 0.877419 0.000000
vt 0.883871 1.000000
vt 0.883871 0.000000
vt 0.890323 1.000000
vt 0.890323 0.000000
vt 0.896774 1.000000
vt 0.896774 0.000000
vt 0.903226 1.000000
vt 0.903226 0.000000
vt 0.909677 1.000000
vt 0.909677 0.000000
vt 0.916129 1.000000
vt 0.916129 0.000000
vt 0.922581 1.000000
vt 0.922581 0.000000
vt 0.929032 1.000000
vt 0.929032 0.000000
vt 0.935484 1.000000
vt 0.935484 0.000000
vt 0.941935 1.000000
vt 0.941935 0.000000
vt 0.948387 1.000000
vt 0.948387 0.000000
vt 0.954839 1.000000
vt 0.954839 0.000000
vt 0.961290 1.000000
vt 0.961290 0.000000
vt 0.967742 1.000000
vt 0.967742 0.000000
vt 0.974194 1.000000
vt 0.974194 0.000000
vt 0.980645 1.000000
vt 0.980645 0.000000
vt 0.987097 1.000000
vt 0.987097 0.000000
vt 0.993548 1.000000
vt 0.993548 0.000000
vt 0.038462 1.000000
vt 0.038462 0.000000
vt 0.115385 1.000000
vt 0.115385 0.000000
vt 0.192308 1.000000
vt 0.192308 0.000000
vt 0.269231 1.000000
vt 0.269231 0.000000
vt 0.346154 1.000000
vt 0.346154 0.000000
vt 0.423077 1.000000
vt 0.423077 0.000000
vt 0.500000 1.000000
vt 0.576923 1.000000
vt 0.576923 0.000000
vt 0.653846 1.000000
vt 0.653846 0.000000
vt 0.730769 1.000000
vt 0.730769 0.000000
vt 0.807692 1.000000
vt 0.807692 0.000000
vt 0.884615 1.000000
vt 0.884615 0.000000
vt 0.961538 1.000000
vt 0.961538 0.000000
vt 0.016129 1.000000
vt 0.016129 0.000000
vt 0.048387 1.000000
vt 0.048387 0.000000
vt 0.080645 1.000000
vt 0.080645 0.000000
vt 0.112903 1.000000
vt 0.112903 0.000000
vt 0.145161 1.000000
vt 0.145161 0.000000
vt 0.177419 1.000000
vt 0.177419 0.000000
vt 0.209677 1.000000
vt 0.209677 0.000000
vt 0.241935 1.000000
vt 0.241935 0.000000
vt 0.274194 1.000000
vt 0.274194 0.000000
vt 0.306452 1.000000
vt 0.306452 0.000000
vt 0.338710 1.000000
vt 0.338710 0.000000
vt 0.370968 1.000000
vt 0.370968 0.000000
vt 0.403226 1.000000
vt 0.403226 0.000000
vt 0.435484 1.000000
vt 0.435484 0.000000
vt 0.467742 1.000000
vt 0.467742 0.000000
vt 0.532258 1.000000
vt 0.532258 0.000000
vt 0.564516 1.000000
vt 0.564516 0.000000
vt 0.596774 1.000000
vt 0.596774 0.000000
vt 0.629032 1.000000
vt 0.629032 0.000000
vt 0.661290 1.000000
vt 0.661290 0.000000
vt 0.693548 1.000000
vt 0.693548 0.000000
vt 0.725806 1.000000
vt 0.725806 0.000000
vt 0.758065 1.000000
vt 0.758065 0.000000
vt 0.790323 1.000000
vt 0.790323 0.000000
vt 0.822581 1.000000
vt 0.822581 0.000000
vt 0.854839 1.000000
vt 0.854839 0.000000
vt 0.887097 1.000000
vt 0.887097 0.000000
vt 0.919355 1.000000
vt 0.919355 0.000000
vt 0.951613 1.000000
vt 0.951613 0.000000
vt 0.983871 1.000000
vt 0.983871 0.000000
vt 0.011236 1.000000
vt 0.011236 0.000000
vt 0.022472 1.000000
vt 0.022472 0.000000
vt 0.033708 1.000000
vt 0.033708 0.000000
vt 0.044944 1.000000
vt 0.044944 0.000000
vt 0.056180 1.000000
vt 0.056180 0.000000
vt 0.067416 1.000000
vt 0.067416 0.000000
vt 0.078652 1.000000
vt 0.078652 0.000000
vt 0.089888 1.000000
vt 0.089888 0.000000
vt 0.101124 1.000000
vt 0.101124 0.000000
vt 0.112360 1.000000
vt 0.112360 0.000000
vt 0.123596 1.000000
vt 0.123596 0.000000
vt 0.134831 1.000000
vt 0.134831 0.000000
vt 0.146067 1.000000
vt 0.146067 0.000000
vt 0.157303 1.000000
vt 0.157303 0.000000
vt 0.168539 1.000000
vt 0.168539 0.000000
vt 0.179775 1.000000
vt 0.179775 0.000000
vt 0.191011 1.000000
vt 0.191011 0.000000
vt 0.202247 1.000000
vt 0.202247 0.000000
vt 0.213483 1.000000
vt 0.213483 0.000000
vt 0.224719 1.000000
vt 0.224719 0.000000
vt 0.235955 1.000000
vt 0.235955 0.000000
vt 0.247191 1.000000
vt 0.247191 0.000000
vt 0.258427 1.000000
vt 0.258427 0.000000
vt 0.269663 1.000000
vt 0.269663 0.000000
vt 0.280899 1.000000
vt 0.280899 0.000000
vt 0.292135 1.000000
vt 0.292135 0.000000
vt 0.303371 1.000000
vt 0.303371 0.000000
vt 0.314607 1.000000
vt 0.314607 0.000000
vt 0.325843 1.000000
vt 0.325843 0.000000
vt 0.337079 1.000000
vt 0.337079 0.000000
vt 0.348315 1.000000
vt 0.348315 0.000000
vt 0.359551 1.000000
vt 0.359551 0.000000
vt 0.370787 1.000000
vt 0.370787 0.000000
vt 0.382022 1.000000
vt 0.382022 0.000000
vt 0.393258 1.000000
vt 0.393258 0.000000
vt 0.404494 1.000000
vt 0.404494 0.000000
vt 0.415730 1.000000
vt 0.415730 0.000000
vt 0.426966 1.000000
vt 0.426966 0.000000
vt 0.438202 1.000000
vt 0.438202 0.000000
vt 0.449438 1.000000
vt 0.449438 0.000000
vt 0.460674 1.000000
vt 0.460674 0.000000
vt 0.471910 1.000000
vt 0.471910 0.000000
vt 0.483146 1.000000
vt 0.483146 0.000000
vt 0.494382 1.000000
vt 0.494382 0.000000
vt 0.505618 1.000000
vt 0.505618 0.000000
vt 0.516854 1.000000
vt 0.516854 0.000000
vt 0.528090 1.000000
vt 0.528090 0.000000
vt 0.539326 1.000000
vt 0.539326 0.000000
vt 0.550562 1.000000
vt 0.550562 0.000000
vt 0.561798 1.000000
vt 0.561798 0.000000
vt 0.573034 1.000000
vt 0.573034 0.000000
vt 0.584270 1.000000
vt 0.584270 0.000000
vt 0.595506 1.000000
vt 0.595506 0.000000
vt 0.606742 1.000000
vt 0.606742 0.000000
vt 0.617977 1.000000
vt 0.617977 0.000000
vt 0.629214 1.000000
vt 0.629214 0.000000
vt 0.640449 1.000000
vt 0.640449 0.000000
vt 0.651685 1.000000
vt 0.651685 0.000000
vt 0.662921 1.000000
vt 0.662921 0.000000
vt 0.674157 1.000000
vt 0.674157 0.000000
vt 0.685393 1.000000
vt 0.685393 0.000000
vt 0.696629 1.000000
vt 0.696629 0.000000
vt 0.707865 1.000000
vt 0.707865 0.000000
vt 0.719101 1.000000
vt 0.719101 0.000000
vt 0.730337 1.000000
vt 0.730337 0.000000
vt 0.741573 1.000000
vt 0.741573 0.000000
vt 0.752809 1.000000
vt 0.752809 0.000000
vt 0.764045 1.000000
vt 0.764045 0.000000
vt 0.775281 1.000000
vt 0.775281 0.000000
vt 0.786517 1.000000
vt 0.786517 0.000000
vt 0.797753 1.000000
vt 0.797753 0.000000
vt 0.808989 1.000000
vt 0.808989 0.000000
vt 0.820225 1.000000
vt 0.820225 0.000000
vt 0.831461 1.000000
vt 0.831461 0.000000
vt 0.842697 1.000000
vt 0.842697 0.000000
vt 0.853933 1.000000
vt 0.853933 0.000000
vt 0.865169 1.000000
vt 0.865169 0.000000
vt 0.876405 1.000000
vt 0.876405 0.000000
vt 0.887640 1.000000
vt 0.887640 0.000000
vt 0.898876 1.000000
vt 0.898876 0.000000
vt 0.910112 1.000000
vt 0.910112 0.000000
vt 0.921348 1.000000
vt 0.921348 0.000000
vt 0.932584 1.000000
vt 0.932584 0.000000
vt 0.943820 1.000000
vt 0.943820 0.000000
vt 0.955056 1.000000
vt 0.955056 0.000000
vt 0.966292 1.000000
vt 0.966292 0.000000
vt 0.977528 1.000000
vt 0.977528 0.000000
vt 0.988764 1.000000
vt 0.988764 0.000000
s 0
usemtl マテリアル.002
f 11/1/1 13/2/1 12/3/1
f 11/1/1 14/4/1 13/2/1
f 11/1/1 15/5/1 14/4/1
f 10/6/1 15/5/1 11/1/1
f 10/6/1 16/7/1 15/5/1
f 9/8/1 16/7/1 10/6/1
f 9/8/1 17/9/1 16/7/1
f 8/10/1 17/9/1 9/8/1
f 8/10/1 18/11/1 17/9/1
f 7/12/1 18/11/1 8/10/1
f 7/12/1 19/13/1 18/11/1
f 6/14/1 19/13/1 7/12/1
f 6/14/1 20/15/1 19/13/1
f 5/16/1 20/15/1 6/14/1
f 5/16/1 21/17/1 20/15/1
f 4/18/1 21/17/1 5/16/1
f 4/18/1 22/19/1 21/17/1
f 3/20/1 22/19/1 4/18/1
f 3/20/1 23/21/1 22/19/1
f 2/22/1 23/21/1 3/20/1
f 2/22/1 24/23/1 23/21/1
f 1/24/1 24/23/1 2/22/1
f 1/24/1 25/25/1 24/23/1
f 89/26/1 25/25/1 1/24/1
f 88/27/1 25/25/1 89/26/1
f 88/27/1 26/28/1 25/25/1
f 87/29/1 26/28/1 88/27/1
f 86/30/1 27/31/1 87/29/1
f 27/31/1 26/28/1 87/29/1
f 85/32/1 27/31/1 86/30/1
f 85/32/1 28/33/1 27/31/1
f 85/32/1 29/34/1 28/33/1
f 85/32/1 30/35/1 29/34/1
f 85/32/1 31/36/1 30/35/1
f 84/37/1 31/36/1 85/32/1
f 84/37/1 32/38/1 31/36/1
f 84/37/1 33/39/1 32/38/1
f 84/37/1 34/40/1 33/39/1
f 84/37/1 35/41/1 34/40/1
f 83/42/1 35/41/1 84/37/1
f 83/42/1 36/43/1 35/41/1
f 83/42/1 37/44/1 36/43/1
f 83/42/1 38/45/1 37/44/1
f 82/46/1 50/47/1 83/42/1
f 50/47/1 38/45/1 83/42/1
f 50/47/1 51/48/1 38/45/1
f 51/48/1 47/49/1 38/45/1
f 47/49/1 46/50/1 38/45/1
f 46/50/1 45/51/1 38/45/1
f 45/51/1 44/52/1 38/45/1
f 44/52/1 43/53/1 38/45/1
f 43/53/1 42/54/1 38/45/1
f 42/54/1 41/55/1 38/45/1
f 41/55/1 40/56/1 38/45/1
f 40/56/1 39/57/1 38/45/1
f 82/46/1 49/58/1 50/47/1
f 82/46/1 48/59/1 49/58/1
f 52/60/1 48/59/1 51/48/1
f 48/59/1 47/49/1 51/48/1
f 82/46/1 52/60/1 48/59/1
f 81/61/1 52/60/1 82/46/1
f 80/62/1 52/60/1 81/61/1
f 79/63/1 52/60/1 80/62/1
f 78/64/1 52/60/1 79/63/1
f 77/65/1 52/60/1 78/64/1
f 77/65/1 53/66/1 52/60/1
f 76/67/1 53/66/1 77/65/1
f 76/67/1 54/68/1 53/66/1
f 75/69/1 54/68/1 76/67/1
f 75/69/1 55/70/1 54/68/1
f 74/71/1 55/70/1 75/69/1
f 74/71/1 56/72/1 55/70/1
f 73/73/1 56/72/1 74/71/1
f 73/73/1 57/74/1 56/72/1
f 72/75/1 57/74/1 73/73/1
f 72/75/1 58/76/1 57/74/1
f 71/77/1 58/76/1 72/75/1
f 71/77/1 59/78/1 58/76/1
f 70/79/1 59/78/1 71/77/1
f 70/79/1 60/80/1 59/78/1
f 69/81/1 60/80/1 70/79/1
f 69/81/1 61/82/1 60/80/1
f 68/83/1 61/82/1 69/81/1
f 68/83/1 62/84/1 61/82/1
f 67/85/1 62/84/1 68/83/1
f 66/86/1 62/84/1 67/85/1
f 66/86/1 63/87/1 62/84/1
f 65/88/1 63/87/1 66/86/1
f 65/88/1 64/89/1 63/87/1
f 102/90/1 104/91/1 103/92/1
f 163/93/1 165/94/1 164/95/1
f 190/96/1 192/97/1 191/98/1
f 102/90/1 105/99/1 104/91/1
f 101/100/1 105/99/1 102/90/1
f 101/100/1 106/101/1 105/99/1
f 163/93/1 166/102/1 165/94/1
f 101/100/1 107/103/1 106/101/1
f 190/96/1 193/104/1 192/97/1
f 101/100/1 108/105/1 107/103/1
f 189/106/1 193/104/1 190/96/1
f 162/107/1 166/102/1 163/93/1
f 100/108/1 108/105/1 101/100/1
f 189/106/1 194/109/1 193/104/1
f 100/108/1 109/110/1 108/105/1
f 99/111/1 109/110/1 100/108/1
f 162/107/1 167/112/1 166/102/1
f 189/106/1 195/113/1 194/109/1
f 162/107/1 168/114/1 167/112/1
f 161/115/1 168/114/1 162/107/1
f 161/115/1 169/116/1 168/114/1
f 99/111/1 110/117/1 109/110/1
f 161/115/1 170/118/1 169/116/1
f 98/119/1 110/117/1 99/111/1
f 161/115/1 171/120/1 170/118/1
f 189/106/1 196/121/1 195/113/1
f 161/115/1 172/122/1 171/120/1
f 161/115/1 173/123/1 172/122/1
f 161/115/1 174/124/1 173/123/1
f 97/125/1 110/117/1 98/119/1
f 161/115/1 175/126/1 174/124/1
f 97/125/1 111/127/1 110/117/1
f 188/128/1 196/121/1 189/106/1
f 160/129/1 175/126/1 161/115/1
f 160/129/1 176/130/1 175/126/1
f 160/129/1 177/131/1 176/130/1
f 188/128/1 197/132/1 196/121/1
f 160/129/1 116/133/1 177/131/1
f 187/134/1 197/132/1 188/128/1
f 96/135/1 111/127/1 97/125/1
f 96/135/1 112/136/1 111/127/1
f 159/137/1 116/133/1 160/129/1
f 187/134/1 198/138/1 197/132/1
f 186/139/1 198/138/1 187/134/1
f 159/137/1 117/140/1 116/133/1
f 95/141/1 112/136/1 96/135/1
f 95/141/1 113/142/1 112/136/1
f 185/143/1 198/138/1 186/139/1
f 185/143/1 199/144/1 198/138/1
f 158/145/1 117/140/1 159/137/1
f 95/141/1 114/146/1 113/142/1
f 94/147/1 114/146/1 95/141/1
f 158/145/1 118/148/1 117/140/1
f 184/149/1 199/144/1 185/143/1
f 184/149/1 200/150/1 199/144/1
f 94/147/1 115/151/1 114/146/1
f 93/152/1 115/151/1 94/147/1
f 157/153/1 118/148/1 158/145/1
f 157/153/1 119/154/1 118/148/1
f 183/155/1 200/150/1 184/149/1
f 183/155/1 201/156/1 200/150/1
f 92/157/1 115/151/1 93/152/1
f 156/158/1 119/154/1 157/153/1
f 182/159/1 201/156/1 183/155/1
f 182/159/1 202/160/1 201/156/1
f 91/161/1 115/151/1 92/157/1
f 156/158/1 120/162/1 119/154/1
f 90/24/1 115/151/1 91/161/1
f 182/159/1 203/26/1 202/160/1
f 181/163/1 203/26/1 182/159/1
f 155/164/1 120/162/1 156/158/1
f 155/164/1 121/165/1 120/162/1
f 180/166/1 203/26/1 181/163/1
f 154/167/1 121/165/1 155/164/1
f 154/167/1 122/168/1 121/165/1
f 179/169/1 203/26/1 180/166/1
f 153/170/1 122/168/1 154/167/1
f 178/171/1 203/26/1 179/169/1
f 153/170/1 123/172/1 122/168/1
f 152/173/1 123/172/1 153/170/1
f 151/174/1 123/172/1 152/173/1
f 151/174/1 124/175/1 123/172/1
f 150/176/1 124/175/1 151/174/1
f 150/176/1 125/177/1 124/175/1
f 149/178/1 125/177/1 150/176/1
f 149/178/1 126/179/1 125/177/1
f 148/180/1 126/179/1 149/178/1
f 148/180/1 127/181/1 126/179/1
f 147/182/1 127/181/1 148/180/1
f 146/183/1 127/181/1 147/182/1
f 146/183/1 128/184/1 127/181/1
f 145/185/1 128/184/1 146/183/1
f 145/185/1 129/186/1 128/184/1
f 144/187/1 129/186/1 145/185/1
f 143/188/1 129/186/1 144/187/1
f 143/188/1 130/189/1 129/186/1
f 142/190/1 130/189/1 143/188/1
f 141/191/1 130/189/1 142/190/1
f 140/192/1 130/189/1 141/191/1
f 140/192/1 131/193/1 130/189/1
f 140/192/1 132/194/1 131/193/1
f 139/195/1 132/194/1 140/192/1
f 139/195/1 133/196/1 132/194/1
f 139/195/1 134/197/1 133/196/1
f 139/195/1 135/198/1 134/197/1
f 139/195/1 136/199/1 135/198/1
f 139/195/1 137/200/1 136/199/1
f 139/195/1 138/201/1 137/200/1
f 257/202/1 259/203/1 258/204/1
f 293/205/1 295/66/1 294/206/1
f 257/202/1 260/39/1 259/203/1
f 257/202/1 261/207/1 260/39/1
f 257/202/1 262/208/1 261/207/1
f 257/202/1 263/209/1 262/208/1
f 292/210/1 295/66/1 293/205/1
f 257/202/1 264/211/1 263/209/1
f 291/212/1 295/66/1 292/210/1
f 257/202/1 265/213/1 264/211/1
f 290/214/1 295/66/1 291/212/1
f 289/215/1 295/66/1 290/214/1
f 257/202/1 266/216/1 265/213/1
f 288/58/1 295/66/1 289/215/1
f 287/217/1 295/66/1 288/58/1
f 257/202/1 267/44/1 266/216/1
f 286/218/1 295/66/1 287/217/1
f 257/202/1 268/219/1 267/44/1
f 285/220/1 295/66/1 286/218/1
f 284/221/1 295/66/1 285/220/1
f 257/202/1 269/222/1 268/219/1
f 283/223/1 295/66/1 284/221/1
f 257/202/1 270/224/1 269/222/1
f 282/225/1 295/66/1 283/223/1
f 257/202/1 271/226/1 270/224/1
f 257/202/1 272/227/1 271/226/1
f 257/202/1 273/228/1 272/227/1
f 257/202/1 274/55/1 273/228/1
f 257/202/1 275/229/1 274/55/1
f 257/202/1 276/230/1 275/229/1
f 257/202/1 277/231/1 276/230/1
f 257/202/1 278/232/1 277/231/1
f 257/202/1 279/233/1 278/232/1
f 257/202/1 280/234/1 279/233/1
f 257/202/1 281/51/1 280/234/1
f 257/202/1 282/225/1 281/51/1
f 257/202/1 295/66/1 282/225/1
f 257/202/1 296/235/1 295/66/1
f 257/202/1 297/236/1 296/235/1
f 257/202/1 298/237/1 297/236/1
f 257/202/1 299/238/1 298/237/1
f 257/202/1 300/239/1 299/238/1
f 257/202/1 301/240/1 300/239/1
f 257/202/1 302/74/1 301/240/1
f 257/202/1 303/241/1 302/74/1
f 257/202/1 304/242/1 303/241/1
f 257/202/1 305/243/1 304/242/1
f 257/202/1 306/244/1 305/243/1
f 257/202/1 307/245/1 306/244/1
f 257/202/1 308/246/1 307/245/1
f 257/202/1 256/247/1 308/246/1
f 256/247/1 255/248/1 308/246/1
f 255/248/1 254/249/1 308/246/1
f 254/249/1 253/34/1 308/246/1
f 253/34/1 252/250/1 308/246/1
f 252/250/1 251/251/1 308/246/1
f 251/251/1 250/252/1 308/246/1
f 250/252/1 249/253/1 308/246/1
f 249/253/1 248/254/1 308/246/1
f 248/254/1 247/255/1 308/246/1
f 247/255/1 246/25/1 308/246/1
f 246/25/1 245/256/1 308/246/1
f 245/256/1 244/257/1 308/246/1
f 244/257/1 243/258/1 308/246/1
f 243/258/1 242/259/1 308/246/1
f 242/259/1 241/260/1 308/246/1
f 241/260/1 240/261/1 308/246/1
f 240/261/1 239/17/1 308/246/1
f 239/17/1 238/262/1 308/246/1
f 238/262/1 237/263/1 308/246/1
f 237/263/1 236/264/1 308/246/1
f 236/264/1 233/265/1 308/246/1
f 233/265/1 235/266/1 308/246/1
f 235/266/1 234/267/1 308/246/1
f 234/267/1 309/82/1 308/246/1
f 233/265/1 235/266/1 236/264/1
f 232/9/1 234/267/1 233/265/1
f 232/9/1 309/82/1 234/267/1
f 232/9/1 310/268/1 309/82/1
f 232/9/1 311/269/1 310/268/1
f 218/8/1 220/270/1 219/271/1
f 218/8/2 221/272/2 220/270/2
f 218/8/2 222/273/2 221/272/2
f 218/8/2 223/274/2 222/273/2
f 218/8/1 224/275/1 223/274/1
f 218/8/1 225/2/1 224/275/1
f 218/8/1 226/276/1 225/2/1
f 218/8/2 227/277/2 226/276/2
f 218/8/2 228/278/2 227/277/2
f 218/8/1 229/279/1 228/278/1
f 218/8/2 230/280/2 229/279/2
f 218/8/1 231/281/1 230/280/1
f 218/8/1 232/9/1 231/281/1
f 218/8/1 311/269/1 232/9/1
f 218/8/1 312/282/1 311/269/1
f 218/8/1 217/283/1 312/282/1
f 217/283/1 313/284/1 312/282/1
f 217/283/1 216/285/1 313/284/1
f 216/285/1 215/286/1 313/284/1
f 215/286/1 214/287/1 313/284/1
f 214/287/1 213/288/1 313/284/1
f 213/288/1 212/289/1 313/284/1
f 212/289/1 211/16/1 313/284/1
f 211/16/1 210/290/1 313/284/1
f 210/290/1 209/291/1 313/284/1
f 209/291/1 208/292/1 313/284/1
f 208/292/1 207/293/1 313/284/1
f 207/293/1 206/294/1 313/284/1
f 206/294/1 205/295/1 313/284/1
f 205/295/1 314/296/1 313/284/1
f 204/24/1 314/296/1 205/295/1
f 204/24/1 315/297/1 314/296/1
f 345/298/1 347/299/1 346/300/1
f 345/298/1 348/301/1 347/299/1
f 345/298/1 349/302/1 348/301/1
f 345/298/1 350/303/1 349/302/1
f 345/298/1 351/32/1 350/303/1
f 345/298/1 352/304/1 351/32/1
f 345/298/1 353/305/1 352/304/1
f 345/298/1 354/306/1 353/305/1
f 345/298/1 355/307/1 354/306/1
f 345/298/1 356/308/1 355/307/1
f 345/298/1 357/309/1 356/308/1
f 345/298/1 358/26/1 357/309/1
f 345/298/1 204/24/1 358/26/1
f 345/298/1 315/297/1 204/24/1
f 345/298/1 316/88/1 315/297/1
f 345/298/1 317/310/1 316/88/1
f 345/298/1 318/311/1 317/310/1
f 345/298/1 319/312/1 318/311/1
f 345/298/1 320/313/1 319/312/1
f 345/298/1 321/314/1 320/313/1
f 345/298/1 322/315/1 321/314/1
f 345/298/1 323/81/1 322/315/1
f 345/298/1 324/316/1 323/81/1
f 345/298/1 325/317/1 324/316/1
f 345/298/1 326/318/1 325/317/1
f 345/298/1 327/319/1 326/318/1
f 345/298/1 328/320/1 327/319/1
f 345/298/1 329/321/1 328/320/1
f 345/298/1 335/322/1 329/321/1
f 335/322/1 334/323/1 329/321/1
f 334/323/1 333/324/1 329/321/1
f 333/324/1 332/325/1 329/321/1
f 332/325/1 330/73/1 329/321/1
f 331/326/1 330/73/1 332/325/1
f 345/298/1 336/327/1 335/322/1
f 345/298/1 337/65/1 336/327/1
f 345/298/1 338/328/1 337/65/1
f 345/298/1 339/329/1 338/328/1
f 345/298/1 340/330/1 339/329/1
f 345/298/1 341/331/1 340/330/1
f 345/298/1 342/332/1 341/331/1
f 345/298/1 343/333/1 342/332/1
f 345/298/1 344/61/1 343/333/1
f 396/334/1 398/335/1 397/336/1
f 395/337/1 398/335/1 396/334/1
f 394/338/1 398/335/1 395/337/1
f 393/339/1 398/335/1 394/338/1
f 392/340/1 398/335/1 393/339/1
f 391/341/1 398/335/1 392/340/1
f 390/342/1 398/335/1 391/341/1
f 389/343/1 398/335/1 390/342/1
f 388/344/1 398/335/1 389/343/1
f 387/345/1 398/335/1 388/344/1
f 386/346/1 398/335/1 387/345/1
f 385/347/1 398/335/1 386/346/1
f 384/348/1 398/335/1 385/347/1
f 383/349/1 398/335/1 384/348/1
f 382/350/1 398/335/1 383/349/1
f 381/351/1 398/335/1 382/350/1
f 380/352/1 398/335/1 381/351/1
f 379/353/1 398/335/1 380/352/1
f 372/354/1 374/355/1 373/356/1
f 378/357/1 398/335/1 379/353/1
f 377/358/1 398/335/1 378/357/1
f 376/359/1 398/335/1 377/358/1
f 372/354/1 375/360/1 374/355/1
f 375/360/1 398/335/1 376/359/1
f 372/354/1 398/335/1 375/360/1
f 372/354/1 399/361/1 398/335/1
f 372/354/1 400/362/1 399/361/1
f 372/354/1 401/363/1 400/362/1
f 372/354/1 402/364/1 401/363/1
f 372/354/1 403/365/1 402/364/1
f 372/354/1 404/366/1 403/365/1
f 372/354/1 405/367/1 404/366/1
f 372/354/1 406/368/1 405/367/1
f 372/354/1 407/369/1 406/368/1
f 372/354/1 408/370/1 407/369/1
f 372/354/1 409/371/1 408/370/1
f 372/354/1 410/372/1 409/371/1
f 372/354/1 411/373/1 410/372/1
f 372/354/1 412/374/1 411/373/1
f 372/354/1 413/375/1 412/374/1
f 372/354/1 414/376/1 413/375/1
f 372/354/1 415/377/1 414/376/1
f 372/354/1 416/378/1 415/377/1
f 372/354/1 417/379/1 416/378/1
f 372/354/1 418/380/1 417/379/1
f 372/354/1 419/381/1 418/380/1
f 372/354/1 420/382/1 419/381/1
f 421/383/1 423/384/1 422/385/1
f 372/354/1 421/383/1 420/382/1
f 372/354/1 361/386/1 421/383/1
f 361/386/1 423/384/1 421/383/1
f 372/354/1 362/387/1 361/386/1
f 360/388/1 423/384/1 361/386/1
f 372/354/1 363/389/1 362/387/1
f 359/24/1 423/384/1 360/388/1
f 372/354/1 364/390/1 363/389/1
f 372/354/1 365/391/1 364/390/1
f 372/354/1 366/392/1 365/391/1
f 372/354/1 367/393/1 366/392/1
f 372/354/1 368/394/1 367/393/1
f 372/354/1 369/395/1 368/394/1
f 372/354/1 370/396/1 369/395/1
f 372/354/1 371/397/1 370/396/1
f 435/398/1 437/399/1 436/400/1
f 488/401/1 490/402/1 489/403/1
f 488/401/1 491/404/1 490/402/1
f 434/405/1 437/399/1 435/398/1
f 488/401/1 492/406/1 491/404/1
f 433/407/1 437/399/1 434/405/1
f 488/401/1 493/408/1 492/406/1
f 432/409/1 437/399/1 433/407/1
f 488/401/1 494/410/1 493/408/1
f 431/411/1 437/399/1 432/409/1
f 488/401/1 495/412/1 494/410/1
f 430/51/1 437/399/1 431/411/1
f 488/401/1 496/413/1 495/412/1
f 429/414/1 437/399/1 430/51/1
f 488/401/1 497/415/1 496/413/1
f 428/416/1 437/399/1 429/414/1
f 488/401/1 498/417/1 497/415/1
f 427/418/1 437/399/1 428/416/1
f 488/401/1 499/419/1 498/417/1
f 426/420/1 437/399/1 427/418/1
f 488/401/1 500/421/1 499/419/1
f 425/422/1 437/399/1 426/420/1
f 488/401/1 501/26/1 500/421/1
f 424/423/1 437/399/1 425/422/1
f 488/401/1 359/24/1 501/26/1
f 488/401/1 423/384/1 359/24/1
f 488/401/1 424/423/1 423/384/1
f 488/401/1 487/424/1 424/423/1
f 487/424/1 486/425/1 424/423/1
f 486/425/1 485/426/1 424/423/1
f 485/426/1 484/427/1 424/423/1
f 484/427/1 483/428/1 424/423/1
f 483/428/1 474/429/1 424/423/1
f 474/429/1 446/430/1 424/423/1
f 446/430/1 445/431/1 424/423/1
f 445/431/1 444/432/1 424/423/1
f 444/432/1 443/433/1 424/423/1
f 443/433/1 442/434/1 424/423/1
f 442/434/2 441/435/2 424/423/2
f 441/435/1 440/436/1 424/423/1
f 440/436/1 439/437/1 424/423/1
f 439/437/1 438/438/1 424/423/1
f 438/438/1 437/399/1 424/423/1
f 483/428/1 482/439/1 474/429/1
f 482/439/1 481/440/1 474/429/1
f 481/440/1 480/441/1 474/429/1
f 480/441/1 479/442/1 474/429/1
f 479/442/1 478/443/1 474/429/1
f 478/443/1 477/444/1 474/429/1
f 477/444/1 476/445/1 474/429/1
f 476/445/1 473/446/1 474/429/1
f 475/447/1 450/448/1 474/429/1
f 450/448/1 449/449/1 474/429/1
f 449/449/1 448/450/1 474/429/1
f 448/450/1 447/451/1 474/429/1
f 447/451/1 446/430/1 474/429/1
f 473/446/1 475/447/1 476/445/1
f 473/446/1 450/448/1 475/447/1
f 473/446/1 451/452/1 450/448/1
f 473/446/1 452/453/1 451/452/1
f 472/454/1 452/453/1 473/446/1
f 472/454/1 453/455/1 452/453/1
f 471/456/1 453/455/1 472/454/1
f 470/457/1 453/455/1 471/456/1
f 470/457/1 454/458/1 453/455/1
f 469/459/1 454/458/1 470/457/1
f 469/459/1 455/460/1 454/458/1
f 468/461/1 455/460/1 469/459/1
f 467/462/1 455/460/1 468/461/1
f 467/462/1 456/463/1 455/460/1
f 466/464/1 456/463/1 467/462/1
f 465/465/1 456/463/1 466/464/1
f 465/465/1 457/466/1 456/463/1
f 464/467/1 457/466/1 465/465/1
f 463/468/1 457/466/1 464/467/1
f 463/468/1 458/469/1 457/466/1
f 463/468/1 459/470/1 458/469/1
f 462/471/1 459/470/1 463/468/1
f 462/471/1 460/472/1 459/470/1
f 462/471/1 461/473/1 460/472/1
f 512/1/3 513/3/3 514/2/3
f 512/1/3 514/2/3 515/4/3
f 512/1/3 515/4/3 516/5/3
f 511/6/3 512/1/3 516/5/3
f 511/6/3 516/5/3 517/7/3
f 510/8/3 511/6/3 517/7/3
f 510/8/3 517/7/3 518/9/3
f 509/10/3 510/8/3 518/9/3
f 509/10/3 518/9/3 519/11/3
f 508/12/3 509/10/3 519/11/3
f 508/12/3 519/11/3 520/13/3
f 507/14/3 508/12/3 520/13/3
f 507/14/3 520/13/3 521/15/3
f 506/16/3 507/14/3 521/15/3
f 506/16/3 521/15/3 522/17/3
f 505/18/3 506/16/3 522/17/3
f 505/18/3 522/17/3 523/19/3
f 504/20/3 505/18/3 523/19/3
f 504/20/3 523/19/3 524/21/3
f 503/22/3 504/20/3 524/21/3
f 503/22/3 524/21/3 525/23/3
f 502/24/3 503/22/3 525/23/3
f 502/24/3 525/23/3 526/25/3
f 590/26/3 502/24/3 526/25/3
f 589/27/3 590/26/3 526/25/3
f 589/27/3 526/25/3 527/28/3
f 588/29/3 589/27/3 527/28/3
f 587/30/3 588/29/3 528/31/3
f 528/31/3 588/29/3 527/28/3
f 586/32/3 587/30/3 528/31/3
f 586/32/3 528/31/3 529/33/3
f 586/32/3 529/33/3 530/34/3
f 586/32/3 530/34/3 531/35/3
f 586/32/3 531/35/3 532/36/3
f 585/37/3 586/32/3 532/36/3
f 585/37/3 532/36/3 533/38/3
f 585/37/3 533/38/3 534/39/3
f 585/37/3 534/39/3 535/40/3
f 585/37/3 535/40/3 536/41/3
f 584/42/3 585/37/3 536/41/3
f 584/42/3 536/41/3 537/43/3
f 584/42/3 537/43/3 538/44/3
f 584/42/3 538/44/3 539/45/3
f 583/46/3 584/42/3 551/47/3
f 551/47/3 584/42/3 539/45/3
f 551/47/3 539/45/3 552/48/3
f 552/48/3 539/45/3 548/49/3
f 548/49/3 539/45/3 547/50/3
f 547/50/3 539/45/3 546/51/3
f 546/51/3 539/45/3 545/52/3
f 545/52/3 539/45/3 544/53/3
f 544/53/3 539/45/3 543/54/3
f 543/54/3 539/45/3 542/55/3
f 542/55/3 539/45/3 541/56/3
f 541/56/3 539/45/3 540/57/3
f 583/46/3 551/47/3 550/58/3
f 583/46/3 550/58/3 549/59/3
f 553/60/3 552/48/3 549/59/3
f 549/59/3 552/48/3 548/49/3
f 583/46/3 549/59/3 553/60/3
f 582/61/3 583/46/3 553/60/3
f 581/62/3 582/61/3 553/60/3
f 580/63/3 581/62/3 553/60/3
f 579/64/3 580/63/3 553/60/3
f 578/65/3 579/64/3 553/60/3
f 578/65/3 553/60/3 554/66/3
f 577/67/3 578/65/3 554/66/3
f 577/67/3 554/66/3 555/68/3
f 576/69/3 577/67/3 555/68/3
f 576/69/3 555/68/3 556/70/3
f 575/71/3 576/69/3 556/70/3
f 575/71/3 556/70/3 557/72/3
f 574/73/3 575/71/3 557/72/3
f 574/73/3 557/72/3 558/74/3
f 573/75/3 574/73/3 558/74/3
f 573/75/3 558/74/3 559/76/3
f 572/77/3 573/75/3 559/76/3
f 572/77/3 559/76/3 560/78/3
f 571/79/3 572/77/3 560/78/3
f 571/79/3 560/78/3 561/80/3
f 570/81/3 571/79/3 561/80/3
f 570/81/3 561/80/3 562/82/3
f 569/83/3 570/81/3 562/82/3
f 569/83/3 562/82/3 563/84/3
f 568/85/3 569/83/3 563/84/3
f 567/86/3 568/85/3 563/84/3
f 567/86/3 563/84/3 564/87/3
f 566/88/3 567/86/3 564/87/3
f 566/88/3 564/87/3 565/89/3
f 603/90/3 604/92/3 605/91/3
f 664/93/3 665/95/3 666/94/3
f 691/96/3 692/98/3 693/97/3
f 603/90/3 605/91/3 606/99/3
f 602/100/3 603/90/3 606/99/3
f 602/100/3 606/99/3 607/101/3
f 664/93/3 666/94/3 667/102/3
f 602/100/3 607/101/3 608/103/3
f 691/96/3 693/97/3 694/104/3
f 602/100/3 608/103/3 609/105/3
f 690/106/3 691/96/3 694/104/3
f 663/107/3 664/93/3 667/102/3
f 601/108/3 602/100/3 609/105/3
f 690/106/3 694/104/3 695/109/3
f 601/108/3 609/105/3 610/110/3
f 600/111/3 601/108/3 610/110/3
f 663/107/3 667/102/3 668/112/3
f 690/106/3 695/109/3 696/113/3
f 663/107/3 668/112/3 669/114/3
f 662/115/3 663/107/3 669/114/3
f 662/115/3 669/114/3 670/116/3
f 600/111/3 610/110/3 611/117/3
f 662/115/3 670/116/3 671/118/3
f 599/119/3 600/111/3 611/117/3
f 662/115/3 671/118/3 672/120/3
f 690/106/3 696/113/3 697/121/3
f 662/115/3 672/120/3 673/122/3
f 662/115/3 673/122/3 674/123/3
f 662/115/3 674/123/3 675/124/3
f 598/125/3 599/119/3 611/117/3
f 662/115/3 675/124/3 676/126/3
f 598/125/3 611/117/3 612/127/3
f 689/128/3 690/106/3 697/121/3
f 661/129/3 662/115/3 676/126/3
f 661/129/3 676/126/3 677/130/3
f 661/129/3 677/130/3 678/131/3
f 689/128/3 697/121/3 698/132/3
f 661/129/3 678/131/3 617/133/3
f 688/134/3 689/128/3 698/132/3
f 597/135/3 598/125/3 612/127/3
f 597/135/3 612/127/3 613/136/3
f 660/137/3 661/129/3 617/133/3
f 688/134/3 698/132/3 699/138/3
f 687/139/3 688/134/3 699/138/3
f 660/137/3 617/133/3 618/140/3
f 596/141/3 597/135/3 613/136/3
f 596/141/3 613/136/3 614/142/3
f 686/143/3 687/139/3 699/138/3
f 686/143/3 699/138/3 700/144/3
f 659/145/3 660/137/3 618/140/3
f 596/141/3 614/142/3 615/146/3
f 595/147/3 596/141/3 615/146/3
f 659/145/3 618/140/3 619/148/3
f 685/149/3 686/143/3 700/144/3
f 685/149/3 700/144/3 701/150/3
f 595/147/3 615/146/3 616/151/3
f 594/152/3 595/147/3 616/151/3
f 658/153/3 659/145/3 619/148/3
f 658/153/3 619/148/3 620/154/3
f 684/155/3 685/149/3 701/150/3
f 684/155/3 701/150/3 702/156/3
f 593/157/3 594/152/3 616/151/3
f 657/158/3 658/153/3 620/154/3
f 683/159/3 684/155/3 702/156/3
f 683/159/3 702/156/3 703/160/3
f 592/161/3 593/157/3 616/151/3
f 657/158/3 620/154/3 621/162/3
f 591/24/3 592/161/3 616/151/3
f 683/159/3 703/160/3 704/26/3
f 682/163/3 683/159/3 704/26/3
f 656/164/3 657/158/3 621/162/3
f 656/164/3 621/162/3 622/165/3
f 681/166/3 682/163/3 704/26/3
f 655/167/3 656/164/3 622/165/3
f 655/167/3 622/165/3 623/168/3
f 680/169/3 681/166/3 704/26/3
f 654/170/3 655/167/3 623/168/3
f 679/171/3 680/169/3 704/26/3
f 654/170/3 623/168/3 624/172/3
f 653/173/3 654/170/3 624/172/3
f 652/174/3 653/173/3 624/172/3
f 652/174/3 624/172/3 625/175/3
f 651/176/3 652/174/3 625/175/3
f 651/176/3 625/175/3 626/177/3
f 650/178/3 651/176/3 626/177/3
f 650/178/3 626/177/3 627/179/3
f 649/180/3 650/178/3 627/179/3
f 649/180/3 627/179/3 628/181/3
f 648/182/3 649/180/3 628/181/3
f 647/183/3 648/182/3 628/181/3
f 647/183/3 628/181/3 629/184/3
f 646/185/3 647/183/3 629/184/3
f 646/185/3 629/184/3 630/186/3
f 645/187/3 646/185/3 630/186/3
f 644/188/3 645/187/3 630/186/3
f 644/188/3 630/186/3 631/189/3
f 643/190/3 644/188/3 631/189/3
f 642/191/3 643/190/3 631/189/3
f 641/192/3 642/191/3 631/189/3
f 641/192/3 631/189/3 632/193/3
f 641/192/3 632/193/3 633/194/3
f 640/195/3 641/192/3 633/194/3
f 640/195/3 633/194/3 634/196/3
f 640/195/3 634/196/3 635/197/3
f 640/195/3 635/197/3 636/198/3
f 640/195/3 636/198/3 637/199/3
f 640/195/3 637/199/3 638/200/3
f 640/195/3 638/200/3 639/201/3
f 758/202/3 759/204/3 760/203/3
f 794/205/3 795/206/3 796/66/3
f 758/202/3 760/203/3 761/39/3
f 758/202/3 761/39/3 762/207/3
f 758/202/3 762/207/3 763/208/3
f 758/202/3 763/208/3 764/209/3
f 793/210/3 794/205/3 796/66/3
f 758/202/3 764/209/3 765/211/3
f 792/212/3 793/210/3 796/66/3
f 758/202/3 765/211/3 766/213/3
f 791/214/3 792/212/3 796/66/3
f 790/215/3 791/214/3 796/66/3
f 758/202/3 766/213/3 767/216/3
f 789/58/3 790/215/3 796/66/3
f 788/217/3 789/58/3 796/66/3
f 758/202/3 767/216/3 768/44/3
f 787/218/3 788/217/3 796/66/3
f 758/202/3 768/44/3 769/219/3
f 786/220/3 787/218/3 796/66/3
f 785/221/3 786/220/3 796/66/3
f 758/202/3 769/219/3 770/222/3
f 784/223/3 785/221/3 796/66/3
f 758/202/3 770/222/3 771/224/3
f 783/225/3 784/223/3 796/66/3
f 758/202/3 771/224/3 772/226/3
f 758/202/3 772/226/3 773/227/3
f 758/202/3 773/227/3 774/228/3
f 758/202/3 774/228/3 775/55/3
f 758/202/3 775/55/3 776/229/3
f 758/202/3 776/229/3 777/230/3
f 758/202/3 777/230/3 778/231/3
f 758/202/3 778/231/3 779/232/3
f 758/202/3 779/232/3 780/233/3
f 758/202/3 780/233/3 781/234/3
f 758/202/3 781/234/3 782/51/3
f 758/202/3 782/51/3 783/225/3
f 758/202/3 783/225/3 796/66/3
f 758/202/3 796/66/3 797/235/3
f 758/202/3 797/235/3 798/236/3
f 758/202/3 798/236/3 799/237/3
f 758/202/3 799/237/3 800/238/3
f 758/202/3 800/238/3 801/239/3
f 758/202/3 801/239/3 802/240/3
f 758/202/3 802/240/3 803/74/3
f 758/202/3 803/74/3 804/241/3
f 758/202/3 804/241/3 805/242/3
f 758/202/3 805/242/3 806/243/3
f 758/202/3 806/243/3 807/244/3
f 758/202/3 807/244/3 808/245/3
f 758/202/3 808/245/3 809/246/3
f 758/202/3 809/246/3 757/247/3
f 757/247/3 809/246/3 756/248/3
f 756/248/3 809/246/3 755/249/3
f 755/249/3 809/246/3 754/34/3
f 754/34/3 809/246/3 753/250/3
f 753/250/3 809/246/3 752/251/3
f 752/251/3 809/246/3 751/252/3
f 751/252/3 809/246/3 750/253/3
f 750/253/3 809/246/3 749/254/3
f 749/254/3 809/246/3 748/255/3
f 748/255/3 809/246/3 747/25/3
f 747/25/3 809/246/3 746/256/3
f 746/256/3 809/246/3 745/257/3
f 745/257/3 809/246/3 744/258/3
f 744/258/3 809/246/3 743/259/3
f 743/259/3 809/246/3 742/260/3
f 742/260/3 809/246/3 741/261/3
f 741/261/3 809/246/3 740/17/3
f 740/17/3 809/246/3 739/262/3
f 739/262/3 809/246/3 738/263/3
f 738/263/3 809/246/3 737/264/3
f 737/264/3 809/246/3 734/265/3
f 734/265/3 809/246/3 736/266/3
f 736/266/3 809/246/3 735/267/3
f 735/267/3 809/246/3 810/82/3
f 734/265/1 737/264/1 736/266/1
f 733/9/3 734/265/3 735/267/3
f 733/9/3 735/267/3 810/82/3
f 733/9/3 810/82/3 811/268/3
f 733/9/3 811/268/3 812/269/3
f 719/8/3 720/271/3 721/270/3
f 719/8/3 721/270/3 722/272/3
f 719/8/3 722/272/3 723/273/3
f 719/8/3 723/273/3 724/274/3
f 719/8/4 724/274/4 725/275/4
f 719/8/4 725/275/4 726/2/4
f 719/8/4 726/2/4 727/276/4
f 719/8/3 727/276/3 728/277/3
f 719/8/3 728/277/3 729/278/3
f 719/8/4 729/278/4 730/279/4
f 719/8/3 730/279/3 731/280/3
f 719/8/4 731/280/4 732/281/4
f 719/8/3 732/281/3 733/9/3
f 719/8/3 733/9/3 812/269/3
f 719/8/3 812/269/3 813/282/3
f 719/8/3 813/282/3 718/283/3
f 718/283/3 813/282/3 814/284/3
f 718/283/3 814/284/3 717/285/3
f 717/285/3 814/284/3 716/286/3
f 716/286/3 814/284/3 715/287/3
f 715/287/3 814/284/3 714/288/3
f 714/288/3 814/284/3 713/289/3
f 713/289/3 814/284/3 712/16/3
f 712/16/3 814/284/3 711/290/3
f 711/290/3 814/284/3 710/291/3
f 710/291/3 814/284/3 709/292/3
f 709/292/3 814/284/3 708/293/3
f 708/293/3 814/284/3 707/294/3
f 707/294/3 814/284/3 706/295/3
f 706/295/3 814/284/3 815/296/3
f 705/24/3 706/295/3 815/296/3
f 705/24/3 815/296/3 816/297/3
f 846/298/3 847/300/3 848/299/3
f 846/298/3 848/299/3 849/301/3
f 846/298/3 849/301/3 850/302/3
f 846/298/3 850/302/3 851/303/3
f 846/298/3 851/303/3 852/32/3
f 846/298/3 852/32/3 853/304/3
f 846/298/3 853/304/3 854/305/3
f 846/298/3 854/305/3 855/306/3
f 846/298/3 855/306/3 856/307/3
f 846/298/3 856/307/3 857/308/3
f 846/298/3 857/308/3 858/309/3
f 846/298/3 858/309/3 859/26/3
f 846/298/3 859/26/3 705/24/3
f 846/298/3 705/24/3 816/297/3
f 846/298/3 816/297/3 817/88/3
f 846/298/3 817/88/3 818/310/3
f 846/298/3 818/310/3 819/311/3
f 846/298/3 819/311/3 820/312/3
f 846/298/3 820/312/3 821/313/3
f 846/298/3 821/313/3 822/314/3
f 846/298/3 822/314/3 823/315/3
f 846/298/3 823/315/3 824/81/3
f 846/298/3 824/81/3 825/316/3
f 846/298/3 825/316/3 826/317/3
f 846/298/3 826/317/3 827/318/3
f 846/298/3 827/318/3 828/319/3
f 846/298/3 828/319/3 829/320/3
f 846/298/3 829/320/3 830/321/3
f 846/298/3 830/321/3 836/322/3
f 836/322/3 830/321/3 835/323/3
f 835/323/3 830/321/3 834/324/3
f 834/324/3 830/321/3 833/325/3
f 833/325/3 830/321/3 831/73/3
f 832/326/3 833/325/3 831/73/3
f 846/298/3 836/322/3 837/327/3
f 846/298/3 837/327/3 838/65/3
f 846/298/3 838/65/3 839/328/3
f 846/298/3 839/328/3 840/329/3
f 846/298/3 840/329/3 841/330/3
f 846/298/3 841/330/3 842/331/3
f 846/298/3 842/331/3 843/332/3
f 846/298/3 843/332/3 844/333/3
f 846/298/3 844/333/3 845/61/3
f 897/334/3 898/336/3 899/335/3
f 896/337/3 897/334/3 899/335/3
f 895/338/3 896/337/3 899/335/3
f 894/339/3 895/338/3 899/335/3
f 893/340/3 894/339/3 899/335/3
f 892/341/3 893/340/3 899/335/3
f 891/342/3 892/341/3 899/335/3
f 890/343/3 891/342/3 899/335/3
f 889/344/3 890/343/3 899/335/3
f 888/345/3 889/344/3 899/335/3
f 887/346/3 888/345/3 899/335/3
f 886/347/3 887/346/3 899/335/3
f 885/348/3 886/347/3 899/335/3
f 884/349/3 885/348/3 899/335/3
f 883/350/3 884/349/3 899/335/3
f 882/351/3 883/350/3 899/335/3
f 881/352/3 882/351/3 899/335/3
f 880/353/3 881/352/3 899/335/3
f 873/354/3 874/356/3 875/355/3
f 879/357/3 880/353/3 899/335/3
f 878/358/3 879/357/3 899/335/3
f 877/359/3 878/358/3 899/335/3
f 873/354/3 875/355/3 876/360/3
f 876/360/3 877/359/3 899/335/3
f 873/354/3 876/360/3 899/335/3
f 873/354/3 899/335/3 900/361/3
f 873/354/3 900/361/3 901/362/3
f 873/354/3 901/362/3 902/363/3
f 873/354/3 902/363/3 903/364/3
f 873/354/3 903/364/3 904/365/3
f 873/354/3 904/365/3 905/366/3
f 873/354/3 905/366/3 906/367/3
f 873/354/3 906/367/3 907/368/3
f 873/354/3 907/368/3 908/369/3
f 873/354/3 908/369/3 909/370/3
f 873/354/3 909/370/3 910/371/3
f 873/354/3 910/371/3 911/372/3
f 873/354/3 911/372/3 912/373/3
f 873/354/3 912/373/3 913/374/3
f 873/354/3 913/374/3 914/375/3
f 873/354/3 914/375/3 915/376/3
f 873/354/3 915/376/3 916/377/3
f 873/354/3 916/377/3 917/378/3
f 873/354/3 917/378/3 918/379/3
f 873/354/3 918/379/3 919/380/3
f 873/354/3 919/380/3 920/381/3
f 873/354/3 920/381/3 921/382/3
f 922/383/3 923/385/3 924/384/3
f 873/354/3 921/382/3 922/383/3
f 873/354/3 922/383/3 862/386/3
f 862/386/3 922/383/3 924/384/3
f 873/354/3 862/386/3 863/387/3
f 861/388/3 862/386/3 924/384/3
f 873/354/3 863/387/3 864/389/3
f 860/24/3 861/388/3 924/384/3
f 873/354/3 864/389/3 865/390/3
f 873/354/3 865/390/3 866/391/3
f 873/354/3 866/391/3 867/392/3
f 873/354/3 867/392/3 868/393/3
f 873/354/3 868/393/3 869/394/3
f 873/354/3 869/394/3 870/395/3
f 873/354/3 870/395/3 871/396/3
f 873/354/3 871/396/3 872/397/3
f 936/398/3 937/400/3 938/399/3
f 989/401/3 990/403/3 991/402/3
f 989/401/3 991/402/3 992/404/3
f 935/405/3 936/398/3 938/399/3
f 989/401/3 992/404/3 993/406/3
f 934/407/3 935/405/3 938/399/3
f 989/401/3 993/406/3 994/408/3
f 933/409/3 934/407/3 938/399/3
f 989/401/3 994/408/3 995/410/3
f 932/411/3 933/409/3 938/399/3
f 989/401/3 995/410/3 996/412/3
f 931/51/3 932/411/3 938/399/3
f 989/401/3 996/412/3 997/413/3
f 930/414/3 931/51/3 938/399/3
f 989/401/3 997/413/3 998/415/3
f 929/416/3 930/414/3 938/399/3
f 989/401/3 998/415/3 999/417/3
f 928/418/3 929/416/3 938/399/3
f 989/401/3 999/417/3 1000/419/3
f 927/420/3 928/418/3 938/399/3
f 989/401/3 1000/419/3 1001/421/3
f 926/422/3 927/420/3 938/399/3
f 989/401/3 1001/421/3 1002/26/3
f 925/423/3 926/422/3 938/399/3
f 989/401/3 1002/26/3 860/24/3
f 989/401/3 860/24/3 924/384/3
f 989/401/3 924/384/3 925/423/3
f 989/401/3 925/423/3 988/424/3
f 988/424/3 925/423/3 987/425/3
f 987/425/3 925/423/3 986/426/3
f 986/426/3 925/423/3 985/427/3
f 985/427/3 925/423/3 984/428/3
f 984/428/3 925/423/3 975/429/3
f 975/429/3 925/423/3 947/430/3
f 947/430/3 925/423/3 946/431/3
f 946/431/3 925/423/3 945/432/3
f 945/432/4 925/423/4 944/433/4
f 944/433/3 925/423/3 943/434/3
f 943/434/3 925/423/3 942/435/3
f 942/435/4 925/423/4 941/436/4
f 941/436/3 925/423/3 940/437/3
f 940/437/3 925/423/3 939/438/3
f 939/438/3 925/423/3 938/399/3
f 984/428/3 975/429/3 983/439/3
f 983/439/3 975/429/3 982/440/3
f 982/440/3 975/429/3 981/441/3
f 981/441/3 975/429/3 980/442/3
f 980/442/3 975/429/3 979/443/3
f 979/443/3 975/429/3 978/444/3
f 978/444/3 975/429/3 977/445/3
f 977/445/3 975/429/3 974/446/3
f 976/447/3 975/429/3 951/448/3
f 951/448/3 975/429/3 950/449/3
f 950/449/3 975/429/3 949/450/3
f 949/450/3 975/429/3 948/451/3
f 948/451/3 975/429/3 947/430/3
f 974/446/3 977/445/3 976/447/3
f 974/446/3 976/447/3 951/448/3
f 974/446/3 951/448/3 952/452/3
f 974/446/3 952/452/3 953/453/3
f 973/454/3 974/446/3 953/453/3
f 973/454/3 953/453/3 954/455/3
f 972/456/3 973/454/3 954/455/3
f 971/457/3 972/456/3 954/455/3
f 971/457/3 954/455/3 955/458/3
f 970/459/3 971/457/3 955/458/3
f 970/459/3 955/458/3 956/460/3
f 969/461/3 970/459/3 956/460/3
f 968/462/3 969/461/3 956/460/3
f 968/462/3 956/460/3 957/463/3
f 967/464/3 968/462/3 957/463/3
f 966/465/3 967/464/3 957/463/3
f 966/465/3 957/463/3 958/466/3
f 965/467/3 966/465/3 958/466/3
f 964/468/3 965/467/3 958/466/3
f 964/468/3 958/466/3 959/469/3
f 964/468/3 959/469/3 960/470/3
f 963/471/3 964/468/3 960/470/3
f 963/471/3 960/470/3 961/472/3
f 963/471/3 961/472/3 962/473/3
s 1
f 1004/474/5 1006/475/6 1005/476/6 1003/24/5
f 1006/475/6 1008/477/7 1007/478/7 1005/476/6
f 1008/477/7 1010/479/8 1009/480/8 1007/478/7
f 1010/479/8 1012/481/9 1011/482/9 1009/480/8
f 1012/481/9 1014/483/10 1013/484/10 1011/482/9
f 1014/483/10 1016/485/11 1015/486/11 1013/484/10
f 1016/485/11 1018/487/12 1017/488/12 1015/486/11
f 1018/487/12 1020/489/13 1019/490/13 1017/488/12
f 1020/489/13 1022/491/14 1021/492/14 1019/490/13
f 1022/491/14 1024/493/15 1023/494/15 1021/492/14
f 1024/493/15 1026/495/16 1025/496/16 1023/494/15
f 1026/495/16 1028/497/17 1027/498/17 1025/496/16
f 1028/497/17 1030/499/18 1029/8/18 1027/498/17
f 1030/499/18 1032/500/19 1031/501/19 1029/8/18
f 1032/500/19 1034/502/20 1033/503/20 1031/501/19
f 1034/502/20 1036/504/21 1035/505/21 1033/503/20
f 1036/504/21 1038/506/22 1037/507/22 1035/505/21
f 1038/506/22 1040/508/23 1039/509/23 1037/507/22
f 1040/508/23 1042/510/24 1041/511/24 1039/509/23
f 1042/510/24 1044/512/25 1043/513/25 1041/511/24
f 1044/512/25 1046/514/26 1045/515/26 1043/513/25
f 1046/514/26 1048/516/27 1047/517/27 1045/515/26
f 1048/516/27 1050/518/28 1049/519/28 1047/517/27
f 1050/518/28 1052/520/29 1051/521/29 1049/519/28
f 1052/520/29 1054/522/30 1053/523/30 1051/521/29
f 1054/522/30 1056/524/31 1055/9/31 1053/523/30
f 1056/524/31 1058/525/32 1057/526/32 1055/9/31
f 1058/525/32 1060/527/33 1059/528/33 1057/526/32
f 1060/527/33 1062/529/34 1061/530/34 1059/528/33
f 1062/529/34 1064/531/35 1063/532/35 1061/530/34
f 1064/531/35 1066/533/36 1065/534/36 1063/532/35
f 1066/533/36 1068/535/37 1067/536/37 1065/534/36
f 1068/535/37 1070/537/38 1069/538/38 1067/536/37
f 1070/537/38 1072/539/39 1071/540/39 1069/538/38
f 1072/539/39 1074/541/40 1073/542/40 1071/540/39
f 1074/541/40 1076/543/41 1075/544/41 1073/542/40
f 1076/543/41 1078/545/42 1077/546/42 1075/544/41
f 1078/545/42 1080/547/43 1079/548/43 1077/546/42
f 1080/547/43 1082/549/44 1081/25/44 1079/548/43
f 1082/549/44 1084/550/45 1083/551/45 1081/25/44
f 1084/550/45 1086/552/46 1085/553/46 1083/551/45
f 1086/552/46 1088/554/47 1087/555/47 1085/553/46
f 1088/554/47 1090/556/48 1089/557/48 1087/555/47
f 1090/556/48 1092/558/49 1091/559/49 1089/557/48
f 1092/558/49 1094/560/49 1093/561/49 1091/559/49
f 1094/560/49 1096/562/50 1095/563/50 1093/561/49
f 1096/562/50 1098/564/51 1097/565/51 1095/563/50
f 1098/564/51 1100/566/52 1099/567/52 1097/565/51
f 1100/566/52 1102/568/53 1101/569/53 1099/567/52
f 1102/568/53 1104/570/54 1103/571/54 1101/569/53
f 1104/570/54 1106/572/55 1105/573/55 1103/571/54
f 1106/572/55 1108/574/56 1107/39/56 1105/573/55
f 1108/574/56 1110/575/57 1109/576/57 1107/39/56
f 1110/575/57 1112/577/58 1111/578/58 1109/576/57
f 1112/577/58 1114/579/59 1113/580/59 1111/578/58
f 1114/579/59 1116/581/60 1115/582/60 1113/580/59
f 1116/581/60 1118/583/61 1117/584/61 1115/582/60
f 1118/583/61 1120/585/62 1119/586/62 1117/584/61
f 1120/585/62 1122/587/63 1121/588/63 1119/586/62
f 1122/587/63 1124/589/64 1123/590/64 1121/588/63
f 1124/589/64 1126/591/65 1125/592/65 1123/590/64
f 1126/591/65 1128/593/66 1127/594/66 1125/592/65
f 1128/593/66 1130/595/67 1129/596/67 1127/594/66
f 1130/595/67 1132/597/68 1131/598/68 1129/596/67
f 1132/597/68 1134/599/69 1133/55/69 1131/598/68
f 1134/599/69 1136/600/70 1135/601/70 1133/55/69
f 1136/600/70 1138/602/71 1137/603/71 1135/601/70
f 1138/602/71 1140/604/72 1139/605/72 1137/603/71
f 1140/604/72 1142/606/73 1141/607/73 1139/605/72
f 1142/606/73 1144/608/74 1143/609/74 1141/607/73
f 1144/608/74 1146/610/75 1145/611/75 1143/609/74
f 1146/610/75 1148/612/76 1147/613/76 1145/611/75
f 1148/612/76 1150/614/77 1149/615/77 1147/613/76
f 1150/614/77 1152/616/78 1151/617/78 1149/615/77
f 1152/616/78 1154/618/79 1153/619/79 1151/617/78
f 1154/618/79 1156/620/80 1155/621/80 1153/619/79
f 1156/620/80 1158/622/81 1157/623/81 1155/621/80
f 1158/622/81 1160/624/82 1159/58/82 1157/623/81
f 1160/624/82 1162/625/83 1161/626/83 1159/58/82
f 1162/625/83 1164/627/84 1163/628/84 1161/626/83
f 1164/627/84 1166/629/85 1165/630/85 1163/628/84
f 1166/629/85 1168/631/86 1167/632/86 1165/630/85
f 1168/631/86 1170/633/87 1169/634/87 1167/632/86
f 1170/633/87 1172/635/88 1171/636/88 1169/634/87
f 1172/635/88 1174/637/89 1173/638/89 1171/636/88
f 1174/637/89 1176/639/90 1175/640/90 1173/638/89
f 1176/639/90 1178/641/91 1177/642/91 1175/640/90
f 1178/641/91 1180/643/92 1179/644/92 1177/642/91
f 1180/643/92 1182/645/93 1181/646/93 1179/644/92
f 1182/645/93 1184/647/94 1183/648/94 1181/646/93
f 1184/647/94 1186/649/95 1185/74/95 1183/648/94
f 1186/649/95 1188/650/96 1187/651/96 1185/74/95
f 1188/650/96 1190/652/97 1189/653/97 1187/651/96
f 1190/652/97 1192/654/98 1191/655/98 1189/653/97
f 1192/654/98 1194/656/99 1193/657/99 1191/655/98
f 1194/656/99 1196/658/100 1195/659/100 1193/657/99
f 1196/658/100 1198/660/101 1197/661/101 1195/659/100
f 1198/660/101 1200/662/102 1199/663/102 1197/661/101
f 1200/662/102 1202/664/103 1201/665/103 1199/663/102
f 1202/664/103 1204/666/104 1203/667/104 1201/665/103
f 1204/666/104 1206/668/105 1205/669/105 1203/667/104
f 1206/668/105 1208/670/106 1207/671/106 1205/669/105
f 1208/670/106 1210/672/107 1209/673/107 1207/671/106
f 1210/672/107 1212/674/108 1211/88/108 1209/673/107
f 1212/674/108 1214/675/109 1213/676/109 1211/88/108
f 1214/675/109 1216/677/110 1215/678/110 1213/676/109
f 1216/677/110 1218/679/111 1217/680/111 1215/678/110
f 1218/679/111 1220/681/112 1219/682/112 1217/680/111
f 1220/681/112 1222/683/113 1221/684/113 1219/682/112
f 1222/683/113 1224/685/114 1223/686/114 1221/684/113
f 1224/685/114 1226/687/115 1225/688/115 1223/686/114
f 1226/687/115 1228/689/116 1227/690/116 1225/688/115
f 1228/689/116 1230/691/117 1229/692/117 1227/690/116
f 1230/691/117 1232/693/118 1231/694/118 1229/692/117
f 1232/693/118 1234/695/119 1233/696/119 1231/694/118
f 1234/695/119 1236/697/120 1235/698/120 1233/696/119
f 1236/697/120 1238/699/121 1237/73/121 1235/698/120
f 1238/699/121 1240/700/122 1239/701/122 1237/73/121
f 1240/700/122 1242/702/123 1241/703/123 1239/701/122
f 1242/702/123 1244/704/124 1243/705/124 1241/703/123
f 1244/704/124 1246/706/125 1245/707/125 1243/705/124
f 1246/706/125 1248/708/126 1247/709/126 1245/707/125
f 1248/708/126 1250/710/127 1249/711/127 1247/709/126
f 1250/710/127 1252/712/128 1251/713/128 1249/711/127
f 1252/712/128 1254/714/129 1253/715/129 1251/713/128
f 1254/714/129 1256/716/130 1255/717/130 1253/715/129
f 1256/716/130 1258/718/131 1257/719/131 1255/717/130
f 1258/718/131 1260/720/132 1259/721/132 1257/719/131
f 1260/720/132 1262/722/133 1261/723/133 1259/721/132
f 1262/722/133 1264/724/134 1263/61/134 1261/723/133
f 1264/724/134 1266/725/135 1265/726/135 1263/61/134
f 1266/725/135 1268/727/136 1267/728/136 1265/726/135
f 1268/727/136 1270/729/137 1269/730/137 1267/728/136
f 1270/729/137 1272/731/138 1271/732/138 1269/730/137
f 1272/731/138 1274/733/139 1273/734/139 1271/732/138
f 1274/733/139 1276/735/140 1275/736/140 1273/734/139
f 1276/735/140 1278/737/141 1277/738/141 1275/736/140
f 1278/737/141 1280/739/142 1279/740/142 1277/738/141
f 1280/739/142 1282/741/143 1281/742/143 1279/740/142
f 1282/741/143 1284/743/144 1283/744/144 1281/742/143
f 1284/743/144 1286/745/145 1285/746/145 1283/744/144
f 1286/745/145 1288/747/146 1287/748/146 1285/746/145
f 1288/747/146 1004/749/5 1003/26/5 1287/748/146
f 1290/474/5 1292/750/147 1291/751/147 1289/24/5
f 1292/750/147 1294/752/148 1293/753/148 1291/751/147
f 1294/752/148 1296/754/149 1295/755/149 1293/753/148
f 1296/754/149 1298/756/150 1297/757/150 1295/755/149
f 1298/756/150 1300/758/151 1299/759/151 1297/757/150
f 1300/758/151 1302/760/152 1301/761/152 1299/759/151
f 1302/760/152 1304/762/153 1303/763/153 1301/761/152
f 1304/762/153 1306/764/154 1305/765/154 1303/763/153
f 1306/764/154 1308/766/155 1307/767/155 1305/765/154
f 1308/766/155 1310/768/156 1309/769/156 1307/767/155
f 1310/768/156 1312/770/157 1311/771/157 1309/769/156
f 1312/770/157 1314/772/158 1313/773/158 1311/771/157
f 1314/772/158 1316/774/159 1315/775/159 1313/773/158
f 1316/774/159 1318/776/160 1317/777/160 1315/775/159
f 1318/776/160 1320/778/161 1319/779/161 1317/777/160
f 1320/778/161 1322/780/162 1321/781/162 1319/779/161
f 1322/780/162 1324/782/163 1323/783/163 1321/781/162
f 1324/782/163 1326/784/164 1325/785/164 1323/783/163
f 1326/784/164 1328/786/165 1327/787/165 1325/785/164
f 1328/786/165 1330/788/166 1329/789/166 1327/787/165
f 1330/788/166 1332/790/167 1331/791/167 1329/789/166
f 1332/790/167 1334/792/142 1333/793/142 1331/791/167
f 1334/792/142 1336/794/168 1335/795/168 1333/793/142
f 1336/794/168 1338/796/169 1337/797/169 1335/795/168
f 1338/796/169 1340/798/170 1339/799/170 1337/797/169
f 1340/798/170 1342/800/171 1341/801/171 1339/799/170
f 1342/800/171 1344/802/172 1343/803/172 1341/801/171
f 1344/802/172 1346/804/5 1345/805/5 1343/803/172
f 1346/804/5 1348/806/5 1347/807/5 1345/805/5
f 1348/806/5 1350/808/173 1349/809/173 1347/807/5
f 1350/808/173 1352/810/174 1351/811/174 1349/809/173
f 1352/810/174 1354/812/174 1353/813/174 1351/811/174
f 1354/812/174 1356/814/174 1355/815/174 1353/813/174
f 1356/814/174 1358/816/174 1357/817/174 1355/815/174
f 1358/816/174 1360/818/174 1359/819/174 1357/817/174
f 1360/818/174 1362/820/174 1361/821/174 1359/819/174
f 1362/820/174 1364/822/174 1363/823/174 1361/821/174
f 1364/822/174 1366/824/174 1365/825/174 1363/823/174
f 1366/824/174 1368/826/174 1367/827/174 1365/825/174
f 1368/826/174 1370/828/174 1369/829/174 1367/827/174
f 1370/828/174 1372/830/175 1371/831/175 1369/829/174
f 1372/830/175 1374/832/176 1373/833/176 1371/831/175
f 1374/832/176 1376/834/152 1375/835/152 1373/833/176
f 1376/834/152 1378/836/177 1377/837/177 1375/835/152
f 1378/836/177 1380/838/178 1379/839/178 1377/837/177
f 1380/838/178 1382/840/179 1381/841/179 1379/839/178
f 1382/840/179 1384/842/180 1383/843/180 1381/841/179
f 1384/842/180 1386/844/181 1385/845/181 1383/843/180
f 1386/844/181 1388/846/182 1387/847/182 1385/845/181
f 1388/846/182 1390/848/183 1389/849/183 1387/847/182
f 1390/848/183 1392/850/184 1391/851/184 1389/849/183
f 1392/850/184 1394/852/185 1393/853/185 1391/851/184
f 1394/852/185 1396/854/186 1395/855/186 1393/853/185
f 1396/854/186 1398/856/187 1397/857/187 1395/855/186
f 1398/856/187 1400/858/188 1399/859/188 1397/857/187
f 1400/858/188 1402/860/189 1401/861/189 1399/859/188
f 1402/860/189 1404/862/190 1403/863/190 1401/861/189
f 1404/862/190 1406/864/191 1405/865/191 1403/863/190
f 1406/864/191 1408/866/192 1407/867/192 1405/865/191
f 1408/866/192 1410/868/193 1409/869/193 1407/867/192
f 1410/868/193 1412/870/194 1411/871/194 1409/869/193
f 1412/870/194 1414/872/195 1413/873/195 1411/871/194
f 1414/872/195 1416/874/196 1415/875/196 1413/873/195
f 1416/874/196 1418/876/197 1417/877/197 1415/875/196
f 1418/876/197 1420/878/198 1419/879/198 1417/877/197
f 1420/878/198 1422/880/199 1421/881/199 1419/879/198
f 1422/880/199 1424/882/173 1423/883/173 1421/881/199
f 1424/882/173 1426/884/173 1425/885/173 1423/883/173
f 1426/884/173 1428/886/173 1427/887/173 1425/885/173
f 1428/886/173 1430/888/173 1429/889/173 1427/887/173
f 1430/888/173 1432/890/173 1431/891/173 1429/889/173
f 1432/890/173 1434/892/173 1433/893/173 1431/891/173
f 1434/892/173 1436/894/173 1435/895/173 1433/893/173
f 1436/894/173 1438/896/173 1437/897/173 1435/895/173
f 1438/896/173 1440/898/173 1439/899/173 1437/897/173
f 1440/898/173 1442/900/173 1441/901/173 1439/899/173
f 1442/900/173 1444/902/173 1443/903/173 1441/901/173
f 1444/902/173 1446/904/200 1445/905/200 1443/903/173
f 1446/904/200 1448/906/201 1447/907/201 1445/905/200
f 1448/906/201 1450/908/202 1449/909/202 1447/907/201
f 1450/908/202 1452/910/203 1451/911/203 1449/909/202
f 1452/910/203 1454/912/204 1453/913/204 1451/911/203
f 1454/912/204 1456/914/205 1455/915/205 1453/913/204
f 1456/914/205 1458/916/206 1457/917/206 1455/915/205
f 1458/916/206 1460/918/207 1459/919/207 1457/917/206
f 1460/918/207 1462/920/208 1461/921/208 1459/919/207
f 1462/920/208 1464/922/209 1463/923/209 1461/921/208
f 1464/922/209 1466/924/210 1465/925/210 1463/923/209
f 1466/924/210 1468/926/211 1467/927/211 1465/925/210
f 1468/926/211 1470/928/212 1469/929/212 1467/927/211
f 1470/928/212 1472/930/213 1471/931/213 1469/929/212
f 1472/930/213 1474/932/214 1473/933/214 1471/931/213
f 1474/932/214 1476/934/215 1475/935/215 1473/933/214
f 1476/934/215 1478/936/216 1477/937/216 1475/935/215
f 1478/936/216 1480/938/217 1479/939/217 1477/937/216
f 1480/938/217 1482/940/218 1481/941/218 1479/939/217
f 1482/940/218 1484/942/219 1483/943/219 1481/941/218
f 1484/942/219 1486/944/220 1485/945/220 1483/943/219
f 1486/944/220 1488/946/221 1487/947/221 1485/945/220
f 1488/946/221 1490/948/222 1489/949/222 1487/947/221
f 1490/948/222 1492/950/223 1491/951/223 1489/949/222
f 1492/950/223 1494/952/224 1493/953/224 1491/951/223
f 1494/952/224 1496/954/224 1495/955/224 1493/953/224
f 1496/954/224 1498/956/224 1497/957/224 1495/955/224
f 1498/956/224 1500/958/224 1499/959/224 1497/957/224
f 1500/958/224 1502/960/224 1501/961/224 1499/959/224
f 1502/960/224 1504/962/224 1503/963/224 1501/961/224
f 1504/962/224 1506/964/224 1505/965/224 1503/963/224
f 1506/964/224 1508/966/224 1507/967/224 1505/965/224
f 1508/966/224 1510/968/224 1509/969/224 1507/967/224
f 1510/968/224 1512/970/224 1511/971/224 1509/969/224
f 1512/970/224 1514/972/224 1513/973/224 1511/971/224
f 1514/972/224 1516/974/224 1515/975/224 1513/973/224
f 1516/974/224 1518/976/225 1517/977/225 1515/975/224
f 1518/976/225 1520/978/226 1519/979/226 1517/977/225
f 1520/978/226 1522/980/227 1521/981/227 1519/979/226
f 1522/980/227 1524/982/228 1523/983/228 1521/981/227
f 1524/982/228 1526/984/229 1525/985/229 1523/983/228
f 1526/984/229 1528/986/230 1527/987/230 1525/985/229
f 1528/986/230 1530/988/231 1529/989/231 1527/987/230
f 1530/988/231 1532/990/232 1531/991/232 1529/989/231
f 1532/990/232 1534/992/233 1533/993/233 1531/991/232
f 1534/992/233 1536/994/234 1535/995/234 1533/993/233
f 1536/994/234 1538/996/235 1537/997/235 1535/995/234
f 1538/996/235 1540/998/236 1539/999/236 1537/997/235
f 1540/998/236 1542/1000/237 1541/1001/237 1539/999/236
f 1542/1000/237 1544/1002/238 1543/1003/238 1541/1001/237
f 1544/1002/238 1546/1004/238 1545/1005/238 1543/1003/238
f 1546/1004/238 1548/1006/239 1547/1007/239 1545/1005/238
f 1548/1006/239 1550/1008/240 1549/1009/240 1547/1007/239
f 1550/1008/240 1552/1010/241 1551/1011/241 1549/1009/240
f 1552/1010/241 1554/1012/242 1553/1013/242 1551/1011/241
f 1554/1012/242 1556/1014/243 1555/1015/243 1553/1013/242
f 1556/1014/243 1558/1016/244 1557/1017/244 1555/1015/243
f 1558/1016/244 1560/1018/245 1559/1019/245 1557/1017/244
f 1560/1018/245 1562/1020/246 1561/1021/246 1559/1019/245
f 1562/1020/246 1564/1022/247 1563/1023/247 1561/1021/246
f 1564/1022/247 1566/1024/248 1565/1025/248 1563/1023/247
f 1566/1024/248 1568/1026/249 1567/1027/249 1565/1025/248
f 1568/1026/249 1570/1028/250 1569/1029/250 1567/1027/249
f 1570/1028/250 1572/1030/251 1571/1031/251 1569/1029/250
f 1572/1030/251 1574/1032/252 1573/1033/252 1571/1031/251
f 1574/1032/252 1576/1034/253 1575/1035/253 1573/1033/252
f 1576/1034/253 1578/1036/254 1577/1037/254 1575/1035/253
f 1578/1036/254 1580/1038/188 1579/1039/188 1577/1037/254
f 1580/1038/188 1582/1040/255 1581/1041/255 1579/1039/188
f 1582/1040/255 1584/1042/256 1583/1043/256 1581/1041/255
f 1584/1042/256 1586/1044/257 1585/1045/257 1583/1043/256
f 1586/1044/257 1588/1046/258 1587/1047/258 1585/1045/257
f 1588/1046/258 1590/1048/259 1589/1049/259 1587/1047/258
f 1590/1048/259 1592/1050/260 1591/1051/260 1589/1049/259
f 1592/1050/260 1594/1052/261 1593/1053/261 1591/1051/260
f 1594/1052/261 1596/1054/262 1595/1055/262 1593/1053/261
f 1596/1054/262 1598/1056/263 1597/1057/263 1595/1055/262
f 1598/1056/263 1290/749/5 1289/26/5 1597/1057/263
f 1600/474/264 1602/1058/265 1601/1059/265 1599/24/264
f 1602/1058/265 1604/495/266 1603/496/266 1601/1059/265
f 1604/495/266 1606/1060/267 1605/1061/267 1603/496/266
f 1606/1060/267 1608/516/268 1607/517/268 1605/1061/267
f 1608/516/268 1610/1062/269 1609/1063/269 1607/517/268
f 1610/1062/269 1612/537/270 1611/538/270 1609/1063/269
f 1612/537/270 1614/1064/271 1613/1065/271 1611/538/270
f 1614/1064/271 1616/558/272 1615/559/272 1613/1065/271
f 1616/558/272 1618/1066/273 1617/1067/273 1615/559/272
f 1618/1066/273 1620/579/274 1619/580/274 1617/1067/273
f 1620/579/274 1622/1068/275 1621/1069/275 1619/580/274
f 1622/1068/275 1624/600/276 1623/601/276 1621/1069/275
f 1624/600/276 1626/1070/277 1625/51/277 1623/601/276
f 1626/1070/277 1628/622/278 1627/623/278 1625/51/277
f 1628/622/278 1630/1071/279 1629/1072/279 1627/623/278
f 1630/1071/279 1632/643/280 1631/644/280 1629/1072/279
f 1632/643/280 1634/1073/281 1633/1074/281 1631/644/280
f 1634/1073/281 1636/664/282 1635/665/282 1633/1074/281
f 1636/664/282 1638/1075/283 1637/1076/283 1635/665/282
f 1638/1075/283 1640/685/284 1639/686/284 1637/1076/283
f 1640/685/284 1642/1077/285 1641/1078/285 1639/686/284
f 1642/1077/285 1644/706/286 1643/707/286 1641/1078/285
f 1644/706/286 1646/1079/287 1645/1080/287 1643/707/286
f 1646/1079/287 1648/727/288 1647/728/288 1645/1080/287
f 1648/727/288 1650/1081/289 1649/1082/289 1647/728/288
f 1650/1081/289 1600/749/264 1599/26/264 1649/1082/289
f 1652/474/290 1654/1083/291 1653/1084/291 1651/24/290
f 1654/1083/291 1656/758/292 1655/759/292 1653/1084/291
f 1656/758/292 1658/1085/293 1657/1086/293 1655/759/292
f 1658/1085/293 1660/768/294 1659/769/294 1657/1086/293
f 1660/768/294 1662/1087/295 1661/1088/295 1659/769/294
f 1662/1087/295 1664/778/296 1663/779/296 1661/1088/295
f 1664/778/296 1666/1089/297 1665/1090/297 1663/779/296
f 1666/1089/297 1668/788/298 1667/789/298 1665/1090/297
f 1668/788/298 1670/1091/299 1669/1092/299 1667/789/298
f 1670/1091/299 1672/798/300 1671/799/300 1669/1092/299
f 1672/798/300 1674/1093/301 1673/1094/301 1671/799/300
f 1674/1093/301 1676/808/302 1675/809/302 1673/1094/301
f 1676/808/302 1678/1095/303 1677/1096/303 1675/809/302
f 1678/1095/303 1680/818/304 1679/819/304 1677/1096/303
f 1680/818/304 1682/1097/305 1681/1098/305 1679/819/304
f 1682/1097/305 1684/828/306 1683/829/306 1681/1098/305
f 1684/828/306 1686/1099/307 1685/1100/307 1683/829/306
f 1686/1099/307 1688/838/308 1687/839/308 1685/1100/307
f 1688/838/308 1690/1101/309 1689/1102/309 1687/839/308
f 1690/1101/309 1692/848/310 1691/849/310 1689/1102/309
f 1692/848/310 1694/1103/311 1693/1104/311 1691/849/310
f 1694/1103/311 1696/858/312 1695/859/312 1693/1104/311
f 1696/858/312 1698/1105/313 1697/1106/313 1695/859/312
f 1698/1105/313 1700/868/314 1699/869/314 1697/1106/313
f 1700/868/314 1702/1107/315 1701/1108/315 1699/869/314
f 1702/1107/315 1704/878/316 1703/879/316 1701/1108/315
f 1704/878/316 1706/1109/317 1705/1110/317 1703/879/316
f 1706/1109/317 1708/888/318 1707/889/318 1705/1110/317
f 1708/888/318 1710/1111/319 1709/1112/319 1707/889/318
f 1710/1111/319 1712/898/320 1711/899/320 1709/1112/319
f 1712/898/320 1714/1070/321 1713/51/321 1711/899/320
f 1714/1070/321 1716/908/322 1715/909/322 1713/51/321
f 1716/908/322 1718/1113/323 1717/1114/323 1715/909/322
f 1718/1113/323 1720/918/324 1719/919/324 1717/1114/323
f 1720/918/324 1722/1115/325 1721/1116/325 1719/919/324
f 1722/1115/325 1724/928/326 1723/929/326 1721/1116/325
f 1724/928/326 1726/1117/327 1725/1118/327 1723/929/326
f 1726/1117/327 1728/938/328 1727/939/328 1725/1118/327
f 1728/938/328 1730/1119/329 1729/1120/329 1727/939/328
f 1730/1119/329 1732/948/330 1731/949/330 1729/1120/329
f 1732/948/330 1734/1121/331 1733/1122/331 1731/949/330
f 1734/1121/331 1736/958/332 1735/959/332 1733/1122/331
f 1736/958/332 1738/1123/333 1737/1124/333 1735/959/332
f 1738/1123/333 1740/968/334 1739/969/334 1737/1124/333
f 1740/968/334 1742/1125/335 1741/1126/335 1739/969/334
f 1742/1125/335 1744/978/336 1743/979/336 1741/1126/335
f 1744/978/336 1746/1127/337 1745/1128/337 1743/979/336
f 1746/1127/337 1748/988/338 1747/989/338 1745/1128/337
f 1748/988/338 1750/1129/339 1749/1130/339 1747/989/338
f 1750/1129/339 1752/998/340 1751/999/340 1749/1130/339
f 1752/998/340 1754/1131/341 1753/1132/341 1751/999/340
f 1754/1131/341 1756/1008/342 1755/1009/342 1753/1132/341
f 1756/1008/342 1758/1133/343 1757/1134/343 1755/1009/342
f 1758/1133/343 1760/1018/344 1759/1019/344 1757/1134/343
f 1760/1018/344 1762/1135/345 1761/1136/345 1759/1019/344
f 1762/1135/345 1764/1028/346 1763/1029/346 1761/1136/345
f 1764/1028/346 1766/1137/347 1765/1138/347 1763/1029/346
f 1766/1137/347 1768/1038/348 1767/1039/348 1765/1138/347
f 1768/1038/348 1770/1139/349 1769/1140/349 1767/1039/348
f 1770/1139/349 1772/1048/350 1771/1049/350 1769/1140/349
f 1772/1048/350 1774/1141/351 1773/1142/351 1771/1049/350
f 1774/1141/351 1652/749/290 1651/26/290 1773/1142/351
f 1776/474/352 1778/1058/353 1777/1059/353 1775/24/352
f 1778/1058/353 1780/495/354 1779/496/354 1777/1059/353
f 1780/495/354 1782/1060/355 1781/1061/355 1779/496/354
f 1782/1060/355 1784/516/356 1783/517/356 1781/1061/355
f 1784/516/356 1786/1062/357 1785/1063/357 1783/517/356
f 1786/1062/357 1788/537/358 1787/538/358 1785/1063/357
f 1788/537/358 1790/1064/359 1789/1065/359 1787/538/358
f 1790/1064/359 1792/558/360 1791/559/360 1789/1065/359
f 1792/558/360 1794/1066/361 1793/1067/361 1791/559/360
f 1794/1066/361 1796/579/362 1795/580/362 1793/1067/361
f 1796/579/362 1798/1068/363 1797/1069/363 1795/580/362
f 1798/1068/363 1800/600/364 1799/601/364 1797/1069/363
f 1800/600/364 1802/1070/365 1801/51/365 1799/601/364
f 1802/1070/365 1804/622/366 1803/623/366 1801/51/365
f 1804/622/366 1806/1071/367 1805/1072/367 1803/623/366
f 1806/1071/367 1808/643/368 1807/644/368 1805/1072/367
f 1808/643/368 1810/1073/369 1809/1074/369 1807/644/368
f 1810/1073/369 1812/664/370 1811/665/370 1809/1074/369
f 1812/664/370 1814/1075/371 1813/1076/371 1811/665/370
f 1814/1075/371 1816/685/372 1815/686/372 1813/1076/371
f 1816/685/372 1818/1077/373 1817/1078/373 1815/686/372
f 1818/1077/373 1820/706/374 1819/707/374 1817/1078/373
f 1820/706/374 1822/1079/375 1821/1080/375 1819/707/374
f 1822/1079/375 1824/727/376 1823/728/376 1821/1080/375
f 1824/727/376 1826/1081/377 1825/1082/377 1823/728/376
f 1826/1081/377 1776/749/352 1775/26/352 1825/1082/377
f 1828/474/378 1830/1143/379 1829/1144/379 1827/24/378
f 1830/1143/379 1832/1145/380 1831/1146/380 1829/1144/379
f 1832/1145/380 1834/1147/381 1833/1148/381 1831/1146/380
f 1834/1147/381 1836/1149/382 1835/1150/382 1833/1148/381
f 1836/1149/382 1838/1151/383 1837/1152/383 1835/1150/382
f 1838/1151/383 1840/1153/384 1839/1154/384 1837/1152/383
f 1840/1153/384 1842/1155/385 1841/1156/385 1839/1154/384
f 1842/1155/385 1844/1157/386 1843/1158/386 1841/1156/385
f 1844/1157/386 1846/1159/387 1845/1160/387 1843/1158/386
f 1846/1159/387 1848/1161/388 1847/1162/388 1845/1160/387
f 1848/1161/388 1850/1163/389 1849/1164/389 1847/1162/388
f 1850/1163/389 1852/1165/390 1851/1166/390 1849/1164/389
f 1852/1165/390 1854/1167/391 1853/1168/391 1851/1166/390
f 1854/1167/391 1856/1169/392 1855/1170/392 1853/1168/391
f 1856/1169/392 1858/1171/393 1857/1172/393 1855/1170/392
f 1858/1171/393 1860/1173/394 1859/1174/394 1857/1172/393
f 1860/1173/394 1862/1175/395 1861/1176/395 1859/1174/394
f 1862/1175/395 1864/1177/396 1863/1178/396 1861/1176/395
f 1864/1177/396 1866/1179/397 1865/1180/397 1863/1178/396
f 1866/1179/397 1868/1181/398 1867/1182/398 1865/1180/397
f 1868/1181/398 1870/1183/399 1869/1184/399 1867/1182/398
f 1870/1183/399 1872/1185/400 1871/1186/400 1869/1184/399
f 1872/1185/400 1874/1187/401 1873/1188/401 1871/1186/400
f 1874/1187/401 1876/1189/402 1875/1190/402 1873/1188/401
f 1876/1189/402 1878/1191/403 1877/1192/403 1875/1190/402
f 1878/1191/403 1880/1193/404 1879/1194/404 1877/1192/403
f 1880/1193/404 1882/1195/405 1881/1196/405 1879/1194/404
f 1882/1195/405 1884/1197/406 1883/1198/406 1881/1196/405
f 1884/1197/406 1886/1199/407 1885/1200/407 1883/1198/406
f 1886/1199/407 1888/1201/408 1887/1202/408 1885/1200/407
f 1888/1201/408 1890/1203/409 1889/1204/409 1887/1202/408
f 1890/1203/409 1892/1205/410 1891/1206/410 1889/1204/409
f 1892/1205/410 1894/1207/411 1893/1208/411 1891/1206/410
f 1894/1207/411 1896/1209/412 1895/1210/412 1893/1208/411
f 1896/1209/412 1898/1211/413 1897/1212/413 1895/1210/412
f 1898/1211/413 1900/1213/414 1899/1214/414 1897/1212/413
f 1900/1213/414 1902/1215/415 1901/1216/415 1899/1214/414
f 1902/1215/415 1904/1217/416 1903/1218/416 1901/1216/415
f 1904/1217/416 1906/1219/417 1905/1220/417 1903/1218/416
f 1906/1219/417 1908/1221/418 1907/1222/418 1905/1220/417
f 1908/1221/418 1910/1223/419 1909/1224/419 1907/1222/418
f 1910/1223/419 1912/1225/420 1911/1226/420 1909/1224/419
f 1912/1225/420 1914/1227/421 1913/1228/421 1911/1226/420
f 1914/1227/421 1916/1229/422 1915/1230/422 1913/1228/421
f 1916/1229/422 1918/1231/423 1917/1232/423 1915/1230/422
f 1918/1231/423 1920/1233/424 1919/1234/424 1917/1232/423
f 1920/1233/424 1922/1235/425 1921/1236/425 1919/1234/424
f 1922/1235/425 1924/1237/426 1923/1238/426 1921/1236/425
f 1924/1237/426 1926/1239/427 1925/1240/427 1923/1238/426
f 1926/1239/427 1928/1241/428 1927/1242/428 1925/1240/427
f 1928/1241/428 1930/1243/429 1929/1244/429 1927/1242/428
f 1930/1243/429 1932/1245/430 1931/1246/430 1929/1244/429
f 1932/1245/430 1934/1247/431 1933/1248/431 1931/1246/430
f 1934/1247/431 1936/1249/432 1935/1250/432 1933/1248/431
f 1936/1249/432 1938/1251/433 1937/1252/433 1935/1250/432
f 1938/1251/433 1940/1253/434 1939/1254/434 1937/1252/433
f 1940/1253/434 1942/1255/435 1941/1256/435 1939/1254/434
f 1942/1255/435 1944/1257/436 1943/1258/436 1941/1256/435
f 1944/1257/436 1946/1259/437 1945/1260/437 1943/1258/436
f 1946/1259/437 1948/1261/438 1947/1262/438 1945/1260/437
f 1948/1261/438 1950/1263/439 1949/1264/439 1947/1262/438
f 1950/1263/439 1952/1265/440 1951/1266/440 1949/1264/439
f 1952/1265/440 1954/1267/441 1953/1268/441 1951/1266/440
f 1954/1267/441 1956/1269/442 1955/1270/442 1953/1268/441
f 1956/1269/442 1958/1271/443 1957/1272/443 1955/1270/442
f 1958/1271/443 1960/1273/444 1959/1274/444 1957/1272/443
f 1960/1273/444 1962/1275/445 1961/1276/445 1959/1274/444
f 1962/1275/445 1964/1277/446 1963/1278/446 1961/1276/445
f 1964/1277/446 1966/1279/447 1965/1280/447 1963/1278/446
f 1966/1279/447 1968/1281/448 1967/1282/448 1965/1280/447
f 1968/1281/448 1970/1283/449 1969/1284/449 1967/1282/448
f 1970/1283/449 1972/1285/450 1971/1286/450 1969/1284/449
f 1972/1285/450 1974/1287/451 1973/1288/451 1971/1286/450
f 1974/1287/451 1976/1289/452 1975/1290/452 1973/1288/451
f 1976/1289/452 1978/1291/453 1977/1292/453 1975/1290/452
f 1978/1291/453 1980/1293/454 1979/1294/454 1977/1292/453
f 1980/1293/454 1982/1295/455 1981/1296/455 1979/1294/454
f 1982/1295/455 1984/1297/455 1983/1298/455 1981/1296/455
f 1984/1297/455 1986/1299/455 1985/1300/455 1983/1298/455
f 1986/1299/455 1988/1301/455 1987/1302/455 1985/1300/455
f 1988/1301/455 1990/1303/455 1989/1304/455 1987/1302/455
f 1990/1303/455 1992/1305/455 1991/1306/455 1989/1304/455
f 1992/1305/455 1994/1307/455 1993/1308/455 1991/1306/455
f 1994/1307/455 1996/1309/455 1995/1310/455 1993/1308/455
f 1996/1309/455 1998/1311/455 1997/1312/455 1995/1310/455
f 1998/1311/455 2000/1313/455 1999/1314/455 1997/1312/455
f 2000/1313/455 2002/1315/455 2001/1316/455 1999/1314/455
f 2002/1315/455 2004/1317/456 2003/1318/456 2001/1316/455
f 2004/1317/456 1828/749/378 1827/26/378 2003/1318/456
