{
    "scenes": [
        {
            "objects": [
                {
                    "mask": 0,
                    "modelTextureHandle": 0,
                    "name": "anchor.png",
                    "position": [
                        1.0296204090118408,
                        0.5219320058822632,
                        -0.32866644859313965
                    ],
                    "radius": 1.0,
                    "rotation": [
                        0.4550005793571472,
                        0.5475002527236938,
                        0.0
                    ],
                    "scale": [
                        1.0,
                        1.0,
                        1.0
                    ],
                    "size": [
                        1.0,
                        1.0
                    ],
                    "type": "Billboard"
                }
            ],
            "sceneName": "LastScriptRunScene.json"
        }
    ]
}