# MagicaVoxel @ Ephtracy

# group
o 

# material
mtllib doc.mtl
usemtl palette

# normals
vn -1 0 0
vn 1 0 0
vn 0 0 1
vn 0 0 -1
vn 0 -1 0
vn 0 1 0

# texcoords
vt 0.0136719 0.5
vt 0.0175781 0.5
vt 0.0214844 0.5
vt 0.0253906 0.5

# verts
v -12.8 0 12.8
v -12.8 0 -12.8
v -12.8 1.1 12.8
v -12.8 1.1 1
v -12.8 10.7 1
v -12.8 10.7 0.200001
v -12.8 12.8 0.200001
v -12.8 12.8 -12.8
v -12.7 1.1 12.8
v -12.7 1.1 1
v -12.7 4.9 12.8
v -12.7 4.9 1
v -12.7 5.1 12.8
v -12.7 5.1 1
v -12.7 11.9 12.8
v -12.7 11.9 0.200001
v -12.7 12.8 12.8
v -12.7 12.8 0.200001
v -12.2 11.5 -12.5
v -12.2 11.5 -12.6
v -12.2 11.6 -12.5
v -12.2 11.6 -12.6
v -11.6 11.4 -12.5
v -11.6 11.4 -12.6
v -11.6 11.5 -12.5
v -11.6 11.5 -12.6
v -11.1 11.3 -12.5
v -11.1 11.3 -12.6
v -11.1 11.4 -12.5
v -11.1 11.4 -12.6
v -11.1 11.8 -12.4
v -11.1 11.8 -12.5
v -11.1 11.9 -12.4
v -11.1 11.9 -12.5
v -10.6 11.2 -12.5
v -10.6 11.2 -12.6
v -10.6 11.3 -12.5
v -10.6 11.3 -12.6
v -10.6 11.7 -12.4
v -10.6 11.7 -12.5
v -10.6 11.8 -12.4
v -10.6 11.8 -12.5
v -10 11.1 -12.5
v -10 11.1 -12.6
v -10 11.2 -12.5
v -10 11.2 -12.6
v -10 11.6 -12.4
v -10 11.6 -12.5
v -10 11.7 -12.4
v -10 11.7 -12.5
v -9.6 1.1 -4.7
v -9.6 1.1 -5.9
v -9.6 2.3 -4.7
v -9.6 2.3 -5.9
v -9.5 1.1 -4.3
v -9.5 1.1 -4.7
v -9.5 1.1 -5.9
v -9.5 1.1 -6.3
v -9.5 2.3 -4.3
v -9.5 2.3 -4.7
v -9.5 2.3 -5.9
v -9.5 2.3 -6.3
v -9.5 11 -12.5
v -9.5 11 -12.6
v -9.5 11.1 -12.5
v -9.5 11.1 -12.6
v -9.5 11.5 -12.4
v -9.5 11.5 -12.5
v -9.5 11.6 -12.4
v -9.5 11.6 -12.5
v -9.4 1.1 -4.1
v -9.4 1.1 -4.3
v -9.4 1.1 -6.3
v -9.4 1.1 -6.5
v -9.4 2.3 -4.1
v -9.4 2.3 -4.3
v -9.4 2.3 -6.3
v -9.4 2.3 -6.5
v -9.3 1.1 -3.9
v -9.3 1.1 -4.1
v -9.3 1.1 -6.5
v -9.3 1.1 -6.7
v -9.3 2.3 -3.9
v -9.3 2.3 -4.1
v -9.3 2.3 -6.5
v -9.3 2.3 -6.7
v -9.2 1.1 -3.7
v -9.2 1.1 -3.9
v -9.2 1.1 -6.7
v -9.2 1.1 -6.9
v -9.2 2.3 -3.7
v -9.2 2.3 -3.9
v -9.2 2.3 -6.7
v -9.2 2.3 -6.9
v -9.1 1.1 -3.5
v -9.1 1.1 -3.7
v -9.1 1.1 -6.9
v -9.1 1.1 -7.1
v -9.1 2.3 -3.5
v -9.1 2.3 -3.7
v -9.1 2.3 -6.9
v -9.1 2.3 -7.1
v -9 1.1 -3.4
v -9 1.1 -3.5
v -9 1.1 -7.1
v -9 1.1 -7.2
v -9 2.3 -3.4
v -9 2.3 -3.5
v -9 2.3 -7.1
v -9 2.3 -7.2
v -9 10.9 -12.5
v -9 10.9 -12.6
v -9 11 -12.5
v -9 11 -12.6
v -9 11.4 -12.4
v -9 11.4 -12.5
v -9 11.5 -12.4
v -9 11.5 -12.5
v -8.9 1.1 -3.3
v -8.9 1.1 -3.4
v -8.9 1.1 -7.2
v -8.9 1.1 -7.3
v -8.9 2.3 -3.3
v -8.9 2.3 -3.4
v -8.9 2.3 -7.2
v -8.9 2.3 -7.3
v -8.8 1.1 -3.2
v -8.8 1.1 -3.3
v -8.8 1.1 -7.3
v -8.8 1.1 -7.4
v -8.8 2.3 -3.2
v -8.8 2.3 -3.3
v -8.8 2.3 -7.3
v -8.8 2.3 -7.4
v -8.7 1.1 -3.1
v -8.7 1.1 -3.2
v -8.7 1.1 -7.4
v -8.7 1.1 -7.5
v -8.7 2.3 -3.1
v -8.7 2.3 -3.2
v -8.7 2.3 -7.4
v -8.7 2.3 -7.5
v -8.6 1.1 -3
v -8.6 1.1 -3.1
v -8.6 1.1 -7.5
v -8.6 1.1 -7.6
v -8.6 2.3 -3
v -8.6 2.3 -3.1
v -8.6 2.3 -7.5
v -8.6 2.3 -7.6
v -8.5 1.1 -2.9
v -8.5 1.1 -3
v -8.5 1.1 -7.6
v -8.5 1.1 -7.7
v -8.5 2.3 -2.9
v -8.5 2.3 -3
v -8.5 2.3 -7.6
v -8.5 2.3 -7.7
v -8.5 11.8 -12.3
v -8.5 11.8 -12.4
v -8.5 11.9 -12.3
v -8.5 11.9 -12.4
v -8.4 1.1 -2.8
v -8.4 1.1 -2.9
v -8.4 1.1 -7.7
v -8.4 1.1 -7.8
v -8.4 2.3 -2.8
v -8.4 2.3 -2.9
v -8.4 2.3 -7.7
v -8.4 2.3 -7.8
v -8.4 10.8 -12.5
v -8.4 10.8 -12.6
v -8.4 10.9 -12.5
v -8.4 10.9 -12.6
v -8.4 11.3 -12.4
v -8.4 11.3 -12.5
v -8.4 11.4 -12.4
v -8.4 11.4 -12.5
v -8.3 5.1 9.7
v -8.3 5.1 7.3
v -8.3 5.1 3
v -8.3 5.1 0.400001
v -8.3 5.1 0.200001
v -8.3 5.1 0.1
v -8.3 6.3 3
v -8.3 6.3 0.400001
v -8.3 6.3 0.200001
v -8.3 6.3 0.1
v -8.3 6.4 9.7
v -8.3 6.4 7.3
v -8.2 1.1 -2.7
v -8.2 1.1 -2.8
v -8.2 1.1 -7.8
v -8.2 1.1 -7.9
v -8.2 1.3 1
v -8.2 1.3 0.6
v -8.2 1.4 1
v -8.2 1.4 0.6
v -8.2 2.3 -2.7
v -8.2 2.3 -2.8
v -8.2 2.3 -7.8
v -8.2 2.3 -7.9
v -8.2 5.2 12.8
v -8.2 5.2 9.7
v -8.2 5.2 7.3
v -8.2 5.2 3
v -8.2 6.3 3
v -8.2 6.3 0.400001
v -8.2 6.3 0.200001
v -8.2 6.3 0.1
v -8.2 6.4 9.7
v -8.2 6.4 7.3
v -8.2 6.9 12.8
v -8.2 6.9 0.400001
v -8.2 6.9 0.200001
v -8.2 6.9 0.1
v -8.1 1.8 0.6
v -8.1 1.8 0.5
v -8.1 1.9 0.6
v -8.1 1.9 0.5
v -8 1.1 -2.6
v -8 1.1 -2.7
v -8 1.1 -7.9
v -8 1.1 -8
v -8 2.2 0.8
v -8 2.2 0.5
v -8 2.3 0.8
v -8 2.3 0.5
v -8 2.3 -2.6
v -8 2.3 -2.7
v -8 2.3 -7.9
v -8 2.3 -8
v -7.9 2.6 1
v -7.9 2.6 0.5
v -7.9 2.7 1
v -7.9 2.7 0.5
v -7.9 10.7 -12.5
v -7.9 10.7 -12.6
v -7.9 10.8 -12.5
v -7.9 10.8 -12.6
v -7.9 11.2 -12.4
v -7.9 11.2 -12.5
v -7.9 11.3 -12.4
v -7.9 11.3 -12.5
v -7.9 11.7 -12.3
v -7.9 11.7 -12.4
v -7.9 11.8 -12.3
v -7.9 11.8 -12.4
v -7.8 1.1 -2.5
v -7.8 1.1 -2.6
v -7.8 1.1 -8
v -7.8 1.1 -8.1
v -7.8 2.3 -2.5
v -7.8 2.3 -2.6
v -7.8 2.3 -8
v -7.8 2.3 -8.1
v -7.8 3.1 0.6
v -7.8 3.1 0.400001
v -7.8 3.2 0.6
v -7.8 3.2 0.400001
v -7.7 3.5 0.8
v -7.7 3.5 0.400001
v -7.7 3.6 0.8
v -7.7 3.6 0.400001
v -7.6 1.1 -2.4
v -7.6 1.1 -2.5
v -7.6 1.1 -8.1
v -7.6 1.1 -8.2
v -7.6 2.3 -2.4
v -7.6 2.3 -2.5
v -7.6 2.3 -8.1
v -7.6 2.3 -8.2
v -7.5 4.4 0.6
v -7.5 4.4 0.400001
v -7.5 4.5 0.6
v -7.5 4.5 0.400001
v -7.4 4.8 0.8
v -7.4 4.8 0.400001
v -7.4 4.9 0.8
v -7.4 4.9 0.400001
v -7.4 10.6 -12.5
v -7.4 10.6 -12.6
v -7.4 10.7 -12.5
v -7.4 10.7 -12.6
v -7.4 11.1 -12.4
v -7.4 11.1 -12.5
v -7.4 11.2 -12.4
v -7.4 11.2 -12.5
v -7.4 11.6 -12.3
v -7.4 11.6 -12.4
v -7.4 11.7 -12.3
v -7.4 11.7 -12.4
v -7.2 1.1 -2.3
v -7.2 1.1 -2.4
v -7.2 1.1 -8.2
v -7.2 1.1 -8.3
v -7.2 2.3 -2.3
v -7.2 2.3 -2.4
v -7.2 2.3 -8.2
v -7.2 2.3 -8.3
v -7.1 6.9 6.3
v -7.1 6.9 5.7
v -7.1 11.9 6.3
v -7.1 11.9 5.7
v -7 6.9 6.4
v -7 6.9 6.3
v -7 6.9 5.7
v -7 6.9 5.6
v -7 11.9 6.4
v -7 11.9 6.3
v -7 11.9 5.7
v -7 11.9 5.6
v -6.9 6.9 6.5
v -6.9 6.9 6.4
v -6.9 6.9 5.6
v -6.9 6.9 5.5
v -6.9 11.5 -12.3
v -6.9 11.5 -12.4
v -6.9 11.6 -12.3
v -6.9 11.6 -12.4
v -6.9 11.9 6.5
v -6.9 11.9 6.4
v -6.9 11.9 5.6
v -6.9 11.9 5.5
v -6.8 10.5 -12.5
v -6.8 10.5 -12.6
v -6.8 10.6 -12.5
v -6.8 10.6 -12.6
v -6.8 11 -12.4
v -6.8 11 -12.5
v -6.8 11.1 -12.4
v -6.8 11.1 -12.5
v -6.4 5.1 12.8
v -6.4 5.1 0.400001
v -6.4 6.9 6.5
v -6.4 6.9 5.5
v -6.4 7.3 10.2
v -6.4 7.3 6.8
v -6.4 7.3 5.3
v -6.4 7.3 1.7
v -6.4 7.3 0.400001
v -6.4 7.3 0.3
v -6.4 7.9 0.200001
v -6.4 7.9 0.1
v -6.4 9.5 0.1
v -6.4 9.6 0.6
v -6.4 9.6 0.3
v -6.4 9.6 0.200001
v -6.4 9.6 0.1
v -6.4 9.7 0.6
v -6.4 9.7 0.3
v -6.4 9.7 0.200001
v -6.4 9.7 0.1
v -6.4 10 0.3
v -6.4 10 0.200001
v -6.4 10.1 10.2
v -6.4 10.1 7.1
v -6.4 10.1 5.3
v -6.4 10.1 1.7
v -6.4 10.2 7.1
v -6.4 10.2 6.8
v -6.4 11.9 12.8
v -6.4 11.9 6.5
v -6.4 11.9 5.5
v -6.4 11.9 0.1
v -6.3 9.6 0.6
v -6.3 9.6 0.3
v -6.3 9.6 0.200001
v -6.3 9.6 0
v -6.3 9.6 -12.6
v -6.3 9.6 -12.8
v -6.3 9.7 0.6
v -6.3 9.7 0.3
v -6.3 9.7 0.200001
v -6.3 9.7 0
v -6.3 9.7 -12.6
v -6.3 9.7 -12.8
v -6.3 10.4 -12.5
v -6.3 10.4 -12.6
v -6.3 10.5 -12.5
v -6.3 10.5 -12.6
v -6.3 10.9 -12.4
v -6.3 10.9 -12.5
v -6.3 11 -12.4
v -6.3 11 -12.5
v -6.3 11.4 -12.3
v -6.3 11.4 -12.4
v -6.3 11.5 -12.3
v -6.3 11.5 -12.4
v -6.2 10 0.8
v -6.2 10 0
v -6.2 10 -12.6
v -6.2 10 -12.8
v -6.2 10.1 0.8
v -6.2 10.1 0.200001
v -6.2 10.2 0.200001
v -6.2 10.2 0
v -6.2 10.2 -12.6
v -6.2 10.2 -12.8
v -6.1 10.5 0.400001
v -6.1 10.5 0
v -6.1 10.5 -12.5
v -6.1 10.5 -12.8
v -6.1 10.6 0.400001
v -6.1 10.6 0
v -6.1 10.6 -12.5
v -6.1 10.6 -12.8
v -6 7.3 7.1
v -6 7.3 7
v -6 10.1 7.1
v -6 10.2 7.1
v -6 10.2 7
v -5.8 7.3 10.2
v -5.8 7.3 7.1
v -5.8 7.3 5.3
v -5.8 7.3 1.7
v -5.8 7.4 10.2
v -5.8 7.4 7.1
v -5.8 7.4 5.3
v -5.8 7.4 1.7
v -5.8 10.3 -12.5
v -5.8 10.3 -12.6
v -5.8 10.4 -12.5
v -5.8 10.4 -12.6
v -5.8 12.2 0.700001
v -5.8 12.2 0.6
v -5.8 12.3 0.6
v -5.8 12.3 0
v -5.8 12.6 0.8
v -5.8 12.6 0.700001
v -5.8 12.8 0.8
v -5.8 12.8 0
v -5.7 11.7 0.900001
v -5.7 11.7 0.8
v -5.7 11.9 1.1
v -5.7 11.9 0.900001
v -5.7 12 2.3
v -5.7 12 2.1
v -5.7 12.1 2.4
v -5.7 12.1 2.3
v -5.7 12.1 2.1
v -5.7 12.1 1.9
v -5.7 12.2 1.9
v -5.7 12.2 1.6
v -5.7 12.3 1.6
v -5.7 12.3 1.4
v -5.7 12.4 1.4
v -5.7 12.4 1.1
v -5.7 12.6 2.5
v -5.7 12.6 2.4
v -5.7 12.6 0.900001
v -5.7 12.6 0.8
v -5.7 12.8 2.5
v -5.7 12.8 0.900001
v -5.2 12.4 12.8
v -5.2 12.4 0.1
v -5.2 12.8 12.8
v -5.2 12.8 0.1
v -5.1 12.3 12.8
v -5.1 12.3 0.1
v -5.1 12.4 12.8
v -5.1 12.4 0.1
v -5 12.2 12.8
v -5 12.2 0.1
v -5 12.3 12.8
v -5 12.3 0.1
v -2.4 0.1 0.1
v -2.4 0.1 0
v -2.4 1.1 0.1
v -2.4 1.1 0
v -1.2 0.6 7.6
v -1.2 0.6 7.5
v -1.2 1.1 7.6
v -1.2 1.1 7.5
v 5.6 1.1 12.8
v 5.6 1.1 -12.6
v 5.6 1.2 12.8
v 5.6 1.2 -12.6
v 5.7 1.2 12.8
v 5.7 1.2 -12.6
v 5.7 1.3 12.8
v 5.7 1.3 -12.6
v 5.8 1.3 12.8
v 5.8 1.3 -12.6
v 5.8 1.4 12.8
v 5.8 1.4 -12.6
v 9.2 0.9 12.8
v 9.2 0.9 -12.6
v 9.2 1.3 12.8
v 9.2 1.3 -12.6
v 9.3 1.3 12.8
v 9.3 1.3 -12.6
v 9.3 1.4 12.8
v 9.3 1.4 -12.6
v 9.4 1.4 12.8
v 9.4 1.4 -12.6
v 9.4 1.5 12.8
v 9.4 1.5 -12.6
v 11.8 12.4 12.8
v 11.8 12.4 -12.6
v 11.8 12.8 12.8
v 11.8 12.8 -12.6
v 11.9 12.3 12.8
v 11.9 12.3 -12.6
v 11.9 12.4 12.8
v 11.9 12.4 -12.6
v 12 7.1 12.8
v 12 7.1 -12.6
v 12 7.2 12.8
v 12 7.2 -12.6
v 12 12.2 12.8
v 12 12.2 -12.6
v 12 12.3 12.8
v 12 12.3 -12.6
v 12.1 7 12.8
v 12.1 7 -12.6
v 12.1 7.1 12.8
v 12.1 7.1 -12.6
v 12.2 6.8 12.8
v 12.2 6.8 -12.6
v 12.2 7 12.8
v 12.2 7 -12.6
v 12.4 2.1 0
v 12.4 2.1 -12.6
v 12.4 6.8 0
v 12.4 6.8 -12.6
v 12.4 7.1 0
v 12.4 7.1 -12.6
v 12.4 12.2 0
v 12.4 12.2 -12.6
v 12.6 0.9 12.8
v 12.6 0.9 0.1
v 12.6 0.9 0
v 12.6 0.9 -12.6
v 12.6 2.1 0.8
v 12.6 2.1 0.1
v 12.6 2.1 0
v 12.6 2.1 -12.6
v 12.6 6.1 0.8
v 12.6 6.1 0.700001
v 12.6 6.8 12.8
v 12.6 6.8 0.700001
v 12.6 6.8 0.1
v 12.6 6.8 0
v 12.6 7.1 12.8
v 12.6 7.1 0.700001
v 12.6 7.1 0.1
v 12.6 7.1 0
v 12.6 10 0.700001
v 12.6 10 0.6
v 12.6 12.4 12.8
v 12.6 12.4 0.6
v 12.6 12.4 0.1
v 12.6 12.4 0
v 12.7 0 0
v 12.7 0 -12.8
v 12.7 0.1 0
v 12.7 0.1 -12.8
v 12.7 2.1 0.8
v 12.7 2.1 0.1
v 12.7 6.1 0.8
v 12.7 6.1 0.700001
v 12.7 10 0.700001
v 12.7 10 0.6
v 12.7 12.8 0.6
v 12.7 12.8 0.1
v -12.7 1.1 0.5
v -12.7 1.1 0.400001
v -12.7 1.1 0.3
v -12.7 1.1 -12.6
v -12.7 2.4 0.3
v -12.7 2.4 0.200001
v -12.7 2.6 0.5
v -12.7 2.6 0.400001
v -12.7 4.9 0.200001
v -12.7 4.9 0.1
v -12.7 5.1 1
v -12.7 5.1 0.400001
v -12.7 5.1 0.200001
v -12.7 5.1 0.1
v -12.7 7.3 0.400001
v -12.7 7.3 0.3
v -12.7 9 0.1
v -12.7 9 0
v -12.7 10 0.3
v -12.7 10 0.200001
v -12.7 10.6 0
v -12.7 10.6 -0.0999994
v -12.7 10.7 1
v -12.7 10.7 0.200001
v -12.7 11.6 -12.5
v -12.7 11.6 -12.6
v -12.7 11.9 0.200001
v -12.7 11.9 0.1
v -12.7 11.9 0
v -12.7 11.9 -0.0999994
v -12.7 11.9 -12.5
v -12.7 11.9 -12.6
v -12.7 12 0
v -12.7 12.8 0
v -12.7 12.8 -12.6
v -12.6 2.6 0.5
v -12.6 2.6 0.400001
v -12.6 2.7 0.5
v -12.6 2.7 0.400001
v -12.2 9 0.1
v -12.2 9 0
v -12.2 9.1 0.1
v -12.2 9.1 0
v -12.1 10.6 0
v -12.1 10.6 -0.0999994
v -12.1 10.7 0
v -12.1 10.7 -0.0999994
v -11.3 1.1 0.6
v -11.3 1.1 0.5
v -11.3 1.2 0.6
v -11.3 1.2 0.5
v -11.2 2.7 0.5
v -11.2 2.7 0.400001
v -11.2 2.8 0.5
v -11.2 2.8 0.400001
v -10.9 9.1 0.1
v -10.9 9.1 0
v -10.9 9.2 0.1
v -10.9 9.2 0
v -10.8 10.7 0
v -10.8 10.7 -0.0999994
v -10.8 10.8 0
v -10.8 10.8 -0.0999994
v -10 1.2 0.6
v -10 1.2 0.5
v -10 1.3 0.6
v -10 1.3 0.5
v -9.9 2.8 0.5
v -9.9 2.8 0.400001
v -9.9 2.9 0.5
v -9.9 2.9 0.400001
v -9.5 9.2 0.1
v -9.5 9.2 0
v -9.5 9.3 0.1
v -9.5 9.3 0
v -9.4 10.8 0
v -9.4 10.8 -0.0999994
v -9.4 10.9 0
v -9.4 10.9 -0.0999994
v -8.6 1.3 0.6
v -8.6 1.3 0.5
v -8.6 1.4 0.6
v -8.6 1.4 0.5
v -8.5 2.9 0.5
v -8.5 2.9 0.400001
v -8.5 3 0.5
v -8.5 3 0.400001
v -8.3 1.3 1
v -8.3 1.3 0.6
v -8.3 1.4 1
v -8.3 1.4 0.6
v -8.2 1.8 0.6
v -8.2 1.8 0.5
v -8.2 1.9 0.6
v -8.2 1.9 0.5
v -8.2 5.1 9.7
v -8.2 5.1 7.3
v -8.2 5.1 3
v -8.2 5.1 0.400001
v -8.2 5.1 0.200001
v -8.2 5.1 0.1
v -8.2 5.2 9.7
v -8.2 5.2 7.3
v -8.2 5.2 3
v -8.2 5.2 0.400001
v -8.2 5.2 0.200001
v -8.2 5.2 0.1
v -8.2 9.3 0.1
v -8.2 9.3 0
v -8.2 9.4 0.1
v -8.2 9.4 0
v -8.1 2.2 0.8
v -8.1 2.2 0.5
v -8.1 2.3 0.8
v -8.1 2.3 0.5
v -8.1 10.9 0
v -8.1 10.9 -0.0999994
v -8.1 11 0
v -8.1 11 -0.0999994
v -8 2.6 1
v -8 2.6 0.5
v -8 2.7 1
v -8 2.7 0.5
v -7.9 3.1 0.6
v -7.9 3.1 0.400001
v -7.9 3.2 0.6
v -7.9 3.2 0.400001
v -7.8 3.5 0.8
v -7.8 3.5 0.400001
v -7.8 3.6 0.8
v -7.8 3.6 0.400001
v -7.6 4.4 0.6
v -7.6 4.4 0.400001
v -7.6 4.5 0.6
v -7.6 4.5 0.400001
v -7.5 4.8 0.8
v -7.5 4.8 0.400001
v -7.5 4.9 0.8
v -7.5 4.9 0.400001
v -7.3 1.4 0.6
v -7.3 1.4 0.5
v -7.3 1.5 0.6
v -7.3 1.5 0.5
v -7.2 3 0.5
v -7.2 3 0.400001
v -7.2 3.1 0.5
v -7.2 3.1 0.400001
v -6.8 9.4 0.1
v -6.8 9.4 0
v -6.8 9.5 0.1
v -6.8 9.5 0
v -6.7 11 0
v -6.7 11 -0.0999994
v -6.7 11.1 0
v -6.7 11.1 -0.0999994
v -6.5 5.2 12.8
v -6.5 5.2 0.400001
v -6.5 5.2 0.200001
v -6.5 5.2 0.1
v -6.5 6.9 12.8
v -6.5 6.9 6.5
v -6.5 6.9 5.5
v -6.5 6.9 0.400001
v -6.5 6.9 0.200001
v -6.5 6.9 0.1
v -6.4 1.1 0.400001
v -6.4 1.1 0.3
v -6.4 2.4 0.3
v -6.4 3.1 0.400001
v -6.4 4.7 0.400001
v -6.4 4.7 0.3
v -6.4 4.9 0.200001
v -6.4 4.9 0.1
v -6.4 5.1 0.200001
v -6.4 5.1 0.1
v -6.4 9.6 0.1
v -6.4 9.6 0
v -6.4 9.6 -12.6
v -6.4 9.6 -12.8
v -6.4 9.7 0.1
v -6.4 9.7 0
v -6.4 9.7 -12.6
v -6.4 9.7 -12.8
v -6.3 10 0.8
v -6.3 10 0
v -6.3 10 -12.6
v -6.3 10 -12.8
v -6.3 10.1 0.8
v -6.3 10.1 0.200001
v -6.3 10.2 0.200001
v -6.3 10.2 0
v -6.3 10.2 -12.6
v -6.3 10.2 -12.8
v -6.2 2.4 0.3
v -6.2 2.4 0.200001
v -6.2 4.7 0.3
v -6.2 6.3 0.3
v -6.2 6.3 0.200001
v -6.2 10.5 0.400001
v -6.2 10.5 0
v -6.2 10.5 -12.5
v -6.2 10.5 -12.8
v -6.2 10.6 0.400001
v -6.2 10.6 0
v -6.2 10.6 -12.5
v -6.2 10.6 -12.8
v -6.1 10.8 0.8
v -6.1 10.8 0
v -6.1 10.8 -12.5
v -6.1 10.8 -12.6
v -6.1 10.9 0.8
v -6.1 10.9 0.6
v -6.1 10.9 -12.4
v -6.1 10.9 -12.5
v -6.1 11 0.6
v -6.1 11 0
v -6.1 11 -12.4
v -6.1 11 -12.6
v -6 1.1 -2.3
v -6 1.1 -2.4
v -6 1.1 -8.2
v -6 1.1 -8.3
v -6 1.5 0.6
v -6 1.5 0.5
v -6 1.6 0.6
v -6 1.6 0.5
v -6 2.3 -2.3
v -6 2.3 -2.4
v -6 2.3 -8.2
v -6 2.3 -8.3
v -6 10.9 0.8
v -6 10.9 0.6
v -6 11 0.6
v -6 11 0
v -6 11 -12.4
v -6 11 -12.6
v -6 11.1 0
v -6 11.1 -0.0999994
v -6 11.4 0.8
v -6 11.4 0.200001
v -6 11.4 -12.3
v -6 11.4 -12.4
v -6 11.5 0.200001
v -6 11.5 -0.0999994
v -6 11.5 -12.3
v -6 11.5 -12.6
v -5.9 0.1 0.1
v -5.9 0.1 0
v -5.9 1.1 0.1
v -5.9 1.1 0
v -5.9 3.1 0.5
v -5.9 3.1 0.400001
v -5.9 3.2 0.5
v -5.9 3.2 0.400001
v -5.9 10.7 0.8
v -5.9 10.7 0
v -5.9 10.7 -12.5
v -5.9 10.7 -12.6
v -5.9 10.8 0.8
v -5.9 10.8 0
v -5.9 10.8 -12.5
v -5.9 10.8 -12.6
v -5.9 11.4 0.8
v -5.9 11.4 0.200001
v -5.9 11.5 0.200001
v -5.9 11.5 -0.0999994
v -5.9 11.5 -12.3
v -5.9 11.5 -12.6
v -5.9 11.8 0.8
v -5.9 11.8 0.400001
v -5.9 11.9 1
v -5.9 11.9 0.400001
v -5.9 11.9 0.1
v -5.9 11.9 0
v -5.9 11.9 -0.0999994
v -5.9 11.9 -12.3
v -5.9 11.9 -12.6
v -5.9 12 0.1
v -5.9 12 0
v -5.9 12.1 1
v -5.9 12.1 0.900001
v -5.9 12.4 0.900001
v -5.9 12.4 0.8
v -5.9 12.8 0.8
v -5.9 12.8 0
v -5.8 4.7 0.400001
v -5.8 4.7 0.3
v -5.8 4.8 0.400001
v -5.8 4.8 0.3
v -5.8 11.7 0.900001
v -5.8 11.7 0.8
v -5.8 11.8 0.8
v -5.8 11.8 0.400001
v -5.8 11.9 5
v -5.8 11.9 1
v -5.8 11.9 0.900001
v -5.8 11.9 0.400001
v -5.8 12.1 1
v -5.8 12.1 0.900001
v -5.8 12.2 5
v -5.8 12.2 4.9
v -5.8 12.4 0.900001
v -5.8 12.4 0.8
v -5.8 12.6 4.9
v -5.8 12.6 4.8
v -5.8 12.6 0.900001
v -5.8 12.6 0.8
v -5.8 12.8 4.8
v -5.8 12.8 0.900001
v -5.7 6.3 0.3
v -5.7 6.3 0.200001
v -5.7 6.4 0.3
v -5.7 6.4 0.200001
v -5.7 9.2 1
v -5.7 9.2 0.1
v -5.7 9.5 0.1
v -5.7 9.5 0
v -5.7 9.8 1.1
v -5.7 9.8 1
v -5.7 10.1 1
v -5.7 10.1 0
v -5.7 10.6 0.8
v -5.7 10.6 0
v -5.7 10.6 -12.5
v -5.7 10.6 -12.6
v -5.7 10.7 1.1
v -5.7 10.7 1
v -5.7 10.7 0.8
v -5.7 10.7 0
v -5.7 10.7 -12.5
v -5.7 10.7 -12.6
v -5.7 11.1 2.3
v -5.7 11.1 2.1
v -5.7 11.2 2.4
v -5.7 11.2 2.3
v -5.7 11.2 2.1
v -5.7 11.2 1.9
v -5.7 11.3 1.9
v -5.7 11.3 1.6
v -5.7 11.4 1.6
v -5.7 11.4 1.4
v -5.7 11.5 1.4
v -5.7 11.5 1.1
v -5.7 11.6 5.9
v -5.7 11.6 5.7
v -5.7 11.7 5.9
v -5.7 11.7 5.8
v -5.7 11.7 5.7
v -5.7 11.7 5.5
v -5.7 11.7 2.5
v -5.7 11.7 2.4
v -5.7 11.8 5.5
v -5.7 11.8 5.2
v -5.7 11.9 9
v -5.7 11.9 5.8
v -5.7 11.9 5.2
v -5.7 11.9 5
v -5.7 11.9 2.5
v -5.7 11.9 1.1
v -5.7 12.2 5
v -5.7 12.2 4.9
v -5.7 12.2 0.700001
v -5.7 12.2 0.6
v -5.7 12.3 9
v -5.7 12.3 8.9
v -5.7 12.3 0.6
v -5.7 12.3 0
v -5.7 12.5 5.9
v -5.7 12.5 5.7
v -5.7 12.6 5.9
v -5.7 12.6 5.8
v -5.7 12.6 5.7
v -5.7 12.6 5.5
v -5.7 12.6 4.9
v -5.7 12.6 4.8
v -5.7 12.6 0.8
v -5.7 12.6 0.700001
v -5.7 12.7 8.9
v -5.7 12.7 8.8
v -5.7 12.7 5.5
v -5.7 12.7 5.2
v -5.7 12.7 0.8
v -5.7 12.7 0.200001
v -5.7 12.8 8.8
v -5.7 12.8 5.8
v -5.7 12.8 5.2
v -5.7 12.8 4.8
v -5.7 12.8 0.200001
v -5.7 12.8 0
v -5.6 1.1 -2.4
v -5.6 1.1 -2.5
v -5.6 1.1 -8.1
v -5.6 1.1 -8.2
v -5.6 2.3 -2.4
v -5.6 2.3 -2.5
v -5.6 2.3 -8.1
v -5.6 2.3 -8.2
v -5.6 3.8 12.8
v -5.6 3.8 0.400001
v -5.6 4.8 0.400001
v -5.6 4.8 0.3
v -5.6 6.4 0.3
v -5.6 6.4 0.200001
v -5.6 7.3 7
v -5.6 7.3 6.8
v -5.6 7.4 10.2
v -5.6 7.4 7.1
v -5.6 7.4 5.3
v -5.6 7.4 1.7
v -5.6 7.9 0.200001
v -5.6 7.9 0.1
v -5.6 9.2 1
v -5.6 9.2 0.1
v -5.6 9.8 1.1
v -5.6 9.8 1
v -5.6 10.1 10.2
v -5.6 10.1 7.1
v -5.6 10.1 5.3
v -5.6 10.1 1.7
v -5.6 10.1 1
v -5.6 10.1 0
v -5.6 10.2 7
v -5.6 10.2 6.8
v -5.6 10.3 -12.5
v -5.6 10.3 -12.6
v -5.6 10.6 0.8
v -5.6 10.6 0
v -5.6 10.6 -12.5
v -5.6 10.6 -12.6
v -5.6 10.7 1.1
v -5.6 10.7 1
v -5.6 11.1 2.3
v -5.6 11.1 2.1
v -5.6 11.2 2.4
v -5.6 11.2 2.3
v -5.6 11.2 2.1
v -5.6 11.2 1.9
v -5.6 11.3 1.9
v -5.6 11.3 1.6
v -5.6 11.4 1.6
v -5.6 11.4 1.4
v -5.6 11.5 1.4
v -5.6 11.5 1.1
v -5.6 11.6 5.9
v -5.6 11.6 5.7
v -5.6 11.7 5.9
v -5.6 11.7 5.8
v -5.6 11.7 5.7
v -5.6 11.7 5.5
v -5.6 11.7 2.5
v -5.6 11.7 2.4
v -5.6 11.8 5.5
v -5.6 11.8 5.2
v -5.6 11.9 9
v -5.6 11.9 5.8
v -5.6 11.9 5.2
v -5.6 11.9 2.5
v -5.6 12 2.3
v -5.6 12 2.1
v -5.6 12.1 2.4
v -5.6 12.1 2.3
v -5.6 12.1 2.1
v -5.6 12.1 1.9
v -5.6 12.2 1.9
v -5.6 12.2 1.6
v -5.6 12.3 9
v -5.6 12.3 8.9
v -5.6 12.3 1.6
v -5.6 12.3 1.4
v -5.6 12.4 1.4
v -5.6 12.4 1.1
v -5.6 12.5 5.9
v -5.6 12.5 5.7
v -5.6 12.6 5.9
v -5.6 12.6 5.8
v -5.6 12.6 5.7
v -5.6 12.6 5.5
v -5.6 12.6 2.5
v -5.6 12.6 2.4
v -5.6 12.7 8.9
v -5.6 12.7 8.8
v -5.6 12.7 5.5
v -5.6 12.7 5.2
v -5.6 12.7 0.8
v -5.6 12.7 0.200001
v -5.6 12.8 12.8
v -5.6 12.8 8.8
v -5.6 12.8 5.8
v -5.6 12.8 5.2
v -5.6 12.8 2.5
v -5.6 12.8 0.200001
v -5.4 1.1 -2.5
v -5.4 1.1 -2.6
v -5.4 1.1 -8
v -5.4 1.1 -8.1
v -5.4 2.3 -2.5
v -5.4 2.3 -2.6
v -5.4 2.3 -8
v -5.4 2.3 -8.1
v -5.2 1.1 -2.6
v -5.2 1.1 -2.7
v -5.2 1.1 -7.9
v -5.2 1.1 -8
v -5.2 2.3 -2.6
v -5.2 2.3 -2.7
v -5.2 2.3 -7.9
v -5.2 2.3 -8
v -5 1.1 -2.7
v -5 1.1 -2.8
v -5 1.1 -7.8
v -5 1.1 -7.9
v -5 2.3 -2.7
v -5 2.3 -2.8
v -5 2.3 -7.8
v -5 2.3 -7.9
v -4.8 1.1 -2.8
v -4.8 1.1 -2.9
v -4.8 1.1 -7.7
v -4.8 1.1 -7.8
v -4.8 2.3 -2.8
v -4.8 2.3 -2.9
v -4.8 2.3 -7.7
v -4.8 2.3 -7.8
v -4.7 1.1 -2.9
v -4.7 1.1 -3
v -4.7 1.1 -7.6
v -4.7 1.1 -7.7
v -4.7 2.3 -2.9
v -4.7 2.3 -3
v -4.7 2.3 -7.6
v -4.7 2.3 -7.7
v -4.6 1.1 -3
v -4.6 1.1 -3.1
v -4.6 1.1 -7.5
v -4.6 1.1 -7.6
v -4.6 1.6 0.6
v -4.6 1.6 0.5
v -4.6 1.7 0.6
v -4.6 1.7 0.5
v -4.6 2.3 -3
v -4.6 2.3 -3.1
v -4.6 2.3 -7.5
v -4.6 2.3 -7.6
v -4.6 12.2 12.8
v -4.6 12.2 0.1
v -4.6 12.3 12.8
v -4.6 12.3 0.1
v -4.5 1.1 -3.1
v -4.5 1.1 -3.2
v -4.5 1.1 -7.4
v -4.5 1.1 -7.5
v -4.5 2.3 -3.1
v -4.5 2.3 -3.2
v -4.5 2.3 -7.4
v -4.5 2.3 -7.5
v -4.5 3.2 0.5
v -4.5 3.2 0.400001
v -4.5 3.3 0.5
v -4.5 3.3 0.400001
v -4.5 12.3 12.8
v -4.5 12.3 0.1
v -4.5 12.4 12.8
v -4.5 12.4 0.1
v -4.4 1.1 -3.2
v -4.4 1.1 -3.3
v -4.4 1.1 -7.3
v -4.4 1.1 -7.4
v -4.4 2.3 -3.2
v -4.4 2.3 -3.3
v -4.4 2.3 -7.3
v -4.4 2.3 -7.4
v -4.4 12.4 12.8
v -4.4 12.4 0.1
v -4.4 12.8 12.8
v -4.4 12.8 0.1
v -4.3 1.1 -3.3
v -4.3 1.1 -3.4
v -4.3 1.1 -7.2
v -4.3 1.1 -7.3
v -4.3 2.3 -3.3
v -4.3 2.3 -3.4
v -4.3 2.3 -7.2
v -4.3 2.3 -7.3
v -4.2 1.1 -3.4
v -4.2 1.1 -3.5
v -4.2 1.1 -7.1
v -4.2 1.1 -7.2
v -4.2 2.3 -3.4
v -4.2 2.3 -3.5
v -4.2 2.3 -7.1
v -4.2 2.3 -7.2
v -4.1 1.1 -3.5
v -4.1 1.1 -3.7
v -4.1 1.1 -6.9
v -4.1 1.1 -7.1
v -4.1 2.3 -3.5
v -4.1 2.3 -3.7
v -4.1 2.3 -6.9
v -4.1 2.3 -7.1
v -4 1.1 -3.7
v -4 1.1 -3.9
v -4 1.1 -6.7
v -4 1.1 -6.9
v -4 2.3 -3.7
v -4 2.3 -3.9
v -4 2.3 -6.7
v -4 2.3 -6.9
v -3.9 1.1 -3.9
v -3.9 1.1 -4.1
v -3.9 1.1 -6.5
v -3.9 1.1 -6.7
v -3.9 2.3 -3.9
v -3.9 2.3 -4.1
v -3.9 2.3 -6.5
v -3.9 2.3 -6.7
v -3.8 1.1 -4.1
v -3.8 1.1 -4.3
v -3.8 1.1 -6.3
v -3.8 1.1 -6.5
v -3.8 2.3 -4.1
v -3.8 2.3 -4.3
v -3.8 2.3 -6.3
v -3.8 2.3 -6.5
v -3.7 1.1 -4.3
v -3.7 1.1 -4.7
v -3.7 1.1 -5.9
v -3.7 1.1 -6.3
v -3.7 2.3 -4.3
v -3.7 2.3 -4.7
v -3.7 2.3 -5.9
v -3.7 2.3 -6.3
v -3.6 1.1 -4.7
v -3.6 1.1 -5.9
v -3.6 2.3 -4.7
v -3.6 2.3 -5.9
v -3.3 1.7 0.6
v -3.3 1.7 0.5
v -3.3 1.8 0.6
v -3.3 1.8 0.5
v -3.2 3.3 0.5
v -3.2 3.3 0.400001
v -3.2 3.4 0.5
v -3.2 3.4 0.400001
v -2.6 1.1 12.8
v -2.6 1.1 0.6
v -2.6 1.8 0.6
v -2.6 1.8 0.5
v -2.6 3.4 0.5
v -2.6 3.4 0.400001
v -2.6 3.8 12.8
v -2.6 3.8 0.400001
v -1.3 0.6 7.6
v -1.3 0.6 7.5
v -1.3 1.1 7.6
v -1.3 1.1 7.5
v 6.2 1.3 12.8
v 6.2 1.3 -12.6
v 6.2 1.4 12.8
v 6.2 1.4 -12.6
v 6.3 1.2 12.8
v 6.3 1.2 -12.6
v 6.3 1.3 12.8
v 6.3 1.3 -12.6
v 6.4 0.9 12.8
v 6.4 0.9 -12.6
v 6.4 1.2 12.8
v 6.4 1.2 -12.6
v 9.8 1.4 12.8
v 9.8 1.4 -12.6
v 9.8 1.5 12.8
v 9.8 1.5 -12.6
v 9.9 1.3 12.8
v 9.9 1.3 -12.6
v 9.9 1.4 12.8
v 9.9 1.4 -12.6
v 10 0.9 12.8
v 10 0.9 -12.6
v 10 1.3 12.8
v 10 1.3 -12.6
v 12.1 7.1 12.8
v 12.1 7.1 -12.6
v 12.1 7.2 12.8
v 12.1 7.2 -12.6
v 12.4 12.2 12.8
v 12.4 12.2 0
v 12.4 12.3 12.8
v 12.4 12.3 0
v 12.5 12.3 12.8
v 12.5 12.3 0
v 12.5 12.4 12.8
v 12.5 12.4 0
v 12.6 0 0
v 12.6 0 -12.8
v 12.6 0.1 0
v 12.6 0.1 -12.8
v 12.6 6.8 0.700001
v 12.6 6.8 0.1
v 12.6 7.1 0.700001
v 12.6 7.1 0.1
v 12.6 12.4 0.6
v 12.6 12.4 0.1
v 12.6 12.8 0.6
v 12.6 12.8 0.1
v 12.8 0 12.8
v 12.8 0 -12.8
v 12.8 12.8 12.8
v 12.8 12.8 -12.8
v -12.8 0 12.8
v -12.8 1.1 12.8
v -12.7 1.1 12.8
v -12.7 4.9 12.8
v -12.7 5.1 12.8
v -12.7 11.9 12.8
v -12.7 12.8 12.8
v -8.2 5.2 12.8
v -8.2 6.9 12.8
v -6.5 5.2 12.8
v -6.5 6.9 12.8
v -6.4 4.9 12.8
v -6.4 5.1 12.8
v -6.4 11.9 12.8
v -5.6 3.8 12.8
v -5.6 12.8 12.8
v -5.2 12.4 12.8
v -5.2 12.8 12.8
v -5.1 12.3 12.8
v -5.1 12.4 12.8
v -5 12.2 12.8
v -5 12.3 12.8
v -4.6 12.2 12.8
v -4.6 12.3 12.8
v -4.5 12.3 12.8
v -4.5 12.4 12.8
v -4.4 12.4 12.8
v -4.4 12.8 12.8
v -2.6 1.1 12.8
v -2.6 3.8 12.8
v 5.6 0.9 12.8
v 5.6 1.1 12.8
v 5.6 1.2 12.8
v 5.7 1.2 12.8
v 5.7 1.3 12.8
v 5.8 1.3 12.8
v 5.8 1.4 12.8
v 6.2 1.3 12.8
v 6.2 1.4 12.8
v 6.3 1.2 12.8
v 6.3 1.3 12.8
v 6.4 0.9 12.8
v 6.4 1.2 12.8
v 9.2 0.9 12.8
v 9.2 1.3 12.8
v 9.3 1.3 12.8
v 9.3 1.4 12.8
v 9.4 1.4 12.8
v 9.4 1.5 12.8
v 9.8 1.4 12.8
v 9.8 1.5 12.8
v 9.9 1.3 12.8
v 9.9 1.4 12.8
v 10 0.9 12.8
v 10 1.3 12.8
v 11.8 12.4 12.8
v 11.8 12.8 12.8
v 11.9 12.3 12.8
v 11.9 12.4 12.8
v 12 7.1 12.8
v 12 7.2 12.8
v 12 12.2 12.8
v 12 12.3 12.8
v 12.1 7 12.8
v 12.1 7.1 12.8
v 12.1 7.2 12.8
v 12.2 6.8 12.8
v 12.2 7 12.8
v 12.4 12.2 12.8
v 12.4 12.3 12.8
v 12.5 12.3 12.8
v 12.5 12.4 12.8
v 12.6 0 12.8
v 12.6 0.1 12.8
v 12.6 0.9 12.8
v 12.6 6.8 12.8
v 12.6 7.1 12.8
v 12.6 12.4 12.8
v 12.6 12.8 12.8
v 12.7 0 12.8
v 12.7 0.1 12.8
v 12.8 0 12.8
v 12.8 12.8 12.8
v -8.3 5.1 9.7
v -8.3 6.4 9.7
v -8.2 5.1 9.7
v -8.2 5.2 9.7
v -8.2 6.4 9.7
v -1.3 0.6 7.5
v -1.3 1.1 7.5
v -1.2 0.6 7.5
v -1.2 1.1 7.5
v -6 7.3 7.1
v -6 10.1 7.1
v -5.8 7.3 7.1
v -5.8 7.4 7.1
v -5.6 7.4 7.1
v -5.6 10.1 7.1
v -6.4 7.3 6.8
v -6.4 10.2 6.8
v -5.6 7.3 6.8
v -5.6 10.2 6.8
v -6.9 6.9 6.5
v -6.9 11.9 6.5
v -6.5 6.9 6.5
v -6.4 6.9 6.5
v -6.4 11.9 6.5
v -7 6.9 6.4
v -7 11.9 6.4
v -6.9 6.9 6.4
v -6.9 11.9 6.4
v -7.1 6.9 6.3
v -7.1 11.9 6.3
v -7 6.9 6.3
v -7 11.9 6.3
v -5.7 12.5 5.9
v -5.7 12.6 5.9
v -5.6 12.5 5.9
v -5.6 12.6 5.9
v -5.7 12.6 5.8
v -5.7 12.8 5.8
v -5.6 12.6 5.8
v -5.6 12.8 5.8
v -5.7 11.6 5.7
v -5.7 11.7 5.7
v -5.6 11.6 5.7
v -5.6 11.7 5.7
v -5.7 11.7 5.5
v -5.7 11.8 5.5
v -5.6 11.7 5.5
v -5.6 11.8 5.5
v -5.7 11.8 5.2
v -5.7 11.9 5.2
v -5.6 11.8 5.2
v -5.6 11.9 5.2
v -8.3 5.1 3
v -8.3 6.3 3
v -8.2 5.1 3
v -8.2 5.2 3
v -8.2 6.3 3
v -5.7 12.6 2.5
v -5.7 12.8 2.5
v -5.6 12.6 2.5
v -5.6 12.8 2.5
v -5.7 12.1 2.4
v -5.7 12.6 2.4
v -5.6 12.1 2.4
v -5.6 12.6 2.4
v -5.7 12 2.3
v -5.7 12.1 2.3
v -5.6 12 2.3
v -5.6 12.1 2.3
v -5.7 11.1 2.1
v -5.7 11.2 2.1
v -5.6 11.1 2.1
v -5.6 11.2 2.1
v -5.7 11.2 1.9
v -5.7 11.3 1.9
v -5.6 11.2 1.9
v -5.6 11.3 1.9
v -6.4 7.3 1.7
v -6.4 10.1 1.7
v -5.8 7.3 1.7
v -5.8 7.4 1.7
v -5.6 7.4 1.7
v -5.6 10.1 1.7
v -5.7 11.3 1.6
v -5.7 11.4 1.6
v -5.6 11.3 1.6
v -5.6 11.4 1.6
v -5.7 11.4 1.4
v -5.7 11.5 1.4
v -5.6 11.4 1.4
v -5.6 11.5 1.4
v -5.7 11.5 1.1
v -5.7 11.9 1.1
v -5.7 12.4 1.1
v -5.6 11.5 1.1
v -5.6 12.4 1.1
v -12.8 1.1 1
v -12.8 10.7 1
v -12.7 1.1 1
v -12.7 4.9 1
v -12.7 5.1 1
v -12.7 10.7 1
v -5.7 10.1 1
v -5.7 10.7 1
v -5.6 10.1 1
v -5.6 10.7 1
v -5.8 12.6 0.900001
v -5.8 12.8 0.900001
v -5.7 12.6 0.900001
v -5.7 12.8 0.900001
v -5.8 12.2 0.700001
v -5.8 12.6 0.700001
v -5.7 12.2 0.700001
v -5.7 12.6 0.700001
v -12.7 1.1 0.400001
v -12.7 2.6 0.400001
v -12.7 5.1 0.400001
v -12.7 7.3 0.400001
v -12.6 2.6 0.400001
v -12.6 2.7 0.400001
v -11.2 2.7 0.400001
v -11.2 2.8 0.400001
v -9.9 2.8 0.400001
v -9.9 2.9 0.400001
v -8.5 2.9 0.400001
v -8.5 3 0.400001
v -8.3 5.1 0.400001
v -8.3 6.3 0.400001
v -8.2 5.1 0.400001
v -8.2 5.2 0.400001
v -8.2 6.3 0.400001
v -8.2 6.9 0.400001
v -7.9 3.1 0.400001
v -7.9 3.2 0.400001
v -7.8 3.1 0.400001
v -7.8 3.2 0.400001
v -7.8 3.5 0.400001
v -7.8 3.6 0.400001
v -7.7 3.5 0.400001
v -7.7 3.6 0.400001
v -7.6 4.4 0.400001
v -7.6 4.5 0.400001
v -7.5 4.4 0.400001
v -7.5 4.5 0.400001
v -7.5 4.8 0.400001
v -7.5 4.9 0.400001
v -7.4 4.8 0.400001
v -7.4 4.9 0.400001
v -7.2 3 0.400001
v -7.2 3.1 0.400001
v -6.5 5.2 0.400001
v -6.5 6.9 0.400001
v -6.4 1.1 0.400001
v -6.4 3.1 0.400001
v -6.4 5.1 0.400001
v -6.4 7.3 0.400001
v -12.7 7.3 0.3
v -12.7 10 0.3
v -6.4 2.4 0.3
v -6.4 4.7 0.3
v -6.4 7.3 0.3
v -6.4 9.6 0.3
v -6.4 9.7 0.3
v -6.4 10 0.3
v -6.3 9.6 0.3
v -6.3 9.7 0.3
v -6.2 2.4 0.3
v -6.2 4.7 0.3
v -12.8 10.7 0.200001
v -12.8 12.8 0.200001
v -12.7 10.7 0.200001
v -12.7 11.9 0.200001
v -12.7 12.8 0.200001
v -12.7 9 0.1
v -12.7 11.9 0.1
v -12.2 9 0.1
v -12.2 9.1 0.1
v -10.9 9.1 0.1
v -10.9 9.2 0.1
v -9.5 9.2 0.1
v -9.5 9.3 0.1
v -8.2 9.3 0.1
v -8.2 9.4 0.1
v -6.8 9.4 0.1
v -6.8 9.5 0.1
v -6.4 9.5 0.1
v -6.4 9.6 0.1
v -6.4 9.7 0.1
v -6.4 11.9 0.1
v 12.6 2.1 0.1
v 12.6 6.8 0.1
v 12.6 7.1 0.1
v 12.6 12.4 0.1
v 12.6 12.8 0.1
v 12.7 2.1 0.1
v 12.7 12.8 0.1
v -5.9 0.1 0
v -5.9 1.1 0
v -2.4 0.1 0
v -2.4 1.1 0
v 12.4 2.1 0
v 12.4 6.8 0
v 12.4 7.1 0
v 12.4 12.2 0
v 12.4 12.3 0
v 12.5 12.3 0
v 12.5 12.4 0
v 12.6 2.1 0
v 12.6 6.8 0
v 12.6 7.1 0
v 12.6 12.4 0
v -7.2 1.1 -2.3
v -7.2 2.3 -2.3
v -6 1.1 -2.3
v -6 2.3 -2.3
v -7.6 1.1 -2.4
v -7.6 2.3 -2.4
v -7.2 1.1 -2.4
v -7.2 2.3 -2.4
v -6 1.1 -2.4
v -6 2.3 -2.4
v -5.6 1.1 -2.4
v -5.6 2.3 -2.4
v -7.8 1.1 -2.5
v -7.8 2.3 -2.5
v -7.6 1.1 -2.5
v -7.6 2.3 -2.5
v -5.6 1.1 -2.5
v -5.6 2.3 -2.5
v -5.4 1.1 -2.5
v -5.4 2.3 -2.5
v -8 1.1 -2.6
v -8 2.3 -2.6
v -7.8 1.1 -2.6
v -7.8 2.3 -2.6
v -5.4 1.1 -2.6
v -5.4 2.3 -2.6
v -5.2 1.1 -2.6
v -5.2 2.3 -2.6
v -8.2 1.1 -2.7
v -8.2 2.3 -2.7
v -8 1.1 -2.7
v -8 2.3 -2.7
v -5.2 1.1 -2.7
v -5.2 2.3 -2.7
v -5 1.1 -2.7
v -5 2.3 -2.7
v -8.4 1.1 -2.8
v -8.4 2.3 -2.8
v -8.2 1.1 -2.8
v -8.2 2.3 -2.8
v -5 1.1 -2.8
v -5 2.3 -2.8
v -4.8 1.1 -2.8
v -4.8 2.3 -2.8
v -8.5 1.1 -2.9
v -8.5 2.3 -2.9
v -8.4 1.1 -2.9
v -8.4 2.3 -2.9
v -4.8 1.1 -2.9
v -4.8 2.3 -2.9
v -4.7 1.1 -2.9
v -4.7 2.3 -2.9
v -8.6 1.1 -3
v -8.6 2.3 -3
v -8.5 1.1 -3
v -8.5 2.3 -3
v -4.7 1.1 -3
v -4.7 2.3 -3
v -4.6 1.1 -3
v -4.6 2.3 -3
v -8.7 1.1 -3.1
v -8.7 2.3 -3.1
v -8.6 1.1 -3.1
v -8.6 2.3 -3.1
v -4.6 1.1 -3.1
v -4.6 2.3 -3.1
v -4.5 1.1 -3.1
v -4.5 2.3 -3.1
v -8.8 1.1 -3.2
v -8.8 2.3 -3.2
v -8.7 1.1 -3.2
v -8.7 2.3 -3.2
v -4.5 1.1 -3.2
v -4.5 2.3 -3.2
v -4.4 1.1 -3.2
v -4.4 2.3 -3.2
v -8.9 1.1 -3.3
v -8.9 2.3 -3.3
v -8.8 1.1 -3.3
v -8.8 2.3 -3.3
v -4.4 1.1 -3.3
v -4.4 2.3 -3.3
v -4.3 1.1 -3.3
v -4.3 2.3 -3.3
v -9 1.1 -3.4
v -9 2.3 -3.4
v -8.9 1.1 -3.4
v -8.9 2.3 -3.4
v -4.3 1.1 -3.4
v -4.3 2.3 -3.4
v -4.2 1.1 -3.4
v -4.2 2.3 -3.4
v -9.1 1.1 -3.5
v -9.1 2.3 -3.5
v -9 1.1 -3.5
v -9 2.3 -3.5
v -4.2 1.1 -3.5
v -4.2 2.3 -3.5
v -4.1 1.1 -3.5
v -4.1 2.3 -3.5
v -9.2 1.1 -3.7
v -9.2 2.3 -3.7
v -9.1 1.1 -3.7
v -9.1 2.3 -3.7
v -4.1 1.1 -3.7
v -4.1 2.3 -3.7
v -4 1.1 -3.7
v -4 2.3 -3.7
v -9.3 1.1 -3.9
v -9.3 2.3 -3.9
v -9.2 1.1 -3.9
v -9.2 2.3 -3.9
v -4 1.1 -3.9
v -4 2.3 -3.9
v -3.9 1.1 -3.9
v -3.9 2.3 -3.9
v -9.4 1.1 -4.1
v -9.4 2.3 -4.1
v -9.3 1.1 -4.1
v -9.3 2.3 -4.1
v -3.9 1.1 -4.1
v -3.9 2.3 -4.1
v -3.8 1.1 -4.1
v -3.8 2.3 -4.1
v -9.5 1.1 -4.3
v -9.5 2.3 -4.3
v -9.4 1.1 -4.3
v -9.4 2.3 -4.3
v -3.8 1.1 -4.3
v -3.8 2.3 -4.3
v -3.7 1.1 -4.3
v -3.7 2.3 -4.3
v -9.6 1.1 -4.7
v -9.6 2.3 -4.7
v -9.5 1.1 -4.7
v -9.5 2.3 -4.7
v -3.7 1.1 -4.7
v -3.7 2.3 -4.7
v -3.6 1.1 -4.7
v -3.6 2.3 -4.7
v -8.5 11.8 -12.3
v -8.5 11.9 -12.3
v -7.9 11.7 -12.3
v -7.9 11.8 -12.3
v -7.4 11.6 -12.3
v -7.4 11.7 -12.3
v -6.9 11.5 -12.3
v -6.9 11.6 -12.3
v -6.3 11.4 -12.3
v -6.3 11.5 -12.3
v -6 11.4 -12.3
v -6 11.5 -12.3
v -5.9 11.5 -12.3
v -5.9 11.9 -12.3
v -11.1 11.8 -12.4
v -11.1 11.9 -12.4
v -10.6 11.7 -12.4
v -10.6 11.8 -12.4
v -10 11.6 -12.4
v -10 11.7 -12.4
v -9.5 11.5 -12.4
v -9.5 11.6 -12.4
v -9 11.4 -12.4
v -9 11.5 -12.4
v -8.5 11.8 -12.4
v -8.5 11.9 -12.4
v -8.4 11.3 -12.4
v -8.4 11.4 -12.4
v -7.9 11.2 -12.4
v -7.9 11.3 -12.4
v -7.9 11.7 -12.4
v -7.9 11.8 -12.4
v -7.4 11.1 -12.4
v -7.4 11.2 -12.4
v -7.4 11.6 -12.4
v -7.4 11.7 -12.4
v -6.9 11.5 -12.4
v -6.9 11.6 -12.4
v -6.8 11 -12.4
v -6.8 11.1 -12.4
v -6.3 10.9 -12.4
v -6.3 11 -12.4
v -6.3 11.4 -12.4
v -6.3 11.5 -12.4
v -6.1 10.9 -12.4
v -6.1 11 -12.4
v -6 11 -12.4
v -6 11.4 -12.4
v -12.7 11.6 -12.5
v -12.7 11.9 -12.5
v -12.2 11.5 -12.5
v -12.2 11.6 -12.5
v -11.6 11.4 -12.5
v -11.6 11.5 -12.5
v -11.1 11.3 -12.5
v -11.1 11.4 -12.5
v -11.1 11.8 -12.5
v -11.1 11.9 -12.5
v -10.6 11.2 -12.5
v -10.6 11.3 -12.5
v -10.6 11.7 -12.5
v -10.6 11.8 -12.5
v -10 11.1 -12.5
v -10 11.2 -12.5
v -10 11.6 -12.5
v -10 11.7 -12.5
v -9.5 11 -12.5
v -9.5 11.1 -12.5
v -9.5 11.5 -12.5
v -9.5 11.6 -12.5
v -9 10.9 -12.5
v -9 11 -12.5
v -9 11.4 -12.5
v -9 11.5 -12.5
v -8.4 10.8 -12.5
v -8.4 10.9 -12.5
v -8.4 11.3 -12.5
v -8.4 11.4 -12.5
v -7.9 10.7 -12.5
v -7.9 10.8 -12.5
v -7.9 11.2 -12.5
v -7.9 11.3 -12.5
v -7.4 10.6 -12.5
v -7.4 10.7 -12.5
v -7.4 11.1 -12.5
v -7.4 11.2 -12.5
v -6.8 10.5 -12.5
v -6.8 10.6 -12.5
v -6.8 11 -12.5
v -6.8 11.1 -12.5
v -6.3 10.4 -12.5
v -6.3 10.5 -12.5
v -6.3 10.9 -12.5
v -6.3 11 -12.5
v -6.2 10.5 -12.5
v -6.2 10.6 -12.5
v -6.1 10.5 -12.5
v -6.1 10.6 -12.5
v -6.1 10.8 -12.5
v -6.1 10.9 -12.5
v -5.9 10.7 -12.5
v -5.9 10.8 -12.5
v -5.8 10.3 -12.5
v -5.8 10.4 -12.5
v -5.7 10.6 -12.5
v -5.7 10.7 -12.5
v -5.6 10.3 -12.5
v -5.6 10.6 -12.5
v -12.7 1.1 -12.6
v -12.7 11.6 -12.6
v -12.7 11.9 -12.6
v -12.7 12.8 -12.6
v -12.2 11.5 -12.6
v -12.2 11.6 -12.6
v -11.6 11.4 -12.6
v -11.6 11.5 -12.6
v -11.1 11.3 -12.6
v -11.1 11.4 -12.6
v -10.6 11.2 -12.6
v -10.6 11.3 -12.6
v -10 11.1 -12.6
v -10 11.2 -12.6
v -9.5 11 -12.6
v -9.5 11.1 -12.6
v -9 10.9 -12.6
v -9 11 -12.6
v -8.4 10.8 -12.6
v -8.4 10.9 -12.6
v -7.9 10.7 -12.6
v -7.9 10.8 -12.6
v -7.4 10.6 -12.6
v -7.4 10.7 -12.6
v -6.8 10.5 -12.6
v -6.8 10.6 -12.6
v -6.4 9.6 -12.6
v -6.4 9.7 -12.6
v -6.3 9.6 -12.6
v -6.3 9.7 -12.6
v -6.3 10 -12.6
v -6.3 10.2 -12.6
v -6.3 10.4 -12.6
v -6.3 10.5 -12.6
v -6.2 10 -12.6
v -6.2 10.2 -12.6
v -6.1 10.8 -12.6
v -6.1 11 -12.6
v -6 11 -12.6
v -6 11.5 -12.6
v -5.9 10.7 -12.6
v -5.9 10.8 -12.6
v -5.9 11.5 -12.6
v -5.9 11.9 -12.6
v -5.8 10.3 -12.6
v -5.8 10.4 -12.6
v -5.7 10.6 -12.6
v -5.7 10.7 -12.6
v -5.6 10.3 -12.6
v -5.6 10.6 -12.6
v 5.6 1.1 -12.6
v 5.6 1.2 -12.6
v 5.7 1.2 -12.6
v 5.7 1.3 -12.6
v 5.8 1.3 -12.6
v 5.8 1.4 -12.6
v 6.2 1.3 -12.6
v 6.2 1.4 -12.6
v 6.3 1.2 -12.6
v 6.3 1.3 -12.6
v 6.4 0.9 -12.6
v 6.4 1.2 -12.6
v 9.2 0.9 -12.6
v 9.2 1.3 -12.6
v 9.3 1.3 -12.6
v 9.3 1.4 -12.6
v 9.4 1.4 -12.6
v 9.4 1.5 -12.6
v 9.8 1.4 -12.6
v 9.8 1.5 -12.6
v 9.9 1.3 -12.6
v 9.9 1.4 -12.6
v 10 0.9 -12.6
v 10 1.3 -12.6
v 11.8 12.4 -12.6
v 11.8 12.8 -12.6
v 11.9 12.3 -12.6
v 11.9 12.4 -12.6
v 12 7.1 -12.6
v 12 7.2 -12.6
v 12 12.2 -12.6
v 12 12.3 -12.6
v 12.1 7 -12.6
v 12.1 7.1 -12.6
v 12.1 7.2 -12.6
v 12.2 6.8 -12.6
v 12.2 7 -12.6
v 12.4 2.1 -12.6
v 12.4 6.8 -12.6
v 12.4 7.1 -12.6
v 12.4 12.2 -12.6
v 12.6 0.9 -12.6
v 12.6 2.1 -12.6
v -6.4 7.3 10.2
v -6.4 10.1 10.2
v -5.8 7.3 10.2
v -5.8 7.4 10.2
v -5.6 7.4 10.2
v -5.6 10.1 10.2
v -5.7 11.9 9
v -5.7 12.3 9
v -5.6 11.9 9
v -5.6 12.3 9
v -5.7 12.3 8.9
v -5.7 12.7 8.9
v -5.6 12.3 8.9
v -5.6 12.7 8.9
v -5.7 12.7 8.8
v -5.7 12.8 8.8
v -5.6 12.7 8.8
v -5.6 12.8 8.8
v -1.3 0.6 7.6
v -1.3 1.1 7.6
v -1.2 0.6 7.6
v -1.2 1.1 7.6
v -8.3 5.1 7.3
v -8.3 6.4 7.3
v -8.2 5.1 7.3
v -8.2 5.2 7.3
v -8.2 6.4 7.3
v -6.4 10.1 7.1
v -6.4 10.2 7.1
v -6 10.1 7.1
v -6 10.2 7.1
v -6 7.3 7
v -6 10.2 7
v -5.6 7.3 7
v -5.6 10.2 7
v -5.7 11.6 5.9
v -5.7 11.7 5.9
v -5.6 11.6 5.9
v -5.6 11.7 5.9
v -5.7 11.7 5.8
v -5.7 11.9 5.8
v -5.6 11.7 5.8
v -5.6 11.9 5.8
v -7.1 6.9 5.7
v -7.1 11.9 5.7
v -7 6.9 5.7
v -7 11.9 5.7
v -5.7 12.5 5.7
v -5.7 12.6 5.7
v -5.6 12.5 5.7
v -5.6 12.6 5.7
v -7 6.9 5.6
v -7 11.9 5.6
v -6.9 6.9 5.6
v -6.9 11.9 5.6
v -6.9 6.9 5.5
v -6.9 11.9 5.5
v -6.5 6.9 5.5
v -6.4 6.9 5.5
v -6.4 11.9 5.5
v -5.7 12.6 5.5
v -5.7 12.7 5.5
v -5.6 12.6 5.5
v -5.6 12.7 5.5
v -6.4 7.3 5.3
v -6.4 10.1 5.3
v -5.8 7.3 5.3
v -5.8 7.4 5.3
v -5.6 7.4 5.3
v -5.6 10.1 5.3
v -5.7 12.7 5.2
v -5.7 12.8 5.2
v -5.6 12.7 5.2
v -5.6 12.8 5.2
v -5.8 11.9 5
v -5.8 12.2 5
v -5.7 11.9 5
v -5.7 12.2 5
v -5.8 12.2 4.9
v -5.8 12.6 4.9
v -5.7 12.2 4.9
v -5.7 12.6 4.9
v -5.8 12.6 4.8
v -5.8 12.8 4.8
v -5.7 12.6 4.8
v -5.7 12.8 4.8
v -5.7 11.7 2.5
v -5.7 11.9 2.5
v -5.6 11.7 2.5
v -5.6 11.9 2.5
v -5.7 11.2 2.4
v -5.7 11.7 2.4
v -5.6 11.2 2.4
v -5.6 11.7 2.4
v -5.7 11.1 2.3
v -5.7 11.2 2.3
v -5.6 11.1 2.3
v -5.6 11.2 2.3
v -5.7 12 2.1
v -5.7 12.1 2.1
v -5.6 12 2.1
v -5.6 12.1 2.1
v -5.7 12.1 1.9
v -5.7 12.2 1.9
v -5.6 12.1 1.9
v -5.6 12.2 1.9
v -5.7 12.2 1.6
v -5.7 12.3 1.6
v -5.6 12.2 1.6
v -5.6 12.3 1.6
v -5.7 12.3 1.4
v -5.7 12.4 1.4
v -5.6 12.3 1.4
v -5.6 12.4 1.4
v -5.7 9.8 1.1
v -5.7 10.7 1.1
v -5.6 9.8 1.1
v -5.6 10.7 1.1
v -8.3 1.3 1
v -8.3 1.4 1
v -8.2 1.3 1
v -8.2 1.4 1
v -8 2.6 1
v -8 2.7 1
v -7.9 2.6 1
v -7.9 2.7 1
v -5.9 11.9 1
v -5.9 12.1 1
v -5.8 11.9 1
v -5.8 12.1 1
v -5.7 9.2 1
v -5.7 9.8 1
v -5.6 9.2 1
v -5.6 9.8 1
v -5.9 12.1 0.900001
v -5.9 12.4 0.900001
v -5.8 11.7 0.900001
v -5.8 11.9 0.900001
v -5.8 12.1 0.900001
v -5.8 12.4 0.900001
v -5.7 11.7 0.900001
v -5.7 11.9 0.900001
v -8.1 2.2 0.8
v -8.1 2.3 0.8
v -8 2.2 0.8
v -8 2.3 0.8
v -7.8 3.5 0.8
v -7.8 3.6 0.8
v -7.7 3.5 0.8
v -7.7 3.6 0.8
v -7.5 4.8 0.8
v -7.5 4.9 0.8
v -7.4 4.8 0.8
v -7.4 4.9 0.8
v -6.3 10 0.8
v -6.3 10.1 0.8
v -6.2 10 0.8
v -6.2 10.1 0.8
v -6.1 10.8 0.8
v -6.1 10.9 0.8
v -6 10.9 0.8
v -6 11.4 0.8
v -5.9 10.7 0.8
v -5.9 10.8 0.8
v -5.9 11.4 0.8
v -5.9 11.8 0.8
v -5.9 12.4 0.8
v -5.9 12.8 0.8
v -5.8 11.7 0.8
v -5.8 11.8 0.8
v -5.8 12.4 0.8
v -5.8 12.6 0.8
v -5.8 12.8 0.8
v -5.7 10.6 0.8
v -5.7 10.7 0.8
v -5.7 11.7 0.8
v -5.7 12.6 0.8
v -5.7 12.7 0.8
v -5.6 10.6 0.8
v -5.6 12.7 0.8
v 12.6 2.1 0.8
v 12.6 6.1 0.8
v 12.7 2.1 0.8
v 12.7 6.1 0.8
v 12.6 6.1 0.700001
v 12.6 6.8 0.700001
v 12.6 7.1 0.700001
v 12.6 10 0.700001
v 12.7 6.1 0.700001
v 12.7 10 0.700001
v -11.3 1.1 0.6
v -11.3 1.2 0.6
v -10 1.2 0.6
v -10 1.3 0.6
v -8.6 1.3 0.6
v -8.6 1.4 0.6
v -8.3 1.3 0.6
v -8.3 1.4 0.6
v -8.2 1.3 0.6
v -8.2 1.4 0.6
v -8.2 1.8 0.6
v -8.2 1.9 0.6
v -8.1 1.8 0.6
v -8.1 1.9 0.6
v -7.9 3.1 0.6
v -7.9 3.2 0.6
v -7.8 3.1 0.6
v -7.8 3.2 0.6
v -7.6 4.4 0.6
v -7.6 4.5 0.6
v -7.5 4.4 0.6
v -7.5 4.5 0.6
v -7.3 1.4 0.6
v -7.3 1.5 0.6
v -6.4 9.6 0.6
v -6.4 9.7 0.6
v -6.3 9.6 0.6
v -6.3 9.7 0.6
v -6.1 10.9 0.6
v -6.1 11 0.6
v -6 1.5 0.6
v -6 1.6 0.6
v -6 10.9 0.6
v -6 11 0.6
v -5.8 12.2 0.6
v -5.8 12.3 0.6
v -5.7 12.2 0.6
v -5.7 12.3 0.6
v -4.6 1.6 0.6
v -4.6 1.7 0.6
v -3.3 1.7 0.6
v -3.3 1.8 0.6
v -2.6 1.1 0.6
v -2.6 1.8 0.6
v 12.6 10 0.6
v 12.6 12.4 0.6
v 12.6 12.8 0.6
v 12.7 10 0.6
v 12.7 12.8 0.6
v -12.7 1.1 0.5
v -12.7 2.6 0.5
v -12.6 2.6 0.5
v -12.6 2.7 0.5
v -11.3 1.1 0.5
v -11.3 1.2 0.5
v -11.2 2.7 0.5
v -11.2 2.8 0.5
v -10 1.2 0.5
v -10 1.3 0.5
v -9.9 2.8 0.5
v -9.9 2.9 0.5
v -8.6 1.3 0.5
v -8.6 1.4 0.5
v -8.5 2.9 0.5
v -8.5 3 0.5
v -8.2 1.8 0.5
v -8.2 1.9 0.5
v -8.1 1.8 0.5
v -8.1 1.9 0.5
v -8.1 2.2 0.5
v -8.1 2.3 0.5
v -8 2.2 0.5
v -8 2.3 0.5
v -8 2.6 0.5
v -8 2.7 0.5
v -7.9 2.6 0.5
v -7.9 2.7 0.5
v -7.3 1.4 0.5
v -7.3 1.5 0.5
v -7.2 3 0.5
v -7.2 3.1 0.5
v -6 1.5 0.5
v -6 1.6 0.5
v -5.9 3.1 0.5
v -5.9 3.2 0.5
v -4.6 1.6 0.5
v -4.6 1.7 0.5
v -4.5 3.2 0.5
v -4.5 3.3 0.5
v -3.3 1.7 0.5
v -3.3 1.8 0.5
v -3.2 3.3 0.5
v -3.2 3.4 0.5
v -2.6 1.8 0.5
v -2.6 3.4 0.5
v -6.4 3.1 0.400001
v -6.4 4.7 0.400001
v -6.2 10.5 0.400001
v -6.2 10.6 0.400001
v -6.1 10.5 0.400001
v -6.1 10.6 0.400001
v -5.9 3.1 0.400001
v -5.9 3.2 0.400001
v -5.9 11.8 0.400001
v -5.9 11.9 0.400001
v -5.8 4.7 0.400001
v -5.8 4.8 0.400001
v -5.8 11.8 0.400001
v -5.8 11.9 0.400001
v -5.6 3.8 0.400001
v -5.6 4.8 0.400001
v -4.5 3.2 0.400001
v -4.5 3.3 0.400001
v -3.2 3.3 0.400001
v -3.2 3.4 0.400001
v -2.6 3.4 0.400001
v -2.6 3.8 0.400001
v -12.7 1.1 0.3
v -12.7 2.4 0.3
v -6.4 1.1 0.3
v -6.4 2.4 0.3
v -6.2 4.7 0.3
v -6.2 6.3 0.3
v -5.8 4.7 0.3
v -5.8 4.8 0.3
v -5.7 6.3 0.3
v -5.7 6.4 0.3
v -5.6 4.8 0.3
v -5.6 6.4 0.3
v -12.7 2.4 0.200001
v -12.7 4.9 0.200001
v -12.7 5.1 0.200001
v -12.7 10 0.200001
v -8.3 5.1 0.200001
v -8.3 6.3 0.200001
v -8.2 5.1 0.200001
v -8.2 5.2 0.200001
v -8.2 6.3 0.200001
v -8.2 6.9 0.200001
v -6.5 5.2 0.200001
v -6.5 6.9 0.200001
v -6.4 4.9 0.200001
v -6.4 5.1 0.200001
v -6.4 7.9 0.200001
v -6.4 9.6 0.200001
v -6.4 9.7 0.200001
v -6.4 10 0.200001
v -6.3 9.6 0.200001
v -6.3 9.7 0.200001
v -6.3 10.1 0.200001
v -6.3 10.2 0.200001
v -6.2 2.4 0.200001
v -6.2 6.3 0.200001
v -6.2 10.1 0.200001
v -6.2 10.2 0.200001
v -6 11.4 0.200001
v -6 11.5 0.200001
v -5.9 11.4 0.200001
v -5.9 11.5 0.200001
v -5.7 6.3 0.200001
v -5.7 6.4 0.200001
v -5.7 12.7 0.200001
v -5.7 12.8 0.200001
v -5.6 6.4 0.200001
v -5.6 7.9 0.200001
v -5.6 12.7 0.200001
v -5.6 12.8 0.200001
v -12.7 4.9 0.1
v -12.7 5.1 0.1
v -8.3 5.1 0.1
v -8.3 6.3 0.1
v -8.2 5.1 0.1
v -8.2 5.2 0.1
v -8.2 6.3 0.1
v -8.2 6.9 0.1
v -6.5 5.2 0.1
v -6.5 6.9 0.1
v -6.4 4.9 0.1
v -6.4 5.1 0.1
v -6.4 7.9 0.1
v -6.4 9.5 0.1
v -5.9 0.1 0.1
v -5.9 1.1 0.1
v -5.7 9.2 0.1
v -5.7 9.5 0.1
v -5.6 7.9 0.1
v -5.6 9.2 0.1
v -5.2 12.4 0.1
v -5.2 12.8 0.1
v -5.1 12.3 0.1
v -5.1 12.4 0.1
v -5 12.2 0.1
v -5 12.3 0.1
v -4.6 12.2 0.1
v -4.6 12.3 0.1
v -4.5 12.3 0.1
v -4.5 12.4 0.1
v -4.4 12.4 0.1
v -4.4 12.8 0.1
v -2.4 0.1 0.1
v -2.4 1.1 0.1
v -12.7 9 0
v -12.7 10.6 0
v -12.7 11.9 0
v -12.7 12 0
v -12.7 12.8 0
v -12.2 9 0
v -12.2 9.1 0
v -12.1 10.6 0
v -12.1 10.7 0
v -10.9 9.1 0
v -10.9 9.2 0
v -10.8 10.7 0
v -10.8 10.8 0
v -9.5 9.2 0
v -9.5 9.3 0
v -9.4 10.8 0
v -9.4 10.9 0
v -8.2 9.3 0
v -8.2 9.4 0
v -8.1 10.9 0
v -8.1 11 0
v -6.8 9.4 0
v -6.8 9.5 0
v -6.7 11 0
v -6.7 11.1 0
v -6.4 9.6 0
v -6.4 9.7 0
v -6.3 9.6 0
v -6.3 9.7 0
v -6.3 10 0
v -6.3 10.2 0
v -6.2 10 0
v -6.2 10.2 0
v -6.2 10.5 0
v -6.2 10.6 0
v -6.1 10.5 0
v -6.1 10.6 0
v -6.1 10.8 0
v -6.1 11 0
v -6 11 0
v -6 11.1 0
v -5.9 10.7 0
v -5.9 10.8 0
v -5.9 11.9 0
v -5.9 12 0
v -5.9 12.8 0
v -5.8 12.3 0
v -5.8 12.8 0
v -5.7 9.5 0
v -5.7 10.1 0
v -5.7 10.6 0
v -5.7 10.7 0
v -5.7 12.3 0
v -5.7 12.8 0
v -5.6 10.1 0
v -5.6 10.6 0
v 12.6 0 0
v 12.6 0.1 0
v 12.7 0 0
v 12.7 0.1 0
v -12.7 10.6 -0.0999994
v -12.7 11.9 -0.0999994
v -12.1 10.6 -0.0999994
v -12.1 10.7 -0.0999994
v -10.8 10.7 -0.0999994
v -10.8 10.8 -0.0999994
v -9.4 10.8 -0.0999994
v -9.4 10.9 -0.0999994
v -8.1 10.9 -0.0999994
v -8.1 11 -0.0999994
v -6.7 11 -0.0999994
v -6.7 11.1 -0.0999994
v -6 11.1 -0.0999994
v -6 11.5 -0.0999994
v -5.9 11.5 -0.0999994
v -5.9 11.9 -0.0999994
v -9.6 1.1 -5.9
v -9.6 2.3 -5.9
v -9.5 1.1 -5.9
v -9.5 2.3 -5.9
v -3.7 1.1 -5.9
v -3.7 2.3 -5.9
v -3.6 1.1 -5.9
v -3.6 2.3 -5.9
v -9.5 1.1 -6.3
v -9.5 2.3 -6.3
v -9.4 1.1 -6.3
v -9.4 2.3 -6.3
v -3.8 1.1 -6.3
v -3.8 2.3 -6.3
v -3.7 1.1 -6.3
v -3.7 2.3 -6.3
v -9.4 1.1 -6.5
v -9.4 2.3 -6.5
v -9.3 1.1 -6.5
v -9.3 2.3 -6.5
v -3.9 1.1 -6.5
v -3.9 2.3 -6.5
v -3.8 1.1 -6.5
v -3.8 2.3 -6.5
v -9.3 1.1 -6.7
v -9.3 2.3 -6.7
v -9.2 1.1 -6.7
v -9.2 2.3 -6.7
v -4 1.1 -6.7
v -4 2.3 -6.7
v -3.9 1.1 -6.7
v -3.9 2.3 -6.7
v -9.2 1.1 -6.9
v -9.2 2.3 -6.9
v -9.1 1.1 -6.9
v -9.1 2.3 -6.9
v -4.1 1.1 -6.9
v -4.1 2.3 -6.9
v -4 1.1 -6.9
v -4 2.3 -6.9
v -9.1 1.1 -7.1
v -9.1 2.3 -7.1
v -9 1.1 -7.1
v -9 2.3 -7.1
v -4.2 1.1 -7.1
v -4.2 2.3 -7.1
v -4.1 1.1 -7.1
v -4.1 2.3 -7.1
v -9 1.1 -7.2
v -9 2.3 -7.2
v -8.9 1.1 -7.2
v -8.9 2.3 -7.2
v -4.3 1.1 -7.2
v -4.3 2.3 -7.2
v -4.2 1.1 -7.2
v -4.2 2.3 -7.2
v -8.9 1.1 -7.3
v -8.9 2.3 -7.3
v -8.8 1.1 -7.3
v -8.8 2.3 -7.3
v -4.4 1.1 -7.3
v -4.4 2.3 -7.3
v -4.3 1.1 -7.3
v -4.3 2.3 -7.3
v -8.8 1.1 -7.4
v -8.8 2.3 -7.4
v -8.7 1.1 -7.4
v -8.7 2.3 -7.4
v -4.5 1.1 -7.4
v -4.5 2.3 -7.4
v -4.4 1.1 -7.4
v -4.4 2.3 -7.4
v -8.7 1.1 -7.5
v -8.7 2.3 -7.5
v -8.6 1.1 -7.5
v -8.6 2.3 -7.5
v -4.6 1.1 -7.5
v -4.6 2.3 -7.5
v -4.5 1.1 -7.5
v -4.5 2.3 -7.5
v -8.6 1.1 -7.6
v -8.6 2.3 -7.6
v -8.5 1.1 -7.6
v -8.5 2.3 -7.6
v -4.7 1.1 -7.6
v -4.7 2.3 -7.6
v -4.6 1.1 -7.6
v -4.6 2.3 -7.6
v -8.5 1.1 -7.7
v -8.5 2.3 -7.7
v -8.4 1.1 -7.7
v -8.4 2.3 -7.7
v -4.8 1.1 -7.7
v -4.8 2.3 -7.7
v -4.7 1.1 -7.7
v -4.7 2.3 -7.7
v -8.4 1.1 -7.8
v -8.4 2.3 -7.8
v -8.2 1.1 -7.8
v -8.2 2.3 -7.8
v -5 1.1 -7.8
v -5 2.3 -7.8
v -4.8 1.1 -7.8
v -4.8 2.3 -7.8
v -8.2 1.1 -7.9
v -8.2 2.3 -7.9
v -8 1.1 -7.9
v -8 2.3 -7.9
v -5.2 1.1 -7.9
v -5.2 2.3 -7.9
v -5 1.1 -7.9
v -5 2.3 -7.9
v -8 1.1 -8
v -8 2.3 -8
v -7.8 1.1 -8
v -7.8 2.3 -8
v -5.4 1.1 -8
v -5.4 2.3 -8
v -5.2 1.1 -8
v -5.2 2.3 -8
v -7.8 1.1 -8.1
v -7.8 2.3 -8.1
v -7.6 1.1 -8.1
v -7.6 2.3 -8.1
v -5.6 1.1 -8.1
v -5.6 2.3 -8.1
v -5.4 1.1 -8.1
v -5.4 2.3 -8.1
v -7.6 1.1 -8.2
v -7.6 2.3 -8.2
v -7.2 1.1 -8.2
v -7.2 2.3 -8.2
v -6 1.1 -8.2
v -6 2.3 -8.2
v -5.6 1.1 -8.2
v -5.6 2.3 -8.2
v -7.2 1.1 -8.3
v -7.2 2.3 -8.3
v -6 1.1 -8.3
v -6 2.3 -8.3
v -12.8 0 -12.8
v -12.8 12.8 -12.8
v -6.4 9.6 -12.8
v -6.4 9.7 -12.8
v -6.3 9.6 -12.8
v -6.3 9.7 -12.8
v -6.3 10 -12.8
v -6.3 10.2 -12.8
v -6.2 10 -12.8
v -6.2 10.2 -12.8
v -6.2 10.5 -12.8
v -6.2 10.6 -12.8
v -6.1 10.5 -12.8
v -6.1 10.6 -12.8
v 5.6 0.9 -12.8
v 5.6 1.2 -12.8
v 5.7 1.2 -12.8
v 5.7 1.3 -12.8
v 5.8 1.3 -12.8
v 5.8 1.4 -12.8
v 6.2 1.3 -12.8
v 6.2 1.4 -12.8
v 6.3 1.2 -12.8
v 6.3 1.3 -12.8
v 6.4 0.9 -12.8
v 6.4 1.2 -12.8
v 9.2 0.9 -12.8
v 9.2 1.3 -12.8
v 9.3 1.3 -12.8
v 9.3 1.4 -12.8
v 9.4 1.4 -12.8
v 9.4 1.5 -12.8
v 9.8 1.4 -12.8
v 9.8 1.5 -12.8
v 9.9 1.3 -12.8
v 9.9 1.4 -12.8
v 10 0.9 -12.8
v 10 1.3 -12.8
v 11.8 12.4 -12.8
v 11.8 12.8 -12.8
v 11.9 12.3 -12.8
v 11.9 12.4 -12.8
v 12 7.1 -12.8
v 12 7.2 -12.8
v 12 12.2 -12.8
v 12 12.3 -12.8
v 12.1 7 -12.8
v 12.1 7.1 -12.8
v 12.1 7.2 -12.8
v 12.2 6.8 -12.8
v 12.2 7 -12.8
v 12.4 6.8 -12.8
v 12.4 7.1 -12.8
v 12.4 12.2 -12.8
v 12.4 12.8 -12.8
v 12.6 0 -12.8
v 12.6 0.1 -12.8
v 12.7 0 -12.8
v 12.7 0.1 -12.8
v 12.8 0 -12.8
v 12.8 12.8 -12.8
v -12.8 0 12.8
v 12.6 0 12.8
v 12.7 0 12.8
v 12.8 0 12.8
v -5.9 0 0.1
v -1.5 0 0.1
v 11.1 0 0.1
v 12.6 0 0.1
v -5.9 0 0
v -1.5 0 0
v 11.1 0 0
v 12.6 0 0
v 12.7 0 0
v -12.8 0 -12.8
v 12.6 0 -12.8
v 12.7 0 -12.8
v 12.8 0 -12.8
v 12.6 0.1 0
v 12.7 0.1 0
v 12.6 0.1 -12.8
v 12.7 0.1 -12.8
v -11.3 1.2 0.6
v -10 1.2 0.6
v -11.3 1.2 0.5
v -10 1.2 0.5
v -10 1.3 0.6
v -8.6 1.3 0.6
v -10 1.3 0.5
v -8.6 1.3 0.5
v -8.3 1.4 1
v -8.2 1.4 1
v -8.6 1.4 0.6
v -8.3 1.4 0.6
v -8.2 1.4 0.6
v -7.3 1.4 0.6
v -8.6 1.4 0.5
v -7.3 1.4 0.5
v -7.3 1.5 0.6
v -6 1.5 0.6
v -7.3 1.5 0.5
v -6 1.5 0.5
v -6 1.6 0.6
v -4.6 1.6 0.6
v -6 1.6 0.5
v -4.6 1.6 0.5
v -4.6 1.7 0.6
v -3.3 1.7 0.6
v -4.6 1.7 0.5
v -3.3 1.7 0.5
v -3.3 1.8 0.6
v -2.6 1.8 0.6
v -3.3 1.8 0.5
v -2.6 1.8 0.5
v -8.2 1.9 0.6
v -8.1 1.9 0.6
v -8.2 1.9 0.5
v -8.1 1.9 0.5
v 12.4 2.1 0
v 12.6 2.1 0
v 12.4 2.1 -12.6
v 12.6 2.1 -12.6
v -8.1 2.3 0.8
v -8 2.3 0.8
v -8.1 2.3 0.5
v -8 2.3 0.5
v -12.7 2.4 0.3
v -6.4 2.4 0.3
v -6.2 2.4 0.3
v -12.7 2.4 0.200001
v -6.2 2.4 0.200001
v -12.7 2.6 0.5
v -12.6 2.6 0.5
v -12.7 2.6 0.400001
v -12.6 2.6 0.400001
v -8 2.7 1
v -7.9 2.7 1
v -12.6 2.7 0.5
v -11.2 2.7 0.5
v -8 2.7 0.5
v -7.9 2.7 0.5
v -12.6 2.7 0.400001
v -11.2 2.7 0.400001
v -11.2 2.8 0.5
v -9.9 2.8 0.5
v -11.2 2.8 0.400001
v -9.9 2.8 0.400001
v -9.9 2.9 0.5
v -8.5 2.9 0.5
v -9.9 2.9 0.400001
v -8.5 2.9 0.400001
v -8.5 3 0.5
v -7.2 3 0.5
v -8.5 3 0.400001
v -7.2 3 0.400001
v -7.2 3.1 0.5
v -5.9 3.1 0.5
v -7.2 3.1 0.400001
v -6.4 3.1 0.400001
v -5.9 3.1 0.400001
v -7.9 3.2 0.6
v -7.8 3.2 0.6
v -5.9 3.2 0.5
v -4.5 3.2 0.5
v -7.9 3.2 0.400001
v -7.8 3.2 0.400001
v -5.9 3.2 0.400001
v -4.5 3.2 0.400001
v -4.5 3.3 0.5
v -3.2 3.3 0.5
v -4.5 3.3 0.400001
v -3.2 3.3 0.400001
v -3.2 3.4 0.5
v -2.6 3.4 0.5
v -3.2 3.4 0.400001
v -2.6 3.4 0.400001
v -7.8 3.6 0.8
v -7.7 3.6 0.8
v -7.8 3.6 0.400001
v -7.7 3.6 0.400001
v -7.6 4.5 0.6
v -7.5 4.5 0.6
v -7.6 4.5 0.400001
v -7.5 4.5 0.400001
v -6.4 4.7 0.400001
v -5.8 4.7 0.400001
v -6.4 4.7 0.3
v -6.2 4.7 0.3
v -5.8 4.7 0.3
v -5.8 4.8 0.400001
v -5.6 4.8 0.400001
v -5.8 4.8 0.3
v -5.6 4.8 0.3
v -7.5 4.9 0.8
v -7.4 4.9 0.8
v -7.5 4.9 0.400001
v -7.4 4.9 0.400001
v -12.7 4.9 0.200001
v -6.4 4.9 0.200001
v -12.7 4.9 0.1
v -6.4 4.9 0.1
v -8.2 5.2 12.8
v -6.5 5.2 12.8
v -8.2 5.2 9.7
v -8.2 5.2 7.3
v -8.2 5.2 3
v -8.2 5.2 0.400001
v -6.5 5.2 0.400001
v -8.2 5.2 0.200001
v -6.5 5.2 0.200001
v -8.2 5.2 0.1
v -6.5 5.2 0.1
v 12.6 6.1 0.8
v 12.7 6.1 0.8
v 12.6 6.1 0.700001
v 12.7 6.1 0.700001
v -6.2 6.3 0.3
v -5.7 6.3 0.3
v -6.2 6.3 0.200001
v -5.7 6.3 0.200001
v -5.7 6.4 0.3
v -5.6 6.4 0.3
v -5.7 6.4 0.200001
v -5.6 6.4 0.200001
v 12.2 6.8 12.8
v 12.6 6.8 12.8
v 12.6 6.8 0.700001
v 12.6 6.8 0.1
v 12.4 6.8 0
v 12.6 6.8 0
v 12.2 6.8 -12.6
v 12.4 6.8 -12.6
v -6.5 6.9 6.5
v -6.4 6.9 6.5
v -6.5 6.9 5.5
v -6.4 6.9 5.5
v 12.1 7 12.8
v 12.2 7 12.8
v 12.1 7 -12.6
v 12.2 7 -12.6
v 12 7.1 12.8
v 12.1 7.1 12.8
v 12 7.1 -12.6
v 12.1 7.1 -12.6
v -6.4 7.9 0.200001
v -5.6 7.9 0.200001
v -6.4 7.9 0.1
v -5.6 7.9 0.1
v -12.7 9 0.1
v -12.2 9 0.1
v -12.7 9 0
v -12.2 9 0
v -12.2 9.1 0.1
v -10.9 9.1 0.1
v -12.2 9.1 0
v -10.9 9.1 0
v -10.9 9.2 0.1
v -9.5 9.2 0.1
v -10.9 9.2 0
v -9.5 9.2 0
v -9.5 9.3 0.1
v -8.2 9.3 0.1
v -9.5 9.3 0
v -8.2 9.3 0
v -8.2 9.4 0.1
v -6.8 9.4 0.1
v -8.2 9.4 0
v -6.8 9.4 0
v -6.8 9.5 0.1
v -6.4 9.5 0.1
v -5.7 9.5 0.1
v -6.8 9.5 0
v -5.7 9.5 0
v -6.4 9.7 0.6
v -6.3 9.7 0.6
v -6.4 9.7 0.3
v -6.3 9.7 0.3
v -6.4 9.7 0.200001
v -6.3 9.7 0.200001
v -6.4 9.7 0.1
v -6.4 9.7 0
v -6.3 9.7 0
v -6.4 9.7 -12.6
v -6.3 9.7 -12.6
v -6.4 9.7 -12.8
v -6.3 9.7 -12.8
v 12.6 10 0.700001
v 12.7 10 0.700001
v 12.6 10 0.6
v 12.7 10 0.6
v -6.4 10.1 10.2
v -5.6 10.1 10.2
v -6.4 10.1 7.1
v -6 10.1 7.1
v -5.6 10.1 7.1
v -6.4 10.1 5.3
v -5.6 10.1 5.3
v -6.4 10.1 1.7
v -5.6 10.1 1.7
v -5.7 10.1 1
v -5.6 10.1 1
v -6.3 10.1 0.8
v -6.2 10.1 0.8
v -6.3 10.1 0.200001
v -6.2 10.1 0.200001
v -5.7 10.1 0
v -5.6 10.1 0
v -6.4 10.2 7.1
v -6 10.2 7.1
v -6 10.2 7
v -5.6 10.2 7
v -6.4 10.2 6.8
v -5.6 10.2 6.8
v -6.3 10.2 0.200001
v -6.2 10.2 0.200001
v -6.3 10.2 0
v -6.2 10.2 0
v -6.3 10.2 -12.6
v -6.2 10.2 -12.6
v -6.3 10.2 -12.8
v -6.2 10.2 -12.8
v -5.8 10.3 -12.5
v -5.6 10.3 -12.5
v -5.8 10.3 -12.6
v -5.6 10.3 -12.6
v -6.3 10.4 -12.5
v -5.8 10.4 -12.5
v -6.3 10.4 -12.6
v -5.8 10.4 -12.6
v -6.8 10.5 -12.5
v -6.3 10.5 -12.5
v -6.8 10.5 -12.6
v -6.3 10.5 -12.6
v -6.2 10.6 0.400001
v -6.1 10.6 0.400001
v -12.7 10.6 0
v -12.1 10.6 0
v -6.2 10.6 0
v -6.1 10.6 0
v -12.7 10.6 -0.0999994
v -12.1 10.6 -0.0999994
v -7.4 10.6 -12.5
v -6.8 10.6 -12.5
v -6.2 10.6 -12.5
v -6.1 10.6 -12.5
v -7.4 10.6 -12.6
v -6.8 10.6 -12.6
v -6.2 10.6 -12.8
v -6.1 10.6 -12.8
v -5.7 10.7 1.1
v -5.6 10.7 1.1
v -5.7 10.7 1
v -5.6 10.7 1
v -12.1 10.7 0
v -10.8 10.7 0
v -12.1 10.7 -0.0999994
v -10.8 10.7 -0.0999994
v -7.9 10.7 -12.5
v -7.4 10.7 -12.5
v -7.9 10.7 -12.6
v -7.4 10.7 -12.6
v -10.8 10.8 0
v -9.4 10.8 0
v -10.8 10.8 -0.0999994
v -9.4 10.8 -0.0999994
v -8.4 10.8 -12.5
v -7.9 10.8 -12.5
v -8.4 10.8 -12.6
v -7.9 10.8 -12.6
v -6.1 10.9 0.8
v -6 10.9 0.8
v -6.1 10.9 0.6
v -6 10.9 0.6
v -9.4 10.9 0
v -8.1 10.9 0
v -9.4 10.9 -0.0999994
v -8.1 10.9 -0.0999994
v -6.3 10.9 -12.4
v -6.1 10.9 -12.4
v -9 10.9 -12.5
v -8.4 10.9 -12.5
v -6.3 10.9 -12.5
v -6.1 10.9 -12.5
v -9 10.9 -12.6
v -8.4 10.9 -12.6
v -6.1 11 0.6
v -6 11 0.6
v -8.1 11 0
v -6.7 11 0
v -6.1 11 0
v -6 11 0
v -8.1 11 -0.0999994
v -6.7 11 -0.0999994
v -6.8 11 -12.4
v -6.3 11 -12.4
v -6.1 11 -12.4
v -6 11 -12.4
v -9.5 11 -12.5
v -9 11 -12.5
v -6.8 11 -12.5
v -6.3 11 -12.5
v -9.5 11 -12.6
v -9 11 -12.6
v -6.1 11 -12.6
v -6 11 -12.6
v -6.7 11.1 0
v -6 11.1 0
v -6.7 11.1 -0.0999994
v -6 11.1 -0.0999994
v -7.4 11.1 -12.4
v -6.8 11.1 -12.4
v -10 11.1 -12.5
v -9.5 11.1 -12.5
v -7.4 11.1 -12.5
v -6.8 11.1 -12.5
v -10 11.1 -12.6
v -9.5 11.1 -12.6
v -7.9 11.2 -12.4
v -7.4 11.2 -12.4
v -10.6 11.2 -12.5
v -10 11.2 -12.5
v -7.9 11.2 -12.5
v -7.4 11.2 -12.5
v -10.6 11.2 -12.6
v -10 11.2 -12.6
v -8.4 11.3 -12.4
v -7.9 11.3 -12.4
v -11.1 11.3 -12.5
v -10.6 11.3 -12.5
v -8.4 11.3 -12.5
v -7.9 11.3 -12.5
v -11.1 11.3 -12.6
v -10.6 11.3 -12.6
v -6 11.4 0.8
v -5.9 11.4 0.8
v -6 11.4 0.200001
v -5.9 11.4 0.200001
v -6.3 11.4 -12.3
v -6 11.4 -12.3
v -9 11.4 -12.4
v -8.4 11.4 -12.4
v -6.3 11.4 -12.4
v -6 11.4 -12.4
v -11.6 11.4 -12.5
v -11.1 11.4 -12.5
v -9 11.4 -12.5
v -8.4 11.4 -12.5
v -11.6 11.4 -12.6
v -11.1 11.4 -12.6
v -6 11.5 0.200001
v -5.9 11.5 0.200001
v -6 11.5 -0.0999994
v -5.9 11.5 -0.0999994
v -6.9 11.5 -12.3
v -6.3 11.5 -12.3
v -6 11.5 -12.3
v -5.9 11.5 -12.3
v -9.5 11.5 -12.4
v -9 11.5 -12.4
v -6.9 11.5 -12.4
v -6.3 11.5 -12.4
v -12.2 11.5 -12.5
v -11.6 11.5 -12.5
v -9.5 11.5 -12.5
v -9 11.5 -12.5
v -12.2 11.5 -12.6
v -11.6 11.5 -12.6
v -6 11.5 -12.6
v -5.9 11.5 -12.6
v -7.4 11.6 -12.3
v -6.9 11.6 -12.3
v -10 11.6 -12.4
v -9.5 11.6 -12.4
v -7.4 11.6 -12.4
v -6.9 11.6 -12.4
v -12.7 11.6 -12.5
v -12.2 11.6 -12.5
v -10 11.6 -12.5
v -9.5 11.6 -12.5
v -12.7 11.6 -12.6
v -12.2 11.6 -12.6
v -5.7 11.7 5.9
v -5.6 11.7 5.9
v -5.7 11.7 5.8
v -5.6 11.7 5.8
v -7.9 11.7 -12.3
v -7.4 11.7 -12.3
v -10.6 11.7 -12.4
v -10 11.7 -12.4
v -7.9 11.7 -12.4
v -7.4 11.7 -12.4
v -10.6 11.7 -12.5
v -10 11.7 -12.5
v -5.9 11.8 0.8
v -5.8 11.8 0.8
v -5.9 11.8 0.400001
v -5.8 11.8 0.400001
v -8.5 11.8 -12.3
v -7.9 11.8 -12.3
v -11.1 11.8 -12.4
v -10.6 11.8 -12.4
v -8.5 11.8 -12.4
v -7.9 11.8 -12.4
v -11.1 11.8 -12.5
v -10.6 11.8 -12.5
v -12.7 11.9 12.8
v -6.4 11.9 12.8
v -6.9 11.9 6.5
v -6.4 11.9 6.5
v -7 11.9 6.4
v -6.9 11.9 6.4
v -7.1 11.9 6.3
v -7 11.9 6.3
v -7.1 11.9 5.7
v -7 11.9 5.7
v -7 11.9 5.6
v -6.9 11.9 5.6
v -6.9 11.9 5.5
v -6.4 11.9 5.5
v -12.7 11.9 0.200001
v -12.7 11.9 0.1
v -6.4 11.9 0.1
v -5.7 12 2.3
v -5.6 12 2.3
v -5.7 12 2.1
v -5.6 12 2.1
v -5.7 12.1 2.4
v -5.6 12.1 2.4
v -5.7 12.1 2.3
v -5.6 12.1 2.3
v -5.7 12.1 2.1
v -5.6 12.1 2.1
v -5.7 12.1 1.9
v -5.6 12.1 1.9
v -5.9 12.1 1
v -5.8 12.1 1
v -5.9 12.1 0.900001
v -5.8 12.1 0.900001
v -5 12.2 12.8
v -4.6 12.2 12.8
v 12 12.2 12.8
v 12.4 12.2 12.8
v -5.8 12.2 5
v -5.7 12.2 5
v -5.8 12.2 4.9
v -5.7 12.2 4.9
v -5.7 12.2 1.9
v -5.6 12.2 1.9
v -5.7 12.2 1.6
v -5.6 12.2 1.6
v -5.8 12.2 0.700001
v -5.7 12.2 0.700001
v -5.8 12.2 0.6
v -5.7 12.2 0.6
v -5 12.2 0.1
v -4.6 12.2 0.1
v 12.4 12.2 0
v 12 12.2 -12.6
v 12.4 12.2 -12.6
v -5.1 12.3 12.8
v -5 12.3 12.8
v -4.6 12.3 12.8
v -4.5 12.3 12.8
v 11.9 12.3 12.8
v 12 12.3 12.8
v 12.4 12.3 12.8
v 12.5 12.3 12.8
v -5.7 12.3 9
v -5.6 12.3 9
v -5.7 12.3 8.9
v -5.6 12.3 8.9
v -5.7 12.3 1.6
v -5.6 12.3 1.6
v -5.7 12.3 1.4
v -5.6 12.3 1.4
v -5.8 12.3 0.6
v -5.7 12.3 0.6
v -5.1 12.3 0.1
v -5 12.3 0.1
v -4.6 12.3 0.1
v -4.5 12.3 0.1
v -5.8 12.3 0
v -5.7 12.3 0
v 12.4 12.3 0
v 12.5 12.3 0
v 11.9 12.3 -12.6
v 12 12.3 -12.6
v -5.2 12.4 12.8
v -5.1 12.4 12.8
v -4.5 12.4 12.8
v -4.4 12.4 12.8
v 11.8 12.4 12.8
v 11.9 12.4 12.8
v 12.5 12.4 12.8
v 12.6 12.4 12.8
v -5.7 12.4 1.4
v -5.6 12.4 1.4
v -5.7 12.4 1.1
v -5.6 12.4 1.1
v -5.9 12.4 0.900001
v -5.8 12.4 0.900001
v -5.9 12.4 0.8
v -5.8 12.4 0.8
v 12.6 12.4 0.6
v -5.2 12.4 0.1
v -5.1 12.4 0.1
v -4.5 12.4 0.1
v -4.4 12.4 0.1
v 12.6 12.4 0.1
v 12.5 12.4 0
v 12.6 12.4 0
v 11.8 12.4 -12.6
v 11.9 12.4 -12.6
v -5.7 12.5 5.9
v -5.6 12.5 5.9
v -5.7 12.5 5.7
v -5.6 12.5 5.7
v -5.7 12.6 5.7
v -5.6 12.6 5.7
v -5.7 12.6 5.5
v -5.6 12.6 5.5
v -5.8 12.6 4.9
v -5.7 12.6 4.9
v -5.8 12.6 4.8
v -5.7 12.6 4.8
v -5.7 12.6 2.5
v -5.6 12.6 2.5
v -5.7 12.6 2.4
v -5.6 12.6 2.4
v -5.8 12.6 0.900001
v -5.7 12.6 0.900001
v -5.8 12.6 0.8
v -5.7 12.6 0.8
v -5.8 12.6 0.700001
v -5.7 12.6 0.700001
v -5.7 12.7 8.9
v -5.6 12.7 8.9
v -5.7 12.7 8.8
v -5.6 12.7 8.8
v -5.7 12.7 5.5
v -5.6 12.7 5.5
v -5.7 12.7 5.2
v -5.6 12.7 5.2
v -5.7 12.7 0.8
v -5.6 12.7 0.8
v -5.7 12.7 0.200001
v -5.6 12.7 0.200001
v -5.9 0.1 0.1
v -2.4 0.1 0.1
v -5.9 0.1 0
v -2.4 0.1 0
v -1.3 0.6 7.6
v -1.2 0.6 7.6
v -1.3 0.6 7.5
v -1.2 0.6 7.5
v 6.4 0.9 12.8
v 9.2 0.9 12.8
v 10 0.9 12.8
v 12.6 0.9 12.8
v 12.6 0.9 0.1
v 12.6 0.9 0
v 6.4 0.9 -12.6
v 9.2 0.9 -12.6
v 10 0.9 -12.6
v 12.6 0.9 -12.6
v -12.8 1.1 12.8
v -12.7 1.1 12.8
v -2.6 1.1 12.8
v 5.6 1.1 12.8
v -1.3 1.1 7.6
v -1.2 1.1 7.6
v -1.3 1.1 7.5
v -1.2 1.1 7.5
v -12.8 1.1 1
v -12.7 1.1 1
v -11.3 1.1 0.6
v -2.6 1.1 0.6
v -12.7 1.1 0.5
v -11.3 1.1 0.5
v -12.7 1.1 0.400001
v -6.4 1.1 0.400001
v -12.7 1.1 0.3
v -6.4 1.1 0.3
v -5.9 1.1 0.1
v -2.4 1.1 0.1
v -5.9 1.1 0
v -2.4 1.1 0
v -7.2 1.1 -2.3
v -6 1.1 -2.3
v -7.6 1.1 -2.4
v -7.2 1.1 -2.4
v -6 1.1 -2.4
v -5.6 1.1 -2.4
v -7.8 1.1 -2.5
v -7.6 1.1 -2.5
v -5.6 1.1 -2.5
v -5.4 1.1 -2.5
v -8 1.1 -2.6
v -7.8 1.1 -2.6
v -5.4 1.1 -2.6
v -5.2 1.1 -2.6
v -8.2 1.1 -2.7
v -8 1.1 -2.7
v -5.2 1.1 -2.7
v -5 1.1 -2.7
v -8.4 1.1 -2.8
v -8.2 1.1 -2.8
v -5 1.1 -2.8
v -4.8 1.1 -2.8
v -8.5 1.1 -2.9
v -8.4 1.1 -2.9
v -4.8 1.1 -2.9
v -4.7 1.1 -2.9
v -8.6 1.1 -3
v -8.5 1.1 -3
v -4.7 1.1 -3
v -4.6 1.1 -3
v -8.7 1.1 -3.1
v -8.6 1.1 -3.1
v -4.6 1.1 -3.1
v -4.5 1.1 -3.1
v -8.8 1.1 -3.2
v -8.7 1.1 -3.2
v -4.5 1.1 -3.2
v -4.4 1.1 -3.2
v -8.9 1.1 -3.3
v -8.8 1.1 -3.3
v -4.4 1.1 -3.3
v -4.3 1.1 -3.3
v -9 1.1 -3.4
v -8.9 1.1 -3.4
v -4.3 1.1 -3.4
v -4.2 1.1 -3.4
v -9.1 1.1 -3.5
v -9 1.1 -3.5
v -4.2 1.1 -3.5
v -4.1 1.1 -3.5
v -9.2 1.1 -3.7
v -9.1 1.1 -3.7
v -4.1 1.1 -3.7
v -4 1.1 -3.7
v -9.3 1.1 -3.9
v -9.2 1.1 -3.9
v -4 1.1 -3.9
v -3.9 1.1 -3.9
v -9.4 1.1 -4.1
v -9.3 1.1 -4.1
v -3.9 1.1 -4.1
v -3.8 1.1 -4.1
v -9.5 1.1 -4.3
v -9.4 1.1 -4.3
v -3.8 1.1 -4.3
v -3.7 1.1 -4.3
v -9.6 1.1 -4.7
v -9.5 1.1 -4.7
v -3.7 1.1 -4.7
v -3.6 1.1 -4.7
v -9.6 1.1 -5.9
v -9.5 1.1 -5.9
v -3.7 1.1 -5.9
v -3.6 1.1 -5.9
v -9.5 1.1 -6.3
v -9.4 1.1 -6.3
v -3.8 1.1 -6.3
v -3.7 1.1 -6.3
v -9.4 1.1 -6.5
v -9.3 1.1 -6.5
v -3.9 1.1 -6.5
v -3.8 1.1 -6.5
v -9.3 1.1 -6.7
v -9.2 1.1 -6.7
v -4 1.1 -6.7
v -3.9 1.1 -6.7
v -9.2 1.1 -6.9
v -9.1 1.1 -6.9
v -4.1 1.1 -6.9
v -4 1.1 -6.9
v -9.1 1.1 -7.1
v -9 1.1 -7.1
v -4.2 1.1 -7.1
v -4.1 1.1 -7.1
v -9 1.1 -7.2
v -8.9 1.1 -7.2
v -4.3 1.1 -7.2
v -4.2 1.1 -7.2
v -8.9 1.1 -7.3
v -8.8 1.1 -7.3
v -4.4 1.1 -7.3
v -4.3 1.1 -7.3
v -8.8 1.1 -7.4
v -8.7 1.1 -7.4
v -4.5 1.1 -7.4
v -4.4 1.1 -7.4
v -8.7 1.1 -7.5
v -8.6 1.1 -7.5
v -4.6 1.1 -7.5
v -4.5 1.1 -7.5
v -8.6 1.1 -7.6
v -8.5 1.1 -7.6
v -4.7 1.1 -7.6
v -4.6 1.1 -7.6
v -8.5 1.1 -7.7
v -8.4 1.1 -7.7
v -4.8 1.1 -7.7
v -4.7 1.1 -7.7
v -8.4 1.1 -7.8
v -8.2 1.1 -7.8
v -5 1.1 -7.8
v -4.8 1.1 -7.8
v -8.2 1.1 -7.9
v -8 1.1 -7.9
v -5.2 1.1 -7.9
v -5 1.1 -7.9
v -8 1.1 -8
v -7.8 1.1 -8
v -5.4 1.1 -8
v -5.2 1.1 -8
v -7.8 1.1 -8.1
v -7.6 1.1 -8.1
v -5.6 1.1 -8.1
v -5.4 1.1 -8.1
v -7.6 1.1 -8.2
v -7.2 1.1 -8.2
v -6 1.1 -8.2
v -5.6 1.1 -8.2
v -7.2 1.1 -8.3
v -6 1.1 -8.3
v -12.7 1.1 -12.6
v 5.6 1.1 -12.6
v 5.6 1.2 12.8
v 5.7 1.2 12.8
v 6.3 1.2 12.8
v 6.4 1.2 12.8
v 5.6 1.2 -12.6
v 5.7 1.2 -12.6
v 6.3 1.2 -12.6
v 6.4 1.2 -12.6
v 5.7 1.3 12.8
v 5.8 1.3 12.8
v 6.2 1.3 12.8
v 6.3 1.3 12.8
v 9.2 1.3 12.8
v 9.3 1.3 12.8
v 9.9 1.3 12.8
v 10 1.3 12.8
v -8.3 1.3 1
v -8.2 1.3 1
v -8.3 1.3 0.6
v -8.2 1.3 0.6
v 5.7 1.3 -12.6
v 5.8 1.3 -12.6
v 6.2 1.3 -12.6
v 6.3 1.3 -12.6
v 9.2 1.3 -12.6
v 9.3 1.3 -12.6
v 9.9 1.3 -12.6
v 10 1.3 -12.6
v 5.8 1.4 12.8
v 6.2 1.4 12.8
v 9.3 1.4 12.8
v 9.4 1.4 12.8
v 9.8 1.4 12.8
v 9.9 1.4 12.8
v 5.8 1.4 -12.6
v 6.2 1.4 -12.6
v 9.3 1.4 -12.6
v 9.4 1.4 -12.6
v 9.8 1.4 -12.6
v 9.9 1.4 -12.6
v 9.4 1.5 12.8
v 9.8 1.5 12.8
v 9.4 1.5 -12.6
v 9.8 1.5 -12.6
v -8.2 1.8 0.6
v -8.1 1.8 0.6
v -8.2 1.8 0.5
v -8.1 1.8 0.5
v 12.6 2.1 0.8
v 12.7 2.1 0.8
v 12.6 2.1 0.1
v 12.7 2.1 0.1
v -8.1 2.2 0.8
v -8 2.2 0.8
v -8.1 2.2 0.5
v -8 2.2 0.5
v -7.2 2.3 -2.3
v -6 2.3 -2.3
v -7.6 2.3 -2.4
v -7.2 2.3 -2.4
v -6 2.3 -2.4
v -5.6 2.3 -2.4
v -7.8 2.3 -2.5
v -7.6 2.3 -2.5
v -5.6 2.3 -2.5
v -5.4 2.3 -2.5
v -8 2.3 -2.6
v -7.8 2.3 -2.6
v -5.4 2.3 -2.6
v -5.2 2.3 -2.6
v -8.2 2.3 -2.7
v -8 2.3 -2.7
v -5.2 2.3 -2.7
v -5 2.3 -2.7
v -8.4 2.3 -2.8
v -8.2 2.3 -2.8
v -5 2.3 -2.8
v -4.8 2.3 -2.8
v -8.5 2.3 -2.9
v -8.4 2.3 -2.9
v -4.8 2.3 -2.9
v -4.7 2.3 -2.9
v -8.6 2.3 -3
v -8.5 2.3 -3
v -4.7 2.3 -3
v -4.6 2.3 -3
v -8.7 2.3 -3.1
v -8.6 2.3 -3.1
v -4.6 2.3 -3.1
v -4.5 2.3 -3.1
v -8.8 2.3 -3.2
v -8.7 2.3 -3.2
v -4.5 2.3 -3.2
v -4.4 2.3 -3.2
v -8.9 2.3 -3.3
v -8.8 2.3 -3.3
v -4.4 2.3 -3.3
v -4.3 2.3 -3.3
v -9 2.3 -3.4
v -8.9 2.3 -3.4
v -4.3 2.3 -3.4
v -4.2 2.3 -3.4
v -9.1 2.3 -3.5
v -9 2.3 -3.5
v -4.2 2.3 -3.5
v -4.1 2.3 -3.5
v -9.2 2.3 -3.7
v -9.1 2.3 -3.7
v -4.1 2.3 -3.7
v -4 2.3 -3.7
v -9.3 2.3 -3.9
v -9.2 2.3 -3.9
v -4 2.3 -3.9
v -3.9 2.3 -3.9
v -9.4 2.3 -4.1
v -9.3 2.3 -4.1
v -3.9 2.3 -4.1
v -3.8 2.3 -4.1
v -9.5 2.3 -4.3
v -9.4 2.3 -4.3
v -3.8 2.3 -4.3
v -3.7 2.3 -4.3
v -9.6 2.3 -4.7
v -9.5 2.3 -4.7
v -3.7 2.3 -4.7
v -3.6 2.3 -4.7
v -9.6 2.3 -5.9
v -9.5 2.3 -5.9
v -3.7 2.3 -5.9
v -3.6 2.3 -5.9
v -9.5 2.3 -6.3
v -9.4 2.3 -6.3
v -3.8 2.3 -6.3
v -3.7 2.3 -6.3
v -9.4 2.3 -6.5
v -9.3 2.3 -6.5
v -3.9 2.3 -6.5
v -3.8 2.3 -6.5
v -9.3 2.3 -6.7
v -9.2 2.3 -6.7
v -4 2.3 -6.7
v -3.9 2.3 -6.7
v -9.2 2.3 -6.9
v -9.1 2.3 -6.9
v -4.1 2.3 -6.9
v -4 2.3 -6.9
v -9.1 2.3 -7.1
v -9 2.3 -7.1
v -4.2 2.3 -7.1
v -4.1 2.3 -7.1
v -9 2.3 -7.2
v -8.9 2.3 -7.2
v -4.3 2.3 -7.2
v -4.2 2.3 -7.2
v -8.9 2.3 -7.3
v -8.8 2.3 -7.3
v -4.4 2.3 -7.3
v -4.3 2.3 -7.3
v -8.8 2.3 -7.4
v -8.7 2.3 -7.4
v -4.5 2.3 -7.4
v -4.4 2.3 -7.4
v -8.7 2.3 -7.5
v -8.6 2.3 -7.5
v -4.6 2.3 -7.5
v -4.5 2.3 -7.5
v -8.6 2.3 -7.6
v -8.5 2.3 -7.6
v -4.7 2.3 -7.6
v -4.6 2.3 -7.6
v -8.5 2.3 -7.7
v -8.4 2.3 -7.7
v -4.8 2.3 -7.7
v -4.7 2.3 -7.7
v -8.4 2.3 -7.8
v -8.2 2.3 -7.8
v -5 2.3 -7.8
v -4.8 2.3 -7.8
v -8.2 2.3 -7.9
v -8 2.3 -7.9
v -5.2 2.3 -7.9
v -5 2.3 -7.9
v -8 2.3 -8
v -7.8 2.3 -8
v -5.4 2.3 -8
v -5.2 2.3 -8
v -7.8 2.3 -8.1
v -7.6 2.3 -8.1
v -5.6 2.3 -8.1
v -5.4 2.3 -8.1
v -7.6 2.3 -8.2
v -7.2 2.3 -8.2
v -6 2.3 -8.2
v -5.6 2.3 -8.2
v -7.2 2.3 -8.3
v -6 2.3 -8.3
v -8 2.6 1
v -7.9 2.6 1
v -8 2.6 0.5
v -7.9 2.6 0.5
v -7.9 3.1 0.6
v -7.8 3.1 0.6
v -7.9 3.1 0.400001
v -7.8 3.1 0.400001
v -7.8 3.5 0.8
v -7.7 3.5 0.8
v -7.8 3.5 0.400001
v -7.7 3.5 0.400001
v -5.6 3.8 12.8
v -2.6 3.8 12.8
v -5.6 3.8 0.400001
v -2.6 3.8 0.400001
v -7.6 4.4 0.6
v -7.5 4.4 0.6
v -7.6 4.4 0.400001
v -7.5 4.4 0.400001
v -7.5 4.8 0.8
v -7.4 4.8 0.8
v -7.5 4.8 0.400001
v -7.4 4.8 0.400001
v -12.7 5.1 12.8
v -6.4 5.1 12.8
v -8.3 5.1 9.7
v -8.2 5.1 9.7
v -8.3 5.1 7.3
v -8.2 5.1 7.3
v -8.3 5.1 3
v -8.2 5.1 3
v -12.7 5.1 1
v -12.7 5.1 0.400001
v -8.3 5.1 0.400001
v -8.2 5.1 0.400001
v -6.4 5.1 0.400001
v -12.7 5.1 0.200001
v -8.3 5.1 0.200001
v -8.2 5.1 0.200001
v -6.4 5.1 0.200001
v -12.7 5.1 0.1
v -8.3 5.1 0.1
v -8.2 5.1 0.1
v -6.4 5.1 0.1
v -8.3 6.3 3
v -8.2 6.3 3
v -8.3 6.3 0.400001
v -8.2 6.3 0.400001
v -8.3 6.3 0.200001
v -8.2 6.3 0.200001
v -8.3 6.3 0.1
v -8.2 6.3 0.1
v -8.3 6.4 9.7
v -8.2 6.4 9.7
v -8.3 6.4 7.3
v -8.2 6.4 7.3
v -8.2 6.9 12.8
v -6.5 6.9 12.8
v -6.9 6.9 6.5
v -6.5 6.9 6.5
v -7 6.9 6.4
v -6.9 6.9 6.4
v -7.1 6.9 6.3
v -7 6.9 6.3
v -7.1 6.9 5.7
v -7 6.9 5.7
v -7 6.9 5.6
v -6.9 6.9 5.6
v -6.9 6.9 5.5
v -6.5 6.9 5.5
v -8.2 6.9 0.400001
v -6.5 6.9 0.400001
v -8.2 6.9 0.200001
v -6.5 6.9 0.200001
v -8.2 6.9 0.1
v -6.5 6.9 0.1
v 12.1 7.1 12.8
v 12.6 7.1 12.8
v 12.6 7.1 0.700001
v 12.6 7.1 0.1
v 12.4 7.1 0
v 12.6 7.1 0
v 12.1 7.1 -12.6
v 12.4 7.1 -12.6
v 12 7.2 12.8
v 12.1 7.2 12.8
v 12 7.2 -12.6
v 12.1 7.2 -12.6
v -6.4 7.3 10.2
v -5.8 7.3 10.2
v -6 7.3 7.1
v -5.8 7.3 7.1
v -6 7.3 7
v -5.6 7.3 7
v -6.4 7.3 6.8
v -5.6 7.3 6.8
v -6.4 7.3 5.3
v -5.8 7.3 5.3
v -6.4 7.3 1.7
v -5.8 7.3 1.7
v -12.7 7.3 0.400001
v -6.4 7.3 0.400001
v -12.7 7.3 0.3
v -6.4 7.3 0.3
v -5.8 7.4 10.2
v -5.6 7.4 10.2
v -5.8 7.4 7.1
v -5.6 7.4 7.1
v -5.8 7.4 5.3
v -5.6 7.4 5.3
v -5.8 7.4 1.7
v -5.6 7.4 1.7
v -5.7 9.2 1
v -5.6 9.2 1
v -5.7 9.2 0.1
v -5.6 9.2 0.1
v -6.4 9.6 0.6
v -6.3 9.6 0.6
v -6.4 9.6 0.3
v -6.3 9.6 0.3
v -6.4 9.6 0.200001
v -6.3 9.6 0.200001
v -6.4 9.6 0.1
v -6.4 9.6 0
v -6.3 9.6 0
v -6.4 9.6 -12.6
v -6.3 9.6 -12.6
v -6.4 9.6 -12.8
v -6.3 9.6 -12.8
v -5.7 9.8 1.1
v -5.6 9.8 1.1
v -5.7 9.8 1
v -5.6 9.8 1
v -6.3 10 0.8
v -6.2 10 0.8
v -12.7 10 0.3
v -6.4 10 0.3
v -12.7 10 0.200001
v -6.4 10 0.200001
v -6.3 10 0
v -6.2 10 0
v -6.3 10 -12.6
v -6.2 10 -12.6
v -6.3 10 -12.8
v -6.2 10 -12.8
v -6.2 10.5 0.400001
v -6.1 10.5 0.400001
v -6.2 10.5 0
v -6.1 10.5 0
v -6.2 10.5 -12.5
v -6.1 10.5 -12.5
v -6.2 10.5 -12.8
v -6.1 10.5 -12.8
v -5.7 10.6 0.8
v -5.6 10.6 0.8
v -5.7 10.6 0
v -5.6 10.6 0
v -5.7 10.6 -12.5
v -5.6 10.6 -12.5
v -5.7 10.6 -12.6
v -5.6 10.6 -12.6
v -12.8 10.7 1
v -12.7 10.7 1
v -5.9 10.7 0.8
v -5.7 10.7 0.8
v -12.8 10.7 0.200001
v -12.7 10.7 0.200001
v -5.9 10.7 0
v -5.7 10.7 0
v -5.9 10.7 -12.5
v -5.7 10.7 -12.5
v -5.9 10.7 -12.6
v -5.7 10.7 -12.6
v -6.1 10.8 0.8
v -5.9 10.8 0.8
v -6.1 10.8 0
v -5.9 10.8 0
v -6.1 10.8 -12.5
v -5.9 10.8 -12.5
v -6.1 10.8 -12.6
v -5.9 10.8 -12.6
v -5.7 11.1 2.3
v -5.6 11.1 2.3
v -5.7 11.1 2.1
v -5.6 11.1 2.1
v -5.7 11.2 2.4
v -5.6 11.2 2.4
v -5.7 11.2 2.3
v -5.6 11.2 2.3
v -5.7 11.2 2.1
v -5.6 11.2 2.1
v -5.7 11.2 1.9
v -5.6 11.2 1.9
v -5.7 11.3 1.9
v -5.6 11.3 1.9
v -5.7 11.3 1.6
v -5.6 11.3 1.6
v -5.7 11.4 1.6
v -5.6 11.4 1.6
v -5.7 11.4 1.4
v -5.6 11.4 1.4
v -5.7 11.5 1.4
v -5.6 11.5 1.4
v -5.7 11.5 1.1
v -5.6 11.5 1.1
v -5.7 11.6 5.9
v -5.6 11.6 5.9
v -5.7 11.6 5.7
v -5.6 11.6 5.7
v -5.7 11.7 5.7
v -5.6 11.7 5.7
v -5.7 11.7 5.5
v -5.6 11.7 5.5
v -5.7 11.7 2.5
v -5.6 11.7 2.5
v -5.7 11.7 2.4
v -5.6 11.7 2.4
v -5.8 11.7 0.900001
v -5.7 11.7 0.900001
v -5.8 11.7 0.8
v -5.7 11.7 0.8
v -5.7 11.8 5.5
v -5.6 11.8 5.5
v -5.7 11.8 5.2
v -5.6 11.8 5.2
v -5.7 11.9 9
v -5.6 11.9 9
v -5.7 11.9 5.8
v -5.6 11.9 5.8
v -5.7 11.9 5.2
v -5.6 11.9 5.2
v -5.8 11.9 5
v -5.7 11.9 5
v -5.7 11.9 2.5
v -5.6 11.9 2.5
v -5.7 11.9 1.1
v -5.9 11.9 1
v -5.8 11.9 1
v -5.8 11.9 0.900001
v -5.7 11.9 0.900001
v -5.9 11.9 0.400001
v -5.8 11.9 0.400001
v -12.7 11.9 0
v -5.9 11.9 0
v -12.7 11.9 -0.0999994
v -5.9 11.9 -0.0999994
v -8.5 11.9 -12.3
v -5.9 11.9 -12.3
v -11.1 11.9 -12.4
v -8.5 11.9 -12.4
v -12.7 11.9 -12.5
v -11.1 11.9 -12.5
v -12.7 11.9 -12.6
v -5.9 11.9 -12.6
v -5.7 12.6 5.9
v -5.6 12.6 5.9
v -5.7 12.6 5.8
v -5.6 12.6 5.8
v -12.7 12.8 12.8
v -5.6 12.8 12.8
v -5.2 12.8 12.8
v -4.4 12.8 12.8
v 11.8 12.8 12.8
v 12.6 12.8 12.8
v 12.8 12.8 12.8
v -5.7 12.8 8.8
v -5.6 12.8 8.8
v -5.7 12.8 5.8
v -5.6 12.8 5.8
v -5.7 12.8 5.2
v -5.6 12.8 5.2
v -5.8 12.8 4.8
v -5.7 12.8 4.8
v -5.7 12.8 2.5
v -5.6 12.8 2.5
v -5.8 12.8 0.900001
v -5.7 12.8 0.900001
v -5.9 12.8 0.8
v -5.8 12.8 0.8
v 12.6 12.8 0.6
v 12.7 12.8 0.6
v -12.8 12.8 0.200001
v -12.7 12.8 0.200001
v -5.7 12.8 0.200001
v -5.6 12.8 0.200001
v -5.2 12.8 0.1
v -4.4 12.8 0.1
v 12.6 12.8 0.1
v 12.7 12.8 0.1
v -12.7 12.8 0
v -5.9 12.8 0
v -5.8 12.8 0
v -5.7 12.8 0
v 12.4 12.8 0
v 12.6 12.8 0
v 12.7 12.8 0
v -12.7 12.8 -12.6
v 11.8 12.8 -12.6
v -12.8 12.8 -12.8
v 11.8 12.8 -12.8
v 12.4 12.8 -12.8
v 12.8 12.8 -12.8

# faces
f 3/4/1 2/4/1 1/4/1
f 4/4/1 2/4/1 3/4/1
f 5/4/1 2/4/1 4/4/1
f 6/4/1 2/4/1 5/4/1
f 7/4/1 2/4/1 6/4/1
f 8/4/1 2/4/1 7/4/1
f 11/4/1 10/4/1 9/4/1
f 12/4/1 10/4/1 11/4/1
f 13/3/1 12/3/1 11/3/1
f 14/3/1 12/3/1 13/3/1
f 17/4/1 16/4/1 15/4/1
f 18/4/1 16/4/1 17/4/1
f 21/4/1 20/4/1 19/4/1
f 22/4/1 20/4/1 21/4/1
f 25/4/1 24/4/1 23/4/1
f 26/4/1 24/4/1 25/4/1
f 29/4/1 28/4/1 27/4/1
f 30/4/1 28/4/1 29/4/1
f 33/4/1 32/4/1 31/4/1
f 34/4/1 32/4/1 33/4/1
f 37/4/1 36/4/1 35/4/1
f 38/4/1 36/4/1 37/4/1
f 41/4/1 40/4/1 39/4/1
f 42/4/1 40/4/1 41/4/1
f 45/4/1 44/4/1 43/4/1
f 46/4/1 44/4/1 45/4/1
f 49/4/1 48/4/1 47/4/1
f 50/4/1 48/4/1 49/4/1
f 53/3/1 52/3/1 51/3/1
f 54/3/1 52/3/1 53/3/1
f 59/3/1 56/3/1 55/3/1
f 60/3/1 56/3/1 59/3/1
f 61/3/1 58/3/1 57/3/1
f 62/3/1 58/3/1 61/3/1
f 65/4/1 64/4/1 63/4/1
f 66/4/1 64/4/1 65/4/1
f 69/4/1 68/4/1 67/4/1
f 70/4/1 68/4/1 69/4/1
f 75/3/1 72/3/1 71/3/1
f 76/3/1 72/3/1 75/3/1
f 77/3/1 74/3/1 73/3/1
f 78/3/1 74/3/1 77/3/1
f 83/3/1 80/3/1 79/3/1
f 84/3/1 80/3/1 83/3/1
f 85/3/1 82/3/1 81/3/1
f 86/3/1 82/3/1 85/3/1
f 91/3/1 88/3/1 87/3/1
f 92/3/1 88/3/1 91/3/1
f 93/3/1 90/3/1 89/3/1
f 94/3/1 90/3/1 93/3/1
f 99/3/1 96/3/1 95/3/1
f 100/3/1 96/3/1 99/3/1
f 101/3/1 98/3/1 97/3/1
f 102/3/1 98/3/1 101/3/1
f 107/3/1 104/3/1 103/3/1
f 108/3/1 104/3/1 107/3/1
f 109/3/1 106/3/1 105/3/1
f 110/3/1 106/3/1 109/3/1
f 113/4/1 112/4/1 111/4/1
f 114/4/1 112/4/1 113/4/1
f 117/4/1 116/4/1 115/4/1
f 118/4/1 116/4/1 117/4/1
f 123/3/1 120/3/1 119/3/1
f 124/3/1 120/3/1 123/3/1
f 125/3/1 122/3/1 121/3/1
f 126/3/1 122/3/1 125/3/1
f 131/3/1 128/3/1 127/3/1
f 132/3/1 128/3/1 131/3/1
f 133/3/1 130/3/1 129/3/1
f 134/3/1 130/3/1 133/3/1
f 139/3/1 136/3/1 135/3/1
f 140/3/1 136/3/1 139/3/1
f 141/3/1 138/3/1 137/3/1
f 142/3/1 138/3/1 141/3/1
f 147/3/1 144/3/1 143/3/1
f 148/3/1 144/3/1 147/3/1
f 149/3/1 146/3/1 145/3/1
f 150/3/1 146/3/1 149/3/1
f 155/3/1 152/3/1 151/3/1
f 156/3/1 152/3/1 155/3/1
f 157/3/1 154/3/1 153/3/1
f 158/3/1 154/3/1 157/3/1
f 161/4/1 160/4/1 159/4/1
f 162/4/1 160/4/1 161/4/1
f 167/3/1 164/3/1 163/3/1
f 168/3/1 164/3/1 167/3/1
f 169/3/1 166/3/1 165/3/1
f 170/3/1 166/3/1 169/3/1
f 173/4/1 172/4/1 171/4/1
f 174/4/1 172/4/1 173/4/1
f 177/4/1 176/4/1 175/4/1
f 178/4/1 176/4/1 177/4/1
f 185/2/1 182/2/1 181/2/1
f 186/2/1 182/2/1 185/2/1
f 187/2/1 184/2/1 183/2/1
f 188/2/1 184/2/1 187/2/1
f 189/2/1 180/2/1 179/2/1
f 190/2/1 180/2/1 189/2/1
f 197/4/1 196/4/1 195/4/1
f 198/4/1 196/4/1 197/4/1
f 199/3/1 192/3/1 191/3/1
f 200/3/1 192/3/1 199/3/1
f 201/3/1 194/3/1 193/3/1
f 202/3/1 194/3/1 201/3/1
f 207/2/1 206/2/1 205/2/1
f 211/2/1 204/2/1 203/2/1
f 212/2/1 207/2/1 205/2/1
f 212/2/1 208/2/1 207/2/1
f 213/2/1 211/2/1 203/2/1
f 213/2/1 212/2/1 211/2/1
f 214/2/1 208/2/1 212/2/1
f 214/2/1 212/2/1 213/2/1
f 215/2/1 210/2/1 209/2/1
f 216/2/1 210/2/1 215/2/1
f 219/4/1 218/4/1 217/4/1
f 220/4/1 218/4/1 219/4/1
f 227/4/1 226/4/1 225/4/1
f 228/4/1 226/4/1 227/4/1
f 229/3/1 222/3/1 221/3/1
f 230/3/1 222/3/1 229/3/1
f 231/3/1 224/3/1 223/3/1
f 232/3/1 224/3/1 231/3/1
f 235/4/1 234/4/1 233/4/1
f 236/4/1 234/4/1 235/4/1
f 239/4/1 238/4/1 237/4/1
f 240/4/1 238/4/1 239/4/1
f 243/4/1 242/4/1 241/4/1
f 244/4/1 242/4/1 243/4/1
f 247/4/1 246/4/1 245/4/1
f 248/4/1 246/4/1 247/4/1
f 253/3/1 250/3/1 249/3/1
f 254/3/1 250/3/1 253/3/1
f 255/3/1 252/3/1 251/3/1
f 256/3/1 252/3/1 255/3/1
f 259/4/1 258/4/1 257/4/1
f 260/4/1 258/4/1 259/4/1
f 263/4/1 262/4/1 261/4/1
f 264/4/1 262/4/1 263/4/1
f 269/3/1 266/3/1 265/3/1
f 270/3/1 266/3/1 269/3/1
f 271/3/1 268/3/1 267/3/1
f 272/3/1 268/3/1 271/3/1
f 275/4/1 274/4/1 273/4/1
f 276/4/1 274/4/1 275/4/1
f 279/4/1 278/4/1 277/4/1
f 280/4/1 278/4/1 279/4/1
f 283/4/1 282/4/1 281/4/1
f 284/4/1 282/4/1 283/4/1
f 287/4/1 286/4/1 285/4/1
f 288/4/1 286/4/1 287/4/1
f 291/4/1 290/4/1 289/4/1
f 292/4/1 290/4/1 291/4/1
f 297/3/1 294/3/1 293/3/1
f 298/3/1 294/3/1 297/3/1
f 299/3/1 296/3/1 295/3/1
f 300/3/1 296/3/1 299/3/1
f 303/1/1 302/1/1 301/1/1
f 304/1/1 302/1/1 303/1/1
f 309/1/1 306/1/1 305/1/1
f 310/1/1 306/1/1 309/1/1
f 311/1/1 308/1/1 307/1/1
f 312/1/1 308/1/1 311/1/1
f 319/4/1 318/4/1 317/4/1
f 320/4/1 318/4/1 319/4/1
f 321/1/1 314/1/1 313/1/1
f 322/1/1 314/1/1 321/1/1
f 323/1/1 316/1/1 315/1/1
f 324/1/1 316/1/1 323/1/1
f 327/4/1 326/4/1 325/4/1
f 328/4/1 326/4/1 327/4/1
f 331/4/1 330/4/1 329/4/1
f 332/4/1 330/4/1 331/4/1
f 335/4/1 334/4/1 333/4/1
f 336/4/1 334/4/1 335/4/1
f 337/4/1 335/4/1 333/4/1
f 338/4/1 335/4/1 337/4/1
f 339/4/1 334/4/1 336/4/1
f 340/4/1 334/4/1 339/4/1
f 341/4/1 334/4/1 340/4/1
f 345/4/1 344/4/1 343/4/1
f 346/4/1 342/4/1 341/4/1
f 346/4/1 341/4/1 340/4/1
f 347/4/1 342/4/1 346/4/1
f 348/4/1 345/4/1 343/4/1
f 349/4/1 345/4/1 348/4/1
f 350/4/1 346/4/1 340/4/1
f 354/4/1 351/4/1 350/4/1
f 355/4/1 353/4/1 352/4/1
f 356/4/1 337/4/1 333/4/1
f 358/4/1 339/4/1 336/4/1
f 359/4/1 355/4/1 354/4/1
f 359/4/1 350/4/1 340/4/1
f 359/4/1 354/4/1 350/4/1
f 360/4/1 357/4/1 356/4/1
f 361/4/1 335/4/1 338/4/1
f 362/4/1 360/4/1 356/4/1
f 362/4/1 361/4/1 360/4/1
f 362/4/1 356/4/1 333/4/1
f 363/4/1 335/4/1 361/4/1
f 363/4/1 361/4/1 362/4/1
f 364/4/1 358/4/1 336/4/1
f 364/4/1 359/4/1 358/4/1
f 365/4/1 355/4/1 359/4/1
f 365/4/1 359/4/1 364/4/1
f 365/4/1 353/4/1 355/4/1
f 372/4/1 367/4/1 366/4/1
f 373/4/1 367/4/1 372/4/1
f 374/4/1 369/4/1 368/4/1
f 375/4/1 369/4/1 374/4/1
f 376/4/1 371/4/1 370/4/1
f 377/4/1 371/4/1 376/4/1
f 380/4/1 379/4/1 378/4/1
f 381/4/1 379/4/1 380/4/1
f 384/4/1 383/4/1 382/4/1
f 385/4/1 383/4/1 384/4/1
f 388/4/1 387/4/1 386/4/1
f 389/4/1 387/4/1 388/4/1
f 394/4/1 391/4/1 390/4/1
f 395/4/1 391/4/1 394/4/1
f 396/4/1 391/4/1 395/4/1
f 397/4/1 391/4/1 396/4/1
f 398/4/1 393/4/1 392/4/1
f 399/4/1 393/4/1 398/4/1
f 404/4/1 401/4/1 400/4/1
f 405/4/1 401/4/1 404/4/1
f 406/4/1 403/4/1 402/4/1
f 407/4/1 403/4/1 406/4/1
f 410/4/1 409/4/1 408/4/1
f 411/4/1 409/4/1 410/4/1
f 412/4/1 409/4/1 411/4/1
f 417/4/1 414/4/1 413/4/1
f 418/4/1 414/4/1 417/4/1
f 419/4/1 416/4/1 415/4/1
f 420/4/1 416/4/1 419/4/1
f 423/4/1 422/4/1 421/4/1
f 424/4/1 422/4/1 423/4/1
f 427/4/1 426/4/1 425/4/1
f 430/4/1 427/4/1 425/4/1
f 430/4/1 428/4/1 427/4/1
f 431/4/1 430/4/1 429/4/1
f 432/4/1 428/4/1 430/4/1
f 432/4/1 430/4/1 431/4/1
f 436/4/1 434/4/1 433/4/1
f 440/4/1 438/4/1 437/4/1
f 441/4/1 438/4/1 440/4/1
f 443/4/1 440/4/1 439/4/1
f 443/4/1 442/4/1 441/4/1
f 443/4/1 441/4/1 440/4/1
f 445/4/1 444/4/1 443/4/1
f 447/4/1 446/4/1 445/4/1
f 448/4/1 436/4/1 435/4/1
f 450/4/1 447/4/1 445/4/1
f 450/4/1 448/4/1 447/4/1
f 450/4/1 443/4/1 439/4/1
f 450/4/1 445/4/1 443/4/1
f 451/4/1 434/4/1 436/4/1
f 451/4/1 436/4/1 448/4/1
f 451/4/1 448/4/1 450/4/1
f 452/4/1 434/4/1 451/4/1
f 453/4/1 450/4/1 449/4/1
f 453/4/1 451/4/1 450/4/1
f 454/4/1 451/4/1 453/4/1
f 457/1/1 456/1/1 455/1/1
f 458/1/1 456/1/1 457/1/1
f 461/1/1 460/1/1 459/1/1
f 462/1/1 460/1/1 461/1/1
f 465/1/1 464/1/1 463/1/1
f 466/1/1 464/1/1 465/1/1
f 469/4/1 468/4/1 467/4/1
f 470/4/1 468/4/1 469/4/1
f 473/4/1 472/4/1 471/4/1
f 474/4/1 472/4/1 473/4/1
f 477/1/1 476/1/1 475/1/1
f 478/1/1 476/1/1 477/1/1
f 481/1/1 480/1/1 479/1/1
f 482/1/1 480/1/1 481/1/1
f 485/1/1 484/1/1 483/1/1
f 486/1/1 484/1/1 485/1/1
f 489/1/1 488/1/1 487/1/1
f 490/1/1 488/1/1 489/1/1
f 493/1/1 492/1/1 491/1/1
f 494/1/1 492/1/1 493/1/1
f 497/1/1 496/1/1 495/1/1
f 498/1/1 496/1/1 497/1/1
f 501/1/1 500/1/1 499/1/1
f 502/1/1 500/1/1 501/1/1
f 505/1/1 504/1/1 503/1/1
f 506/1/1 504/1/1 505/1/1
f 509/1/1 508/1/1 507/1/1
f 510/1/1 508/1/1 509/1/1
f 513/1/1 512/1/1 511/1/1
f 514/1/1 512/1/1 513/1/1
f 517/1/1 516/1/1 515/1/1
f 518/1/1 516/1/1 517/1/1
f 521/1/1 520/1/1 519/1/1
f 522/1/1 520/1/1 521/1/1
f 525/4/1 524/4/1 523/4/1
f 526/4/1 524/4/1 525/4/1
f 529/4/1 528/4/1 527/4/1
f 530/4/1 528/4/1 529/4/1
f 535/4/1 532/4/1 531/4/1
f 536/2/1 533/2/1 532/2/1
f 536/4/1 532/4/1 535/4/1
f 537/4/1 534/4/1 533/4/1
f 537/2/1 533/2/1 536/2/1
f 538/4/1 534/4/1 537/4/1
f 539/4/1 535/4/1 531/4/1
f 541/4/1 539/4/1 531/4/1
f 541/4/1 540/4/1 539/4/1
f 542/4/1 540/4/1 541/4/1
f 543/2/1 537/2/1 536/2/1
f 544/2/1 537/2/1 543/2/1
f 549/4/1 546/4/1 545/4/1
f 551/4/1 549/4/1 545/4/1
f 551/4/1 550/4/1 549/4/1
f 552/4/1 550/4/1 551/4/1
f 553/2/1 548/2/1 547/2/1
f 554/2/1 548/2/1 553/2/1
f 557/4/1 556/4/1 555/4/1
f 558/4/1 556/4/1 557/4/1
f 561/4/1 560/4/1 559/4/1
f 562/4/1 560/4/1 561/4/1
f 563/4/1 560/4/1 562/4/1
f 564/4/1 560/4/1 563/4/1
f 565/4/1 560/4/1 564/4/1
f 566/4/1 560/4/1 565/4/1
f 569/4/2 570/4/2 571/4/2
f 571/4/2 570/4/2 572/4/2
f 567/4/2 568/4/2 573/4/2
f 573/4/2 568/4/2 574/4/2
f 572/4/2 570/4/2 575/4/2
f 575/4/2 570/4/2 576/4/2
f 576/4/2 570/4/2 580/4/2
f 577/4/2 578/4/2 581/4/2
f 579/4/2 580/4/2 583/4/2
f 580/4/2 570/4/2 583/4/2
f 583/4/2 570/4/2 584/4/2
f 581/4/2 582/4/2 585/4/2
f 579/4/2 583/4/2 586/4/2
f 584/4/2 570/4/2 587/4/2
f 587/4/2 570/4/2 588/4/2
f 585/4/2 586/4/2 589/4/2
f 577/4/2 581/4/2 589/4/2
f 581/4/2 585/4/2 589/4/2
f 586/4/2 583/4/2 590/4/2
f 589/4/2 586/4/2 590/4/2
f 588/4/2 570/4/2 591/4/2
f 591/4/2 570/4/2 592/4/2
f 590/4/2 583/4/2 593/4/2
f 593/4/2 583/4/2 594/4/2
f 588/4/2 591/4/2 596/4/2
f 596/4/2 591/4/2 597/4/2
f 597/4/2 598/4/2 599/4/2
f 596/4/2 597/4/2 599/4/2
f 595/4/2 596/4/2 599/4/2
f 599/4/2 598/4/2 600/4/2
f 600/4/2 598/4/2 601/4/2
f 602/4/2 603/4/2 604/4/2
f 604/4/2 603/4/2 605/4/2
f 606/4/2 607/4/2 608/4/2
f 608/4/2 607/4/2 609/4/2
f 610/4/2 611/4/2 612/4/2
f 612/4/2 611/4/2 613/4/2
f 614/4/2 615/4/2 616/4/2
f 616/4/2 615/4/2 617/4/2
f 618/4/2 619/4/2 620/4/2
f 620/4/2 619/4/2 621/4/2
f 622/4/2 623/4/2 624/4/2
f 624/4/2 623/4/2 625/4/2
f 626/4/2 627/4/2 628/4/2
f 628/4/2 627/4/2 629/4/2
f 630/4/2 631/4/2 632/4/2
f 632/4/2 631/4/2 633/4/2
f 634/4/2 635/4/2 636/4/2
f 636/4/2 635/4/2 637/4/2
f 638/4/2 639/4/2 640/4/2
f 640/4/2 639/4/2 641/4/2
f 642/4/2 643/4/2 644/4/2
f 644/4/2 643/4/2 645/4/2
f 646/4/2 647/4/2 648/4/2
f 648/4/2 647/4/2 649/4/2
f 650/4/2 651/4/2 652/4/2
f 652/4/2 651/4/2 653/4/2
f 654/4/2 655/4/2 656/4/2
f 656/4/2 655/4/2 657/4/2
f 658/4/2 659/4/2 660/4/2
f 660/4/2 659/4/2 661/4/2
f 662/2/2 663/2/2 668/2/2
f 668/2/2 663/2/2 669/2/2
f 664/2/2 665/2/2 670/2/2
f 670/2/2 665/2/2 671/2/2
f 666/2/2 667/2/2 672/2/2
f 672/2/2 667/2/2 673/2/2
f 674/4/2 675/4/2 676/4/2
f 676/4/2 675/4/2 677/4/2
f 678/4/2 679/4/2 680/4/2
f 680/4/2 679/4/2 681/4/2
f 682/4/2 683/4/2 684/4/2
f 684/4/2 683/4/2 685/4/2
f 686/4/2 687/4/2 688/4/2
f 688/4/2 687/4/2 689/4/2
f 690/4/2 691/4/2 692/4/2
f 692/4/2 691/4/2 693/4/2
f 694/4/2 695/4/2 696/4/2
f 696/4/2 695/4/2 697/4/2
f 698/4/2 699/4/2 700/4/2
f 700/4/2 699/4/2 701/4/2
f 702/4/2 703/4/2 704/4/2
f 704/4/2 703/4/2 705/4/2
f 706/4/2 707/4/2 708/4/2
f 708/4/2 707/4/2 709/4/2
f 710/4/2 711/4/2 712/4/2
f 712/4/2 711/4/2 713/4/2
f 714/4/2 715/4/2 716/4/2
f 716/4/2 715/4/2 717/4/2
f 718/4/2 719/4/2 720/4/2
f 720/4/2 719/4/2 721/4/2
f 722/2/2 723/2/2 726/2/2
f 726/2/2 723/2/2 727/2/2
f 727/2/2 723/2/2 728/2/2
f 728/2/2 723/2/2 729/2/2
f 724/2/2 725/2/2 730/2/2
f 730/2/2 725/2/2 731/2/2
f 732/4/2 733/4/2 734/4/2
f 732/4/2 734/4/2 735/4/2
f 735/4/2 734/4/2 736/4/2
f 736/4/2 734/4/2 737/4/2
f 738/3/2 739/3/2 740/3/2
f 740/3/2 739/3/2 741/3/2
f 742/4/2 743/4/2 746/4/2
f 746/4/2 743/4/2 747/4/2
f 744/4/2 745/4/2 748/4/2
f 748/4/2 745/4/2 749/4/2
f 750/4/2 751/4/2 754/4/2
f 754/4/2 751/4/2 755/4/2
f 755/4/2 751/4/2 756/4/2
f 756/4/2 751/4/2 757/4/2
f 752/4/2 753/4/2 758/4/2
f 758/4/2 753/4/2 759/4/2
f 760/4/2 761/4/2 762/4/2
f 762/4/2 761/4/2 763/4/2
f 763/4/2 761/4/2 764/4/2
f 765/4/2 766/4/2 769/4/2
f 769/4/2 766/4/2 770/4/2
f 767/4/2 768/4/2 771/4/2
f 771/4/2 768/4/2 772/4/2
f 773/4/2 774/4/2 777/4/2
f 777/4/2 774/4/2 778/4/2
f 775/4/2 776/4/2 780/4/2
f 778/4/2 774/4/2 781/4/2
f 781/4/2 774/4/2 782/4/2
f 779/4/2 780/4/2 783/4/2
f 780/4/2 776/4/2 784/4/2
f 783/4/2 780/4/2 784/4/2
f 789/4/2 790/4/2 791/4/2
f 791/4/2 790/4/2 792/4/2
f 785/3/2 786/3/2 793/3/2
f 793/3/2 786/3/2 794/3/2
f 787/3/2 788/3/2 795/3/2
f 795/3/2 788/3/2 796/3/2
f 797/4/2 798/4/2 799/4/2
f 799/4/2 800/4/2 803/4/2
f 797/4/2 799/4/2 805/4/2
f 803/4/2 804/4/2 805/4/2
f 799/4/2 803/4/2 805/4/2
f 805/4/2 804/4/2 806/4/2
f 801/4/2 802/4/2 808/4/2
f 806/4/2 804/4/2 809/4/2
f 809/4/2 804/4/2 810/4/2
f 807/4/2 808/4/2 811/4/2
f 808/4/2 802/4/2 812/4/2
f 811/4/2 808/4/2 812/4/2
f 813/4/2 814/4/2 815/4/2
f 815/4/2 814/4/2 816/4/2
f 817/4/2 818/4/2 819/4/2
f 819/4/2 818/4/2 820/4/2
f 821/4/2 822/4/2 825/4/2
f 825/4/2 822/4/2 826/4/2
f 823/4/2 824/4/2 827/4/2
f 827/4/2 824/4/2 828/4/2
f 829/4/2 830/4/2 831/4/2
f 829/4/2 831/4/2 835/4/2
f 831/4/2 832/4/2 835/4/2
f 835/4/2 832/4/2 836/4/2
f 836/4/2 832/4/2 838/4/2
f 838/4/2 832/4/2 839/4/2
f 839/4/2 832/4/2 840/4/2
f 840/4/2 832/4/2 841/4/2
f 833/4/2 834/4/2 842/4/2
f 842/4/2 834/4/2 843/4/2
f 837/4/2 838/4/2 844/4/2
f 838/4/2 839/4/2 844/4/2
f 839/2/2 840/2/2 844/2/2
f 844/2/2 840/2/2 845/2/2
f 837/4/2 844/4/2 846/4/2
f 844/4/2 845/4/2 846/4/2
f 846/4/2 845/4/2 847/4/2
f 847/4/2 845/4/2 848/4/2
f 848/4/2 845/4/2 849/4/2
f 849/4/2 845/4/2 850/4/2
f 850/4/2 845/4/2 851/4/2
f 852/4/2 853/4/2 854/4/2
f 854/4/2 853/4/2 855/4/2
f 856/4/2 857/4/2 858/4/2
f 856/4/2 858/4/2 862/4/2
f 858/4/2 859/4/2 862/4/2
f 862/4/2 859/4/2 863/4/2
f 860/4/2 861/4/2 864/4/2
f 860/4/2 864/4/2 866/4/2
f 864/4/2 865/4/2 866/4/2
f 866/4/2 865/4/2 867/4/2
f 867/4/2 865/4/2 868/4/2
f 867/4/2 868/4/2 870/4/2
f 868/4/2 869/4/2 870/4/2
f 870/4/2 869/4/2 871/4/2
f 871/4/2 869/4/2 872/4/2
f 872/4/2 869/4/2 873/4/2
f 871/4/2 872/4/2 874/4/2
f 874/4/2 872/4/2 875/4/2
f 876/4/2 877/4/2 878/4/2
f 878/4/2 877/4/2 879/4/2
f 880/4/2 881/4/2 882/4/2
f 880/4/2 882/4/2 885/4/2
f 882/4/2 883/4/2 885/4/2
f 885/4/2 883/4/2 886/4/2
f 884/4/2 885/4/2 886/4/2
f 886/4/2 883/4/2 887/4/2
f 884/4/2 886/4/2 892/4/2
f 892/4/2 886/4/2 893/4/2
f 888/4/2 889/4/2 894/4/2
f 894/4/2 889/4/2 895/4/2
f 890/4/2 891/4/2 896/4/2
f 896/4/2 891/4/2 897/4/2
f 898/4/2 899/4/2 901/4/2
f 901/4/2 899/4/2 902/4/2
f 900/4/2 901/4/2 904/4/2
f 902/4/2 903/4/2 904/4/2
f 901/4/2 902/4/2 904/4/2
f 904/4/2 905/4/2 906/4/2
f 906/4/2 907/4/2 908/4/2
f 910/4/2 911/4/2 912/4/2
f 912/4/2 911/4/2 913/4/2
f 913/4/2 911/4/2 914/4/2
f 900/4/2 904/4/2 917/4/2
f 904/4/2 906/4/2 917/4/2
f 906/4/2 908/4/2 917/4/2
f 908/4/2 909/4/2 917/4/2
f 914/4/2 915/4/2 918/4/2
f 913/4/2 914/4/2 918/4/2
f 913/4/2 918/4/2 921/4/2
f 918/4/2 919/4/2 921/4/2
f 921/4/2 919/4/2 922/4/2
f 916/4/2 917/4/2 924/4/2
f 917/4/2 909/4/2 925/4/2
f 924/4/2 917/4/2 925/4/2
f 922/4/2 923/4/2 926/4/2
f 920/4/2 921/4/2 926/4/2
f 921/4/2 922/4/2 926/4/2
f 926/4/2 927/4/2 930/4/2
f 920/4/2 926/4/2 930/4/2
f 930/4/2 927/4/2 931/4/2
f 928/4/2 929/4/2 932/4/2
f 931/4/2 927/4/2 934/4/2
f 934/4/2 927/4/2 935/4/2
f 931/4/2 934/4/2 936/4/2
f 935/4/2 927/4/2 938/4/2
f 938/4/2 927/4/2 939/4/2
f 939/4/2 927/4/2 940/4/2
f 932/4/2 933/4/2 943/4/2
f 928/4/2 932/4/2 943/4/2
f 936/4/2 937/4/2 944/4/2
f 931/4/2 936/4/2 944/4/2
f 944/4/2 937/4/2 945/4/2
f 940/4/2 941/4/2 946/4/2
f 939/4/2 940/4/2 946/4/2
f 946/4/2 941/4/2 947/4/2
f 942/4/2 943/4/2 948/4/2
f 943/4/2 933/4/2 949/4/2
f 948/4/2 943/4/2 949/4/2
f 945/4/2 937/4/2 950/4/2
f 950/4/2 937/4/2 951/4/2
f 947/4/2 941/4/2 952/4/2
f 952/4/2 941/4/2 953/4/2
f 949/4/2 933/4/2 954/4/2
f 954/4/2 933/4/2 955/4/2
f 956/3/2 957/3/2 960/3/2
f 960/3/2 957/3/2 961/3/2
f 958/3/2 959/3/2 962/3/2
f 962/3/2 959/3/2 963/3/2
f 964/4/2 965/4/2 966/4/2
f 966/4/2 967/4/2 968/4/2
f 964/4/2 966/4/2 970/4/2
f 968/4/2 969/4/2 970/4/2
f 966/4/2 968/4/2 970/4/2
f 970/4/2 969/4/2 971/4/2
f 964/4/2 970/4/2 972/4/2
f 972/4/2 970/4/2 973/4/2
f 971/4/2 969/4/2 974/4/2
f 974/4/2 969/4/2 975/4/2
f 975/4/2 969/4/2 976/4/2
f 975/4/2 976/4/2 978/4/2
f 976/4/2 977/4/2 978/4/2
f 978/4/2 977/4/2 979/4/2
f 975/4/2 978/4/2 980/4/2
f 980/4/2 978/4/2 981/4/2
f 964/4/2 972/4/2 982/4/2
f 973/4/2 970/4/2 983/4/2
f 971/4/2 974/4/2 984/4/2
f 975/4/2 980/4/2 985/4/2
f 982/4/2 983/4/2 988/4/2
f 983/4/2 970/4/2 988/4/2
f 984/4/2 985/4/2 989/4/2
f 971/4/2 984/4/2 989/4/2
f 986/4/2 987/4/2 992/4/2
f 992/4/2 987/4/2 993/4/2
f 990/4/2 991/4/2 994/4/2
f 994/4/2 991/4/2 995/4/2
f 988/4/2 989/4/2 996/4/2
f 985/4/2 980/4/2 996/4/2
f 989/4/2 985/4/2 996/4/2
f 986/4/2 992/4/2 997/4/2
f 988/4/2 996/4/2 998/4/2
f 996/4/2 997/4/2 998/4/2
f 998/4/2 997/4/2 999/4/2
f 988/4/2 998/4/2 1000/4/2
f 1000/4/2 998/4/2 1001/4/2
f 999/4/2 997/4/2 1002/4/2
f 1002/4/2 997/4/2 1003/4/2
f 1003/4/2 997/4/2 1004/4/2
f 1004/4/2 997/4/2 1005/4/2
f 1005/4/2 997/4/2 1006/4/2
f 1006/4/2 997/4/2 1007/4/2
f 1007/4/2 997/4/2 1008/4/2
f 1008/4/2 997/4/2 1009/4/2
f 988/4/2 1000/4/2 1010/4/2
f 1010/4/2 1000/4/2 1011/4/2
f 988/4/2 1010/4/2 1012/4/2
f 1011/4/2 1000/4/2 1014/4/2
f 1014/4/2 1000/4/2 1015/4/2
f 1015/4/2 1000/4/2 1016/4/2
f 1016/4/2 1000/4/2 1017/4/2
f 1015/4/2 1016/4/2 1018/4/2
f 1018/4/2 1016/4/2 1019/4/2
f 982/4/2 988/4/2 1020/4/2
f 1012/4/2 1013/4/2 1020/4/2
f 988/4/2 1012/4/2 1020/4/2
f 1020/4/2 1013/4/2 1021/4/2
f 1019/4/2 1016/4/2 1022/4/2
f 1022/4/2 1016/4/2 1023/4/2
f 1024/4/2 1025/4/2 1027/4/2
f 1027/4/2 1025/4/2 1028/4/2
f 1026/4/2 1027/4/2 1030/4/2
f 1028/4/2 1029/4/2 1030/4/2
f 1027/4/2 1028/4/2 1030/4/2
f 982/4/2 1020/4/2 1032/4/2
f 1030/4/2 1031/4/2 1034/4/2
f 1034/4/2 1035/4/2 1036/4/2
f 1009/4/2 997/4/2 1037/4/2
f 1038/4/2 1039/4/2 1040/4/2
f 1040/4/2 1039/4/2 1041/4/2
f 1041/4/2 1039/4/2 1042/4/2
f 1034/4/2 1036/4/2 1045/4/2
f 1026/4/2 1030/4/2 1045/4/2
f 1030/4/2 1034/4/2 1045/4/2
f 1036/4/2 1037/4/2 1045/4/2
f 1032/4/2 1033/4/2 1046/4/2
f 1042/4/2 1043/4/2 1048/4/2
f 1041/4/2 1042/4/2 1048/4/2
f 997/4/2 992/4/2 1050/4/2
f 1044/4/2 1045/4/2 1050/4/2
f 1045/4/2 1037/4/2 1050/4/2
f 1037/4/2 997/4/2 1050/4/2
f 964/4/2 982/4/2 1052/4/2
f 1046/4/2 1047/4/2 1052/4/2
f 1032/4/2 1046/4/2 1052/4/2
f 982/4/2 1032/4/2 1052/4/2
f 1052/4/2 1047/4/2 1053/4/2
f 1048/4/2 1049/4/2 1054/4/2
f 1041/4/2 1048/4/2 1054/4/2
f 1054/4/2 1049/4/2 1055/4/2
f 1050/4/2 1051/4/2 1056/4/2
f 1044/4/2 1050/4/2 1056/4/2
f 1056/4/2 1051/4/2 1057/4/2
f 1058/3/2 1059/3/2 1062/3/2
f 1062/3/2 1059/3/2 1063/3/2
f 1060/3/2 1061/3/2 1064/3/2
f 1064/3/2 1061/3/2 1065/3/2
f 1066/3/2 1067/3/2 1070/3/2
f 1070/3/2 1067/3/2 1071/3/2
f 1068/3/2 1069/3/2 1072/3/2
f 1072/3/2 1069/3/2 1073/3/2
f 1074/3/2 1075/3/2 1078/3/2
f 1078/3/2 1075/3/2 1079/3/2
f 1076/3/2 1077/3/2 1080/3/2
f 1080/3/2 1077/3/2 1081/3/2
f 1082/3/2 1083/3/2 1086/3/2
f 1086/3/2 1083/3/2 1087/3/2
f 1084/3/2 1085/3/2 1088/3/2
f 1088/3/2 1085/3/2 1089/3/2
f 1090/3/2 1091/3/2 1094/3/2
f 1094/3/2 1091/3/2 1095/3/2
f 1092/3/2 1093/3/2 1096/3/2
f 1096/3/2 1093/3/2 1097/3/2
f 1102/4/2 1103/4/2 1104/4/2
f 1104/4/2 1103/4/2 1105/4/2
f 1098/3/2 1099/3/2 1106/3/2
f 1106/3/2 1099/3/2 1107/3/2
f 1100/3/2 1101/3/2 1108/3/2
f 1108/3/2 1101/3/2 1109/3/2
f 1110/1/2 1111/1/2 1112/1/2
f 1112/1/2 1111/1/2 1113/1/2
f 1114/3/2 1115/3/2 1118/3/2
f 1118/3/2 1115/3/2 1119/3/2
f 1116/3/2 1117/3/2 1120/3/2
f 1120/3/2 1117/3/2 1121/3/2
f 1122/4/2 1123/4/2 1124/4/2
f 1124/4/2 1123/4/2 1125/4/2
f 1126/1/2 1127/1/2 1128/1/2
f 1128/1/2 1127/1/2 1129/1/2
f 1130/3/2 1131/3/2 1134/3/2
f 1134/3/2 1131/3/2 1135/3/2
f 1132/3/2 1133/3/2 1136/3/2
f 1136/3/2 1133/3/2 1137/3/2
f 1138/1/2 1139/1/2 1140/1/2
f 1140/1/2 1139/1/2 1141/1/2
f 1142/3/2 1143/3/2 1146/3/2
f 1146/3/2 1143/3/2 1147/3/2
f 1144/3/2 1145/3/2 1148/3/2
f 1148/3/2 1145/3/2 1149/3/2
f 1150/3/2 1151/3/2 1154/3/2
f 1154/3/2 1151/3/2 1155/3/2
f 1152/3/2 1153/3/2 1156/3/2
f 1156/3/2 1153/3/2 1157/3/2
f 1158/3/2 1159/3/2 1162/3/2
f 1162/3/2 1159/3/2 1163/3/2
f 1160/3/2 1161/3/2 1164/3/2
f 1164/3/2 1161/3/2 1165/3/2
f 1166/3/2 1167/3/2 1170/3/2
f 1170/3/2 1167/3/2 1171/3/2
f 1168/3/2 1169/3/2 1172/3/2
f 1172/3/2 1169/3/2 1173/3/2
f 1174/3/2 1175/3/2 1178/3/2
f 1178/3/2 1175/3/2 1179/3/2
f 1176/3/2 1177/3/2 1180/3/2
f 1180/3/2 1177/3/2 1181/3/2
f 1182/3/2 1183/3/2 1186/3/2
f 1186/3/2 1183/3/2 1187/3/2
f 1184/3/2 1185/3/2 1188/3/2
f 1188/3/2 1185/3/2 1189/3/2
f 1190/3/2 1191/3/2 1194/3/2
f 1194/3/2 1191/3/2 1195/3/2
f 1192/3/2 1193/3/2 1196/3/2
f 1196/3/2 1193/3/2 1197/3/2
f 1198/3/2 1199/3/2 1200/3/2
f 1200/3/2 1199/3/2 1201/3/2
f 1202/4/2 1203/4/2 1204/4/2
f 1204/4/2 1203/4/2 1205/4/2
f 1206/4/2 1207/4/2 1208/4/2
f 1208/4/2 1207/4/2 1209/4/2
f 1210/4/2 1211/4/2 1212/4/2
f 1212/4/2 1213/4/2 1214/4/2
f 1210/4/2 1212/4/2 1216/4/2
f 1214/4/2 1215/4/2 1216/4/2
f 1212/4/2 1214/4/2 1216/4/2
f 1216/4/2 1215/4/2 1217/4/2
f 1218/4/2 1219/4/2 1220/4/2
f 1220/4/2 1219/4/2 1221/4/2
f 1222/1/2 1223/1/2 1224/1/2
f 1224/1/2 1223/1/2 1225/1/2
f 1226/1/2 1227/1/2 1228/1/2
f 1228/1/2 1227/1/2 1229/1/2
f 1230/1/2 1231/1/2 1232/1/2
f 1232/1/2 1231/1/2 1233/1/2
f 1234/1/2 1235/1/2 1236/1/2
f 1236/1/2 1235/1/2 1237/1/2
f 1238/1/2 1239/1/2 1240/1/2
f 1240/1/2 1239/1/2 1241/1/2
f 1242/1/2 1243/1/2 1244/1/2
f 1244/1/2 1243/1/2 1245/1/2
f 1246/1/2 1247/1/2 1248/1/2
f 1248/1/2 1247/1/2 1249/1/2
f 1250/1/2 1251/1/2 1252/1/2
f 1252/1/2 1251/1/2 1253/1/2
f 1254/1/2 1255/1/2 1256/1/2
f 1256/1/2 1255/1/2 1257/1/2
f 1258/4/2 1259/4/2 1260/4/2
f 1260/4/2 1259/4/2 1261/4/2
f 1262/1/2 1263/1/2 1264/1/2
f 1264/1/2 1263/1/2 1265/1/2
f 1266/1/2 1267/1/2 1268/1/2
f 1268/1/2 1267/1/2 1269/1/2
f 1270/4/2 1271/4/2 1272/4/2
f 1272/4/2 1271/4/2 1273/4/2
f 1276/4/3 1275/4/3 1274/4/3
f 1283/2/3 1282/2/3 1281/2/3
f 1284/2/3 1282/2/3 1283/2/3
f 1285/4/3 1277/4/3 1276/4/3
f 1285/3/3 1278/3/3 1277/3/3
f 1286/3/3 1278/3/3 1285/3/3
f 1287/4/3 1280/4/3 1279/4/3
f 1288/4/3 1286/4/3 1285/4/3
f 1288/4/3 1287/4/3 1286/4/3
f 1288/4/3 1285/4/3 1276/4/3
f 1289/4/3 1280/4/3 1287/4/3
f 1289/4/3 1287/4/3 1288/4/3
f 1293/1/3 1291/1/3 1290/1/3
f 1295/1/3 1293/1/3 1292/1/3
f 1296/1/3 1295/1/3 1294/1/3
f 1297/1/3 1293/1/3 1295/1/3
f 1297/1/3 1295/1/3 1296/1/3
f 1298/1/3 1293/1/3 1297/1/3
f 1299/1/3 1291/1/3 1293/1/3
f 1299/1/3 1293/1/3 1298/1/3
f 1300/1/3 1291/1/3 1299/1/3
f 1301/1/3 1291/1/3 1300/1/3
f 1302/4/3 1276/4/3 1274/4/3
f 1302/4/3 1288/4/3 1276/4/3
f 1303/4/3 1288/4/3 1302/4/3
f 1304/4/3 1302/4/3 1274/4/3
f 1305/4/3 1302/4/3 1304/4/3
f 1307/1/3 1305/1/3 1304/1/3
f 1307/1/3 1306/1/3 1305/1/3
f 1309/1/3 1308/1/3 1307/1/3
f 1311/1/3 1309/1/3 1307/1/3
f 1311/1/3 1310/1/3 1309/1/3
f 1312/1/3 1310/1/3 1311/1/3
f 1313/1/3 1307/1/3 1304/1/3
f 1313/1/3 1311/1/3 1307/1/3
f 1314/1/3 1311/1/3 1313/1/3
f 1315/4/3 1304/4/3 1274/4/3
f 1315/1/3 1313/1/3 1304/1/3
f 1316/1/3 1313/1/3 1315/1/3
f 1317/4/3 1315/4/3 1274/4/3
f 1319/1/3 1318/1/3 1317/1/3
f 1321/1/3 1320/1/3 1319/1/3
f 1323/1/3 1321/1/3 1319/1/3
f 1323/1/3 1322/1/3 1321/1/3
f 1324/1/3 1322/1/3 1323/1/3
f 1325/1/3 1319/1/3 1317/1/3
f 1325/1/3 1323/1/3 1319/1/3
f 1326/1/3 1323/1/3 1325/1/3
f 1327/4/3 1317/4/3 1274/4/3
f 1327/1/3 1325/1/3 1317/1/3
f 1328/1/3 1325/1/3 1327/1/3
f 1332/1/3 1330/1/3 1329/1/3
f 1336/1/3 1332/1/3 1331/1/3
f 1338/1/3 1334/1/3 1333/1/3
f 1339/1/3 1334/1/3 1338/1/3
f 1341/1/3 1338/1/3 1337/1/3
f 1342/1/3 1336/1/3 1335/1/3
f 1343/1/3 1332/1/3 1336/1/3
f 1343/1/3 1336/1/3 1342/1/3
f 1344/1/3 1332/1/3 1343/1/3
f 1345/1/3 1330/1/3 1332/1/3
f 1345/1/3 1332/1/3 1344/1/3
f 1346/4/3 1327/4/3 1274/4/3
f 1347/4/3 1327/4/3 1346/4/3
f 1348/4/3 1327/4/3 1347/4/3
f 1349/1/3 1341/1/3 1340/1/3
f 1350/1/3 1338/1/3 1341/1/3
f 1350/1/3 1341/1/3 1349/1/3
f 1351/1/3 1330/1/3 1345/1/3
f 1352/1/3 1330/1/3 1351/1/3
f 1353/2/3 1347/2/3 1346/2/3
f 1354/4/3 1350/4/3 1349/4/3
f 1354/2/3 1347/2/3 1353/2/3
f 1354/4/3 1348/4/3 1347/4/3
f 1354/4/3 1352/4/3 1351/4/3
f 1354/4/3 1351/4/3 1350/4/3
f 1354/4/3 1349/4/3 1348/4/3
f 1355/4/3 1354/4/3 1353/4/3
f 1356/4/3 1352/4/3 1354/4/3
f 1356/4/3 1354/4/3 1355/4/3
f 1359/2/3 1358/2/3 1357/2/3
f 1360/2/3 1358/2/3 1359/2/3
f 1361/2/3 1358/2/3 1360/2/3
f 1364/4/3 1363/4/3 1362/4/3
f 1365/4/3 1363/4/3 1364/4/3
f 1368/4/3 1367/4/3 1366/4/3
f 1369/4/3 1367/4/3 1368/4/3
f 1370/4/3 1367/4/3 1369/4/3
f 1371/4/3 1367/4/3 1370/4/3
f 1374/4/3 1373/4/3 1372/4/3
f 1375/4/3 1373/4/3 1374/4/3
f 1378/1/3 1377/1/3 1376/1/3
f 1379/1/3 1377/1/3 1378/1/3
f 1380/1/3 1377/1/3 1379/1/3
f 1383/1/3 1382/1/3 1381/1/3
f 1384/1/3 1382/1/3 1383/1/3
f 1387/1/3 1386/1/3 1385/1/3
f 1388/1/3 1386/1/3 1387/1/3
f 1391/4/3 1390/4/3 1389/4/3
f 1392/4/3 1390/4/3 1391/4/3
f 1395/4/3 1394/4/3 1393/4/3
f 1396/4/3 1394/4/3 1395/4/3
f 1399/4/3 1398/4/3 1397/4/3
f 1400/4/3 1398/4/3 1399/4/3
f 1403/4/3 1402/4/3 1401/4/3
f 1404/4/3 1402/4/3 1403/4/3
f 1407/4/3 1406/4/3 1405/4/3
f 1408/4/3 1406/4/3 1407/4/3
f 1411/2/3 1410/2/3 1409/2/3
f 1412/2/3 1410/2/3 1411/2/3
f 1413/2/3 1410/2/3 1412/2/3
f 1416/4/3 1415/4/3 1414/4/3
f 1417/4/3 1415/4/3 1416/4/3
f 1420/4/3 1419/4/3 1418/4/3
f 1421/4/3 1419/4/3 1420/4/3
f 1424/4/3 1423/4/3 1422/4/3
f 1425/4/3 1423/4/3 1424/4/3
f 1428/4/3 1427/4/3 1426/4/3
f 1429/4/3 1427/4/3 1428/4/3
f 1432/4/3 1431/4/3 1430/4/3
f 1433/4/3 1431/4/3 1432/4/3
f 1436/4/3 1435/4/3 1434/4/3
f 1437/4/3 1435/4/3 1436/4/3
f 1438/4/3 1435/4/3 1437/4/3
f 1439/4/3 1435/4/3 1438/4/3
f 1442/4/3 1441/4/3 1440/4/3
f 1443/4/3 1441/4/3 1442/4/3
f 1446/4/3 1445/4/3 1444/4/3
f 1447/4/3 1445/4/3 1446/4/3
f 1451/4/3 1449/4/3 1448/4/3
f 1451/4/3 1450/4/3 1449/4/3
f 1452/4/3 1450/4/3 1451/4/3
f 1455/4/3 1454/4/3 1453/4/3
f 1456/4/3 1454/4/3 1455/4/3
f 1457/4/3 1454/4/3 1456/4/3
f 1458/4/3 1454/4/3 1457/4/3
f 1461/4/3 1460/4/3 1459/4/3
f 1462/4/3 1460/4/3 1461/4/3
f 1465/4/3 1464/4/3 1463/4/3
f 1466/4/3 1464/4/3 1465/4/3
f 1469/4/3 1468/4/3 1467/4/3
f 1470/4/3 1468/4/3 1469/4/3
f 1475/4/3 1472/4/3 1471/4/3
f 1477/4/3 1476/4/3 1475/4/3
f 1479/4/3 1478/4/3 1477/4/3
f 1481/4/3 1480/4/3 1479/4/3
f 1483/4/3 1474/4/3 1473/4/3
f 1484/4/3 1474/4/3 1483/4/3
f 1487/4/3 1474/4/3 1484/4/3
f 1488/4/3 1474/4/3 1487/4/3
f 1491/4/3 1490/4/3 1489/4/3
f 1492/4/3 1490/4/3 1491/4/3
f 1495/4/3 1494/4/3 1493/4/3
f 1496/4/3 1494/4/3 1495/4/3
f 1499/4/3 1498/4/3 1497/4/3
f 1500/4/3 1498/4/3 1499/4/3
f 1503/4/3 1502/4/3 1501/4/3
f 1504/4/3 1502/4/3 1503/4/3
f 1505/4/3 1482/4/3 1481/4/3
f 1507/4/3 1486/4/3 1485/4/3
f 1508/4/3 1474/4/3 1488/4/3
f 1509/4/3 1506/4/3 1505/4/3
f 1509/4/3 1475/4/3 1471/4/3
f 1509/4/3 1477/4/3 1475/4/3
f 1509/4/3 1479/4/3 1477/4/3
f 1509/4/3 1481/4/3 1479/4/3
f 1509/4/3 1505/4/3 1481/4/3
f 1510/4/3 1506/4/3 1509/4/3
f 1511/4/3 1508/4/3 1507/4/3
f 1511/4/3 1507/4/3 1485/4/3
f 1512/4/3 1474/4/3 1508/4/3
f 1512/4/3 1508/4/3 1511/4/3
f 1517/4/3 1514/4/3 1513/4/3
f 1518/4/3 1514/4/3 1517/4/3
f 1519/4/3 1514/4/3 1518/4/3
f 1520/4/3 1514/4/3 1519/4/3
f 1521/4/3 1519/4/3 1518/4/3
f 1522/4/3 1519/4/3 1521/4/3
f 1523/4/3 1516/4/3 1515/4/3
f 1524/4/3 1516/4/3 1523/4/3
f 1527/4/3 1526/4/3 1525/4/3
f 1528/4/3 1526/4/3 1527/4/3
f 1529/4/3 1526/4/3 1528/4/3
f 1532/4/3 1531/4/3 1530/4/3
f 1533/4/3 1531/4/3 1532/4/3
f 1534/4/3 1531/4/3 1533/4/3
f 1535/4/3 1531/4/3 1534/4/3
f 1536/4/3 1531/4/3 1535/4/3
f 1537/4/3 1531/4/3 1536/4/3
f 1538/4/3 1531/4/3 1537/4/3
f 1539/4/3 1531/4/3 1538/4/3
f 1540/4/3 1531/4/3 1539/4/3
f 1541/4/3 1531/4/3 1540/4/3
f 1542/4/3 1531/4/3 1541/4/3
f 1543/4/3 1531/4/3 1542/4/3
f 1544/4/3 1531/4/3 1543/4/3
f 1545/4/3 1531/4/3 1544/4/3
f 1551/2/3 1548/2/3 1547/2/3
f 1551/2/3 1550/2/3 1549/2/3
f 1551/2/3 1549/2/3 1548/2/3
f 1551/2/3 1547/2/3 1546/2/3
f 1552/2/3 1550/2/3 1551/2/3
f 1555/4/3 1554/4/3 1553/4/3
f 1556/4/3 1554/4/3 1555/4/3
f 1562/4/3 1560/4/3 1559/4/3
f 1562/4/3 1561/4/3 1560/4/3
f 1564/4/3 1558/4/3 1557/4/3
f 1565/4/3 1558/4/3 1564/4/3
f 1566/4/3 1563/4/3 1562/4/3
f 1566/4/3 1562/4/3 1559/4/3
f 1567/4/3 1563/4/3 1566/4/3
f 1570/3/3 1569/3/3 1568/3/3
f 1571/3/3 1569/3/3 1570/3/3
f 1574/3/3 1573/3/3 1572/3/3
f 1575/3/3 1573/3/3 1574/3/3
f 1578/3/3 1577/3/3 1576/3/3
f 1579/3/3 1577/3/3 1578/3/3
f 1582/3/3 1581/3/3 1580/3/3
f 1583/3/3 1581/3/3 1582/3/3
f 1586/3/3 1585/3/3 1584/3/3
f 1587/3/3 1585/3/3 1586/3/3
f 1590/3/3 1589/3/3 1588/3/3
f 1591/3/3 1589/3/3 1590/3/3
f 1594/3/3 1593/3/3 1592/3/3
f 1595/3/3 1593/3/3 1594/3/3
f 1598/3/3 1597/3/3 1596/3/3
f 1599/3/3 1597/3/3 1598/3/3
f 1602/3/3 1601/3/3 1600/3/3
f 1603/3/3 1601/3/3 1602/3/3
f 1606/3/3 1605/3/3 1604/3/3
f 1607/3/3 1605/3/3 1606/3/3
f 1610/3/3 1609/3/3 1608/3/3
f 1611/3/3 1609/3/3 1610/3/3
f 1614/3/3 1613/3/3 1612/3/3
f 1615/3/3 1613/3/3 1614/3/3
f 1618/3/3 1617/3/3 1616/3/3
f 1619/3/3 1617/3/3 1618/3/3
f 1622/3/3 1621/3/3 1620/3/3
f 1623/3/3 1621/3/3 1622/3/3
f 1626/3/3 1625/3/3 1624/3/3
f 1627/3/3 1625/3/3 1626/3/3
f 1630/3/3 1629/3/3 1628/3/3
f 1631/3/3 1629/3/3 1630/3/3
f 1634/3/3 1633/3/3 1632/3/3
f 1635/3/3 1633/3/3 1634/3/3
f 1638/3/3 1637/3/3 1636/3/3
f 1639/3/3 1637/3/3 1638/3/3
f 1642/3/3 1641/3/3 1640/3/3
f 1643/3/3 1641/3/3 1642/3/3
f 1646/3/3 1645/3/3 1644/3/3
f 1647/3/3 1645/3/3 1646/3/3
f 1650/3/3 1649/3/3 1648/3/3
f 1651/3/3 1649/3/3 1650/3/3
f 1654/3/3 1653/3/3 1652/3/3
f 1655/3/3 1653/3/3 1654/3/3
f 1658/3/3 1657/3/3 1656/3/3
f 1659/3/3 1657/3/3 1658/3/3
f 1662/3/3 1661/3/3 1660/3/3
f 1663/3/3 1661/3/3 1662/3/3
f 1666/3/3 1665/3/3 1664/3/3
f 1667/3/3 1665/3/3 1666/3/3
f 1670/3/3 1669/3/3 1668/3/3
f 1671/3/3 1669/3/3 1670/3/3
f 1674/3/3 1673/3/3 1672/3/3
f 1675/3/3 1673/3/3 1674/3/3
f 1678/3/3 1677/3/3 1676/3/3
f 1679/3/3 1677/3/3 1678/3/3
f 1682/3/3 1681/3/3 1680/3/3
f 1683/3/3 1681/3/3 1682/3/3
f 1686/3/3 1685/3/3 1684/3/3
f 1687/3/3 1685/3/3 1686/3/3
f 1690/3/3 1689/3/3 1688/3/3
f 1691/3/3 1689/3/3 1690/3/3
f 1694/3/3 1693/3/3 1692/3/3
f 1695/3/3 1693/3/3 1694/3/3
f 1698/3/3 1697/3/3 1696/3/3
f 1699/3/3 1697/3/3 1698/3/3
f 1702/3/3 1701/3/3 1700/3/3
f 1703/3/3 1701/3/3 1702/3/3
f 1706/3/3 1705/3/3 1704/3/3
f 1707/3/3 1705/3/3 1706/3/3
f 1711/4/3 1709/4/3 1708/4/3
f 1713/4/3 1711/4/3 1710/4/3
f 1715/4/3 1713/4/3 1712/4/3
f 1717/4/3 1715/4/3 1714/4/3
f 1718/4/3 1717/4/3 1716/4/3
f 1719/4/3 1715/4/3 1717/4/3
f 1719/4/3 1717/4/3 1718/4/3
f 1720/4/3 1715/4/3 1719/4/3
f 1721/4/3 1709/4/3 1711/4/3
f 1721/4/3 1715/4/3 1720/4/3
f 1721/4/3 1711/4/3 1713/4/3
f 1721/4/3 1713/4/3 1715/4/3
f 1725/4/3 1723/4/3 1722/4/3
f 1727/4/3 1725/4/3 1724/4/3
f 1729/4/3 1727/4/3 1726/4/3
f 1731/4/3 1729/4/3 1728/4/3
f 1732/4/3 1723/4/3 1725/4/3
f 1732/4/3 1731/4/3 1730/4/3
f 1732/4/3 1729/4/3 1731/4/3
f 1732/4/3 1725/4/3 1727/4/3
f 1732/4/3 1727/4/3 1729/4/3
f 1733/4/3 1723/4/3 1732/4/3
f 1735/4/3 1732/4/3 1730/4/3
f 1737/4/3 1735/4/3 1734/4/3
f 1738/4/3 1732/4/3 1735/4/3
f 1738/4/3 1735/4/3 1737/4/3
f 1739/4/3 1732/4/3 1738/4/3
f 1741/4/3 1737/4/3 1736/4/3
f 1741/4/3 1738/4/3 1737/4/3
f 1742/4/3 1738/4/3 1741/4/3
f 1743/4/3 1738/4/3 1742/4/3
f 1744/4/3 1741/4/3 1740/4/3
f 1744/4/3 1742/4/3 1741/4/3
f 1745/4/3 1742/4/3 1744/4/3
f 1747/4/3 1744/4/3 1740/4/3
f 1749/4/3 1747/4/3 1746/4/3
f 1750/4/3 1744/4/3 1747/4/3
f 1750/4/3 1747/4/3 1749/4/3
f 1751/4/3 1744/4/3 1750/4/3
f 1752/4/3 1749/4/3 1748/4/3
f 1752/4/3 1750/4/3 1749/4/3
f 1753/4/3 1750/4/3 1752/4/3
f 1754/4/3 1750/4/3 1753/4/3
f 1755/4/3 1750/4/3 1754/4/3
f 1759/4/3 1757/4/3 1756/4/3
f 1761/4/3 1759/4/3 1758/4/3
f 1763/4/3 1761/4/3 1760/4/3
f 1764/4/3 1757/4/3 1759/4/3
f 1764/4/3 1759/4/3 1761/4/3
f 1764/4/3 1761/4/3 1763/4/3
f 1765/4/3 1757/4/3 1764/4/3
f 1767/4/3 1763/4/3 1762/4/3
f 1767/4/3 1764/4/3 1763/4/3
f 1768/4/3 1764/4/3 1767/4/3
f 1769/4/3 1764/4/3 1768/4/3
f 1771/4/3 1767/4/3 1766/4/3
f 1771/4/3 1768/4/3 1767/4/3
f 1772/4/3 1768/4/3 1771/4/3
f 1773/4/3 1768/4/3 1772/4/3
f 1775/4/3 1771/4/3 1770/4/3
f 1775/4/3 1772/4/3 1771/4/3
f 1776/4/3 1772/4/3 1775/4/3
f 1777/4/3 1772/4/3 1776/4/3
f 1779/4/3 1775/4/3 1774/4/3
f 1779/4/3 1776/4/3 1775/4/3
f 1780/4/3 1776/4/3 1779/4/3
f 1781/4/3 1776/4/3 1780/4/3
f 1783/4/3 1779/4/3 1778/4/3
f 1783/4/3 1780/4/3 1779/4/3
f 1784/4/3 1780/4/3 1783/4/3
f 1785/4/3 1780/4/3 1784/4/3
f 1787/4/3 1783/4/3 1782/4/3
f 1787/4/3 1784/4/3 1783/4/3
f 1788/4/3 1784/4/3 1787/4/3
f 1789/4/3 1784/4/3 1788/4/3
f 1791/4/3 1787/4/3 1786/4/3
f 1791/4/3 1788/4/3 1787/4/3
f 1792/4/3 1788/4/3 1791/4/3
f 1793/4/3 1788/4/3 1792/4/3
f 1795/4/3 1791/4/3 1790/4/3
f 1795/4/3 1792/4/3 1791/4/3
f 1796/4/3 1792/4/3 1795/4/3
f 1797/4/3 1792/4/3 1796/4/3
f 1799/4/3 1795/4/3 1794/4/3
f 1799/4/3 1796/4/3 1795/4/3
f 1800/4/3 1796/4/3 1799/4/3
f 1801/4/3 1796/4/3 1800/4/3
f 1802/4/3 1799/4/3 1798/4/3
f 1802/4/3 1800/4/3 1799/4/3
f 1803/4/3 1800/4/3 1802/4/3
f 1804/4/3 1802/4/3 1798/4/3
f 1805/4/3 1800/4/3 1803/4/3
f 1806/4/3 1800/4/3 1805/4/3
f 1807/4/3 1800/4/3 1806/4/3
f 1808/4/3 1805/4/3 1804/4/3
f 1808/4/3 1806/4/3 1805/4/3
f 1809/4/3 1806/4/3 1808/4/3
f 1811/4/3 1804/4/3 1798/4/3
f 1811/4/3 1808/4/3 1804/4/3
f 1812/4/3 1808/4/3 1811/4/3
f 1812/4/3 1811/4/3 1810/4/3
f 1813/4/3 1808/4/3 1812/4/3
f 1814/4/3 1812/4/3 1810/4/3
f 1815/4/3 1812/4/3 1814/4/3
f 1820/4/3 1817/4/3 1816/4/3
f 1821/4/3 1817/4/3 1820/4/3
f 1822/4/3 1820/4/3 1816/4/3
f 1823/4/3 1820/4/3 1822/4/3
f 1824/4/3 1822/4/3 1816/4/3
f 1825/4/3 1822/4/3 1824/4/3
f 1826/4/3 1824/4/3 1816/4/3
f 1827/4/3 1824/4/3 1826/4/3
f 1828/4/3 1826/4/3 1816/4/3
f 1829/4/3 1826/4/3 1828/4/3
f 1830/4/3 1828/4/3 1816/4/3
f 1831/4/3 1828/4/3 1830/4/3
f 1832/4/3 1830/4/3 1816/4/3
f 1833/4/3 1830/4/3 1832/4/3
f 1834/4/3 1832/4/3 1816/4/3
f 1835/4/3 1832/4/3 1834/4/3
f 1836/4/3 1834/4/3 1816/4/3
f 1837/4/3 1834/4/3 1836/4/3
f 1838/4/3 1836/4/3 1816/4/3
f 1839/4/3 1836/4/3 1838/4/3
f 1840/4/3 1838/4/3 1816/4/3
f 1841/4/3 1838/4/3 1840/4/3
f 1842/4/3 1840/4/3 1816/4/3
f 1843/4/3 1840/4/3 1842/4/3
f 1844/4/3 1842/4/3 1816/4/3
f 1845/4/3 1840/4/3 1843/4/3
f 1846/4/3 1840/4/3 1845/4/3
f 1847/4/3 1840/4/3 1846/4/3
f 1848/4/3 1840/4/3 1847/4/3
f 1849/4/3 1840/4/3 1848/4/3
f 1850/4/3 1845/4/3 1844/4/3
f 1850/4/3 1846/4/3 1845/4/3
f 1851/4/3 1848/4/3 1847/4/3
f 1854/4/3 1853/4/3 1852/4/3
f 1857/4/3 1854/4/3 1852/4/3
f 1857/4/3 1855/4/3 1854/4/3
f 1858/4/3 1855/4/3 1857/4/3
f 1859/4/3 1819/4/3 1818/4/3
f 1860/4/3 1848/4/3 1851/4/3
f 1860/4/3 1851/4/3 1850/4/3
f 1861/4/3 1848/4/3 1860/4/3
f 1863/4/3 1858/4/3 1857/4/3
f 1863/4/3 1857/4/3 1856/4/3
f 1863/4/3 1859/4/3 1858/4/3
f 1864/4/3 1860/4/3 1850/4/3
f 1865/4/3 1863/4/3 1862/4/3
f 1866/4/3 1864/4/3 1850/4/3
f 1866/4/3 1865/4/3 1864/4/3
f 1866/4/3 1844/4/3 1816/4/3
f 1866/4/3 1850/4/3 1844/4/3
f 1867/4/3 1865/4/3 1866/4/3
f 1868/4/3 1865/4/3 1867/4/3
f 1869/4/3 1865/4/3 1868/4/3
f 1870/4/3 1865/4/3 1869/4/3
f 1871/4/3 1865/4/3 1870/4/3
f 1873/4/3 1865/4/3 1871/4/3
f 1875/4/3 1873/4/3 1872/4/3
f 1877/4/3 1875/4/3 1874/4/3
f 1878/4/3 1877/4/3 1876/4/3
f 1879/4/3 1873/4/3 1875/4/3
f 1879/4/3 1877/4/3 1878/4/3
f 1879/4/3 1875/4/3 1877/4/3
f 1880/4/3 1873/4/3 1879/4/3
f 1881/4/3 1865/4/3 1873/4/3
f 1881/4/3 1873/4/3 1880/4/3
f 1882/4/3 1865/4/3 1881/4/3
f 1883/4/3 1865/4/3 1882/4/3
f 1885/4/3 1865/4/3 1883/4/3
f 1887/4/3 1885/4/3 1884/4/3
f 1889/4/3 1887/4/3 1886/4/3
f 1890/4/3 1863/4/3 1865/4/3
f 1890/4/3 1889/4/3 1888/4/3
f 1890/4/3 1887/4/3 1889/4/3
f 1890/4/3 1859/4/3 1863/4/3
f 1890/4/3 1885/4/3 1887/4/3
f 1890/4/3 1819/4/3 1859/4/3
f 1890/4/3 1865/4/3 1885/4/3
f 1891/4/3 1819/4/3 1890/4/3
f 1892/4/3 1890/4/3 1888/4/3
f 1893/4/3 1890/4/3 1892/4/3
f 1894/4/3 1892/4/3 1888/4/3
f 1895/4/3 1892/4/3 1894/4/3
f 1896/4/3 1892/4/3 1895/4/3
f 1897/4/3 1892/4/3 1896/4/3
f 1898/4/3 1894/4/3 1888/4/3
f 1899/4/3 1894/4/3 1898/4/3
f 1900/4/3 1896/4/3 1895/4/3
f 1901/4/3 1898/4/3 1888/4/3
f 1902/4/3 1898/4/3 1901/4/3
f 1903/4/3 1901/4/3 1888/4/3
f 1904/4/3 1901/4/3 1903/4/3
f 1905/4/3 1900/4/3 1899/4/3
f 1906/4/3 1896/4/3 1900/4/3
f 1906/4/3 1900/4/3 1905/4/3
f 1907/4/3 1903/4/3 1888/4/3
f 1908/4/3 1903/4/3 1907/4/3
f 1909/4/4 1910/4/4 1911/4/4
f 1911/4/4 1910/4/4 1912/4/4
f 1912/4/4 1910/4/4 1913/4/4
f 1913/4/4 1910/4/4 1914/4/4
f 1915/4/4 1916/4/4 1917/4/4
f 1917/4/4 1916/4/4 1918/4/4
f 1919/4/4 1920/4/4 1921/4/4
f 1921/4/4 1920/4/4 1922/4/4
f 1923/4/4 1924/4/4 1925/4/4
f 1925/4/4 1924/4/4 1926/4/4
f 1927/4/4 1928/4/4 1929/4/4
f 1929/4/4 1928/4/4 1930/4/4
f 1931/2/4 1932/2/4 1933/2/4
f 1933/2/4 1932/2/4 1934/2/4
f 1934/2/4 1932/2/4 1935/2/4
f 1936/4/4 1937/4/4 1938/4/4
f 1938/4/4 1937/4/4 1939/4/4
f 1940/4/4 1941/4/4 1942/4/4
f 1942/4/4 1941/4/4 1943/4/4
f 1944/4/4 1945/4/4 1946/4/4
f 1946/4/4 1945/4/4 1947/4/4
f 1948/4/4 1949/4/4 1950/4/4
f 1950/4/4 1949/4/4 1951/4/4
f 1952/1/4 1953/1/4 1954/1/4
f 1954/1/4 1953/1/4 1955/1/4
f 1956/4/4 1957/4/4 1958/4/4
f 1958/4/4 1957/4/4 1959/4/4
f 1960/1/4 1961/1/4 1962/1/4
f 1962/1/4 1961/1/4 1963/1/4
f 1964/1/4 1965/1/4 1966/1/4
f 1966/1/4 1965/1/4 1967/1/4
f 1967/1/4 1965/1/4 1968/1/4
f 1969/4/4 1970/4/4 1971/4/4
f 1971/4/4 1970/4/4 1972/4/4
f 1973/4/4 1974/4/4 1975/4/4
f 1975/4/4 1974/4/4 1976/4/4
f 1976/4/4 1974/4/4 1977/4/4
f 1977/4/4 1974/4/4 1978/4/4
f 1979/4/4 1980/4/4 1981/4/4
f 1981/4/4 1980/4/4 1982/4/4
f 1983/4/4 1984/4/4 1985/4/4
f 1985/4/4 1984/4/4 1986/4/4
f 1987/4/4 1988/4/4 1989/4/4
f 1989/4/4 1988/4/4 1990/4/4
f 1991/4/4 1992/4/4 1993/4/4
f 1993/4/4 1992/4/4 1994/4/4
f 1995/4/4 1996/4/4 1997/4/4
f 1997/4/4 1996/4/4 1998/4/4
f 1999/4/4 2000/4/4 2001/4/4
f 2001/4/4 2000/4/4 2002/4/4
f 2003/4/4 2004/4/4 2005/4/4
f 2005/4/4 2004/4/4 2006/4/4
f 2007/4/4 2008/4/4 2009/4/4
f 2009/4/4 2008/4/4 2010/4/4
f 2011/4/4 2012/4/4 2013/4/4
f 2013/4/4 2012/4/4 2014/4/4
f 2015/4/4 2016/4/4 2017/4/4
f 2017/4/4 2016/4/4 2018/4/4
f 2019/4/4 2020/4/4 2021/4/4
f 2021/4/4 2020/4/4 2022/4/4
f 2023/4/4 2024/4/4 2025/4/4
f 2025/4/4 2024/4/4 2026/4/4
f 2027/4/4 2028/4/4 2029/4/4
f 2029/4/4 2028/4/4 2030/4/4
f 2031/4/4 2032/4/4 2033/4/4
f 2033/4/4 2032/4/4 2034/4/4
f 2035/4/4 2036/4/4 2037/4/4
f 2037/4/4 2036/4/4 2038/4/4
f 2039/4/4 2040/4/4 2041/4/4
f 2041/4/4 2040/4/4 2042/4/4
f 2043/4/4 2044/4/4 2047/4/4
f 2047/4/4 2044/4/4 2048/4/4
f 2045/4/4 2046/4/4 2049/4/4
f 2049/4/4 2046/4/4 2050/4/4
f 2051/4/4 2052/4/4 2053/4/4
f 2053/4/4 2052/4/4 2054/4/4
f 2055/4/4 2056/4/4 2057/4/4
f 2057/4/4 2056/4/4 2058/4/4
f 2059/4/4 2060/4/4 2061/4/4
f 2061/4/4 2060/4/4 2062/4/4
f 2063/4/4 2064/4/4 2065/4/4
f 2065/4/4 2064/4/4 2066/4/4
f 2067/4/4 2068/4/4 2069/4/4
f 2067/4/4 2069/4/4 2072/4/4
f 2069/4/4 2070/4/4 2072/4/4
f 2072/4/4 2070/4/4 2073/4/4
f 2071/4/4 2072/4/4 2077/4/4
f 2072/4/4 2073/4/4 2077/4/4
f 2073/4/4 2074/4/4 2077/4/4
f 2077/4/4 2074/4/4 2078/4/4
f 2075/4/4 2076/4/4 2079/4/4
f 2079/4/4 2076/4/4 2080/4/4
f 2080/4/4 2076/4/4 2081/4/4
f 2071/4/4 2077/4/4 2083/4/4
f 2083/4/4 2077/4/4 2084/4/4
f 2082/4/4 2083/4/4 2087/4/4
f 2085/4/4 2086/4/4 2087/4/4
f 2084/4/4 2085/4/4 2087/4/4
f 2083/4/4 2084/4/4 2087/4/4
f 2087/4/4 2086/4/4 2088/4/4
f 2089/4/4 2090/4/4 2091/4/4
f 2091/4/4 2090/4/4 2092/4/4
f 2093/4/4 2094/4/4 2097/4/4
f 2095/4/4 2096/4/4 2097/4/4
f 2094/4/4 2095/4/4 2097/4/4
f 2097/4/4 2096/4/4 2098/4/4
f 2099/4/4 2100/4/4 2101/4/4
f 2101/4/4 2102/4/4 2103/4/4
f 2101/4/4 2103/4/4 2105/4/4
f 2103/4/4 2104/4/4 2105/4/4
f 2105/4/4 2104/4/4 2106/4/4
f 2101/4/4 2105/4/4 2107/4/4
f 2109/4/4 2110/4/4 2111/4/4
f 2111/4/4 2110/4/4 2112/4/4
f 2113/4/4 2114/4/4 2115/4/4
f 2115/4/4 2114/4/4 2116/4/4
f 2117/4/4 2118/4/4 2119/4/4
f 2119/4/4 2118/4/4 2120/4/4
f 2107/4/4 2108/4/4 2121/4/4
f 2123/4/4 2124/4/4 2125/4/4
f 2125/4/4 2124/4/4 2126/4/4
f 2121/4/4 2122/4/4 2129/4/4
f 2127/4/4 2128/4/4 2131/4/4
f 2131/4/4 2128/4/4 2132/4/4
f 2133/4/4 2134/4/4 2135/4/4
f 2135/4/4 2134/4/4 2136/4/4
f 2129/4/4 2130/4/4 2137/4/4
f 2137/4/4 2138/4/4 2139/4/4
f 2099/4/4 2101/4/4 2141/4/4
f 2139/4/4 2140/4/4 2141/4/4
f 2137/4/4 2139/4/4 2141/4/4
f 2129/4/4 2137/4/4 2141/4/4
f 2101/4/4 2107/4/4 2141/4/4
f 2107/4/4 2121/4/4 2141/4/4
f 2121/4/4 2129/4/4 2141/4/4
f 2141/4/4 2140/4/4 2142/4/4
f 2143/4/4 2144/4/4 2146/4/4
f 2144/4/4 2145/4/4 2146/4/4
f 2146/4/4 2145/4/4 2147/4/4
f 2148/4/4 2149/4/4 2150/4/4
f 2148/4/4 2150/4/4 2152/4/4
f 2150/4/4 2151/4/4 2152/4/4
f 2152/4/4 2151/4/4 2153/4/4
f 2153/4/4 2151/4/4 2154/4/4
f 2153/4/4 2154/4/4 2156/4/4
f 2154/4/4 2155/4/4 2156/4/4
f 2156/4/4 2155/4/4 2157/4/4
f 2157/4/4 2155/4/4 2158/4/4
f 2157/4/4 2158/4/4 2160/4/4
f 2158/4/4 2159/4/4 2160/4/4
f 2160/4/4 2159/4/4 2161/4/4
f 2161/4/4 2159/4/4 2162/4/4
f 2161/4/4 2162/4/4 2164/4/4
f 2162/4/4 2163/4/4 2164/4/4
f 2164/4/4 2163/4/4 2165/4/4
f 2161/4/4 2164/4/4 2166/4/4
f 2165/4/4 2163/4/4 2167/4/4
f 2167/4/4 2163/4/4 2168/4/4
f 2168/4/4 2163/4/4 2169/4/4
f 2166/4/4 2167/4/4 2170/4/4
f 2167/4/4 2168/4/4 2170/4/4
f 2169/4/4 2163/4/4 2171/4/4
f 2171/4/4 2163/4/4 2172/4/4
f 2172/4/4 2163/4/4 2173/4/4
f 2170/4/4 2171/4/4 2174/4/4
f 2171/4/4 2172/4/4 2174/4/4
f 2173/4/4 2163/4/4 2175/4/4
f 2161/4/4 2166/4/4 2176/4/4
f 2174/4/4 2175/4/4 2176/4/4
f 2166/4/4 2170/4/4 2176/4/4
f 2170/4/4 2174/4/4 2176/4/4
f 2176/4/4 2175/4/4 2177/4/4
f 2175/4/4 2163/4/4 2178/4/4
f 2177/4/4 2175/4/4 2178/4/4
f 2177/4/4 2178/4/4 2180/4/4
f 2178/4/4 2179/4/4 2180/4/4
f 2180/4/4 2179/4/4 2181/4/4
f 2181/4/4 2179/4/4 2182/4/4
f 2181/4/4 2182/4/4 2184/4/4
f 2182/4/4 2183/4/4 2184/4/4
f 2184/4/4 2183/4/4 2185/4/4
f 2185/4/4 2183/4/4 2186/4/4
f 2185/4/4 2186/4/4 2188/4/4
f 2186/4/4 2187/4/4 2188/4/4
f 2188/4/4 2187/4/4 2189/4/4
f 2189/4/4 2187/4/4 2190/4/4
f 2189/4/4 2190/4/4 2192/4/4
f 2190/4/4 2191/4/4 2192/4/4
f 2192/4/4 2191/4/4 2193/4/4
f 2196/4/4 2197/4/4 2198/4/4
f 2198/4/4 2197/4/4 2199/4/4
f 2194/4/4 2195/4/4 2200/4/4
f 2200/4/4 2195/4/4 2201/4/4
f 2201/4/4 2195/4/4 2204/4/4
f 2202/4/4 2203/4/4 2206/4/4
f 2206/4/4 2203/4/4 2207/4/4
f 2204/4/4 2205/4/4 2208/4/4
f 2201/4/4 2204/4/4 2208/4/4
f 2208/4/4 2205/4/4 2209/4/4
f 2201/4/4 2208/4/4 2210/4/4
f 2210/4/4 2208/4/4 2211/4/4
f 2211/4/4 2208/4/4 2212/4/4
f 2212/4/4 2208/4/4 2213/4/4
f 2213/4/4 2208/4/4 2214/4/4
f 2214/4/4 2208/4/4 2215/4/4
f 2216/4/4 2217/4/4 2218/4/4
f 2218/4/4 2217/4/4 2219/4/4
f 2220/4/4 2221/4/4 2222/4/4
f 2222/4/4 2221/4/4 2223/4/4
f 2223/4/4 2221/4/4 2224/4/4
f 2223/4/4 2224/4/4 2226/4/4
f 2224/4/4 2225/4/4 2226/4/4
f 2226/4/4 2225/4/4 2227/4/4
f 2230/4/4 2231/4/4 2232/4/4
f 2232/4/4 2231/4/4 2233/4/4
f 2233/4/4 2231/4/4 2236/4/4
f 2236/4/4 2231/4/4 2237/4/4
f 2234/4/4 2235/4/4 2238/4/4
f 2237/4/4 2231/4/4 2239/4/4
f 2228/4/4 2229/4/4 2240/4/4
f 2238/4/4 2239/4/4 2241/4/4
f 2234/4/4 2238/4/4 2241/4/4
f 2239/4/4 2231/4/4 2242/4/4
f 2241/4/4 2239/4/4 2242/4/4
f 2242/4/4 2231/4/4 2243/4/4
f 2243/4/4 2231/4/4 2244/4/4
f 2244/4/4 2231/4/4 2245/4/4
f 2243/4/4 2244/4/4 2246/4/4
f 2246/4/4 2244/4/4 2247/4/4
f 2228/4/4 2240/4/4 2250/4/4
f 2240/4/4 2241/4/4 2250/4/4
f 2241/4/4 2242/4/4 2250/4/4
f 2250/4/4 2242/4/4 2251/4/4
f 2248/4/4 2249/4/4 2252/4/4
f 2252/4/4 2249/4/4 2253/4/4
f 2254/4/4 2255/4/4 2256/4/4
f 2256/4/4 2255/4/4 2257/4/4
f 2251/4/4 2242/4/4 2258/4/4
f 2258/4/4 2242/4/4 2259/4/4
f 2259/4/4 2242/4/4 2262/4/4
f 2262/4/4 2242/4/4 2263/4/4
f 2260/4/4 2261/4/4 2264/4/4
f 2264/4/4 2261/4/4 2265/4/4
f 2266/3/4 2267/3/4 2268/3/4
f 2266/3/4 2268/3/4 2270/3/4
f 2268/2/4 2269/2/4 2270/2/4
f 2270/2/4 2269/2/4 2271/2/4
f 2271/2/4 2269/2/4 2272/2/4
f 2272/2/4 2273/2/4 2274/2/4
f 2271/2/4 2272/2/4 2274/2/4
f 2274/2/4 2273/2/4 2275/2/4
f 2266/3/4 2270/3/4 2276/3/4
f 2276/3/4 2270/3/4 2277/3/4
f 2278/4/4 2279/4/4 2282/4/4
f 2282/4/4 2279/4/4 2283/4/4
f 2278/4/4 2282/4/4 2284/4/4
f 2284/4/4 2282/4/4 2285/4/4
f 2286/1/4 2287/1/4 2289/1/4
f 2288/1/4 2289/1/4 2291/1/4
f 2290/1/4 2291/1/4 2292/1/4
f 2291/1/4 2289/1/4 2293/1/4
f 2292/1/4 2291/1/4 2293/1/4
f 2293/1/4 2289/1/4 2294/1/4
f 2289/1/4 2287/1/4 2295/1/4
f 2294/1/4 2289/1/4 2295/1/4
f 2295/1/4 2287/1/4 2296/1/4
f 2296/1/4 2287/1/4 2297/1/4
f 2280/4/4 2281/4/4 2298/4/4
f 2298/4/4 2281/4/4 2299/4/4
f 2300/4/4 2301/4/4 2305/4/4
f 2305/4/4 2301/4/4 2306/4/4
f 2306/4/4 2301/4/4 2307/4/4
f 2306/4/4 2307/4/4 2309/4/4
f 2307/4/4 2308/4/4 2309/4/4
f 2309/4/4 2308/4/4 2310/4/4
f 2310/4/4 2308/4/4 2311/4/4
f 2310/4/4 2311/4/4 2313/4/4
f 2311/4/4 2312/4/4 2313/4/4
f 2313/4/4 2312/4/4 2314/4/4
f 2314/4/4 2312/4/4 2315/4/4
f 2314/4/4 2315/4/4 2317/4/4
f 2315/4/4 2316/4/4 2317/4/4
f 2317/4/4 2316/4/4 2318/4/4
f 2318/4/4 2316/4/4 2319/4/4
f 2318/4/4 2319/4/4 2321/4/4
f 2319/4/4 2320/4/4 2321/4/4
f 2321/4/4 2320/4/4 2322/4/4
f 2322/4/4 2320/4/4 2323/4/4
f 2322/4/4 2323/4/4 2325/4/4
f 2323/4/4 2324/4/4 2325/4/4
f 2325/4/4 2324/4/4 2326/4/4
f 2322/4/4 2325/4/4 2327/4/4
f 2326/4/4 2324/4/4 2328/4/4
f 2328/4/4 2324/4/4 2329/4/4
f 2329/4/4 2324/4/4 2330/4/4
f 2327/4/4 2328/4/4 2331/4/4
f 2328/4/4 2329/4/4 2331/4/4
f 2330/4/4 2324/4/4 2332/4/4
f 2332/4/4 2324/4/4 2333/4/4
f 2333/4/4 2324/4/4 2334/4/4
f 2331/4/4 2332/4/4 2335/4/4
f 2332/4/4 2333/4/4 2335/4/4
f 2334/4/4 2324/4/4 2336/4/4
f 2336/4/4 2324/4/4 2337/4/4
f 2337/4/4 2324/4/4 2338/4/4
f 2338/4/4 2324/4/4 2339/4/4
f 2339/4/4 2324/4/4 2340/4/4
f 2335/4/4 2336/4/4 2341/4/4
f 2336/4/4 2337/4/4 2341/4/4
f 2341/4/4 2337/4/4 2342/4/4
f 2302/2/4 2303/2/4 2343/2/4
f 2303/4/4 2304/4/4 2344/4/4
f 2343/2/4 2303/2/4 2344/2/4
f 2344/4/4 2304/4/4 2345/4/4
f 2322/4/4 2327/4/4 2348/4/4
f 2327/4/4 2331/4/4 2348/4/4
f 2331/4/4 2335/4/4 2348/4/4
f 2335/4/4 2341/4/4 2348/4/4
f 2348/4/4 2341/4/4 2349/4/4
f 2349/4/4 2341/4/4 2350/4/4
f 2350/4/4 2341/4/4 2351/4/4
f 2346/4/4 2347/4/4 2352/4/4
f 2352/4/4 2347/4/4 2353/4/4
f 2349/4/4 2350/4/4 2354/4/4
f 2354/4/4 2350/4/4 2355/4/4
f 2356/2/4 2357/2/4 2358/2/4
f 2358/2/4 2357/2/4 2359/2/4
f 2360/4/4 2361/4/4 2362/4/4
f 2362/4/4 2361/4/4 2363/4/4
f 2363/4/4 2361/4/4 2364/4/4
f 2364/4/4 2361/4/4 2365/4/4
f 2365/4/4 2361/4/4 2366/4/4
f 2366/4/4 2361/4/4 2367/4/4
f 2367/4/4 2361/4/4 2368/4/4
f 2368/4/4 2361/4/4 2369/4/4
f 2369/4/4 2361/4/4 2370/4/4
f 2370/4/4 2361/4/4 2371/4/4
f 2371/4/4 2361/4/4 2372/4/4
f 2372/4/4 2361/4/4 2373/4/4
f 2373/4/4 2361/4/4 2374/4/4
f 2374/4/4 2361/4/4 2375/4/4
f 2376/3/4 2377/3/4 2378/3/4
f 2378/3/4 2377/3/4 2379/3/4
f 2380/3/4 2381/3/4 2382/3/4
f 2382/3/4 2381/3/4 2383/3/4
f 2384/3/4 2385/3/4 2386/3/4
f 2386/3/4 2385/3/4 2387/3/4
f 2388/3/4 2389/3/4 2390/3/4
f 2390/3/4 2389/3/4 2391/3/4
f 2392/3/4 2393/3/4 2394/3/4
f 2394/3/4 2393/3/4 2395/3/4
f 2396/3/4 2397/3/4 2398/3/4
f 2398/3/4 2397/3/4 2399/3/4
f 2400/3/4 2401/3/4 2402/3/4
f 2402/3/4 2401/3/4 2403/3/4
f 2404/3/4 2405/3/4 2406/3/4
f 2406/3/4 2405/3/4 2407/3/4
f 2408/3/4 2409/3/4 2410/3/4
f 2410/3/4 2409/3/4 2411/3/4
f 2412/3/4 2413/3/4 2414/3/4
f 2414/3/4 2413/3/4 2415/3/4
f 2416/3/4 2417/3/4 2418/3/4
f 2418/3/4 2417/3/4 2419/3/4
f 2420/3/4 2421/3/4 2422/3/4
f 2422/3/4 2421/3/4 2423/3/4
f 2424/3/4 2425/3/4 2426/3/4
f 2426/3/4 2425/3/4 2427/3/4
f 2428/3/4 2429/3/4 2430/3/4
f 2430/3/4 2429/3/4 2431/3/4
f 2432/3/4 2433/3/4 2434/3/4
f 2434/3/4 2433/3/4 2435/3/4
f 2436/3/4 2437/3/4 2438/3/4
f 2438/3/4 2437/3/4 2439/3/4
f 2440/3/4 2441/3/4 2442/3/4
f 2442/3/4 2441/3/4 2443/3/4
f 2444/3/4 2445/3/4 2446/3/4
f 2446/3/4 2445/3/4 2447/3/4
f 2448/3/4 2449/3/4 2450/3/4
f 2450/3/4 2449/3/4 2451/3/4
f 2452/3/4 2453/3/4 2454/3/4
f 2454/3/4 2453/3/4 2455/3/4
f 2456/3/4 2457/3/4 2458/3/4
f 2458/3/4 2457/3/4 2459/3/4
f 2460/3/4 2461/3/4 2462/3/4
f 2462/3/4 2461/3/4 2463/3/4
f 2464/3/4 2465/3/4 2466/3/4
f 2466/3/4 2465/3/4 2467/3/4
f 2468/3/4 2469/3/4 2470/3/4
f 2470/3/4 2469/3/4 2471/3/4
f 2472/3/4 2473/3/4 2474/3/4
f 2474/3/4 2473/3/4 2475/3/4
f 2476/3/4 2477/3/4 2478/3/4
f 2478/3/4 2477/3/4 2479/3/4
f 2480/3/4 2481/3/4 2482/3/4
f 2482/3/4 2481/3/4 2483/3/4
f 2484/3/4 2485/3/4 2486/3/4
f 2486/3/4 2485/3/4 2487/3/4
f 2488/3/4 2489/3/4 2490/3/4
f 2490/3/4 2489/3/4 2491/3/4
f 2492/3/4 2493/3/4 2494/3/4
f 2494/3/4 2493/3/4 2495/3/4
f 2496/3/4 2497/3/4 2498/3/4
f 2498/3/4 2497/3/4 2499/3/4
f 2500/3/4 2501/3/4 2502/3/4
f 2502/3/4 2501/3/4 2503/3/4
f 2504/3/4 2505/3/4 2506/3/4
f 2506/3/4 2505/3/4 2507/3/4
f 2508/3/4 2509/3/4 2510/3/4
f 2510/3/4 2509/3/4 2511/3/4
f 2512/3/4 2513/3/4 2514/3/4
f 2514/3/4 2513/3/4 2515/3/4
f 2516/4/4 2517/4/4 2518/4/4
f 2518/4/4 2517/4/4 2519/4/4
f 2516/4/4 2518/4/4 2520/4/4
f 2519/4/4 2517/4/4 2521/4/4
f 2521/4/4 2517/4/4 2522/4/4
f 2522/4/4 2517/4/4 2523/4/4
f 2520/4/4 2521/4/4 2524/4/4
f 2521/4/4 2522/4/4 2524/4/4
f 2523/4/4 2517/4/4 2525/4/4
f 2525/4/4 2517/4/4 2526/4/4
f 2526/4/4 2517/4/4 2527/4/4
f 2524/4/4 2525/4/4 2528/4/4
f 2525/4/4 2526/4/4 2528/4/4
f 2527/4/4 2517/4/4 2529/4/4
f 2516/4/4 2520/4/4 2530/4/4
f 2528/4/4 2529/4/4 2530/4/4
f 2520/4/4 2524/4/4 2530/4/4
f 2524/4/4 2528/4/4 2530/4/4
f 2530/4/4 2529/4/4 2531/4/4
f 2530/1/4 2531/1/4 2532/1/4
f 2531/4/4 2529/4/4 2532/4/4
f 2532/4/4 2529/4/4 2533/4/4
f 2532/1/4 2533/1/4 2534/1/4
f 2533/4/4 2529/4/4 2534/4/4
f 2534/4/4 2529/4/4 2535/4/4
f 2532/1/4 2534/1/4 2536/1/4
f 2534/1/4 2535/1/4 2536/1/4
f 2535/4/4 2529/4/4 2537/4/4
f 2536/1/4 2535/1/4 2537/1/4
f 2530/1/4 2532/1/4 2538/1/4
f 2532/1/4 2536/1/4 2538/1/4
f 2536/4/4 2537/4/4 2539/4/4
f 2538/1/4 2536/1/4 2539/1/4
f 2516/4/4 2530/4/4 2540/4/4
f 2530/1/4 2538/1/4 2540/1/4
f 2538/4/4 2539/4/4 2541/4/4
f 2540/1/4 2538/1/4 2541/1/4
f 2516/4/4 2540/4/4 2542/4/4
f 2540/4/4 2541/4/4 2542/4/4
f 2539/4/4 2537/4/4 2543/4/4
f 2542/4/4 2541/4/4 2543/4/4
f 2541/4/4 2539/4/4 2543/4/4
f 2542/1/4 2543/1/4 2544/1/4
f 2543/4/4 2537/4/4 2544/4/4
f 2537/4/4 2529/4/4 2545/4/4
f 2544/4/4 2537/4/4 2545/4/4
f 2544/1/4 2545/1/4 2546/1/4
f 2545/4/4 2529/4/4 2546/4/4
f 2546/4/4 2529/4/4 2547/4/4
f 2544/1/4 2546/1/4 2548/1/4
f 2546/1/4 2547/1/4 2548/1/4
f 2547/4/4 2529/4/4 2549/4/4
f 2548/1/4 2547/1/4 2549/1/4
f 2542/1/4 2544/1/4 2550/1/4
f 2544/1/4 2548/1/4 2550/1/4
f 2548/4/4 2549/4/4 2551/4/4
f 2550/1/4 2548/1/4 2551/1/4
f 2516/4/4 2542/4/4 2552/4/4
f 2542/1/4 2550/1/4 2552/1/4
f 2550/4/4 2551/4/4 2553/4/4
f 2552/1/4 2550/1/4 2553/1/4
f 2529/4/4 2517/4/4 2554/4/4
f 2553/4/4 2551/4/4 2554/4/4
f 2552/4/4 2553/4/4 2554/4/4
f 2551/4/4 2549/4/4 2554/4/4
f 2549/4/4 2529/4/4 2554/4/4
f 2554/4/4 2517/4/4 2555/4/4
f 2552/4/4 2554/4/4 2556/4/4
f 2554/1/4 2555/1/4 2557/1/4
f 2556/4/4 2554/4/4 2557/4/4
f 2552/4/4 2556/4/4 2558/4/4
f 2558/4/4 2556/4/4 2559/4/4
f 2559/4/4 2556/4/4 2560/4/4
f 2556/1/4 2557/1/4 2561/1/4
f 2560/4/4 2556/4/4 2561/4/4
f 2552/4/4 2558/4/4 2562/4/4
f 2558/1/4 2559/1/4 2563/1/4
f 2562/4/4 2558/4/4 2563/4/4
f 2559/4/4 2560/4/4 2564/4/4
f 2563/1/4 2559/1/4 2564/1/4
f 2552/4/4 2562/4/4 2565/4/4
f 2562/1/4 2563/1/4 2566/1/4
f 2565/4/4 2562/4/4 2566/4/4
f 2552/4/4 2565/4/4 2567/4/4
f 2565/1/4 2566/1/4 2567/1/4
f 2566/1/4 2563/1/4 2568/1/4
f 2567/1/4 2566/1/4 2568/1/4
f 2563/4/4 2564/4/4 2568/4/4
f 2564/4/4 2560/4/4 2569/4/4
f 2568/4/4 2564/4/4 2569/4/4
f 2560/1/4 2561/1/4 2569/1/4
f 2557/1/4 2555/1/4 2570/1/4
f 2569/1/4 2561/1/4 2570/1/4
f 2561/1/4 2557/1/4 2570/1/4
f 2516/4/4 2552/4/4 2571/4/4
f 2568/4/4 2569/4/4 2571/4/4
f 2569/4/4 2570/4/4 2571/4/4
f 2567/4/4 2568/4/4 2571/4/4
f 2552/4/4 2567/4/4 2571/4/4
f 2571/4/4 2570/4/4 2572/4/4
f 2572/4/4 2570/4/4 2574/4/4
f 2573/4/4 2574/4/4 2575/4/4
f 2574/4/4 2570/4/4 2576/4/4
f 2575/4/4 2574/4/4 2576/4/4
f 2581/4/5 2578/4/5 2577/4/5
f 2582/4/5 2578/4/5 2581/4/5
f 2583/4/5 2578/4/5 2582/4/5
f 2584/2/5 2579/2/5 2578/2/5
f 2584/4/5 2578/4/5 2583/4/5
f 2585/4/5 2581/4/5 2577/4/5
f 2585/2/5 2582/2/5 2581/2/5
f 2586/4/5 2583/4/5 2582/4/5
f 2586/2/5 2582/2/5 2585/2/5
f 2587/2/5 2584/2/5 2583/2/5
f 2587/4/5 2583/4/5 2586/4/5
f 2588/2/5 2579/2/5 2584/2/5
f 2588/2/5 2584/2/5 2587/2/5
f 2589/4/5 2580/4/5 2579/4/5
f 2589/2/5 2579/2/5 2588/2/5
f 2590/4/5 2588/4/5 2587/4/5
f 2590/4/5 2585/4/5 2577/4/5
f 2590/4/5 2586/4/5 2585/4/5
f 2590/4/5 2587/4/5 2586/4/5
f 2591/4/5 2588/4/5 2590/4/5
f 2592/4/5 2580/4/5 2589/4/5
f 2593/4/5 2580/4/5 2592/4/5
f 2596/4/5 2595/4/5 2594/4/5
f 2597/4/5 2595/4/5 2596/4/5
f 2600/4/5 2599/4/5 2598/4/5
f 2601/4/5 2599/4/5 2600/4/5
f 2604/4/5 2603/4/5 2602/4/5
f 2605/4/5 2603/4/5 2604/4/5
f 2609/4/5 2607/4/5 2606/4/5
f 2610/4/5 2607/4/5 2609/4/5
f 2612/4/5 2609/4/5 2608/4/5
f 2612/4/5 2611/4/5 2610/4/5
f 2612/4/5 2610/4/5 2609/4/5
f 2613/4/5 2611/4/5 2612/4/5
f 2616/4/5 2615/4/5 2614/4/5
f 2617/4/5 2615/4/5 2616/4/5
f 2620/4/5 2619/4/5 2618/4/5
f 2621/4/5 2619/4/5 2620/4/5
f 2624/4/5 2623/4/5 2622/4/5
f 2625/4/5 2623/4/5 2624/4/5
f 2628/4/5 2627/4/5 2626/4/5
f 2629/4/5 2627/4/5 2628/4/5
f 2632/4/5 2631/4/5 2630/4/5
f 2633/4/5 2631/4/5 2632/4/5
f 2636/4/5 2635/4/5 2634/4/5
f 2637/4/5 2635/4/5 2636/4/5
f 2640/4/5 2639/4/5 2638/4/5
f 2641/4/5 2639/4/5 2640/4/5
f 2645/4/5 2643/4/5 2642/4/5
f 2645/4/5 2644/4/5 2643/4/5
f 2646/4/5 2644/4/5 2645/4/5
f 2649/4/5 2648/4/5 2647/4/5
f 2650/4/5 2648/4/5 2649/4/5
f 2655/4/5 2652/4/5 2651/4/5
f 2656/4/5 2652/4/5 2655/4/5
f 2657/4/5 2654/4/5 2653/4/5
f 2658/4/5 2654/4/5 2657/4/5
f 2661/4/5 2660/4/5 2659/4/5
f 2662/4/5 2660/4/5 2661/4/5
f 2665/4/5 2664/4/5 2663/4/5
f 2666/4/5 2664/4/5 2665/4/5
f 2669/4/5 2668/4/5 2667/4/5
f 2670/4/5 2668/4/5 2669/4/5
f 2673/4/5 2672/4/5 2671/4/5
f 2674/4/5 2672/4/5 2673/4/5
f 2675/4/5 2672/4/5 2674/4/5
f 2680/4/5 2677/4/5 2676/4/5
f 2681/4/5 2677/4/5 2680/4/5
f 2682/4/5 2679/4/5 2678/4/5
f 2683/4/5 2679/4/5 2682/4/5
f 2686/4/5 2685/4/5 2684/4/5
f 2687/4/5 2685/4/5 2686/4/5
f 2690/4/5 2689/4/5 2688/4/5
f 2691/4/5 2689/4/5 2690/4/5
f 2694/4/5 2693/4/5 2692/4/5
f 2695/4/5 2693/4/5 2694/4/5
f 2698/4/5 2697/4/5 2696/4/5
f 2699/4/5 2697/4/5 2698/4/5
f 2702/4/5 2701/4/5 2700/4/5
f 2703/4/5 2701/4/5 2702/4/5
f 2704/4/5 2701/4/5 2703/4/5
f 2707/4/5 2706/4/5 2705/4/5
f 2708/4/5 2706/4/5 2707/4/5
f 2711/3/5 2710/3/5 2709/3/5
f 2712/3/5 2710/3/5 2711/3/5
f 2715/3/5 2714/3/5 2713/3/5
f 2716/3/5 2714/3/5 2715/3/5
f 2719/2/5 2718/2/5 2717/2/5
f 2720/2/5 2718/2/5 2719/2/5
f 2721/2/5 2718/2/5 2720/2/5
f 2722/2/5 2718/2/5 2721/2/5
f 2723/2/5 2718/2/5 2722/2/5
f 2726/2/5 2725/2/5 2724/2/5
f 2727/2/5 2725/2/5 2726/2/5
f 2730/4/5 2729/4/5 2728/4/5
f 2731/4/5 2729/4/5 2730/4/5
f 2734/4/5 2733/4/5 2732/4/5
f 2735/4/5 2733/4/5 2734/4/5
f 2738/4/5 2737/4/5 2736/4/5
f 2739/4/5 2737/4/5 2738/4/5
f 2742/1/5 2741/1/5 2740/1/5
f 2743/1/5 2742/1/5 2740/1/5
f 2744/1/5 2743/1/5 2740/1/5
f 2745/1/5 2743/1/5 2744/1/5
f 2746/1/5 2744/1/5 2740/1/5
f 2747/1/5 2744/1/5 2746/1/5
f 2750/1/5 2749/1/5 2748/1/5
f 2751/1/5 2749/1/5 2750/1/5
f 2754/1/5 2753/1/5 2752/1/5
f 2755/1/5 2753/1/5 2754/1/5
f 2758/1/5 2757/1/5 2756/1/5
f 2759/1/5 2757/1/5 2758/1/5
f 2762/4/5 2761/4/5 2760/4/5
f 2763/4/5 2761/4/5 2762/4/5
f 2766/4/5 2765/4/5 2764/4/5
f 2767/4/5 2765/4/5 2766/4/5
f 2770/4/5 2769/4/5 2768/4/5
f 2771/4/5 2769/4/5 2770/4/5
f 2774/4/5 2773/4/5 2772/4/5
f 2775/4/5 2773/4/5 2774/4/5
f 2778/4/5 2777/4/5 2776/4/5
f 2779/4/5 2777/4/5 2778/4/5
f 2782/4/5 2781/4/5 2780/4/5
f 2783/4/5 2781/4/5 2782/4/5
f 2787/4/5 2785/4/5 2784/4/5
f 2787/4/5 2786/4/5 2785/4/5
f 2788/4/5 2786/4/5 2787/4/5
f 2791/4/5 2790/4/5 2789/4/5
f 2792/4/5 2790/4/5 2791/4/5
f 2795/4/5 2794/4/5 2793/4/5
f 2796/4/5 2794/4/5 2795/4/5
f 2797/4/5 2794/4/5 2796/4/5
f 2800/4/5 2799/4/5 2798/4/5
f 2801/4/5 2799/4/5 2800/4/5
f 2804/4/5 2803/4/5 2802/4/5
f 2805/4/5 2803/4/5 2804/4/5
f 2808/4/5 2807/4/5 2806/4/5
f 2809/4/5 2807/4/5 2808/4/5
f 2810/4/5 2807/4/5 2809/4/5
f 2813/4/5 2812/4/5 2811/4/5
f 2814/4/5 2812/4/5 2813/4/5
f 2819/4/5 2818/4/5 2817/4/5
f 2820/4/5 2818/4/5 2819/4/5
f 2821/4/5 2816/4/5 2815/4/5
f 2822/4/5 2816/4/5 2821/4/5
f 2825/4/5 2824/4/5 2823/4/5
f 2827/4/5 2825/4/5 2823/4/5
f 2827/4/5 2826/4/5 2825/4/5
f 2828/4/5 2826/4/5 2827/4/5
f 2831/4/5 2830/4/5 2829/4/5
f 2832/4/5 2830/4/5 2831/4/5
f 2835/4/5 2834/4/5 2833/4/5
f 2836/4/5 2834/4/5 2835/4/5
f 2839/4/5 2838/4/5 2837/4/5
f 2840/4/5 2838/4/5 2839/4/5
f 2843/4/5 2842/4/5 2841/4/5
f 2844/4/5 2842/4/5 2843/4/5
f 2847/4/5 2846/4/5 2845/4/5
f 2848/4/5 2846/4/5 2847/4/5
f 2853/4/5 2850/4/5 2849/4/5
f 2854/4/5 2850/4/5 2853/4/5
f 2855/4/5 2852/4/5 2851/4/5
f 2856/4/5 2852/4/5 2855/4/5
f 2861/4/5 2858/4/5 2857/4/5
f 2862/4/5 2858/4/5 2861/4/5
f 2863/4/5 2860/4/5 2859/4/5
f 2864/4/5 2860/4/5 2863/4/5
f 2867/4/5 2866/4/5 2865/4/5
f 2868/4/5 2866/4/5 2867/4/5
f 2871/4/5 2870/4/5 2869/4/5
f 2872/4/5 2870/4/5 2871/4/5
f 2875/4/5 2874/4/5 2873/4/5
f 2876/4/5 2874/4/5 2875/4/5
f 2879/4/5 2878/4/5 2877/4/5
f 2880/4/5 2878/4/5 2879/4/5
f 2883/4/5 2882/4/5 2881/4/5
f 2884/4/5 2882/4/5 2883/4/5
f 2887/4/5 2886/4/5 2885/4/5
f 2888/4/5 2886/4/5 2887/4/5
f 2891/4/5 2890/4/5 2889/4/5
f 2892/4/5 2890/4/5 2891/4/5
f 2897/4/5 2894/4/5 2893/4/5
f 2898/4/5 2894/4/5 2897/4/5
f 2899/4/5 2896/4/5 2895/4/5
f 2900/4/5 2896/4/5 2899/4/5
f 2905/4/5 2902/4/5 2901/4/5
f 2906/4/5 2902/4/5 2905/4/5
f 2907/4/5 2904/4/5 2903/4/5
f 2908/4/5 2904/4/5 2907/4/5
f 2915/4/5 2910/4/5 2909/4/5
f 2916/4/5 2910/4/5 2915/4/5
f 2917/4/5 2914/4/5 2913/4/5
f 2918/4/5 2914/4/5 2917/4/5
f 2919/4/5 2912/4/5 2911/4/5
f 2920/4/5 2912/4/5 2919/4/5
f 2923/4/5 2922/4/5 2921/4/5
f 2924/4/5 2922/4/5 2923/4/5
f 2929/4/5 2926/4/5 2925/4/5
f 2930/4/5 2926/4/5 2929/4/5
f 2931/4/5 2928/4/5 2927/4/5
f 2932/4/5 2928/4/5 2931/4/5
f 2937/4/5 2934/4/5 2933/4/5
f 2938/4/5 2934/4/5 2937/4/5
f 2939/4/5 2936/4/5 2935/4/5
f 2940/4/5 2936/4/5 2939/4/5
f 2945/4/5 2942/4/5 2941/4/5
f 2946/4/5 2942/4/5 2945/4/5
f 2947/4/5 2944/4/5 2943/4/5
f 2948/4/5 2944/4/5 2947/4/5
f 2951/4/5 2950/4/5 2949/4/5
f 2952/4/5 2950/4/5 2951/4/5
f 2957/4/5 2954/4/5 2953/4/5
f 2958/4/5 2954/4/5 2957/4/5
f 2961/4/5 2956/4/5 2955/4/5
f 2962/4/5 2956/4/5 2961/4/5
f 2963/4/5 2960/4/5 2959/4/5
f 2964/4/5 2960/4/5 2963/4/5
f 2967/4/5 2966/4/5 2965/4/5
f 2968/4/5 2966/4/5 2967/4/5
f 2975/4/5 2970/4/5 2969/4/5
f 2976/4/5 2970/4/5 2975/4/5
f 2979/4/5 2974/4/5 2973/4/5
f 2980/4/5 2974/4/5 2979/4/5
f 2981/4/5 2978/4/5 2977/4/5
f 2982/4/5 2978/4/5 2981/4/5
f 2983/4/5 2972/4/5 2971/4/5
f 2984/4/5 2972/4/5 2983/4/5
f 2989/4/5 2986/4/5 2985/4/5
f 2990/4/5 2986/4/5 2989/4/5
f 2993/4/5 2988/4/5 2987/4/5
f 2994/4/5 2988/4/5 2993/4/5
f 2995/4/5 2992/4/5 2991/4/5
f 2996/4/5 2992/4/5 2995/4/5
f 2999/4/5 2998/4/5 2997/4/5
f 3000/4/5 2998/4/5 2999/4/5
f 3005/4/5 3002/4/5 3001/4/5
f 3006/4/5 3002/4/5 3005/4/5
f 3007/4/5 3004/4/5 3003/4/5
f 3008/4/5 3004/4/5 3007/4/5
f 3011/4/5 3010/4/5 3009/4/5
f 3012/4/5 3010/4/5 3011/4/5
f 3017/4/5 3014/4/5 3013/4/5
f 3018/4/5 3014/4/5 3017/4/5
f 3019/4/5 3016/4/5 3015/4/5
f 3020/4/5 3016/4/5 3019/4/5
f 3023/4/5 3022/4/5 3021/4/5
f 3024/4/5 3022/4/5 3023/4/5
f 3025/4/5 3023/4/5 3021/4/5
f 3026/4/5 3023/4/5 3025/4/5
f 3027/4/5 3025/4/5 3021/4/5
f 3028/4/5 3025/4/5 3027/4/5
f 3029/4/5 3027/4/5 3021/4/5
f 3031/4/5 3030/4/5 3029/4/5
f 3033/4/5 3032/4/5 3031/4/5
f 3035/4/5 3033/4/5 3031/4/5
f 3035/4/5 3034/4/5 3033/4/5
f 3035/4/5 3029/4/5 3021/4/5
f 3035/4/5 3031/4/5 3029/4/5
f 3036/4/5 3034/4/5 3035/4/5
f 3037/4/5 3034/4/5 3036/4/5
f 3040/4/5 3039/4/5 3038/4/5
f 3041/4/5 3039/4/5 3040/4/5
f 3044/4/5 3043/4/5 3042/4/5
f 3045/4/5 3043/4/5 3044/4/5
f 3048/4/5 3047/4/5 3046/4/5
f 3049/4/5 3047/4/5 3048/4/5
f 3052/4/5 3051/4/5 3050/4/5
f 3053/4/5 3051/4/5 3052/4/5
f 3060/4/5 3059/4/5 3058/4/5
f 3061/4/5 3059/4/5 3060/4/5
f 3064/4/5 3063/4/5 3062/4/5
f 3065/4/5 3063/4/5 3064/4/5
f 3068/4/5 3067/4/5 3066/4/5
f 3069/4/5 3067/4/5 3068/4/5
f 3070/1/5 3055/1/5 3054/1/5
f 3071/1/5 3055/1/5 3070/1/5
f 3072/1/5 3057/1/5 3056/1/5
f 3073/1/5 3072/1/5 3056/1/5
f 3074/1/5 3072/1/5 3073/1/5
f 3085/4/5 3084/4/5 3083/4/5
f 3086/4/5 3084/4/5 3085/4/5
f 3089/4/5 3088/4/5 3087/4/5
f 3090/4/5 3088/4/5 3089/4/5
f 3093/1/5 3076/1/5 3075/1/5
f 3094/1/5 3076/1/5 3093/1/5
f 3095/1/5 3078/1/5 3077/1/5
f 3096/1/5 3078/1/5 3095/1/5
f 3097/4/5 3092/4/5 3091/4/5
f 3098/4/5 3092/4/5 3097/4/5
f 3099/1/5 3082/1/5 3081/1/5
f 3100/1/5 3082/1/5 3099/1/5
f 3101/1/5 3080/1/5 3079/1/5
f 3102/1/5 3080/1/5 3101/1/5
f 3113/4/5 3112/4/5 3111/4/5
f 3114/4/5 3112/4/5 3113/4/5
f 3117/4/5 3116/4/5 3115/4/5
f 3118/4/5 3116/4/5 3117/4/5
f 3119/1/5 3110/1/5 3109/1/5
f 3120/1/5 3104/1/5 3103/1/5
f 3121/1/5 3104/1/5 3120/1/5
f 3122/1/5 3106/1/5 3105/1/5
f 3123/1/5 3106/1/5 3122/1/5
f 3124/1/5 3119/1/5 3109/1/5
f 3125/1/5 3124/1/5 3109/1/5
f 3126/1/5 3124/1/5 3125/1/5
f 3127/1/5 3108/1/5 3107/1/5
f 3128/1/5 3108/1/5 3127/1/5
f 3131/4/5 3130/4/5 3129/4/5
f 3132/4/5 3130/4/5 3131/4/5
f 3135/4/5 3134/4/5 3133/4/5
f 3136/4/5 3134/4/5 3135/4/5
f 3139/4/5 3138/4/5 3137/4/5
f 3140/4/5 3138/4/5 3139/4/5
f 3143/4/5 3142/4/5 3141/4/5
f 3144/4/5 3142/4/5 3143/4/5
f 3147/4/5 3146/4/5 3145/4/5
f 3148/4/5 3146/4/5 3147/4/5
f 3149/4/5 3148/4/5 3147/4/5
f 3150/4/5 3148/4/5 3149/4/5
f 3153/4/5 3152/4/5 3151/4/5
f 3154/4/5 3152/4/5 3153/4/5
f 3157/4/5 3156/4/5 3155/4/5
f 3158/4/5 3156/4/5 3157/4/5
f 3161/4/5 3160/4/5 3159/4/5
f 3162/4/5 3160/4/5 3161/4/5
f 3163/2/6 3164/2/6 3165/2/6
f 3165/2/6 3164/2/6 3166/2/6
f 3167/4/6 3168/4/6 3169/4/6
f 3169/4/6 3168/4/6 3170/4/6
f 3173/4/6 3174/4/6 3175/4/6
f 3173/4/6 3175/4/6 3176/4/6
f 3171/4/6 3172/4/6 3177/4/6
f 3177/4/6 3172/4/6 3178/4/6
f 3173/4/6 3176/4/6 3179/4/6
f 3179/4/6 3176/4/6 3180/4/6
f 3183/4/6 3184/4/6 3185/4/6
f 3185/4/6 3184/4/6 3186/4/6
f 3183/4/6 3185/4/6 3187/4/6
f 3186/4/6 3184/4/6 3188/4/6
f 3181/4/6 3182/4/6 3189/4/6
f 3189/4/6 3182/4/6 3190/4/6
f 3187/4/6 3188/4/6 3192/4/6
f 3183/4/6 3187/4/6 3192/4/6
f 3191/4/6 3192/4/6 3194/4/6
f 3193/4/6 3194/4/6 3195/4/6
f 3194/4/6 3192/4/6 3196/4/6
f 3195/4/6 3194/4/6 3196/4/6
f 3196/4/6 3192/4/6 3198/4/6
f 3198/4/6 3192/4/6 3199/4/6
f 3197/4/6 3198/4/6 3199/4/6
f 3192/4/6 3188/4/6 3200/4/6
f 3199/4/6 3192/4/6 3200/4/6
f 3197/4/6 3199/4/6 3201/4/6
f 3200/4/6 3188/4/6 3202/4/6
f 3197/4/6 3201/4/6 3203/4/6
f 3201/4/6 3202/4/6 3203/4/6
f 3203/4/6 3202/4/6 3204/4/6
f 3197/4/6 3203/4/6 3205/4/6
f 3205/4/6 3203/4/6 3206/4/6
f 3204/4/6 3202/4/6 3207/4/6
f 3207/4/6 3202/4/6 3208/4/6
f 3197/4/6 3205/4/6 3209/4/6
f 3209/4/6 3205/4/6 3210/4/6
f 3208/4/6 3202/4/6 3211/4/6
f 3211/4/6 3202/4/6 3212/4/6
f 3197/4/6 3209/4/6 3213/4/6
f 3213/4/6 3209/4/6 3214/4/6
f 3212/4/6 3202/4/6 3215/4/6
f 3215/4/6 3202/4/6 3216/4/6
f 3197/4/6 3213/4/6 3217/4/6
f 3217/4/6 3213/4/6 3218/4/6
f 3216/4/6 3202/4/6 3219/4/6
f 3219/4/6 3202/4/6 3220/4/6
f 3197/4/6 3217/4/6 3221/4/6
f 3221/4/6 3217/4/6 3222/4/6
f 3220/4/6 3202/4/6 3223/4/6
f 3223/4/6 3202/4/6 3224/4/6
f 3197/4/6 3221/4/6 3225/4/6
f 3225/4/6 3221/4/6 3226/4/6
f 3224/4/6 3202/4/6 3227/4/6
f 3227/4/6 3202/4/6 3228/4/6
f 3197/4/6 3225/4/6 3229/4/6
f 3229/4/6 3225/4/6 3230/4/6
f 3228/4/6 3202/4/6 3231/4/6
f 3231/4/6 3202/4/6 3232/4/6
f 3197/4/6 3229/4/6 3233/4/6
f 3233/4/6 3229/4/6 3234/4/6
f 3232/4/6 3202/4/6 3235/4/6
f 3235/4/6 3202/4/6 3236/4/6
f 3197/4/6 3233/4/6 3237/4/6
f 3237/4/6 3233/4/6 3238/4/6
f 3236/4/6 3202/4/6 3239/4/6
f 3239/4/6 3202/4/6 3240/4/6
f 3197/4/6 3237/4/6 3241/4/6
f 3241/4/6 3237/4/6 3242/4/6
f 3240/4/6 3202/4/6 3243/4/6
f 3243/4/6 3202/4/6 3244/4/6
f 3197/4/6 3241/4/6 3245/4/6
f 3245/4/6 3241/4/6 3246/4/6
f 3244/4/6 3202/4/6 3247/4/6
f 3247/4/6 3202/4/6 3248/4/6
f 3197/4/6 3245/4/6 3249/4/6
f 3249/4/6 3245/4/6 3250/4/6
f 3248/4/6 3202/4/6 3251/4/6
f 3251/4/6 3202/4/6 3252/4/6
f 3197/4/6 3249/4/6 3253/4/6
f 3253/4/6 3249/4/6 3254/4/6
f 3252/4/6 3202/4/6 3255/4/6
f 3255/4/6 3202/4/6 3256/4/6
f 3197/4/6 3253/4/6 3257/4/6
f 3257/4/6 3253/4/6 3258/4/6
f 3256/4/6 3202/4/6 3259/4/6
f 3259/4/6 3202/4/6 3260/4/6
f 3197/4/6 3257/4/6 3261/4/6
f 3261/4/6 3257/4/6 3262/4/6
f 3260/4/6 3202/4/6 3263/4/6
f 3263/4/6 3202/4/6 3264/4/6
f 3197/4/6 3261/4/6 3265/4/6
f 3265/4/6 3261/4/6 3266/4/6
f 3264/4/6 3202/4/6 3267/4/6
f 3267/4/6 3202/4/6 3268/4/6
f 3197/4/6 3265/4/6 3269/4/6
f 3269/4/6 3265/4/6 3270/4/6
f 3268/4/6 3202/4/6 3271/4/6
f 3271/4/6 3202/4/6 3272/4/6
f 3197/4/6 3269/4/6 3273/4/6
f 3272/4/6 3202/4/6 3276/4/6
f 3273/4/6 3274/4/6 3277/4/6
f 3275/4/6 3276/4/6 3280/4/6
f 3277/4/6 3278/4/6 3281/4/6
f 3279/4/6 3280/4/6 3284/4/6
f 3281/4/6 3282/4/6 3285/4/6
f 3283/4/6 3284/4/6 3288/4/6
f 3285/4/6 3286/4/6 3289/4/6
f 3287/4/6 3288/4/6 3292/4/6
f 3289/4/6 3290/4/6 3293/4/6
f 3291/4/6 3292/4/6 3296/4/6
f 3293/4/6 3294/4/6 3297/4/6
f 3295/4/6 3296/4/6 3300/4/6
f 3297/4/6 3298/4/6 3301/4/6
f 3299/4/6 3300/4/6 3304/4/6
f 3301/4/6 3302/4/6 3305/4/6
f 3303/4/6 3304/4/6 3308/4/6
f 3305/4/6 3306/4/6 3309/4/6
f 3307/4/6 3308/4/6 3312/4/6
f 3309/4/6 3310/4/6 3313/4/6
f 3311/4/6 3312/4/6 3316/4/6
f 3313/4/6 3314/4/6 3317/4/6
f 3315/4/6 3316/4/6 3320/4/6
f 3317/4/6 3318/4/6 3321/4/6
f 3319/4/6 3320/4/6 3324/4/6
f 3321/4/6 3322/4/6 3325/4/6
f 3323/4/6 3324/4/6 3328/4/6
f 3325/4/6 3326/4/6 3329/4/6
f 3327/4/6 3328/4/6 3332/4/6
f 3329/4/6 3330/4/6 3333/4/6
f 3331/4/6 3332/4/6 3336/4/6
f 3333/4/6 3334/4/6 3337/4/6
f 3335/4/6 3336/4/6 3340/4/6
f 3337/4/6 3338/4/6 3341/4/6
f 3339/4/6 3340/4/6 3342/4/6
f 3337/4/6 3341/4/6 3343/4/6
f 3341/4/6 3342/4/6 3343/4/6
f 3197/4/6 3273/4/6 3343/4/6
f 3273/4/6 3277/4/6 3343/4/6
f 3277/4/6 3281/4/6 3343/4/6
f 3281/4/6 3285/4/6 3343/4/6
f 3333/4/6 3337/4/6 3343/4/6
f 3285/4/6 3289/4/6 3343/4/6
f 3289/4/6 3293/4/6 3343/4/6
f 3329/4/6 3333/4/6 3343/4/6
f 3293/4/6 3297/4/6 3343/4/6
f 3297/4/6 3301/4/6 3343/4/6
f 3325/4/6 3329/4/6 3343/4/6
f 3301/4/6 3305/4/6 3343/4/6
f 3305/4/6 3309/4/6 3343/4/6
f 3321/4/6 3325/4/6 3343/4/6
f 3309/4/6 3313/4/6 3343/4/6
f 3313/4/6 3317/4/6 3343/4/6
f 3317/4/6 3321/4/6 3343/4/6
f 3188/4/6 3184/4/6 3344/4/6
f 3343/4/6 3342/4/6 3344/4/6
f 3202/4/6 3188/4/6 3344/4/6
f 3342/4/6 3340/4/6 3344/4/6
f 3320/4/6 3316/4/6 3344/4/6
f 3316/4/6 3312/4/6 3344/4/6
f 3276/4/6 3202/4/6 3344/4/6
f 3340/4/6 3336/4/6 3344/4/6
f 3312/4/6 3308/4/6 3344/4/6
f 3280/4/6 3276/4/6 3344/4/6
f 3324/4/6 3320/4/6 3344/4/6
f 3308/4/6 3304/4/6 3344/4/6
f 3284/4/6 3280/4/6 3344/4/6
f 3336/4/6 3332/4/6 3344/4/6
f 3304/4/6 3300/4/6 3344/4/6
f 3288/4/6 3284/4/6 3344/4/6
f 3328/4/6 3324/4/6 3344/4/6
f 3300/4/6 3296/4/6 3344/4/6
f 3292/4/6 3288/4/6 3344/4/6
f 3332/4/6 3328/4/6 3344/4/6
f 3296/4/6 3292/4/6 3344/4/6
f 3345/1/6 3346/1/6 3349/1/6
f 3349/1/6 3346/1/6 3350/1/6
f 3347/1/6 3348/1/6 3351/1/6
f 3351/1/6 3348/1/6 3352/1/6
f 3361/4/6 3362/4/6 3363/4/6
f 3363/4/6 3362/4/6 3364/4/6
f 3353/1/6 3354/1/6 3365/1/6
f 3365/1/6 3354/1/6 3366/1/6
f 3355/1/6 3356/1/6 3367/1/6
f 3367/1/6 3356/1/6 3368/1/6
f 3357/1/6 3358/1/6 3369/1/6
f 3369/1/6 3358/1/6 3370/1/6
f 3359/1/6 3360/1/6 3371/1/6
f 3371/1/6 3360/1/6 3372/1/6
f 3373/1/6 3374/1/6 3379/1/6
f 3379/1/6 3374/1/6 3380/1/6
f 3375/1/6 3376/1/6 3381/1/6
f 3381/1/6 3376/1/6 3382/1/6
f 3377/1/6 3378/1/6 3383/1/6
f 3383/1/6 3378/1/6 3384/1/6
f 3385/1/6 3386/1/6 3387/1/6
f 3387/1/6 3386/1/6 3388/1/6
f 3389/4/6 3390/4/6 3391/4/6
f 3391/4/6 3390/4/6 3392/4/6
f 3393/4/6 3394/4/6 3395/4/6
f 3395/4/6 3394/4/6 3396/4/6
f 3397/4/6 3398/4/6 3399/4/6
f 3399/4/6 3398/4/6 3400/4/6
f 3401/3/6 3402/3/6 3404/3/6
f 3404/3/6 3402/3/6 3405/3/6
f 3403/3/6 3404/3/6 3408/3/6
f 3405/3/6 3406/3/6 3408/3/6
f 3404/3/6 3405/3/6 3408/3/6
f 3408/3/6 3406/3/6 3409/3/6
f 3407/3/6 3408/3/6 3412/3/6
f 3409/3/6 3410/3/6 3412/3/6
f 3408/3/6 3409/3/6 3412/3/6
f 3412/3/6 3410/3/6 3413/3/6
f 3411/3/6 3412/3/6 3416/3/6
f 3413/3/6 3414/3/6 3416/3/6
f 3412/3/6 3413/3/6 3416/3/6
f 3416/3/6 3414/3/6 3417/3/6
f 3415/3/6 3416/3/6 3420/3/6
f 3417/3/6 3418/3/6 3420/3/6
f 3416/3/6 3417/3/6 3420/3/6
f 3420/3/6 3418/3/6 3421/3/6
f 3419/3/6 3420/3/6 3424/3/6
f 3421/3/6 3422/3/6 3424/3/6
f 3420/3/6 3421/3/6 3424/3/6
f 3424/3/6 3422/3/6 3425/3/6
f 3423/3/6 3424/3/6 3428/3/6
f 3425/3/6 3426/3/6 3428/3/6
f 3424/3/6 3425/3/6 3428/3/6
f 3428/3/6 3426/3/6 3429/3/6
f 3427/3/6 3428/3/6 3432/3/6
f 3429/3/6 3430/3/6 3432/3/6
f 3428/3/6 3429/3/6 3432/3/6
f 3432/3/6 3430/3/6 3433/3/6
f 3431/3/6 3432/3/6 3436/3/6
f 3433/3/6 3434/3/6 3436/3/6
f 3432/3/6 3433/3/6 3436/3/6
f 3436/3/6 3434/3/6 3437/3/6
f 3435/3/6 3436/3/6 3440/3/6
f 3437/3/6 3438/3/6 3440/3/6
f 3436/3/6 3437/3/6 3440/3/6
f 3440/3/6 3438/3/6 3441/3/6
f 3439/3/6 3440/3/6 3444/3/6
f 3441/3/6 3442/3/6 3444/3/6
f 3440/3/6 3441/3/6 3444/3/6
f 3444/3/6 3442/3/6 3445/3/6
f 3443/3/6 3444/3/6 3448/3/6
f 3445/3/6 3446/3/6 3448/3/6
f 3444/3/6 3445/3/6 3448/3/6
f 3448/3/6 3446/3/6 3449/3/6
f 3447/3/6 3448/3/6 3452/3/6
f 3449/3/6 3450/3/6 3452/3/6
f 3448/3/6 3449/3/6 3452/3/6
f 3452/3/6 3450/3/6 3453/3/6
f 3451/3/6 3452/3/6 3456/3/6
f 3453/3/6 3454/3/6 3456/3/6
f 3452/3/6 3453/3/6 3456/3/6
f 3456/3/6 3454/3/6 3457/3/6
f 3455/3/6 3456/3/6 3460/3/6
f 3457/3/6 3458/3/6 3460/3/6
f 3456/3/6 3457/3/6 3460/3/6
f 3460/3/6 3458/3/6 3461/3/6
f 3459/3/6 3460/3/6 3464/3/6
f 3461/3/6 3462/3/6 3464/3/6
f 3460/3/6 3461/3/6 3464/3/6
f 3464/3/6 3462/3/6 3465/3/6
f 3463/3/6 3464/3/6 3468/3/6
f 3465/3/6 3466/3/6 3468/3/6
f 3464/3/6 3465/3/6 3468/3/6
f 3468/3/6 3466/3/6 3469/3/6
f 3467/3/6 3468/3/6 3471/3/6
f 3469/3/6 3470/3/6 3471/3/6
f 3468/3/6 3469/3/6 3471/3/6
f 3471/3/6 3470/3/6 3472/3/6
f 3472/3/6 3470/3/6 3473/3/6
f 3473/3/6 3470/3/6 3474/3/6
f 3472/3/6 3473/3/6 3475/3/6
f 3475/3/6 3473/3/6 3476/3/6
f 3476/3/6 3473/3/6 3477/3/6
f 3477/3/6 3473/3/6 3478/3/6
f 3476/3/6 3477/3/6 3479/3/6
f 3479/3/6 3477/3/6 3480/3/6
f 3480/3/6 3477/3/6 3481/3/6
f 3481/3/6 3477/3/6 3482/3/6
f 3480/3/6 3481/3/6 3483/3/6
f 3483/3/6 3481/3/6 3484/3/6
f 3484/3/6 3481/3/6 3485/3/6
f 3485/3/6 3481/3/6 3486/3/6
f 3484/3/6 3485/3/6 3487/3/6
f 3487/3/6 3485/3/6 3488/3/6
f 3488/3/6 3485/3/6 3489/3/6
f 3489/3/6 3485/3/6 3490/3/6
f 3488/3/6 3489/3/6 3491/3/6
f 3491/3/6 3489/3/6 3492/3/6
f 3492/3/6 3489/3/6 3493/3/6
f 3493/3/6 3489/3/6 3494/3/6
f 3492/3/6 3493/3/6 3495/3/6
f 3495/3/6 3493/3/6 3496/3/6
f 3496/3/6 3493/3/6 3497/3/6
f 3497/3/6 3493/3/6 3498/3/6
f 3496/3/6 3497/3/6 3499/3/6
f 3499/3/6 3497/3/6 3500/3/6
f 3500/3/6 3497/3/6 3501/3/6
f 3501/3/6 3497/3/6 3502/3/6
f 3500/3/6 3501/3/6 3503/3/6
f 3503/3/6 3501/3/6 3504/3/6
f 3504/3/6 3501/3/6 3505/3/6
f 3505/3/6 3501/3/6 3506/3/6
f 3504/3/6 3505/3/6 3507/3/6
f 3507/3/6 3505/3/6 3508/3/6
f 3508/3/6 3505/3/6 3509/3/6
f 3509/3/6 3505/3/6 3510/3/6
f 3508/3/6 3509/3/6 3511/3/6
f 3511/3/6 3509/3/6 3512/3/6
f 3512/3/6 3509/3/6 3513/3/6
f 3513/3/6 3509/3/6 3514/3/6
f 3512/3/6 3513/3/6 3515/3/6
f 3515/3/6 3513/3/6 3516/3/6
f 3516/3/6 3513/3/6 3517/3/6
f 3517/3/6 3513/3/6 3518/3/6
f 3516/3/6 3517/3/6 3519/3/6
f 3519/3/6 3517/3/6 3520/3/6
f 3520/3/6 3517/3/6 3521/3/6
f 3521/3/6 3517/3/6 3522/3/6
f 3520/3/6 3521/3/6 3523/3/6
f 3523/3/6 3521/3/6 3524/3/6
f 3524/3/6 3521/3/6 3525/3/6
f 3525/3/6 3521/3/6 3526/3/6
f 3524/3/6 3525/3/6 3527/3/6
f 3527/3/6 3525/3/6 3528/3/6
f 3528/3/6 3525/3/6 3529/3/6
f 3529/3/6 3525/3/6 3530/3/6
f 3528/3/6 3529/3/6 3531/3/6
f 3531/3/6 3529/3/6 3532/3/6
f 3532/3/6 3529/3/6 3533/3/6
f 3533/3/6 3529/3/6 3534/3/6
f 3532/3/6 3533/3/6 3535/3/6
f 3535/3/6 3533/3/6 3536/3/6
f 3536/3/6 3533/3/6 3537/3/6
f 3537/3/6 3533/3/6 3538/3/6
f 3536/3/6 3537/3/6 3539/3/6
f 3539/3/6 3537/3/6 3540/3/6
f 3541/4/6 3542/4/6 3543/4/6
f 3543/4/6 3542/4/6 3544/4/6
f 3545/4/6 3546/4/6 3547/4/6
f 3547/4/6 3546/4/6 3548/4/6
f 3549/4/6 3550/4/6 3551/4/6
f 3551/4/6 3550/4/6 3552/4/6
f 3553/4/6 3554/4/6 3555/4/6
f 3555/4/6 3554/4/6 3556/4/6
f 3557/4/6 3558/4/6 3559/4/6
f 3559/4/6 3558/4/6 3560/4/6
f 3561/4/6 3562/4/6 3563/4/6
f 3563/4/6 3562/4/6 3564/4/6
f 3565/3/6 3566/3/6 3567/3/6
f 3567/3/6 3566/3/6 3568/3/6
f 3565/3/6 3567/3/6 3569/3/6
f 3568/3/6 3566/3/6 3570/3/6
f 3565/3/6 3569/3/6 3571/3/6
f 3569/3/6 3570/3/6 3571/3/6
f 3570/3/6 3566/3/6 3572/3/6
f 3571/3/6 3570/3/6 3572/3/6
f 3565/3/6 3571/3/6 3573/3/6
f 3573/3/6 3571/3/6 3574/3/6
f 3574/3/6 3571/3/6 3575/3/6
f 3572/3/6 3566/3/6 3576/3/6
f 3576/3/6 3566/3/6 3577/3/6
f 3578/3/6 3579/3/6 3582/3/6
f 3582/3/6 3579/3/6 3583/3/6
f 3580/3/6 3581/3/6 3584/3/6
f 3584/3/6 3581/3/6 3585/3/6
f 3586/2/6 3587/2/6 3588/2/6
f 3588/2/6 3587/2/6 3589/2/6
f 3590/2/6 3591/2/6 3592/2/6
f 3592/2/6 3591/2/6 3593/2/6
f 3594/2/6 3595/2/6 3596/2/6
f 3596/2/6 3595/2/6 3597/2/6
f 3598/2/6 3599/2/6 3600/2/6
f 3600/2/6 3599/2/6 3601/2/6
f 3598/2/6 3600/2/6 3602/2/6
f 3602/2/6 3600/2/6 3603/2/6
f 3598/2/6 3602/2/6 3604/2/6
f 3604/2/6 3602/2/6 3605/2/6
f 3598/2/6 3604/2/6 3606/2/6
f 3606/2/6 3607/2/6 3608/2/6
f 3608/2/6 3609/2/6 3610/2/6
f 3608/2/6 3610/2/6 3612/2/6
f 3610/2/6 3611/2/6 3612/2/6
f 3598/2/6 3606/2/6 3612/2/6
f 3606/2/6 3608/2/6 3612/2/6
f 3612/2/6 3611/2/6 3613/2/6
f 3614/2/6 3615/2/6 3616/2/6
f 3616/2/6 3615/2/6 3617/2/6
f 3618/1/6 3619/1/6 3620/1/6
f 3618/1/6 3620/1/6 3621/1/6
f 3618/1/6 3621/1/6 3622/1/6
f 3622/1/6 3621/1/6 3623/1/6
f 3618/1/6 3622/1/6 3624/1/6
f 3624/1/6 3622/1/6 3625/1/6
f 3626/1/6 3627/1/6 3628/1/6
f 3628/1/6 3627/1/6 3629/1/6
f 3630/4/6 3631/4/6 3632/4/6
f 3632/4/6 3631/4/6 3633/4/6
f 3630/4/6 3632/4/6 3634/4/6
f 3630/4/6 3634/4/6 3636/4/6
f 3634/4/6 3635/4/6 3636/4/6
f 3636/4/6 3635/4/6 3637/4/6
f 3638/4/6 3639/4/6 3640/4/6
f 3640/4/6 3639/4/6 3641/4/6
f 3642/4/6 3643/4/6 3644/4/6
f 3644/4/6 3643/4/6 3645/4/6
f 3646/4/6 3647/4/6 3648/4/6
f 3648/4/6 3647/4/6 3649/4/6
f 3650/4/6 3651/4/6 3652/4/6
f 3652/4/6 3651/4/6 3653/4/6
f 3654/4/6 3655/4/6 3656/4/6
f 3656/4/6 3655/4/6 3657/4/6
f 3658/4/6 3659/4/6 3660/4/6
f 3660/4/6 3659/4/6 3661/4/6
f 3662/4/6 3663/4/6 3664/4/6
f 3664/4/6 3663/4/6 3665/4/6
f 3665/4/6 3663/4/6 3666/4/6
f 3667/4/6 3668/4/6 3669/4/6
f 3669/4/6 3668/4/6 3670/4/6
f 3671/4/6 3672/4/6 3673/4/6
f 3673/4/6 3672/4/6 3674/4/6
f 3677/4/6 3678/4/6 3679/4/6
f 3679/4/6 3678/4/6 3680/4/6
f 3675/4/6 3676/4/6 3681/4/6
f 3681/4/6 3676/4/6 3682/4/6
f 3683/4/6 3684/4/6 3685/4/6
f 3685/4/6 3684/4/6 3686/4/6
f 3687/4/6 3688/4/6 3689/4/6
f 3689/4/6 3688/4/6 3690/4/6
f 3691/4/6 3692/4/6 3693/4/6
f 3693/4/6 3692/4/6 3694/4/6
f 3695/4/6 3696/4/6 3697/4/6
f 3697/4/6 3696/4/6 3698/4/6
f 3699/4/6 3700/4/6 3701/4/6
f 3701/4/6 3700/4/6 3702/4/6
f 3703/4/6 3704/4/6 3707/4/6
f 3707/4/6 3704/4/6 3708/4/6
f 3705/4/6 3706/4/6 3709/4/6
f 3709/4/6 3706/4/6 3710/4/6
f 3711/4/6 3712/4/6 3713/4/6
f 3713/4/6 3712/4/6 3714/4/6
f 3715/4/6 3716/4/6 3717/4/6
f 3717/4/6 3716/4/6 3718/4/6
f 3719/4/6 3720/4/6 3721/4/6
f 3721/4/6 3720/4/6 3722/4/6
f 3723/4/6 3724/4/6 3725/4/6
f 3725/4/6 3724/4/6 3726/4/6
f 3727/4/6 3728/4/6 3729/4/6
f 3729/4/6 3728/4/6 3730/4/6
f 3731/4/6 3732/4/6 3733/4/6
f 3733/4/6 3732/4/6 3734/4/6
f 3735/4/6 3736/4/6 3737/4/6
f 3737/4/6 3736/4/6 3738/4/6
f 3739/4/6 3740/4/6 3741/4/6
f 3741/4/6 3740/4/6 3742/4/6
f 3743/4/6 3744/4/6 3745/4/6
f 3745/4/6 3744/4/6 3746/4/6
f 3747/4/6 3748/4/6 3749/4/6
f 3749/4/6 3748/4/6 3750/4/6
f 3751/4/6 3752/4/6 3753/4/6
f 3753/4/6 3752/4/6 3754/4/6
f 3755/4/6 3756/4/6 3757/4/6
f 3757/4/6 3756/4/6 3758/4/6
f 3759/4/6 3760/4/6 3761/4/6
f 3761/4/6 3760/4/6 3762/4/6
f 3763/4/6 3764/4/6 3765/4/6
f 3765/4/6 3764/4/6 3766/4/6
f 3767/4/6 3768/4/6 3769/4/6
f 3769/4/6 3768/4/6 3770/4/6
f 3771/4/6 3772/4/6 3774/4/6
f 3774/4/6 3772/4/6 3775/4/6
f 3773/4/6 3774/4/6 3775/4/6
f 3775/4/6 3772/4/6 3776/4/6
f 3773/4/6 3775/4/6 3777/4/6
f 3773/4/6 3777/4/6 3779/4/6
f 3779/4/6 3777/4/6 3780/4/6
f 3778/4/6 3779/4/6 3780/4/6
f 3780/4/6 3777/4/6 3781/4/6
f 3778/4/6 3780/4/6 3782/4/6
f 3782/4/6 3780/4/6 3783/4/6
f 3784/4/6 3785/4/6 3786/4/6
f 3786/4/6 3785/4/6 3787/4/6
f 3788/4/6 3789/4/6 3791/4/6
f 3790/4/6 3791/4/6 3793/4/6
f 3792/4/6 3793/4/6 3794/4/6
f 3791/4/6 3789/4/6 3795/4/6
f 3794/4/6 3793/4/6 3795/4/6
f 3793/4/6 3791/4/6 3795/4/6
f 3796/4/6 3797/4/6 3798/4/6
f 3798/4/6 3797/4/6 3799/4/6
f 3800/4/6 3801/4/6 3807/4/6
f 3807/4/6 3801/4/6 3808/4/6
f 3800/4/6 3807/4/6 3809/4/6
f 3800/4/6 3809/4/6 3811/4/6
f 3809/4/6 3810/4/6 3811/4/6
f 3811/4/6 3810/4/6 3812/4/6
f 3800/4/6 3811/4/6 3813/4/6
f 3813/4/6 3811/4/6 3814/4/6
f 3800/4/6 3813/4/6 3817/4/6
f 3815/4/6 3816/4/6 3818/4/6
f 3800/4/6 3817/4/6 3819/4/6
f 3817/4/6 3818/4/6 3819/4/6
f 3819/4/6 3818/4/6 3820/4/6
f 3805/4/6 3806/4/6 3821/4/6
f 3804/1/6 3805/1/6 3821/1/6
f 3821/4/6 3806/4/6 3822/4/6
f 3800/4/6 3819/4/6 3824/4/6
f 3820/4/6 3818/4/6 3825/4/6
f 3818/4/6 3816/4/6 3825/4/6
f 3825/4/6 3816/4/6 3826/4/6
f 3802/1/6 3803/1/6 3827/1/6
f 3827/1/6 3803/1/6 3828/1/6
f 3804/1/6 3821/1/6 3829/1/6
f 3822/4/6 3806/4/6 3830/4/6
f 3823/4/6 3824/4/6 3831/4/6
f 3824/4/6 3819/4/6 3831/4/6
f 3831/4/6 3819/4/6 3832/4/6
f 3820/4/6 3825/4/6 3833/4/6
f 3833/4/6 3825/4/6 3834/4/6
f 3804/1/6 3829/1/6 3835/1/6
f 3829/2/6 3830/2/6 3836/2/6
f 3835/1/6 3829/1/6 3836/1/6
f 3830/4/6 3806/4/6 3837/4/6
f 3836/2/6 3830/2/6 3837/2/6
f 3823/4/6 3831/4/6 3838/4/6
f 3804/1/6 3835/1/6 3839/1/6
f 3823/4/6 3838/4/6 3840/4/6
f 3838/4/6 3839/4/6 3840/4/6
f 3839/1/6 3835/1/6 3841/1/6
f 3840/4/6 3839/4/6 3841/4/6
f 3836/4/6 3837/4/6 3842/4/6
f 3841/1/6 3835/1/6 3842/1/6
f 3835/4/6 3836/4/6 3842/4/6
f 3837/4/6 3806/4/6 3843/4/6
f 3842/4/6 3837/4/6 3843/4/6
