# MagicaVoxel @ Ephtracy

# group
o 

# material
mtllib earth.mtl
usemtl palette

# normals
vn -1 0 0
vn 1 0 0
vn 0 0 1
vn 0 0 -1
vn 0 -1 0
vn 0 1 0

# texcoords
vt 0.0761719 0.5
vt 0.0839844 0.5

# verts
v -1.6 1.2 0.2
v -1.6 1.2 -0.2
v -1.6 1.3 0.3
v -1.6 1.3 0.2
v -1.6 1.3 -0.2
v -1.6 1.3 -0.3
v -1.6 1.4 0.4
v -1.6 1.4 0.3
v -1.6 1.4 -0.1
v -1.6 1.4 -0.3
v -1.6 1.4 -0.4
v -1.6 1.6 0.4
v -1.6 1.6 0.3
v -1.6 1.7 0.3
v -1.6 1.7 0
v -1.6 1.8 0.4
v -1.6 1.8 0.3
v -1.6 1.8 -0.3
v -1.6 1.8 -0.4
v -1.6 1.9 0.3
v -1.6 1.9 0.2
v -1.6 1.9 -0.2
v -1.6 1.9 -0.3
v -1.6 2 0.2
v -1.6 2 0
v -1.6 2 -0.1
v -1.6 2 -0.2
v -1.5 0.9 0.2
v -1.5 0.9 -0.2
v -1.5 1 0.4
v -1.5 1 0.2
v -1.5 1 -0.2
v -1.5 1 -0.4
v -1.5 1.1 0.5
v -1.5 1.1 0.4
v -1.5 1.1 -0.4
v -1.5 1.1 -0.5
v -1.5 1.2 0.6
v -1.5 1.2 0.5
v -1.5 1.2 0.2
v -1.5 1.2 -0.2
v -1.5 1.2 -0.5
v -1.5 1.2 -0.6
v -1.5 1.3 0.3
v -1.5 1.3 0.2
v -1.5 1.3 -0.2
v -1.5 1.3 -0.3
v -1.5 1.4 0.7
v -1.5 1.4 0.6
v -1.5 1.4 0.4
v -1.5 1.4 0.3
v -1.5 1.4 -0.3
v -1.5 1.4 -0.4
v -1.5 1.4 -0.6
v -1.5 1.4 -0.7
v -1.5 1.5 -0.4
v -1.5 1.5 -0.5
v -1.5 1.6 0.4
v -1.5 1.8 0.7
v -1.5 1.8 0.6
v -1.5 1.8 0.4
v -1.5 1.8 0.3
v -1.5 1.8 -0.3
v -1.5 1.8 -0.4
v -1.5 1.8 -0.6
v -1.5 1.8 -0.7
v -1.5 1.9 0.3
v -1.5 1.9 0.2
v -1.5 1.9 -0.2
v -1.5 1.9 -0.3
v -1.5 2 0.6
v -1.5 2 0.5
v -1.5 2 0.2
v -1.5 2 0
v -1.5 2 -0.1
v -1.5 2 -0.2
v -1.5 2 -0.4
v -1.5 2 -0.5
v -1.5 2 -0.6
v -1.5 2.1 0.5
v -1.5 2.1 0.4
v -1.5 2.1 -0.4
v -1.5 2.1 -0.5
v -1.5 2.2 0.4
v -1.5 2.2 0.2
v -1.5 2.2 0
v -1.5 2.2 -0.2
v -1.5 2.2 -0.4
v -1.5 2.3 0.2
v -1.5 2.3 -0.2
v -1.4 0.7 0.1
v -1.4 0.7 -0.1
v -1.4 0.8 0.4
v -1.4 0.8 0.2
v -1.4 0.8 0.1
v -1.4 0.8 -0.1
v -1.4 0.8 -0.4
v -1.4 0.9 0.6
v -1.4 0.9 0.4
v -1.4 0.9 0.2
v -1.4 0.9 -0.2
v -1.4 0.9 -0.4
v -1.4 0.9 -0.6
v -1.4 1 0.7
v -1.4 1 0.6
v -1.4 1 0.4
v -1.4 1 0.2
v -1.4 1 -0.2
v -1.4 1 -0.4
v -1.4 1 -0.6
v -1.4 1 -0.7
v -1.4 1.1 0.5
v -1.4 1.1 0.4
v -1.4 1.1 -0.4
v -1.4 1.1 -0.5
v -1.4 1.2 0.8
v -1.4 1.2 0.7
v -1.4 1.2 0.6
v -1.4 1.2 0.5
v -1.4 1.2 -0.5
v -1.4 1.2 -0.6
v -1.4 1.2 -0.7
v -1.4 1.2 -0.8
v -1.4 1.4 0.7
v -1.4 1.4 0.6
v -1.4 1.4 -0.6
v -1.4 1.4 -0.7
v -1.4 1.5 0.9
v -1.4 1.5 0.8
v -1.4 1.5 -0.8
v -1.4 1.5 -0.9
v -1.4 1.7 0.9
v -1.4 1.7 0.8
v -1.4 1.7 -0.8
v -1.4 1.7 -0.9
v -1.4 1.8 0.8
v -1.4 1.8 0.7
v -1.4 1.8 0.6
v -1.4 1.8 -0.6
v -1.4 1.8 -0.7
v -1.4 2 0.8
v -1.4 2 0.7
v -1.4 2 0.6
v -1.4 2 0.5
v -1.4 2 -0.5
v -1.4 2 -0.6
v -1.4 2 -0.7
v -1.4 2 -0.8
v -1.4 2.1 0.5
v -1.4 2.1 0.4
v -1.4 2.1 -0.4
v -1.4 2.1 -0.5
v -1.4 2.2 0.7
v -1.4 2.2 0.6
v -1.4 2.2 0.4
v -1.4 2.2 0.2
v -1.4 2.2 -0.2
v -1.4 2.2 -0.4
v -1.4 2.2 -0.6
v -1.4 2.2 -0.7
v -1.4 2.3 0.6
v -1.4 2.3 0.4
v -1.4 2.3 0.2
v -1.4 2.3 -0.2
v -1.4 2.3 -0.4
v -1.4 2.3 -0.6
v -1.4 2.4 0.4
v -1.4 2.4 0.1
v -1.4 2.4 -0.1
v -1.4 2.4 -0.4
v -1.4 2.5 0.1
v -1.4 2.5 -0.1
v -1.3 0.6 0.3
v -1.3 0.6 0.2
v -1.3 0.6 -0.3
v -1.3 0.7 0.5
v -1.3 0.7 0.3
v -1.3 0.7 0.1
v -1.3 0.7 -0.1
v -1.3 0.7 -0.3
v -1.3 0.7 -0.5
v -1.3 0.8 0.7
v -1.3 0.8 0.5
v -1.3 0.8 0.4
v -1.3 0.8 0.2
v -1.3 0.8 0.1
v -1.3 0.8 -0.1
v -1.3 0.8 -0.4
v -1.3 0.8 -0.5
v -1.3 0.8 -0.7
v -1.3 0.9 0.8
v -1.3 0.9 0.7
v -1.3 0.9 0.6
v -1.3 0.9 0.4
v -1.3 0.9 -0.4
v -1.3 0.9 -0.6
v -1.3 0.9 -0.7
v -1.3 0.9 -0.8
v -1.3 1 0.7
v -1.3 1 0.6
v -1.3 1 -0.6
v -1.3 1 -0.7
v -1.3 1.1 0.9
v -1.3 1.1 0.8
v -1.3 1.1 -0.8
v -1.3 1.1 -0.9
v -1.3 1.2 0.8
v -1.3 1.2 0.7
v -1.3 1.2 -0.7
v -1.3 1.2 -0.8
v -1.3 1.3 1
v -1.3 1.3 0.9
v -1.3 1.3 -0.9
v -1.3 1.3 -1
v -1.3 1.5 0.9
v -1.3 1.5 0.8
v -1.3 1.5 -0.8
v -1.3 1.5 -0.9
v -1.3 1.5 -1
v -1.3 1.7 0.9
v -1.3 1.7 0.8
v -1.3 1.7 -0.8
v -1.3 1.7 -0.9
v -1.3 1.8 0.9
v -1.3 1.8 0.8
v -1.3 1.9 1
v -1.3 1.9 0.9
v -1.3 1.9 -0.9
v -1.3 1.9 -1
v -1.3 2 0.8
v -1.3 2 0.7
v -1.3 2 -0.7
v -1.3 2 -0.8
v -1.3 2.1 0.9
v -1.3 2.1 0.8
v -1.3 2.1 -0.8
v -1.3 2.1 -0.9
v -1.3 2.2 0.7
v -1.3 2.2 0.6
v -1.3 2.2 -0.6
v -1.3 2.2 -0.7
v -1.3 2.3 0.8
v -1.3 2.3 0.7
v -1.3 2.3 0.6
v -1.3 2.3 0.4
v -1.3 2.3 -0.4
v -1.3 2.3 -0.5
v -1.3 2.3 -0.6
v -1.3 2.3 -0.7
v -1.3 2.3 -0.8
v -1.3 2.4 0.7
v -1.3 2.4 0.5
v -1.3 2.4 0.4
v -1.3 2.4 0.1
v -1.3 2.4 -0.1
v -1.3 2.4 -0.4
v -1.3 2.4 -0.5
v -1.3 2.4 -0.7
v -1.3 2.5 0.5
v -1.3 2.5 0.3
v -1.3 2.5 0.1
v -1.3 2.5 -0.1
v -1.3 2.5 -0.3
v -1.3 2.5 -0.5
v -1.3 2.6 0.3
v -1.3 2.6 -0.3
v -1.2 0.5 0.4
v -1.2 0.5 0.2
v -1.2 0.5 -0.4
v -1.2 0.6 0.6
v -1.2 0.6 0.4
v -1.2 0.6 0.3
v -1.2 0.6 0.2
v -1.2 0.6 -0.3
v -1.2 0.6 -0.4
v -1.2 0.6 -0.6
v -1.2 0.7 0.7
v -1.2 0.7 0.6
v -1.2 0.7 0.5
v -1.2 0.7 0.3
v -1.2 0.7 -0.3
v -1.2 0.7 -0.5
v -1.2 0.7 -0.6
v -1.2 0.7 -0.7
v -1.2 0.8 0.8
v -1.2 0.8 0.7
v -1.2 0.8 0.5
v -1.2 0.8 -0.5
v -1.2 0.8 -0.7
v -1.2 0.8 -0.8
v -1.2 0.9 0.9
v -1.2 0.9 0.8
v -1.2 0.9 0.7
v -1.2 0.9 -0.7
v -1.2 0.9 -0.8
v -1.2 0.9 -0.9
v -1.2 1 1
v -1.2 1 0.9
v -1.2 1 -0.9
v -1.2 1 -1
v -1.2 1.1 0.9
v -1.2 1.1 0.8
v -1.2 1.1 -0.8
v -1.2 1.1 -0.9
v -1.2 1.2 1.1
v -1.2 1.2 1
v -1.2 1.2 -1
v -1.2 1.2 -1.1
v -1.2 1.3 1
v -1.2 1.3 0.9
v -1.2 1.3 -0.9
v -1.2 1.3 -1
v -1.2 1.5 -1
v -1.2 1.9 1
v -1.2 1.9 0.9
v -1.2 1.9 -0.9
v -1.2 1.9 -1
v -1.2 2 1.1
v -1.2 2 1
v -1.2 2 -1
v -1.2 2 -1.1
v -1.2 2.1 1
v -1.2 2.1 0.9
v -1.2 2.1 0.8
v -1.2 2.1 -0.8
v -1.2 2.1 -0.9
v -1.2 2.2 1
v -1.2 2.2 0.9
v -1.2 2.2 -0.9
v -1.2 2.2 -1
v -1.2 2.3 0.9
v -1.2 2.3 0.8
v -1.2 2.3 0.7
v -1.2 2.3 -0.7
v -1.2 2.3 -0.8
v -1.2 2.3 -0.9
v -1.2 2.4 0.8
v -1.2 2.4 0.7
v -1.2 2.4 0.5
v -1.2 2.4 -0.5
v -1.2 2.4 -0.7
v -1.2 2.4 -0.8
v -1.2 2.5 0.7
v -1.2 2.5 0.6
v -1.2 2.5 0.5
v -1.2 2.5 0.3
v -1.2 2.5 -0.3
v -1.2 2.5 -0.5
v -1.2 2.5 -0.6
v -1.2 2.5 -0.7
v -1.2 2.6 0.6
v -1.2 2.6 0.4
v -1.2 2.6 0.3
v -1.2 2.6 -0.3
v -1.2 2.6 -0.4
v -1.2 2.6 -0.5
v -1.2 2.6 -0.6
v -1.2 2.7 0.4
v -1.2 2.7 -0.4
v -1.1 0.4 0.4
v -1.1 0.4 -0.4
v -1.1 0.5 0.6
v -1.1 0.5 0.4
v -1.1 0.5 0.2
v -1.1 0.5 -0.4
v -1.1 0.5 -0.6
v -1.1 0.6 0.7
v -1.1 0.6 0.6
v -1.1 0.6 0.4
v -1.1 0.6 -0.4
v -1.1 0.6 -0.6
v -1.1 0.6 -0.7
v -1.1 0.7 0.9
v -1.1 0.7 0.7
v -1.1 0.7 0.6
v -1.1 0.7 -0.6
v -1.1 0.7 -0.7
v -1.1 0.7 -0.9
v -1.1 0.8 0.8
v -1.1 0.8 0.7
v -1.1 0.8 -0.7
v -1.1 0.8 -0.8
v -1.1 0.9 1
v -1.1 0.9 0.9
v -1.1 0.9 0.8
v -1.1 0.9 -0.8
v -1.1 0.9 -0.9
v -1.1 0.9 -1
v -1.1 1 1.1
v -1.1 1 1
v -1.1 1 0.9
v -1.1 1 -0.9
v -1.1 1 -1
v -1.1 1 -1.1
v -1.1 1.2 1.2
v -1.1 1.2 1.1
v -1.1 1.2 1
v -1.1 1.2 -1
v -1.1 1.2 -1.1
v -1.1 1.2 -1.2
v -1.1 1.3 1.2
v -1.1 1.3 1.1
v -1.1 1.8 1.2
v -1.1 1.8 1.1
v -1.1 2 1.2
v -1.1 2 1.1
v -1.1 2 1
v -1.1 2 -1
v -1.1 2 -1.1
v -1.1 2 -1.2
v -1.1 2.1 1
v -1.1 2.2 1.1
v -1.1 2.2 1
v -1.1 2.2 0.9
v -1.1 2.2 -0.9
v -1.1 2.2 -1
v -1.1 2.2 -1.1
v -1.1 2.3 1
v -1.1 2.3 0.9
v -1.1 2.3 0.8
v -1.1 2.3 -0.8
v -1.1 2.3 -0.9
v -1.1 2.3 -1
v -1.1 2.4 0.8
v -1.1 2.4 0.7
v -1.1 2.4 -0.7
v -1.1 2.4 -0.8
v -1.1 2.5 0.9
v -1.1 2.5 0.7
v -1.1 2.5 0.6
v -1.1 2.5 -0.6
v -1.1 2.5 -0.7
v -1.1 2.5 -0.9
v -1.1 2.6 0.7
v -1.1 2.6 0.6
v -1.1 2.6 0.4
v -1.1 2.6 -0.4
v -1.1 2.6 -0.5
v -1.1 2.6 -0.6
v -1.1 2.6 -0.7
v -1.1 2.7 0.6
v -1.1 2.7 0.4
v -1.1 2.7 -0.4
v -1.1 2.7 -0.5
v -1.1 2.7 -0.6
v -1.1 2.8 0.4
v -1.1 2.8 -0.4
v -1 0.3 0.3
v -1 0.3 -0.3
v -1 0.4 0.6
v -1 0.4 0.4
v -1 0.4 0.3
v -1 0.4 -0.3
v -1 0.4 -0.4
v -1 0.4 -0.6
v -1 0.5 0.7
v -1 0.5 0.6
v -1 0.5 0.4
v -1 0.5 -0.4
v -1 0.5 -0.6
v -1 0.5 -0.7
v -1 0.6 0.9
v -1 0.6 0.7
v -1 0.6 0.6
v -1 0.6 -0.6
v -1 0.6 -0.7
v -1 0.6 -0.9
v -1 0.7 1
v -1 0.7 0.9
v -1 0.7 0.7
v -1 0.7 -0.7
v -1 0.7 -0.9
v -1 0.7 -1
v -1 0.9 1.1
v -1 0.9 1
v -1 0.9 0.9
v -1 0.9 -0.9
v -1 0.9 -1
v -1 0.9 -1.1
v -1 1 1.2
v -1 1 1.1
v -1 1 1
v -1 1 -1
v -1 1 -1.1
v -1 1 -1.2
v -1 1.2 1.2
v -1 1.2 1.1
v -1 1.2 -1.1
v -1 1.2 -1.2
v -1 1.3 1.3
v -1 1.3 1.2
v -1 1.3 -1.2
v -1 1.3 -1.3
v -1 1.8 1.3
v -1 1.8 1.2
v -1 1.9 1.3
v -1 1.9 1.2
v -1 1.9 -1.2
v -1 1.9 -1.3
v -1 2 1.2
v -1 2 1.1
v -1 2 -1.1
v -1 2 -1.2
v -1 2.1 1.2
v -1 2.1 1.1
v -1 2.2 1.2
v -1 2.2 1.1
v -1 2.2 1
v -1 2.2 -1
v -1 2.2 -1.1
v -1 2.2 -1.2
v -1 2.3 1.1
v -1 2.3 1
v -1 2.3 0.9
v -1 2.3 -0.9
v -1 2.3 -1
v -1 2.3 -1.1
v -1 2.5 1
v -1 2.5 0.9
v -1 2.5 0.7
v -1 2.5 -0.7
v -1 2.5 -0.9
v -1 2.5 -1
v -1 2.6 0.9
v -1 2.6 0.7
v -1 2.6 0.6
v -1 2.6 -0.6
v -1 2.6 -0.7
v -1 2.6 -0.9
v -1 2.7 0.7
v -1 2.7 0.6
v -1 2.7 0.4
v -1 2.7 -0.4
v -1 2.7 -0.5
v -1 2.7 -0.6
v -1 2.7 -0.7
v -1 2.8 0.6
v -1 2.8 0.4
v -1 2.8 0.3
v -1 2.8 -0.3
v -1 2.8 -0.4
v -1 2.8 -0.5
v -1 2.8 -0.6
v -1 2.9 0.3
v -1 2.9 -0.3
v -0.9 0.2 0.1
v -0.9 0.2 -0.1
v -0.9 0.3 0.5
v -0.9 0.3 0.3
v -0.9 0.3 0.1
v -0.9 0.3 -0.1
v -0.9 0.3 -0.3
v -0.9 0.3 -0.5
v -0.9 0.4 0.7
v -0.9 0.4 0.6
v -0.9 0.4 0.5
v -0.9 0.4 0.3
v -0.9 0.4 -0.3
v -0.9 0.4 -0.5
v -0.9 0.4 -0.6
v -0.9 0.4 -0.7
v -0.9 0.5 0.9
v -0.9 0.5 0.7
v -0.9 0.5 0.6
v -0.9 0.5 -0.6
v -0.9 0.5 -0.7
v -0.9 0.5 -0.9
v -0.9 0.6 1
v -0.9 0.6 0.9
v -0.9 0.6 0.7
v -0.9 0.6 -0.7
v -0.9 0.6 -0.9
v -0.9 0.6 -1
v -0.9 0.7 1.1
v -0.9 0.7 1
v -0.9 0.7 0.9
v -0.9 0.7 -0.9
v -0.9 0.7 -1
v -0.9 0.7 -1.1
v -0.9 0.8 1.1
v -0.9 0.8 1
v -0.9 0.9 1.2
v -0.9 0.9 1.1
v -0.9 0.9 1
v -0.9 0.9 -1
v -0.9 0.9 -1.1
v -0.9 0.9 -1.2
v -0.9 1 1.2
v -0.9 1 1.1
v -0.9 1 -1.1
v -0.9 1 -1.2
v -0.9 1.1 1.3
v -0.9 1.1 1.2
v -0.9 1.1 -1.2
v -0.9 1.1 -1.3
v -0.9 1.3 1.3
v -0.9 1.3 1.2
v -0.9 1.3 -1.2
v -0.9 1.3 -1.3
v -0.9 1.5 1.4
v -0.9 1.5 1.3
v -0.9 1.5 -1.3
v -0.9 1.5 -1.4
v -0.9 1.7 1.4
v -0.9 1.7 1.3
v -0.9 1.7 -1.3
v -0.9 1.7 -1.4
v -0.9 1.9 1.3
v -0.9 1.9 1.2
v -0.9 1.9 -1.2
v -0.9 1.9 -1.3
v -0.9 2.1 1.3
v -0.9 2.1 1.2
v -0.9 2.1 -1.2
v -0.9 2.1 -1.3
v -0.9 2.2 1.2
v -0.9 2.2 1.1
v -0.9 2.2 -1.1
v -0.9 2.2 -1.2
v -0.9 2.3 1.2
v -0.9 2.3 1.1
v -0.9 2.3 1
v -0.9 2.3 -1
v -0.9 2.3 -1.1
v -0.9 2.3 -1.2
v -0.9 2.5 1.1
v -0.9 2.5 1
v -0.9 2.5 0.9
v -0.9 2.5 -0.9
v -0.9 2.5 -1
v -0.9 2.5 -1.1
v -0.9 2.6 1
v -0.9 2.6 0.9
v -0.9 2.6 0.7
v -0.9 2.6 -0.7
v -0.9 2.6 -0.9
v -0.9 2.6 -1
v -0.9 2.7 0.9
v -0.9 2.7 0.7
v -0.9 2.7 0.6
v -0.9 2.7 -0.6
v -0.9 2.7 -0.7
v -0.9 2.7 -0.9
v -0.9 2.8 0.7
v -0.9 2.8 0.6
v -0.9 2.8 0.5
v -0.9 2.8 0.3
v -0.9 2.8 -0.3
v -0.9 2.8 -0.5
v -0.9 2.8 -0.6
v -0.9 2.8 -0.7
v -0.9 2.9 0.5
v -0.9 2.9 0.3
v -0.9 2.9 0.1
v -0.9 2.9 -0.1
v -0.9 2.9 -0.3
v -0.9 2.9 -0.5
v -0.9 3 0.1
v -0.9 3 -0.1
v -0.8 0.2 0.4
v -0.8 0.2 0.1
v -0.8 0.2 -0.1
v -0.8 0.2 -0.4
v -0.8 0.3 0.7
v -0.8 0.3 0.5
v -0.8 0.3 0.4
v -0.8 0.3 0.1
v -0.8 0.3 -0.1
v -0.8 0.3 -0.4
v -0.8 0.3 -0.5
v -0.8 0.3 -0.7
v -0.8 0.4 0.8
v -0.8 0.4 0.7
v -0.8 0.4 0.5
v -0.8 0.4 -0.5
v -0.8 0.4 -0.7
v -0.8 0.4 -0.8
v -0.8 0.5 0.8
v -0.8 0.5 0.7
v -0.8 0.5 -0.7
v -0.8 0.5 -0.8
v -0.8 0.8 1.2
v -0.8 0.8 1.1
v -0.8 0.8 -1.1
v -0.8 0.8 -1.2
v -0.8 0.9 1.3
v -0.8 0.9 1.2
v -0.8 0.9 1.1
v -0.8 0.9 -1.1
v -0.8 0.9 -1.2
v -0.8 0.9 -1.3
v -0.8 1.1 1.3
v -0.8 1.1 1.2
v -0.8 1.1 -1.2
v -0.8 1.1 -1.3
v -0.8 1.2 1.4
v -0.8 1.2 1.3
v -0.8 1.2 -1.3
v -0.8 1.2 -1.4
v -0.8 1.4 1.4
v -0.8 1.4 1.3
v -0.8 1.5 1.4
v -0.8 1.5 1.3
v -0.8 1.5 -1.3
v -0.8 1.5 -1.4
v -0.8 1.7 1.4
v -0.8 1.7 1.3
v -0.8 1.7 -1.3
v -0.8 1.7 -1.4
v -0.8 2 1.4
v -0.8 2 1.3
v -0.8 2 -1.3
v -0.8 2 -1.4
v -0.8 2.1 1.3
v -0.8 2.1 1.2
v -0.8 2.1 -1.2
v -0.8 2.1 -1.3
v -0.8 2.2 1.2
v -0.8 2.3 1.3
v -0.8 2.3 1.2
v -0.8 2.3 1.1
v -0.8 2.3 -1.1
v -0.8 2.3 -1.2
v -0.8 2.3 -1.3
v -0.8 2.4 1.2
v -0.8 2.4 1.1
v -0.8 2.4 -1.1
v -0.8 2.4 -1.2
v -0.8 2.7 0.8
v -0.8 2.7 0.7
v -0.8 2.7 -0.7
v -0.8 2.7 -0.8
v -0.8 2.8 0.8
v -0.8 2.8 0.7
v -0.8 2.8 0.5
v -0.8 2.8 -0.5
v -0.8 2.8 -0.7
v -0.8 2.8 -0.8
v -0.8 2.9 0.7
v -0.8 2.9 0.5
v -0.8 2.9 0.4
v -0.8 2.9 0.1
v -0.8 2.9 -0.1
v -0.8 2.9 -0.4
v -0.8 2.9 -0.5
v -0.8 2.9 -0.7
v -0.8 3 0.4
v -0.8 3 0.1
v -0.8 3 -0.1
v -0.8 3 -0.4
v -0.7 0.1 0.2
v -0.7 0.1 -0.2
v -0.7 0.2 0.6
v -0.7 0.2 0.4
v -0.7 0.2 0.2
v -0.7 0.2 -0.2
v -0.7 0.2 -0.4
v -0.7 0.2 -0.6
v -0.7 0.3 0.8
v -0.7 0.3 0.7
v -0.7 0.3 0.6
v -0.7 0.3 0.4
v -0.7 0.3 -0.4
v -0.7 0.3 -0.6
v -0.7 0.3 -0.7
v -0.7 0.3 -0.8
v -0.7 0.4 0.9
v -0.7 0.4 0.8
v -0.7 0.4 0.7
v -0.7 0.4 -0.7
v -0.7 0.4 -0.8
v -0.7 0.4 -0.9
v -0.7 0.5 1
v -0.7 0.5 0.9
v -0.7 0.5 0.8
v -0.7 0.5 -0.8
v -0.7 0.5 -0.9
v -0.7 0.5 -1
v -0.7 0.6 1.1
v -0.7 0.6 1
v -0.7 0.6 0.9
v -0.7 0.6 -0.9
v -0.7 0.6 -1
v -0.7 0.6 -1.1
v -0.7 0.7 1.2
v -0.7 0.7 1.1
v -0.7 0.7 1
v -0.7 0.7 -1
v -0.7 0.7 -1.1
v -0.7 0.7 -1.2
v -0.7 0.8 1.3
v -0.7 0.8 1.2
v -0.7 0.8 1.1
v -0.7 0.8 -1.1
v -0.7 0.8 -1.2
v -0.7 0.8 -1.3
v -0.7 0.9 1.3
v -0.7 0.9 1.2
v -0.7 0.9 -1.2
v -0.7 0.9 -1.3
v -0.7 1 1.4
v -0.7 1 1.3
v -0.7 1 -1.3
v -0.7 1 -1.4
v -0.7 1.2 1.4
v -0.7 1.2 1.3
v -0.7 1.2 -1.3
v -0.7 1.2 -1.4
v -0.7 1.4 1.5
v -0.7 1.4 1.4
v -0.7 1.4 -1.4
v -0.7 1.4 -1.5
v -0.7 1.8 1.5
v -0.7 1.8 1.4
v -0.7 1.8 -1.4
v -0.7 1.8 -1.5
v -0.7 2 1.4
v -0.7 2 1.3
v -0.7 2 -1.3
v -0.7 2 -1.4
v -0.7 2.1 1.4
v -0.7 2.1 1.3
v -0.7 2.2 1.4
v -0.7 2.2 1.3
v -0.7 2.2 -1.3
v -0.7 2.2 -1.4
v -0.7 2.3 1.3
v -0.7 2.3 1.2
v -0.7 2.3 -1.2
v -0.7 2.3 -1.3
v -0.7 2.4 1.3
v -0.7 2.4 1.2
v -0.7 2.4 1.1
v -0.7 2.4 -1.1
v -0.7 2.4 -1.2
v -0.7 2.4 -1.3
v -0.7 2.5 1.2
v -0.7 2.5 1.1
v -0.7 2.5 1
v -0.7 2.5 -1
v -0.7 2.5 -1.1
v -0.7 2.5 -1.2
v -0.7 2.6 1.1
v -0.7 2.6 1
v -0.7 2.6 0.9
v -0.7 2.6 -0.9
v -0.7 2.6 -1
v -0.7 2.6 -1.1
v -0.7 2.7 1
v -0.7 2.7 0.9
v -0.7 2.7 0.8
v -0.7 2.7 -0.8
v -0.7 2.7 -0.9
v -0.7 2.7 -1
v -0.7 2.8 0.9
v -0.7 2.8 0.8
v -0.7 2.8 0.7
v -0.7 2.8 -0.7
v -0.7 2.8 -0.8
v -0.7 2.8 -0.9
v -0.7 2.9 0.8
v -0.7 2.9 0.7
v -0.7 2.9 0.6
v -0.7 2.9 0.4
v -0.7 2.9 -0.4
v -0.7 2.9 -0.5
v -0.7 2.9 -0.6
v -0.7 2.9 -0.7
v -0.7 2.9 -0.8
v -0.7 3 0.6
v -0.7 3 0.4
v -0.7 3 0.2
v -0.7 3 0.1
v -0.7 3 -0.2
v -0.7 3 -0.4
v -0.7 3 -0.6
v -0.7 3.1 0.2
v -0.7 3.1 0.1
v -0.7 3.1 -0.2
v -0.6 0.1 0.4
v -0.6 0.1 0.2
v -0.6 0.1 -0.2
v -0.6 0.1 -0.4
v -0.6 0.2 0.7
v -0.6 0.2 0.6
v -0.6 0.2 0.4
v -0.6 0.2 0.2
v -0.6 0.2 -0.2
v -0.6 0.2 -0.4
v -0.6 0.2 -0.6
v -0.6 0.2 -0.7
v -0.6 0.3 0.7
v -0.6 0.3 0.6
v -0.6 0.3 -0.6
v -0.6 0.3 -0.7
v -0.6 0.4 1
v -0.6 0.4 0.9
v -0.6 0.4 -0.9
v -0.6 0.4 -1
v -0.6 0.5 1.1
v -0.6 0.5 1
v -0.6 0.5 0.9
v -0.6 0.5 -0.9
v -0.6 0.5 -1
v -0.6 0.5 -1.1
v -0.6 0.6 1.2
v -0.6 0.6 1.1
v -0.6 0.6 1
v -0.6 0.6 -1
v -0.6 0.6 -1.1
v -0.6 0.6 -1.2
v -0.6 0.7 1.2
v -0.6 0.7 1.1
v -0.6 0.7 -1.1
v -0.6 0.7 -1.2
v -0.6 0.9 1.4
v -0.6 0.9 1.3
v -0.6 0.9 -1.3
v -0.6 0.9 -1.4
v -0.6 1 1.4
v -0.6 1 1.3
v -0.6 1 -1.3
v -0.6 1 -1.4
v -0.6 1.2 1.5
v -0.6 1.2 1.4
v -0.6 1.2 -1.4
v -0.6 1.2 -1.5
v -0.6 1.4 1.5
v -0.6 1.4 1.4
v -0.6 1.4 -1.4
v -0.6 1.4 -1.5
v -0.6 1.8 1.5
v -0.6 1.8 1.4
v -0.6 1.8 -1.4
v -0.6 1.8 -1.5
v -0.6 2 1.5
v -0.6 2 1.4
v -0.6 2 -1.4
v -0.6 2 -1.5
v -0.6 2.2 1.4
v -0.6 2.2 1.3
v -0.6 2.2 -1.3
v -0.6 2.2 -1.4
v -0.6 2.3 1.4
v -0.6 2.3 1.3
v -0.6 2.3 -1.3
v -0.6 2.3 -1.4
v -0.6 2.5 1.2
v -0.6 2.5 1.1
v -0.6 2.5 -1.1
v -0.6 2.5 -1.2
v -0.6 2.6 1.2
v -0.6 2.6 1.1
v -0.6 2.6 1
v -0.6 2.6 -1
v -0.6 2.6 -1.1
v -0.6 2.6 -1.2
v -0.6 2.7 1.1
v -0.6 2.7 1
v -0.6 2.7 0.9
v -0.6 2.7 -0.9
v -0.6 2.7 -1
v -0.6 2.7 -1.1
v -0.6 2.8 1
v -0.6 2.8 0.9
v -0.6 2.8 -0.9
v -0.6 2.8 -1
v -0.6 2.9 0.7
v -0.6 2.9 0.6
v -0.6 2.9 -0.6
v -0.6 2.9 -0.7
v -0.6 3 0.7
v -0.6 3 0.6
v -0.6 3 0.4
v -0.6 3 0.2
v -0.6 3 -0.2
v -0.6 3 -0.4
v -0.6 3 -0.6
v -0.6 3 -0.7
v -0.6 3.1 0.4
v -0.6 3.1 0.2
v -0.6 3.1 -0.2
v -0.6 3.1 -0.4
v -0.5 0.1 0.5
v -0.5 0.1 0.4
v -0.5 0.1 -0.4
v -0.5 0.1 -0.5
v -0.5 0.2 0.5
v -0.5 0.2 0.4
v -0.5 0.2 -0.4
v -0.5 0.2 -0.5
v -0.5 0.3 0.9
v -0.5 0.3 0.8
v -0.5 0.3 -0.8
v -0.5 0.3 -0.9
v -0.5 0.4 0.9
v -0.5 0.4 0.8
v -0.5 0.4 -0.8
v -0.5 0.4 -0.9
v -0.5 0.7 1.3
v -0.5 0.7 1.2
v -0.5 0.7 -1.2
v -0.5 0.7 -1.3
v -0.5 0.8 1.3
v -0.5 0.8 1.2
v -0.5 0.8 -1.2
v -0.5 0.8 -1.3
v -0.5 1.1 1.5
v -0.5 1.1 1.4
v -0.5 1.1 -1.4
v -0.5 1.1 -1.5
v -0.5 1.2 1.5
v -0.5 1.2 1.4
v -0.5 1.2 -1.4
v -0.5 1.2 -1.5
v -0.5 2 1.5
v -0.5 2 1.4
v -0.5 2 -1.4
v -0.5 2 -1.5
v -0.5 2.1 1.5
v -0.5 2.1 1.4
v -0.5 2.1 -1.4
v -0.5 2.1 -1.5
v -0.5 2.4 1.3
v -0.5 2.4 1.2
v -0.5 2.4 -1.2
v -0.5 2.4 -1.3
v -0.5 2.5 1.3
v -0.5 2.5 1.2
v -0.5 2.5 -1.2
v -0.5 2.5 -1.3
v -0.5 2.8 0.9
v -0.5 2.8 0.8
v -0.5 2.8 -0.8
v -0.5 2.8 -0.9
v -0.5 2.9 0.9
v -0.5 2.9 0.8
v -0.5 2.9 -0.8
v -0.5 2.9 -0.9
v -0.5 3 0.5
v -0.5 3 0.4
v -0.5 3 -0.4
v -0.5 3 -0.5
v -0.5 3.1 0.5
v -0.5 3.1 0.4
v -0.5 3.1 -0.4
v -0.5 3.1 -0.5
v -0.4 0 0.2
v -0.4 0 -0.2
v -0.4 0.1 0.6
v -0.4 0.1 0.5
v -0.4 0.1 0.2
v -0.4 0.1 -0.2
v -0.4 0.1 -0.5
v -0.4 0.1 -0.6
v -0.4 0.2 0.8
v -0.4 0.2 0.7
v -0.4 0.2 0.6
v -0.4 0.2 0.5
v -0.4 0.2 -0.5
v -0.4 0.2 -0.6
v -0.4 0.2 -0.7
v -0.4 0.2 -0.8
v -0.4 0.3 0.8
v -0.4 0.3 0.7
v -0.4 0.3 -0.7
v -0.4 0.3 -0.8
v -0.4 0.4 1.1
v -0.4 0.4 1
v -0.4 0.4 -1
v -0.4 0.4 -1.1
v -0.4 0.5 1.2
v -0.4 0.5 1.1
v -0.4 0.5 1
v -0.4 0.5 -1
v -0.4 0.5 -1.1
v -0.4 0.5 -1.2
v -0.4 0.6 1.2
v -0.4 0.6 1.1
v -0.4 0.6 -1.1
v -0.4 0.6 -1.2
v -0.4 0.8 1.4
v -0.4 0.8 1.3
v -0.4 0.8 -1.3
v -0.4 0.8 -1.4
v -0.4 0.9 1.4
v -0.4 0.9 1.3
v -0.4 0.9 -1.3
v -0.4 0.9 -1.4
v -0.4 1 1.5
v -0.4 1 1.4
v -0.4 1 -1.4
v -0.4 1 -1.5
v -0.4 1.1 1.5
v -0.4 1.1 1.4
v -0.4 1.1 -1.4
v -0.4 1.1 -1.5
v -0.4 1.4 1.6
v -0.4 1.4 1.5
v -0.4 1.4 -1.5
v -0.4 1.4 -1.6
v -0.4 1.8 1.6
v -0.4 1.8 1.5
v -0.4 1.8 -1.5
v -0.4 1.8 -1.6
v -0.4 2.1 1.5
v -0.4 2.1 1.4
v -0.4 2.1 -1.4
v -0.4 2.1 -1.5
v -0.4 2.2 1.5
v -0.4 2.2 1.4
v -0.4 2.2 -1.4
v -0.4 2.2 -1.5
v -0.4 2.3 1.4
v -0.4 2.3 1.3
v -0.4 2.3 -1.3
v -0.4 2.3 -1.4
v -0.4 2.4 1.4
v -0.4 2.4 1.3
v -0.4 2.4 -1.3
v -0.4 2.4 -1.4
v -0.4 2.6 1.2
v -0.4 2.6 1.1
v -0.4 2.6 -1.1
v -0.4 2.6 -1.2
v -0.4 2.7 1.2
v -0.4 2.7 1.1
v -0.4 2.7 1
v -0.4 2.7 -1
v -0.4 2.7 -1.1
v -0.4 2.7 -1.2
v -0.4 2.8 1.1
v -0.4 2.8 1
v -0.4 2.8 -1
v -0.4 2.8 -1.1
v -0.4 2.9 0.8
v -0.4 2.9 0.7
v -0.4 2.9 -0.7
v -0.4 2.9 -0.8
v -0.4 3 0.8
v -0.4 3 0.7
v -0.4 3 0.6
v -0.4 3 0.5
v -0.4 3 -0.5
v -0.4 3 -0.6
v -0.4 3 -0.7
v -0.4 3 -0.8
v -0.4 3.1 0.6
v -0.4 3.1 0.5
v -0.4 3.1 0.2
v -0.4 3.1 0.1
v -0.4 3.1 -0.2
v -0.4 3.1 -0.5
v -0.4 3.1 -0.6
v -0.4 3.2 0.2
v -0.4 3.2 0.1
v -0.4 3.2 -0.2
v -0.3 0 0.3
v -0.3 0 0.2
v -0.3 0 -0.2
v -0.3 0 -0.3
v -0.3 0.1 0.3
v -0.3 0.1 0.2
v -0.3 0.1 -0.2
v -0.3 0.1 -0.3
v -0.3 0.3 1
v -0.3 0.3 0.9
v -0.3 0.3 -0.9
v -0.3 0.3 -1
v -0.3 0.4 1
v -0.3 0.4 0.9
v -0.3 0.4 -0.9
v -0.3 0.4 -1
v -0.3 0.6 1.3
v -0.3 0.6 1.2
v -0.3 0.6 -1.2
v -0.3 0.6 -1.3
v -0.3 0.7 1.3
v -0.3 0.7 1.2
v -0.3 0.7 -1.2
v -0.3 0.7 -1.3
v -0.3 1.3 1.6
v -0.3 1.3 1.5
v -0.3 1.3 -1.5
v -0.3 1.3 -1.6
v -0.3 1.4 1.6
v -0.3 1.4 1.5
v -0.3 1.4 -1.5
v -0.3 1.4 -1.6
v -0.3 1.8 1.6
v -0.3 1.8 1.5
v -0.3 1.8 -1.5
v -0.3 1.8 -1.6
v -0.3 1.9 1.6
v -0.3 1.9 1.5
v -0.3 1.9 -1.5
v -0.3 1.9 -1.6
v -0.3 2.5 1.3
v -0.3 2.5 1.2
v -0.3 2.5 -1.2
v -0.3 2.5 -1.3
v -0.3 2.6 1.3
v -0.3 2.6 1.2
v -0.3 2.6 -1.2
v -0.3 2.6 -1.3
v -0.3 2.8 1
v -0.3 2.8 0.9
v -0.3 2.8 -0.9
v -0.3 2.8 -1
v -0.3 2.9 1
v -0.3 2.9 0.9
v -0.3 2.9 -0.9
v -0.3 2.9 -1
v -0.3 3.1 0.3
v -0.3 3.1 0.2
v -0.3 3.1 -0.2
v -0.3 3.1 -0.3
v -0.3 3.2 0.3
v -0.3 3.2 0.2
v -0.3 3.2 -0.2
v -0.3 3.2 -0.3
v -0.2 0 0.4
v -0.2 0 0.3
v -0.2 0 -0.3
v -0.2 0 -0.4
v -0.2 0.1 0.7
v -0.2 0.1 0.6
v -0.2 0.1 0.4
v -0.2 0.1 0.3
v -0.2 0.1 -0.3
v -0.2 0.1 -0.4
v -0.2 0.1 -0.6
v -0.2 0.1 -0.7
v -0.2 0.2 0.7
v -0.2 0.2 0.6
v -0.2 0.2 -0.6
v -0.2 0.2 -0.7
v -0.2 0.9 1.5
v -0.2 0.9 1.4
v -0.2 0.9 -1.4
v -0.2 0.9 -1.5
v -0.2 1 1.5
v -0.2 1 1.4
v -0.2 1 -1.4
v -0.2 1 -1.5
v -0.2 1.2 1.6
v -0.2 1.2 1.5
v -0.2 1.2 -1.5
v -0.2 1.2 -1.6
v -0.2 1.3 1.6
v -0.2 1.3 1.5
v -0.2 1.3 -1.5
v -0.2 1.3 -1.6
v -0.2 1.9 1.6
v -0.2 1.9 1.5
v -0.2 1.9 -1.5
v -0.2 1.9 -1.6
v -0.2 2 1.6
v -0.2 2 1.5
v -0.2 2 -1.5
v -0.2 2 -1.6
v -0.2 2.2 1.5
v -0.2 2.2 1.4
v -0.2 2.2 -1.4
v -0.2 2.2 -1.5
v -0.2 2.3 1.5
v -0.2 2.3 1.4
v -0.2 2.3 -1.4
v -0.2 2.3 -1.5
v -0.2 3 0.7
v -0.2 3 0.6
v -0.2 3 -0.6
v -0.2 3 -0.7
v -0.2 3.1 0.7
v -0.2 3.1 0.6
v -0.2 3.1 0.4
v -0.2 3.1 0.3
v -0.2 3.1 -0.3
v -0.2 3.1 -0.4
v -0.2 3.1 -0.6
v -0.2 3.1 -0.7
v -0.2 3.2 0.4
v -0.2 3.2 0.3
v -0.2 3.2 -0.3
v -0.2 3.2 -0.4
v -0.1 0.2 0.9
v -0.1 0.2 0.8
v -0.1 0.2 -0.8
v -0.1 0.2 -0.9
v -0.1 0.3 0.9
v -0.1 0.3 0.8
v -0.1 0.3 -0.8
v -0.1 0.3 -0.9
v -0.1 0.7 1.4
v -0.1 0.7 1.3
v -0.1 0.7 -1.3
v -0.1 0.7 -1.4
v -0.1 0.8 1.4
v -0.1 0.8 1.3
v -0.1 0.8 -1.3
v -0.1 0.8 -1.4
v -0.1 2.4 1.4
v -0.1 2.4 1.3
v -0.1 2.4 -1.3
v -0.1 2.4 -1.4
v -0.1 2.5 1.4
v -0.1 2.5 1.3
v -0.1 2.5 -1.3
v -0.1 2.5 -1.4
v -0.1 2.9 0.9
v -0.1 2.9 0.8
v -0.1 2.9 -0.8
v -0.1 2.9 -0.9
v -0.1 3 0.9
v -0.1 3 0.8
v -0.1 3 -0.8
v -0.1 3 -0.9
v 0.1 0.2 0.9
v 0.1 0.2 0.8
v 0.1 0.2 -0.8
v 0.1 0.2 -0.9
v 0.1 0.3 0.9
v 0.1 0.3 0.8
v 0.1 0.3 -0.8
v 0.1 0.3 -0.9
v 0.1 0.7 1.4
v 0.1 0.7 1.3
v 0.1 0.7 -1.3
v 0.1 0.7 -1.4
v 0.1 0.8 1.4
v 0.1 0.8 1.3
v 0.1 0.8 -1.3
v 0.1 0.8 -1.4
v 0.1 2.4 1.4
v 0.1 2.4 1.3
v 0.1 2.4 -1.3
v 0.1 2.4 -1.4
v 0.1 2.5 1.4
v 0.1 2.5 1.3
v 0.1 2.5 -1.3
v 0.1 2.5 -1.4
v 0.1 2.9 0.9
v 0.1 2.9 0.8
v 0.1 2.9 -0.8
v 0.1 2.9 -0.9
v 0.1 3 0.9
v 0.1 3 0.8
v 0.1 3 -0.8
v 0.1 3 -0.9
v 0.2 0 0.4
v 0.2 0 0.3
v 0.2 0 -0.3
v 0.2 0 -0.4
v 0.2 0.1 0.7
v 0.2 0.1 0.6
v 0.2 0.1 0.4
v 0.2 0.1 0.3
v 0.2 0.1 -0.3
v 0.2 0.1 -0.4
v 0.2 0.1 -0.6
v 0.2 0.1 -0.7
v 0.2 0.2 0.7
v 0.2 0.2 0.6
v 0.2 0.2 -0.6
v 0.2 0.2 -0.7
v 0.2 0.9 1.5
v 0.2 0.9 1.4
v 0.2 0.9 -1.4
v 0.2 0.9 -1.5
v 0.2 1 1.5
v 0.2 1 1.4
v 0.2 1 -1.4
v 0.2 1 -1.5
v 0.2 1.2 1.6
v 0.2 1.2 1.5
v 0.2 1.2 -1.5
v 0.2 1.2 -1.6
v 0.2 1.3 1.6
v 0.2 1.3 1.5
v 0.2 1.3 -1.5
v 0.2 1.3 -1.6
v 0.2 1.9 1.6
v 0.2 1.9 1.5
v 0.2 1.9 -1.5
v 0.2 1.9 -1.6
v 0.2 2 1.6
v 0.2 2 1.5
v 0.2 2 -1.5
v 0.2 2 -1.6
v 0.2 2.2 1.5
v 0.2 2.2 1.4
v 0.2 2.2 -1.4
v 0.2 2.2 -1.5
v 0.2 2.3 1.5
v 0.2 2.3 1.4
v 0.2 2.3 -1.4
v 0.2 2.3 -1.5
v 0.2 3 0.7
v 0.2 3 0.6
v 0.2 3 -0.6
v 0.2 3 -0.7
v 0.2 3.1 0.7
v 0.2 3.1 0.6
v 0.2 3.1 0.4
v 0.2 3.1 0.3
v 0.2 3.1 -0.3
v 0.2 3.1 -0.4
v 0.2 3.1 -0.6
v 0.2 3.1 -0.7
v 0.2 3.2 0.4
v 0.2 3.2 0.3
v 0.2 3.2 -0.3
v 0.2 3.2 -0.4
v 0.3 0 0.3
v 0.3 0 0.2
v 0.3 0 -0.2
v 0.3 0 -0.3
v 0.3 0.1 0.3
v 0.3 0.1 0.2
v 0.3 0.1 -0.2
v 0.3 0.1 -0.3
v 0.3 0.3 1
v 0.3 0.3 0.9
v 0.3 0.3 -0.9
v 0.3 0.3 -1
v 0.3 0.4 1
v 0.3 0.4 0.9
v 0.3 0.4 -0.9
v 0.3 0.4 -1
v 0.3 0.6 1.3
v 0.3 0.6 1.2
v 0.3 0.6 -1.2
v 0.3 0.6 -1.3
v 0.3 0.7 1.3
v 0.3 0.7 1.2
v 0.3 0.7 -1.2
v 0.3 0.7 -1.3
v 0.3 1.3 1.6
v 0.3 1.3 1.5
v 0.3 1.3 -1.5
v 0.3 1.3 -1.6
v 0.3 1.4 1.6
v 0.3 1.4 1.5
v 0.3 1.4 -1.5
v 0.3 1.4 -1.6
v 0.3 1.8 1.6
v 0.3 1.8 1.5
v 0.3 1.8 -1.5
v 0.3 1.8 -1.6
v 0.3 1.9 1.6
v 0.3 1.9 1.5
v 0.3 1.9 -1.5
v 0.3 1.9 -1.6
v 0.3 2.5 1.3
v 0.3 2.5 1.2
v 0.3 2.5 -1.2
v 0.3 2.5 -1.3
v 0.3 2.6 1.3
v 0.3 2.6 1.2
v 0.3 2.6 -1.2
v 0.3 2.6 -1.3
v 0.3 2.8 1
v 0.3 2.8 0.9
v 0.3 2.8 -0.9
v 0.3 2.8 -1
v 0.3 2.9 1
v 0.3 2.9 0.9
v 0.3 2.9 -0.9
v 0.3 2.9 -1
v 0.3 3.1 0.3
v 0.3 3.1 0.2
v 0.3 3.1 -0.2
v 0.3 3.1 -0.3
v 0.3 3.2 0.3
v 0.3 3.2 0.2
v 0.3 3.2 -0.2
v 0.3 3.2 -0.3
v 0.4 0 0.2
v 0.4 0 -0.2
v 0.4 0.1 0.6
v 0.4 0.1 0.5
v 0.4 0.1 0.2
v 0.4 0.1 -0.2
v 0.4 0.1 -0.5
v 0.4 0.1 -0.6
v 0.4 0.2 0.8
v 0.4 0.2 0.7
v 0.4 0.2 0.6
v 0.4 0.2 0.5
v 0.4 0.2 -0.5
v 0.4 0.2 -0.6
v 0.4 0.2 -0.7
v 0.4 0.2 -0.8
v 0.4 0.3 0.8
v 0.4 0.3 0.7
v 0.4 0.3 -0.7
v 0.4 0.3 -0.8
v 0.4 0.4 1.1
v 0.4 0.4 1
v 0.4 0.4 -1
v 0.4 0.4 -1.1
v 0.4 0.5 1.2
v 0.4 0.5 1.1
v 0.4 0.5 1
v 0.4 0.5 -1
v 0.4 0.5 -1.1
v 0.4 0.5 -1.2
v 0.4 0.6 1.2
v 0.4 0.6 1.1
v 0.4 0.6 -1.1
v 0.4 0.6 -1.2
v 0.4 0.8 1.4
v 0.4 0.8 1.3
v 0.4 0.8 -1.3
v 0.4 0.8 -1.4
v 0.4 0.9 1.4
v 0.4 0.9 1.3
v 0.4 0.9 -1.3
v 0.4 0.9 -1.4
v 0.4 1 1.5
v 0.4 1 1.4
v 0.4 1 -1.4
v 0.4 1 -1.5
v 0.4 1.1 1.5
v 0.4 1.1 1.4
v 0.4 1.1 -1.4
v 0.4 1.1 -1.5
v 0.4 1.4 1.6
v 0.4 1.4 1.5
v 0.4 1.4 -1.5
v 0.4 1.4 -1.6
v 0.4 1.8 1.6
v 0.4 1.8 1.5
v 0.4 1.8 -1.5
v 0.4 1.8 -1.6
v 0.4 2.1 1.5
v 0.4 2.1 1.4
v 0.4 2.1 -1.4
v 0.4 2.1 -1.5
v 0.4 2.2 1.5
v 0.4 2.2 1.4
v 0.4 2.2 -1.4
v 0.4 2.2 -1.5
v 0.4 2.3 1.4
v 0.4 2.3 1.3
v 0.4 2.3 -1.3
v 0.4 2.3 -1.4
v 0.4 2.4 1.4
v 0.4 2.4 1.3
v 0.4 2.4 -1.3
v 0.4 2.4 -1.4
v 0.4 2.6 1.2
v 0.4 2.6 1.1
v 0.4 2.6 -1.1
v 0.4 2.6 -1.2
v 0.4 2.7 1.2
v 0.4 2.7 1.1
v 0.4 2.7 1
v 0.4 2.7 -1
v 0.4 2.7 -1.1
v 0.4 2.7 -1.2
v 0.4 2.8 1.1
v 0.4 2.8 1
v 0.4 2.8 -1
v 0.4 2.8 -1.1
v 0.4 2.9 0.8
v 0.4 2.9 0.7
v 0.4 2.9 -0.7
v 0.4 2.9 -0.8
v 0.4 3 0.8
v 0.4 3 0.7
v 0.4 3 0.6
v 0.4 3 0.5
v 0.4 3 -0.5
v 0.4 3 -0.6
v 0.4 3 -0.7
v 0.4 3 -0.8
v 0.4 3.1 0.6
v 0.4 3.1 0.5
v 0.4 3.1 0.2
v 0.4 3.1 -0.2
v 0.4 3.1 -0.5
v 0.4 3.1 -0.6
v 0.4 3.2 0.2
v 0.4 3.2 -0.2
v 0.5 0.1 0.5
v 0.5 0.1 0.4
v 0.5 0.1 -0.4
v 0.5 0.1 -0.5
v 0.5 0.2 0.5
v 0.5 0.2 0.4
v 0.5 0.2 -0.4
v 0.5 0.2 -0.5
v 0.5 0.3 0.9
v 0.5 0.3 0.8
v 0.5 0.3 -0.8
v 0.5 0.3 -0.9
v 0.5 0.4 0.9
v 0.5 0.4 0.8
v 0.5 0.4 -0.8
v 0.5 0.4 -0.9
v 0.5 0.7 1.3
v 0.5 0.7 1.2
v 0.5 0.7 -1.2
v 0.5 0.7 -1.3
v 0.5 0.8 1.3
v 0.5 0.8 1.2
v 0.5 0.8 -1.2
v 0.5 0.8 -1.3
v 0.5 1.1 1.5
v 0.5 1.1 1.4
v 0.5 1.1 -1.4
v 0.5 1.1 -1.5
v 0.5 1.2 1.5
v 0.5 1.2 1.4
v 0.5 1.2 -1.4
v 0.5 1.2 -1.5
v 0.5 2 1.5
v 0.5 2 1.4
v 0.5 2 -1.4
v 0.5 2 -1.5
v 0.5 2.1 1.5
v 0.5 2.1 1.4
v 0.5 2.1 -1.4
v 0.5 2.1 -1.5
v 0.5 2.4 1.3
v 0.5 2.4 1.2
v 0.5 2.4 -1.2
v 0.5 2.4 -1.3
v 0.5 2.5 1.3
v 0.5 2.5 1.2
v 0.5 2.5 -1.2
v 0.5 2.5 -1.3
v 0.5 2.8 0.9
v 0.5 2.8 0.8
v 0.5 2.8 -0.8
v 0.5 2.8 -0.9
v 0.5 2.9 0.9
v 0.5 2.9 0.8
v 0.5 2.9 -0.8
v 0.5 2.9 -0.9
v 0.5 3 0.5
v 0.5 3 0.4
v 0.5 3 -0.4
v 0.5 3 -0.5
v 0.5 3.1 0.5
v 0.5 3.1 0.4
v 0.5 3.1 -0.4
v 0.5 3.1 -0.5
v 0.6 0.1 0.4
v 0.6 0.1 0.2
v 0.6 0.1 -0.2
v 0.6 0.1 -0.4
v 0.6 0.2 0.7
v 0.6 0.2 0.6
v 0.6 0.2 0.4
v 0.6 0.2 0.2
v 0.6 0.2 -0.2
v 0.6 0.2 -0.4
v 0.6 0.2 -0.6
v 0.6 0.2 -0.7
v 0.6 0.3 0.7
v 0.6 0.3 0.6
v 0.6 0.3 -0.6
v 0.6 0.3 -0.7
v 0.6 0.4 1
v 0.6 0.4 0.9
v 0.6 0.4 -0.9
v 0.6 0.4 -1
v 0.6 0.5 1.1
v 0.6 0.5 1
v 0.6 0.5 0.9
v 0.6 0.5 -0.9
v 0.6 0.5 -1
v 0.6 0.5 -1.1
v 0.6 0.6 1.2
v 0.6 0.6 1.1
v 0.6 0.6 1
v 0.6 0.6 -1
v 0.6 0.6 -1.1
v 0.6 0.6 -1.2
v 0.6 0.7 1.2
v 0.6 0.7 1.1
v 0.6 0.7 -1.1
v 0.6 0.7 -1.2
v 0.6 0.9 1.4
v 0.6 0.9 1.3
v 0.6 0.9 -1.3
v 0.6 0.9 -1.4
v 0.6 1 1.4
v 0.6 1 1.3
v 0.6 1 -1.3
v 0.6 1 -1.4
v 0.6 1.2 1.5
v 0.6 1.2 1.4
v 0.6 1.2 -1.4
v 0.6 1.2 -1.5
v 0.6 1.4 1.5
v 0.6 1.4 1.4
v 0.6 1.4 -1.4
v 0.6 1.4 -1.5
v 0.6 1.8 1.5
v 0.6 1.8 1.4
v 0.6 1.8 -1.4
v 0.6 1.8 -1.5
v 0.6 2 1.5
v 0.6 2 1.4
v 0.6 2 -1.4
v 0.6 2 -1.5
v 0.6 2.2 1.4
v 0.6 2.2 1.3
v 0.6 2.2 -1.3
v 0.6 2.2 -1.4
v 0.6 2.3 1.4
v 0.6 2.3 1.3
v 0.6 2.3 -1.3
v 0.6 2.3 -1.4
v 0.6 2.5 1.2
v 0.6 2.5 1.1
v 0.6 2.5 -1.1
v 0.6 2.5 -1.2
v 0.6 2.6 1.2
v 0.6 2.6 1.1
v 0.6 2.6 1
v 0.6 2.6 -1
v 0.6 2.6 -1.1
v 0.6 2.6 -1.2
v 0.6 2.7 1.1
v 0.6 2.7 1
v 0.6 2.7 0.9
v 0.6 2.7 -0.9
v 0.6 2.7 -1
v 0.6 2.7 -1.1
v 0.6 2.8 1
v 0.6 2.8 0.9
v 0.6 2.8 -0.9
v 0.6 2.8 -1
v 0.6 2.9 0.7
v 0.6 2.9 0.6
v 0.6 2.9 -0.6
v 0.6 2.9 -0.7
v 0.6 3 0.7
v 0.6 3 0.6
v 0.6 3 0.4
v 0.6 3 0.3
v 0.6 3 0.2
v 0.6 3 -0.2
v 0.6 3 -0.4
v 0.6 3 -0.6
v 0.6 3 -0.7
v 0.6 3.1 0.4
v 0.6 3.1 0.3
v 0.6 3.1 0.2
v 0.6 3.1 -0.2
v 0.6 3.1 -0.4
v 0.7 0.1 0.2
v 0.7 0.1 -0.2
v 0.7 0.2 0.6
v 0.7 0.2 0.5
v 0.7 0.2 0.4
v 0.7 0.2 0.2
v 0.7 0.2 -0.2
v 0.7 0.2 -0.4
v 0.7 0.2 -0.6
v 0.7 0.3 0.8
v 0.7 0.3 0.7
v 0.7 0.3 0.6
v 0.7 0.3 0.5
v 0.7 0.3 0.4
v 0.7 0.3 -0.4
v 0.7 0.3 -0.6
v 0.7 0.3 -0.7
v 0.7 0.3 -0.8
v 0.7 0.4 0.9
v 0.7 0.4 0.8
v 0.7 0.4 0.7
v 0.7 0.4 -0.7
v 0.7 0.4 -0.8
v 0.7 0.4 -0.9
v 0.7 0.5 1
v 0.7 0.5 0.9
v 0.7 0.5 0.8
v 0.7 0.5 -0.8
v 0.7 0.5 -0.9
v 0.7 0.5 -1
v 0.7 0.6 1.1
v 0.7 0.6 1
v 0.7 0.6 0.9
v 0.7 0.6 -0.9
v 0.7 0.6 -1
v 0.7 0.6 -1.1
v 0.7 0.7 1.2
v 0.7 0.7 1.1
v 0.7 0.7 1
v 0.7 0.7 -1
v 0.7 0.7 -1.1
v 0.7 0.7 -1.2
v 0.7 0.8 1.3
v 0.7 0.8 1.2
v 0.7 0.8 1.1
v 0.7 0.8 -1.1
v 0.7 0.8 -1.2
v 0.7 0.8 -1.3
v 0.7 0.9 1.3
v 0.7 0.9 1.2
v 0.7 0.9 -1.2
v 0.7 0.9 -1.3
v 0.7 1 1.4
v 0.7 1 1.3
v 0.7 1 -1.3
v 0.7 1 -1.4
v 0.7 1.2 1.4
v 0.7 1.2 1.3
v 0.7 1.2 -1.3
v 0.7 1.2 -1.4
v 0.7 1.4 1.5
v 0.7 1.4 1.4
v 0.7 1.4 -1.4
v 0.7 1.4 -1.5
v 0.7 1.8 1.5
v 0.7 1.8 1.4
v 0.7 1.8 -1.4
v 0.7 1.8 -1.5
v 0.7 2 1.4
v 0.7 2 1.3
v 0.7 2 -1.3
v 0.7 2 -1.4
v 0.7 2.2 1.4
v 0.7 2.2 1.3
v 0.7 2.2 -1.3
v 0.7 2.2 -1.4
v 0.7 2.3 1.3
v 0.7 2.3 1.2
v 0.7 2.3 -1.2
v 0.7 2.3 -1.3
v 0.7 2.4 1.3
v 0.7 2.4 1.2
v 0.7 2.4 1.1
v 0.7 2.4 -1.1
v 0.7 2.4 -1.2
v 0.7 2.4 -1.3
v 0.7 2.5 1.2
v 0.7 2.5 1.1
v 0.7 2.5 1
v 0.7 2.5 -1
v 0.7 2.5 -1.1
v 0.7 2.5 -1.2
v 0.7 2.6 1.1
v 0.7 2.6 1
v 0.7 2.6 0.9
v 0.7 2.6 -0.9
v 0.7 2.6 -1
v 0.7 2.6 -1.1
v 0.7 2.7 1
v 0.7 2.7 0.9
v 0.7 2.7 0.8
v 0.7 2.7 -0.8
v 0.7 2.7 -0.9
v 0.7 2.7 -1
v 0.7 2.8 0.9
v 0.7 2.8 0.8
v 0.7 2.8 0.7
v 0.7 2.8 -0.7
v 0.7 2.8 -0.8
v 0.7 2.8 -0.9
v 0.7 2.9 0.8
v 0.7 2.9 0.7
v 0.7 2.9 0.6
v 0.7 2.9 0.4
v 0.7 2.9 -0.4
v 0.7 2.9 -0.6
v 0.7 2.9 -0.7
v 0.7 2.9 -0.8
v 0.7 3 0.6
v 0.7 3 0.4
v 0.7 3 0.2
v 0.7 3 -0.1
v 0.7 3 -0.2
v 0.7 3 -0.4
v 0.7 3 -0.6
v 0.7 3.1 0.2
v 0.7 3.1 -0.2
v 0.8 0.2 0.4
v 0.8 0.2 0.2
v 0.8 0.2 0.1
v 0.8 0.2 -0.1
v 0.8 0.2 -0.4
v 0.8 0.3 0.7
v 0.8 0.3 0.5
v 0.8 0.3 0.4
v 0.8 0.3 0.2
v 0.8 0.3 0.1
v 0.8 0.3 -0.1
v 0.8 0.3 -0.4
v 0.8 0.3 -0.5
v 0.8 0.3 -0.7
v 0.8 0.4 0.8
v 0.8 0.4 0.7
v 0.8 0.4 0.5
v 0.8 0.4 -0.5
v 0.8 0.4 -0.7
v 0.8 0.4 -0.8
v 0.8 0.5 0.8
v 0.8 0.5 0.7
v 0.8 0.5 -0.7
v 0.8 0.5 -0.8
v 0.8 0.8 1.2
v 0.8 0.8 1.1
v 0.8 0.8 -1.1
v 0.8 0.8 -1.2
v 0.8 0.9 1.3
v 0.8 0.9 1.2
v 0.8 0.9 1.1
v 0.8 0.9 -1.1
v 0.8 0.9 -1.2
v 0.8 0.9 -1.3
v 0.8 1.1 1.3
v 0.8 1.1 1.2
v 0.8 1.1 -1.2
v 0.8 1.1 -1.3
v 0.8 1.2 1.4
v 0.8 1.2 1.3
v 0.8 1.2 -1.3
v 0.8 1.2 -1.4
v 0.8 1.5 1.4
v 0.8 1.5 1.3
v 0.8 1.5 -1.3
v 0.8 1.5 -1.4
v 0.8 1.7 1.4
v 0.8 1.7 1.3
v 0.8 1.7 -1.3
v 0.8 1.7 -1.4
v 0.8 2 1.4
v 0.8 2 1.3
v 0.8 2 -1.3
v 0.8 2 -1.4
v 0.8 2.1 1.3
v 0.8 2.1 1.2
v 0.8 2.1 -1.2
v 0.8 2.1 -1.3
v 0.8 2.3 1.3
v 0.8 2.3 1.2
v 0.8 2.3 1.1
v 0.8 2.3 -1.1
v 0.8 2.3 -1.2
v 0.8 2.3 -1.3
v 0.8 2.4 1.2
v 0.8 2.4 1.1
v 0.8 2.4 -1.1
v 0.8 2.4 -1.2
v 0.8 2.7 0.8
v 0.8 2.7 0.7
v 0.8 2.7 -0.7
v 0.8 2.7 -0.8
v 0.8 2.8 0.8
v 0.8 2.8 0.7
v 0.8 2.8 0.5
v 0.8 2.8 -0.5
v 0.8 2.8 -0.7
v 0.8 2.8 -0.8
v 0.8 2.9 0.7
v 0.8 2.9 0.5
v 0.8 2.9 0.4
v 0.8 2.9 0.1
v 0.8 2.9 -0.1
v 0.8 2.9 -0.4
v 0.8 2.9 -0.5
v 0.8 2.9 -0.7
v 0.8 3 0.4
v 0.8 3 0.1
v 0.8 3 -0.1
v 0.8 3 -0.4
v 0.9 0.2 0.1
v 0.9 0.2 -0.1
v 0.9 0.3 0.5
v 0.9 0.3 0.3
v 0.9 0.3 0.1
v 0.9 0.3 0
v 0.9 0.3 -0.1
v 0.9 0.3 -0.3
v 0.9 0.3 -0.5
v 0.9 0.4 0.7
v 0.9 0.4 0.6
v 0.9 0.4 0.5
v 0.9 0.4 0.3
v 0.9 0.4 -0.3
v 0.9 0.4 -0.5
v 0.9 0.4 -0.6
v 0.9 0.4 -0.7
v 0.9 0.5 0.9
v 0.9 0.5 0.7
v 0.9 0.5 0.6
v 0.9 0.5 -0.6
v 0.9 0.5 -0.7
v 0.9 0.5 -0.9
v 0.9 0.6 1
v 0.9 0.6 0.9
v 0.9 0.6 0.7
v 0.9 0.6 -0.7
v 0.9 0.6 -0.9
v 0.9 0.6 -1
v 0.9 0.7 1.1
v 0.9 0.7 1
v 0.9 0.7 0.9
v 0.9 0.7 -0.9
v 0.9 0.7 -1
v 0.9 0.7 -1.1
v 0.9 0.9 1.2
v 0.9 0.9 1.1
v 0.9 0.9 1
v 0.9 0.9 -1
v 0.9 0.9 -1.1
v 0.9 0.9 -1.2
v 0.9 1 1.2
v 0.9 1 1.1
v 0.9 1 -1.1
v 0.9 1 -1.2
v 0.9 1.1 1.3
v 0.9 1.1 1.2
v 0.9 1.1 -1.2
v 0.9 1.1 -1.3
v 0.9 1.3 1.3
v 0.9 1.3 1.2
v 0.9 1.3 -1.2
v 0.9 1.3 -1.3
v 0.9 1.5 1.4
v 0.9 1.5 1.3
v 0.9 1.5 -1.3
v 0.9 1.5 -1.4
v 0.9 1.7 1.4
v 0.9 1.7 1.3
v 0.9 1.7 -1.3
v 0.9 1.7 -1.4
v 0.9 1.9 1.3
v 0.9 1.9 1.2
v 0.9 1.9 -1.2
v 0.9 1.9 -1.3
v 0.9 2.1 1.3
v 0.9 2.1 1.2
v 0.9 2.1 -1.2
v 0.9 2.1 -1.3
v 0.9 2.2 1.2
v 0.9 2.2 1.1
v 0.9 2.2 -1.1
v 0.9 2.2 -1.2
v 0.9 2.3 1.2
v 0.9 2.3 1.1
v 0.9 2.3 1
v 0.9 2.3 -1
v 0.9 2.3 -1.1
v 0.9 2.3 -1.2
v 0.9 2.5 1.1
v 0.9 2.5 1
v 0.9 2.5 0.9
v 0.9 2.5 -0.9
v 0.9 2.5 -1
v 0.9 2.5 -1.1
v 0.9 2.6 1
v 0.9 2.6 0.9
v 0.9 2.6 0.7
v 0.9 2.6 -0.7
v 0.9 2.6 -0.8
v 0.9 2.6 -0.9
v 0.9 2.6 -1
v 0.9 2.7 0.9
v 0.9 2.7 0.7
v 0.9 2.7 0.6
v 0.9 2.7 -0.6
v 0.9 2.7 -0.7
v 0.9 2.7 -0.9
v 0.9 2.8 0.7
v 0.9 2.8 0.6
v 0.9 2.8 0.5
v 0.9 2.8 0.4
v 0.9 2.8 0.3
v 0.9 2.8 -0.3
v 0.9 2.8 -0.5
v 0.9 2.8 -0.6
v 0.9 2.8 -0.7
v 0.9 2.9 0.5
v 0.9 2.9 0.4
v 0.9 2.9 0.3
v 0.9 2.9 0.1
v 0.9 2.9 -0.1
v 0.9 2.9 -0.3
v 0.9 2.9 -0.5
v 0.9 3 0.1
v 0.9 3 -0.1
v 1 0.3 0.3
v 1 0.3 0
v 1 0.3 -0.3
v 1 0.4 0.6
v 1 0.4 0.4
v 1 0.4 0.3
v 1 0.4 0
v 1 0.4 -0.3
v 1 0.4 -0.4
v 1 0.4 -0.6
v 1 0.5 0.7
v 1 0.5 0.6
v 1 0.5 0.4
v 1 0.5 -0.4
v 1 0.5 -0.6
v 1 0.5 -0.7
v 1 0.6 0.9
v 1 0.6 0.7
v 1 0.6 0.6
v 1 0.6 -0.6
v 1 0.6 -0.7
v 1 0.6 -0.9
v 1 0.7 1
v 1 0.7 0.9
v 1 0.7 0.7
v 1 0.7 -0.7
v 1 0.7 -0.9
v 1 0.7 -1
v 1 0.9 1.1
v 1 0.9 1
v 1 0.9 0.9
v 1 0.9 -0.9
v 1 0.9 -1
v 1 0.9 -1.1
v 1 1 1.2
v 1 1 1.1
v 1 1 1
v 1 1 -1
v 1 1 -1.1
v 1 1 -1.2
v 1 1.2 1.2
v 1 1.2 1.1
v 1 1.2 -1.1
v 1 1.2 -1.2
v 1 1.3 1.3
v 1 1.3 1.2
v 1 1.3 -1.2
v 1 1.3 -1.3
v 1 1.9 1.3
v 1 1.9 1.2
v 1 1.9 -1.2
v 1 1.9 -1.3
v 1 2 1.2
v 1 2 1.1
v 1 2 -1.1
v 1 2 -1.2
v 1 2.2 1.2
v 1 2.2 1.1
v 1 2.2 1
v 1 2.2 -1
v 1 2.2 -1.1
v 1 2.2 -1.2
v 1 2.3 1.1
v 1 2.3 1
v 1 2.3 0.9
v 1 2.3 -0.9
v 1 2.3 -1
v 1 2.3 -1.1
v 1 2.5 1
v 1 2.5 0.9
v 1 2.5 0.7
v 1 2.5 -0.7
v 1 2.5 -0.8
v 1 2.5 -0.9
v 1 2.5 -1
v 1 2.6 0.9
v 1 2.6 0.7
v 1 2.6 0.6
v 1 2.6 -0.6
v 1 2.6 -0.7
v 1 2.6 -0.8
v 1 2.6 -0.9
v 1 2.7 0.7
v 1 2.7 0.6
v 1 2.7 0.4
v 1 2.7 -0.4
v 1 2.7 -0.6
v 1 2.7 -0.7
v 1 2.8 0.6
v 1 2.8 0.4
v 1 2.8 0.3
v 1 2.8 -0.3
v 1 2.8 -0.4
v 1 2.8 -0.6
v 1 2.9 0.3
v 1 2.9 -0.3
v 1.1 0.4 0.4
v 1.1 0.4 0
v 1.1 0.4 -0.4
v 1.1 0.5 0.6
v 1.1 0.5 0.4
v 1.1 0.5 0
v 1.1 0.5 -0.4
v 1.1 0.5 -0.6
v 1.1 0.6 0.7
v 1.1 0.6 0.6
v 1.1 0.6 0.4
v 1.1 0.6 -0.4
v 1.1 0.6 -0.6
v 1.1 0.6 -0.7
v 1.1 0.7 0.9
v 1.1 0.7 0.7
v 1.1 0.7 0.6
v 1.1 0.7 -0.6
v 1.1 0.7 -0.7
v 1.1 0.7 -0.9
v 1.1 0.8 0.8
v 1.1 0.8 0.7
v 1.1 0.8 -0.7
v 1.1 0.8 -0.8
v 1.1 0.9 1
v 1.1 0.9 0.9
v 1.1 0.9 0.8
v 1.1 0.9 -0.8
v 1.1 0.9 -0.9
v 1.1 0.9 -1
v 1.1 1 1.1
v 1.1 1 1
v 1.1 1 0.9
v 1.1 1 -0.9
v 1.1 1 -1
v 1.1 1 -1.1
v 1.1 1.2 1.2
v 1.1 1.2 1.1
v 1.1 1.2 1
v 1.1 1.2 -1
v 1.1 1.2 -1.1
v 1.1 1.2 -1.2
v 1.1 2 1.2
v 1.1 2 1.1
v 1.1 2 1
v 1.1 2 -1
v 1.1 2 -1.1
v 1.1 2 -1.2
v 1.1 2.2 1.1
v 1.1 2.2 1
v 1.1 2.2 0.9
v 1.1 2.2 -0.9
v 1.1 2.2 -1
v 1.1 2.2 -1.1
v 1.1 2.3 1
v 1.1 2.3 0.9
v 1.1 2.3 0.8
v 1.1 2.3 -0.8
v 1.1 2.3 -0.9
v 1.1 2.3 -1
v 1.1 2.4 0.8
v 1.1 2.4 0.7
v 1.1 2.4 -0.7
v 1.1 2.4 -0.8
v 1.1 2.5 0.9
v 1.1 2.5 0.7
v 1.1 2.5 0.6
v 1.1 2.5 -0.6
v 1.1 2.5 -0.7
v 1.1 2.5 -0.8
v 1.1 2.5 -0.9
v 1.1 2.6 0.7
v 1.1 2.6 0.6
v 1.1 2.6 0.4
v 1.1 2.6 -0.4
v 1.1 2.6 -0.6
v 1.1 2.6 -0.7
v 1.1 2.7 0.6
v 1.1 2.7 0.4
v 1.1 2.7 -0.4
v 1.1 2.7 -0.6
v 1.1 2.8 0.4
v 1.1 2.8 -0.4
v 1.2 0.5 0.4
v 1.2 0.5 0
v 1.2 0.5 -0.4
v 1.2 0.6 0.6
v 1.2 0.6 0.4
v 1.2 0.6 0.3
v 1.2 0.6 0
v 1.2 0.6 -0.2
v 1.2 0.6 -0.3
v 1.2 0.6 -0.4
v 1.2 0.6 -0.6
v 1.2 0.7 0.7
v 1.2 0.7 0.6
v 1.2 0.7 0.5
v 1.2 0.7 0.3
v 1.2 0.7 -0.3
v 1.2 0.7 -0.5
v 1.2 0.7 -0.6
v 1.2 0.7 -0.7
v 1.2 0.8 0.8
v 1.2 0.8 0.7
v 1.2 0.8 0.5
v 1.2 0.8 -0.5
v 1.2 0.8 -0.7
v 1.2 0.8 -0.8
v 1.2 0.9 0.9
v 1.2 0.9 0.8
v 1.2 0.9 0.7
v 1.2 0.9 -0.7
v 1.2 0.9 -0.8
v 1.2 0.9 -0.9
v 1.2 1 1
v 1.2 1 0.9
v 1.2 1 -0.9
v 1.2 1 -1
v 1.2 1.1 0.9
v 1.2 1.1 0.8
v 1.2 1.1 -0.8
v 1.2 1.1 -0.9
v 1.2 1.2 1.1
v 1.2 1.2 1
v 1.2 1.2 -1
v 1.2 1.2 -1.1
v 1.2 1.3 1
v 1.2 1.3 0.9
v 1.2 1.3 -0.9
v 1.2 1.3 -1
v 1.2 1.9 1
v 1.2 1.9 0.9
v 1.2 1.9 -0.9
v 1.2 1.9 -1
v 1.2 2 1.1
v 1.2 2 1
v 1.2 2 -1
v 1.2 2 -1.1
v 1.2 2.1 0.9
v 1.2 2.1 0.8
v 1.2 2.1 -0.8
v 1.2 2.1 -0.9
v 1.2 2.2 1
v 1.2 2.2 0.9
v 1.2 2.2 -0.9
v 1.2 2.2 -1
v 1.2 2.3 0.9
v 1.2 2.3 0.8
v 1.2 2.3 0.7
v 1.2 2.3 -0.7
v 1.2 2.3 -0.8
v 1.2 2.3 -0.9
v 1.2 2.4 0.8
v 1.2 2.4 0.7
v 1.2 2.4 0.5
v 1.2 2.4 -0.5
v 1.2 2.4 -0.7
v 1.2 2.4 -0.8
v 1.2 2.5 0.7
v 1.2 2.5 0.6
v 1.2 2.5 0.5
v 1.2 2.5 0.3
v 1.2 2.5 -0.3
v 1.2 2.5 -0.5
v 1.2 2.5 -0.6
v 1.2 2.5 -0.7
v 1.2 2.6 0.6
v 1.2 2.6 0.4
v 1.2 2.6 0.3
v 1.2 2.6 -0.3
v 1.2 2.6 -0.4
v 1.2 2.6 -0.6
v 1.2 2.7 0.4
v 1.2 2.7 -0.4
v 1.3 0.6 0.3
v 1.3 0.6 -0.2
v 1.3 0.6 -0.3
v 1.3 0.7 0.5
v 1.3 0.7 0.3
v 1.3 0.7 0.1
v 1.3 0.7 -0.1
v 1.3 0.7 -0.3
v 1.3 0.7 -0.5
v 1.3 0.8 0.7
v 1.3 0.8 0.5
v 1.3 0.8 0.4
v 1.3 0.8 0.1
v 1.3 0.8 -0.1
v 1.3 0.8 -0.2
v 1.3 0.8 -0.4
v 1.3 0.8 -0.5
v 1.3 0.8 -0.7
v 1.3 0.9 0.8
v 1.3 0.9 0.7
v 1.3 0.9 0.6
v 1.3 0.9 0.4
v 1.3 0.9 -0.4
v 1.3 0.9 -0.6
v 1.3 0.9 -0.7
v 1.3 0.9 -0.8
v 1.3 1 0.7
v 1.3 1 0.6
v 1.3 1 -0.6
v 1.3 1 -0.7
v 1.3 1.1 0.9
v 1.3 1.1 0.8
v 1.3 1.1 -0.8
v 1.3 1.1 -0.9
v 1.3 1.2 0.8
v 1.3 1.2 0.7
v 1.3 1.2 -0.7
v 1.3 1.2 -0.8
v 1.3 1.3 1
v 1.3 1.3 0.9
v 1.3 1.3 -0.9
v 1.3 1.3 -1
v 1.3 1.5 0.9
v 1.3 1.5 0.8
v 1.3 1.5 -0.8
v 1.3 1.5 -0.9
v 1.3 1.6 0.9
v 1.3 1.7 0.9
v 1.3 1.7 0.8
v 1.3 1.7 -0.8
v 1.3 1.7 -0.9
v 1.3 1.8 -0.8
v 1.3 1.9 1
v 1.3 1.9 0.9
v 1.3 1.9 0.8
v 1.3 1.9 -0.9
v 1.3 1.9 -1
v 1.3 2 0.8
v 1.3 2 0.7
v 1.3 2 -0.7
v 1.3 2 -0.8
v 1.3 2.1 0.9
v 1.3 2.1 0.8
v 1.3 2.1 -0.8
v 1.3 2.1 -0.9
v 1.3 2.2 0.7
v 1.3 2.2 0.6
v 1.3 2.2 -0.6
v 1.3 2.2 -0.7
v 1.3 2.3 0.8
v 1.3 2.3 0.7
v 1.3 2.3 0.6
v 1.3 2.3 0.4
v 1.3 2.3 -0.4
v 1.3 2.3 -0.6
v 1.3 2.3 -0.7
v 1.3 2.3 -0.8
v 1.3 2.4 0.7
v 1.3 2.4 0.5
v 1.3 2.4 0.4
v 1.3 2.4 0.1
v 1.3 2.4 -0.1
v 1.3 2.4 -0.4
v 1.3 2.4 -0.5
v 1.3 2.4 -0.7
v 1.3 2.5 0.5
v 1.3 2.5 0.3
v 1.3 2.5 0.1
v 1.3 2.5 -0.1
v 1.3 2.5 -0.3
v 1.3 2.5 -0.5
v 1.3 2.6 0.3
v 1.3 2.6 -0.3
v 1.4 0.7 0.1
v 1.4 0.7 -0.1
v 1.4 0.8 0.4
v 1.4 0.8 0.1
v 1.4 0.8 -0.1
v 1.4 0.8 -0.2
v 1.4 0.8 -0.4
v 1.4 0.9 0.6
v 1.4 0.9 0.4
v 1.4 0.9 0.2
v 1.4 0.9 -0.2
v 1.4 0.9 -0.4
v 1.4 0.9 -0.6
v 1.4 1 0.7
v 1.4 1 0.6
v 1.4 1 0.4
v 1.4 1 0.2
v 1.4 1 -0.2
v 1.4 1 -0.4
v 1.4 1 -0.6
v 1.4 1 -0.7
v 1.4 1.1 0.5
v 1.4 1.1 0.4
v 1.4 1.1 -0.4
v 1.4 1.1 -0.5
v 1.4 1.2 0.8
v 1.4 1.2 0.7
v 1.4 1.2 0.6
v 1.4 1.2 0.5
v 1.4 1.2 -0.5
v 1.4 1.2 -0.6
v 1.4 1.2 -0.7
v 1.4 1.2 -0.8
v 1.4 1.3 0.6
v 1.4 1.4 0.7
v 1.4 1.4 0.6
v 1.4 1.4 -0.6
v 1.4 1.4 -0.7
v 1.4 1.5 0.9
v 1.4 1.5 0.8
v 1.4 1.5 -0.8
v 1.4 1.5 -0.9
v 1.4 1.6 0.9
v 1.4 1.6 0.8
v 1.4 1.6 0.7
v 1.4 1.7 0.9
v 1.4 1.7 0.8
v 1.4 1.7 -0.8
v 1.4 1.7 -0.9
v 1.4 1.8 0.7
v 1.4 1.8 0.6
v 1.4 1.8 -0.6
v 1.4 1.8 -0.7
v 1.4 1.8 -0.8
v 1.4 2 0.8
v 1.4 2 0.7
v 1.4 2 0.6
v 1.4 2 0.5
v 1.4 2 -0.5
v 1.4 2 -0.6
v 1.4 2 -0.7
v 1.4 2 -0.8
v 1.4 2.1 0.5
v 1.4 2.1 0.4
v 1.4 2.1 -0.4
v 1.4 2.1 -0.5
v 1.4 2.2 0.7
v 1.4 2.2 0.6
v 1.4 2.2 0.4
v 1.4 2.2 0.2
v 1.4 2.2 -0.2
v 1.4 2.2 -0.4
v 1.4 2.2 -0.6
v 1.4 2.2 -0.7
v 1.4 2.3 0.6
v 1.4 2.3 0.4
v 1.4 2.3 0.2
v 1.4 2.3 -0.2
v 1.4 2.3 -0.4
v 1.4 2.3 -0.6
v 1.4 2.4 0.4
v 1.4 2.4 0.1
v 1.4 2.4 -0.1
v 1.4 2.4 -0.4
v 1.4 2.5 0.1
v 1.4 2.5 -0.1
v 1.5 0.9 0.2
v 1.5 0.9 -0.2
v 1.5 1 0.4
v 1.5 1 0.2
v 1.5 1 -0.2
v 1.5 1 -0.4
v 1.5 1.1 0.5
v 1.5 1.1 0.4
v 1.5 1.1 -0.4
v 1.5 1.1 -0.5
v 1.5 1.2 0.6
v 1.5 1.2 0.5
v 1.5 1.2 0.2
v 1.5 1.2 -0.2
v 1.5 1.2 -0.5
v 1.5 1.2 -0.6
v 1.5 1.3 0.6
v 1.5 1.3 0.5
v 1.5 1.3 0.3
v 1.5 1.3 0.2
v 1.5 1.3 -0.2
v 1.5 1.3 -0.3
v 1.5 1.4 0.7
v 1.5 1.4 0.6
v 1.5 1.4 0.5
v 1.5 1.4 0.4
v 1.5 1.4 0.3
v 1.5 1.4 -0.3
v 1.5 1.4 -0.4
v 1.5 1.4 -0.6
v 1.5 1.4 -0.7
v 1.5 1.6 0.7
v 1.5 1.6 0.4
v 1.5 1.8 0.7
v 1.5 1.8 0.6
v 1.5 1.8 0.4
v 1.5 1.8 0.3
v 1.5 1.8 -0.3
v 1.5 1.8 -0.4
v 1.5 1.8 -0.6
v 1.5 1.8 -0.7
v 1.5 1.9 0.3
v 1.5 1.9 0.2
v 1.5 1.9 -0.2
v 1.5 1.9 -0.3
v 1.5 2 0.6
v 1.5 2 0.5
v 1.5 2 0.2
v 1.5 2 -0.2
v 1.5 2 -0.5
v 1.5 2 -0.6
v 1.5 2.1 0.5
v 1.5 2.1 0.4
v 1.5 2.1 -0.4
v 1.5 2.1 -0.5
v 1.5 2.2 0.4
v 1.5 2.2 0.2
v 1.5 2.2 -0.2
v 1.5 2.2 -0.4
v 1.5 2.3 0.2
v 1.5 2.3 -0.2
v 1.6 1.2 0.2
v 1.6 1.2 -0.2
v 1.6 1.3 0.3
v 1.6 1.3 0.2
v 1.6 1.3 -0.2
v 1.6 1.3 -0.3
v 1.6 1.4 0.4
v 1.6 1.4 0.3
v 1.6 1.4 -0.3
v 1.6 1.4 -0.4
v 1.6 1.6 0.4
v 1.6 1.6 0.2
v 1.6 1.7 0.2
v 1.6 1.7 -0.3
v 1.6 1.8 0.4
v 1.6 1.8 0.3
v 1.6 1.8 -0.3
v 1.6 1.8 -0.4
v 1.6 1.9 0.3
v 1.6 1.9 0.2
v 1.6 1.9 -0.2
v 1.6 1.9 -0.3
v 1.6 2 0.2
v 1.6 2 -0.2
v -0.4 1.4 1.6
v -0.4 1.8 1.6
v -0.3 1.3 1.6
v -0.3 1.4 1.6
v -0.3 1.8 1.6
v -0.3 1.9 1.6
v -0.2 1.2 1.6
v -0.2 1.3 1.6
v -0.2 1.4 1.6
v -0.2 1.9 1.6
v -0.2 2 1.6
v -0.1 1.2 1.6
v -0.1 1.3 1.6
v 0.2 1.2 1.6
v 0.2 1.3 1.6
v 0.2 1.9 1.6
v 0.2 2 1.6
v 0.3 1.3 1.6
v 0.3 1.4 1.6
v 0.3 1.8 1.6
v 0.3 1.9 1.6
v 0.4 1.4 1.6
v 0.4 1.8 1.6
v -0.7 1.4 1.5
v -0.7 1.8 1.5
v -0.6 1.2 1.5
v -0.6 1.4 1.5
v -0.6 1.8 1.5
v -0.6 2 1.5
v -0.5 1.1 1.5
v -0.5 1.2 1.5
v -0.5 2 1.5
v -0.5 2.1 1.5
v -0.4 1 1.5
v -0.4 1.1 1.5
v -0.4 1.2 1.5
v -0.4 1.4 1.5
v -0.4 1.8 1.5
v -0.4 1.9 1.5
v -0.4 2 1.5
v -0.4 2.1 1.5
v -0.4 2.2 1.5
v -0.3 1.3 1.5
v -0.3 1.4 1.5
v -0.3 1.8 1.5
v -0.3 1.9 1.5
v -0.3 2 1.5
v -0.3 2.1 1.5
v -0.2 0.9 1.5
v -0.2 1 1.5
v -0.2 1.1 1.5
v -0.2 1.2 1.5
v -0.2 1.3 1.5
v -0.2 1.9 1.5
v -0.2 2 1.5
v -0.2 2.2 1.5
v -0.2 2.3 1.5
v -0.1 0.9 1.5
v -0.1 1.1 1.5
v -0.1 1.2 1.5
v -0.1 2.1 1.5
v -0.1 2.2 1.5
v 0 1.1 1.5
v 0 1.2 1.5
v 0 2 1.5
v 0 2.2 1.5
v 0 2.3 1.5
v 0.2 0.9 1.5
v 0.2 1 1.5
v 0.2 1.2 1.5
v 0.2 1.3 1.5
v 0.2 1.9 1.5
v 0.2 2 1.5
v 0.2 2.2 1.5
v 0.2 2.3 1.5
v 0.3 1.3 1.5
v 0.3 1.4 1.5
v 0.3 1.8 1.5
v 0.3 1.9 1.5
v 0.4 1 1.5
v 0.4 1.1 1.5
v 0.4 1.4 1.5
v 0.4 1.8 1.5
v 0.4 2.1 1.5
v 0.4 2.2 1.5
v 0.5 1.1 1.5
v 0.5 1.2 1.5
v 0.5 2 1.5
v 0.5 2.1 1.5
v 0.6 1.2 1.5
v 0.6 1.4 1.5
v 0.6 1.8 1.5
v 0.6 2 1.5
v 0.7 1.4 1.5
v 0.7 1.8 1.5
v -0.9 1.5 1.4
v -0.9 1.7 1.4
v -0.8 1.2 1.4
v -0.8 1.4 1.4
v -0.8 1.5 1.4
v -0.8 1.7 1.4
v -0.8 2 1.4
v -0.7 1 1.4
v -0.7 1.2 1.4
v -0.7 1.4 1.4
v -0.7 1.8 1.4
v -0.7 2 1.4
v -0.7 2.1 1.4
v -0.7 2.2 1.4
v -0.6 0.9 1.4
v -0.6 1 1.4
v -0.6 1.2 1.4
v -0.6 1.4 1.4
v -0.6 1.8 1.4
v -0.6 2 1.4
v -0.6 2.1 1.4
v -0.6 2.2 1.4
v -0.6 2.3 1.4
v -0.5 1.1 1.4
v -0.5 1.2 1.4
v -0.5 2 1.4
v -0.5 2.1 1.4
v -0.4 0.8 1.4
v -0.4 0.9 1.4
v -0.4 1 1.4
v -0.4 1.1 1.4
v -0.4 2.1 1.4
v -0.4 2.2 1.4
v -0.4 2.3 1.4
v -0.4 2.4 1.4
v -0.2 0.9 1.4
v -0.2 1 1.4
v -0.2 2.2 1.4
v -0.2 2.3 1.4
v -0.1 0.7 1.4
v -0.1 0.8 1.4
v -0.1 0.9 1.4
v -0.1 2.4 1.4
v -0.1 2.5 1.4
v 0 2.3 1.4
v 0 2.5 1.4
v 0.1 0.7 1.4
v 0.1 0.8 1.4
v 0.1 2.4 1.4
v 0.1 2.5 1.4
v 0.2 0.9 1.4
v 0.2 1 1.4
v 0.2 2.2 1.4
v 0.2 2.3 1.4
v 0.2 2.4 1.4
v 0.4 0.8 1.4
v 0.4 0.9 1.4
v 0.4 1 1.4
v 0.4 1.1 1.4
v 0.4 2.1 1.4
v 0.4 2.2 1.4
v 0.4 2.3 1.4
v 0.4 2.4 1.4
v 0.5 1.1 1.4
v 0.5 1.2 1.4
v 0.5 2 1.4
v 0.5 2.1 1.4
v 0.6 0.9 1.4
v 0.6 1 1.4
v 0.6 1.2 1.4
v 0.6 1.4 1.4
v 0.6 1.8 1.4
v 0.6 2 1.4
v 0.6 2.2 1.4
v 0.6 2.3 1.4
v 0.7 1 1.4
v 0.7 1.2 1.4
v 0.7 1.4 1.4
v 0.7 1.8 1.4
v 0.7 2 1.4
v 0.7 2.2 1.4
v 0.8 1.2 1.4
v 0.8 1.5 1.4
v 0.8 1.7 1.4
v 0.8 2 1.4
v 0.9 1.5 1.4
v 0.9 1.7 1.4
v -1 1.3 1.3
v -1 1.8 1.3
v -1 1.9 1.3
v -0.9 1.1 1.3
v -0.9 1.3 1.3
v -0.9 1.4 1.3
v -0.9 1.5 1.3
v -0.9 1.7 1.3
v -0.9 1.8 1.3
v -0.9 1.9 1.3
v -0.9 2.1 1.3
v -0.8 0.9 1.3
v -0.8 1.1 1.3
v -0.8 1.2 1.3
v -0.8 1.4 1.3
v -0.8 1.5 1.3
v -0.8 1.7 1.3
v -0.8 2 1.3
v -0.8 2.1 1.3
v -0.8 2.3 1.3
v -0.7 0.8 1.3
v -0.7 0.9 1.3
v -0.7 1 1.3
v -0.7 1.2 1.3
v -0.7 2 1.3
v -0.7 2.1 1.3
v -0.7 2.2 1.3
v -0.7 2.3 1.3
v -0.7 2.4 1.3
v -0.6 0.9 1.3
v -0.6 1 1.3
v -0.6 2.2 1.3
v -0.6 2.3 1.3
v -0.5 0.7 1.3
v -0.5 0.8 1.3
v -0.5 2.3 1.3
v -0.5 2.4 1.3
v -0.5 2.5 1.3
v -0.4 0.7 1.3
v -0.4 0.8 1.3
v -0.4 0.9 1.3
v -0.4 2.3 1.3
v -0.4 2.4 1.3
v -0.3 0.6 1.3
v -0.3 0.7 1.3
v -0.3 2.5 1.3
v -0.3 2.6 1.3
v -0.1 0.6 1.3
v -0.1 0.7 1.3
v -0.1 0.8 1.3
v -0.1 2.4 1.3
v -0.1 2.5 1.3
v -0.1 2.6 1.3
v 0 2.5 1.3
v 0.1 0.7 1.3
v 0.1 0.8 1.3
v 0.1 2.4 1.3
v 0.1 2.5 1.3
v 0.2 2.4 1.3
v 0.3 0.6 1.3
v 0.3 0.7 1.3
v 0.3 2.5 1.3
v 0.3 2.6 1.3
v 0.4 0.8 1.3
v 0.4 0.9 1.3
v 0.4 2.3 1.3
v 0.4 2.4 1.3
v 0.5 0.7 1.3
v 0.5 0.8 1.3
v 0.5 2.4 1.3
v 0.5 2.5 1.3
v 0.6 0.9 1.3
v 0.6 1 1.3
v 0.6 2.2 1.3
v 0.6 2.3 1.3
v 0.7 0.8 1.3
v 0.7 0.9 1.3
v 0.7 1 1.3
v 0.7 1.2 1.3
v 0.7 2 1.3
v 0.7 2.2 1.3
v 0.7 2.3 1.3
v 0.7 2.4 1.3
v 0.8 0.9 1.3
v 0.8 1.1 1.3
v 0.8 1.2 1.3
v 0.8 1.5 1.3
v 0.8 1.7 1.3
v 0.8 2 1.3
v 0.8 2.1 1.3
v 0.8 2.3 1.3
v 0.9 1.1 1.3
v 0.9 1.3 1.3
v 0.9 1.5 1.3
v 0.9 1.7 1.3
v 0.9 1.9 1.3
v 0.9 2.1 1.3
v 1 1.3 1.3
v 1 1.9 1.3
v -1.1 1.2 1.2
v -1.1 1.3 1.2
v -1.1 1.8 1.2
v -1.1 2 1.2
v -1 1 1.2
v -1 1.2 1.2
v -1 1.3 1.2
v -1 1.8 1.2
v -1 1.9 1.2
v -1 2 1.2
v -1 2.1 1.2
v -1 2.2 1.2
v -0.9 0.9 1.2
v -0.9 1 1.2
v -0.9 1.1 1.2
v -0.9 1.3 1.2
v -0.9 1.9 1.2
v -0.9 2.1 1.2
v -0.9 2.2 1.2
v -0.9 2.3 1.2
v -0.8 0.8 1.2
v -0.8 0.9 1.2
v -0.8 1.1 1.2
v -0.8 2.1 1.2
v -0.8 2.2 1.2
v -0.8 2.3 1.2
v -0.8 2.4 1.2
v -0.7 0.7 1.2
v -0.7 0.8 1.2
v -0.7 0.9 1.2
v -0.7 2.3 1.2
v -0.7 2.4 1.2
v -0.7 2.5 1.2
v -0.6 0.6 1.2
v -0.6 0.7 1.2
v -0.6 2.5 1.2
v -0.6 2.6 1.2
v -0.5 0.7 1.2
v -0.5 0.8 1.2
v -0.5 2.4 1.2
v -0.5 2.5 1.2
v -0.4 0.5 1.2
v -0.4 0.6 1.2
v -0.4 0.7 1.2
v -0.4 2.6 1.2
v -0.4 2.7 1.2
v -0.3 0.6 1.2
v -0.3 0.7 1.2
v -0.3 2.5 1.2
v -0.3 2.6 1.2
v -0.1 0.6 1.2
v -0.1 2.6 1.2
v -0.1 2.7 1.2
v 0.3 0.6 1.2
v 0.3 0.7 1.2
v 0.3 2.5 1.2
v 0.3 2.6 1.2
v 0.4 0.5 1.2
v 0.4 0.6 1.2
v 0.4 2.6 1.2
v 0.4 2.7 1.2
v 0.5 0.7 1.2
v 0.5 0.8 1.2
v 0.5 2.4 1.2
v 0.5 2.5 1.2
v 0.6 0.6 1.2
v 0.6 0.7 1.2
v 0.6 2.5 1.2
v 0.6 2.6 1.2
v 0.7 0.7 1.2
v 0.7 0.8 1.2
v 0.7 0.9 1.2
v 0.7 2.3 1.2
v 0.7 2.4 1.2
v 0.7 2.5 1.2
v 0.8 0.8 1.2
v 0.8 0.9 1.2
v 0.8 1.1 1.2
v 0.8 2.1 1.2
v 0.8 2.3 1.2
v 0.8 2.4 1.2
v 0.9 0.9 1.2
v 0.9 1 1.2
v 0.9 1.1 1.2
v 0.9 1.3 1.2
v 0.9 1.9 1.2
v 0.9 2.1 1.2
v 0.9 2.2 1.2
v 0.9 2.3 1.2
v 1 1 1.2
v 1 1.2 1.2
v 1 1.3 1.2
v 1 1.9 1.2
v 1 2 1.2
v 1 2.2 1.2
v 1.1 1.2 1.2
v 1.1 2 1.2
v -1.2 1.2 1.1
v -1.2 2 1.1
v -1.1 1 1.1
v -1.1 1.2 1.1
v -1.1 1.3 1.1
v -1.1 1.8 1.1
v -1.1 2 1.1
v -1.1 2.2 1.1
v -1 0.9 1.1
v -1 1 1.1
v -1 1.2 1.1
v -1 2 1.1
v -1 2.1 1.1
v -1 2.2 1.1
v -1 2.3 1.1
v -0.9 0.7 1.1
v -0.9 0.8 1.1
v -0.9 0.9 1.1
v -0.9 1 1.1
v -0.9 2.2 1.1
v -0.9 2.3 1.1
v -0.9 2.5 1.1
v -0.8 0.8 1.1
v -0.8 0.9 1.1
v -0.8 2.3 1.1
v -0.8 2.4 1.1
v -0.7 0.6 1.1
v -0.7 0.7 1.1
v -0.7 0.8 1.1
v -0.7 2.4 1.1
v -0.7 2.5 1.1
v -0.7 2.6 1.1
v -0.6 0.5 1.1
v -0.6 0.6 1.1
v -0.6 0.7 1.1
v -0.6 2.5 1.1
v -0.6 2.6 1.1
v -0.6 2.7 1.1
v -0.4 0.4 1.1
v -0.4 0.5 1.1
v -0.4 0.6 1.1
v -0.4 2.6 1.1
v -0.4 2.7 1.1
v -0.4 2.8 1.1
v -0.1 2.7 1.1
v 0 2.7 1.1
v 0 2.8 1.1
v 0.4 0.4 1.1
v 0.4 0.5 1.1
v 0.4 0.6 1.1
v 0.4 2.6 1.1
v 0.4 2.7 1.1
v 0.4 2.8 1.1
v 0.6 0.5 1.1
v 0.6 0.6 1.1
v 0.6 0.7 1.1
v 0.6 2.5 1.1
v 0.6 2.6 1.1
v 0.6 2.7 1.1
v 0.7 0.6 1.1
v 0.7 0.7 1.1
v 0.7 0.8 1.1
v 0.7 2.4 1.1
v 0.7 2.5 1.1
v 0.7 2.6 1.1
v 0.8 0.8 1.1
v 0.8 0.9 1.1
v 0.8 2.3 1.1
v 0.8 2.4 1.1
v 0.9 0.7 1.1
v 0.9 0.9 1.1
v 0.9 1 1.1
v 0.9 2.2 1.1
v 0.9 2.3 1.1
v 0.9 2.5 1.1
v 1 0.9 1.1
v 1 1 1.1
v 1 1.2 1.1
v 1 2 1.1
v 1 2.2 1.1
v 1 2.3 1.1
v 1.1 1 1.1
v 1.1 1.2 1.1
v 1.1 2 1.1
v 1.1 2.2 1.1
v 1.2 1.2 1.1
v 1.2 2 1.1
v -1.3 1.3 1
v -1.3 1.9 1
v -1.2 1 1
v -1.2 1.2 1
v -1.2 1.3 1
v -1.2 1.9 1
v -1.2 2 1
v -1.2 2.1 1
v -1.2 2.2 1
v -1.1 0.9 1
v -1.1 1 1
v -1.1 1.2 1
v -1.1 2 1
v -1.1 2.1 1
v -1.1 2.2 1
v -1.1 2.3 1
v -1 0.7 1
v -1 0.9 1
v -1 1 1
v -1 2.2 1
v -1 2.3 1
v -1 2.5 1
v -0.9 0.6 1
v -0.9 0.7 1
v -0.9 0.8 1
v -0.9 0.9 1
v -0.9 2.3 1
v -0.9 2.5 1
v -0.9 2.6 1
v -0.7 0.5 1
v -0.7 0.6 1
v -0.7 0.7 1
v -0.7 2.5 1
v -0.7 2.6 1
v -0.7 2.7 1
v -0.6 0.4 1
v -0.6 0.5 1
v -0.6 0.6 1
v -0.6 2.6 1
v -0.6 2.7 1
v -0.6 2.8 1
v -0.4 0.4 1
v -0.4 0.5 1
v -0.4 2.7 1
v -0.4 2.8 1
v -0.3 0.3 1
v -0.3 0.4 1
v -0.3 2.8 1
v -0.3 2.9 1
v 0 2.8 1
v 0.2 2.8 1
v 0.2 2.9 1
v 0.3 0.3 1
v 0.3 0.4 1
v 0.3 2.8 1
v 0.3 2.9 1
v 0.4 0.4 1
v 0.4 0.5 1
v 0.4 2.7 1
v 0.4 2.8 1
v 0.6 0.4 1
v 0.6 0.5 1
v 0.6 0.6 1
v 0.6 2.6 1
v 0.6 2.7 1
v 0.6 2.8 1
v 0.7 0.5 1
v 0.7 0.6 1
v 0.7 0.7 1
v 0.7 2.5 1
v 0.7 2.6 1
v 0.7 2.7 1
v 0.9 0.6 1
v 0.9 0.7 1
v 0.9 0.9 1
v 0.9 2.3 1
v 0.9 2.5 1
v 0.9 2.6 1
v 1 0.7 1
v 1 0.9 1
v 1 1 1
v 1 2.2 1
v 1 2.3 1
v 1 2.5 1
v 1.1 0.9 1
v 1.1 1 1
v 1.1 1.2 1
v 1.1 2 1
v 1.1 2.2 1
v 1.1 2.3 1
v 1.2 1 1
v 1.2 1.2 1
v 1.2 1.3 1
v 1.2 1.9 1
v 1.2 2 1
v 1.2 2.2 1
v 1.3 1.3 1
v 1.3 1.9 1
v -1.4 1.5 0.9
v -1.4 1.7 0.9
v -1.3 1.1 0.9
v -1.3 1.3 0.9
v -1.3 1.5 0.9
v -1.3 1.7 0.9
v -1.3 1.9 0.9
v -1.3 2.1 0.9
v -1.2 0.9 0.9
v -1.2 1 0.9
v -1.2 1.1 0.9
v -1.2 1.3 0.9
v -1.2 1.9 0.9
v -1.2 2.1 0.9
v -1.2 2.2 0.9
v -1.2 2.3 0.9
v -1.1 0.7 0.9
v -1.1 0.9 0.9
v -1.1 1 0.9
v -1.1 2.2 0.9
v -1.1 2.3 0.9
v -1.1 2.5 0.9
v -1 0.6 0.9
v -1 0.7 0.9
v -1 0.9 0.9
v -1 2.3 0.9
v -1 2.5 0.9
v -1 2.6 0.9
v -0.9 0.5 0.9
v -0.9 0.6 0.9
v -0.9 0.7 0.9
v -0.9 2.5 0.9
v -0.9 2.6 0.9
v -0.9 2.7 0.9
v -0.7 0.4 0.9
v -0.7 0.5 0.9
v -0.7 0.6 0.9
v -0.7 2.6 0.9
v -0.7 2.7 0.9
v -0.7 2.8 0.9
v -0.6 0.4 0.9
v -0.6 0.5 0.9
v -0.6 2.7 0.9
v -0.6 2.8 0.9
v -0.5 0.3 0.9
v -0.5 0.4 0.9
v -0.5 2.8 0.9
v -0.5 2.9 0.9
v -0.3 0.3 0.9
v -0.3 0.4 0.9
v -0.3 2.8 0.9
v -0.3 2.9 0.9
v -0.1 0.2 0.9
v -0.1 0.3 0.9
v -0.1 2.9 0.9
v -0.1 3 0.9
v 0.1 0.2 0.9
v 0.1 0.3 0.9
v 0.1 2.9 0.9
v 0.1 3 0.9
v 0.3 0.3 0.9
v 0.3 0.4 0.9
v 0.3 2.8 0.9
v 0.3 2.9 0.9
v 0.5 0.3 0.9
v 0.5 0.4 0.9
v 0.5 2.8 0.9
v 0.5 2.9 0.9
v 0.6 0.4 0.9
v 0.6 0.5 0.9
v 0.6 2.7 0.9
v 0.6 2.8 0.9
v 0.7 0.4 0.9
v 0.7 0.5 0.9
v 0.7 0.6 0.9
v 0.7 2.6 0.9
v 0.7 2.7 0.9
v 0.7 2.8 0.9
v 0.9 0.5 0.9
v 0.9 0.6 0.9
v 0.9 0.7 0.9
v 0.9 2.5 0.9
v 0.9 2.6 0.9
v 0.9 2.7 0.9
v 1 0.6 0.9
v 1 0.7 0.9
v 1 0.9 0.9
v 1 2.3 0.9
v 1 2.5 0.9
v 1 2.6 0.9
v 1.1 0.7 0.9
v 1.1 0.9 0.9
v 1.1 1 0.9
v 1.1 2.2 0.9
v 1.1 2.3 0.9
v 1.1 2.5 0.9
v 1.2 0.9 0.9
v 1.2 1 0.9
v 1.2 1.1 0.9
v 1.2 1.3 0.9
v 1.2 1.9 0.9
v 1.2 2.1 0.9
v 1.2 2.2 0.9
v 1.2 2.3 0.9
v 1.3 1.1 0.9
v 1.3 1.3 0.9
v 1.3 1.5 0.9
v 1.3 1.6 0.9
v 1.3 1.7 0.9
v 1.3 1.9 0.9
v 1.3 2.1 0.9
v 1.4 1.5 0.9
v 1.4 1.6 0.9
v 1.4 1.7 0.9
v -1.4 1.2 0.8
v -1.4 1.5 0.8
v -1.4 1.7 0.8
v -1.4 1.8 0.8
v -1.4 2 0.8
v -1.3 0.9 0.8
v -1.3 1.1 0.8
v -1.3 1.2 0.8
v -1.3 1.5 0.8
v -1.3 1.7 0.8
v -1.3 1.8 0.8
v -1.3 2 0.8
v -1.3 2.1 0.8
v -1.3 2.3 0.8
v -1.2 0.8 0.8
v -1.2 0.9 0.8
v -1.2 1.1 0.8
v -1.2 2.1 0.8
v -1.2 2.3 0.8
v -1.2 2.4 0.8
v -1.1 0.8 0.8
v -1.1 0.9 0.8
v -1.1 2.3 0.8
v -1.1 2.4 0.8
v -0.8 0.4 0.8
v -0.8 0.5 0.8
v -0.8 2.7 0.8
v -0.8 2.8 0.8
v -0.7 0.3 0.8
v -0.7 0.4 0.8
v -0.7 0.5 0.8
v -0.7 2.7 0.8
v -0.7 2.8 0.8
v -0.7 2.9 0.8
v -0.5 0.3 0.8
v -0.5 0.4 0.8
v -0.5 2.8 0.8
v -0.5 2.9 0.8
v -0.4 0.2 0.8
v -0.4 0.3 0.8
v -0.4 2.9 0.8
v -0.4 3 0.8
v -0.1 0.2 0.8
v -0.1 0.3 0.8
v -0.1 2.9 0.8
v -0.1 3 0.8
v 0.1 0.2 0.8
v 0.1 0.3 0.8
v 0.1 2.9 0.8
v 0.1 3 0.8
v 0.2 2.9 0.8
v 0.2 3 0.8
v 0.4 0.2 0.8
v 0.4 0.3 0.8
v 0.4 2.9 0.8
v 0.4 3 0.8
v 0.5 0.3 0.8
v 0.5 0.4 0.8
v 0.5 2.8 0.8
v 0.5 2.9 0.8
v 0.7 0.3 0.8
v 0.7 0.4 0.8
v 0.7 0.5 0.8
v 0.7 2.7 0.8
v 0.7 2.8 0.8
v 0.7 2.9 0.8
v 0.8 0.4 0.8
v 0.8 0.5 0.8
v 0.8 2.7 0.8
v 0.8 2.8 0.8
v 1.1 0.8 0.8
v 1.1 0.9 0.8
v 1.1 2.3 0.8
v 1.1 2.4 0.8
v 1.2 0.8 0.8
v 1.2 0.9 0.8
v 1.2 1.1 0.8
v 1.2 2.1 0.8
v 1.2 2.3 0.8
v 1.2 2.4 0.8
v 1.3 0.9 0.8
v 1.3 1.1 0.8
v 1.3 1.2 0.8
v 1.3 1.5 0.8
v 1.3 1.7 0.8
v 1.3 1.9 0.8
v 1.3 2 0.8
v 1.3 2.1 0.8
v 1.3 2.3 0.8
v 1.4 1.2 0.8
v 1.4 1.5 0.8
v 1.4 1.7 0.8
v 1.4 2 0.8
v -1.5 1.4 0.7
v -1.5 1.8 0.7
v -1.4 1 0.7
v -1.4 1.2 0.7
v -1.4 1.4 0.7
v -1.4 1.8 0.7
v -1.4 2 0.7
v -1.4 2.2 0.7
v -1.3 0.8 0.7
v -1.3 0.9 0.7
v -1.3 1 0.7
v -1.3 1.2 0.7
v -1.3 2 0.7
v -1.3 2.2 0.7
v -1.3 2.3 0.7
v -1.3 2.4 0.7
v -1.2 0.7 0.7
v -1.2 0.8 0.7
v -1.2 0.9 0.7
v -1.2 2.3 0.7
v -1.2 2.4 0.7
v -1.2 2.5 0.7
v -1.1 0.6 0.7
v -1.1 0.7 0.7
v -1.1 0.8 0.7
v -1.1 2.4 0.7
v -1.1 2.5 0.7
v -1.1 2.6 0.7
v -1 0.5 0.7
v -1 0.6 0.7
v -1 0.7 0.7
v -1 2.5 0.7
v -1 2.6 0.7
v -1 2.7 0.7
v -0.9 0.4 0.7
v -0.9 0.5 0.7
v -0.9 0.6 0.7
v -0.9 2.6 0.7
v -0.9 2.7 0.7
v -0.9 2.8 0.7
v -0.8 0.3 0.7
v -0.8 0.4 0.7
v -0.8 0.5 0.7
v -0.8 2.7 0.7
v -0.8 2.8 0.7
v -0.8 2.9 0.7
v -0.7 0.3 0.7
v -0.7 0.4 0.7
v -0.7 2.8 0.7
v -0.7 2.9 0.7
v -0.6 0.2 0.7
v -0.6 0.3 0.7
v -0.6 2.9 0.7
v -0.6 3 0.7
v -0.4 0.2 0.7
v -0.4 0.3 0.7
v -0.4 2.9 0.7
v -0.4 3 0.7
v -0.2 0.1 0.7
v -0.2 0.2 0.7
v -0.2 3 0.7
v -0.2 3.1 0.7
v 0.2 0.1 0.7
v 0.2 0.2 0.7
v 0.2 3 0.7
v 0.2 3.1 0.7
v 0.4 0.2 0.7
v 0.4 0.3 0.7
v 0.4 2.9 0.7
v 0.4 3 0.7
v 0.5 2.9 0.7
v 0.5 3 0.7
v 0.6 0.2 0.7
v 0.6 0.3 0.7
v 0.6 2.9 0.7
v 0.6 3 0.7
v 0.7 0.3 0.7
v 0.7 0.4 0.7
v 0.7 2.8 0.7
v 0.7 2.9 0.7
v 0.8 0.3 0.7
v 0.8 0.4 0.7
v 0.8 0.5 0.7
v 0.8 2.7 0.7
v 0.8 2.8 0.7
v 0.8 2.9 0.7
v 0.9 0.4 0.7
v 0.9 0.5 0.7
v 0.9 0.6 0.7
v 0.9 2.6 0.7
v 0.9 2.7 0.7
v 0.9 2.8 0.7
v 1 0.5 0.7
v 1 0.6 0.7
v 1 0.7 0.7
v 1 2.5 0.7
v 1 2.6 0.7
v 1 2.7 0.7
v 1.1 0.6 0.7
v 1.1 0.7 0.7
v 1.1 0.8 0.7
v 1.1 2.4 0.7
v 1.1 2.5 0.7
v 1.1 2.6 0.7
v 1.2 0.7 0.7
v 1.2 0.8 0.7
v 1.2 0.9 0.7
v 1.2 2.3 0.7
v 1.2 2.4 0.7
v 1.2 2.5 0.7
v 1.3 0.8 0.7
v 1.3 0.9 0.7
v 1.3 1 0.7
v 1.3 1.2 0.7
v 1.3 2 0.7
v 1.3 2.2 0.7
v 1.3 2.3 0.7
v 1.3 2.4 0.7
v 1.4 1 0.7
v 1.4 1.2 0.7
v 1.4 1.4 0.7
v 1.4 1.6 0.7
v 1.4 1.8 0.7
v 1.4 2 0.7
v 1.4 2.2 0.7
v 1.5 1.4 0.7
v 1.5 1.6 0.7
v 1.5 1.8 0.7
v -1.5 1.2 0.6
v -1.5 1.4 0.6
v -1.5 1.8 0.6
v -1.5 2 0.6
v -1.4 0.9 0.6
v -1.4 1 0.6
v -1.4 1.2 0.6
v -1.4 1.4 0.6
v -1.4 1.8 0.6
v -1.4 2 0.6
v -1.4 2.2 0.6
v -1.4 2.3 0.6
v -1.3 0.9 0.6
v -1.3 1 0.6
v -1.3 2.2 0.6
v -1.3 2.3 0.6
v -1.2 0.6 0.6
v -1.2 0.7 0.6
v -1.2 2.5 0.6
v -1.2 2.6 0.6
v -1.1 0.5 0.6
v -1.1 0.6 0.6
v -1.1 0.7 0.6
v -1.1 2.5 0.6
v -1.1 2.6 0.6
v -1.1 2.7 0.6
v -1 0.4 0.6
v -1 0.5 0.6
v -1 0.6 0.6
v -1 2.6 0.6
v -1 2.7 0.6
v -1 2.8 0.6
v -0.9 0.4 0.6
v -0.9 0.5 0.6
v -0.9 2.7 0.6
v -0.9 2.8 0.6
v -0.7 0.2 0.6
v -0.7 0.3 0.6
v -0.7 2.9 0.6
v -0.7 3 0.6
v -0.6 0.2 0.6
v -0.6 0.3 0.6
v -0.6 2.9 0.6
v -0.6 3 0.6
v -0.4 0.1 0.6
v -0.4 0.2 0.6
v -0.4 3 0.6
v -0.4 3.1 0.6
v -0.2 0.1 0.6
v -0.2 0.2 0.6
v -0.2 3 0.6
v -0.2 3.1 0.6
v 0.2 0.1 0.6
v 0.2 0.2 0.6
v 0.2 3 0.6
v 0.2 3.1 0.6
v 0.4 0.1 0.6
v 0.4 0.2 0.6
v 0.4 3 0.6
v 0.4 3.1 0.6
v 0.6 0.2 0.6
v 0.6 0.3 0.6
v 0.6 2.9 0.6
v 0.6 3 0.6
v 0.7 0.2 0.6
v 0.7 0.3 0.6
v 0.7 2.9 0.6
v 0.7 3 0.6
v 0.9 0.4 0.6
v 0.9 0.5 0.6
v 0.9 2.7 0.6
v 0.9 2.8 0.6
v 1 0.4 0.6
v 1 0.5 0.6
v 1 0.6 0.6
v 1 2.6 0.6
v 1 2.7 0.6
v 1 2.8 0.6
v 1.1 0.5 0.6
v 1.1 0.6 0.6
v 1.1 0.7 0.6
v 1.1 2.5 0.6
v 1.1 2.6 0.6
v 1.1 2.7 0.6
v 1.2 0.6 0.6
v 1.2 0.7 0.6
v 1.2 2.5 0.6
v 1.2 2.6 0.6
v 1.3 0.9 0.6
v 1.3 1 0.6
v 1.3 2.2 0.6
v 1.3 2.3 0.6
v 1.4 0.9 0.6
v 1.4 1 0.6
v 1.4 1.2 0.6
v 1.4 1.3 0.6
v 1.4 1.4 0.6
v 1.4 1.8 0.6
v 1.4 2 0.6
v 1.4 2.2 0.6
v 1.4 2.3 0.6
v 1.5 1.2 0.6
v 1.5 1.3 0.6
v 1.5 1.4 0.6
v 1.5 1.8 0.6
v 1.5 2 0.6
v -1.5 1.1 0.5
v -1.5 1.2 0.5
v -1.5 2 0.5
v -1.5 2.1 0.5
v -1.4 1.1 0.5
v -1.4 1.2 0.5
v -1.4 2 0.5
v -1.4 2.1 0.5
v -1.3 0.7 0.5
v -1.3 0.8 0.5
v -1.3 2.4 0.5
v -1.3 2.5 0.5
v -1.2 0.7 0.5
v -1.2 0.8 0.5
v -1.2 2.4 0.5
v -1.2 2.5 0.5
v -0.9 0.3 0.5
v -0.9 0.4 0.5
v -0.9 2.8 0.5
v -0.9 2.9 0.5
v -0.8 0.3 0.5
v -0.8 0.4 0.5
v -0.8 2.8 0.5
v -0.8 2.9 0.5
v -0.5 0.1 0.5
v -0.5 0.2 0.5
v -0.5 3 0.5
v -0.5 3.1 0.5
v -0.4 0.1 0.5
v -0.4 0.2 0.5
v -0.4 3 0.5
v -0.4 3.1 0.5
v 0.4 0.1 0.5
v 0.4 0.2 0.5
v 0.4 3 0.5
v 0.4 3.1 0.5
v 0.5 0.1 0.5
v 0.5 0.2 0.5
v 0.5 3 0.5
v 0.5 3.1 0.5
v 0.8 0.3 0.5
v 0.8 0.4 0.5
v 0.8 2.8 0.5
v 0.8 2.9 0.5
v 0.9 0.3 0.5
v 0.9 0.4 0.5
v 0.9 2.8 0.5
v 0.9 2.9 0.5
v 1.2 0.7 0.5
v 1.2 0.8 0.5
v 1.2 2.4 0.5
v 1.2 2.5 0.5
v 1.3 0.7 0.5
v 1.3 0.8 0.5
v 1.3 2.4 0.5
v 1.3 2.5 0.5
v 1.4 1.1 0.5
v 1.4 1.2 0.5
v 1.4 2 0.5
v 1.4 2.1 0.5
v 1.5 1.1 0.5
v 1.5 1.2 0.5
v 1.5 2 0.5
v 1.5 2.1 0.5
v -1.6 1.4 0.4
v -1.6 1.6 0.4
v -1.6 1.8 0.4
v -1.5 1 0.4
v -1.5 1.1 0.4
v -1.5 1.4 0.4
v -1.5 1.6 0.4
v -1.5 1.8 0.4
v -1.5 2.1 0.4
v -1.5 2.2 0.4
v -1.4 0.8 0.4
v -1.4 0.9 0.4
v -1.4 1 0.4
v -1.4 1.1 0.4
v -1.4 2.1 0.4
v -1.4 2.2 0.4
v -1.4 2.3 0.4
v -1.4 2.4 0.4
v -1.3 0.8 0.4
v -1.3 0.9 0.4
v -1.3 2.3 0.4
v -1.3 2.4 0.4
v -1.2 0.5 0.4
v -1.2 0.6 0.4
v -1.2 2.6 0.4
v -1.2 2.7 0.4
v -1.1 0.4 0.4
v -1.1 0.5 0.4
v -1.1 0.6 0.4
v -1.1 2.6 0.4
v -1.1 2.7 0.4
v -1.1 2.8 0.4
v -1 0.4 0.4
v -1 0.5 0.4
v -1 2.7 0.4
v -1 2.8 0.4
v -0.8 0.2 0.4
v -0.8 0.3 0.4
v -0.8 2.9 0.4
v -0.8 3 0.4
v -0.7 0.2 0.4
v -0.7 0.3 0.4
v -0.7 2.9 0.4
v -0.7 3 0.4
v -0.6 0.1 0.4
v -0.6 0.2 0.4
v -0.6 3 0.4
v -0.6 3.1 0.4
v -0.5 0.1 0.4
v -0.5 0.2 0.4
v -0.5 3 0.4
v -0.5 3.1 0.4
v -0.2 0 0.4
v -0.2 0.1 0.4
v -0.2 3.1 0.4
v -0.2 3.2 0.4
v 0.2 0 0.4
v 0.2 0.1 0.4
v 0.2 3.1 0.4
v 0.2 3.2 0.4
v 0.5 0.1 0.4
v 0.5 0.2 0.4
v 0.5 3 0.4
v 0.5 3.1 0.4
v 0.6 0.1 0.4
v 0.6 0.2 0.4
v 0.6 3 0.4
v 0.6 3.1 0.4
v 0.7 0.2 0.4
v 0.7 0.3 0.4
v 0.7 2.9 0.4
v 0.7 3 0.4
v 0.8 0.2 0.4
v 0.8 0.3 0.4
v 0.8 2.9 0.4
v 0.8 3 0.4
v 1 0.4 0.4
v 1 0.5 0.4
v 1 2.7 0.4
v 1 2.8 0.4
v 1.1 0.4 0.4
v 1.1 0.5 0.4
v 1.1 0.6 0.4
v 1.1 2.6 0.4
v 1.1 2.7 0.4
v 1.1 2.8 0.4
v 1.2 0.5 0.4
v 1.2 0.6 0.4
v 1.2 2.6 0.4
v 1.2 2.7 0.4
v 1.3 0.8 0.4
v 1.3 0.9 0.4
v 1.3 2.3 0.4
v 1.3 2.4 0.4
v 1.4 0.8 0.4
v 1.4 0.9 0.4
v 1.4 1 0.4
v 1.4 1.1 0.4
v 1.4 2.1 0.4
v 1.4 2.2 0.4
v 1.4 2.3 0.4
v 1.4 2.4 0.4
v 1.5 1 0.4
v 1.5 1.1 0.4
v 1.5 1.4 0.4
v 1.5 1.6 0.4
v 1.5 1.8 0.4
v 1.5 2.1 0.4
v 1.5 2.2 0.4
v 1.6 1.4 0.4
v 1.6 1.6 0.4
v 1.6 1.8 0.4
v -1.6 1.3 0.3
v -1.6 1.4 0.3
v -1.6 1.8 0.3
v -1.6 1.9 0.3
v -1.5 1.3 0.3
v -1.5 1.4 0.3
v -1.5 1.8 0.3
v -1.5 1.9 0.3
v -1.3 0.6 0.3
v -1.3 0.7 0.3
v -1.3 2.5 0.3
v -1.3 2.6 0.3
v -1.2 0.6 0.3
v -1.2 0.7 0.3
v -1.2 2.5 0.3
v -1.2 2.6 0.3
v -1 0.3 0.3
v -1 0.4 0.3
v -1 2.8 0.3
v -1 2.9 0.3
v -0.9 0.3 0.3
v -0.9 0.4 0.3
v -0.9 2.8 0.3
v -0.9 2.9 0.3
v -0.3 0 0.3
v -0.3 0.1 0.3
v -0.3 3.1 0.3
v -0.3 3.2 0.3
v -0.2 0 0.3
v -0.2 0.1 0.3
v -0.2 3.1 0.3
v -0.2 3.2 0.3
v 0.2 0 0.3
v 0.2 0.1 0.3
v 0.2 3.1 0.3
v 0.2 3.2 0.3
v 0.3 0 0.3
v 0.3 0.1 0.3
v 0.3 3.1 0.3
v 0.3 3.2 0.3
v 0.9 0.3 0.3
v 0.9 0.4 0.3
v 0.9 2.8 0.3
v 0.9 2.9 0.3
v 1 0.3 0.3
v 1 0.4 0.3
v 1 2.8 0.3
v 1 2.9 0.3
v 1.2 0.6 0.3
v 1.2 0.7 0.3
v 1.2 2.5 0.3
v 1.2 2.6 0.3
v 1.3 0.6 0.3
v 1.3 0.7 0.3
v 1.3 2.5 0.3
v 1.3 2.6 0.3
v 1.5 1.3 0.3
v 1.5 1.4 0.3
v 1.5 1.8 0.3
v 1.5 1.9 0.3
v 1.6 1.3 0.3
v 1.6 1.4 0.3
v 1.6 1.8 0.3
v 1.6 1.9 0.3
v -1.6 1.2 0.2
v -1.6 1.3 0.2
v -1.6 1.9 0.2
v -1.6 2 0.2
v -1.5 0.9 0.2
v -1.5 1 0.2
v -1.5 1.2 0.2
v -1.5 1.3 0.2
v -1.5 1.9 0.2
v -1.5 2 0.2
v -1.5 2.2 0.2
v -1.5 2.3 0.2
v -1.4 0.9 0.2
v -1.4 1 0.2
v -1.4 2.2 0.2
v -1.4 2.3 0.2
v -0.7 0.1 0.2
v -0.7 0.2 0.2
v -0.7 3 0.2
v -0.7 3.1 0.2
v -0.6 0.1 0.2
v -0.6 0.2 0.2
v -0.6 3 0.2
v -0.6 3.1 0.2
v -0.4 0 0.2
v -0.4 0.1 0.2
v -0.4 3.1 0.2
v -0.4 3.2 0.2
v -0.3 0 0.2
v -0.3 0.1 0.2
v -0.3 3.1 0.2
v -0.3 3.2 0.2
v 0.3 0 0.2
v 0.3 0.1 0.2
v 0.3 3.1 0.2
v 0.3 3.2 0.2
v 0.4 0 0.2
v 0.4 0.1 0.2
v 0.4 3.1 0.2
v 0.4 3.2 0.2
v 0.6 0.1 0.2
v 0.6 0.2 0.2
v 0.6 3 0.2
v 0.6 3.1 0.2
v 0.7 0.1 0.2
v 0.7 0.2 0.2
v 0.7 3 0.2
v 0.7 3.1 0.2
v 1.4 0.9 0.2
v 1.4 1 0.2
v 1.4 2.2 0.2
v 1.4 2.3 0.2
v 1.5 0.9 0.2
v 1.5 1 0.2
v 1.5 1.2 0.2
v 1.5 1.3 0.2
v 1.5 1.9 0.2
v 1.5 2 0.2
v 1.5 2.2 0.2
v 1.5 2.3 0.2
v 1.6 1.2 0.2
v 1.6 1.3 0.2
v 1.6 1.9 0.2
v 1.6 2 0.2
v -1.4 0.7 0.1
v -1.4 0.8 0.1
v -1.4 2.4 0.1
v -1.4 2.5 0.1
v -1.3 0.7 0.1
v -1.3 0.8 0.1
v -1.3 2.4 0.1
v -1.3 2.5 0.1
v -0.9 0.2 0.1
v -0.9 0.3 0.1
v -0.9 2.9 0.1
v -0.9 3 0.1
v -0.8 0.2 0.1
v -0.8 0.3 0.1
v -0.8 2.9 0.1
v -0.8 3 0.1
v 0.8 0.2 0.1
v 0.8 0.3 0.1
v 0.8 2.9 0.1
v 0.8 3 0.1
v 0.9 0.2 0.1
v 0.9 0.3 0.1
v 0.9 2.9 0.1
v 0.9 3 0.1
v 1.3 0.7 0.1
v 1.3 0.8 0.1
v 1.3 2.4 0.1
v 1.3 2.5 0.1
v 1.4 0.7 0.1
v 1.4 0.8 0.1
v 1.4 2.4 0.1
v 1.4 2.5 0.1
v -1.4 0.7 -0.1
v -1.4 0.8 -0.1
v -1.4 2.4 -0.1
v -1.4 2.5 -0.1
v -1.3 0.7 -0.1
v -1.3 0.8 -0.1
v -1.3 2.4 -0.1
v -1.3 2.5 -0.1
v -0.9 0.2 -0.1
v -0.9 0.3 -0.1
v -0.9 2.9 -0.1
v -0.9 3 -0.1
v -0.8 0.2 -0.1
v -0.8 0.3 -0.1
v -0.8 2.9 -0.1
v -0.8 3 -0.1
v 0.8 0.2 -0.1
v 0.8 0.3 -0.1
v 0.8 2.9 -0.1
v 0.8 3 -0.1
v 0.9 0.2 -0.1
v 0.9 0.3 -0.1
v 0.9 2.9 -0.1
v 0.9 3 -0.1
v 1.3 0.7 -0.1
v 1.3 0.8 -0.1
v 1.3 2.4 -0.1
v 1.3 2.5 -0.1
v 1.4 0.7 -0.1
v 1.4 0.8 -0.1
v 1.4 2.4 -0.1
v 1.4 2.5 -0.1
v -1.6 1.2 -0.2
v -1.6 1.3 -0.2
v -1.6 1.9 -0.2
v -1.6 2 -0.2
v -1.5 0.9 -0.2
v -1.5 1 -0.2
v -1.5 1.2 -0.2
v -1.5 1.3 -0.2
v -1.5 1.9 -0.2
v -1.5 2 -0.2
v -1.5 2.2 -0.2
v -1.5 2.3 -0.2
v -1.4 0.9 -0.2
v -1.4 1 -0.2
v -1.4 2.2 -0.2
v -1.4 2.3 -0.2
v -0.7 0.1 -0.2
v -0.7 0.2 -0.2
v -0.7 3 -0.2
v -0.7 3.1 -0.2
v -0.6 0.1 -0.2
v -0.6 0.2 -0.2
v -0.6 3 -0.2
v -0.6 3.1 -0.2
v -0.4 0 -0.2
v -0.4 0.1 -0.2
v -0.4 3.1 -0.2
v -0.4 3.2 -0.2
v -0.3 0 -0.2
v -0.3 0.1 -0.2
v -0.3 3.1 -0.2
v -0.3 3.2 -0.2
v 0.3 0 -0.2
v 0.3 0.1 -0.2
v 0.3 3.1 -0.2
v 0.3 3.2 -0.2
v 0.4 0 -0.2
v 0.4 0.1 -0.2
v 0.4 3.1 -0.2
v 0.4 3.2 -0.2
v 0.6 0.1 -0.2
v 0.6 0.2 -0.2
v 0.6 3 -0.2
v 0.6 3.1 -0.2
v 0.7 0.1 -0.2
v 0.7 0.2 -0.2
v 0.7 3 -0.2
v 0.7 3.1 -0.2
v 1.4 0.9 -0.2
v 1.4 1 -0.2
v 1.4 2.2 -0.2
v 1.4 2.3 -0.2
v 1.5 0.9 -0.2
v 1.5 1 -0.2
v 1.5 1.2 -0.2
v 1.5 1.3 -0.2
v 1.5 1.9 -0.2
v 1.5 2 -0.2
v 1.5 2.2 -0.2
v 1.5 2.3 -0.2
v 1.6 1.2 -0.2
v 1.6 1.3 -0.2
v 1.6 1.9 -0.2
v 1.6 2 -0.2
v -1.6 1.3 -0.3
v -1.6 1.4 -0.3
v -1.6 1.8 -0.3
v -1.6 1.9 -0.3
v -1.5 1.3 -0.3
v -1.5 1.4 -0.3
v -1.5 1.8 -0.3
v -1.5 1.9 -0.3
v -1.3 0.6 -0.3
v -1.3 0.7 -0.3
v -1.3 2.5 -0.3
v -1.3 2.6 -0.3
v -1.2 0.6 -0.3
v -1.2 0.7 -0.3
v -1.2 2.5 -0.3
v -1.2 2.6 -0.3
v -1 0.3 -0.3
v -1 0.4 -0.3
v -1 2.8 -0.3
v -1 2.9 -0.3
v -0.9 0.3 -0.3
v -0.9 0.4 -0.3
v -0.9 2.8 -0.3
v -0.9 2.9 -0.3
v -0.3 0 -0.3
v -0.3 0.1 -0.3
v -0.3 3.1 -0.3
v -0.3 3.2 -0.3
v -0.2 0 -0.3
v -0.2 0.1 -0.3
v -0.2 3.1 -0.3
v -0.2 3.2 -0.3
v 0.2 0 -0.3
v 0.2 0.1 -0.3
v 0.2 3.1 -0.3
v 0.2 3.2 -0.3
v 0.3 0 -0.3
v 0.3 0.1 -0.3
v 0.3 3.1 -0.3
v 0.3 3.2 -0.3
v 0.9 0.3 -0.3
v 0.9 0.4 -0.3
v 0.9 2.8 -0.3
v 0.9 2.9 -0.3
v 1 0.3 -0.3
v 1 0.4 -0.3
v 1 2.8 -0.3
v 1 2.9 -0.3
v 1.2 0.6 -0.3
v 1.2 0.7 -0.3
v 1.2 2.5 -0.3
v 1.2 2.6 -0.3
v 1.3 0.6 -0.3
v 1.3 0.7 -0.3
v 1.3 2.5 -0.3
v 1.3 2.6 -0.3
v 1.5 1.3 -0.3
v 1.5 1.4 -0.3
v 1.5 1.8 -0.3
v 1.5 1.9 -0.3
v 1.6 1.3 -0.3
v 1.6 1.4 -0.3
v 1.6 1.8 -0.3
v 1.6 1.9 -0.3
v -1.6 1.4 -0.4
v -1.6 1.8 -0.4
v -1.5 1 -0.4
v -1.5 1.1 -0.4
v -1.5 1.4 -0.4
v -1.5 1.5 -0.4
v -1.5 1.8 -0.4
v -1.5 2.1 -0.4
v -1.5 2.2 -0.4
v -1.4 0.8 -0.4
v -1.4 0.9 -0.4
v -1.4 1 -0.4
v -1.4 1.1 -0.4
v -1.4 2.1 -0.4
v -1.4 2.2 -0.4
v -1.4 2.3 -0.4
v -1.4 2.4 -0.4
v -1.3 0.8 -0.4
v -1.3 0.9 -0.4
v -1.3 2.3 -0.4
v -1.3 2.4 -0.4
v -1.2 0.5 -0.4
v -1.2 0.6 -0.4
v -1.2 2.6 -0.4
v -1.2 2.7 -0.4
v -1.1 0.4 -0.4
v -1.1 0.5 -0.4
v -1.1 0.6 -0.4
v -1.1 2.6 -0.4
v -1.1 2.7 -0.4
v -1.1 2.8 -0.4
v -1 0.4 -0.4
v -1 0.5 -0.4
v -1 2.7 -0.4
v -1 2.8 -0.4
v -0.8 0.2 -0.4
v -0.8 0.3 -0.4
v -0.8 2.9 -0.4
v -0.8 3 -0.4
v -0.7 0.2 -0.4
v -0.7 0.3 -0.4
v -0.7 2.9 -0.4
v -0.7 3 -0.4
v -0.6 0.1 -0.4
v -0.6 0.2 -0.4
v -0.6 3 -0.4
v -0.6 3.1 -0.4
v -0.5 0.1 -0.4
v -0.5 0.2 -0.4
v -0.5 3 -0.4
v -0.5 3.1 -0.4
v -0.2 0 -0.4
v -0.2 0.1 -0.4
v -0.2 3.1 -0.4
v -0.2 3.2 -0.4
v 0.2 0 -0.4
v 0.2 0.1 -0.4
v 0.2 3.1 -0.4
v 0.2 3.2 -0.4
v 0.5 0.1 -0.4
v 0.5 0.2 -0.4
v 0.5 3 -0.4
v 0.5 3.1 -0.4
v 0.6 0.1 -0.4
v 0.6 0.2 -0.4
v 0.6 3 -0.4
v 0.6 3.1 -0.4
v 0.7 0.2 -0.4
v 0.7 0.3 -0.4
v 0.7 2.9 -0.4
v 0.7 3 -0.4
v 0.8 0.2 -0.4
v 0.8 0.3 -0.4
v 0.8 2.9 -0.4
v 0.8 3 -0.4
v 1 0.4 -0.4
v 1 0.5 -0.4
v 1 2.7 -0.4
v 1 2.8 -0.4
v 1.1 0.4 -0.4
v 1.1 0.5 -0.4
v 1.1 0.6 -0.4
v 1.1 2.6 -0.4
v 1.1 2.7 -0.4
v 1.1 2.8 -0.4
v 1.2 0.5 -0.4
v 1.2 0.6 -0.4
v 1.2 2.6 -0.4
v 1.2 2.7 -0.4
v 1.3 0.8 -0.4
v 1.3 0.9 -0.4
v 1.3 2.3 -0.4
v 1.3 2.4 -0.4
v 1.4 0.8 -0.4
v 1.4 0.9 -0.4
v 1.4 1 -0.4
v 1.4 1.1 -0.4
v 1.4 2.1 -0.4
v 1.4 2.2 -0.4
v 1.4 2.3 -0.4
v 1.4 2.4 -0.4
v 1.5 1 -0.4
v 1.5 1.1 -0.4
v 1.5 1.4 -0.4
v 1.5 1.8 -0.4
v 1.5 2.1 -0.4
v 1.5 2.2 -0.4
v 1.6 1.4 -0.4
v 1.6 1.8 -0.4
v -1.5 1.1 -0.5
v -1.5 1.2 -0.5
v -1.5 2 -0.5
v -1.5 2.1 -0.5
v -1.4 1.1 -0.5
v -1.4 1.2 -0.5
v -1.4 2 -0.5
v -1.4 2.1 -0.5
v -1.3 0.7 -0.5
v -1.3 0.8 -0.5
v -1.3 2.4 -0.5
v -1.3 2.5 -0.5
v -1.2 0.7 -0.5
v -1.2 0.8 -0.5
v -1.2 2.4 -0.5
v -1.2 2.5 -0.5
v -0.9 0.3 -0.5
v -0.9 0.4 -0.5
v -0.9 2.8 -0.5
v -0.9 2.9 -0.5
v -0.8 0.3 -0.5
v -0.8 0.4 -0.5
v -0.8 2.8 -0.5
v -0.8 2.9 -0.5
v -0.5 0.1 -0.5
v -0.5 0.2 -0.5
v -0.5 3 -0.5
v -0.5 3.1 -0.5
v -0.4 0.1 -0.5
v -0.4 0.2 -0.5
v -0.4 3 -0.5
v -0.4 3.1 -0.5
v 0.4 0.1 -0.5
v 0.4 0.2 -0.5
v 0.4 3 -0.5
v 0.4 3.1 -0.5
v 0.5 0.1 -0.5
v 0.5 0.2 -0.5
v 0.5 3 -0.5
v 0.5 3.1 -0.5
v 0.8 0.3 -0.5
v 0.8 0.4 -0.5
v 0.8 2.8 -0.5
v 0.8 2.9 -0.5
v 0.9 0.3 -0.5
v 0.9 0.4 -0.5
v 0.9 2.8 -0.5
v 0.9 2.9 -0.5
v 1.2 0.7 -0.5
v 1.2 0.8 -0.5
v 1.2 2.4 -0.5
v 1.2 2.5 -0.5
v 1.3 0.7 -0.5
v 1.3 0.8 -0.5
v 1.3 2.4 -0.5
v 1.3 2.5 -0.5
v 1.4 1.1 -0.5
v 1.4 1.2 -0.5
v 1.4 2 -0.5
v 1.4 2.1 -0.5
v 1.5 1.1 -0.5
v 1.5 1.2 -0.5
v 1.5 2 -0.5
v 1.5 2.1 -0.5
v -1.5 1.2 -0.6
v -1.5 1.4 -0.6
v -1.5 1.8 -0.6
v -1.5 2 -0.6
v -1.4 0.9 -0.6
v -1.4 1 -0.6
v -1.4 1.2 -0.6
v -1.4 1.4 -0.6
v -1.4 1.8 -0.6
v -1.4 2 -0.6
v -1.4 2.2 -0.6
v -1.4 2.3 -0.6
v -1.3 0.9 -0.6
v -1.3 1 -0.6
v -1.3 2.2 -0.6
v -1.3 2.3 -0.6
v -1.2 0.6 -0.6
v -1.2 0.7 -0.6
v -1.2 2.5 -0.6
v -1.2 2.6 -0.6
v -1.1 0.5 -0.6
v -1.1 0.6 -0.6
v -1.1 0.7 -0.6
v -1.1 2.5 -0.6
v -1.1 2.6 -0.6
v -1.1 2.7 -0.6
v -1 0.4 -0.6
v -1 0.5 -0.6
v -1 0.6 -0.6
v -1 2.6 -0.6
v -1 2.7 -0.6
v -1 2.8 -0.6
v -0.9 0.4 -0.6
v -0.9 0.5 -0.6
v -0.9 2.7 -0.6
v -0.9 2.8 -0.6
v -0.7 0.2 -0.6
v -0.7 0.3 -0.6
v -0.7 2.9 -0.6
v -0.7 3 -0.6
v -0.6 0.2 -0.6
v -0.6 0.3 -0.6
v -0.6 2.9 -0.6
v -0.6 3 -0.6
v -0.4 0.1 -0.6
v -0.4 0.2 -0.6
v -0.4 3 -0.6
v -0.4 3.1 -0.6
v -0.2 0.1 -0.6
v -0.2 0.2 -0.6
v -0.2 3 -0.6
v -0.2 3.1 -0.6
v 0.2 0.1 -0.6
v 0.2 0.2 -0.6
v 0.2 3 -0.6
v 0.2 3.1 -0.6
v 0.4 0.1 -0.6
v 0.4 0.2 -0.6
v 0.4 3 -0.6
v 0.4 3.1 -0.6
v 0.6 0.2 -0.6
v 0.6 0.3 -0.6
v 0.6 2.9 -0.6
v 0.6 3 -0.6
v 0.7 0.2 -0.6
v 0.7 0.3 -0.6
v 0.7 2.9 -0.6
v 0.7 3 -0.6
v 0.9 0.4 -0.6
v 0.9 0.5 -0.6
v 0.9 2.7 -0.6
v 0.9 2.8 -0.6
v 1 0.4 -0.6
v 1 0.5 -0.6
v 1 0.6 -0.6
v 1 2.6 -0.6
v 1 2.7 -0.6
v 1 2.8 -0.6
v 1.1 0.5 -0.6
v 1.1 0.6 -0.6
v 1.1 0.7 -0.6
v 1.1 2.5 -0.6
v 1.1 2.6 -0.6
v 1.1 2.7 -0.6
v 1.2 0.6 -0.6
v 1.2 0.7 -0.6
v 1.2 2.5 -0.6
v 1.2 2.6 -0.6
v 1.3 0.9 -0.6
v 1.3 1 -0.6
v 1.3 2.2 -0.6
v 1.3 2.3 -0.6
v 1.4 0.9 -0.6
v 1.4 1 -0.6
v 1.4 1.2 -0.6
v 1.4 1.4 -0.6
v 1.4 1.8 -0.6
v 1.4 2 -0.6
v 1.4 2.2 -0.6
v 1.4 2.3 -0.6
v 1.5 1.2 -0.6
v 1.5 1.4 -0.6
v 1.5 1.8 -0.6
v 1.5 2 -0.6
v -1.5 1.4 -0.7
v -1.5 1.8 -0.7
v -1.4 1 -0.7
v -1.4 1.2 -0.7
v -1.4 1.4 -0.7
v -1.4 1.8 -0.7
v -1.4 2 -0.7
v -1.4 2.2 -0.7
v -1.3 0.8 -0.7
v -1.3 0.9 -0.7
v -1.3 1 -0.7
v -1.3 1.2 -0.7
v -1.3 2 -0.7
v -1.3 2.2 -0.7
v -1.3 2.3 -0.7
v -1.3 2.4 -0.7
v -1.2 0.7 -0.7
v -1.2 0.8 -0.7
v -1.2 0.9 -0.7
v -1.2 2.3 -0.7
v -1.2 2.4 -0.7
v -1.2 2.5 -0.7
v -1.1 0.6 -0.7
v -1.1 0.7 -0.7
v -1.1 0.8 -0.7
v -1.1 2.4 -0.7
v -1.1 2.5 -0.7
v -1.1 2.6 -0.7
v -1 0.5 -0.7
v -1 0.6 -0.7
v -1 0.7 -0.7
v -1 2.5 -0.7
v -1 2.6 -0.7
v -1 2.7 -0.7
v -0.9 0.4 -0.7
v -0.9 0.5 -0.7
v -0.9 0.6 -0.7
v -0.9 2.6 -0.7
v -0.9 2.7 -0.7
v -0.9 2.8 -0.7
v -0.8 0.3 -0.7
v -0.8 0.4 -0.7
v -0.8 0.5 -0.7
v -0.8 2.7 -0.7
v -0.8 2.8 -0.7
v -0.8 2.9 -0.7
v -0.7 0.3 -0.7
v -0.7 0.4 -0.7
v -0.7 2.8 -0.7
v -0.7 2.9 -0.7
v -0.6 0.2 -0.7
v -0.6 0.3 -0.7
v -0.6 2.9 -0.7
v -0.6 3 -0.7
v -0.4 0.2 -0.7
v -0.4 0.3 -0.7
v -0.4 2.9 -0.7
v -0.4 3 -0.7
v -0.2 0.1 -0.7
v -0.2 0.2 -0.7
v -0.2 3 -0.7
v -0.2 3.1 -0.7
v 0.2 0.1 -0.7
v 0.2 0.2 -0.7
v 0.2 3 -0.7
v 0.2 3.1 -0.7
v 0.4 0.2 -0.7
v 0.4 0.3 -0.7
v 0.4 2.9 -0.7
v 0.4 3 -0.7
v 0.6 0.2 -0.7
v 0.6 0.3 -0.7
v 0.6 2.9 -0.7
v 0.6 3 -0.7
v 0.7 0.3 -0.7
v 0.7 0.4 -0.7
v 0.7 2.8 -0.7
v 0.7 2.9 -0.7
v 0.8 0.3 -0.7
v 0.8 0.4 -0.7
v 0.8 0.5 -0.7
v 0.8 2.7 -0.7
v 0.8 2.8 -0.7
v 0.8 2.9 -0.7
v 0.9 0.4 -0.7
v 0.9 0.5 -0.7
v 0.9 0.6 -0.7
v 0.9 2.6 -0.7
v 0.9 2.7 -0.7
v 0.9 2.8 -0.7
v 1 0.5 -0.7
v 1 0.6 -0.7
v 1 0.7 -0.7
v 1 2.5 -0.7
v 1 2.6 -0.7
v 1 2.7 -0.7
v 1.1 0.6 -0.7
v 1.1 0.7 -0.7
v 1.1 0.8 -0.7
v 1.1 2.4 -0.7
v 1.1 2.5 -0.7
v 1.1 2.6 -0.7
v 1.2 0.7 -0.7
v 1.2 0.8 -0.7
v 1.2 0.9 -0.7
v 1.2 2.3 -0.7
v 1.2 2.4 -0.7
v 1.2 2.5 -0.7
v 1.3 0.8 -0.7
v 1.3 0.9 -0.7
v 1.3 1 -0.7
v 1.3 1.2 -0.7
v 1.3 2 -0.7
v 1.3 2.2 -0.7
v 1.3 2.3 -0.7
v 1.3 2.4 -0.7
v 1.4 1 -0.7
v 1.4 1.2 -0.7
v 1.4 1.4 -0.7
v 1.4 1.8 -0.7
v 1.4 2 -0.7
v 1.4 2.2 -0.7
v 1.5 1.4 -0.7
v 1.5 1.8 -0.7
v -1.4 1.2 -0.8
v -1.4 1.5 -0.8
v -1.4 1.7 -0.8
v -1.4 2 -0.8
v -1.3 0.9 -0.8
v -1.3 1.1 -0.8
v -1.3 1.2 -0.8
v -1.3 1.5 -0.8
v -1.3 1.7 -0.8
v -1.3 2 -0.8
v -1.3 2.1 -0.8
v -1.3 2.3 -0.8
v -1.2 0.8 -0.8
v -1.2 0.9 -0.8
v -1.2 1.1 -0.8
v -1.2 2.1 -0.8
v -1.2 2.3 -0.8
v -1.2 2.4 -0.8
v -1.1 0.8 -0.8
v -1.1 0.9 -0.8
v -1.1 2.3 -0.8
v -1.1 2.4 -0.8
v -0.8 0.4 -0.8
v -0.8 0.5 -0.8
v -0.8 2.7 -0.8
v -0.8 2.8 -0.8
v -0.7 0.3 -0.8
v -0.7 0.4 -0.8
v -0.7 0.5 -0.8
v -0.7 2.7 -0.8
v -0.7 2.8 -0.8
v -0.7 2.9 -0.8
v -0.5 0.3 -0.8
v -0.5 0.4 -0.8
v -0.5 2.8 -0.8
v -0.5 2.9 -0.8
v -0.4 0.2 -0.8
v -0.4 0.3 -0.8
v -0.4 2.9 -0.8
v -0.4 3 -0.8
v -0.1 0.2 -0.8
v -0.1 0.3 -0.8
v -0.1 2.9 -0.8
v -0.1 3 -0.8
v 0.1 0.2 -0.8
v 0.1 0.3 -0.8
v 0.1 2.9 -0.8
v 0.1 3 -0.8
v 0.4 0.2 -0.8
v 0.4 0.3 -0.8
v 0.4 2.9 -0.8
v 0.4 3 -0.8
v 0.5 0.3 -0.8
v 0.5 0.4 -0.8
v 0.5 2.8 -0.8
v 0.5 2.9 -0.8
v 0.7 0.3 -0.8
v 0.7 0.4 -0.8
v 0.7 0.5 -0.8
v 0.7 2.7 -0.8
v 0.7 2.8 -0.8
v 0.7 2.9 -0.8
v 0.8 0.4 -0.8
v 0.8 0.5 -0.8
v 0.8 2.7 -0.8
v 0.8 2.8 -0.8
v 1.1 0.8 -0.8
v 1.1 0.9 -0.8
v 1.1 2.3 -0.8
v 1.1 2.4 -0.8
v 1.2 0.8 -0.8
v 1.2 0.9 -0.8
v 1.2 1.1 -0.8
v 1.2 2.1 -0.8
v 1.2 2.3 -0.8
v 1.2 2.4 -0.8
v 1.3 0.9 -0.8
v 1.3 1.1 -0.8
v 1.3 1.2 -0.8
v 1.3 1.5 -0.8
v 1.3 1.7 -0.8
v 1.3 1.8 -0.8
v 1.3 2 -0.8
v 1.3 2.1 -0.8
v 1.3 2.3 -0.8
v 1.4 1.2 -0.8
v 1.4 1.5 -0.8
v 1.4 1.7 -0.8
v 1.4 1.8 -0.8
v 1.4 2 -0.8
v -1.4 1.5 -0.9
v -1.4 1.7 -0.9
v -1.3 1.1 -0.9
v -1.3 1.3 -0.9
v -1.3 1.5 -0.9
v -1.3 1.7 -0.9
v -1.3 1.9 -0.9
v -1.3 2.1 -0.9
v -1.2 0.9 -0.9
v -1.2 1 -0.9
v -1.2 1.1 -0.9
v -1.2 1.3 -0.9
v -1.2 1.9 -0.9
v -1.2 2.1 -0.9
v -1.2 2.2 -0.9
v -1.2 2.3 -0.9
v -1.1 0.7 -0.9
v -1.1 0.9 -0.9
v -1.1 1 -0.9
v -1.1 2.2 -0.9
v -1.1 2.3 -0.9
v -1.1 2.5 -0.9
v -1 0.6 -0.9
v -1 0.7 -0.9
v -1 0.9 -0.9
v -1 2.3 -0.9
v -1 2.5 -0.9
v -1 2.6 -0.9
v -0.9 0.5 -0.9
v -0.9 0.6 -0.9
v -0.9 0.7 -0.9
v -0.9 2.5 -0.9
v -0.9 2.6 -0.9
v -0.9 2.7 -0.9
v -0.7 0.4 -0.9
v -0.7 0.5 -0.9
v -0.7 0.6 -0.9
v -0.7 2.6 -0.9
v -0.7 2.7 -0.9
v -0.7 2.8 -0.9
v -0.6 0.4 -0.9
v -0.6 0.5 -0.9
v -0.6 2.7 -0.9
v -0.6 2.8 -0.9
v -0.5 0.3 -0.9
v -0.5 0.4 -0.9
v -0.5 2.8 -0.9
v -0.5 2.9 -0.9
v -0.3 0.3 -0.9
v -0.3 0.4 -0.9
v -0.3 2.8 -0.9
v -0.3 2.9 -0.9
v -0.1 0.2 -0.9
v -0.1 0.3 -0.9
v -0.1 2.9 -0.9
v -0.1 3 -0.9
v 0.1 0.2 -0.9
v 0.1 0.3 -0.9
v 0.1 2.9 -0.9
v 0.1 3 -0.9
v 0.3 0.3 -0.9
v 0.3 0.4 -0.9
v 0.3 2.8 -0.9
v 0.3 2.9 -0.9
v 0.5 0.3 -0.9
v 0.5 0.4 -0.9
v 0.5 2.8 -0.9
v 0.5 2.9 -0.9
v 0.6 0.4 -0.9
v 0.6 0.5 -0.9
v 0.6 2.7 -0.9
v 0.6 2.8 -0.9
v 0.7 0.4 -0.9
v 0.7 0.5 -0.9
v 0.7 0.6 -0.9
v 0.7 2.6 -0.9
v 0.7 2.7 -0.9
v 0.7 2.8 -0.9
v 0.9 0.5 -0.9
v 0.9 0.6 -0.9
v 0.9 0.7 -0.9
v 0.9 2.5 -0.9
v 0.9 2.6 -0.9
v 0.9 2.7 -0.9
v 1 0.6 -0.9
v 1 0.7 -0.9
v 1 0.9 -0.9
v 1 2.3 -0.9
v 1 2.5 -0.9
v 1 2.6 -0.9
v 1.1 0.7 -0.9
v 1.1 0.9 -0.9
v 1.1 1 -0.9
v 1.1 2.2 -0.9
v 1.1 2.3 -0.9
v 1.1 2.5 -0.9
v 1.2 0.9 -0.9
v 1.2 1 -0.9
v 1.2 1.1 -0.9
v 1.2 1.3 -0.9
v 1.2 1.9 -0.9
v 1.2 2.1 -0.9
v 1.2 2.2 -0.9
v 1.2 2.3 -0.9
v 1.3 1.1 -0.9
v 1.3 1.3 -0.9
v 1.3 1.5 -0.9
v 1.3 1.7 -0.9
v 1.3 1.9 -0.9
v 1.3 2.1 -0.9
v 1.4 1.5 -0.9
v 1.4 1.7 -0.9
v -1.3 1.3 -1
v -1.3 1.5 -1
v -1.3 1.9 -1
v -1.2 1 -1
v -1.2 1.2 -1
v -1.2 1.3 -1
v -1.2 1.5 -1
v -1.2 1.9 -1
v -1.2 2 -1
v -1.2 2.2 -1
v -1.1 0.9 -1
v -1.1 1 -1
v -1.1 1.2 -1
v -1.1 2 -1
v -1.1 2.2 -1
v -1.1 2.3 -1
v -1 0.7 -1
v -1 0.9 -1
v -1 1 -1
v -1 2.2 -1
v -1 2.3 -1
v -1 2.5 -1
v -0.9 0.6 -1
v -0.9 0.7 -1
v -0.9 0.9 -1
v -0.9 2.3 -1
v -0.9 2.5 -1
v -0.9 2.6 -1
v -0.7 0.5 -1
v -0.7 0.6 -1
v -0.7 0.7 -1
v -0.7 2.5 -1
v -0.7 2.6 -1
v -0.7 2.7 -1
v -0.6 0.4 -1
v -0.6 0.5 -1
v -0.6 0.6 -1
v -0.6 2.6 -1
v -0.6 2.7 -1
v -0.6 2.8 -1
v -0.4 0.4 -1
v -0.4 0.5 -1
v -0.4 2.7 -1
v -0.4 2.8 -1
v -0.3 0.3 -1
v -0.3 0.4 -1
v -0.3 2.8 -1
v -0.3 2.9 -1
v 0.3 0.3 -1
v 0.3 0.4 -1
v 0.3 2.8 -1
v 0.3 2.9 -1
v 0.4 0.4 -1
v 0.4 0.5 -1
v 0.4 2.7 -1
v 0.4 2.8 -1
v 0.6 0.4 -1
v 0.6 0.5 -1
v 0.6 0.6 -1
v 0.6 2.6 -1
v 0.6 2.7 -1
v 0.6 2.8 -1
v 0.7 0.5 -1
v 0.7 0.6 -1
v 0.7 0.7 -1
v 0.7 2.5 -1
v 0.7 2.6 -1
v 0.7 2.7 -1
v 0.9 0.6 -1
v 0.9 0.7 -1
v 0.9 0.9 -1
v 0.9 2.3 -1
v 0.9 2.5 -1
v 0.9 2.6 -1
v 1 0.7 -1
v 1 0.9 -1
v 1 1 -1
v 1 2.2 -1
v 1 2.3 -1
v 1 2.5 -1
v 1.1 0.9 -1
v 1.1 1 -1
v 1.1 1.2 -1
v 1.1 2 -1
v 1.1 2.2 -1
v 1.1 2.3 -1
v 1.2 1 -1
v 1.2 1.2 -1
v 1.2 1.3 -1
v 1.2 1.9 -1
v 1.2 2 -1
v 1.2 2.2 -1
v 1.3 1.3 -1
v 1.3 1.9 -1
v -1.2 1.2 -1.1
v -1.2 2 -1.1
v -1.1 1 -1.1
v -1.1 1.2 -1.1
v -1.1 2 -1.1
v -1.1 2.2 -1.1
v -1 0.9 -1.1
v -1 1 -1.1
v -1 1.2 -1.1
v -1 2 -1.1
v -1 2.2 -1.1
v -1 2.3 -1.1
v -0.9 0.7 -1.1
v -0.9 0.9 -1.1
v -0.9 1 -1.1
v -0.9 2.2 -1.1
v -0.9 2.3 -1.1
v -0.9 2.5 -1.1
v -0.8 0.8 -1.1
v -0.8 0.9 -1.1
v -0.8 2.3 -1.1
v -0.8 2.4 -1.1
v -0.7 0.6 -1.1
v -0.7 0.7 -1.1
v -0.7 0.8 -1.1
v -0.7 2.4 -1.1
v -0.7 2.5 -1.1
v -0.7 2.6 -1.1
v -0.6 0.5 -1.1
v -0.6 0.6 -1.1
v -0.6 0.7 -1.1
v -0.6 2.5 -1.1
v -0.6 2.6 -1.1
v -0.6 2.7 -1.1
v -0.4 0.4 -1.1
v -0.4 0.5 -1.1
v -0.4 0.6 -1.1
v -0.4 2.6 -1.1
v -0.4 2.7 -1.1
v -0.4 2.8 -1.1
v 0.4 0.4 -1.1
v 0.4 0.5 -1.1
v 0.4 0.6 -1.1
v 0.4 2.6 -1.1
v 0.4 2.7 -1.1
v 0.4 2.8 -1.1
v 0.6 0.5 -1.1
v 0.6 0.6 -1.1
v 0.6 0.7 -1.1
v 0.6 2.5 -1.1
v 0.6 2.6 -1.1
v 0.6 2.7 -1.1
v 0.7 0.6 -1.1
v 0.7 0.7 -1.1
v 0.7 0.8 -1.1
v 0.7 2.4 -1.1
v 0.7 2.5 -1.1
v 0.7 2.6 -1.1
v 0.8 0.8 -1.1
v 0.8 0.9 -1.1
v 0.8 2.3 -1.1
v 0.8 2.4 -1.1
v 0.9 0.7 -1.1
v 0.9 0.9 -1.1
v 0.9 1 -1.1
v 0.9 2.2 -1.1
v 0.9 2.3 -1.1
v 0.9 2.5 -1.1
v 1 0.9 -1.1
v 1 1 -1.1
v 1 1.2 -1.1
v 1 2 -1.1
v 1 2.2 -1.1
v 1 2.3 -1.1
v 1.1 1 -1.1
v 1.1 1.2 -1.1
v 1.1 2 -1.1
v 1.1 2.2 -1.1
v 1.2 1.2 -1.1
v 1.2 2 -1.1
v -1.1 1.2 -1.2
v -1.1 2 -1.2
v -1 1 -1.2
v -1 1.2 -1.2
v -1 1.3 -1.2
v -1 1.9 -1.2
v -1 2 -1.2
v -1 2.2 -1.2
v -0.9 0.9 -1.2
v -0.9 1 -1.2
v -0.9 1.1 -1.2
v -0.9 1.3 -1.2
v -0.9 1.9 -1.2
v -0.9 2.1 -1.2
v -0.9 2.2 -1.2
v -0.9 2.3 -1.2
v -0.8 0.8 -1.2
v -0.8 0.9 -1.2
v -0.8 1.1 -1.2
v -0.8 2.1 -1.2
v -0.8 2.3 -1.2
v -0.8 2.4 -1.2
v -0.7 0.7 -1.2
v -0.7 0.8 -1.2
v -0.7 0.9 -1.2
v -0.7 2.3 -1.2
v -0.7 2.4 -1.2
v -0.7 2.5 -1.2
v -0.6 0.6 -1.2
v -0.6 0.7 -1.2
v -0.6 2.5 -1.2
v -0.6 2.6 -1.2
v -0.5 0.7 -1.2
v -0.5 0.8 -1.2
v -0.5 2.4 -1.2
v -0.5 2.5 -1.2
v -0.4 0.5 -1.2
v -0.4 0.6 -1.2
v -0.4 2.6 -1.2
v -0.4 2.7 -1.2
v -0.3 0.6 -1.2
v -0.3 0.7 -1.2
v -0.3 2.5 -1.2
v -0.3 2.6 -1.2
v 0.3 0.6 -1.2
v 0.3 0.7 -1.2
v 0.3 2.5 -1.2
v 0.3 2.6 -1.2
v 0.4 0.5 -1.2
v 0.4 0.6 -1.2
v 0.4 2.6 -1.2
v 0.4 2.7 -1.2
v 0.5 0.7 -1.2
v 0.5 0.8 -1.2
v 0.5 2.4 -1.2
v 0.5 2.5 -1.2
v 0.6 0.6 -1.2
v 0.6 0.7 -1.2
v 0.6 2.5 -1.2
v 0.6 2.6 -1.2
v 0.7 0.7 -1.2
v 0.7 0.8 -1.2
v 0.7 0.9 -1.2
v 0.7 2.3 -1.2
v 0.7 2.4 -1.2
v 0.7 2.5 -1.2
v 0.8 0.8 -1.2
v 0.8 0.9 -1.2
v 0.8 1.1 -1.2
v 0.8 2.1 -1.2
v 0.8 2.3 -1.2
v 0.8 2.4 -1.2
v 0.9 0.9 -1.2
v 0.9 1 -1.2
v 0.9 1.1 -1.2
v 0.9 1.3 -1.2
v 0.9 1.9 -1.2
v 0.9 2.1 -1.2
v 0.9 2.2 -1.2
v 0.9 2.3 -1.2
v 1 1 -1.2
v 1 1.2 -1.2
v 1 1.3 -1.2
v 1 1.9 -1.2
v 1 2 -1.2
v 1 2.2 -1.2
v 1.1 1.2 -1.2
v 1.1 2 -1.2
v -1 1.3 -1.3
v -1 1.9 -1.3
v -0.9 1.1 -1.3
v -0.9 1.3 -1.3
v -0.9 1.5 -1.3
v -0.9 1.7 -1.3
v -0.9 1.9 -1.3
v -0.9 2.1 -1.3
v -0.8 0.9 -1.3
v -0.8 1.1 -1.3
v -0.8 1.2 -1.3
v -0.8 1.5 -1.3
v -0.8 1.7 -1.3
v -0.8 2 -1.3
v -0.8 2.1 -1.3
v -0.8 2.3 -1.3
v -0.7 0.8 -1.3
v -0.7 0.9 -1.3
v -0.7 1 -1.3
v -0.7 1.2 -1.3
v -0.7 2 -1.3
v -0.7 2.2 -1.3
v -0.7 2.3 -1.3
v -0.7 2.4 -1.3
v -0.6 0.9 -1.3
v -0.6 1 -1.3
v -0.6 2.2 -1.3
v -0.6 2.3 -1.3
v -0.5 0.7 -1.3
v -0.5 0.8 -1.3
v -0.5 2.4 -1.3
v -0.5 2.5 -1.3
v -0.4 0.8 -1.3
v -0.4 0.9 -1.3
v -0.4 2.3 -1.3
v -0.4 2.4 -1.3
v -0.3 0.6 -1.3
v -0.3 0.7 -1.3
v -0.3 2.5 -1.3
v -0.3 2.6 -1.3
v -0.1 0.7 -1.3
v -0.1 0.8 -1.3
v -0.1 2.4 -1.3
v -0.1 2.5 -1.3
v 0.1 0.7 -1.3
v 0.1 0.8 -1.3
v 0.1 2.4 -1.3
v 0.1 2.5 -1.3
v 0.3 0.6 -1.3
v 0.3 0.7 -1.3
v 0.3 2.5 -1.3
v 0.3 2.6 -1.3
v 0.4 0.8 -1.3
v 0.4 0.9 -1.3
v 0.4 2.3 -1.3
v 0.4 2.4 -1.3
v 0.5 0.7 -1.3
v 0.5 0.8 -1.3
v 0.5 2.4 -1.3
v 0.5 2.5 -1.3
v 0.6 0.9 -1.3
v 0.6 1 -1.3
v 0.6 2.2 -1.3
v 0.6 2.3 -1.3
v 0.7 0.8 -1.3
v 0.7 0.9 -1.3
v 0.7 1 -1.3
v 0.7 1.2 -1.3
v 0.7 2 -1.3
v 0.7 2.2 -1.3
v 0.7 2.3 -1.3
v 0.7 2.4 -1.3
v 0.8 0.9 -1.3
v 0.8 1.1 -1.3
v 0.8 1.2 -1.3
v 0.8 1.5 -1.3
v 0.8 1.7 -1.3
v 0.8 2 -1.3
v 0.8 2.1 -1.3
v 0.8 2.3 -1.3
v 0.9 1.1 -1.3
v 0.9 1.3 -1.3
v 0.9 1.5 -1.3
v 0.9 1.7 -1.3
v 0.9 1.9 -1.3
v 0.9 2.1 -1.3
v 1 1.3 -1.3
v 1 1.9 -1.3
v -0.9 1.5 -1.4
v -0.9 1.7 -1.4
v -0.8 1.2 -1.4
v -0.8 1.5 -1.4
v -0.8 1.7 -1.4
v -0.8 2 -1.4
v -0.7 1 -1.4
v -0.7 1.2 -1.4
v -0.7 1.4 -1.4
v -0.7 1.8 -1.4
v -0.7 2 -1.4
v -0.7 2.2 -1.4
v -0.6 0.9 -1.4
v -0.6 1 -1.4
v -0.6 1.2 -1.4
v -0.6 1.4 -1.4
v -0.6 1.8 -1.4
v -0.6 2 -1.4
v -0.6 2.2 -1.4
v -0.6 2.3 -1.4
v -0.5 1.1 -1.4
v -0.5 1.2 -1.4
v -0.5 2 -1.4
v -0.5 2.1 -1.4
v -0.4 0.8 -1.4
v -0.4 0.9 -1.4
v -0.4 1 -1.4
v -0.4 1.1 -1.4
v -0.4 2.1 -1.4
v -0.4 2.2 -1.4
v -0.4 2.3 -1.4
v -0.4 2.4 -1.4
v -0.2 0.9 -1.4
v -0.2 1 -1.4
v -0.2 2.2 -1.4
v -0.2 2.3 -1.4
v -0.1 0.7 -1.4
v -0.1 0.8 -1.4
v -0.1 2.4 -1.4
v -0.1 2.5 -1.4
v 0.1 0.7 -1.4
v 0.1 0.8 -1.4
v 0.1 2.4 -1.4
v 0.1 2.5 -1.4
v 0.2 0.9 -1.4
v 0.2 1 -1.4
v 0.2 2.2 -1.4
v 0.2 2.3 -1.4
v 0.4 0.8 -1.4
v 0.4 0.9 -1.4
v 0.4 1 -1.4
v 0.4 1.1 -1.4
v 0.4 2.1 -1.4
v 0.4 2.2 -1.4
v 0.4 2.3 -1.4
v 0.4 2.4 -1.4
v 0.5 1.1 -1.4
v 0.5 1.2 -1.4
v 0.5 2 -1.4
v 0.5 2.1 -1.4
v 0.6 0.9 -1.4
v 0.6 1 -1.4
v 0.6 1.2 -1.4
v 0.6 1.4 -1.4
v 0.6 1.8 -1.4
v 0.6 2 -1.4
v 0.6 2.2 -1.4
v 0.6 2.3 -1.4
v 0.7 1 -1.4
v 0.7 1.2 -1.4
v 0.7 1.4 -1.4
v 0.7 1.8 -1.4
v 0.7 2 -1.4
v 0.7 2.2 -1.4
v 0.8 1.2 -1.4
v 0.8 1.5 -1.4
v 0.8 1.7 -1.4
v 0.8 2 -1.4
v 0.9 1.5 -1.4
v 0.9 1.7 -1.4
v -0.7 1.4 -1.5
v -0.7 1.8 -1.5
v -0.6 1.2 -1.5
v -0.6 1.4 -1.5
v -0.6 1.8 -1.5
v -0.6 2 -1.5
v -0.5 1.1 -1.5
v -0.5 1.2 -1.5
v -0.5 2 -1.5
v -0.5 2.1 -1.5
v -0.4 1 -1.5
v -0.4 1.1 -1.5
v -0.4 1.4 -1.5
v -0.4 1.8 -1.5
v -0.4 2.1 -1.5
v -0.4 2.2 -1.5
v -0.3 1.3 -1.5
v -0.3 1.4 -1.5
v -0.3 1.8 -1.5
v -0.3 1.9 -1.5
v -0.2 0.9 -1.5
v -0.2 1 -1.5
v -0.2 1.2 -1.5
v -0.2 1.3 -1.5
v -0.2 1.9 -1.5
v -0.2 2 -1.5
v -0.2 2.2 -1.5
v -0.2 2.3 -1.5
v 0.2 0.9 -1.5
v 0.2 1 -1.5
v 0.2 1.2 -1.5
v 0.2 1.3 -1.5
v 0.2 1.9 -1.5
v 0.2 2 -1.5
v 0.2 2.2 -1.5
v 0.2 2.3 -1.5
v 0.3 1.3 -1.5
v 0.3 1.4 -1.5
v 0.3 1.8 -1.5
v 0.3 1.9 -1.5
v 0.4 1 -1.5
v 0.4 1.1 -1.5
v 0.4 1.4 -1.5
v 0.4 1.8 -1.5
v 0.4 2.1 -1.5
v 0.4 2.2 -1.5
v 0.5 1.1 -1.5
v 0.5 1.2 -1.5
v 0.5 2 -1.5
v 0.5 2.1 -1.5
v 0.6 1.2 -1.5
v 0.6 1.4 -1.5
v 0.6 1.8 -1.5
v 0.6 2 -1.5
v 0.7 1.4 -1.5
v 0.7 1.8 -1.5
v -0.4 1.4 -1.6
v -0.4 1.8 -1.6
v -0.3 1.3 -1.6
v -0.3 1.4 -1.6
v -0.3 1.8 -1.6
v -0.3 1.9 -1.6
v -0.2 1.2 -1.6
v -0.2 1.3 -1.6
v -0.2 1.9 -1.6
v -0.2 2 -1.6
v 0.2 1.2 -1.6
v 0.2 1.3 -1.6
v 0.2 1.9 -1.6
v 0.2 2 -1.6
v 0.3 1.3 -1.6
v 0.3 1.4 -1.6
v 0.3 1.8 -1.6
v 0.3 1.9 -1.6
v 0.4 1.4 -1.6
v 0.4 1.8 -1.6
v -0.2 0 0.4
v 0.2 0 0.4
v -0.3 0 0.3
v -0.2 0 0.3
v 0.2 0 0.3
v 0.3 0 0.3
v -0.4 0 0.2
v -0.3 0 0.2
v 0.3 0 0.2
v 0.4 0 0.2
v -0.4 0 -0.2
v -0.3 0 -0.2
v 0.3 0 -0.2
v 0.4 0 -0.2
v -0.3 0 -0.3
v -0.2 0 -0.3
v 0.2 0 -0.3
v 0.3 0 -0.3
v -0.2 0 -0.4
v 0.2 0 -0.4
v -0.2 0.1 0.7
v 0.2 0.1 0.7
v -0.4 0.1 0.6
v -0.2 0.1 0.6
v 0.2 0.1 0.6
v 0.4 0.1 0.6
v -0.5 0.1 0.5
v -0.4 0.1 0.5
v 0.4 0.1 0.5
v 0.5 0.1 0.5
v -0.6 0.1 0.4
v -0.5 0.1 0.4
v -0.2 0.1 0.4
v 0.2 0.1 0.4
v 0.5 0.1 0.4
v 0.6 0.1 0.4
v -0.3 0.1 0.3
v -0.2 0.1 0.3
v 0.2 0.1 0.3
v 0.3 0.1 0.3
v -0.7 0.1 0.2
v -0.6 0.1 0.2
v -0.4 0.1 0.2
v -0.3 0.1 0.2
v 0.3 0.1 0.2
v 0.4 0.1 0.2
v 0.6 0.1 0.2
v 0.7 0.1 0.2
v -0.7 0.1 -0.2
v -0.6 0.1 -0.2
v -0.4 0.1 -0.2
v -0.3 0.1 -0.2
v 0.3 0.1 -0.2
v 0.4 0.1 -0.2
v 0.6 0.1 -0.2
v 0.7 0.1 -0.2
v -0.3 0.1 -0.3
v -0.2 0.1 -0.3
v 0.2 0.1 -0.3
v 0.3 0.1 -0.3
v -0.6 0.1 -0.4
v -0.5 0.1 -0.4
v -0.2 0.1 -0.4
v 0.2 0.1 -0.4
v 0.5 0.1 -0.4
v 0.6 0.1 -0.4
v -0.5 0.1 -0.5
v -0.4 0.1 -0.5
v 0.4 0.1 -0.5
v 0.5 0.1 -0.5
v -0.4 0.1 -0.6
v -0.2 0.1 -0.6
v 0.2 0.1 -0.6
v 0.4 0.1 -0.6
v -0.2 0.1 -0.7
v 0.2 0.1 -0.7
v -0.1 0.2 0.9
v 0.1 0.2 0.9
v -0.4 0.2 0.8
v -0.1 0.2 0.8
v 0.1 0.2 0.8
v 0.4 0.2 0.8
v -0.6 0.2 0.7
v -0.4 0.2 0.7
v -0.2 0.2 0.7
v 0.2 0.2 0.7
v 0.4 0.2 0.7
v 0.6 0.2 0.7
v -0.7 0.2 0.6
v -0.6 0.2 0.6
v -0.4 0.2 0.6
v -0.2 0.2 0.6
v 0.2 0.2 0.6
v 0.4 0.2 0.6
v 0.6 0.2 0.6
v 0.7 0.2 0.6
v -0.5 0.2 0.5
v -0.4 0.2 0.5
v 0.4 0.2 0.5
v 0.5 0.2 0.5
v 0.6 0.2 0.5
v 0.7 0.2 0.5
v -0.8 0.2 0.4
v -0.7 0.2 0.4
v -0.6 0.2 0.4
v -0.5 0.2 0.4
v 0.5 0.2 0.4
v 0.6 0.2 0.4
v 0.7 0.2 0.4
v 0.8 0.2 0.4
v -0.7 0.2 0.2
v -0.6 0.2 0.2
v 0.6 0.2 0.2
v 0.7 0.2 0.2
v 0.8 0.2 0.2
v -0.9 0.2 0.1
v -0.8 0.2 0.1
v 0.8 0.2 0.1
v 0.9 0.2 0.1
v -0.9 0.2 -0.1
v -0.8 0.2 -0.1
v 0.8 0.2 -0.1
v 0.9 0.2 -0.1
v -0.7 0.2 -0.2
v -0.6 0.2 -0.2
v 0.6 0.2 -0.2
v 0.7 0.2 -0.2
v -0.8 0.2 -0.4
v -0.7 0.2 -0.4
v -0.6 0.2 -0.4
v -0.5 0.2 -0.4
v 0.5 0.2 -0.4
v 0.6 0.2 -0.4
v 0.7 0.2 -0.4
v 0.8 0.2 -0.4
v -0.5 0.2 -0.5
v -0.4 0.2 -0.5
v 0.4 0.2 -0.5
v 0.5 0.2 -0.5
v -0.7 0.2 -0.6
v -0.6 0.2 -0.6
v -0.4 0.2 -0.6
v -0.2 0.2 -0.6
v 0.2 0.2 -0.6
v 0.4 0.2 -0.6
v 0.6 0.2 -0.6
v 0.7 0.2 -0.6
v -0.6 0.2 -0.7
v -0.4 0.2 -0.7
v -0.2 0.2 -0.7
v 0.2 0.2 -0.7
v 0.4 0.2 -0.7
v 0.6 0.2 -0.7
v -0.4 0.2 -0.8
v -0.1 0.2 -0.8
v 0.1 0.2 -0.8
v 0.4 0.2 -0.8
v -0.1 0.2 -0.9
v 0.1 0.2 -0.9
v -0.3 0.3 1
v 0.3 0.3 1
v -0.5 0.3 0.9
v -0.3 0.3 0.9
v -0.1 0.3 0.9
v 0.1 0.3 0.9
v 0.3 0.3 0.9
v 0.5 0.3 0.9
v -0.7 0.3 0.8
v -0.5 0.3 0.8
v -0.4 0.3 0.8
v -0.1 0.3 0.8
v 0.1 0.3 0.8
v 0.4 0.3 0.8
v 0.5 0.3 0.8
v 0.7 0.3 0.8
v -0.8 0.3 0.7
v -0.7 0.3 0.7
v -0.6 0.3 0.7
v -0.4 0.3 0.7
v 0.4 0.3 0.7
v 0.6 0.3 0.7
v 0.7 0.3 0.7
v 0.8 0.3 0.7
v -0.7 0.3 0.6
v -0.6 0.3 0.6
v 0.6 0.3 0.6
v 0.7 0.3 0.6
v -0.9 0.3 0.5
v -0.8 0.3 0.5
v 0.7 0.3 0.5
v 0.8 0.3 0.5
v 0.9 0.3 0.5
v -0.8 0.3 0.4
v -0.7 0.3 0.4
v 0.7 0.3 0.4
v 0.8 0.3 0.4
v -1 0.3 0.3
v -0.9 0.3 0.3
v 0.9 0.3 0.3
v 1 0.3 0.3
v 0.8 0.3 0.2
v 0.9 0.3 0.2
v -0.9 0.3 0.1
v -0.8 0.3 0.1
v 0.8 0.3 0.1
v 0.9 0.3 0.1
v 0.9 0.3 0
v 1 0.3 0
v -0.9 0.3 -0.1
v -0.8 0.3 -0.1
v 0.8 0.3 -0.1
v 0.9 0.3 -0.1
v -1 0.3 -0.3
v -0.9 0.3 -0.3
v 0.9 0.3 -0.3
v 1 0.3 -0.3
v -0.8 0.3 -0.4
v -0.7 0.3 -0.4
v 0.7 0.3 -0.4
v 0.8 0.3 -0.4
v -0.9 0.3 -0.5
v -0.8 0.3 -0.5
v 0.8 0.3 -0.5
v 0.9 0.3 -0.5
v -0.7 0.3 -0.6
v -0.6 0.3 -0.6
v 0.6 0.3 -0.6
v 0.7 0.3 -0.6
v -0.8 0.3 -0.7
v -0.7 0.3 -0.7
v -0.6 0.3 -0.7
v -0.4 0.3 -0.7
v 0.4 0.3 -0.7
v 0.6 0.3 -0.7
v 0.7 0.3 -0.7
v 0.8 0.3 -0.7
v -0.7 0.3 -0.8
v -0.5 0.3 -0.8
v -0.4 0.3 -0.8
v -0.1 0.3 -0.8
v 0.1 0.3 -0.8
v 0.4 0.3 -0.8
v 0.5 0.3 -0.8
v 0.7 0.3 -0.8
v -0.5 0.3 -0.9
v -0.3 0.3 -0.9
v -0.1 0.3 -0.9
v 0.1 0.3 -0.9
v 0.3 0.3 -0.9
v 0.5 0.3 -0.9
v -0.3 0.3 -1
v 0.3 0.3 -1
v -0.4 0.4 1.1
v 0.4 0.4 1.1
v -0.6 0.4 1
v -0.4 0.4 1
v -0.3 0.4 1
v 0.3 0.4 1
v 0.4 0.4 1
v 0.6 0.4 1
v -0.7 0.4 0.9
v -0.6 0.4 0.9
v -0.5 0.4 0.9
v -0.3 0.4 0.9
v 0.3 0.4 0.9
v 0.5 0.4 0.9
v 0.6 0.4 0.9
v 0.7 0.4 0.9
v -0.8 0.4 0.8
v -0.7 0.4 0.8
v -0.5 0.4 0.8
v 0.5 0.4 0.8
v 0.7 0.4 0.8
v 0.8 0.4 0.8
v -0.9 0.4 0.7
v -0.8 0.4 0.7
v -0.7 0.4 0.7
v 0.7 0.4 0.7
v 0.8 0.4 0.7
v 0.9 0.4 0.7
v -1 0.4 0.6
v -0.9 0.4 0.6
v 0.9 0.4 0.6
v 1 0.4 0.6
v -0.9 0.4 0.5
v -0.8 0.4 0.5
v 0.8 0.4 0.5
v 0.9 0.4 0.5
v -1.1 0.4 0.4
v -1 0.4 0.4
v 1 0.4 0.4
v 1.1 0.4 0.4
v -1 0.4 0.3
v -0.9 0.4 0.3
v 0.9 0.4 0.3
v 1 0.4 0.3
v 1 0.4 0
v 1.1 0.4 0
v -1 0.4 -0.3
v -0.9 0.4 -0.3
v 0.9 0.4 -0.3
v 1 0.4 -0.3
v -1.1 0.4 -0.4
v -1 0.4 -0.4
v 1 0.4 -0.4
v 1.1 0.4 -0.4
v -0.9 0.4 -0.5
v -0.8 0.4 -0.5
v 0.8 0.4 -0.5
v 0.9 0.4 -0.5
v -1 0.4 -0.6
v -0.9 0.4 -0.6
v 0.9 0.4 -0.6
v 1 0.4 -0.6
v -0.9 0.4 -0.7
v -0.8 0.4 -0.7
v -0.7 0.4 -0.7
v 0.7 0.4 -0.7
v 0.8 0.4 -0.7
v 0.9 0.4 -0.7
v -0.8 0.4 -0.8
v -0.7 0.4 -0.8
v -0.5 0.4 -0.8
v 0.5 0.4 -0.8
v 0.7 0.4 -0.8
v 0.8 0.4 -0.8
v -0.7 0.4 -0.9
v -0.6 0.4 -0.9
v -0.5 0.4 -0.9
v -0.3 0.4 -0.9
v 0.3 0.4 -0.9
v 0.5 0.4 -0.9
v 0.6 0.4 -0.9
v 0.7 0.4 -0.9
v -0.6 0.4 -1
v -0.4 0.4 -1
v -0.3 0.4 -1
v 0.3 0.4 -1
v 0.4 0.4 -1
v 0.6 0.4 -1
v -0.4 0.4 -1.1
v 0.4 0.4 -1.1
v -0.4 0.5 1.2
v 0.4 0.5 1.2
v -0.6 0.5 1.1
v -0.4 0.5 1.1
v 0.4 0.5 1.1
v 0.6 0.5 1.1
v -0.7 0.5 1
v -0.6 0.5 1
v -0.4 0.5 1
v 0.4 0.5 1
v 0.6 0.5 1
v 0.7 0.5 1
v -0.9 0.5 0.9
v -0.7 0.5 0.9
v -0.6 0.5 0.9
v 0.6 0.5 0.9
v 0.7 0.5 0.9
v 0.9 0.5 0.9
v -0.8 0.5 0.8
v -0.7 0.5 0.8
v 0.7 0.5 0.8
v 0.8 0.5 0.8
v -1 0.5 0.7
v -0.9 0.5 0.7
v -0.8 0.5 0.7
v 0.8 0.5 0.7
v 0.9 0.5 0.7
v 1 0.5 0.7
v -1.1 0.5 0.6
v -1 0.5 0.6
v -0.9 0.5 0.6
v 0.9 0.5 0.6
v 1 0.5 0.6
v 1.1 0.5 0.6
v -1.2 0.5 0.4
v -1.1 0.5 0.4
v -1 0.5 0.4
v 1 0.5 0.4
v 1.1 0.5 0.4
v 1.2 0.5 0.4
v -1.2 0.5 0.2
v -1.1 0.5 0.2
v 1.1 0.5 0
v 1.2 0.5 0
v -1.2 0.5 -0.4
v -1.1 0.5 -0.4
v -1 0.5 -0.4
v 1 0.5 -0.4
v 1.1 0.5 -0.4
v 1.2 0.5 -0.4
v -1.1 0.5 -0.6
v -1 0.5 -0.6
v -0.9 0.5 -0.6
v 0.9 0.5 -0.6
v 1 0.5 -0.6
v 1.1 0.5 -0.6
v -1 0.5 -0.7
v -0.9 0.5 -0.7
v -0.8 0.5 -0.7
v 0.8 0.5 -0.7
v 0.9 0.5 -0.7
v 1 0.5 -0.7
v -0.8 0.5 -0.8
v -0.7 0.5 -0.8
v 0.7 0.5 -0.8
v 0.8 0.5 -0.8
v -0.9 0.5 -0.9
v -0.7 0.5 -0.9
v -0.6 0.5 -0.9
v 0.6 0.5 -0.9
v 0.7 0.5 -0.9
v 0.9 0.5 -0.9
v -0.7 0.5 -1
v -0.6 0.5 -1
v -0.4 0.5 -1
v 0.4 0.5 -1
v 0.6 0.5 -1
v 0.7 0.5 -1
v -0.6 0.5 -1.1
v -0.4 0.5 -1.1
v 0.4 0.5 -1.1
v 0.6 0.5 -1.1
v -0.4 0.5 -1.2
v 0.4 0.5 -1.2
v -0.3 0.6 1.3
v -0.1 0.6 1.3
v 0.3 0.6 1.3
v -0.6 0.6 1.2
v -0.4 0.6 1.2
v -0.3 0.6 1.2
v -0.1 0.6 1.2
v 0.3 0.6 1.2
v 0.4 0.6 1.2
v 0.6 0.6 1.2
v -0.7 0.6 1.1
v -0.6 0.6 1.1
v -0.4 0.6 1.1
v 0.4 0.6 1.1
v 0.6 0.6 1.1
v 0.7 0.6 1.1
v -0.9 0.6 1
v -0.7 0.6 1
v -0.6 0.6 1
v 0.6 0.6 1
v 0.7 0.6 1
v 0.9 0.6 1
v -1 0.6 0.9
v -0.9 0.6 0.9
v -0.7 0.6 0.9
v 0.7 0.6 0.9
v 0.9 0.6 0.9
v 1 0.6 0.9
v -1.1 0.6 0.7
v -1 0.6 0.7
v -0.9 0.6 0.7
v 0.9 0.6 0.7
v 1 0.6 0.7
v 1.1 0.6 0.7
v -1.2 0.6 0.6
v -1.1 0.6 0.6
v -1 0.6 0.6
v 1 0.6 0.6
v 1.1 0.6 0.6
v 1.2 0.6 0.6
v -1.2 0.6 0.4
v -1.1 0.6 0.4
v 1.1 0.6 0.4
v 1.2 0.6 0.4
v -1.3 0.6 0.3
v -1.2 0.6 0.3
v 1.2 0.6 0.3
v 1.3 0.6 0.3
v -1.3 0.6 0.2
v -1.2 0.6 0.2
v 1.2 0.6 0
v 1.2 0.6 -0.2
v 1.3 0.6 -0.2
v -1.3 0.6 -0.3
v -1.2 0.6 -0.3
v 1.2 0.6 -0.3
v 1.3 0.6 -0.3
v -1.2 0.6 -0.4
v -1.1 0.6 -0.4
v 1.1 0.6 -0.4
v 1.2 0.6 -0.4
v -1.2 0.6 -0.6
v -1.1 0.6 -0.6
v -1 0.6 -0.6
v 1 0.6 -0.6
v 1.1 0.6 -0.6
v 1.2 0.6 -0.6
v -1.1 0.6 -0.7
v -1 0.6 -0.7
v -0.9 0.6 -0.7
v 0.9 0.6 -0.7
v 1 0.6 -0.7
v 1.1 0.6 -0.7
v -1 0.6 -0.9
v -0.9 0.6 -0.9
v -0.7 0.6 -0.9
v 0.7 0.6 -0.9
v 0.9 0.6 -0.9
v 1 0.6 -0.9
v -0.9 0.6 -1
v -0.7 0.6 -1
v -0.6 0.6 -1
v 0.6 0.6 -1
v 0.7 0.6 -1
v 0.9 0.6 -1
v -0.7 0.6 -1.1
v -0.6 0.6 -1.1
v -0.4 0.6 -1.1
v 0.4 0.6 -1.1
v 0.6 0.6 -1.1
v 0.7 0.6 -1.1
v -0.6 0.6 -1.2
v -0.4 0.6 -1.2
v -0.3 0.6 -1.2
v 0.3 0.6 -1.2
v 0.4 0.6 -1.2
v 0.6 0.6 -1.2
v -0.3 0.6 -1.3
v 0.3 0.6 -1.3
v -0.1 0.7 1.4
v 0.1 0.7 1.4
v -0.5 0.7 1.3
v -0.4 0.7 1.3
v -0.3 0.7 1.3
v -0.1 0.7 1.3
v 0.1 0.7 1.3
v 0.3 0.7 1.3
v 0.5 0.7 1.3
v -0.7 0.7 1.2
v -0.6 0.7 1.2
v -0.5 0.7 1.2
v -0.4 0.7 1.2
v -0.3 0.7 1.2
v 0.3 0.7 1.2
v 0.5 0.7 1.2
v 0.6 0.7 1.2
v 0.7 0.7 1.2
v -0.9 0.7 1.1
v -0.7 0.7 1.1
v -0.6 0.7 1.1
v 0.6 0.7 1.1
v 0.7 0.7 1.1
v 0.9 0.7 1.1
v -1 0.7 1
v -0.9 0.7 1
v -0.7 0.7 1
v 0.7 0.7 1
v 0.9 0.7 1
v 1 0.7 1
v -1.1 0.7 0.9
v -1 0.7 0.9
v -0.9 0.7 0.9
v 0.9 0.7 0.9
v 1 0.7 0.9
v 1.1 0.7 0.9
v -1.2 0.7 0.7
v -1.1 0.7 0.7
v -1 0.7 0.7
v 1 0.7 0.7
v 1.1 0.7 0.7
v 1.2 0.7 0.7
v -1.2 0.7 0.6
v -1.1 0.7 0.6
v 1.1 0.7 0.6
v 1.2 0.7 0.6
v -1.3 0.7 0.5
v -1.2 0.7 0.5
v 1.2 0.7 0.5
v 1.3 0.7 0.5
v -1.3 0.7 0.3
v -1.2 0.7 0.3
v 1.2 0.7 0.3
v 1.3 0.7 0.3
v -1.4 0.7 0.1
v -1.3 0.7 0.1
v 1.3 0.7 0.1
v 1.4 0.7 0.1
v -1.4 0.7 -0.1
v -1.3 0.7 -0.1
v 1.3 0.7 -0.1
v 1.4 0.7 -0.1
v -1.3 0.7 -0.3
v -1.2 0.7 -0.3
v 1.2 0.7 -0.3
v 1.3 0.7 -0.3
v -1.3 0.7 -0.5
v -1.2 0.7 -0.5
v 1.2 0.7 -0.5
v 1.3 0.7 -0.5
v -1.2 0.7 -0.6
v -1.1 0.7 -0.6
v 1.1 0.7 -0.6
v 1.2 0.7 -0.6
v -1.2 0.7 -0.7
v -1.1 0.7 -0.7
v -1 0.7 -0.7
v 1 0.7 -0.7
v 1.1 0.7 -0.7
v 1.2 0.7 -0.7
v -1.1 0.7 -0.9
v -1 0.7 -0.9
v -0.9 0.7 -0.9
v 0.9 0.7 -0.9
v 1 0.7 -0.9
v 1.1 0.7 -0.9
v -1 0.7 -1
v -0.9 0.7 -1
v -0.7 0.7 -1
v 0.7 0.7 -1
v 0.9 0.7 -1
v 1 0.7 -1
v -0.9 0.7 -1.1
v -0.7 0.7 -1.1
v -0.6 0.7 -1.1
v 0.6 0.7 -1.1
v 0.7 0.7 -1.1
v 0.9 0.7 -1.1
v -0.7 0.7 -1.2
v -0.6 0.7 -1.2
v -0.5 0.7 -1.2
v -0.3 0.7 -1.2
v 0.3 0.7 -1.2
v 0.5 0.7 -1.2
v 0.6 0.7 -1.2
v 0.7 0.7 -1.2
v -0.5 0.7 -1.3
v -0.3 0.7 -1.3
v -0.1 0.7 -1.3
v 0.1 0.7 -1.3
v 0.3 0.7 -1.3
v 0.5 0.7 -1.3
v -0.1 0.7 -1.4
v 0.1 0.7 -1.4
v -0.4 0.8 1.4
v -0.1 0.8 1.4
v 0.1 0.8 1.4
v 0.4 0.8 1.4
v -0.7 0.8 1.3
v -0.5 0.8 1.3
v -0.4 0.8 1.3
v -0.1 0.8 1.3
v 0.1 0.8 1.3
v 0.4 0.8 1.3
v 0.5 0.8 1.3
v 0.7 0.8 1.3
v -0.8 0.8 1.2
v -0.7 0.8 1.2
v -0.5 0.8 1.2
v 0.5 0.8 1.2
v 0.7 0.8 1.2
v 0.8 0.8 1.2
v -0.8 0.8 1.1
v -0.7 0.8 1.1
v 0.7 0.8 1.1
v 0.8 0.8 1.1
v -1.2 0.8 0.8
v -1.1 0.8 0.8
v 1.1 0.8 0.8
v 1.2 0.8 0.8
v -1.3 0.8 0.7
v -1.2 0.8 0.7
v -1.1 0.8 0.7
v 1.1 0.8 0.7
v 1.2 0.8 0.7
v 1.3 0.8 0.7
v -1.3 0.8 0.5
v -1.2 0.8 0.5
v 1.2 0.8 0.5
v 1.3 0.8 0.5
v -1.4 0.8 0.4
v -1.3 0.8 0.4
v 1.3 0.8 0.4
v 1.4 0.8 0.4
v -1.4 0.8 0.2
v -1.3 0.8 0.2
v -1.4 0.8 0.1
v -1.3 0.8 0.1
v 1.3 0.8 0.1
v 1.4 0.8 0.1
v -1.4 0.8 -0.1
v -1.3 0.8 -0.1
v 1.3 0.8 -0.1
v 1.4 0.8 -0.1
v 1.3 0.8 -0.2
v 1.4 0.8 -0.2
v -1.4 0.8 -0.4
v -1.3 0.8 -0.4
v 1.3 0.8 -0.4
v 1.4 0.8 -0.4
v -1.3 0.8 -0.5
v -1.2 0.8 -0.5
v 1.2 0.8 -0.5
v 1.3 0.8 -0.5
v -1.3 0.8 -0.7
v -1.2 0.8 -0.7
v -1.1 0.8 -0.7
v 1.1 0.8 -0.7
v 1.2 0.8 -0.7
v 1.3 0.8 -0.7
v -1.2 0.8 -0.8
v -1.1 0.8 -0.8
v 1.1 0.8 -0.8
v 1.2 0.8 -0.8
v -0.8 0.8 -1.1
v -0.7 0.8 -1.1
v 0.7 0.8 -1.1
v 0.8 0.8 -1.1
v -0.8 0.8 -1.2
v -0.7 0.8 -1.2
v -0.5 0.8 -1.2
v 0.5 0.8 -1.2
v 0.7 0.8 -1.2
v 0.8 0.8 -1.2
v -0.7 0.8 -1.3
v -0.5 0.8 -1.3
v -0.4 0.8 -1.3
v -0.1 0.8 -1.3
v 0.1 0.8 -1.3
v 0.4 0.8 -1.3
v 0.5 0.8 -1.3
v 0.7 0.8 -1.3
v -0.4 0.8 -1.4
v -0.1 0.8 -1.4
v 0.1 0.8 -1.4
v 0.4 0.8 -1.4
v -0.2 0.9 1.5
v -0.1 0.9 1.5
v 0.2 0.9 1.5
v -0.6 0.9 1.4
v -0.4 0.9 1.4
v -0.2 0.9 1.4
v -0.1 0.9 1.4
v 0.2 0.9 1.4
v 0.4 0.9 1.4
v 0.6 0.9 1.4
v -0.8 0.9 1.3
v -0.7 0.9 1.3
v -0.6 0.9 1.3
v -0.4 0.9 1.3
v 0.4 0.9 1.3
v 0.6 0.9 1.3
v 0.7 0.9 1.3
v 0.8 0.9 1.3
v -0.9 0.9 1.2
v -0.8 0.9 1.2
v -0.7 0.9 1.2
v 0.7 0.9 1.2
v 0.8 0.9 1.2
v 0.9 0.9 1.2
v -1 0.9 1.1
v -0.9 0.9 1.1
v -0.8 0.9 1.1
v 0.8 0.9 1.1
v 0.9 0.9 1.1
v 1 0.9 1.1
v -1.1 0.9 1
v -1 0.9 1
v -0.9 0.9 1
v 0.9 0.9 1
v 1 0.9 1
v 1.1 0.9 1
v -1.2 0.9 0.9
v -1.1 0.9 0.9
v -1 0.9 0.9
v 1 0.9 0.9
v 1.1 0.9 0.9
v 1.2 0.9 0.9
v -1.3 0.9 0.8
v -1.2 0.9 0.8
v -1.1 0.9 0.8
v 1.1 0.9 0.8
v 1.2 0.9 0.8
v 1.3 0.9 0.8
v -1.3 0.9 0.7
v -1.2 0.9 0.7
v 1.2 0.9 0.7
v 1.3 0.9 0.7
v -1.4 0.9 0.6
v -1.3 0.9 0.6
v 1.3 0.9 0.6
v 1.4 0.9 0.6
v -1.4 0.9 0.4
v -1.3 0.9 0.4
v 1.3 0.9 0.4
v 1.4 0.9 0.4
v -1.5 0.9 0.2
v -1.4 0.9 0.2
v 1.4 0.9 0.2
v 1.5 0.9 0.2
v -1.5 0.9 -0.2
v -1.4 0.9 -0.2
v 1.4 0.9 -0.2
v 1.5 0.9 -0.2
v -1.4 0.9 -0.4
v -1.3 0.9 -0.4
v 1.3 0.9 -0.4
v 1.4 0.9 -0.4
v -1.4 0.9 -0.6
v -1.3 0.9 -0.6
v 1.3 0.9 -0.6
v 1.4 0.9 -0.6
v -1.3 0.9 -0.7
v -1.2 0.9 -0.7
v 1.2 0.9 -0.7
v 1.3 0.9 -0.7
v -1.3 0.9 -0.8
v -1.2 0.9 -0.8
v -1.1 0.9 -0.8
v 1.1 0.9 -0.8
v 1.2 0.9 -0.8
v 1.3 0.9 -0.8
v -1.2 0.9 -0.9
v -1.1 0.9 -0.9
v -1 0.9 -0.9
v 1 0.9 -0.9
v 1.1 0.9 -0.9
v 1.2 0.9 -0.9
v -1.1 0.9 -1
v -1 0.9 -1
v -0.9 0.9 -1
v 0.9 0.9 -1
v 1 0.9 -1
v 1.1 0.9 -1
v -1 0.9 -1.1
v -0.9 0.9 -1.1
v -0.8 0.9 -1.1
v 0.8 0.9 -1.1
v 0.9 0.9 -1.1
v 1 0.9 -1.1
v -0.9 0.9 -1.2
v -0.8 0.9 -1.2
v -0.7 0.9 -1.2
v 0.7 0.9 -1.2
v 0.8 0.9 -1.2
v 0.9 0.9 -1.2
v -0.8 0.9 -1.3
v -0.7 0.9 -1.3
v -0.6 0.9 -1.3
v -0.4 0.9 -1.3
v 0.4 0.9 -1.3
v 0.6 0.9 -1.3
v 0.7 0.9 -1.3
v 0.8 0.9 -1.3
v -0.6 0.9 -1.4
v -0.4 0.9 -1.4
v -0.2 0.9 -1.4
v 0.2 0.9 -1.4
v 0.4 0.9 -1.4
v 0.6 0.9 -1.4
v -0.2 0.9 -1.5
v 0.2 0.9 -1.5
v -0.4 1 1.5
v -0.2 1 1.5
v 0.2 1 1.5
v 0.4 1 1.5
v -0.7 1 1.4
v -0.6 1 1.4
v -0.4 1 1.4
v -0.2 1 1.4
v 0.2 1 1.4
v 0.4 1 1.4
v 0.6 1 1.4
v 0.7 1 1.4
v -0.7 1 1.3
v -0.6 1 1.3
v 0.6 1 1.3
v 0.7 1 1.3
v -1 1 1.2
v -0.9 1 1.2
v 0.9 1 1.2
v 1 1 1.2
v -1.1 1 1.1
v -1 1 1.1
v -0.9 1 1.1
v 0.9 1 1.1
v 1 1 1.1
v 1.1 1 1.1
v -1.2 1 1
v -1.1 1 1
v -1 1 1
v 1 1 1
v 1.1 1 1
v 1.2 1 1
v -1.2 1 0.9
v -1.1 1 0.9
v 1.1 1 0.9
v 1.2 1 0.9
v -1.4 1 0.7
v -1.3 1 0.7
v 1.3 1 0.7
v 1.4 1 0.7
v -1.4 1 0.6
v -1.3 1 0.6
v 1.3 1 0.6
v 1.4 1 0.6
v -1.5 1 0.4
v -1.4 1 0.4
v 1.4 1 0.4
v 1.5 1 0.4
v -1.5 1 0.2
v -1.4 1 0.2
v 1.4 1 0.2
v 1.5 1 0.2
v -1.5 1 -0.2
v -1.4 1 -0.2
v 1.4 1 -0.2
v 1.5 1 -0.2
v -1.5 1 -0.4
v -1.4 1 -0.4
v 1.4 1 -0.4
v 1.5 1 -0.4
v -1.4 1 -0.6
v -1.3 1 -0.6
v 1.3 1 -0.6
v 1.4 1 -0.6
v -1.4 1 -0.7
v -1.3 1 -0.7
v 1.3 1 -0.7
v 1.4 1 -0.7
v -1.2 1 -0.9
v -1.1 1 -0.9
v 1.1 1 -0.9
v 1.2 1 -0.9
v -1.2 1 -1
v -1.1 1 -1
v -1 1 -1
v 1 1 -1
v 1.1 1 -1
v 1.2 1 -1
v -1.1 1 -1.1
v -1 1 -1.1
v -0.9 1 -1.1
v 0.9 1 -1.1
v 1 1 -1.1
v 1.1 1 -1.1
v -1 1 -1.2
v -0.9 1 -1.2
v 0.9 1 -1.2
v 1 1 -1.2
v -0.7 1 -1.3
v -0.6 1 -1.3
v 0.6 1 -1.3
v 0.7 1 -1.3
v -0.7 1 -1.4
v -0.6 1 -1.4
v -0.4 1 -1.4
v -0.2 1 -1.4
v 0.2 1 -1.4
v 0.4 1 -1.4
v 0.6 1 -1.4
v 0.7 1 -1.4
v -0.4 1 -1.5
v -0.2 1 -1.5
v 0.2 1 -1.5
v 0.4 1 -1.5
v -0.5 1.1 1.5
v -0.4 1.1 1.5
v 0.4 1.1 1.5
v 0.5 1.1 1.5
v -0.5 1.1 1.4
v -0.4 1.1 1.4
v 0.4 1.1 1.4
v 0.5 1.1 1.4
v -0.9 1.1 1.3
v -0.8 1.1 1.3
v 0.8 1.1 1.3
v 0.9 1.1 1.3
v -0.9 1.1 1.2
v -0.8 1.1 1.2
v 0.8 1.1 1.2
v 0.9 1.1 1.2
v -1.3 1.1 0.9
v -1.2 1.1 0.9
v 1.2 1.1 0.9
v 1.3 1.1 0.9
v -1.3 1.1 0.8
v -1.2 1.1 0.8
v 1.2 1.1 0.8
v 1.3 1.1 0.8
v -1.5 1.1 0.5
v -1.4 1.1 0.5
v 1.4 1.1 0.5
v 1.5 1.1 0.5
v -1.5 1.1 0.4
v -1.4 1.1 0.4
v 1.4 1.1 0.4
v 1.5 1.1 0.4
v -1.5 1.1 -0.4
v -1.4 1.1 -0.4
v 1.4 1.1 -0.4
v 1.5 1.1 -0.4
v -1.5 1.1 -0.5
v -1.4 1.1 -0.5
v 1.4 1.1 -0.5
v 1.5 1.1 -0.5
v -1.3 1.1 -0.8
v -1.2 1.1 -0.8
v 1.2 1.1 -0.8
v 1.3 1.1 -0.8
v -1.3 1.1 -0.9
v -1.2 1.1 -0.9
v 1.2 1.1 -0.9
v 1.3 1.1 -0.9
v -0.9 1.1 -1.2
v -0.8 1.1 -1.2
v 0.8 1.1 -1.2
v 0.9 1.1 -1.2
v -0.9 1.1 -1.3
v -0.8 1.1 -1.3
v 0.8 1.1 -1.3
v 0.9 1.1 -1.3
v -0.5 1.1 -1.4
v -0.4 1.1 -1.4
v 0.4 1.1 -1.4
v 0.5 1.1 -1.4
v -0.5 1.1 -1.5
v -0.4 1.1 -1.5
v 0.4 1.1 -1.5
v 0.5 1.1 -1.5
v -0.2 1.2 1.6
v -0.1 1.2 1.6
v 0.2 1.2 1.6
v -0.6 1.2 1.5
v -0.5 1.2 1.5
v -0.2 1.2 1.5
v -0.1 1.2 1.5
v 0 1.2 1.5
v 0.2 1.2 1.5
v 0.5 1.2 1.5
v 0.6 1.2 1.5
v -0.8 1.2 1.4
v -0.7 1.2 1.4
v -0.6 1.2 1.4
v -0.5 1.2 1.4
v 0.5 1.2 1.4
v 0.6 1.2 1.4
v 0.7 1.2 1.4
v 0.8 1.2 1.4
v -0.8 1.2 1.3
v -0.7 1.2 1.3
v 0.7 1.2 1.3
v 0.8 1.2 1.3
v -1.1 1.2 1.2
v -1 1.2 1.2
v 1 1.2 1.2
v 1.1 1.2 1.2
v -1.2 1.2 1.1
v -1.1 1.2 1.1
v -1 1.2 1.1
v 1 1.2 1.1
v 1.1 1.2 1.1
v 1.2 1.2 1.1
v -1.2 1.2 1
v -1.1 1.2 1
v 1.1 1.2 1
v 1.2 1.2 1
v -1.4 1.2 0.8
v -1.3 1.2 0.8
v 1.3 1.2 0.8
v 1.4 1.2 0.8
v -1.4 1.2 0.7
v -1.3 1.2 0.7
v 1.3 1.2 0.7
v 1.4 1.2 0.7
v -1.5 1.2 0.6
v -1.4 1.2 0.6
v 1.4 1.2 0.6
v 1.5 1.2 0.6
v -1.5 1.2 0.5
v -1.4 1.2 0.5
v 1.4 1.2 0.5
v 1.5 1.2 0.5
v -1.6 1.2 0.2
v -1.5 1.2 0.2
v 1.5 1.2 0.2
v 1.6 1.2 0.2
v -1.6 1.2 -0.2
v -1.5 1.2 -0.2
v 1.5 1.2 -0.2
v 1.6 1.2 -0.2
v -1.5 1.2 -0.5
v -1.4 1.2 -0.5
v 1.4 1.2 -0.5
v 1.5 1.2 -0.5
v -1.5 1.2 -0.6
v -1.4 1.2 -0.6
v 1.4 1.2 -0.6
v 1.5 1.2 -0.6
v -1.4 1.2 -0.7
v -1.3 1.2 -0.7
v 1.3 1.2 -0.7
v 1.4 1.2 -0.7
v -1.4 1.2 -0.8
v -1.3 1.2 -0.8
v 1.3 1.2 -0.8
v 1.4 1.2 -0.8
v -1.2 1.2 -1
v -1.1 1.2 -1
v 1.1 1.2 -1
v 1.2 1.2 -1
v -1.2 1.2 -1.1
v -1.1 1.2 -1.1
v -1 1.2 -1.1
v 1 1.2 -1.1
v 1.1 1.2 -1.1
v 1.2 1.2 -1.1
v -1.1 1.2 -1.2
v -1 1.2 -1.2
v 1 1.2 -1.2
v 1.1 1.2 -1.2
v -0.8 1.2 -1.3
v -0.7 1.2 -1.3
v 0.7 1.2 -1.3
v 0.8 1.2 -1.3
v -0.8 1.2 -1.4
v -0.7 1.2 -1.4
v -0.6 1.2 -1.4
v -0.5 1.2 -1.4
v 0.5 1.2 -1.4
v 0.6 1.2 -1.4
v 0.7 1.2 -1.4
v 0.8 1.2 -1.4
v -0.6 1.2 -1.5
v -0.5 1.2 -1.5
v -0.2 1.2 -1.5
v 0.2 1.2 -1.5
v 0.5 1.2 -1.5
v 0.6 1.2 -1.5
v -0.2 1.2 -1.6
v 0.2 1.2 -1.6
v -0.3 1.3 1.6
v -0.2 1.3 1.6
v 0.2 1.3 1.6
v 0.3 1.3 1.6
v -0.3 1.3 1.5
v -0.2 1.3 1.5
v 0.2 1.3 1.5
v 0.3 1.3 1.5
v -1 1.3 1.3
v -0.9 1.3 1.3
v 0.9 1.3 1.3
v 1 1.3 1.3
v -1 1.3 1.2
v -0.9 1.3 1.2
v 0.9 1.3 1.2
v 1 1.3 1.2
v -1.3 1.3 1
v -1.2 1.3 1
v 1.2 1.3 1
v 1.3 1.3 1
v -1.3 1.3 0.9
v -1.2 1.3 0.9
v 1.2 1.3 0.9
v 1.3 1.3 0.9
v -1.6 1.3 0.3
v -1.5 1.3 0.3
v 1.5 1.3 0.3
v 1.6 1.3 0.3
v -1.6 1.3 0.2
v -1.5 1.3 0.2
v 1.5 1.3 0.2
v 1.6 1.3 0.2
v -1.6 1.3 -0.2
v -1.5 1.3 -0.2
v 1.5 1.3 -0.2
v 1.6 1.3 -0.2
v -1.6 1.3 -0.3
v -1.5 1.3 -0.3
v 1.5 1.3 -0.3
v 1.6 1.3 -0.3
v -1.3 1.3 -0.9
v -1.2 1.3 -0.9
v 1.2 1.3 -0.9
v 1.3 1.3 -0.9
v -1.3 1.3 -1
v -1.2 1.3 -1
v 1.2 1.3 -1
v 1.3 1.3 -1
v -1 1.3 -1.2
v -0.9 1.3 -1.2
v 0.9 1.3 -1.2
v 1 1.3 -1.2
v -1 1.3 -1.3
v -0.9 1.3 -1.3
v 0.9 1.3 -1.3
v 1 1.3 -1.3
v -0.3 1.3 -1.5
v -0.2 1.3 -1.5
v 0.2 1.3 -1.5
v 0.3 1.3 -1.5
v -0.3 1.3 -1.6
v -0.2 1.3 -1.6
v 0.2 1.3 -1.6
v 0.3 1.3 -1.6
v -0.4 1.4 1.6
v -0.3 1.4 1.6
v 0.3 1.4 1.6
v 0.4 1.4 1.6
v -0.7 1.4 1.5
v -0.6 1.4 1.5
v -0.4 1.4 1.5
v -0.3 1.4 1.5
v 0.3 1.4 1.5
v 0.4 1.4 1.5
v 0.6 1.4 1.5
v 0.7 1.4 1.5
v -0.7 1.4 1.4
v -0.6 1.4 1.4
v 0.6 1.4 1.4
v 0.7 1.4 1.4
v -1.5 1.4 0.7
v -1.4 1.4 0.7
v 1.4 1.4 0.7
v 1.5 1.4 0.7
v -1.5 1.4 0.6
v -1.4 1.4 0.6
v 1.4 1.4 0.6
v 1.5 1.4 0.6
v -1.6 1.4 0.4
v -1.5 1.4 0.4
v 1.5 1.4 0.4
v 1.6 1.4 0.4
v -1.6 1.4 0.3
v -1.5 1.4 0.3
v 1.5 1.4 0.3
v 1.6 1.4 0.3
v -1.6 1.4 -0.3
v -1.5 1.4 -0.3
v 1.5 1.4 -0.3
v 1.6 1.4 -0.3
v -1.6 1.4 -0.4
v -1.5 1.4 -0.4
v 1.5 1.4 -0.4
v 1.6 1.4 -0.4
v -1.5 1.4 -0.6
v -1.4 1.4 -0.6
v 1.4 1.4 -0.6
v 1.5 1.4 -0.6
v -1.5 1.4 -0.7
v -1.4 1.4 -0.7
v 1.4 1.4 -0.7
v 1.5 1.4 -0.7
v -0.7 1.4 -1.4
v -0.6 1.4 -1.4
v 0.6 1.4 -1.4
v 0.7 1.4 -1.4
v -0.7 1.4 -1.5
v -0.6 1.4 -1.5
v -0.4 1.4 -1.5
v -0.3 1.4 -1.5
v 0.3 1.4 -1.5
v 0.4 1.4 -1.5
v 0.6 1.4 -1.5
v 0.7 1.4 -1.5
v -0.4 1.4 -1.6
v -0.3 1.4 -1.6
v 0.3 1.4 -1.6
v 0.4 1.4 -1.6
v -0.9 1.5 1.4
v -0.8 1.5 1.4
v 0.8 1.5 1.4
v 0.9 1.5 1.4
v -0.9 1.5 1.3
v -0.8 1.5 1.3
v 0.8 1.5 1.3
v 0.9 1.5 1.3
v -1.4 1.5 0.9
v -1.3 1.5 0.9
v 1.3 1.5 0.9
v 1.4 1.5 0.9
v -1.4 1.5 0.8
v -1.3 1.5 0.8
v 1.3 1.5 0.8
v 1.4 1.5 0.8
v -1.4 1.5 -0.8
v -1.3 1.5 -0.8
v 1.3 1.5 -0.8
v 1.4 1.5 -0.8
v -1.4 1.5 -0.9
v -1.3 1.5 -0.9
v 1.3 1.5 -0.9
v 1.4 1.5 -0.9
v -0.9 1.5 -1.3
v -0.8 1.5 -1.3
v 0.8 1.5 -1.3
v 0.9 1.5 -1.3
v -0.9 1.5 -1.4
v -0.8 1.5 -1.4
v 0.8 1.5 -1.4
v 0.9 1.5 -1.4
v -0.9 1.7 1.4
v -0.8 1.7 1.4
v 0.8 1.7 1.4
v 0.9 1.7 1.4
v -0.9 1.7 1.3
v -0.8 1.7 1.3
v 0.8 1.7 1.3
v 0.9 1.7 1.3
v -1.4 1.7 0.9
v -1.3 1.7 0.9
v 1.3 1.7 0.9
v 1.4 1.7 0.9
v -1.4 1.7 0.8
v -1.3 1.7 0.8
v 1.3 1.7 0.8
v 1.4 1.7 0.8
v -1.4 1.7 -0.8
v -1.3 1.7 -0.8
v 1.3 1.7 -0.8
v 1.4 1.7 -0.8
v -1.4 1.7 -0.9
v -1.3 1.7 -0.9
v 1.3 1.7 -0.9
v 1.4 1.7 -0.9
v -0.9 1.7 -1.3
v -0.8 1.7 -1.3
v 0.8 1.7 -1.3
v 0.9 1.7 -1.3
v -0.9 1.7 -1.4
v -0.8 1.7 -1.4
v 0.8 1.7 -1.4
v 0.9 1.7 -1.4
v -0.4 1.8 1.6
v -0.3 1.8 1.6
v 0.3 1.8 1.6
v 0.4 1.8 1.6
v -0.7 1.8 1.5
v -0.6 1.8 1.5
v -0.4 1.8 1.5
v -0.3 1.8 1.5
v 0.3 1.8 1.5
v 0.4 1.8 1.5
v 0.6 1.8 1.5
v 0.7 1.8 1.5
v -0.7 1.8 1.4
v -0.6 1.8 1.4
v 0.6 1.8 1.4
v 0.7 1.8 1.4
v -1.5 1.8 0.7
v -1.4 1.8 0.7
v 1.4 1.8 0.7
v 1.5 1.8 0.7
v -1.5 1.8 0.6
v -1.4 1.8 0.6
v 1.4 1.8 0.6
v 1.5 1.8 0.6
v -1.6 1.8 0.4
v -1.5 1.8 0.4
v 1.5 1.8 0.4
v 1.6 1.8 0.4
v -1.6 1.8 0.3
v -1.5 1.8 0.3
v 1.5 1.8 0.3
v 1.6 1.8 0.3
v -1.6 1.8 -0.3
v -1.5 1.8 -0.3
v 1.5 1.8 -0.3
v 1.6 1.8 -0.3
v -1.6 1.8 -0.4
v -1.5 1.8 -0.4
v 1.5 1.8 -0.4
v 1.6 1.8 -0.4
v -1.5 1.8 -0.6
v -1.4 1.8 -0.6
v 1.4 1.8 -0.6
v 1.5 1.8 -0.6
v -1.5 1.8 -0.7
v -1.4 1.8 -0.7
v 1.4 1.8 -0.7
v 1.5 1.8 -0.7
v -0.7 1.8 -1.4
v -0.6 1.8 -1.4
v 0.6 1.8 -1.4
v 0.7 1.8 -1.4
v -0.7 1.8 -1.5
v -0.6 1.8 -1.5
v -0.4 1.8 -1.5
v -0.3 1.8 -1.5
v 0.3 1.8 -1.5
v 0.4 1.8 -1.5
v 0.6 1.8 -1.5
v 0.7 1.8 -1.5
v -0.4 1.8 -1.6
v -0.3 1.8 -1.6
v 0.3 1.8 -1.6
v 0.4 1.8 -1.6
v -0.3 1.9 1.6
v -0.2 1.9 1.6
v 0.2 1.9 1.6
v 0.3 1.9 1.6
v -0.3 1.9 1.5
v -0.2 1.9 1.5
v 0.2 1.9 1.5
v 0.3 1.9 1.5
v -1 1.9 1.3
v -0.9 1.9 1.3
v 0.9 1.9 1.3
v 1 1.9 1.3
v -1 1.9 1.2
v -0.9 1.9 1.2
v 0.9 1.9 1.2
v 1 1.9 1.2
v -1.3 1.9 1
v -1.2 1.9 1
v 1.2 1.9 1
v 1.3 1.9 1
v -1.3 1.9 0.9
v -1.2 1.9 0.9
v 1.2 1.9 0.9
v 1.3 1.9 0.9
v -1.6 1.9 0.3
v -1.5 1.9 0.3
v 1.5 1.9 0.3
v 1.6 1.9 0.3
v -1.6 1.9 0.2
v -1.5 1.9 0.2
v 1.5 1.9 0.2
v 1.6 1.9 0.2
v -1.6 1.9 -0.2
v -1.5 1.9 -0.2
v 1.5 1.9 -0.2
v 1.6 1.9 -0.2
v -1.6 1.9 -0.3
v -1.5 1.9 -0.3
v 1.5 1.9 -0.3
v 1.6 1.9 -0.3
v -1.3 1.9 -0.9
v -1.2 1.9 -0.9
v 1.2 1.9 -0.9
v 1.3 1.9 -0.9
v -1.3 1.9 -1
v -1.2 1.9 -1
v 1.2 1.9 -1
v 1.3 1.9 -1
v -1 1.9 -1.2
v -0.9 1.9 -1.2
v 0.9 1.9 -1.2
v 1 1.9 -1.2
v -1 1.9 -1.3
v -0.9 1.9 -1.3
v 0.9 1.9 -1.3
v 1 1.9 -1.3
v -0.3 1.9 -1.5
v -0.2 1.9 -1.5
v 0.2 1.9 -1.5
v 0.3 1.9 -1.5
v -0.3 1.9 -1.6
v -0.2 1.9 -1.6
v 0.2 1.9 -1.6
v 0.3 1.9 -1.6
v -0.2 2 1.6
v 0.2 2 1.6
v -0.6 2 1.5
v -0.5 2 1.5
v -0.2 2 1.5
v 0 2 1.5
v 0.2 2 1.5
v 0.5 2 1.5
v 0.6 2 1.5
v -0.8 2 1.4
v -0.7 2 1.4
v -0.6 2 1.4
v -0.5 2 1.4
v 0.5 2 1.4
v 0.6 2 1.4
v 0.7 2 1.4
v 0.8 2 1.4
v -0.8 2 1.3
v -0.7 2 1.3
v 0.7 2 1.3
v 0.8 2 1.3
v -1.1 2 1.2
v -1 2 1.2
v 1 2 1.2
v 1.1 2 1.2
v -1.2 2 1.1
v -1.1 2 1.1
v -1 2 1.1
v 1 2 1.1
v 1.1 2 1.1
v 1.2 2 1.1
v -1.2 2 1
v -1.1 2 1
v 1.1 2 1
v 1.2 2 1
v -1.4 2 0.8
v -1.3 2 0.8
v 1.3 2 0.8
v 1.4 2 0.8
v -1.4 2 0.7
v -1.3 2 0.7
v 1.3 2 0.7
v 1.4 2 0.7
v -1.5 2 0.6
v -1.4 2 0.6
v 1.4 2 0.6
v 1.5 2 0.6
v -1.5 2 0.5
v -1.4 2 0.5
v 1.4 2 0.5
v 1.5 2 0.5
v -1.6 2 0.2
v -1.5 2 0.2
v 1.5 2 0.2
v 1.6 2 0.2
v -1.6 2 0
v -1.5 2 0
v -1.6 2 -0.1
v -1.5 2 -0.1
v -1.6 2 -0.2
v -1.5 2 -0.2
v 1.5 2 -0.2
v 1.6 2 -0.2
v -1.5 2 -0.5
v -1.4 2 -0.5
v 1.4 2 -0.5
v 1.5 2 -0.5
v -1.5 2 -0.6
v -1.4 2 -0.6
v 1.4 2 -0.6
v 1.5 2 -0.6
v -1.4 2 -0.7
v -1.3 2 -0.7
v 1.3 2 -0.7
v 1.4 2 -0.7
v -1.4 2 -0.8
v -1.3 2 -0.8
v 1.3 2 -0.8
v 1.4 2 -0.8
v -1.2 2 -1
v -1.1 2 -1
v 1.1 2 -1
v 1.2 2 -1
v -1.2 2 -1.1
v -1.1 2 -1.1
v -1 2 -1.1
v 1 2 -1.1
v 1.1 2 -1.1
v 1.2 2 -1.1
v -1.1 2 -1.2
v -1 2 -1.2
v 1 2 -1.2
v 1.1 2 -1.2
v -0.8 2 -1.3
v -0.7 2 -1.3
v 0.7 2 -1.3
v 0.8 2 -1.3
v -0.8 2 -1.4
v -0.7 2 -1.4
v -0.6 2 -1.4
v -0.5 2 -1.4
v 0.5 2 -1.4
v 0.6 2 -1.4
v 0.7 2 -1.4
v 0.8 2 -1.4
v -0.6 2 -1.5
v -0.5 2 -1.5
v -0.2 2 -1.5
v 0.2 2 -1.5
v 0.5 2 -1.5
v 0.6 2 -1.5
v -0.2 2 -1.6
v 0.2 2 -1.6
v -0.5 2.1 1.5
v -0.4 2.1 1.5
v 0.4 2.1 1.5
v 0.5 2.1 1.5
v -0.5 2.1 1.4
v -0.4 2.1 1.4
v 0.4 2.1 1.4
v 0.5 2.1 1.4
v -0.9 2.1 1.3
v -0.8 2.1 1.3
v 0.8 2.1 1.3
v 0.9 2.1 1.3
v -0.9 2.1 1.2
v -0.8 2.1 1.2
v 0.8 2.1 1.2
v 0.9 2.1 1.2
v -1.3 2.1 0.9
v -1.2 2.1 0.9
v 1.2 2.1 0.9
v 1.3 2.1 0.9
v -1.3 2.1 0.8
v -1.2 2.1 0.8
v 1.2 2.1 0.8
v 1.3 2.1 0.8
v -1.5 2.1 0.5
v -1.4 2.1 0.5
v 1.4 2.1 0.5
v 1.5 2.1 0.5
v -1.5 2.1 0.4
v -1.4 2.1 0.4
v 1.4 2.1 0.4
v 1.5 2.1 0.4
v -1.5 2.1 -0.4
v -1.4 2.1 -0.4
v 1.4 2.1 -0.4
v 1.5 2.1 -0.4
v -1.5 2.1 -0.5
v -1.4 2.1 -0.5
v 1.4 2.1 -0.5
v 1.5 2.1 -0.5
v -1.3 2.1 -0.8
v -1.2 2.1 -0.8
v 1.2 2.1 -0.8
v 1.3 2.1 -0.8
v -1.3 2.1 -0.9
v -1.2 2.1 -0.9
v 1.2 2.1 -0.9
v 1.3 2.1 -0.9
v -0.9 2.1 -1.2
v -0.8 2.1 -1.2
v 0.8 2.1 -1.2
v 0.9 2.1 -1.2
v -0.9 2.1 -1.3
v -0.8 2.1 -1.3
v 0.8 2.1 -1.3
v 0.9 2.1 -1.3
v -0.5 2.1 -1.4
v -0.4 2.1 -1.4
v 0.4 2.1 -1.4
v 0.5 2.1 -1.4
v -0.5 2.1 -1.5
v -0.4 2.1 -1.5
v 0.4 2.1 -1.5
v 0.5 2.1 -1.5
v -0.4 2.2 1.5
v -0.2 2.2 1.5
v 0.2 2.2 1.5
v 0.4 2.2 1.5
v -0.7 2.2 1.4
v -0.6 2.2 1.4
v -0.4 2.2 1.4
v -0.2 2.2 1.4
v 0.2 2.2 1.4
v 0.4 2.2 1.4
v 0.6 2.2 1.4
v 0.7 2.2 1.4
v -0.7 2.2 1.3
v -0.6 2.2 1.3
v 0.6 2.2 1.3
v 0.7 2.2 1.3
v -1 2.2 1.2
v -0.9 2.2 1.2
v 0.9 2.2 1.2
v 1 2.2 1.2
v -1.1 2.2 1.1
v -1 2.2 1.1
v -0.9 2.2 1.1
v 0.9 2.2 1.1
v 1 2.2 1.1
v 1.1 2.2 1.1
v -1.2 2.2 1
v -1.1 2.2 1
v -1 2.2 1
v 1 2.2 1
v 1.1 2.2 1
v 1.2 2.2 1
v -1.2 2.2 0.9
v -1.1 2.2 0.9
v 1.1 2.2 0.9
v 1.2 2.2 0.9
v -1.4 2.2 0.7
v -1.3 2.2 0.7
v 1.3 2.2 0.7
v 1.4 2.2 0.7
v -1.4 2.2 0.6
v -1.3 2.2 0.6
v 1.3 2.2 0.6
v 1.4 2.2 0.6
v -1.5 2.2 0.4
v -1.4 2.2 0.4
v 1.4 2.2 0.4
v 1.5 2.2 0.4
v -1.5 2.2 0.2
v -1.4 2.2 0.2
v 1.4 2.2 0.2
v 1.5 2.2 0.2
v -1.5 2.2 -0.2
v -1.4 2.2 -0.2
v 1.4 2.2 -0.2
v 1.5 2.2 -0.2
v -1.5 2.2 -0.4
v -1.4 2.2 -0.4
v 1.4 2.2 -0.4
v 1.5 2.2 -0.4
v -1.4 2.2 -0.6
v -1.3 2.2 -0.6
v 1.3 2.2 -0.6
v 1.4 2.2 -0.6
v -1.4 2.2 -0.7
v -1.3 2.2 -0.7
v 1.3 2.2 -0.7
v 1.4 2.2 -0.7
v -1.2 2.2 -0.9
v -1.1 2.2 -0.9
v 1.1 2.2 -0.9
v 1.2 2.2 -0.9
v -1.2 2.2 -1
v -1.1 2.2 -1
v -1 2.2 -1
v 1 2.2 -1
v 1.1 2.2 -1
v 1.2 2.2 -1
v -1.1 2.2 -1.1
v -1 2.2 -1.1
v -0.9 2.2 -1.1
v 0.9 2.2 -1.1
v 1 2.2 -1.1
v 1.1 2.2 -1.1
v -1 2.2 -1.2
v -0.9 2.2 -1.2
v 0.9 2.2 -1.2
v 1 2.2 -1.2
v -0.7 2.2 -1.3
v -0.6 2.2 -1.3
v 0.6 2.2 -1.3
v 0.7 2.2 -1.3
v -0.7 2.2 -1.4
v -0.6 2.2 -1.4
v -0.4 2.2 -1.4
v -0.2 2.2 -1.4
v 0.2 2.2 -1.4
v 0.4 2.2 -1.4
v 0.6 2.2 -1.4
v 0.7 2.2 -1.4
v -0.4 2.2 -1.5
v -0.2 2.2 -1.5
v 0.2 2.2 -1.5
v 0.4 2.2 -1.5
v -0.2 2.3 1.5
v 0 2.3 1.5
v 0.2 2.3 1.5
v -0.6 2.3 1.4
v -0.4 2.3 1.4
v -0.2 2.3 1.4
v 0 2.3 1.4
v 0.2 2.3 1.4
v 0.4 2.3 1.4
v 0.6 2.3 1.4
v -0.8 2.3 1.3
v -0.7 2.3 1.3
v -0.6 2.3 1.3
v -0.5 2.3 1.3
v -0.4 2.3 1.3
v 0.4 2.3 1.3
v 0.6 2.3 1.3
v 0.7 2.3 1.3
v 0.8 2.3 1.3
v -0.9 2.3 1.2
v -0.8 2.3 1.2
v -0.7 2.3 1.2
v 0.7 2.3 1.2
v 0.8 2.3 1.2
v 0.9 2.3 1.2
v -1 2.3 1.1
v -0.9 2.3 1.1
v -0.8 2.3 1.1
v 0.8 2.3 1.1
v 0.9 2.3 1.1
v 1 2.3 1.1
v -1.1 2.3 1
v -1 2.3 1
v -0.9 2.3 1
v 0.9 2.3 1
v 1 2.3 1
v 1.1 2.3 1
v -1.2 2.3 0.9
v -1.1 2.3 0.9
v -1 2.3 0.9
v 1 2.3 0.9
v 1.1 2.3 0.9
v 1.2 2.3 0.9
v -1.3 2.3 0.8
v -1.2 2.3 0.8
v -1.1 2.3 0.8
v 1.1 2.3 0.8
v 1.2 2.3 0.8
v 1.3 2.3 0.8
v -1.3 2.3 0.7
v -1.2 2.3 0.7
v 1.2 2.3 0.7
v 1.3 2.3 0.7
v -1.4 2.3 0.6
v -1.3 2.3 0.6
v 1.3 2.3 0.6
v 1.4 2.3 0.6
v -1.4 2.3 0.4
v -1.3 2.3 0.4
v 1.3 2.3 0.4
v 1.4 2.3 0.4
v -1.5 2.3 0.2
v -1.4 2.3 0.2
v 1.4 2.3 0.2
v 1.5 2.3 0.2
v -1.5 2.3 -0.2
v -1.4 2.3 -0.2
v 1.4 2.3 -0.2
v 1.5 2.3 -0.2
v -1.4 2.3 -0.4
v -1.3 2.3 -0.4
v 1.3 2.3 -0.4
v 1.4 2.3 -0.4
v -1.3 2.3 -0.5
v -1.4 2.3 -0.6
v -1.3 2.3 -0.6
v 1.3 2.3 -0.6
v 1.4 2.3 -0.6
v -1.3 2.3 -0.7
v -1.2 2.3 -0.7
v 1.2 2.3 -0.7
v 1.3 2.3 -0.7
v -1.3 2.3 -0.8
v -1.2 2.3 -0.8
v -1.1 2.3 -0.8
v 1.1 2.3 -0.8
v 1.2 2.3 -0.8
v 1.3 2.3 -0.8
v -1.2 2.3 -0.9
v -1.1 2.3 -0.9
v -1 2.3 -0.9
v 1 2.3 -0.9
v 1.1 2.3 -0.9
v 1.2 2.3 -0.9
v -1.1 2.3 -1
v -1 2.3 -1
v -0.9 2.3 -1
v 0.9 2.3 -1
v 1 2.3 -1
v 1.1 2.3 -1
v -1 2.3 -1.1
v -0.9 2.3 -1.1
v -0.8 2.3 -1.1
v 0.8 2.3 -1.1
v 0.9 2.3 -1.1
v 1 2.3 -1.1
v -0.9 2.3 -1.2
v -0.8 2.3 -1.2
v -0.7 2.3 -1.2
v 0.7 2.3 -1.2
v 0.8 2.3 -1.2
v 0.9 2.3 -1.2
v -0.8 2.3 -1.3
v -0.7 2.3 -1.3
v -0.6 2.3 -1.3
v -0.4 2.3 -1.3
v 0.4 2.3 -1.3
v 0.6 2.3 -1.3
v 0.7 2.3 -1.3
v 0.8 2.3 -1.3
v -0.6 2.3 -1.4
v -0.4 2.3 -1.4
v -0.2 2.3 -1.4
v 0.2 2.3 -1.4
v 0.4 2.3 -1.4
v 0.6 2.3 -1.4
v -0.2 2.3 -1.5
v 0.2 2.3 -1.5
v -0.4 2.4 1.4
v -0.1 2.4 1.4
v 0.1 2.4 1.4
v 0.2 2.4 1.4
v 0.4 2.4 1.4
v -0.7 2.4 1.3
v -0.5 2.4 1.3
v -0.4 2.4 1.3
v -0.1 2.4 1.3
v 0.1 2.4 1.3
v 0.2 2.4 1.3
v 0.4 2.4 1.3
v 0.5 2.4 1.3
v 0.7 2.4 1.3
v -0.8 2.4 1.2
v -0.7 2.4 1.2
v -0.5 2.4 1.2
v 0.5 2.4 1.2
v 0.7 2.4 1.2
v 0.8 2.4 1.2
v -0.8 2.4 1.1
v -0.7 2.4 1.1
v 0.7 2.4 1.1
v 0.8 2.4 1.1
v -1.2 2.4 0.8
v -1.1 2.4 0.8
v 1.1 2.4 0.8
v 1.2 2.4 0.8
v -1.3 2.4 0.7
v -1.2 2.4 0.7
v -1.1 2.4 0.7
v 1.1 2.4 0.7
v 1.2 2.4 0.7
v 1.3 2.4 0.7
v -1.3 2.4 0.5
v -1.2 2.4 0.5
v 1.2 2.4 0.5
v 1.3 2.4 0.5
v -1.4 2.4 0.4
v -1.3 2.4 0.4
v 1.3 2.4 0.4
v 1.4 2.4 0.4
v -1.4 2.4 0.1
v -1.3 2.4 0.1
v 1.3 2.4 0.1
v 1.4 2.4 0.1
v -1.4 2.4 -0.1
v -1.3 2.4 -0.1
v 1.3 2.4 -0.1
v 1.4 2.4 -0.1
v -1.4 2.4 -0.4
v -1.3 2.4 -0.4
v 1.3 2.4 -0.4
v 1.4 2.4 -0.4
v -1.3 2.4 -0.5
v -1.2 2.4 -0.5
v 1.2 2.4 -0.5
v 1.3 2.4 -0.5
v -1.3 2.4 -0.7
v -1.2 2.4 -0.7
v -1.1 2.4 -0.7
v 1.1 2.4 -0.7
v 1.2 2.4 -0.7
v 1.3 2.4 -0.7
v -1.2 2.4 -0.8
v -1.1 2.4 -0.8
v 1.1 2.4 -0.8
v 1.2 2.4 -0.8
v -0.8 2.4 -1.1
v -0.7 2.4 -1.1
v 0.7 2.4 -1.1
v 0.8 2.4 -1.1
v -0.8 2.4 -1.2
v -0.7 2.4 -1.2
v -0.5 2.4 -1.2
v 0.5 2.4 -1.2
v 0.7 2.4 -1.2
v 0.8 2.4 -1.2
v -0.7 2.4 -1.3
v -0.5 2.4 -1.3
v -0.4 2.4 -1.3
v -0.1 2.4 -1.3
v 0.1 2.4 -1.3
v 0.4 2.4 -1.3
v 0.5 2.4 -1.3
v 0.7 2.4 -1.3
v -0.4 2.4 -1.4
v -0.1 2.4 -1.4
v 0.1 2.4 -1.4
v 0.4 2.4 -1.4
v -0.1 2.5 1.4
v 0 2.5 1.4
v 0.1 2.5 1.4
v -0.5 2.5 1.3
v -0.3 2.5 1.3
v -0.1 2.5 1.3
v 0 2.5 1.3
v 0.1 2.5 1.3
v 0.3 2.5 1.3
v 0.5 2.5 1.3
v -0.7 2.5 1.2
v -0.6 2.5 1.2
v -0.5 2.5 1.2
v -0.3 2.5 1.2
v 0.3 2.5 1.2
v 0.5 2.5 1.2
v 0.6 2.5 1.2
v 0.7 2.5 1.2
v -0.9 2.5 1.1
v -0.7 2.5 1.1
v -0.6 2.5 1.1
v 0.6 2.5 1.1
v 0.7 2.5 1.1
v 0.9 2.5 1.1
v -1 2.5 1
v -0.9 2.5 1
v -0.7 2.5 1
v 0.7 2.5 1
v 0.9 2.5 1
v 1 2.5 1
v -1.1 2.5 0.9
v -1 2.5 0.9
v -0.9 2.5 0.9
v 0.9 2.5 0.9
v 1 2.5 0.9
v 1.1 2.5 0.9
v -1.2 2.5 0.7
v -1.1 2.5 0.7
v -1 2.5 0.7
v 1 2.5 0.7
v 1.1 2.5 0.7
v 1.2 2.5 0.7
v -1.2 2.5 0.6
v -1.1 2.5 0.6
v 1.1 2.5 0.6
v 1.2 2.5 0.6
v -1.3 2.5 0.5
v -1.2 2.5 0.5
v 1.2 2.5 0.5
v 1.3 2.5 0.5
v -1.3 2.5 0.3
v -1.2 2.5 0.3
v 1.2 2.5 0.3
v 1.3 2.5 0.3
v -1.4 2.5 0.1
v -1.3 2.5 0.1
v 1.3 2.5 0.1
v 1.4 2.5 0.1
v -1.4 2.5 -0.1
v -1.3 2.5 -0.1
v 1.3 2.5 -0.1
v 1.4 2.5 -0.1
v -1.3 2.5 -0.3
v -1.2 2.5 -0.3
v 1.2 2.5 -0.3
v 1.3 2.5 -0.3
v -1.3 2.5 -0.5
v -1.2 2.5 -0.5
v 1.2 2.5 -0.5
v 1.3 2.5 -0.5
v -1.2 2.5 -0.6
v -1.1 2.5 -0.6
v 1.1 2.5 -0.6
v 1.2 2.5 -0.6
v -1.2 2.5 -0.7
v -1.1 2.5 -0.7
v -1 2.5 -0.7
v 1 2.5 -0.7
v 1.1 2.5 -0.7
v 1.2 2.5 -0.7
v 1 2.5 -0.8
v 1.1 2.5 -0.8
v -1.1 2.5 -0.9
v -1 2.5 -0.9
v -0.9 2.5 -0.9
v 0.9 2.5 -0.9
v 1 2.5 -0.9
v 1.1 2.5 -0.9
v -1 2.5 -1
v -0.9 2.5 -1
v -0.7 2.5 -1
v 0.7 2.5 -1
v 0.9 2.5 -1
v 1 2.5 -1
v -0.9 2.5 -1.1
v -0.7 2.5 -1.1
v -0.6 2.5 -1.1
v 0.6 2.5 -1.1
v 0.7 2.5 -1.1
v 0.9 2.5 -1.1
v -0.7 2.5 -1.2
v -0.6 2.5 -1.2
v -0.5 2.5 -1.2
v -0.3 2.5 -1.2
v 0.3 2.5 -1.2
v 0.5 2.5 -1.2
v 0.6 2.5 -1.2
v 0.7 2.5 -1.2
v -0.5 2.5 -1.3
v -0.3 2.5 -1.3
v -0.1 2.5 -1.3
v 0.1 2.5 -1.3
v 0.3 2.5 -1.3
v 0.5 2.5 -1.3
v -0.1 2.5 -1.4
v 0.1 2.5 -1.4
v -0.3 2.6 1.3
v -0.1 2.6 1.3
v 0.3 2.6 1.3
v -0.6 2.6 1.2
v -0.4 2.6 1.2
v -0.3 2.6 1.2
v -0.1 2.6 1.2
v 0.3 2.6 1.2
v 0.4 2.6 1.2
v 0.6 2.6 1.2
v -0.7 2.6 1.1
v -0.6 2.6 1.1
v -0.4 2.6 1.1
v 0.4 2.6 1.1
v 0.6 2.6 1.1
v 0.7 2.6 1.1
v -0.9 2.6 1
v -0.7 2.6 1
v -0.6 2.6 1
v 0.6 2.6 1
v 0.7 2.6 1
v 0.9 2.6 1
v -1 2.6 0.9
v -0.9 2.6 0.9
v -0.7 2.6 0.9
v 0.7 2.6 0.9
v 0.9 2.6 0.9
v 1 2.6 0.9
v -1.1 2.6 0.7
v -1 2.6 0.7
v -0.9 2.6 0.7
v 0.9 2.6 0.7
v 1 2.6 0.7
v 1.1 2.6 0.7
v -1.2 2.6 0.6
v -1.1 2.6 0.6
v -1 2.6 0.6
v 1 2.6 0.6
v 1.1 2.6 0.6
v 1.2 2.6 0.6
v -1.2 2.6 0.4
v -1.1 2.6 0.4
v 1.1 2.6 0.4
v 1.2 2.6 0.4
v -1.3 2.6 0.3
v -1.2 2.6 0.3
v 1.2 2.6 0.3
v 1.3 2.6 0.3
v -1.3 2.6 -0.3
v -1.2 2.6 -0.3
v 1.2 2.6 -0.3
v 1.3 2.6 -0.3
v -1.2 2.6 -0.4
v -1.1 2.6 -0.4
v 1.1 2.6 -0.4
v 1.2 2.6 -0.4
v -1.2 2.6 -0.5
v -1.1 2.6 -0.5
v -1.2 2.6 -0.6
v -1.1 2.6 -0.6
v -1 2.6 -0.6
v 1 2.6 -0.6
v 1.1 2.6 -0.6
v 1.2 2.6 -0.6
v -1.1 2.6 -0.7
v -1 2.6 -0.7
v -0.9 2.6 -0.7
v 0.9 2.6 -0.7
v 1 2.6 -0.7
v 1.1 2.6 -0.7
v 0.9 2.6 -0.8
v 1 2.6 -0.8
v -1 2.6 -0.9
v -0.9 2.6 -0.9
v -0.7 2.6 -0.9
v 0.7 2.6 -0.9
v 0.9 2.6 -0.9
v 1 2.6 -0.9
v -0.9 2.6 -1
v -0.7 2.6 -1
v -0.6 2.6 -1
v 0.6 2.6 -1
v 0.7 2.6 -1
v 0.9 2.6 -1
v -0.7 2.6 -1.1
v -0.6 2.6 -1.1
v -0.4 2.6 -1.1
v 0.4 2.6 -1.1
v 0.6 2.6 -1.1
v 0.7 2.6 -1.1
v -0.6 2.6 -1.2
v -0.4 2.6 -1.2
v -0.3 2.6 -1.2
v 0.3 2.6 -1.2
v 0.4 2.6 -1.2
v 0.6 2.6 -1.2
v -0.3 2.6 -1.3
v 0.3 2.6 -1.3
v -0.4 2.7 1.2
v -0.1 2.7 1.2
v 0.4 2.7 1.2
v -0.6 2.7 1.1
v -0.4 2.7 1.1
v -0.1 2.7 1.1
v 0 2.7 1.1
v 0.4 2.7 1.1
v 0.6 2.7 1.1
v -0.7 2.7 1
v -0.6 2.7 1
v -0.4 2.7 1
v 0.4 2.7 1
v 0.6 2.7 1
v 0.7 2.7 1
v -0.9 2.7 0.9
v -0.7 2.7 0.9
v -0.6 2.7 0.9
v 0.6 2.7 0.9
v 0.7 2.7 0.9
v 0.9 2.7 0.9
v -0.8 2.7 0.8
v -0.7 2.7 0.8
v 0.7 2.7 0.8
v 0.8 2.7 0.8
v -1 2.7 0.7
v -0.9 2.7 0.7
v -0.8 2.7 0.7
v 0.8 2.7 0.7
v 0.9 2.7 0.7
v 1 2.7 0.7
v -1.1 2.7 0.6
v -1 2.7 0.6
v -0.9 2.7 0.6
v 0.9 2.7 0.6
v 1 2.7 0.6
v 1.1 2.7 0.6
v -1.2 2.7 0.4
v -1.1 2.7 0.4
v -1 2.7 0.4
v 1 2.7 0.4
v 1.1 2.7 0.4
v 1.2 2.7 0.4
v -1.2 2.7 -0.4
v -1.1 2.7 -0.4
v -1 2.7 -0.4
v 1 2.7 -0.4
v 1.1 2.7 -0.4
v 1.2 2.7 -0.4
v -1.1 2.7 -0.5
v -1 2.7 -0.5
v -1.1 2.7 -0.6
v -1 2.7 -0.6
v -0.9 2.7 -0.6
v 0.9 2.7 -0.6
v 1 2.7 -0.6
v 1.1 2.7 -0.6
v -1 2.7 -0.7
v -0.9 2.7 -0.7
v -0.8 2.7 -0.7
v 0.8 2.7 -0.7
v 0.9 2.7 -0.7
v 1 2.7 -0.7
v -0.8 2.7 -0.8
v -0.7 2.7 -0.8
v 0.7 2.7 -0.8
v 0.8 2.7 -0.8
v -0.9 2.7 -0.9
v -0.7 2.7 -0.9
v -0.6 2.7 -0.9
v 0.6 2.7 -0.9
v 0.7 2.7 -0.9
v 0.9 2.7 -0.9
v -0.7 2.7 -1
v -0.6 2.7 -1
v -0.4 2.7 -1
v 0.4 2.7 -1
v 0.6 2.7 -1
v 0.7 2.7 -1
v -0.6 2.7 -1.1
v -0.4 2.7 -1.1
v 0.4 2.7 -1.1
v 0.6 2.7 -1.1
v -0.4 2.7 -1.2
v 0.4 2.7 -1.2
v -0.4 2.8 1.1
v 0 2.8 1.1
v 0.4 2.8 1.1
v -0.6 2.8 1
v -0.4 2.8 1
v -0.3 2.8 1
v 0 2.8 1
v 0.2 2.8 1
v 0.3 2.8 1
v 0.4 2.8 1
v 0.6 2.8 1
v -0.7 2.8 0.9
v -0.6 2.8 0.9
v -0.5 2.8 0.9
v -0.3 2.8 0.9
v 0.3 2.8 0.9
v 0.5 2.8 0.9
v 0.6 2.8 0.9
v 0.7 2.8 0.9
v -0.8 2.8 0.8
v -0.7 2.8 0.8
v -0.5 2.8 0.8
v 0.5 2.8 0.8
v 0.7 2.8 0.8
v 0.8 2.8 0.8
v -0.9 2.8 0.7
v -0.8 2.8 0.7
v -0.7 2.8 0.7
v 0.7 2.8 0.7
v 0.8 2.8 0.7
v 0.9 2.8 0.7
v -1 2.8 0.6
v -0.9 2.8 0.6
v 0.9 2.8 0.6
v 1 2.8 0.6
v -0.9 2.8 0.5
v -0.8 2.8 0.5
v 0.8 2.8 0.5
v 0.9 2.8 0.5
v -1.1 2.8 0.4
v -1 2.8 0.4
v 0.9 2.8 0.4
v 1 2.8 0.4
v 1.1 2.8 0.4
v -1 2.8 0.3
v -0.9 2.8 0.3
v 0.9 2.8 0.3
v 1 2.8 0.3
v -1 2.8 -0.3
v -0.9 2.8 -0.3
v 0.9 2.8 -0.3
v 1 2.8 -0.3
v -1.1 2.8 -0.4
v -1 2.8 -0.4
v 1 2.8 -0.4
v 1.1 2.8 -0.4
v -1 2.8 -0.5
v -0.9 2.8 -0.5
v -0.8 2.8 -0.5
v 0.8 2.8 -0.5
v 0.9 2.8 -0.5
v -1 2.8 -0.6
v -0.9 2.8 -0.6
v 0.9 2.8 -0.6
v 1 2.8 -0.6
v -0.9 2.8 -0.7
v -0.8 2.8 -0.7
v -0.7 2.8 -0.7
v 0.7 2.8 -0.7
v 0.8 2.8 -0.7
v 0.9 2.8 -0.7
v -0.8 2.8 -0.8
v -0.7 2.8 -0.8
v -0.5 2.8 -0.8
v 0.5 2.8 -0.8
v 0.7 2.8 -0.8
v 0.8 2.8 -0.8
v -0.7 2.8 -0.9
v -0.6 2.8 -0.9
v -0.5 2.8 -0.9
v -0.3 2.8 -0.9
v 0.3 2.8 -0.9
v 0.5 2.8 -0.9
v 0.6 2.8 -0.9
v 0.7 2.8 -0.9
v -0.6 2.8 -1
v -0.4 2.8 -1
v -0.3 2.8 -1
v 0.3 2.8 -1
v 0.4 2.8 -1
v 0.6 2.8 -1
v -0.4 2.8 -1.1
v 0.4 2.8 -1.1
v -0.3 2.9 1
v 0.2 2.9 1
v 0.3 2.9 1
v -0.5 2.9 0.9
v -0.3 2.9 0.9
v -0.1 2.9 0.9
v 0.1 2.9 0.9
v 0.3 2.9 0.9
v 0.5 2.9 0.9
v -0.7 2.9 0.8
v -0.5 2.9 0.8
v -0.4 2.9 0.8
v -0.1 2.9 0.8
v 0.1 2.9 0.8
v 0.2 2.9 0.8
v 0.4 2.9 0.8
v 0.5 2.9 0.8
v 0.7 2.9 0.8
v -0.8 2.9 0.7
v -0.7 2.9 0.7
v -0.6 2.9 0.7
v -0.4 2.9 0.7
v 0.4 2.9 0.7
v 0.5 2.9 0.7
v 0.6 2.9 0.7
v 0.7 2.9 0.7
v 0.8 2.9 0.7
v -0.7 2.9 0.6
v -0.6 2.9 0.6
v 0.6 2.9 0.6
v 0.7 2.9 0.6
v -0.9 2.9 0.5
v -0.8 2.9 0.5
v 0.8 2.9 0.5
v 0.9 2.9 0.5
v -0.8 2.9 0.4
v -0.7 2.9 0.4
v 0.7 2.9 0.4
v 0.8 2.9 0.4
v 0.9 2.9 0.4
v -1 2.9 0.3
v -0.9 2.9 0.3
v 0.9 2.9 0.3
v 1 2.9 0.3
v -0.9 2.9 0.1
v -0.8 2.9 0.1
v 0.8 2.9 0.1
v 0.9 2.9 0.1
v -0.9 2.9 -0.1
v -0.8 2.9 -0.1
v 0.8 2.9 -0.1
v 0.9 2.9 -0.1
v -1 2.9 -0.3
v -0.9 2.9 -0.3
v 0.9 2.9 -0.3
v 1 2.9 -0.3
v -0.8 2.9 -0.4
v -0.7 2.9 -0.4
v 0.7 2.9 -0.4
v 0.8 2.9 -0.4
v -0.9 2.9 -0.5
v -0.8 2.9 -0.5
v -0.7 2.9 -0.5
v 0.8 2.9 -0.5
v 0.9 2.9 -0.5
v -0.7 2.9 -0.6
v -0.6 2.9 -0.6
v 0.6 2.9 -0.6
v 0.7 2.9 -0.6
v -0.8 2.9 -0.7
v -0.7 2.9 -0.7
v -0.6 2.9 -0.7
v -0.4 2.9 -0.7
v 0.4 2.9 -0.7
v 0.6 2.9 -0.7
v 0.7 2.9 -0.7
v 0.8 2.9 -0.7
v -0.7 2.9 -0.8
v -0.5 2.9 -0.8
v -0.4 2.9 -0.8
v -0.1 2.9 -0.8
v 0.1 2.9 -0.8
v 0.4 2.9 -0.8
v 0.5 2.9 -0.8
v 0.7 2.9 -0.8
v -0.5 2.9 -0.9
v -0.3 2.9 -0.9
v -0.1 2.9 -0.9
v 0.1 2.9 -0.9
v 0.3 2.9 -0.9
v 0.5 2.9 -0.9
v -0.3 2.9 -1
v 0.3 2.9 -1
v -0.1 3 0.9
v 0.1 3 0.9
v -0.4 3 0.8
v -0.1 3 0.8
v 0.1 3 0.8
v 0.2 3 0.8
v 0.4 3 0.8
v -0.6 3 0.7
v -0.4 3 0.7
v -0.2 3 0.7
v 0.2 3 0.7
v 0.4 3 0.7
v 0.5 3 0.7
v 0.6 3 0.7
v -0.7 3 0.6
v -0.6 3 0.6
v -0.4 3 0.6
v -0.2 3 0.6
v 0.2 3 0.6
v 0.4 3 0.6
v 0.6 3 0.6
v 0.7 3 0.6
v -0.5 3 0.5
v -0.4 3 0.5
v 0.4 3 0.5
v 0.5 3 0.5
v -0.8 3 0.4
v -0.7 3 0.4
v -0.6 3 0.4
v -0.5 3 0.4
v 0.5 3 0.4
v 0.6 3 0.4
v 0.7 3 0.4
v 0.8 3 0.4
v 0.6 3 0.3
v -0.7 3 0.2
v -0.6 3 0.2
v 0.6 3 0.2
v 0.7 3 0.2
v -0.9 3 0.1
v -0.8 3 0.1
v -0.7 3 0.1
v 0.8 3 0.1
v 0.9 3 0.1
v -0.9 3 -0.1
v -0.8 3 -0.1
v 0.7 3 -0.1
v 0.8 3 -0.1
v 0.9 3 -0.1
v -0.7 3 -0.2
v -0.6 3 -0.2
v 0.6 3 -0.2
v 0.7 3 -0.2
v -0.8 3 -0.4
v -0.7 3 -0.4
v -0.6 3 -0.4
v -0.5 3 -0.4
v 0.5 3 -0.4
v 0.6 3 -0.4
v 0.7 3 -0.4
v 0.8 3 -0.4
v -0.5 3 -0.5
v -0.4 3 -0.5
v 0.4 3 -0.5
v 0.5 3 -0.5
v -0.7 3 -0.6
v -0.6 3 -0.6
v -0.4 3 -0.6
v -0.2 3 -0.6
v 0.2 3 -0.6
v 0.4 3 -0.6
v 0.6 3 -0.6
v 0.7 3 -0.6
v -0.6 3 -0.7
v -0.4 3 -0.7
v -0.2 3 -0.7
v 0.2 3 -0.7
v 0.4 3 -0.7
v 0.6 3 -0.7
v -0.4 3 -0.8
v -0.1 3 -0.8
v 0.1 3 -0.8
v 0.4 3 -0.8
v -0.1 3 -0.9
v 0.1 3 -0.9
v -0.2 3.1 0.7
v 0.2 3.1 0.7
v -0.4 3.1 0.6
v -0.2 3.1 0.6
v 0.2 3.1 0.6
v 0.4 3.1 0.6
v -0.5 3.1 0.5
v -0.4 3.1 0.5
v 0.4 3.1 0.5
v 0.5 3.1 0.5
v -0.6 3.1 0.4
v -0.5 3.1 0.4
v -0.2 3.1 0.4
v 0.2 3.1 0.4
v 0.5 3.1 0.4
v 0.6 3.1 0.4
v -0.3 3.1 0.3
v -0.2 3.1 0.3
v 0.2 3.1 0.3
v 0.3 3.1 0.3
v 0.5 3.1 0.3
v 0.6 3.1 0.3
v -0.7 3.1 0.2
v -0.6 3.1 0.2
v -0.4 3.1 0.2
v -0.3 3.1 0.2
v 0.3 3.1 0.2
v 0.4 3.1 0.2
v 0.5 3.1 0.2
v 0.6 3.1 0.2
v 0.7 3.1 0.2
v -0.7 3.1 0.1
v -0.4 3.1 0.1
v -0.7 3.1 -0.2
v -0.6 3.1 -0.2
v -0.4 3.1 -0.2
v -0.3 3.1 -0.2
v 0.3 3.1 -0.2
v 0.4 3.1 -0.2
v 0.6 3.1 -0.2
v 0.7 3.1 -0.2
v -0.3 3.1 -0.3
v -0.2 3.1 -0.3
v 0.2 3.1 -0.3
v 0.3 3.1 -0.3
v -0.6 3.1 -0.4
v -0.5 3.1 -0.4
v -0.2 3.1 -0.4
v 0.2 3.1 -0.4
v 0.5 3.1 -0.4
v 0.6 3.1 -0.4
v -0.5 3.1 -0.5
v -0.4 3.1 -0.5
v 0.4 3.1 -0.5
v 0.5 3.1 -0.5
v -0.4 3.1 -0.6
v -0.2 3.1 -0.6
v 0.2 3.1 -0.6
v 0.4 3.1 -0.6
v -0.2 3.1 -0.7
v 0.2 3.1 -0.7
v -0.2 3.2 0.4
v 0.2 3.2 0.4
v -0.3 3.2 0.3
v -0.2 3.2 0.3
v 0.2 3.2 0.3
v 0.3 3.2 0.3
v -0.4 3.2 0.2
v -0.3 3.2 0.2
v 0.3 3.2 0.2
v 0.4 3.2 0.2
v -0.4 3.2 0.1
v -0.3 3.2 0.1
v -0.4 3.2 -0.2
v -0.3 3.2 -0.2
v 0.2 3.2 -0.2
v 0.3 3.2 -0.2
v 0.4 3.2 -0.2
v -0.3 3.2 -0.3
v -0.2 3.2 -0.3
v 0.2 3.2 -0.3
v 0.3 3.2 -0.3
v -0.2 3.2 -0.4
v 0.2 3.2 -0.4

# faces
f 4/2/1 2/2/1 1/2/1
f 5/2/1 2/2/1 4/2/1
f 8/2/1 4/2/1 3/2/1
f 8/2/1 6/2/1 5/2/1
f 8/2/1 5/2/1 4/2/1
f 9/2/1 6/2/1 8/2/1
f 10/2/1 6/2/1 9/2/1
f 12/2/1 8/2/1 7/2/1
f 12/2/1 9/2/1 8/2/1
f 13/2/1 9/2/1 12/2/1
f 14/1/1 13/1/1 12/1/1
f 14/2/1 9/2/1 13/2/1
f 15/2/1 9/2/1 14/2/1
f 16/1/1 14/1/1 12/1/1
f 16/1/1 15/1/1 14/1/1
f 17/1/1 15/1/1 16/1/1
f 18/1/1 11/1/1 10/1/1
f 18/1/1 10/1/1 9/1/1
f 19/1/1 11/1/1 18/1/1
f 20/1/1 15/1/1 17/1/1
f 21/1/1 15/1/1 20/1/1
f 22/1/1 18/1/1 9/1/1
f 23/1/1 18/1/1 22/1/1
f 24/1/1 15/1/1 21/1/1
f 25/2/1 9/2/1 15/2/1
f 25/1/1 15/1/1 24/1/1
f 26/1/1 22/1/1 9/1/1
f 26/2/1 9/2/1 25/2/1
f 27/1/1 22/1/1 26/1/1
f 31/1/1 29/1/1 28/1/1
f 32/1/1 29/1/1 31/1/1
f 35/2/1 31/2/1 30/2/1
f 36/1/1 33/1/1 32/1/1
f 36/1/1 32/1/1 31/1/1
f 39/2/1 35/2/1 34/2/1
f 40/1/1 37/1/1 36/1/1
f 40/2/1 31/2/1 35/2/1
f 40/2/1 35/2/1 39/2/1
f 40/1/1 36/1/1 31/1/1
f 41/1/1 37/1/1 40/1/1
f 42/1/1 37/1/1 41/1/1
f 44/2/1 39/2/1 38/2/1
f 44/2/1 40/2/1 39/2/1
f 45/2/1 40/2/1 44/2/1
f 46/1/1 43/1/1 42/1/1
f 46/1/1 42/1/1 41/1/1
f 47/1/1 43/1/1 46/1/1
f 49/2/1 44/2/1 38/2/1
f 50/2/1 44/2/1 49/2/1
f 51/2/1 44/2/1 50/2/1
f 52/1/1 43/1/1 47/1/1
f 53/1/1 43/1/1 52/1/1
f 54/1/1 43/1/1 53/1/1
f 56/1/1 55/1/1 54/1/1
f 56/1/1 54/1/1 53/1/1
f 57/1/1 55/1/1 56/1/1
f 58/2/1 49/2/1 48/2/1
f 58/2/1 50/2/1 49/2/1
f 59/2/1 58/2/1 48/2/1
f 60/2/1 58/2/1 59/2/1
f 61/2/1 58/2/1 60/2/1
f 64/2/1 57/2/1 56/2/1
f 65/1/1 55/1/1 57/1/1
f 66/1/1 55/1/1 65/1/1
f 67/1/1 62/1/1 61/1/1
f 67/1/1 61/1/1 60/1/1
f 70/1/1 64/1/1 63/1/1
f 71/1/1 68/1/1 67/1/1
f 71/1/1 67/1/1 60/1/1
f 72/1/1 68/1/1 71/1/1
f 73/1/1 68/1/1 72/1/1
f 76/1/1 70/1/1 69/1/1
f 77/2/1 57/2/1 64/2/1
f 77/1/1 64/1/1 70/1/1
f 77/1/1 70/1/1 76/1/1
f 78/1/1 65/1/1 57/1/1
f 78/2/1 57/2/1 77/2/1
f 79/1/1 65/1/1 78/1/1
f 80/1/1 73/1/1 72/1/1
f 80/1/1 74/1/1 73/1/1
f 81/1/1 74/1/1 80/1/1
f 82/2/1 75/2/1 74/2/1
f 82/2/1 77/2/1 76/2/1
f 82/2/1 76/2/1 75/2/1
f 82/2/1 78/2/1 77/2/1
f 83/2/1 78/2/1 82/2/1
f 84/1/1 74/1/1 81/1/1
f 85/1/1 74/1/1 84/1/1
f 86/2/1 82/2/1 74/2/1
f 86/1/1 74/1/1 85/1/1
f 87/2/1 82/2/1 86/2/1
f 88/2/1 82/2/1 87/2/1
f 89/1/1 86/1/1 85/1/1
f 89/1/1 87/1/1 86/1/1
f 90/1/1 87/1/1 89/1/1
f 95/1/1 92/1/1 91/1/1
f 96/1/1 92/1/1 95/1/1
f 99/2/1 94/2/1 93/2/1
f 100/1/1 97/1/1 96/1/1
f 100/1/1 95/1/1 94/1/1
f 100/2/1 94/2/1 99/2/1
f 100/1/1 96/1/1 95/1/1
f 101/1/1 97/1/1 100/1/1
f 102/1/1 97/1/1 101/1/1
f 105/2/1 99/2/1 98/2/1
f 105/2/1 100/2/1 99/2/1
f 106/2/1 100/2/1 105/2/1
f 107/2/1 100/2/1 106/2/1
f 108/1/1 102/1/1 101/1/1
f 108/1/1 103/1/1 102/1/1
f 109/1/1 103/1/1 108/1/1
f 110/1/1 103/1/1 109/1/1
f 112/2/1 106/2/1 105/2/1
f 112/2/1 105/2/1 104/2/1
f 113/2/1 106/2/1 112/2/1
f 114/1/1 111/1/1 110/1/1
f 114/1/1 110/1/1 109/1/1
f 115/1/1 111/1/1 114/1/1
f 117/2/1 112/2/1 104/2/1
f 118/2/1 112/2/1 117/2/1
f 119/2/1 112/2/1 118/2/1
f 120/1/1 111/1/1 115/1/1
f 121/1/1 111/1/1 120/1/1
f 122/1/1 111/1/1 121/1/1
f 124/2/1 117/2/1 116/2/1
f 124/2/1 118/2/1 117/2/1
f 125/2/1 118/2/1 124/2/1
f 126/1/1 123/1/1 122/1/1
f 126/1/1 122/1/1 121/1/1
f 127/1/1 123/1/1 126/1/1
f 129/2/1 124/2/1 116/2/1
f 130/1/1 123/1/1 127/1/1
f 132/2/1 129/2/1 128/2/1
f 133/2/1 124/2/1 129/2/1
f 133/2/1 129/2/1 132/2/1
f 134/1/1 131/1/1 130/1/1
f 134/1/1 130/1/1 127/1/1
f 135/1/1 131/1/1 134/1/1
f 136/2/1 124/2/1 133/2/1
f 137/2/1 124/2/1 136/2/1
f 140/1/1 134/1/1 127/1/1
f 141/1/1 138/1/1 137/1/1
f 141/1/1 137/1/1 136/1/1
f 142/1/1 138/1/1 141/1/1
f 143/1/1 138/1/1 142/1/1
f 146/1/1 140/1/1 139/1/1
f 147/1/1 134/1/1 140/1/1
f 147/1/1 140/1/1 146/1/1
f 148/1/1 134/1/1 147/1/1
f 149/1/1 144/1/1 143/1/1
f 149/1/1 143/1/1 142/1/1
f 152/1/1 146/1/1 145/1/1
f 152/1/1 147/1/1 146/1/1
f 153/1/1 150/1/1 149/1/1
f 153/1/1 149/1/1 142/1/1
f 154/1/1 150/1/1 153/1/1
f 155/1/1 150/1/1 154/1/1
f 158/1/1 152/1/1 151/1/1
f 159/1/1 147/1/1 152/1/1
f 159/1/1 152/1/1 158/1/1
f 160/1/1 147/1/1 159/1/1
f 161/1/1 156/1/1 155/1/1
f 161/1/1 155/1/1 154/1/1
f 162/1/1 156/1/1 161/1/1
f 163/1/1 156/1/1 162/1/1
f 164/1/1 158/1/1 157/1/1
f 164/1/1 159/1/1 158/1/1
f 165/1/1 159/1/1 164/1/1
f 166/1/1 159/1/1 165/1/1
f 167/1/1 163/1/1 162/1/1
f 167/1/1 165/1/1 164/1/1
f 167/1/1 164/1/1 163/1/1
f 168/1/1 165/1/1 167/1/1
f 169/1/1 165/1/1 168/1/1
f 170/1/1 165/1/1 169/1/1
f 171/1/1 169/1/1 168/1/1
f 172/1/1 169/1/1 171/1/1
f 177/2/1 174/2/1 173/2/1
f 178/1/1 175/1/1 174/1/1
f 179/1/1 175/1/1 178/1/1
f 180/1/1 175/1/1 179/1/1
f 183/2/1 177/2/1 176/2/1
f 184/2/1 177/2/1 183/2/1
f 185/2/1 174/2/1 177/2/1
f 185/2/1 177/2/1 184/2/1
f 185/1/1 178/1/1 174/1/1
f 186/1/1 178/1/1 185/1/1
f 187/1/1 180/1/1 179/1/1
f 187/1/1 181/1/1 180/1/1
f 188/1/1 181/1/1 187/1/1
f 189/1/1 181/1/1 188/1/1
f 192/2/1 184/2/1 183/2/1
f 192/2/1 183/2/1 182/2/1
f 193/2/1 184/2/1 192/2/1
f 194/2/1 184/2/1 193/2/1
f 195/1/1 190/1/1 189/1/1
f 195/1/1 189/1/1 188/1/1
f 196/1/1 190/1/1 195/1/1
f 197/1/1 190/1/1 196/1/1
f 199/2/1 193/2/1 192/2/1
f 199/2/1 192/2/1 191/2/1
f 200/2/1 193/2/1 199/2/1
f 201/1/1 198/1/1 197/1/1
f 201/1/1 197/1/1 196/1/1
f 202/1/1 198/1/1 201/1/1
f 204/2/1 199/2/1 191/2/1
f 205/1/1 198/1/1 202/1/1
f 207/2/1 204/2/1 203/2/1
f 207/2/1 199/2/1 204/2/1
f 208/2/1 199/2/1 207/2/1
f 209/1/1 206/1/1 205/1/1
f 209/1/1 205/1/1 202/1/1
f 210/1/1 206/1/1 209/1/1
f 212/2/1 207/2/1 203/2/1
f 213/1/1 206/1/1 210/1/1
f 215/2/1 212/2/1 211/2/1
f 215/2/1 207/2/1 212/2/1
f 216/2/1 207/2/1 215/2/1
f 217/1/1 213/1/1 210/1/1
f 218/2/1 214/2/1 213/2/1
f 218/1/1 213/1/1 217/1/1
f 219/2/1 214/2/1 218/2/1
f 220/2/1 215/2/1 211/2/1
f 223/1/1 219/1/1 218/1/1
f 224/2/1 221/2/1 220/2/1
f 224/2/1 220/2/1 211/2/1
f 225/2/1 221/2/1 224/2/1
f 226/2/1 224/2/1 211/2/1
f 227/1/1 225/1/1 224/1/1
f 227/2/1 224/2/1 226/2/1
f 228/1/1 223/1/1 222/1/1
f 228/1/1 219/1/1 223/1/1
f 229/1/1 219/1/1 228/1/1
f 230/1/1 225/1/1 227/1/1
f 233/1/1 228/1/1 222/1/1
f 234/1/1 231/1/1 230/1/1
f 234/1/1 230/1/1 227/1/1
f 235/1/1 231/1/1 234/1/1
f 236/1/1 233/1/1 232/1/1
f 236/1/1 228/1/1 233/1/1
f 237/1/1 228/1/1 236/1/1
f 238/1/1 231/1/1 235/1/1
f 241/1/1 236/1/1 232/1/1
f 242/1/1 239/1/1 238/1/1
f 242/1/1 238/1/1 235/1/1
f 243/1/1 239/1/1 242/1/1
f 244/1/1 239/1/1 243/1/1
f 248/1/1 241/1/1 240/1/1
f 249/1/1 236/1/1 241/1/1
f 249/1/1 241/1/1 248/1/1
f 250/1/1 236/1/1 249/1/1
f 251/1/1 244/1/1 243/1/1
f 251/1/1 245/1/1 244/1/1
f 252/1/1 245/1/1 251/1/1
f 253/1/1 245/1/1 252/1/1
f 256/1/1 247/1/1 246/1/1
f 257/2/1 248/2/1 247/2/1
f 257/2/1 249/2/1 248/2/1
f 257/1/1 247/1/1 256/1/1
f 258/2/1 249/2/1 257/2/1
f 259/1/1 254/1/1 253/1/1
f 259/1/1 253/1/1 252/1/1
f 260/1/1 254/1/1 259/1/1
f 261/1/1 254/1/1 260/1/1
f 262/1/1 256/1/1 255/1/1
f 262/1/1 257/1/1 256/1/1
f 263/1/1 257/1/1 262/1/1
f 264/1/1 257/1/1 263/1/1
f 265/1/1 261/1/1 260/1/1
f 265/1/1 263/1/1 262/1/1
f 265/1/1 262/1/1 261/1/1
f 266/1/1 263/1/1 265/1/1
f 271/2/1 268/2/1 267/2/1
f 272/2/1 268/2/1 271/2/1
f 273/1/1 269/1/1 268/1/1
f 273/2/1 268/2/1 272/2/1
f 274/1/1 269/1/1 273/1/1
f 275/1/1 269/1/1 274/1/1
f 278/2/1 272/2/1 271/2/1
f 278/2/1 271/2/1 270/2/1
f 279/2/1 272/2/1 278/2/1
f 280/2/1 272/2/1 279/2/1
f 281/1/1 275/1/1 274/1/1
f 281/1/1 276/1/1 275/1/1
f 282/1/1 276/1/1 281/1/1
f 283/1/1 276/1/1 282/1/1
f 286/2/1 279/2/1 278/2/1
f 286/2/1 278/2/1 277/2/1
f 287/2/1 279/2/1 286/2/1
f 288/1/1 284/1/1 283/1/1
f 288/1/1 283/1/1 282/1/1
f 289/1/1 284/1/1 288/1/1
f 292/2/1 286/2/1 285/2/1
f 293/2/1 286/2/1 292/2/1
f 294/2/1 290/2/1 289/2/1
f 295/2/1 290/2/1 294/2/1
f 298/2/1 292/2/1 291/2/1
f 299/2/1 296/2/1 295/2/1
f 301/2/1 298/2/1 297/2/1
f 301/2/1 292/2/1 298/2/1
f 302/2/1 292/2/1 301/2/1
f 303/2/1 300/2/1 299/2/1
f 303/2/1 299/2/1 295/2/1
f 304/2/1 300/2/1 303/2/1
f 306/2/1 301/2/1 297/2/1
f 307/2/1 300/2/1 304/2/1
f 309/2/1 306/2/1 305/2/1
f 309/2/1 301/2/1 306/2/1
f 310/2/1 301/2/1 309/2/1
f 311/2/1 308/2/1 307/2/1
f 311/2/1 307/2/1 304/2/1
f 312/2/1 308/2/1 311/2/1
f 313/2/1 308/2/1 312/2/1
f 314/2/1 309/2/1 305/2/1
f 317/2/1 308/2/1 313/2/1
f 318/2/1 315/2/1 314/2/1
f 318/2/1 314/2/1 305/2/1
f 319/2/1 315/2/1 318/2/1
f 320/1/1 317/1/1 316/1/1
f 320/2/1 308/2/1 317/2/1
f 321/2/1 308/2/1 320/2/1
f 322/2/1 315/2/1 319/2/1
f 323/2/1 315/2/1 322/2/1
f 326/1/1 320/1/1 316/1/1
f 327/1/1 324/1/1 323/1/1
f 327/1/1 323/1/1 322/1/1
f 328/1/1 324/1/1 327/1/1
f 329/1/1 326/1/1 325/1/1
f 329/1/1 320/1/1 326/1/1
f 330/1/1 320/1/1 329/1/1
f 331/1/1 324/1/1 328/1/1
f 332/1/1 324/1/1 331/1/1
f 335/1/1 329/1/1 325/1/1
f 336/1/1 329/1/1 335/1/1
f 337/1/1 333/1/1 332/1/1
f 338/1/1 333/1/1 337/1/1
f 341/2/1 335/2/1 334/2/1
f 342/2/1 335/2/1 341/2/1
f 343/1/1 339/1/1 338/1/1
f 344/1/1 339/1/1 343/1/1
f 345/1/1 339/1/1 344/1/1
f 348/2/1 341/2/1 340/2/1
f 349/2/1 341/2/1 348/2/1
f 350/2/1 341/2/1 349/2/1
f 351/1/1 346/1/1 345/1/1
f 351/1/1 345/1/1 344/1/1
f 352/1/1 346/1/1 351/1/1
f 353/1/1 346/1/1 352/1/1
f 354/1/1 348/1/1 347/1/1
f 355/1/1 348/1/1 354/1/1
f 356/2/1 349/2/1 348/2/1
f 356/1/1 348/1/1 355/1/1
f 357/2/1 349/2/1 356/2/1
f 358/1/1 355/1/1 354/1/1
f 358/1/1 353/1/1 352/1/1
f 358/1/1 354/1/1 353/1/1
f 359/1/1 355/1/1 358/1/1
f 363/2/1 361/2/1 360/2/1
f 364/2/1 361/2/1 363/2/1
f 365/2/1 361/2/1 364/2/1
f 368/2/1 363/2/1 362/2/1
f 369/2/1 363/2/1 368/2/1
f 370/2/1 366/2/1 365/2/1
f 371/2/1 366/2/1 370/2/1
f 374/2/1 368/2/1 367/2/1
f 375/2/1 368/2/1 374/2/1
f 376/2/1 372/2/1 371/2/1
f 377/2/1 372/2/1 376/2/1
f 379/2/1 374/2/1 373/2/1
f 380/2/1 374/2/1 379/2/1
f 381/2/1 378/2/1 377/2/1
f 382/2/1 378/2/1 381/2/1
f 384/2/1 379/2/1 373/2/1
f 385/2/1 379/2/1 384/2/1
f 386/2/1 378/2/1 382/2/1
f 387/2/1 378/2/1 386/2/1
f 390/2/1 384/2/1 383/2/1
f 391/2/1 384/2/1 390/2/1
f 392/2/1 388/2/1 387/2/1
f 393/2/1 388/2/1 392/2/1
f 396/2/1 390/2/1 389/2/1
f 397/2/1 390/2/1 396/2/1
f 398/2/1 394/2/1 393/2/1
f 399/2/1 394/2/1 398/2/1
f 401/2/1 396/2/1 395/2/1
f 402/2/1 396/2/1 401/2/1
f 403/1/1 402/1/1 401/1/1
f 404/1/1 402/1/1 403/1/1
f 405/2/1 404/2/1 403/2/1
f 406/2/1 404/2/1 405/2/1
f 409/2/1 400/2/1 399/2/1
f 410/2/1 400/2/1 409/2/1
f 411/2/1 407/2/1 406/2/1
f 412/2/1 411/2/1 406/2/1
f 413/2/1 411/2/1 412/2/1
f 416/2/1 409/2/1 408/2/1
f 417/2/1 409/2/1 416/2/1
f 418/1/1 414/1/1 413/1/1
f 419/1/1 414/1/1 418/1/1
f 422/1/1 416/1/1 415/1/1
f 423/1/1 416/1/1 422/1/1
f 424/1/1 420/1/1 419/1/1
f 427/2/1 422/2/1 421/2/1
f 428/1/1 425/1/1 424/1/1
f 428/1/1 424/1/1 419/1/1
f 429/1/1 425/1/1 428/1/1
f 432/2/1 427/2/1 426/2/1
f 433/2/1 422/2/1 427/2/1
f 433/2/1 427/2/1 432/2/1
f 434/1/1 430/1/1 429/1/1
f 435/1/1 430/1/1 434/1/1
f 439/2/1 432/2/1 431/2/1
f 440/2/1 432/2/1 439/2/1
f 441/1/1 436/1/1 435/1/1
f 442/1/1 436/1/1 441/1/1
f 443/1/1 438/1/1 437/1/1
f 444/2/1 439/2/1 438/2/1
f 444/1/1 438/1/1 443/1/1
f 445/2/1 439/2/1 444/2/1
f 446/1/1 443/1/1 442/1/1
f 447/1/1 443/1/1 446/1/1
f 452/2/1 449/2/1 448/2/1
f 453/2/1 449/2/1 452/2/1
f 457/2/1 451/2/1 450/2/1
f 458/2/1 451/2/1 457/2/1
f 459/2/1 455/2/1 454/2/1
f 460/2/1 455/2/1 459/2/1
f 463/2/1 457/2/1 456/2/1
f 464/2/1 457/2/1 463/2/1
f 465/2/1 461/2/1 460/2/1
f 466/2/1 461/2/1 465/2/1
f 469/2/1 463/2/1 462/2/1
f 470/2/1 463/2/1 469/2/1
f 471/2/1 467/2/1 466/2/1
f 472/2/1 467/2/1 471/2/1
f 475/2/1 469/2/1 468/2/1
f 476/2/1 469/2/1 475/2/1
f 477/2/1 473/2/1 472/2/1
f 478/2/1 473/2/1 477/2/1
f 481/2/1 475/2/1 474/2/1
f 482/2/1 475/2/1 481/2/1
f 483/2/1 479/2/1 478/2/1
f 484/2/1 479/2/1 483/2/1
f 486/2/1 481/2/1 480/2/1
f 487/2/1 481/2/1 486/2/1
f 488/2/1 485/2/1 484/2/1
f 489/2/1 485/2/1 488/2/1
f 494/1/1 491/1/1 490/1/1
f 495/1/1 491/1/1 494/1/1
f 496/2/1 495/2/1 494/2/1
f 497/2/1 495/2/1 496/2/1
f 498/2/1 493/2/1 492/2/1
f 499/2/1 493/2/1 498/2/1
f 504/2/1 501/2/1 500/2/1
f 505/2/1 501/2/1 504/2/1
f 506/1/1 505/1/1 504/1/1
f 507/1/1 505/1/1 506/1/1
f 510/2/1 503/2/1 502/2/1
f 511/2/1 503/2/1 510/2/1
f 512/1/1 508/1/1 507/1/1
f 513/1/1 508/1/1 512/1/1
f 516/2/1 510/2/1 509/2/1
f 517/2/1 510/2/1 516/2/1
f 518/1/1 514/1/1 513/1/1
f 519/1/1 514/1/1 518/1/1
f 522/2/1 516/2/1 515/2/1
f 523/2/1 516/2/1 522/2/1
f 524/1/1 520/1/1 519/1/1
f 525/1/1 520/1/1 524/1/1
f 528/2/1 522/2/1 521/2/1
f 529/2/1 522/2/1 528/2/1
f 530/1/1 526/1/1 525/1/1
f 531/1/1 526/1/1 530/1/1
f 535/2/1 528/2/1 527/2/1
f 536/2/1 528/2/1 535/2/1
f 537/1/1 532/1/1 531/1/1
f 538/1/1 532/1/1 537/1/1
f 541/1/1 534/1/1 533/1/1
f 542/2/1 535/2/1 534/2/1
f 542/1/1 534/1/1 541/1/1
f 543/2/1 535/2/1 542/2/1
f 544/1/1 540/1/1 539/1/1
f 545/1/1 540/1/1 544/1/1
f 550/2/1 547/2/1 546/2/1
f 551/2/1 547/2/1 550/2/1
f 556/2/1 549/2/1 548/2/1
f 557/2/1 549/2/1 556/2/1
f 558/2/1 553/2/1 552/2/1
f 559/2/1 553/2/1 558/2/1
f 563/2/1 555/2/1 554/2/1
f 564/2/1 555/2/1 563/2/1
f 565/2/1 561/2/1 560/2/1
f 566/2/1 561/2/1 565/2/1
f 569/2/1 563/2/1 562/2/1
f 570/2/1 563/2/1 569/2/1
f 571/2/1 567/2/1 566/2/1
f 572/2/1 567/2/1 571/2/1
f 575/2/1 569/2/1 568/2/1
f 576/2/1 569/2/1 575/2/1
f 577/2/1 573/2/1 572/2/1
f 578/2/1 573/2/1 577/2/1
f 580/2/1 575/2/1 574/2/1
f 581/2/1 575/2/1 580/2/1
f 583/1/1 581/1/1 580/1/1
f 584/1/1 581/1/1 583/1/1
f 585/2/1 579/2/1 578/2/1
f 586/2/1 579/2/1 585/2/1
f 588/1/1 583/1/1 582/1/1
f 589/1/1 583/1/1 588/1/1
f 590/2/1 587/2/1 586/2/1
f 591/2/1 587/2/1 590/2/1
f 596/1/1 593/1/1 592/1/1
f 597/1/1 593/1/1 596/1/1
f 598/2/1 595/2/1 594/2/1
f 599/2/1 595/2/1 598/2/1
f 604/2/1 601/2/1 600/2/1
f 605/2/1 601/2/1 604/2/1
f 606/2/1 603/2/1 602/2/1
f 607/2/1 603/2/1 606/2/1
f 612/2/1 609/2/1 608/2/1
f 613/2/1 609/2/1 612/2/1
f 614/2/1 611/2/1 610/2/1
f 615/2/1 611/2/1 614/2/1
f 620/1/1 617/1/1 616/1/1
f 621/1/1 617/1/1 620/1/1
f 624/2/1 619/2/1 618/2/1
f 625/2/1 619/2/1 624/2/1
f 626/1/1 622/1/1 621/1/1
f 627/1/1 622/1/1 626/1/1
f 630/2/1 624/2/1 623/2/1
f 631/2/1 624/2/1 630/2/1
f 632/1/1 628/1/1 627/1/1
f 633/1/1 628/1/1 632/1/1
f 636/2/1 630/2/1 629/2/1
f 637/2/1 630/2/1 636/2/1
f 638/1/1 634/1/1 633/1/1
f 639/1/1 634/1/1 638/1/1
f 642/2/1 636/2/1 635/2/1
f 643/2/1 636/2/1 642/2/1
f 644/1/1 640/1/1 639/1/1
f 645/1/1 640/1/1 644/1/1
f 650/2/1 642/2/1 641/2/1
f 651/2/1 642/2/1 650/2/1
f 652/1/1 647/1/1 646/1/1
f 653/1/1 647/1/1 652/1/1
f 656/1/1 649/1/1 648/1/1
f 657/1/1 649/1/1 656/1/1
f 658/1/1 655/1/1 654/1/1
f 659/1/1 655/1/1 658/1/1
f 666/2/1 661/2/1 660/2/1
f 667/2/1 661/2/1 666/2/1
f 668/2/1 663/2/1 662/2/1
f 669/2/1 663/2/1 668/2/1
f 673/2/1 665/2/1 664/2/1
f 674/2/1 665/2/1 673/2/1
f 675/2/1 671/2/1 670/2/1
f 676/2/1 671/2/1 675/2/1
f 678/2/1 673/2/1 672/2/1
f 679/2/1 673/2/1 678/2/1
f 680/2/1 677/2/1 676/2/1
f 681/2/1 677/2/1 680/2/1
f 687/1/1 683/1/1 682/1/1
f 688/1/1 683/1/1 687/1/1
f 689/2/1 685/2/1 684/2/1
f 690/2/1 685/2/1 689/2/1
f 692/1/1 687/1/1 686/1/1
f 693/1/1 687/1/1 692/1/1
f 694/2/1 691/2/1 690/2/1
f 695/2/1 691/2/1 694/2/1
f 700/1/1 697/1/1 696/1/1
f 701/1/1 697/1/1 700/1/1
f 702/2/1 701/2/1 700/2/1
f 703/2/1 701/2/1 702/2/1
f 704/2/1 699/2/1 698/2/1
f 705/2/1 699/2/1 704/2/1
f 710/2/1 707/2/1 706/2/1
f 711/2/1 707/2/1 710/2/1
f 712/2/1 709/2/1 708/2/1
f 713/2/1 709/2/1 712/2/1
f 718/1/1 715/1/1 714/1/1
f 719/1/1 718/1/1 714/1/1
f 720/1/1 718/1/1 719/1/1
f 723/2/1 717/2/1 716/2/1
f 724/2/1 717/2/1 723/2/1
f 725/1/1 721/1/1 720/1/1
f 726/1/1 721/1/1 725/1/1
f 727/2/1 723/2/1 722/2/1
f 728/2/1 723/2/1 727/2/1
f 733/1/1 730/1/1 729/1/1
f 734/1/1 730/1/1 733/1/1
f 737/2/1 732/2/1 731/2/1
f 738/2/1 732/2/1 737/2/1
f 739/1/1 735/1/1 734/1/1
f 740/1/1 735/1/1 739/1/1
f 745/2/1 737/2/1 736/2/1
f 746/2/1 737/2/1 745/2/1
f 747/1/1 742/1/1 741/1/1
f 748/1/1 742/1/1 747/1/1
f 749/1/1 744/1/1 743/1/1
f 750/1/1 744/1/1 749/1/1
f 755/2/1 752/2/1 751/2/1
f 756/2/1 752/2/1 755/2/1
f 761/2/1 754/2/1 753/2/1
f 762/2/1 754/2/1 761/2/1
f 763/2/1 758/2/1 757/2/1
f 764/2/1 758/2/1 763/2/1
f 768/2/1 760/2/1 759/2/1
f 769/2/1 760/2/1 768/2/1
f 770/2/1 766/2/1 765/2/1
f 771/2/1 766/2/1 770/2/1
f 774/2/1 768/2/1 767/2/1
f 775/2/1 768/2/1 774/2/1
f 776/2/1 772/2/1 771/2/1
f 777/2/1 772/2/1 776/2/1
f 780/2/1 774/2/1 773/2/1
f 781/2/1 774/2/1 780/2/1
f 782/2/1 778/2/1 777/2/1
f 783/2/1 778/2/1 782/2/1
f 786/2/1 780/2/1 779/2/1
f 787/2/1 780/2/1 786/2/1
f 788/2/1 784/2/1 783/2/1
f 789/2/1 784/2/1 788/2/1
f 792/2/1 786/2/1 785/2/1
f 793/2/1 786/2/1 792/2/1
f 794/2/1 790/2/1 789/2/1
f 795/2/1 790/2/1 794/2/1
f 797/2/1 792/2/1 791/2/1
f 798/2/1 792/2/1 797/2/1
f 799/2/1 796/2/1 795/2/1
f 800/2/1 796/2/1 799/2/1
f 805/1/1 802/1/1 801/1/1
f 806/1/1 802/1/1 805/1/1
f 807/2/1 804/2/1 803/2/1
f 808/2/1 804/2/1 807/2/1
f 813/2/1 810/2/1 809/2/1
f 814/2/1 810/2/1 813/2/1
f 815/2/1 812/2/1 811/2/1
f 816/2/1 812/2/1 815/2/1
f 821/2/1 818/2/1 817/2/1
f 822/2/1 818/2/1 821/2/1
f 823/1/1 822/1/1 821/1/1
f 824/1/1 822/1/1 823/1/1
f 825/2/1 820/2/1 819/2/1
f 826/2/1 820/2/1 825/2/1
f 831/1/1 828/1/1 827/1/1
f 832/1/1 828/1/1 831/1/1
f 835/2/1 830/2/1 829/2/1
f 836/2/1 830/2/1 835/2/1
f 837/1/1 833/1/1 832/1/1
f 838/1/1 833/1/1 837/1/1
f 841/2/1 835/2/1 834/2/1
f 842/2/1 835/2/1 841/2/1
f 843/1/1 839/1/1 838/1/1
f 844/1/1 839/1/1 843/1/1
f 847/2/1 841/2/1 840/2/1
f 848/2/1 841/2/1 847/2/1
f 849/1/1 845/1/1 844/1/1
f 850/1/1 845/1/1 849/1/1
f 853/2/1 847/2/1 846/2/1
f 854/2/1 847/2/1 853/2/1
f 855/1/1 851/1/1 850/1/1
f 856/1/1 851/1/1 855/1/1
f 859/2/1 853/2/1 852/2/1
f 860/2/1 853/2/1 859/2/1
f 861/1/1 857/1/1 856/1/1
f 862/1/1 857/1/1 861/1/1
f 868/2/1 859/2/1 858/2/1
f 869/2/1 859/2/1 868/2/1
f 870/1/1 864/1/1 863/1/1
f 871/1/1 864/1/1 870/1/1
f 875/2/1 867/2/1 866/2/1
f 875/2/1 866/2/1 865/2/1
f 876/2/1 867/2/1 875/2/1
f 877/1/1 873/1/1 872/1/1
f 878/2/1 874/2/1 873/2/1
f 878/1/1 873/1/1 877/1/1
f 879/2/1 874/2/1 878/2/1
f 886/2/1 881/2/1 880/2/1
f 887/2/1 881/2/1 886/2/1
f 888/2/1 883/2/1 882/2/1
f 889/2/1 883/2/1 888/2/1
f 892/2/1 885/2/1 884/2/1
f 893/2/1 885/2/1 892/2/1
f 894/2/1 891/2/1 890/2/1
f 895/2/1 891/2/1 894/2/1
f 901/2/1 897/2/1 896/2/1
f 902/2/1 897/2/1 901/2/1
f 903/2/1 899/2/1 898/2/1
f 904/2/1 899/2/1 903/2/1
f 907/2/1 901/2/1 900/2/1
f 908/2/1 901/2/1 907/2/1
f 909/2/1 905/2/1 904/2/1
f 910/2/1 905/2/1 909/2/1
f 912/2/1 907/2/1 906/2/1
f 913/2/1 907/2/1 912/2/1
f 914/2/1 911/2/1 910/2/1
f 915/2/1 911/2/1 914/2/1
f 920/1/1 917/1/1 916/1/1
f 921/1/1 917/1/1 920/1/1
f 922/2/1 919/2/1 918/2/1
f 923/2/1 919/2/1 922/2/1
f 928/1/1 925/1/1 924/1/1
f 929/1/1 925/1/1 928/1/1
f 930/2/1 927/2/1 926/2/1
f 931/2/1 927/2/1 930/2/1
f 936/2/1 933/2/1 932/2/1
f 937/2/1 933/2/1 936/2/1
f 938/2/1 935/2/1 934/2/1
f 939/2/1 935/2/1 938/2/1
f 944/2/1 941/2/1 940/2/1
f 945/2/1 941/2/1 944/2/1
f 946/2/1 943/2/1 942/2/1
f 947/2/1 943/2/1 946/2/1
f 952/1/1 949/1/1 948/1/1
f 953/1/1 949/1/1 952/1/1
f 956/2/1 951/2/1 950/2/1
f 957/2/1 951/2/1 956/2/1
f 958/1/1 954/1/1 953/1/1
f 959/1/1 954/1/1 958/1/1
f 962/2/1 956/2/1 955/2/1
f 963/2/1 956/2/1 962/2/1
f 964/1/1 960/1/1 959/1/1
f 965/1/1 960/1/1 964/1/1
f 966/2/1 962/2/1 961/2/1
f 967/2/1 962/2/1 966/2/1
f 972/1/1 969/1/1 968/1/1
f 973/1/1 969/1/1 972/1/1
f 978/2/1 971/2/1 970/2/1
f 979/2/1 971/2/1 978/2/1
f 980/1/1 975/1/1 974/1/1
f 981/1/1 975/1/1 980/1/1
f 982/2/1 977/2/1 976/2/1
f 983/2/1 977/2/1 982/2/1
f 988/2/1 985/2/1 984/2/1
f 989/2/1 985/2/1 988/2/1
f 990/2/1 987/2/1 986/2/1
f 991/2/1 987/2/1 990/2/1
f 996/2/1 993/2/1 992/2/1
f 997/2/1 993/2/1 996/2/1
f 998/2/1 995/2/1 994/2/1
f 999/2/1 995/2/1 998/2/1
f 1004/2/1 1001/2/1 1000/2/1
f 1005/2/1 1001/2/1 1004/2/1
f 1006/2/1 1003/2/1 1002/2/1
f 1007/2/1 1003/2/1 1006/2/1
f 1012/1/1 1009/1/1 1008/1/1
f 1013/1/1 1009/1/1 1012/1/1
f 1014/2/1 1011/2/1 1010/2/1
f 1015/2/1 1011/2/1 1014/2/1
f 1020/2/1 1017/2/1 1016/2/1
f 1021/2/1 1017/2/1 1020/2/1
f 1022/2/1 1019/2/1 1018/2/1
f 1023/2/1 1019/2/1 1022/2/1
f 1028/1/1 1025/1/1 1024/1/1
f 1029/1/1 1025/1/1 1028/1/1
f 1030/2/1 1027/2/1 1026/2/1
f 1031/2/1 1027/2/1 1030/2/1
f 1036/1/1 1033/1/1 1032/1/1
f 1037/1/1 1033/1/1 1036/1/1
f 1038/2/1 1035/2/1 1034/2/1
f 1039/2/1 1035/2/1 1038/2/1
f 1044/1/1 1041/1/1 1040/1/1
f 1045/1/1 1041/1/1 1044/1/1
f 1046/2/1 1043/2/1 1042/2/1
f 1047/2/1 1043/2/1 1046/2/1
f 1052/2/1 1049/2/1 1048/2/1
f 1053/2/1 1049/2/1 1052/2/1
f 1058/2/1 1051/2/1 1050/2/1
f 1059/2/1 1051/2/1 1058/2/1
f 1060/2/1 1055/2/1 1054/2/1
f 1061/2/1 1055/2/1 1060/2/1
f 1064/2/1 1057/2/1 1056/2/1
f 1065/2/1 1057/2/1 1064/2/1
f 1066/2/1 1063/2/1 1062/2/1
f 1067/2/1 1063/2/1 1066/2/1
f 1073/2/1 1069/2/1 1068/2/1
f 1074/2/1 1069/2/1 1073/2/1
f 1075/2/1 1071/2/1 1070/2/1
f 1076/2/1 1071/2/1 1075/2/1
f 1078/2/1 1073/2/1 1072/2/1
f 1079/2/1 1073/2/1 1078/2/1
f 1080/2/1 1077/2/1 1076/2/1
f 1081/2/1 1077/2/1 1080/2/1
f 1086/1/1 1083/1/1 1082/1/1
f 1087/1/1 1083/1/1 1086/1/1
f 1088/2/1 1085/2/1 1084/2/1
f 1089/2/1 1085/2/1 1088/2/1
f 1094/1/1 1091/1/1 1090/1/1
f 1095/1/1 1091/1/1 1094/1/1
f 1096/2/1 1093/2/1 1092/2/1
f 1097/2/1 1093/2/1 1096/2/1
f 1102/2/1 1099/2/1 1098/2/1
f 1103/2/1 1099/2/1 1102/2/1
f 1104/2/1 1101/2/1 1100/2/1
f 1105/2/1 1101/2/1 1104/2/1
f 1110/2/1 1107/2/1 1106/2/1
f 1111/2/1 1107/2/1 1110/2/1
f 1112/2/1 1109/2/1 1108/2/1
f 1113/2/1 1109/2/1 1112/2/1
f 1118/2/1 1115/2/1 1114/2/1
f 1119/2/1 1115/2/1 1118/2/1
f 1120/2/1 1117/2/1 1116/2/1
f 1121/2/1 1117/2/1 1120/2/1
f 1126/1/1 1123/1/1 1122/1/1
f 1127/1/1 1123/1/1 1126/1/1
f 1130/2/1 1125/2/1 1124/2/1
f 1131/2/1 1125/2/1 1130/2/1
f 1132/1/1 1128/1/1 1127/1/1
f 1133/1/1 1128/1/1 1132/1/1
f 1134/2/1 1130/2/1 1129/2/1
f 1135/2/1 1130/2/1 1134/2/1
f 1140/1/1 1137/1/1 1136/1/1
f 1141/1/1 1137/1/1 1140/1/1
f 1146/2/1 1139/2/1 1138/2/1
f 1147/2/1 1139/2/1 1146/2/1
f 1148/1/1 1143/1/1 1142/1/1
f 1149/1/1 1143/1/1 1148/1/1
f 1153/2/1 1145/2/1 1144/2/1
f 1154/2/1 1145/2/1 1153/2/1
f 1155/1/1 1151/1/1 1150/1/1
f 1156/2/1 1152/2/1 1151/2/1
f 1156/1/1 1151/1/1 1155/1/1
f 1157/2/1 1152/2/1 1156/2/1
f 1162/2/1 1159/2/1 1158/2/1
f 1163/2/1 1159/2/1 1162/2/1
f 1164/2/1 1161/2/1 1160/2/1
f 1165/2/1 1161/2/1 1164/2/1
f 1170/2/1 1167/2/1 1166/2/1
f 1171/2/1 1167/2/1 1170/2/1
f 1172/2/1 1169/2/1 1168/2/1
f 1173/2/1 1169/2/1 1172/2/1
f 1178/1/1 1175/1/1 1174/1/1
f 1179/1/1 1175/1/1 1178/1/1
f 1180/2/1 1177/2/1 1176/2/1
f 1181/2/1 1177/2/1 1180/2/1
f 1186/1/1 1183/1/1 1182/1/1
f 1187/1/1 1183/1/1 1186/1/1
f 1188/2/1 1185/2/1 1184/2/1
f 1189/2/1 1185/2/1 1188/2/1
f 1194/2/1 1191/2/1 1190/2/1
f 1195/2/1 1191/2/1 1194/2/1
f 1196/2/1 1193/2/1 1192/2/1
f 1197/2/1 1193/2/1 1196/2/1
f 1202/1/1 1199/1/1 1198/1/1
f 1203/1/1 1199/1/1 1202/1/1
f 1204/2/1 1201/2/1 1200/2/1
f 1205/2/1 1201/2/1 1204/2/1
f 1210/1/1 1207/1/1 1206/1/1
f 1211/1/1 1207/1/1 1210/1/1
f 1212/2/1 1209/2/1 1208/2/1
f 1213/2/1 1209/2/1 1212/2/1
f 1218/1/1 1215/1/1 1214/1/1
f 1219/1/1 1215/1/1 1218/1/1
f 1220/2/1 1217/2/1 1216/2/1
f 1221/2/1 1217/2/1 1220/2/1
f 1228/2/1 1223/2/1 1222/2/1
f 1229/2/1 1223/2/1 1228/2/1
f 1230/2/1 1225/2/1 1224/2/1
f 1231/2/1 1225/2/1 1230/2/1
f 1234/2/1 1227/2/1 1226/2/1
f 1235/2/1 1227/2/1 1234/2/1
f 1236/2/1 1233/2/1 1232/2/1
f 1237/2/1 1233/2/1 1236/2/1
f 1242/1/1 1239/1/1 1238/1/1
f 1243/1/1 1239/1/1 1242/1/1
f 1244/2/1 1241/2/1 1240/2/1
f 1245/2/1 1241/2/1 1244/2/1
f 1250/1/1 1247/1/1 1246/1/1
f 1251/1/1 1247/1/1 1250/1/1
f 1252/2/1 1249/2/1 1248/2/1
f 1253/2/1 1249/2/1 1252/2/1
f 1258/2/1 1255/2/1 1254/2/1
f 1259/2/1 1255/2/1 1258/2/1
f 1260/2/1 1257/2/1 1256/2/1
f 1261/2/1 1257/2/1 1260/2/1
f 1266/2/1 1263/2/1 1262/2/1
f 1267/2/1 1263/2/1 1266/2/1
f 1268/2/1 1265/2/1 1264/2/1
f 1269/2/1 1265/2/1 1268/2/1
f 1274/1/1 1271/1/1 1270/1/1
f 1275/1/1 1271/1/1 1274/1/1
f 1280/2/1 1273/2/1 1272/2/1
f 1281/2/1 1273/2/1 1280/2/1
f 1282/1/1 1277/1/1 1276/1/1
f 1283/1/1 1277/1/1 1282/1/1
f 1284/2/1 1279/2/1 1278/2/1
f 1285/2/1 1279/2/1 1284/2/1
f 1290/2/1 1287/2/1 1286/2/1
f 1291/2/1 1287/2/1 1290/2/1
f 1292/2/1 1289/2/1 1288/2/1
f 1293/2/1 1289/2/1 1292/2/1
f 1298/2/1 1295/2/1 1294/2/1
f 1299/2/1 1295/2/1 1298/2/1
f 1300/2/1 1297/2/1 1296/2/1
f 1301/2/1 1297/2/1 1300/2/1
f 1306/2/1 1303/2/1 1302/2/1
f 1307/2/1 1303/2/1 1306/2/1
f 1308/2/1 1305/2/1 1304/2/1
f 1309/2/1 1305/2/1 1308/2/1
f 1314/1/1 1311/1/1 1310/1/1
f 1315/1/1 1311/1/1 1314/1/1
f 1316/2/1 1313/2/1 1312/2/1
f 1317/2/1 1313/2/1 1316/2/1
f 1318/2/2 1319/2/2 1322/2/2
f 1322/2/2 1319/2/2 1323/2/2
f 1320/2/2 1321/2/2 1324/2/2
f 1324/2/2 1321/2/2 1325/2/2
f 1326/2/2 1327/2/2 1330/2/2
f 1330/2/2 1327/2/2 1331/2/2
f 1328/2/2 1329/2/2 1332/2/2
f 1332/2/2 1329/2/2 1333/2/2
f 1334/1/2 1335/1/2 1338/1/2
f 1338/1/2 1335/1/2 1339/1/2
f 1336/2/2 1337/2/2 1340/2/2
f 1340/2/2 1337/2/2 1341/2/2
f 1342/1/2 1343/1/2 1346/1/2
f 1346/1/2 1343/1/2 1347/1/2
f 1344/2/2 1345/2/2 1348/2/2
f 1348/2/2 1345/2/2 1349/2/2
f 1350/2/2 1351/2/2 1356/2/2
f 1356/2/2 1351/2/2 1357/2/2
f 1352/2/2 1353/2/2 1358/2/2
f 1358/2/2 1353/2/2 1359/2/2
f 1354/2/2 1355/2/2 1362/2/2
f 1362/2/2 1355/2/2 1363/2/2
f 1360/2/2 1361/2/2 1364/2/2
f 1364/2/2 1361/2/2 1365/2/2
f 1366/2/2 1367/2/2 1370/2/2
f 1370/2/2 1367/2/2 1371/2/2
f 1368/2/2 1369/2/2 1372/2/2
f 1372/2/2 1369/2/2 1373/2/2
f 1374/2/2 1375/2/2 1378/2/2
f 1378/2/2 1375/2/2 1379/2/2
f 1376/2/2 1377/2/2 1380/2/2
f 1380/2/2 1377/2/2 1381/2/2
f 1382/2/2 1383/2/2 1386/2/2
f 1386/2/2 1383/2/2 1387/2/2
f 1384/2/2 1385/2/2 1388/2/2
f 1388/2/2 1385/2/2 1389/2/2
f 1390/1/2 1391/1/2 1394/1/2
f 1394/1/2 1391/1/2 1395/1/2
f 1392/2/2 1393/2/2 1396/2/2
f 1396/2/2 1393/2/2 1397/2/2
f 1398/1/2 1399/1/2 1402/1/2
f 1402/1/2 1399/1/2 1403/1/2
f 1400/2/2 1401/2/2 1408/2/2
f 1408/2/2 1401/2/2 1409/2/2
f 1404/1/2 1405/1/2 1410/1/2
f 1410/1/2 1405/1/2 1411/1/2
f 1406/2/2 1407/2/2 1412/2/2
f 1412/2/2 1407/2/2 1413/2/2
f 1414/2/2 1415/2/2 1418/2/2
f 1418/2/2 1415/2/2 1419/2/2
f 1416/2/2 1417/2/2 1420/2/2
f 1420/2/2 1417/2/2 1421/2/2
f 1422/2/2 1423/2/2 1426/2/2
f 1426/2/2 1423/2/2 1427/2/2
f 1424/2/2 1425/2/2 1428/2/2
f 1428/2/2 1425/2/2 1429/2/2
f 1430/2/2 1431/2/2 1434/2/2
f 1434/2/2 1431/2/2 1435/2/2
f 1432/2/2 1433/2/2 1436/2/2
f 1436/2/2 1433/2/2 1437/2/2
f 1438/2/2 1439/2/2 1442/2/2
f 1442/2/2 1439/2/2 1443/2/2
f 1440/2/2 1441/2/2 1444/2/2
f 1444/2/2 1441/2/2 1445/2/2
f 1446/2/2 1447/2/2 1450/2/2
f 1450/2/2 1447/2/2 1451/2/2
f 1448/2/2 1449/2/2 1452/2/2
f 1452/2/2 1449/2/2 1453/2/2
f 1454/2/2 1455/2/2 1458/2/2
f 1458/2/2 1455/2/2 1459/2/2
f 1456/2/2 1457/2/2 1460/2/2
f 1460/2/2 1457/2/2 1461/2/2
f 1462/2/2 1463/2/2 1466/2/2
f 1466/2/2 1463/2/2 1467/2/2
f 1464/2/2 1465/2/2 1468/2/2
f 1468/2/2 1465/2/2 1469/2/2
f 1470/2/2 1471/2/2 1474/2/2
f 1474/2/2 1471/2/2 1475/2/2
f 1472/2/2 1473/2/2 1476/2/2
f 1476/2/2 1473/2/2 1477/2/2
f 1478/2/2 1479/2/2 1482/2/2
f 1482/2/2 1479/2/2 1483/2/2
f 1480/2/2 1481/2/2 1488/2/2
f 1488/2/2 1481/2/2 1489/2/2
f 1484/2/2 1485/2/2 1490/2/2
f 1490/2/2 1485/2/2 1491/2/2
f 1486/2/2 1487/2/2 1494/2/2
f 1494/2/2 1487/2/2 1495/2/2
f 1492/2/2 1493/2/2 1496/2/2
f 1496/2/2 1493/2/2 1497/2/2
f 1498/2/2 1499/2/2 1503/2/2
f 1503/2/2 1499/2/2 1504/2/2
f 1500/2/2 1501/2/2 1505/2/2
f 1505/2/2 1501/2/2 1506/2/2
f 1502/2/2 1503/2/2 1508/2/2
f 1508/2/2 1503/2/2 1509/2/2
f 1506/2/2 1507/2/2 1510/2/2
f 1510/2/2 1507/2/2 1511/2/2
f 1512/2/2 1513/2/2 1516/2/2
f 1516/2/2 1513/2/2 1517/2/2
f 1514/2/2 1515/2/2 1518/2/2
f 1518/2/2 1515/2/2 1519/2/2
f 1520/2/2 1521/2/2 1524/2/2
f 1524/2/2 1521/2/2 1525/2/2
f 1522/2/2 1523/2/2 1526/2/2
f 1526/2/2 1523/2/2 1527/2/2
f 1528/2/2 1529/2/2 1532/2/2
f 1532/2/2 1529/2/2 1533/2/2
f 1530/2/2 1531/2/2 1534/2/2
f 1534/2/2 1531/2/2 1535/2/2
f 1536/2/2 1537/2/2 1540/2/2
f 1540/2/2 1537/2/2 1541/2/2
f 1538/2/2 1539/2/2 1542/2/2
f 1542/2/2 1539/2/2 1543/2/2
f 1544/2/2 1545/2/2 1548/2/2
f 1548/2/2 1545/2/2 1549/2/2
f 1546/2/2 1547/2/2 1550/2/2
f 1550/2/2 1547/2/2 1551/2/2
f 1552/2/2 1553/2/2 1556/2/2
f 1556/2/2 1553/2/2 1557/2/2
f 1554/2/2 1555/2/2 1560/2/2
f 1560/2/2 1555/2/2 1561/2/2
f 1557/2/2 1558/2/2 1562/2/2
f 1562/2/2 1558/2/2 1563/2/2
f 1559/2/2 1560/2/2 1564/2/2
f 1564/2/2 1560/2/2 1565/2/2
f 1566/2/2 1567/2/2 1570/2/2
f 1570/2/2 1567/2/2 1571/2/2
f 1568/2/2 1569/2/2 1576/2/2
f 1576/2/2 1569/2/2 1577/2/2
f 1572/1/2 1573/1/2 1578/1/2
f 1578/1/2 1573/1/2 1579/1/2
f 1574/2/2 1575/2/2 1582/2/2
f 1582/2/2 1575/2/2 1583/2/2
f 1580/2/2 1581/2/2 1584/2/2
f 1584/2/2 1581/2/2 1585/2/2
f 1586/2/2 1587/2/2 1590/2/2
f 1590/2/2 1587/2/2 1591/2/2
f 1588/2/2 1589/2/2 1592/2/2
f 1592/2/2 1589/2/2 1593/2/2
f 1594/2/2 1595/2/2 1598/2/2
f 1598/2/2 1595/2/2 1599/2/2
f 1596/2/2 1597/2/2 1600/2/2
f 1600/2/2 1597/2/2 1601/2/2
f 1602/2/2 1603/2/2 1606/2/2
f 1606/2/2 1603/2/2 1607/2/2
f 1604/2/2 1605/2/2 1608/2/2
f 1608/2/2 1605/2/2 1609/2/2
f 1610/2/2 1611/2/2 1614/2/2
f 1614/2/2 1611/2/2 1615/2/2
f 1612/2/2 1613/2/2 1616/2/2
f 1616/2/2 1613/2/2 1617/2/2
f 1618/2/2 1619/2/2 1622/2/2
f 1622/2/2 1619/2/2 1623/2/2
f 1620/2/2 1621/2/2 1624/2/2
f 1624/2/2 1621/2/2 1625/2/2
f 1626/2/2 1627/2/2 1630/2/2
f 1630/2/2 1627/2/2 1631/2/2
f 1628/2/2 1629/2/2 1632/2/2
f 1632/2/2 1629/2/2 1633/2/2
f 1634/2/2 1635/2/2 1638/2/2
f 1638/2/2 1635/2/2 1639/2/2
f 1636/2/2 1637/2/2 1640/2/2
f 1640/2/2 1637/2/2 1641/2/2
f 1642/1/2 1643/1/2 1646/1/2
f 1646/1/2 1643/1/2 1647/1/2
f 1644/2/2 1645/2/2 1648/2/2
f 1648/2/2 1645/2/2 1649/2/2
f 1650/2/2 1651/2/2 1656/2/2
f 1656/2/2 1651/2/2 1657/2/2
f 1652/2/2 1653/2/2 1658/2/2
f 1658/2/2 1653/2/2 1659/2/2
f 1654/2/2 1655/2/2 1662/2/2
f 1662/2/2 1655/2/2 1663/2/2
f 1660/2/2 1661/2/2 1664/2/2
f 1664/2/2 1661/2/2 1665/2/2
f 1666/2/2 1667/2/2 1671/2/2
f 1671/2/2 1667/2/2 1672/2/2
f 1668/2/2 1669/2/2 1673/2/2
f 1673/2/2 1669/2/2 1674/2/2
f 1670/2/2 1671/2/2 1677/2/2
f 1677/2/2 1671/2/2 1678/2/2
f 1674/2/2 1675/2/2 1679/2/2
f 1679/2/2 1675/2/2 1680/2/2
f 1676/2/2 1677/2/2 1682/2/2
f 1682/2/2 1677/2/2 1683/2/2
f 1680/2/2 1681/2/2 1684/2/2
f 1684/2/2 1681/2/2 1685/2/2
f 1686/2/2 1687/2/2 1690/2/2
f 1690/2/2 1687/2/2 1691/2/2
f 1688/2/2 1689/2/2 1692/2/2
f 1692/2/2 1689/2/2 1693/2/2
f 1694/2/2 1695/2/2 1698/2/2
f 1698/2/2 1695/2/2 1699/2/2
f 1696/2/2 1697/2/2 1700/2/2
f 1700/2/2 1697/2/2 1701/2/2
f 1702/2/2 1703/2/2 1706/2/2
f 1706/2/2 1703/2/2 1707/2/2
f 1704/2/2 1705/2/2 1708/2/2
f 1708/2/2 1705/2/2 1709/2/2
f 1710/2/2 1711/2/2 1714/2/2
f 1714/2/2 1711/2/2 1715/2/2
f 1712/2/2 1713/2/2 1716/2/2
f 1716/2/2 1713/2/2 1717/2/2
f 1718/2/2 1719/2/2 1722/2/2
f 1722/2/2 1719/2/2 1723/2/2
f 1720/2/2 1721/2/2 1726/2/2
f 1726/2/2 1721/2/2 1727/2/2
f 1723/2/2 1724/2/2 1728/2/2
f 1728/2/2 1724/2/2 1729/2/2
f 1725/2/2 1726/2/2 1732/2/2
f 1732/2/2 1726/2/2 1733/2/2
f 1729/2/2 1730/2/2 1734/2/2
f 1734/2/2 1730/2/2 1735/2/2
f 1731/2/2 1732/2/2 1736/2/2
f 1736/2/2 1732/2/2 1737/2/2
f 1738/2/2 1739/2/2 1742/2/2
f 1742/2/2 1739/2/2 1743/2/2
f 1740/2/2 1741/2/2 1749/2/2
f 1749/2/2 1741/2/2 1750/2/2
f 1744/2/2 1745/2/2 1751/2/2
f 1745/1/2 1746/1/2 1752/1/2
f 1751/2/2 1745/2/2 1752/2/2
f 1752/1/2 1746/1/2 1753/1/2
f 1747/2/2 1748/2/2 1754/2/2
f 1754/2/2 1748/2/2 1755/2/2
f 1756/2/2 1757/2/2 1761/2/2
f 1761/2/2 1757/2/2 1762/2/2
f 1758/2/2 1759/2/2 1767/2/2
f 1759/1/2 1760/1/2 1768/1/2
f 1767/2/2 1759/2/2 1768/2/2
f 1768/1/2 1760/1/2 1769/1/2
f 1763/2/2 1764/2/2 1770/2/2
f 1770/2/2 1764/2/2 1771/2/2
f 1765/2/2 1766/2/2 1775/2/2
f 1775/2/2 1766/2/2 1776/2/2
f 1772/2/2 1773/2/2 1777/2/2
f 1777/2/2 1773/2/2 1778/2/2
f 1774/2/2 1775/2/2 1781/2/2
f 1781/2/2 1775/2/2 1782/2/2
f 1778/2/2 1779/2/2 1783/2/2
f 1783/2/2 1779/2/2 1784/2/2
f 1780/2/2 1781/2/2 1787/2/2
f 1787/2/2 1781/2/2 1788/2/2
f 1784/2/2 1785/2/2 1789/2/2
f 1789/2/2 1785/2/2 1790/2/2
f 1786/2/2 1787/2/2 1793/2/2
f 1793/2/2 1787/2/2 1794/2/2
f 1790/2/2 1791/2/2 1795/2/2
f 1795/2/2 1791/2/2 1796/2/2
f 1792/2/2 1793/2/2 1799/2/2
f 1799/2/2 1793/2/2 1800/2/2
f 1796/2/2 1797/2/2 1801/2/2
f 1801/2/2 1797/2/2 1802/2/2
f 1798/2/2 1799/2/2 1804/2/2
f 1804/2/2 1799/2/2 1805/2/2
f 1802/2/2 1803/2/2 1806/2/2
f 1806/2/2 1803/2/2 1807/2/2
f 1808/2/2 1809/2/2 1812/2/2
f 1812/2/2 1809/2/2 1813/2/2
f 1810/2/2 1811/2/2 1814/2/2
f 1814/2/2 1811/2/2 1815/2/2
f 1816/2/2 1817/2/2 1820/2/2
f 1820/2/2 1817/2/2 1821/2/2
f 1818/2/2 1819/2/2 1822/2/2
f 1822/2/2 1819/2/2 1823/2/2
f 1824/2/2 1825/2/2 1828/2/2
f 1828/2/2 1825/2/2 1829/2/2
f 1826/2/2 1827/2/2 1830/2/2
f 1830/2/2 1827/2/2 1831/2/2
f 1832/2/2 1833/2/2 1836/2/2
f 1836/2/2 1833/2/2 1837/2/2
f 1834/2/2 1835/2/2 1840/2/2
f 1840/2/2 1835/2/2 1841/2/2
f 1837/2/2 1838/2/2 1842/2/2
f 1842/2/2 1838/2/2 1843/2/2
f 1839/2/2 1840/2/2 1846/2/2
f 1846/2/2 1840/2/2 1847/2/2
f 1843/2/2 1844/2/2 1848/2/2
f 1848/2/2 1844/2/2 1849/2/2
f 1845/2/2 1846/2/2 1852/2/2
f 1852/2/2 1846/2/2 1853/2/2
f 1849/2/2 1850/2/2 1854/2/2
f 1854/2/2 1850/2/2 1855/2/2
f 1851/2/2 1852/2/2 1858/2/2
f 1858/2/2 1852/2/2 1859/2/2
f 1855/2/2 1856/2/2 1860/2/2
f 1860/2/2 1856/2/2 1861/2/2
f 1857/2/2 1858/2/2 1864/2/2
f 1864/2/2 1858/2/2 1865/2/2
f 1861/2/2 1862/2/2 1866/2/2
f 1866/2/2 1862/2/2 1867/2/2
f 1863/2/2 1864/2/2 1872/2/2
f 1872/2/2 1864/2/2 1873/2/2
f 1868/2/2 1869/2/2 1874/2/2
f 1874/2/2 1869/2/2 1875/2/2
f 1870/2/2 1871/2/2 1879/2/2
f 1879/2/2 1871/2/2 1880/2/2
f 1877/2/2 1878/2/2 1881/2/2
f 1876/2/2 1877/2/2 1881/2/2
f 1881/2/2 1878/2/2 1882/2/2
f 1883/1/2 1884/1/2 1890/1/2
f 1884/2/2 1885/2/2 1891/2/2
f 1890/1/2 1884/1/2 1891/1/2
f 1891/2/2 1885/2/2 1892/2/2
f 1886/2/2 1887/2/2 1893/2/2
f 1893/2/2 1887/2/2 1894/2/2
f 1888/2/2 1889/2/2 1898/2/2
f 1898/2/2 1889/2/2 1899/2/2
f 1895/2/2 1896/2/2 1900/2/2
f 1900/2/2 1896/2/2 1901/2/2
f 1897/2/2 1898/2/2 1903/2/2
f 1903/2/2 1898/2/2 1904/2/2
f 1901/2/2 1902/2/2 1905/2/2
f 1905/2/2 1902/2/2 1906/2/2
f 1907/2/2 1908/2/2 1912/2/2
f 1912/2/2 1908/2/2 1913/2/2
f 1909/2/2 1910/2/2 1914/2/2
f 1914/2/2 1910/2/2 1915/2/2
f 1911/2/2 1912/2/2 1917/2/2
f 1917/2/2 1912/2/2 1918/2/2
f 1915/2/2 1916/2/2 1919/2/2
f 1919/2/2 1916/2/2 1920/2/2
f 1921/2/2 1922/2/2 1925/2/2
f 1925/2/2 1922/2/2 1926/2/2
f 1923/2/2 1924/2/2 1927/2/2
f 1927/2/2 1924/2/2 1928/2/2
f 1929/2/2 1930/2/2 1933/2/2
f 1933/2/2 1930/2/2 1934/2/2
f 1931/2/2 1932/2/2 1935/2/2
f 1935/2/2 1932/2/2 1936/2/2
f 1937/2/2 1938/2/2 1941/2/2
f 1941/2/2 1938/2/2 1942/2/2
f 1939/2/2 1940/2/2 1945/2/2
f 1945/2/2 1940/2/2 1946/2/2
f 1942/2/2 1943/2/2 1947/2/2
f 1947/2/2 1943/2/2 1948/2/2
f 1944/2/2 1945/2/2 1949/2/2
f 1949/2/2 1945/2/2 1950/2/2
f 1951/2/2 1952/2/2 1955/2/2
f 1955/2/2 1952/2/2 1956/2/2
f 1953/2/2 1954/2/2 1959/2/2
f 1959/2/2 1954/2/2 1960/2/2
f 1956/2/2 1957/2/2 1961/2/2
f 1961/2/2 1957/2/2 1962/2/2
f 1958/2/2 1959/2/2 1967/2/2
f 1967/2/2 1959/2/2 1968/2/2
f 1963/1/2 1964/1/2 1969/1/2
f 1969/1/2 1964/1/2 1970/1/2
f 1965/2/2 1966/2/2 1971/2/2
f 1971/2/2 1966/2/2 1972/2/2
f 1973/2/2 1974/2/2 1977/2/2
f 1977/2/2 1974/2/2 1978/2/2
f 1978/2/2 1974/2/2 1979/2/2
f 1975/1/2 1976/1/2 1984/1/2
f 1984/1/2 1976/1/2 1985/1/2
f 1980/2/2 1981/2/2 1986/2/2
f 1986/2/2 1981/2/2 1987/2/2
f 1982/1/2 1983/1/2 1991/1/2
f 1991/1/2 1983/1/2 1992/1/2
f 1988/2/2 1989/2/2 1993/2/2
f 1993/2/2 1989/2/2 1994/2/2
f 1990/2/2 1991/2/2 1997/2/2
f 1997/2/2 1991/2/2 1998/2/2
f 1994/2/2 1995/2/2 1999/2/2
f 1999/2/2 1995/2/2 2000/2/2
f 1996/2/2 1997/2/2 2003/2/2
f 2003/2/2 1997/2/2 2004/2/2
f 2000/2/2 2001/2/2 2005/2/2
f 2005/2/2 2001/2/2 2006/2/2
f 2002/2/2 2003/2/2 2009/2/2
f 2009/2/2 2003/2/2 2010/2/2
f 2006/2/2 2007/2/2 2011/2/2
f 2011/2/2 2007/2/2 2012/2/2
f 2008/2/2 2009/2/2 2014/2/2
f 2014/2/2 2009/2/2 2015/2/2
f 2012/2/2 2013/2/2 2016/2/2
f 2016/2/2 2013/2/2 2017/2/2
f 2018/2/2 2019/2/2 2022/2/2
f 2022/2/2 2019/2/2 2023/2/2
f 2020/2/2 2021/2/2 2024/2/2
f 2024/2/2 2021/2/2 2025/2/2
f 2026/2/2 2027/2/2 2030/2/2
f 2030/2/2 2027/2/2 2031/2/2
f 2028/2/2 2029/2/2 2032/2/2
f 2032/2/2 2029/2/2 2033/2/2
f 2034/2/2 2035/2/2 2038/2/2
f 2038/2/2 2035/2/2 2039/2/2
f 2036/2/2 2037/2/2 2040/2/2
f 2040/2/2 2037/2/2 2041/2/2
f 2042/2/2 2043/2/2 2046/2/2
f 2046/2/2 2043/2/2 2047/2/2
f 2044/2/2 2045/2/2 2050/2/2
f 2050/2/2 2045/2/2 2051/2/2
f 2047/2/2 2048/2/2 2052/2/2
f 2052/2/2 2048/2/2 2053/2/2
f 2049/2/2 2050/2/2 2056/2/2
f 2056/2/2 2050/2/2 2057/2/2
f 2053/2/2 2054/2/2 2058/2/2
f 2058/2/2 2054/2/2 2059/2/2
f 2055/2/2 2056/2/2 2063/2/2
f 2063/2/2 2056/2/2 2064/2/2
f 2059/2/2 2060/2/2 2065/2/2
f 2065/2/2 2060/2/2 2066/2/2
f 2061/2/2 2062/2/2 2069/2/2
f 2062/2/2 2063/2/2 2069/2/2
f 2069/2/2 2063/2/2 2070/2/2
f 2066/2/2 2067/2/2 2071/2/2
f 2071/2/2 2067/2/2 2072/2/2
f 2068/2/2 2069/2/2 2078/2/2
f 2078/2/2 2069/2/2 2079/2/2
f 2073/2/2 2074/2/2 2080/2/2
f 2074/1/2 2075/1/2 2081/1/2
f 2080/2/2 2074/2/2 2081/2/2
f 2081/1/2 2075/1/2 2082/1/2
f 2076/2/2 2077/2/2 2085/2/2
f 2085/2/2 2077/2/2 2086/2/2
f 2083/1/2 2084/1/2 2087/1/2
f 2087/1/2 2084/1/2 2088/1/2
f 2089/1/2 2090/1/2 2094/1/2
f 2090/2/2 2091/2/2 2095/2/2
f 2094/1/2 2090/1/2 2095/1/2
f 2095/2/2 2091/2/2 2096/2/2
f 2092/1/2 2093/1/2 2100/1/2
f 2100/1/2 2093/1/2 2101/1/2
f 2097/2/2 2098/2/2 2102/2/2
f 2102/2/2 2098/2/2 2103/2/2
f 2099/1/2 2100/1/2 2106/1/2
f 2106/1/2 2100/1/2 2107/1/2
f 2103/2/2 2104/2/2 2108/2/2
f 2108/2/2 2104/2/2 2109/2/2
f 2105/2/2 2106/2/2 2112/2/2
f 2112/2/2 2106/2/2 2113/2/2
f 2109/2/2 2110/2/2 2114/2/2
f 2114/2/2 2110/2/2 2115/2/2
f 2111/2/2 2112/2/2 2118/2/2
f 2118/2/2 2112/2/2 2119/2/2
f 2115/2/2 2116/2/2 2120/2/2
f 2120/2/2 2116/2/2 2121/2/2
f 2117/2/2 2118/2/2 2124/2/2
f 2124/2/2 2118/2/2 2125/2/2
f 2121/2/2 2122/2/2 2126/2/2
f 2126/2/2 2122/2/2 2127/2/2
f 2123/2/2 2124/2/2 2129/2/2
f 2129/2/2 2124/2/2 2130/2/2
f 2127/2/2 2128/2/2 2131/2/2
f 2131/2/2 2128/2/2 2132/2/2
f 2133/2/2 2134/2/2 2137/2/2
f 2137/2/2 2134/2/2 2138/2/2
f 2135/2/2 2136/2/2 2139/2/2
f 2139/2/2 2136/2/2 2140/2/2
f 2141/2/2 2142/2/2 2145/2/2
f 2145/2/2 2142/2/2 2146/2/2
f 2143/2/2 2144/2/2 2149/2/2
f 2149/2/2 2144/2/2 2150/2/2
f 2146/2/2 2147/2/2 2151/2/2
f 2151/2/2 2147/2/2 2152/2/2
f 2148/2/2 2149/2/2 2155/2/2
f 2155/2/2 2149/2/2 2156/2/2
f 2152/2/2 2153/2/2 2157/2/2
f 2157/2/2 2153/2/2 2158/2/2
f 2154/2/2 2155/2/2 2162/2/2
f 2162/2/2 2155/2/2 2163/2/2
f 2158/2/2 2159/2/2 2164/2/2
f 2164/2/2 2159/2/2 2165/2/2
f 2160/1/2 2161/1/2 2168/1/2
f 2161/2/2 2162/2/2 2169/2/2
f 2168/1/2 2161/1/2 2169/1/2
f 2169/2/2 2162/2/2 2170/2/2
f 2165/1/2 2166/1/2 2171/1/2
f 2171/1/2 2166/1/2 2172/1/2
f 2167/1/2 2168/1/2 2175/1/2
f 2175/1/2 2168/1/2 2176/1/2
f 2172/1/2 2173/1/2 2177/1/2
f 2177/1/2 2173/1/2 2178/1/2
f 2174/1/2 2175/1/2 2181/1/2
f 2181/1/2 2175/1/2 2182/1/2
f 2179/1/2 2180/1/2 2183/1/2
f 2183/1/2 2180/1/2 2184/1/2
f 2185/1/2 2186/1/2 2189/1/2
f 2186/2/2 2187/2/2 2190/2/2
f 2189/1/2 2186/1/2 2190/1/2
f 2190/2/2 2187/2/2 2191/2/2
f 2188/1/2 2189/1/2 2194/1/2
f 2194/1/2 2189/1/2 2195/1/2
f 2191/2/2 2192/2/2 2196/2/2
f 2196/2/2 2192/2/2 2197/2/2
f 2193/1/2 2194/1/2 2200/1/2
f 2200/1/2 2194/1/2 2201/1/2
f 2197/2/2 2198/2/2 2202/2/2
f 2202/2/2 2198/2/2 2203/2/2
f 2199/2/2 2200/2/2 2205/2/2
f 2205/2/2 2200/2/2 2206/2/2
f 2203/2/2 2204/2/2 2207/2/2
f 2207/2/2 2204/2/2 2208/2/2
f 2199/2/2 2205/2/2 2210/2/2
f 2210/2/2 2205/2/2 2211/2/2
f 2208/2/2 2204/2/2 2212/2/2
f 2212/2/2 2204/2/2 2213/2/2
f 2209/2/2 2210/2/2 2216/2/2
f 2216/2/2 2210/2/2 2217/2/2
f 2213/2/2 2214/2/2 2218/2/2
f 2218/2/2 2214/2/2 2219/2/2
f 2215/2/2 2216/2/2 2222/2/2
f 2222/2/2 2216/2/2 2223/2/2
f 2219/2/2 2220/2/2 2224/2/2
f 2224/2/2 2220/2/2 2225/2/2
f 2221/2/2 2222/2/2 2227/2/2
f 2227/2/2 2222/2/2 2228/2/2
f 2225/2/2 2226/2/2 2231/2/2
f 2231/2/2 2226/2/2 2232/2/2
f 2228/2/2 2229/2/2 2233/2/2
f 2233/2/2 2229/2/2 2234/2/2
f 2230/2/2 2231/2/2 2237/2/2
f 2237/2/2 2231/2/2 2238/2/2
f 2234/2/2 2235/2/2 2239/2/2
f 2239/2/2 2235/2/2 2240/2/2
f 2236/2/2 2237/2/2 2243/2/2
f 2243/2/2 2237/2/2 2244/2/2
f 2240/2/2 2241/2/2 2245/2/2
f 2242/2/2 2243/2/2 2248/2/2
f 2245/2/2 2246/2/2 2249/2/2
f 2240/2/2 2245/2/2 2249/2/2
f 2249/2/2 2246/2/2 2250/2/2
f 2247/1/2 2248/1/2 2253/1/2
f 2248/2/2 2243/2/2 2254/2/2
f 2253/1/2 2248/1/2 2254/1/2
f 2254/2/2 2243/2/2 2255/2/2
f 2250/1/2 2251/1/2 2256/1/2
f 2256/1/2 2251/1/2 2257/1/2
f 2252/1/2 2253/1/2 2260/1/2
f 2260/1/2 2253/1/2 2261/1/2
f 2257/1/2 2258/1/2 2262/1/2
f 2262/1/2 2258/1/2 2263/1/2
f 2259/1/2 2260/1/2 2264/1/2
f 2264/1/2 2260/1/2 2265/1/2
f 2263/1/2 2264/1/2 2266/1/2
f 2266/1/2 2264/1/2 2267/1/2
f 2268/1/2 2269/1/2 2272/1/2
f 2272/1/2 2269/1/2 2273/1/2
f 2269/2/2 2270/2/2 2274/2/2
f 2273/1/2 2269/1/2 2274/1/2
f 2274/2/2 2270/2/2 2275/2/2
f 2275/2/2 2270/2/2 2276/2/2
f 2276/2/2 2270/2/2 2277/2/2
f 2272/1/2 2273/1/2 2280/1/2
f 2271/1/2 2272/1/2 2280/1/2
f 2280/1/2 2273/1/2 2281/1/2
f 2281/1/2 2273/1/2 2282/1/2
f 2276/2/2 2277/2/2 2283/2/2
f 2277/2/2 2278/2/2 2283/2/2
f 2283/2/2 2278/2/2 2284/2/2
f 2284/2/2 2278/2/2 2285/2/2
f 2280/1/2 2281/1/2 2288/1/2
f 2279/1/2 2280/1/2 2288/1/2
f 2288/1/2 2281/1/2 2289/1/2
f 2285/2/2 2286/2/2 2290/2/2
f 2284/2/2 2285/2/2 2290/2/2
f 2290/2/2 2286/2/2 2291/2/2
f 2287/2/2 2288/2/2 2294/2/2
f 2294/2/2 2288/2/2 2295/2/2
f 2291/2/2 2292/2/2 2296/2/2
f 2296/2/2 2292/2/2 2297/2/2
f 2293/2/2 2294/2/2 2300/2/2
f 2297/2/2 2298/2/2 2301/2/2
f 2299/2/2 2300/2/2 2303/2/2
f 2300/2/2 2294/2/2 2303/2/2
f 2303/2/2 2294/2/2 2304/2/2
f 2301/2/2 2302/2/2 2305/2/2
f 2297/2/2 2301/2/2 2305/2/2
f 2305/2/2 2302/2/2 2306/2/2
f 2299/2/2 2303/2/2 2308/2/2
f 2306/2/2 2302/2/2 2309/2/2
f 2307/2/2 2308/2/2 2311/2/2
f 2308/2/2 2303/2/2 2311/2/2
f 2311/2/2 2303/2/2 2312/2/2
f 2309/2/2 2310/2/2 2313/2/2
f 2306/2/2 2309/2/2 2313/2/2
f 2313/2/2 2310/2/2 2314/2/2
f 2307/2/2 2311/2/2 2315/2/2
f 2314/2/2 2310/2/2 2318/2/2
f 2315/2/2 2316/2/2 2319/2/2
f 2307/2/2 2315/2/2 2319/2/2
f 2319/2/2 2316/2/2 2320/2/2
f 2317/2/2 2318/2/2 2321/2/2
f 2318/2/2 2310/2/2 2321/2/2
f 2321/2/2 2310/2/2 2322/2/2
f 2320/2/2 2316/2/2 2323/2/2
f 2317/2/2 2321/2/2 2326/2/2
f 2320/2/2 2323/2/2 2327/2/2
f 2323/1/2 2324/1/2 2328/1/2
f 2327/2/2 2323/2/2 2328/2/2
f 2325/2/2 2326/2/2 2329/2/2
f 2326/2/2 2321/2/2 2329/2/2
f 2329/2/2 2321/2/2 2330/2/2
f 2328/1/2 2324/1/2 2331/1/2
f 2331/1/2 2324/1/2 2332/1/2
f 2325/2/2 2329/2/2 2335/2/2
f 2335/2/2 2329/2/2 2336/2/2
f 2332/1/2 2333/1/2 2337/1/2
f 2337/1/2 2333/1/2 2338/1/2
f 2334/1/2 2335/1/2 2341/1/2
f 2341/1/2 2335/1/2 2342/1/2
f 2338/1/2 2339/1/2 2343/1/2
f 2343/1/2 2339/1/2 2344/1/2
f 2344/1/2 2339/1/2 2345/1/2
f 2340/1/2 2341/1/2 2348/1/2
f 2348/1/2 2341/1/2 2349/1/2
f 2349/1/2 2341/1/2 2350/1/2
f 2345/1/2 2346/1/2 2351/1/2
f 2344/1/2 2345/1/2 2351/1/2
f 2351/1/2 2346/1/2 2352/1/2
f 2352/1/2 2346/1/2 2353/1/2
f 2348/1/2 2349/1/2 2354/1/2
f 2347/1/2 2348/1/2 2354/1/2
f 2354/1/2 2349/1/2 2355/1/2
f 2355/1/2 2349/1/2 2356/1/2
f 2352/1/2 2353/1/2 2357/1/2
f 2354/1/2 2355/1/2 2357/1/2
f 2353/1/2 2354/1/2 2357/1/2
f 2357/1/2 2355/1/2 2358/1/2
f 2359/1/2 2360/1/2 2363/1/2
f 2363/1/2 2360/1/2 2364/1/2
f 2364/1/2 2360/1/2 2365/1/2
f 2360/2/2 2361/2/2 2366/2/2
f 2362/1/2 2363/1/2 2369/1/2
f 2363/1/2 2364/1/2 2369/1/2
f 2369/1/2 2364/1/2 2370/1/2
f 2370/1/2 2364/1/2 2371/1/2
f 2365/1/2 2360/1/2 2372/1/2
f 2360/2/2 2366/2/2 2373/2/2
f 2372/1/2 2360/1/2 2373/1/2
f 2366/2/2 2367/2/2 2373/2/2
f 2373/2/2 2367/2/2 2374/2/2
f 2374/2/2 2367/2/2 2375/2/2
f 2369/1/2 2370/1/2 2378/1/2
f 2368/1/2 2369/1/2 2378/1/2
f 2378/1/2 2370/1/2 2379/1/2
f 2379/1/2 2370/1/2 2380/1/2
f 2375/2/2 2376/2/2 2381/2/2
f 2374/2/2 2375/2/2 2381/2/2
f 2381/2/2 2376/2/2 2382/2/2
f 2382/2/2 2376/2/2 2383/2/2
f 2378/1/2 2379/1/2 2385/1/2
f 2377/1/2 2378/1/2 2385/1/2
f 2385/1/2 2379/1/2 2386/1/2
f 2383/2/2 2384/2/2 2387/2/2
f 2382/2/2 2383/2/2 2387/2/2
f 2387/2/2 2384/2/2 2388/2/2
f 2377/1/2 2385/1/2 2390/1/2
f 2388/2/2 2384/2/2 2391/2/2
f 2389/2/2 2390/2/2 2393/2/2
f 2390/1/2 2385/1/2 2393/1/2
f 2393/1/2 2385/1/2 2394/1/2
f 2391/2/2 2392/2/2 2395/2/2
f 2388/2/2 2391/2/2 2395/2/2
f 2395/2/2 2392/2/2 2396/2/2
f 2389/2/2 2393/2/2 2398/2/2
f 2396/2/2 2392/2/2 2399/2/2
f 2397/2/2 2398/2/2 2401/2/2
f 2398/2/2 2393/2/2 2401/2/2
f 2401/2/2 2393/2/2 2402/2/2
f 2399/2/2 2400/2/2 2403/2/2
f 2396/2/2 2399/2/2 2403/2/2
f 2403/2/2 2400/2/2 2404/2/2
f 2397/2/2 2401/2/2 2405/2/2
f 2397/2/2 2405/2/2 2406/2/2
f 2404/2/2 2400/2/2 2409/2/2
f 2408/2/2 2409/2/2 2410/2/2
f 2406/2/2 2407/2/2 2411/2/2
f 2397/2/2 2406/2/2 2411/2/2
f 2411/2/2 2407/2/2 2412/2/2
f 2412/2/2 2407/2/2 2413/2/2
f 2410/2/2 2409/2/2 2414/2/2
f 2409/2/2 2400/2/2 2414/2/2
f 2414/2/2 2400/2/2 2415/2/2
f 2412/1/2 2413/1/2 2416/1/2
f 2410/2/2 2414/2/2 2419/2/2
f 2416/1/2 2417/1/2 2420/1/2
f 2412/1/2 2416/1/2 2420/1/2
f 2420/1/2 2417/1/2 2421/1/2
f 2418/1/2 2419/1/2 2422/1/2
f 2419/2/2 2414/2/2 2422/2/2
f 2422/2/2 2414/2/2 2423/2/2
f 2421/1/2 2417/1/2 2424/1/2
f 2418/1/2 2422/1/2 2427/1/2
f 2424/1/2 2425/1/2 2428/1/2
f 2421/1/2 2424/1/2 2428/1/2
f 2428/1/2 2425/1/2 2429/1/2
f 2429/1/2 2425/1/2 2430/1/2
f 2426/1/2 2427/1/2 2433/1/2
f 2427/1/2 2422/1/2 2434/1/2
f 2433/1/2 2427/1/2 2434/1/2
f 2434/1/2 2422/1/2 2435/1/2
f 2430/1/2 2431/1/2 2436/1/2
f 2429/1/2 2430/1/2 2436/1/2
f 2436/1/2 2431/1/2 2437/1/2
f 2437/1/2 2431/1/2 2438/1/2
f 2432/1/2 2433/1/2 2441/1/2
f 2433/1/2 2434/1/2 2441/1/2
f 2441/1/2 2434/1/2 2442/1/2
f 2442/1/2 2434/1/2 2443/1/2
f 2438/1/2 2439/1/2 2444/1/2
f 2437/1/2 2438/1/2 2444/1/2
f 2444/1/2 2439/1/2 2445/1/2
f 2445/1/2 2439/1/2 2446/1/2
f 2441/1/2 2442/1/2 2447/1/2
f 2440/1/2 2441/1/2 2447/1/2
f 2447/1/2 2442/1/2 2448/1/2
f 2448/1/2 2442/1/2 2449/1/2
f 2445/1/2 2446/1/2 2450/1/2
f 2447/1/2 2448/1/2 2450/1/2
f 2446/1/2 2447/1/2 2450/1/2
f 2450/1/2 2448/1/2 2451/1/2
f 2452/1/2 2453/1/2 2455/1/2
f 2455/1/2 2453/1/2 2456/1/2
f 2454/1/2 2455/1/2 2460/1/2
f 2455/1/2 2456/1/2 2460/1/2
f 2456/1/2 2457/1/2 2460/1/2
f 2460/1/2 2457/1/2 2461/1/2
f 2457/2/2 2458/2/2 2462/2/2
f 2461/1/2 2457/1/2 2462/1/2
f 2462/2/2 2458/2/2 2463/2/2
f 2460/1/2 2461/1/2 2466/1/2
f 2459/1/2 2460/1/2 2466/1/2
f 2466/1/2 2461/1/2 2467/1/2
f 2467/1/2 2461/1/2 2468/1/2
f 2462/1/2 2463/1/2 2469/1/2
f 2463/1/2 2464/1/2 2469/1/2
f 2469/1/2 2464/1/2 2470/1/2
f 2470/1/2 2464/1/2 2471/1/2
f 2466/1/2 2467/1/2 2473/1/2
f 2465/1/2 2466/1/2 2473/1/2
f 2473/1/2 2467/1/2 2474/1/2
f 2470/1/2 2471/1/2 2475/1/2
f 2475/1/2 2471/1/2 2476/1/2
f 2465/1/2 2473/1/2 2478/1/2
f 2478/1/2 2473/1/2 2479/1/2
f 2479/1/2 2473/1/2 2480/1/2
f 2476/1/2 2471/1/2 2481/1/2
f 2471/2/2 2472/2/2 2482/2/2
f 2481/1/2 2471/1/2 2482/1/2
f 2482/2/2 2472/2/2 2483/2/2
f 2477/1/2 2478/1/2 2485/1/2
f 2478/1/2 2479/1/2 2485/1/2
f 2477/1/2 2485/1/2 2486/1/2
f 2486/1/2 2485/1/2 2487/1/2
f 2483/2/2 2484/2/2 2488/2/2
f 2482/2/2 2483/2/2 2488/2/2
f 2488/2/2 2484/2/2 2489/2/2
f 2477/1/2 2486/1/2 2491/1/2
f 2489/2/2 2484/2/2 2492/2/2
f 2490/1/2 2491/1/2 2494/1/2
f 2491/1/2 2486/1/2 2495/1/2
f 2494/1/2 2491/1/2 2495/1/2
f 2495/1/2 2486/1/2 2496/1/2
f 2494/2/2 2495/2/2 2497/2/2
f 2495/1/2 2496/1/2 2498/1/2
f 2497/2/2 2495/2/2 2498/2/2
f 2492/2/2 2493/2/2 2499/2/2
f 2489/2/2 2492/2/2 2499/2/2
f 2499/2/2 2493/2/2 2500/2/2
f 2498/1/2 2496/1/2 2501/1/2
f 2489/2/2 2499/2/2 2504/2/2
f 2504/2/2 2499/2/2 2505/2/2
f 2501/1/2 2502/1/2 2506/1/2
f 2498/1/2 2501/1/2 2506/1/2
f 2506/1/2 2502/1/2 2507/1/2
f 2507/1/2 2502/1/2 2508/1/2
f 2504/1/2 2505/1/2 2511/1/2
f 2503/1/2 2504/1/2 2511/1/2
f 2511/1/2 2505/1/2 2512/1/2
f 2512/1/2 2505/1/2 2513/1/2
f 2508/1/2 2509/1/2 2514/1/2
f 2507/1/2 2508/1/2 2514/1/2
f 2511/1/2 2512/1/2 2517/1/2
f 2510/1/2 2511/1/2 2517/1/2
f 2514/1/2 2515/1/2 2518/1/2
f 2507/1/2 2514/1/2 2518/1/2
f 2518/1/2 2515/1/2 2519/1/2
f 2519/1/2 2515/1/2 2520/1/2
f 2516/1/2 2517/1/2 2523/1/2
f 2517/1/2 2512/1/2 2524/1/2
f 2523/1/2 2517/1/2 2524/1/2
f 2524/1/2 2512/1/2 2525/1/2
f 2520/1/2 2521/1/2 2526/1/2
f 2519/1/2 2520/1/2 2526/1/2
f 2526/1/2 2521/1/2 2527/1/2
f 2527/1/2 2521/1/2 2528/1/2
f 2522/1/2 2523/1/2 2529/1/2
f 2523/1/2 2524/1/2 2529/1/2
f 2529/1/2 2524/1/2 2530/1/2
f 2530/1/2 2524/1/2 2531/1/2
f 2527/1/2 2528/1/2 2532/1/2
f 2529/1/2 2530/1/2 2532/1/2
f 2528/1/2 2529/1/2 2532/1/2
f 2532/1/2 2530/1/2 2533/1/2
f 2533/1/2 2530/1/2 2534/1/2
f 2534/1/2 2530/1/2 2535/1/2
f 2533/1/2 2534/1/2 2536/1/2
f 2536/1/2 2534/1/2 2537/1/2
f 2538/1/2 2539/1/2 2541/1/2
f 2541/1/2 2539/1/2 2542/1/2
f 2540/1/2 2541/1/2 2545/1/2
f 2542/1/2 2543/1/2 2545/1/2
f 2541/1/2 2542/1/2 2545/1/2
f 2545/1/2 2543/1/2 2546/1/2
f 2544/1/2 2545/1/2 2549/1/2
f 2546/1/2 2547/1/2 2549/1/2
f 2545/1/2 2546/1/2 2549/1/2
f 2549/1/2 2547/1/2 2550/1/2
f 2550/1/2 2547/1/2 2551/1/2
f 2551/1/2 2547/1/2 2552/1/2
f 2548/1/2 2549/1/2 2554/1/2
f 2549/1/2 2550/1/2 2554/1/2
f 2554/1/2 2550/1/2 2555/1/2
f 2555/1/2 2550/1/2 2556/1/2
f 2556/1/2 2550/1/2 2557/1/2
f 2552/1/2 2553/1/2 2558/1/2
f 2551/1/2 2552/1/2 2558/1/2
f 2558/1/2 2553/1/2 2559/1/2
f 2554/2/2 2555/2/2 2561/2/2
f 2555/1/2 2556/1/2 2562/1/2
f 2561/2/2 2555/2/2 2562/2/2
f 2562/1/2 2556/1/2 2563/1/2
f 2563/1/2 2556/1/2 2564/1/2
f 2559/1/2 2553/1/2 2565/1/2
f 2565/1/2 2553/1/2 2566/1/2
f 2566/1/2 2553/1/2 2567/1/2
f 2560/2/2 2561/2/2 2569/2/2
f 2561/2/2 2562/2/2 2569/2/2
f 2562/2/2 2563/2/2 2569/2/2
f 2569/2/2 2563/2/2 2570/2/2
f 2569/1/2 2570/1/2 2571/1/2
f 2571/1/2 2570/1/2 2572/1/2
f 2572/1/2 2570/1/2 2573/1/2
f 2567/2/2 2568/2/2 2576/2/2
f 2566/2/2 2567/2/2 2576/2/2
f 2576/2/2 2568/2/2 2577/2/2
f 2577/2/2 2568/2/2 2578/2/2
f 2573/1/2 2574/1/2 2579/1/2
f 2572/1/2 2573/1/2 2579/1/2
f 2576/1/2 2577/1/2 2582/1/2
f 2575/1/2 2576/1/2 2582/1/2
f 2579/1/2 2580/1/2 2583/1/2
f 2572/1/2 2579/1/2 2583/1/2
f 2583/1/2 2580/1/2 2584/1/2
f 2584/1/2 2580/1/2 2585/1/2
f 2581/1/2 2582/1/2 2586/1/2
f 2582/1/2 2577/1/2 2587/1/2
f 2586/1/2 2582/1/2 2587/1/2
f 2587/1/2 2577/1/2 2588/1/2
f 2584/1/2 2585/1/2 2589/1/2
f 2585/1/2 2586/1/2 2589/1/2
f 2586/1/2 2587/1/2 2589/1/2
f 2589/1/2 2587/1/2 2590/1/2
f 2590/1/2 2587/1/2 2591/1/2
f 2591/1/2 2587/1/2 2592/1/2
f 2590/1/2 2591/1/2 2593/1/2
f 2593/1/2 2591/1/2 2594/1/2
f 2594/1/2 2591/1/2 2595/1/2
f 2595/1/2 2591/1/2 2596/1/2
f 2594/1/2 2595/1/2 2597/1/2
f 2597/1/2 2595/1/2 2598/1/2
f 2599/1/2 2600/1/2 2602/1/2
f 2602/1/2 2600/1/2 2603/1/2
f 2601/1/2 2602/1/2 2606/1/2
f 2603/1/2 2604/1/2 2606/1/2
f 2602/1/2 2603/1/2 2606/1/2
f 2606/1/2 2604/1/2 2607/1/2
f 2605/2/2 2606/2/2 2609/2/2
f 2607/2/2 2608/2/2 2609/2/2
f 2606/2/2 2607/2/2 2609/2/2
f 2609/2/2 2608/2/2 2610/2/2
f 2609/1/2 2610/1/2 2611/1/2
f 2610/2/2 2608/2/2 2611/2/2
f 2611/2/2 2608/2/2 2612/2/2
f 2609/1/2 2611/1/2 2613/1/2
f 2611/1/2 2612/1/2 2613/1/2
f 2613/1/2 2612/1/2 2614/1/2
f 2612/2/2 2608/2/2 2615/2/2
f 2614/1/2 2612/1/2 2615/1/2
f 2615/2/2 2608/2/2 2616/2/2
f 2614/1/2 2615/1/2 2617/1/2
f 2617/1/2 2615/1/2 2618/1/2
f 2618/1/2 2615/1/2 2619/1/2
f 2619/1/2 2615/1/2 2620/1/2
f 2618/1/2 2619/1/2 2621/1/2
f 2621/1/2 2619/1/2 2622/1/2
f 2626/2/3 2624/2/3 2623/2/3
f 2627/2/3 2624/2/3 2626/2/3
f 2630/1/3 2626/1/3 2625/1/3
f 2631/2/3 2628/2/3 2627/2/3
f 2631/2/3 2627/2/3 2626/2/3
f 2631/1/3 2626/1/3 2630/1/3
f 2632/2/3 2628/2/3 2631/2/3
f 2634/1/3 2630/1/3 2629/1/3
f 2635/2/3 2633/2/3 2632/2/3
f 2635/1/3 2630/1/3 2634/1/3
f 2635/2/3 2631/2/3 2630/2/3
f 2635/2/3 2632/2/3 2631/2/3
f 2636/2/3 2635/2/3 2634/2/3
f 2637/2/3 2633/2/3 2635/2/3
f 2637/2/3 2635/2/3 2636/2/3
f 2638/2/3 2633/2/3 2637/2/3
f 2639/2/3 2633/2/3 2638/2/3
f 2640/2/3 2638/2/3 2637/2/3
f 2641/2/3 2638/2/3 2640/2/3
f 2642/2/3 2638/2/3 2641/2/3
f 2643/2/3 2638/2/3 2642/2/3
f 2644/2/3 2642/2/3 2641/2/3
f 2645/2/3 2642/2/3 2644/2/3
f 2649/2/3 2647/2/3 2646/2/3
f 2650/2/3 2647/2/3 2649/2/3
f 2653/1/3 2649/1/3 2648/1/3
f 2654/2/3 2651/2/3 2650/2/3
f 2654/2/3 2650/2/3 2649/2/3
f 2657/1/3 2653/1/3 2652/1/3
f 2658/1/3 2649/1/3 2653/1/3
f 2658/1/3 2653/1/3 2657/1/3
f 2659/2/3 2655/2/3 2654/2/3
f 2659/1/3 2649/1/3 2658/1/3
f 2659/2/3 2654/2/3 2649/2/3
f 2660/2/3 2655/2/3 2659/2/3
f 2661/2/3 2655/2/3 2660/2/3
f 2662/2/3 2655/2/3 2661/2/3
f 2663/2/3 2655/2/3 2662/2/3
f 2665/2/3 2659/2/3 2658/2/3
f 2666/2/3 2659/2/3 2665/2/3
f 2667/2/3 2661/2/3 2660/2/3
f 2668/1/3 2662/1/3 2661/1/3
f 2668/2/3 2661/2/3 2667/2/3
f 2669/2/3 2664/2/3 2663/2/3
f 2669/1/3 2662/1/3 2668/1/3
f 2669/2/3 2663/2/3 2662/2/3
f 2670/2/3 2664/2/3 2669/2/3
f 2672/1/3 2658/1/3 2657/1/3
f 2672/1/3 2657/1/3 2656/1/3
f 2673/1/3 2658/1/3 2672/1/3
f 2674/2/3 2665/2/3 2658/2/3
f 2674/1/3 2658/1/3 2673/1/3
f 2675/2/3 2665/2/3 2674/2/3
f 2676/2/3 2669/2/3 2668/2/3
f 2677/1/3 2670/1/3 2669/1/3
f 2677/2/3 2669/2/3 2676/2/3
f 2678/2/3 2664/2/3 2670/2/3
f 2680/1/3 2673/1/3 2672/1/3
f 2680/1/3 2672/1/3 2671/1/3
f 2681/2/3 2674/2/3 2673/2/3
f 2681/1/3 2673/1/3 2680/1/3
f 2682/2/3 2674/2/3 2681/2/3
f 2683/2/3 2679/2/3 2678/2/3
f 2683/1/3 2670/1/3 2677/1/3
f 2683/2/3 2678/2/3 2670/2/3
f 2684/2/3 2679/2/3 2683/2/3
f 2685/1/3 2682/1/3 2681/1/3
f 2685/2/3 2681/2/3 2680/2/3
f 2686/1/3 2682/1/3 2685/1/3
f 2687/1/3 2684/1/3 2683/1/3
f 2687/1/3 2683/1/3 2677/1/3
f 2688/2/3 2679/2/3 2684/2/3
f 2688/1/3 2684/1/3 2687/1/3
f 2689/2/3 2679/2/3 2688/2/3
f 2690/2/3 2686/2/3 2685/2/3
f 2690/2/3 2685/2/3 2680/2/3
f 2691/2/3 2686/2/3 2690/2/3
f 2692/2/3 2686/2/3 2691/2/3
f 2695/2/3 2688/2/3 2687/2/3
f 2696/1/3 2689/1/3 2688/1/3
f 2696/2/3 2688/2/3 2695/2/3
f 2697/1/3 2689/1/3 2696/1/3
f 2698/2/3 2693/2/3 2692/2/3
f 2698/2/3 2692/2/3 2691/2/3
f 2701/2/3 2695/2/3 2694/2/3
f 2701/2/3 2696/2/3 2695/2/3
f 2702/2/3 2699/2/3 2698/2/3
f 2702/2/3 2698/2/3 2691/2/3
f 2703/2/3 2699/2/3 2702/2/3
f 2704/2/3 2699/2/3 2703/2/3
f 2705/2/3 2701/2/3 2700/2/3
f 2706/2/3 2696/2/3 2701/2/3
f 2706/2/3 2701/2/3 2705/2/3
f 2707/2/3 2696/2/3 2706/2/3
f 2708/2/3 2704/2/3 2703/2/3
f 2708/2/3 2705/2/3 2704/2/3
f 2708/2/3 2706/2/3 2705/2/3
f 2709/2/3 2706/2/3 2708/2/3
f 2710/2/3 2706/2/3 2709/2/3
f 2711/2/3 2706/2/3 2710/2/3
f 2712/2/3 2710/2/3 2709/2/3
f 2713/2/3 2710/2/3 2712/2/3
f 2714/2/3 2710/2/3 2713/2/3
f 2715/2/3 2710/2/3 2714/2/3
f 2716/2/3 2714/2/3 2713/2/3
f 2717/2/3 2714/2/3 2716/2/3
f 2722/2/3 2719/2/3 2718/2/3
f 2723/2/3 2719/2/3 2722/2/3
f 2726/1/3 2721/1/3 2720/1/3
f 2727/2/3 2724/2/3 2723/2/3
f 2727/2/3 2722/2/3 2721/2/3
f 2727/1/3 2721/1/3 2726/1/3
f 2727/2/3 2723/2/3 2722/2/3
f 2728/2/3 2724/2/3 2727/2/3
f 2729/2/3 2724/2/3 2728/2/3
f 2733/1/3 2726/1/3 2725/1/3
f 2733/1/3 2727/1/3 2726/1/3
f 2734/1/3 2727/1/3 2733/1/3
f 2735/1/3 2727/1/3 2734/1/3
f 2736/2/3 2730/2/3 2729/2/3
f 2736/2/3 2729/2/3 2728/2/3
f 2737/2/3 2730/2/3 2736/2/3
f 2738/1/3 2731/1/3 2730/1/3
f 2738/2/3 2730/2/3 2737/2/3
f 2739/1/3 2731/1/3 2738/1/3
f 2741/1/3 2734/1/3 2733/1/3
f 2741/1/3 2733/1/3 2732/1/3
f 2742/1/3 2734/1/3 2741/1/3
f 2743/2/3 2740/2/3 2739/2/3
f 2743/2/3 2739/2/3 2738/2/3
f 2743/2/3 2738/2/3 2737/2/3
f 2744/2/3 2740/2/3 2743/2/3
f 2746/1/3 2741/1/3 2732/1/3
f 2747/1/3 2741/1/3 2746/1/3
f 2748/1/3 2741/1/3 2747/1/3
f 2749/2/3 2740/2/3 2744/2/3
f 2750/2/3 2740/2/3 2749/2/3
f 2751/2/3 2740/2/3 2750/2/3
f 2753/1/3 2746/1/3 2745/1/3
f 2753/1/3 2747/1/3 2746/1/3
f 2754/1/3 2747/1/3 2753/1/3
f 2755/2/3 2752/2/3 2751/2/3
f 2755/2/3 2751/2/3 2750/2/3
f 2756/2/3 2752/2/3 2755/2/3
f 2758/1/3 2753/1/3 2745/1/3
f 2759/1/3 2753/1/3 2758/1/3
f 2760/2/3 2752/2/3 2756/2/3
f 2762/2/3 2760/2/3 2756/2/3
f 2762/2/3 2761/2/3 2760/2/3
f 2763/2/3 2761/2/3 2762/2/3
f 2764/2/3 2759/2/3 2758/2/3
f 2764/2/3 2758/2/3 2757/2/3
f 2765/2/3 2759/2/3 2764/2/3
f 2766/1/3 2763/1/3 2762/1/3
f 2767/1/3 2763/1/3 2766/1/3
f 2768/2/3 2759/2/3 2765/2/3
f 2771/1/3 2766/1/3 2762/1/3
f 2772/1/3 2766/1/3 2771/1/3
f 2773/2/3 2769/2/3 2768/2/3
f 2773/2/3 2768/2/3 2765/2/3
f 2774/2/3 2769/2/3 2773/2/3
f 2775/2/3 2769/2/3 2774/2/3
f 2778/2/3 2772/2/3 2771/2/3
f 2778/2/3 2771/2/3 2770/2/3
f 2779/2/3 2772/2/3 2778/2/3
f 2780/2/3 2772/2/3 2779/2/3
f 2781/2/3 2776/2/3 2775/2/3
f 2781/2/3 2775/2/3 2774/2/3
f 2784/2/3 2779/2/3 2778/2/3
f 2784/2/3 2778/2/3 2777/2/3
f 2785/2/3 2782/2/3 2781/2/3
f 2785/2/3 2781/2/3 2774/2/3
f 2786/2/3 2782/2/3 2785/2/3
f 2787/2/3 2782/2/3 2786/2/3
f 2790/2/3 2784/2/3 2783/2/3
f 2791/2/3 2779/2/3 2784/2/3
f 2791/2/3 2784/2/3 2790/2/3
f 2792/2/3 2779/2/3 2791/2/3
f 2793/2/3 2788/2/3 2787/2/3
f 2793/2/3 2787/2/3 2786/2/3
f 2794/2/3 2788/2/3 2793/2/3
f 2795/2/3 2788/2/3 2794/2/3
f 2796/2/3 2790/2/3 2789/2/3
f 2796/2/3 2791/2/3 2790/2/3
f 2797/2/3 2791/2/3 2796/2/3
f 2798/2/3 2791/2/3 2797/2/3
f 2799/2/3 2795/2/3 2794/2/3
f 2799/2/3 2797/2/3 2796/2/3
f 2799/2/3 2796/2/3 2795/2/3
f 2800/2/3 2797/2/3 2799/2/3
f 2801/2/3 2797/2/3 2800/2/3
f 2802/2/3 2797/2/3 2801/2/3
f 2803/2/3 2801/2/3 2800/2/3
f 2804/2/3 2801/2/3 2803/2/3
f 2809/1/3 2806/1/3 2805/1/3
f 2810/1/3 2806/1/3 2809/1/3
f 2811/1/3 2806/1/3 2810/1/3
f 2812/1/3 2806/1/3 2811/1/3
f 2813/2/3 2807/2/3 2806/2/3
f 2813/1/3 2806/1/3 2812/1/3
f 2814/2/3 2807/2/3 2813/2/3
f 2817/1/3 2809/1/3 2808/1/3
f 2817/1/3 2810/1/3 2809/1/3
f 2818/1/3 2810/1/3 2817/1/3
f 2819/2/3 2811/2/3 2810/2/3
f 2819/1/3 2810/1/3 2818/1/3
f 2820/2/3 2811/2/3 2819/2/3
f 2821/2/3 2815/2/3 2814/2/3
f 2821/2/3 2814/2/3 2813/2/3
f 2821/2/3 2813/2/3 2812/2/3
f 2822/2/3 2815/2/3 2821/2/3
f 2823/2/3 2815/2/3 2822/2/3
f 2826/1/3 2817/1/3 2816/1/3
f 2826/1/3 2818/1/3 2817/1/3
f 2827/1/3 2818/1/3 2826/1/3
f 2828/1/3 2818/1/3 2827/1/3
f 2829/1/3 2824/1/3 2823/1/3
f 2829/1/3 2823/1/3 2822/1/3
f 2830/1/3 2824/1/3 2829/1/3
f 2831/1/3 2824/1/3 2830/1/3
f 2832/1/3 2824/1/3 2831/1/3
f 2834/1/3 2827/1/3 2826/1/3
f 2834/2/3 2826/2/3 2825/2/3
f 2835/1/3 2827/1/3 2834/1/3
f 2836/1/3 2833/1/3 2832/1/3
f 2836/1/3 2832/1/3 2831/1/3
f 2837/1/3 2833/1/3 2836/1/3
f 2839/2/3 2834/2/3 2825/2/3
f 2840/1/3 2833/1/3 2837/1/3
f 2841/1/3 2833/1/3 2840/1/3
f 2843/2/3 2839/2/3 2838/2/3
f 2844/2/3 2834/2/3 2839/2/3
f 2844/2/3 2839/2/3 2843/2/3
f 2845/2/3 2834/2/3 2844/2/3
f 2846/2/3 2841/2/3 2840/2/3
f 2847/1/3 2842/1/3 2841/1/3
f 2847/2/3 2841/2/3 2846/2/3
f 2849/1/3 2844/1/3 2843/1/3
f 2850/1/3 2842/1/3 2847/1/3
f 2852/1/3 2849/1/3 2848/1/3
f 2853/1/3 2844/1/3 2849/1/3
f 2853/1/3 2849/1/3 2852/1/3
f 2854/1/3 2844/1/3 2853/1/3
f 2855/1/3 2851/1/3 2850/1/3
f 2855/1/3 2850/1/3 2847/1/3
f 2856/1/3 2851/1/3 2855/1/3
f 2857/1/3 2851/1/3 2856/1/3
f 2858/2/3 2857/2/3 2856/2/3
f 2859/2/3 2853/2/3 2852/2/3
f 2862/2/3 2857/2/3 2858/2/3
f 2863/2/3 2862/2/3 2861/2/3
f 2864/2/3 2860/2/3 2859/2/3
f 2864/2/3 2859/2/3 2852/2/3
f 2865/2/3 2860/2/3 2864/2/3
f 2866/2/3 2862/2/3 2863/2/3
f 2866/2/3 2857/2/3 2862/2/3
f 2867/2/3 2857/2/3 2866/2/3
f 2868/2/3 2860/2/3 2865/2/3
f 2871/2/3 2866/2/3 2863/2/3
f 2872/2/3 2869/2/3 2868/2/3
f 2872/2/3 2868/2/3 2865/2/3
f 2873/2/3 2869/2/3 2872/2/3
f 2874/2/3 2871/2/3 2870/2/3
f 2874/2/3 2866/2/3 2871/2/3
f 2875/2/3 2866/2/3 2874/2/3
f 2876/2/3 2869/2/3 2873/2/3
f 2879/2/3 2874/2/3 2870/2/3
f 2880/2/3 2877/2/3 2876/2/3
f 2880/2/3 2876/2/3 2873/2/3
f 2881/2/3 2877/2/3 2880/2/3
f 2882/2/3 2877/2/3 2881/2/3
f 2885/2/3 2879/2/3 2878/2/3
f 2886/2/3 2874/2/3 2879/2/3
f 2886/2/3 2879/2/3 2885/2/3
f 2887/2/3 2874/2/3 2886/2/3
f 2888/2/3 2883/2/3 2882/2/3
f 2888/2/3 2882/2/3 2881/2/3
f 2889/2/3 2883/2/3 2888/2/3
f 2890/2/3 2883/2/3 2889/2/3
f 2893/2/3 2885/2/3 2884/2/3
f 2893/2/3 2886/2/3 2885/2/3
f 2894/2/3 2886/2/3 2893/2/3
f 2895/2/3 2886/2/3 2894/2/3
f 2896/2/3 2891/2/3 2890/2/3
f 2896/2/3 2890/2/3 2889/2/3
f 2897/2/3 2891/2/3 2896/2/3
f 2898/2/3 2891/2/3 2897/2/3
f 2899/2/3 2894/2/3 2893/2/3
f 2899/2/3 2893/2/3 2892/2/3
f 2900/2/3 2894/2/3 2899/2/3
f 2901/2/3 2894/2/3 2900/2/3
f 2902/2/3 2898/2/3 2897/2/3
f 2902/2/3 2900/2/3 2899/2/3
f 2902/2/3 2899/2/3 2898/2/3
f 2903/2/3 2900/2/3 2902/2/3
f 2909/2/3 2905/2/3 2904/2/3
f 2910/1/3 2906/1/3 2905/1/3
f 2910/2/3 2905/2/3 2909/2/3
f 2911/2/3 2907/2/3 2906/2/3
f 2911/1/3 2906/1/3 2910/1/3
f 2912/2/3 2907/2/3 2911/2/3
f 2913/2/3 2907/2/3 2912/2/3
f 2917/2/3 2910/2/3 2909/2/3
f 2917/2/3 2909/2/3 2908/2/3
f 2918/2/3 2910/2/3 2917/2/3
f 2919/2/3 2910/2/3 2918/2/3
f 2920/2/3 2913/2/3 2912/2/3
f 2920/2/3 2914/2/3 2913/2/3
f 2921/1/3 2915/1/3 2914/1/3
f 2921/2/3 2914/2/3 2920/2/3
f 2922/1/3 2915/1/3 2921/1/3
f 2925/1/3 2918/1/3 2917/1/3
f 2925/1/3 2917/1/3 2916/1/3
f 2926/1/3 2918/1/3 2925/1/3
f 2927/2/3 2922/2/3 2921/2/3
f 2928/1/3 2923/1/3 2922/1/3
f 2928/2/3 2922/2/3 2927/2/3
f 2929/1/3 2923/1/3 2928/1/3
f 2932/1/3 2925/1/3 2924/1/3
f 2933/1/3 2925/1/3 2932/1/3
f 2934/1/3 2930/1/3 2929/1/3
f 2935/1/3 2930/1/3 2934/1/3
f 2938/2/3 2932/2/3 2931/2/3
f 2939/1/3 2936/1/3 2935/1/3
f 2941/2/3 2938/2/3 2937/2/3
f 2941/2/3 2932/2/3 2938/2/3
f 2942/2/3 2932/2/3 2941/2/3
f 2943/1/3 2940/1/3 2939/1/3
f 2943/1/3 2939/1/3 2935/1/3
f 2944/1/3 2940/1/3 2943/1/3
f 2946/2/3 2941/2/3 2937/2/3
f 2947/2/3 2941/2/3 2946/2/3
f 2948/1/3 2940/1/3 2944/1/3
f 2950/1/3 2947/1/3 2946/1/3
f 2950/2/3 2946/2/3 2945/2/3
f 2951/1/3 2947/1/3 2950/1/3
f 2952/1/3 2949/1/3 2948/1/3
f 2952/1/3 2948/1/3 2944/1/3
f 2953/1/3 2949/1/3 2952/1/3
f 2954/2/3 2950/2/3 2945/2/3
f 2955/1/3 2949/1/3 2953/1/3
f 2956/1/3 2949/1/3 2955/1/3
f 2957/2/3 2954/2/3 2945/2/3
f 2960/2/3 2956/2/3 2955/2/3
f 2961/2/3 2958/2/3 2957/2/3
f 2961/2/3 2957/2/3 2945/2/3
f 2962/2/3 2958/2/3 2961/2/3
f 2963/2/3 2960/2/3 2959/2/3
f 2963/2/3 2956/2/3 2960/2/3
f 2964/2/3 2956/2/3 2963/2/3
f 2965/2/3 2958/2/3 2962/2/3
f 2968/2/3 2963/2/3 2959/2/3
f 2969/2/3 2966/2/3 2965/2/3
f 2969/2/3 2965/2/3 2962/2/3
f 2970/2/3 2966/2/3 2969/2/3
f 2971/2/3 2968/2/3 2967/2/3
f 2971/2/3 2963/2/3 2968/2/3
f 2972/2/3 2963/2/3 2971/2/3
f 2973/2/3 2966/2/3 2970/2/3
f 2974/2/3 2966/2/3 2973/2/3
f 2977/2/3 2971/2/3 2967/2/3
f 2978/2/3 2971/2/3 2977/2/3
f 2979/2/3 2975/2/3 2974/2/3
f 2980/2/3 2975/2/3 2979/2/3
f 2983/2/3 2977/2/3 2976/2/3
f 2984/2/3 2977/2/3 2983/2/3
f 2985/2/3 2981/2/3 2980/2/3
f 2986/2/3 2981/2/3 2985/2/3
f 2987/2/3 2981/2/3 2986/2/3
f 2990/2/3 2983/2/3 2982/2/3
f 2991/2/3 2983/2/3 2990/2/3
f 2992/2/3 2983/2/3 2991/2/3
f 2993/2/3 2988/2/3 2987/2/3
f 2993/2/3 2987/2/3 2986/2/3
f 2994/2/3 2988/2/3 2993/2/3
f 2995/2/3 2988/2/3 2994/2/3
f 2996/2/3 2991/2/3 2990/2/3
f 2996/2/3 2990/2/3 2989/2/3
f 2997/2/3 2991/2/3 2996/2/3
f 2998/2/3 2991/2/3 2997/2/3
f 2999/2/3 2995/2/3 2994/2/3
f 2999/2/3 2997/2/3 2996/2/3
f 2999/2/3 2996/2/3 2995/2/3
f 3000/2/3 2997/2/3 2999/2/3
f 3004/2/3 3002/2/3 3001/2/3
f 3005/2/3 3002/2/3 3004/2/3
f 3006/2/3 3002/2/3 3005/2/3
f 3007/2/3 3002/2/3 3006/2/3
f 3010/2/3 3004/2/3 3003/2/3
f 3011/2/3 3004/2/3 3010/2/3
f 3012/2/3 3008/2/3 3007/2/3
f 3013/2/3 3008/2/3 3012/2/3
f 3014/2/3 3008/2/3 3013/2/3
f 3018/2/3 3010/2/3 3009/2/3
f 3019/2/3 3010/2/3 3018/2/3
f 3020/1/3 3015/1/3 3014/1/3
f 3021/1/3 3015/1/3 3020/1/3
f 3023/2/3 3017/2/3 3016/2/3
f 3023/1/3 3018/1/3 3017/1/3
f 3024/1/3 3018/1/3 3023/1/3
f 3025/1/3 3022/1/3 3021/1/3
f 3026/1/3 3022/1/3 3025/1/3
f 3028/2/3 3023/2/3 3016/2/3
f 3029/2/3 3023/2/3 3028/2/3
f 3030/1/3 3022/1/3 3026/1/3
f 3031/1/3 3022/1/3 3030/1/3
f 3034/2/3 3028/2/3 3027/2/3
f 3035/2/3 3028/2/3 3034/2/3
f 3036/1/3 3032/1/3 3031/1/3
f 3037/1/3 3032/1/3 3036/1/3
f 3040/2/3 3034/2/3 3033/2/3
f 3041/2/3 3034/2/3 3040/2/3
f 3042/1/3 3038/1/3 3037/1/3
f 3043/1/3 3038/1/3 3042/1/3
f 3045/1/3 3044/1/3 3043/1/3
f 3046/1/3 3044/1/3 3045/1/3
f 3047/1/3 3044/1/3 3046/1/3
f 3048/2/3 3040/2/3 3039/2/3
f 3049/2/3 3040/2/3 3048/2/3
f 3052/2/3 3047/2/3 3046/2/3
f 3053/2/3 3047/2/3 3052/2/3
f 3054/2/3 3050/2/3 3049/2/3
f 3055/2/3 3050/2/3 3054/2/3
f 3058/2/3 3052/2/3 3051/2/3
f 3059/2/3 3052/2/3 3058/2/3
f 3060/2/3 3056/2/3 3055/2/3
f 3061/2/3 3056/2/3 3060/2/3
f 3064/2/3 3058/2/3 3057/2/3
f 3065/2/3 3058/2/3 3064/2/3
f 3066/2/3 3062/2/3 3061/2/3
f 3069/2/3 3064/2/3 3063/2/3
f 3070/2/3 3067/2/3 3066/2/3
f 3070/2/3 3066/2/3 3061/2/3
f 3071/2/3 3067/2/3 3070/2/3
f 3074/2/3 3069/2/3 3068/2/3
f 3075/2/3 3064/2/3 3069/2/3
f 3075/2/3 3069/2/3 3074/2/3
f 3076/2/3 3072/2/3 3071/2/3
f 3077/2/3 3072/2/3 3076/2/3
f 3080/2/3 3074/2/3 3073/2/3
f 3081/2/3 3074/2/3 3080/2/3
f 3082/2/3 3078/2/3 3077/2/3
f 3083/2/3 3078/2/3 3082/2/3
f 3084/2/3 3080/2/3 3079/2/3
f 3085/2/3 3080/2/3 3084/2/3
f 3086/2/3 3084/2/3 3083/2/3
f 3087/2/3 3084/2/3 3086/2/3
f 3092/2/3 3089/2/3 3088/2/3
f 3093/2/3 3089/2/3 3092/2/3
f 3098/2/3 3091/2/3 3090/2/3
f 3099/2/3 3091/2/3 3098/2/3
f 3100/2/3 3095/2/3 3094/2/3
f 3101/1/3 3096/1/3 3095/1/3
f 3101/2/3 3095/2/3 3100/2/3
f 3102/1/3 3096/1/3 3101/1/3
f 3105/2/3 3098/2/3 3097/2/3
f 3106/2/3 3098/2/3 3105/2/3
f 3107/1/3 3103/1/3 3102/1/3
f 3108/1/3 3103/1/3 3107/1/3
f 3111/2/3 3105/2/3 3104/2/3
f 3112/2/3 3105/2/3 3111/2/3
f 3113/2/3 3105/2/3 3112/2/3
f 3114/1/3 3109/1/3 3108/1/3
f 3115/1/3 3109/1/3 3114/1/3
f 3118/2/3 3111/2/3 3110/2/3
f 3119/2/3 3111/2/3 3118/2/3
f 3120/1/3 3116/1/3 3115/1/3
f 3121/1/3 3116/1/3 3120/1/3
f 3124/2/3 3118/2/3 3117/2/3
f 3125/2/3 3118/2/3 3124/2/3
f 3126/1/3 3122/1/3 3121/1/3
f 3127/1/3 3122/1/3 3126/1/3
f 3129/2/3 3124/2/3 3123/2/3
f 3130/2/3 3124/2/3 3129/2/3
f 3131/1/3 3128/1/3 3127/1/3
f 3132/1/3 3128/1/3 3131/1/3
f 3137/1/3 3136/1/3 3135/1/3
f 3138/1/3 3136/1/3 3137/1/3
f 3139/1/3 3136/1/3 3138/1/3
f 3140/2/3 3134/2/3 3133/2/3
f 3141/2/3 3134/2/3 3140/2/3
f 3142/2/3 3139/2/3 3138/2/3
f 3143/2/3 3139/2/3 3142/2/3
f 3148/2/3 3145/2/3 3144/2/3
f 3149/2/3 3145/2/3 3148/2/3
f 3152/2/3 3147/2/3 3146/2/3
f 3153/2/3 3147/2/3 3152/2/3
f 3154/2/3 3150/2/3 3149/2/3
f 3155/2/3 3150/2/3 3154/2/3
f 3158/2/3 3152/2/3 3151/2/3
f 3159/2/3 3152/2/3 3158/2/3
f 3160/2/3 3156/2/3 3155/2/3
f 3161/2/3 3156/2/3 3160/2/3
f 3164/2/3 3158/2/3 3157/2/3
f 3165/2/3 3158/2/3 3164/2/3
f 3166/2/3 3162/2/3 3161/2/3
f 3167/2/3 3162/2/3 3166/2/3
f 3170/2/3 3164/2/3 3163/2/3
f 3171/2/3 3164/2/3 3170/2/3
f 3172/2/3 3168/2/3 3167/2/3
f 3173/2/3 3168/2/3 3172/2/3
f 3176/2/3 3170/2/3 3169/2/3
f 3177/2/3 3170/2/3 3176/2/3
f 3178/2/3 3174/2/3 3173/2/3
f 3179/2/3 3174/2/3 3178/2/3
f 3182/2/3 3176/2/3 3175/2/3
f 3183/2/3 3176/2/3 3182/2/3
f 3184/2/3 3181/2/3 3180/2/3
f 3185/2/3 3181/2/3 3184/2/3
f 3190/2/3 3187/2/3 3186/2/3
f 3191/2/3 3187/2/3 3190/2/3
f 3196/2/3 3189/2/3 3188/2/3
f 3197/2/3 3189/2/3 3196/2/3
f 3198/1/3 3193/1/3 3192/1/3
f 3199/1/3 3193/1/3 3198/1/3
f 3203/2/3 3195/2/3 3194/2/3
f 3204/2/3 3195/2/3 3203/2/3
f 3205/1/3 3201/1/3 3200/1/3
f 3206/1/3 3201/1/3 3205/1/3
f 3209/2/3 3203/2/3 3202/2/3
f 3210/2/3 3203/2/3 3209/2/3
f 3211/1/3 3207/1/3 3206/1/3
f 3212/1/3 3207/1/3 3211/1/3
f 3215/2/3 3209/2/3 3208/2/3
f 3216/2/3 3209/2/3 3215/2/3
f 3217/1/3 3213/1/3 3212/1/3
f 3218/1/3 3213/1/3 3217/1/3
f 3221/2/3 3215/2/3 3214/2/3
f 3222/2/3 3215/2/3 3221/2/3
f 3223/1/3 3219/1/3 3218/1/3
f 3224/1/3 3219/1/3 3223/1/3
f 3226/2/3 3221/2/3 3220/2/3
f 3227/2/3 3221/2/3 3226/2/3
f 3228/1/3 3225/1/3 3224/1/3
f 3229/1/3 3225/1/3 3228/1/3
f 3234/2/3 3231/2/3 3230/2/3
f 3235/2/3 3231/2/3 3234/2/3
f 3236/1/3 3233/1/3 3232/1/3
f 3237/1/3 3233/1/3 3236/1/3
f 3242/2/3 3239/2/3 3238/2/3
f 3243/2/3 3239/2/3 3242/2/3
f 3244/1/3 3241/1/3 3240/1/3
f 3245/1/3 3241/1/3 3244/1/3
f 3250/2/3 3247/2/3 3246/2/3
f 3251/2/3 3247/2/3 3250/2/3
f 3252/2/3 3249/2/3 3248/2/3
f 3253/2/3 3249/2/3 3252/2/3
f 3258/2/3 3255/2/3 3254/2/3
f 3259/2/3 3255/2/3 3258/2/3
f 3262/2/3 3257/2/3 3256/2/3
f 3263/2/3 3257/2/3 3262/2/3
f 3264/2/3 3260/2/3 3259/2/3
f 3265/2/3 3260/2/3 3264/2/3
f 3268/2/3 3262/2/3 3261/2/3
f 3269/2/3 3262/2/3 3268/2/3
f 3270/2/3 3266/2/3 3265/2/3
f 3271/2/3 3266/2/3 3270/2/3
f 3274/2/3 3268/2/3 3267/2/3
f 3275/2/3 3268/2/3 3274/2/3
f 3276/2/3 3272/2/3 3271/2/3
f 3277/2/3 3272/2/3 3276/2/3
f 3280/2/3 3274/2/3 3273/2/3
f 3281/2/3 3274/2/3 3280/2/3
f 3282/2/3 3278/2/3 3277/2/3
f 3283/2/3 3278/2/3 3282/2/3
f 3288/1/3 3280/1/3 3279/1/3
f 3289/1/3 3280/1/3 3288/1/3
f 3290/2/3 3285/2/3 3284/2/3
f 3291/2/3 3285/2/3 3290/2/3
f 3295/1/3 3287/1/3 3286/1/3
f 3296/1/3 3287/1/3 3295/1/3
f 3297/1/3 3293/1/3 3292/1/3
f 3298/2/3 3294/2/3 3293/2/3
f 3298/1/3 3293/1/3 3297/1/3
f 3299/2/3 3294/2/3 3298/2/3
f 3307/2/3 3301/2/3 3300/2/3
f 3308/2/3 3301/2/3 3307/2/3
f 3309/2/3 3303/2/3 3302/2/3
f 3310/1/3 3304/1/3 3303/1/3
f 3310/2/3 3303/2/3 3309/2/3
f 3311/1/3 3304/1/3 3310/1/3
f 3315/2/3 3306/2/3 3305/2/3
f 3316/2/3 3306/2/3 3315/2/3
f 3317/1/3 3313/1/3 3312/1/3
f 3318/1/3 3313/1/3 3317/1/3
f 3320/2/3 3315/2/3 3314/2/3
f 3321/2/3 3315/2/3 3320/2/3
f 3322/1/3 3319/1/3 3318/1/3
f 3323/1/3 3319/1/3 3322/1/3
f 3329/2/3 3325/2/3 3324/2/3
f 3330/2/3 3325/2/3 3329/2/3
f 3331/1/3 3327/1/3 3326/1/3
f 3332/1/3 3327/1/3 3331/1/3
f 3334/2/3 3329/2/3 3328/2/3
f 3335/2/3 3329/2/3 3334/2/3
f 3336/1/3 3333/1/3 3332/1/3
f 3337/1/3 3333/1/3 3336/1/3
f 3342/2/3 3339/2/3 3338/2/3
f 3343/2/3 3339/2/3 3342/2/3
f 3344/1/3 3341/1/3 3340/1/3
f 3345/1/3 3341/1/3 3344/1/3
f 3350/1/3 3349/1/3 3348/1/3
f 3351/1/3 3349/1/3 3350/1/3
f 3352/2/3 3347/2/3 3346/2/3
f 3353/2/3 3347/2/3 3352/2/3
f 3354/2/3 3351/2/3 3350/2/3
f 3355/2/3 3351/2/3 3354/2/3
f 3360/2/3 3357/2/3 3356/2/3
f 3361/2/3 3357/2/3 3360/2/3
f 3364/2/3 3359/2/3 3358/2/3
f 3365/2/3 3359/2/3 3364/2/3
f 3366/2/3 3362/2/3 3361/2/3
f 3367/2/3 3362/2/3 3366/2/3
f 3368/2/3 3364/2/3 3363/2/3
f 3369/2/3 3364/2/3 3368/2/3
f 3374/2/3 3371/2/3 3370/2/3
f 3375/2/3 3371/2/3 3374/2/3
f 3378/1/3 3373/1/3 3372/1/3
f 3379/1/3 3373/1/3 3378/1/3
f 3380/1/3 3376/1/3 3375/1/3
f 3381/1/3 3376/1/3 3380/1/3
f 3387/1/3 3378/1/3 3377/1/3
f 3388/1/3 3378/1/3 3387/1/3
f 3389/1/3 3383/1/3 3382/1/3
f 3390/1/3 3383/1/3 3389/1/3
f 3391/1/3 3386/1/3 3385/1/3
f 3391/1/3 3385/1/3 3384/1/3
f 3392/1/3 3386/1/3 3391/1/3
f 3397/2/3 3394/2/3 3393/2/3
f 3398/2/3 3394/2/3 3397/2/3
f 3403/2/3 3396/2/3 3395/2/3
f 3404/2/3 3396/2/3 3403/2/3
f 3405/1/3 3400/1/3 3399/1/3
f 3406/1/3 3400/1/3 3405/1/3
f 3410/2/3 3402/2/3 3401/2/3
f 3411/2/3 3402/2/3 3410/2/3
f 3412/1/3 3408/1/3 3407/1/3
f 3413/1/3 3408/1/3 3412/1/3
f 3416/2/3 3410/2/3 3409/2/3
f 3417/2/3 3410/2/3 3416/2/3
f 3418/1/3 3414/1/3 3413/1/3
f 3419/1/3 3414/1/3 3418/1/3
f 3422/2/3 3416/2/3 3415/2/3
f 3423/2/3 3416/2/3 3422/2/3
f 3424/1/3 3420/1/3 3419/1/3
f 3425/1/3 3420/1/3 3424/1/3
f 3428/2/3 3422/2/3 3421/2/3
f 3429/2/3 3422/2/3 3428/2/3
f 3430/1/3 3426/1/3 3425/1/3
f 3431/1/3 3426/1/3 3430/1/3
f 3434/2/3 3428/2/3 3427/2/3
f 3435/2/3 3428/2/3 3434/2/3
f 3436/1/3 3432/1/3 3431/1/3
f 3437/1/3 3432/1/3 3436/1/3
f 3439/2/3 3434/2/3 3433/2/3
f 3440/2/3 3434/2/3 3439/2/3
f 3441/1/3 3438/1/3 3437/1/3
f 3442/1/3 3438/1/3 3441/1/3
f 3447/2/3 3444/2/3 3443/2/3
f 3448/2/3 3444/2/3 3447/2/3
f 3449/1/3 3446/1/3 3445/1/3
f 3450/1/3 3446/1/3 3449/1/3
f 3455/2/3 3452/2/3 3451/2/3
f 3456/2/3 3452/2/3 3455/2/3
f 3457/1/3 3454/1/3 3453/1/3
f 3458/1/3 3454/1/3 3457/1/3
f 3463/1/3 3462/1/3 3461/1/3
f 3464/1/3 3462/1/3 3463/1/3
f 3465/2/3 3460/2/3 3459/2/3
f 3466/2/3 3460/2/3 3465/2/3
f 3467/2/3 3464/2/3 3463/2/3
f 3468/2/3 3464/2/3 3467/2/3
f 3473/2/3 3470/2/3 3469/2/3
f 3474/2/3 3470/2/3 3473/2/3
f 3477/2/3 3472/2/3 3471/2/3
f 3478/2/3 3472/2/3 3477/2/3
f 3479/1/3 3475/1/3 3474/1/3
f 3480/1/3 3475/1/3 3479/1/3
f 3483/2/3 3477/2/3 3476/2/3
f 3484/2/3 3477/2/3 3483/2/3
f 3485/1/3 3481/1/3 3480/1/3
f 3486/1/3 3481/1/3 3485/1/3
f 3489/1/3 3483/1/3 3482/1/3
f 3490/1/3 3483/1/3 3489/1/3
f 3491/1/3 3487/1/3 3486/1/3
f 3492/1/3 3487/1/3 3491/1/3
f 3495/1/3 3489/1/3 3488/1/3
f 3496/1/3 3489/1/3 3495/1/3
f 3497/1/3 3493/1/3 3492/1/3
f 3498/1/3 3493/1/3 3497/1/3
f 3501/1/3 3495/1/3 3494/1/3
f 3502/1/3 3495/1/3 3501/1/3
f 3503/1/3 3499/1/3 3498/1/3
f 3504/1/3 3499/1/3 3503/1/3
f 3509/1/3 3501/1/3 3500/1/3
f 3510/1/3 3501/1/3 3509/1/3
f 3511/1/3 3506/1/3 3505/1/3
f 3512/1/3 3506/1/3 3511/1/3
f 3516/1/3 3508/1/3 3507/1/3
f 3517/1/3 3508/1/3 3516/1/3
f 3518/2/3 3514/2/3 3513/2/3
f 3519/1/3 3515/1/3 3514/1/3
f 3519/2/3 3514/2/3 3518/2/3
f 3520/1/3 3515/1/3 3519/1/3
f 3527/2/3 3522/2/3 3521/2/3
f 3528/2/3 3522/2/3 3527/2/3
f 3529/1/3 3524/1/3 3523/1/3
f 3530/1/3 3524/1/3 3529/1/3
f 3533/2/3 3526/2/3 3525/2/3
f 3534/2/3 3526/2/3 3533/2/3
f 3535/1/3 3532/1/3 3531/1/3
f 3536/1/3 3532/1/3 3535/1/3
f 3542/2/3 3538/2/3 3537/2/3
f 3543/2/3 3538/2/3 3542/2/3
f 3544/1/3 3540/1/3 3539/1/3
f 3545/1/3 3540/1/3 3544/1/3
f 3548/2/3 3542/2/3 3541/2/3
f 3549/2/3 3542/2/3 3548/2/3
f 3550/1/3 3546/1/3 3545/1/3
f 3551/1/3 3546/1/3 3550/1/3
f 3553/2/3 3548/2/3 3547/2/3
f 3554/2/3 3548/2/3 3553/2/3
f 3555/1/3 3552/1/3 3551/1/3
f 3556/1/3 3552/1/3 3555/1/3
f 3561/2/3 3558/2/3 3557/2/3
f 3562/2/3 3558/2/3 3561/2/3
f 3563/1/3 3560/1/3 3559/1/3
f 3564/1/3 3560/1/3 3563/1/3
f 3569/2/3 3566/2/3 3565/2/3
f 3570/2/3 3566/2/3 3569/2/3
f 3571/1/3 3568/1/3 3567/1/3
f 3572/1/3 3568/1/3 3571/1/3
f 3577/2/3 3574/2/3 3573/2/3
f 3578/2/3 3574/2/3 3577/2/3
f 3579/1/3 3576/1/3 3575/1/3
f 3580/1/3 3576/1/3 3579/1/3
f 3585/2/3 3582/2/3 3581/2/3
f 3586/2/3 3582/2/3 3585/2/3
f 3587/2/3 3584/2/3 3583/2/3
f 3588/2/3 3584/2/3 3587/2/3
f 3593/1/3 3590/1/3 3589/1/3
f 3594/1/3 3590/1/3 3593/1/3
f 3597/1/3 3592/1/3 3591/1/3
f 3598/1/3 3592/1/3 3597/1/3
f 3599/1/3 3595/1/3 3594/1/3
f 3600/1/3 3595/1/3 3599/1/3
f 3603/1/3 3597/1/3 3596/1/3
f 3604/1/3 3597/1/3 3603/1/3
f 3605/1/3 3601/1/3 3600/1/3
f 3606/1/3 3601/1/3 3605/1/3
f 3607/1/3 3603/1/3 3602/1/3
f 3608/1/3 3603/1/3 3607/1/3
f 3613/1/3 3610/1/3 3609/1/3
f 3614/1/3 3610/1/3 3613/1/3
f 3620/1/3 3612/1/3 3611/1/3
f 3621/1/3 3612/1/3 3620/1/3
f 3622/1/3 3616/1/3 3615/1/3
f 3623/2/3 3617/2/3 3616/2/3
f 3623/1/3 3616/1/3 3622/1/3
f 3624/2/3 3617/2/3 3623/2/3
f 3625/1/3 3619/1/3 3618/1/3
f 3626/1/3 3619/1/3 3625/1/3
f 3631/2/3 3628/2/3 3627/2/3
f 3632/2/3 3628/2/3 3631/2/3
f 3633/1/3 3630/1/3 3629/1/3
f 3634/1/3 3630/1/3 3633/1/3
f 3639/2/3 3636/2/3 3635/2/3
f 3640/2/3 3636/2/3 3639/2/3
f 3641/1/3 3638/1/3 3637/1/3
f 3642/1/3 3638/1/3 3641/1/3
f 3647/2/3 3644/2/3 3643/2/3
f 3648/2/3 3644/2/3 3647/2/3
f 3649/1/3 3646/1/3 3645/1/3
f 3650/1/3 3646/1/3 3649/1/3
f 3655/2/3 3652/2/3 3651/2/3
f 3656/2/3 3652/2/3 3655/2/3
f 3657/1/3 3654/1/3 3653/1/3
f 3658/1/3 3654/1/3 3657/1/3
f 3663/2/3 3660/2/3 3659/2/3
f 3664/2/3 3660/2/3 3663/2/3
f 3665/1/3 3662/1/3 3661/1/3
f 3666/1/3 3662/1/3 3665/1/3
f 3671/1/3 3668/1/3 3667/1/3
f 3672/1/3 3668/1/3 3671/1/3
f 3673/2/3 3670/2/3 3669/2/3
f 3674/2/3 3670/2/3 3673/2/3
f 3679/1/3 3676/1/3 3675/1/3
f 3680/1/3 3676/1/3 3679/1/3
f 3681/1/3 3678/1/3 3677/1/3
f 3682/1/3 3678/1/3 3681/1/3
f 3687/1/3 3684/1/3 3683/1/3
f 3688/1/3 3684/1/3 3687/1/3
f 3689/1/3 3686/1/3 3685/1/3
f 3690/1/3 3686/1/3 3689/1/3
f 3696/2/3 3692/2/3 3691/2/3
f 3697/1/3 3693/1/3 3692/1/3
f 3697/2/3 3692/2/3 3696/2/3
f 3698/1/3 3693/1/3 3697/1/3
f 3703/2/3 3695/2/3 3694/2/3
f 3704/2/3 3695/2/3 3703/2/3
f 3705/1/3 3700/1/3 3699/1/3
f 3706/1/3 3700/1/3 3705/1/3
f 3709/2/3 3702/2/3 3701/2/3
f 3710/2/3 3702/2/3 3709/2/3
f 3711/1/3 3708/1/3 3707/1/3
f 3712/1/3 3708/1/3 3711/1/3
f 3718/2/3 3714/2/3 3713/2/3
f 3719/2/3 3714/2/3 3718/2/3
f 3720/1/3 3716/1/3 3715/1/3
f 3721/1/3 3716/1/3 3720/1/3
f 3723/2/3 3718/2/3 3717/2/3
f 3724/2/3 3718/2/3 3723/2/3
f 3725/1/3 3722/1/3 3721/1/3
f 3726/1/3 3722/1/3 3725/1/3
f 3731/2/3 3728/2/3 3727/2/3
f 3732/2/3 3728/2/3 3731/2/3
f 3733/1/3 3730/1/3 3729/1/3
f 3734/1/3 3730/1/3 3733/1/3
f 3739/2/3 3736/2/3 3735/2/3
f 3740/2/3 3736/2/3 3739/2/3
f 3741/1/3 3738/1/3 3737/1/3
f 3742/1/3 3738/1/3 3741/1/3
f 3747/2/3 3744/2/3 3743/2/3
f 3748/2/3 3744/2/3 3747/2/3
f 3749/1/3 3746/1/3 3745/1/3
f 3750/1/3 3746/1/3 3749/1/3
f 3755/2/3 3752/2/3 3751/2/3
f 3756/2/3 3752/2/3 3755/2/3
f 3757/2/3 3754/2/3 3753/2/3
f 3758/2/3 3754/2/3 3757/2/3
f 3763/1/3 3760/1/3 3759/1/3
f 3764/1/3 3760/1/3 3763/1/3
f 3765/1/3 3762/1/3 3761/1/3
f 3766/1/3 3762/1/3 3765/1/3
f 3771/1/3 3768/1/3 3767/1/3
f 3772/1/3 3768/1/3 3771/1/3
f 3775/1/3 3770/1/3 3769/1/3
f 3776/1/3 3770/1/3 3775/1/3
f 3777/1/3 3773/1/3 3772/1/3
f 3778/1/3 3773/1/3 3777/1/3
f 3779/1/3 3775/1/3 3774/1/3
f 3780/1/3 3775/1/3 3779/1/3
f 3785/1/3 3782/1/3 3781/1/3
f 3786/1/3 3782/1/3 3785/1/3
f 3791/1/3 3784/1/3 3783/1/3
f 3792/1/3 3784/1/3 3791/1/3
f 3793/1/3 3788/1/3 3787/1/3
f 3794/1/3 3788/1/3 3793/1/3
f 3798/1/3 3790/1/3 3789/1/3
f 3799/1/3 3790/1/3 3798/1/3
f 3800/2/3 3796/2/3 3795/2/3
f 3801/1/3 3797/1/3 3796/1/3
f 3801/2/3 3796/2/3 3800/2/3
f 3802/1/3 3797/1/3 3801/1/3
f 3807/2/3 3804/2/3 3803/2/3
f 3808/2/3 3804/2/3 3807/2/3
f 3809/1/3 3806/1/3 3805/1/3
f 3810/1/3 3806/1/3 3809/1/3
f 3815/2/3 3812/2/3 3811/2/3
f 3816/2/3 3812/2/3 3815/2/3
f 3817/1/3 3814/1/3 3813/1/3
f 3818/1/3 3814/1/3 3817/1/3
f 3823/2/3 3820/2/3 3819/2/3
f 3824/2/3 3820/2/3 3823/2/3
f 3825/1/3 3822/1/3 3821/1/3
f 3826/1/3 3822/1/3 3825/1/3
f 3831/2/3 3828/2/3 3827/2/3
f 3832/2/3 3828/2/3 3831/2/3
f 3833/1/3 3830/1/3 3829/1/3
f 3834/1/3 3830/1/3 3833/1/3
f 3839/2/3 3836/2/3 3835/2/3
f 3840/2/3 3836/2/3 3839/2/3
f 3841/2/3 3838/2/3 3837/2/3
f 3842/2/3 3838/2/3 3841/2/3
f 3847/1/3 3844/1/3 3843/1/3
f 3848/1/3 3844/1/3 3847/1/3
f 3849/1/3 3846/1/3 3845/1/3
f 3850/1/3 3846/1/3 3849/1/3
f 3855/1/3 3852/1/3 3851/1/3
f 3856/1/3 3852/1/3 3855/1/3
f 3857/1/3 3854/1/3 3853/1/3
f 3858/1/3 3854/1/3 3857/1/3
f 3863/1/3 3860/1/3 3859/1/3
f 3864/1/3 3860/1/3 3863/1/3
f 3865/1/3 3862/1/3 3861/1/3
f 3866/1/3 3862/1/3 3865/1/3
f 3873/2/3 3868/2/3 3867/2/3
f 3874/2/3 3868/2/3 3873/2/3
f 3875/1/3 3870/1/3 3869/1/3
f 3876/1/3 3870/1/3 3875/1/3
f 3879/1/3 3872/1/3 3871/1/3
f 3880/1/3 3872/1/3 3879/1/3
f 3881/1/3 3878/1/3 3877/1/3
f 3882/1/3 3878/1/3 3881/1/3
f 3887/2/3 3884/2/3 3883/2/3
f 3888/2/3 3884/2/3 3887/2/3
f 3889/1/3 3886/1/3 3885/1/3
f 3890/1/3 3886/1/3 3889/1/3
f 3895/2/3 3892/2/3 3891/2/3
f 3896/2/3 3892/2/3 3895/2/3
f 3897/1/3 3894/1/3 3893/1/3
f 3898/1/3 3894/1/3 3897/1/3
f 3903/2/3 3900/2/3 3899/2/3
f 3904/2/3 3900/2/3 3903/2/3
f 3905/2/3 3902/2/3 3901/2/3
f 3906/2/3 3902/2/3 3905/2/3
f 3911/2/3 3908/2/3 3907/2/3
f 3912/2/3 3908/2/3 3911/2/3
f 3913/2/3 3910/2/3 3909/2/3
f 3914/2/3 3910/2/3 3913/2/3
f 3919/1/3 3916/1/3 3915/1/3
f 3920/1/3 3916/1/3 3919/1/3
f 3925/1/3 3918/1/3 3917/1/3
f 3926/1/3 3918/1/3 3925/1/3
f 3927/1/3 3922/1/3 3921/1/3
f 3928/1/3 3922/1/3 3927/1/3
f 3929/1/3 3924/1/3 3923/1/3
f 3930/1/3 3924/1/3 3929/1/3
f 3935/1/3 3932/1/3 3931/1/3
f 3936/1/3 3932/1/3 3935/1/3
f 3937/1/3 3934/1/3 3933/1/3
f 3938/1/3 3934/1/3 3937/1/3
f 3943/2/3 3940/2/3 3939/2/3
f 3944/2/3 3940/2/3 3943/2/3
f 3945/1/3 3942/1/3 3941/1/3
f 3946/1/3 3942/1/3 3945/1/3
f 3951/2/3 3948/2/3 3947/2/3
f 3952/2/3 3948/2/3 3951/2/3
f 3953/1/3 3950/1/3 3949/1/3
f 3954/1/3 3950/1/3 3953/1/3
f 3959/1/3 3956/1/3 3955/1/3
f 3960/1/3 3956/1/3 3959/1/3
f 3961/1/3 3958/1/3 3957/1/3
f 3962/1/3 3958/1/3 3961/1/3
f 3963/1/4 3964/1/4 3967/1/4
f 3967/1/4 3964/1/4 3968/1/4
f 3965/1/4 3966/1/4 3969/1/4
f 3969/1/4 3966/1/4 3970/1/4
f 3971/2/4 3972/2/4 3975/2/4
f 3975/2/4 3972/2/4 3976/2/4
f 3973/1/4 3974/1/4 3977/1/4
f 3977/1/4 3974/1/4 3978/1/4
f 3979/2/4 3980/2/4 3983/2/4
f 3983/2/4 3980/2/4 3984/2/4
f 3981/1/4 3982/1/4 3985/1/4
f 3985/1/4 3982/1/4 3986/1/4
f 3987/1/4 3988/1/4 3991/1/4
f 3991/1/4 3988/1/4 3992/1/4
f 3989/1/4 3990/1/4 3993/1/4
f 3993/1/4 3990/1/4 3994/1/4
f 3995/2/4 3996/2/4 4001/2/4
f 4001/2/4 3996/2/4 4002/2/4
f 3997/1/4 3998/1/4 4003/1/4
f 4003/1/4 3998/1/4 4004/1/4
f 3999/1/4 4000/1/4 4007/1/4
f 4007/1/4 4000/1/4 4008/1/4
f 4005/1/4 4006/1/4 4009/1/4
f 4009/1/4 4006/1/4 4010/1/4
f 4011/2/4 4012/2/4 4015/2/4
f 4015/2/4 4012/2/4 4016/2/4
f 4013/2/4 4014/2/4 4017/2/4
f 4017/2/4 4014/2/4 4018/2/4
f 4019/2/4 4020/2/4 4023/2/4
f 4023/2/4 4020/2/4 4024/2/4
f 4021/2/4 4022/2/4 4025/2/4
f 4025/2/4 4022/2/4 4026/2/4
f 4027/2/4 4028/2/4 4031/2/4
f 4031/2/4 4028/2/4 4032/2/4
f 4029/2/4 4030/2/4 4033/2/4
f 4033/2/4 4030/2/4 4034/2/4
f 4035/2/4 4036/2/4 4039/2/4
f 4039/2/4 4036/2/4 4040/2/4
f 4037/2/4 4038/2/4 4041/2/4
f 4041/2/4 4038/2/4 4042/2/4
f 4043/1/4 4044/1/4 4047/1/4
f 4047/1/4 4044/1/4 4048/1/4
f 4045/1/4 4046/1/4 4053/1/4
f 4053/1/4 4046/1/4 4054/1/4
f 4049/1/4 4050/1/4 4055/1/4
f 4055/1/4 4050/1/4 4056/1/4
f 4051/1/4 4052/1/4 4057/1/4
f 4057/1/4 4052/1/4 4058/1/4
f 4059/2/4 4060/2/4 4063/2/4
f 4063/2/4 4060/2/4 4064/2/4
f 4061/1/4 4062/1/4 4065/1/4
f 4065/1/4 4062/1/4 4066/1/4
f 4067/1/4 4068/1/4 4071/1/4
f 4071/1/4 4068/1/4 4072/1/4
f 4069/1/4 4070/1/4 4073/1/4
f 4073/1/4 4070/1/4 4074/1/4
f 4075/2/4 4076/2/4 4079/2/4
f 4079/2/4 4076/2/4 4080/2/4
f 4077/1/4 4078/1/4 4081/1/4
f 4081/1/4 4078/1/4 4082/1/4
f 4083/2/4 4084/2/4 4087/2/4
f 4087/2/4 4084/2/4 4088/2/4
f 4085/2/4 4086/2/4 4089/2/4
f 4089/2/4 4086/2/4 4090/2/4
f 4091/2/4 4092/2/4 4095/2/4
f 4095/2/4 4092/2/4 4096/2/4
f 4093/2/4 4094/2/4 4097/2/4
f 4097/2/4 4094/2/4 4098/2/4
f 4099/2/4 4100/2/4 4103/2/4
f 4103/2/4 4100/2/4 4104/2/4
f 4101/1/4 4102/1/4 4105/1/4
f 4105/1/4 4102/1/4 4106/1/4
f 4107/2/4 4108/2/4 4111/2/4
f 4111/2/4 4108/2/4 4112/2/4
f 4109/1/4 4110/1/4 4113/1/4
f 4113/1/4 4110/1/4 4114/1/4
f 4115/1/4 4116/1/4 4119/1/4
f 4119/1/4 4116/1/4 4120/1/4
f 4117/1/4 4118/1/4 4121/1/4
f 4121/1/4 4118/1/4 4122/1/4
f 4123/1/4 4124/1/4 4127/1/4
f 4127/1/4 4124/1/4 4128/1/4
f 4128/1/4 4124/1/4 4129/1/4
f 4125/1/4 4126/1/4 4134/1/4
f 4134/1/4 4126/1/4 4135/1/4
f 4130/2/4 4131/2/4 4136/2/4
f 4136/2/4 4131/2/4 4137/2/4
f 4132/1/4 4133/1/4 4140/1/4
f 4140/1/4 4133/1/4 4141/1/4
f 4138/1/4 4139/1/4 4142/1/4
f 4142/1/4 4139/1/4 4143/1/4
f 4144/1/4 4145/1/4 4149/1/4
f 4149/1/4 4145/1/4 4150/1/4
f 4146/1/4 4147/1/4 4151/1/4
f 4151/1/4 4147/1/4 4152/1/4
f 4148/2/4 4149/2/4 4154/2/4
f 4154/2/4 4149/2/4 4155/2/4
f 4152/1/4 4153/1/4 4156/1/4
f 4156/1/4 4153/1/4 4157/1/4
f 4158/2/4 4159/2/4 4162/2/4
f 4162/2/4 4159/2/4 4163/2/4
f 4160/1/4 4161/1/4 4164/1/4
f 4164/1/4 4161/1/4 4165/1/4
f 4166/2/4 4167/2/4 4170/2/4
f 4170/2/4 4167/2/4 4171/2/4
f 4168/2/4 4169/2/4 4172/2/4
f 4172/2/4 4169/2/4 4173/2/4
f 4174/2/4 4175/2/4 4178/2/4
f 4178/2/4 4175/2/4 4179/2/4
f 4176/2/4 4177/2/4 4180/2/4
f 4180/2/4 4177/2/4 4181/2/4
f 4182/2/4 4183/2/4 4186/2/4
f 4186/2/4 4183/2/4 4187/2/4
f 4184/2/4 4185/2/4 4188/2/4
f 4188/2/4 4185/2/4 4189/2/4
f 4190/2/4 4191/2/4 4194/2/4
f 4194/2/4 4191/2/4 4195/2/4
f 4192/2/4 4193/2/4 4196/2/4
f 4196/2/4 4193/2/4 4197/2/4
f 4198/2/4 4199/2/4 4202/2/4
f 4202/2/4 4199/2/4 4203/2/4
f 4200/1/4 4201/1/4 4206/1/4
f 4206/1/4 4201/1/4 4207/1/4
f 4203/2/4 4204/2/4 4208/2/4
f 4208/2/4 4204/2/4 4209/2/4
f 4205/1/4 4206/1/4 4210/1/4
f 4210/1/4 4206/1/4 4211/1/4
f 4212/2/4 4213/2/4 4216/2/4
f 4216/2/4 4213/2/4 4217/2/4
f 4214/1/4 4215/1/4 4222/1/4
f 4222/1/4 4215/1/4 4223/1/4
f 4218/1/4 4219/1/4 4224/1/4
f 4224/1/4 4219/1/4 4225/1/4
f 4220/1/4 4221/1/4 4228/1/4
f 4228/1/4 4221/1/4 4229/1/4
f 4226/2/4 4227/2/4 4230/2/4
f 4230/2/4 4227/2/4 4231/2/4
f 4232/1/4 4233/1/4 4236/1/4
f 4236/1/4 4233/1/4 4237/1/4
f 4234/2/4 4235/2/4 4238/2/4
f 4238/2/4 4235/2/4 4239/2/4
f 4240/1/4 4241/1/4 4244/1/4
f 4244/1/4 4241/1/4 4245/1/4
f 4242/1/4 4243/1/4 4246/1/4
f 4246/1/4 4243/1/4 4247/1/4
f 4248/2/4 4249/2/4 4252/2/4
f 4252/2/4 4249/2/4 4253/2/4
f 4250/1/4 4251/1/4 4254/1/4
f 4254/1/4 4251/1/4 4255/1/4
f 4256/2/4 4257/2/4 4260/2/4
f 4260/2/4 4257/2/4 4261/2/4
f 4258/2/4 4259/2/4 4262/2/4
f 4262/2/4 4259/2/4 4263/2/4
f 4264/2/4 4265/2/4 4268/2/4
f 4268/2/4 4265/2/4 4269/2/4
f 4266/2/4 4267/2/4 4270/2/4
f 4270/2/4 4267/2/4 4271/2/4
f 4272/2/4 4273/2/4 4276/2/4
f 4276/2/4 4273/2/4 4277/2/4
f 4274/2/4 4275/2/4 4278/2/4
f 4278/2/4 4275/2/4 4279/2/4
f 4280/2/4 4281/2/4 4284/2/4
f 4284/2/4 4281/2/4 4285/2/4
f 4282/1/4 4283/1/4 4286/1/4
f 4286/1/4 4283/1/4 4287/1/4
f 4288/1/4 4289/1/4 4292/1/4
f 4292/1/4 4289/1/4 4293/1/4
f 4290/1/4 4291/1/4 4294/1/4
f 4294/1/4 4291/1/4 4295/1/4
f 4296/1/4 4297/1/4 4302/1/4
f 4302/1/4 4297/1/4 4303/1/4
f 4298/1/4 4299/1/4 4304/1/4
f 4304/1/4 4299/1/4 4305/1/4
f 4300/1/4 4301/1/4 4308/1/4
f 4308/1/4 4301/1/4 4309/1/4
f 4306/1/4 4307/1/4 4310/1/4
f 4310/1/4 4307/1/4 4311/1/4
f 4312/1/4 4313/1/4 4317/1/4
f 4317/1/4 4313/1/4 4318/1/4
f 4314/2/4 4315/2/4 4319/2/4
f 4319/2/4 4315/2/4 4320/2/4
f 4316/2/4 4317/2/4 4323/2/4
f 4323/2/4 4317/2/4 4324/2/4
f 4320/2/4 4321/2/4 4325/2/4
f 4325/2/4 4321/2/4 4326/2/4
f 4322/2/4 4323/2/4 4328/2/4
f 4328/2/4 4323/2/4 4329/2/4
f 4326/2/4 4327/2/4 4330/2/4
f 4330/2/4 4327/2/4 4331/2/4
f 4332/2/4 4333/2/4 4336/2/4
f 4336/2/4 4333/2/4 4337/2/4
f 4334/2/4 4335/2/4 4338/2/4
f 4338/2/4 4335/2/4 4339/2/4
f 4340/2/4 4341/2/4 4344/2/4
f 4344/2/4 4341/2/4 4345/2/4
f 4342/2/4 4343/2/4 4346/2/4
f 4346/2/4 4343/2/4 4347/2/4
f 4348/2/4 4349/2/4 4352/2/4
f 4352/2/4 4349/2/4 4353/2/4
f 4350/2/4 4351/2/4 4354/2/4
f 4354/2/4 4351/2/4 4355/2/4
f 4356/2/4 4357/2/4 4360/2/4
f 4360/2/4 4357/2/4 4361/2/4
f 4358/2/4 4359/2/4 4362/2/4
f 4362/2/4 4359/2/4 4363/2/4
f 4364/2/4 4365/2/4 4368/2/4
f 4368/2/4 4365/2/4 4369/2/4
f 4366/1/4 4367/1/4 4372/1/4
f 4372/1/4 4367/1/4 4373/1/4
f 4369/2/4 4370/2/4 4374/2/4
f 4374/2/4 4370/2/4 4375/2/4
f 4371/1/4 4372/1/4 4378/1/4
f 4378/1/4 4372/1/4 4379/1/4
f 4375/2/4 4376/2/4 4380/2/4
f 4380/2/4 4376/2/4 4381/2/4
f 4377/1/4 4378/1/4 4382/1/4
f 4382/1/4 4378/1/4 4383/1/4
f 4384/1/4 4385/1/4 4388/1/4
f 4388/1/4 4385/1/4 4389/1/4
f 4386/1/4 4387/1/4 4394/1/4
f 4394/1/4 4387/1/4 4395/1/4
f 4390/1/4 4391/1/4 4396/1/4
f 4396/1/4 4391/1/4 4397/1/4
f 4392/1/4 4393/1/4 4398/1/4
f 4398/1/4 4393/1/4 4399/1/4
f 4400/1/4 4401/1/4 4404/1/4
f 4404/1/4 4401/1/4 4405/1/4
f 4402/1/4 4403/1/4 4410/1/4
f 4410/1/4 4403/1/4 4411/1/4
f 4406/1/4 4407/1/4 4412/1/4
f 4412/1/4 4407/1/4 4413/1/4
f 4408/1/4 4409/1/4 4417/1/4
f 4417/1/4 4409/1/4 4418/1/4
f 4414/2/4 4415/2/4 4419/2/4
f 4419/2/4 4415/2/4 4420/2/4
f 4416/1/4 4417/1/4 4423/1/4
f 4423/1/4 4417/1/4 4424/1/4
f 4420/2/4 4421/2/4 4425/2/4
f 4425/2/4 4421/2/4 4426/2/4
f 4422/2/4 4423/2/4 4429/2/4
f 4429/2/4 4423/2/4 4430/2/4
f 4426/2/4 4427/2/4 4431/2/4
f 4431/2/4 4427/2/4 4432/2/4
f 4428/2/4 4429/2/4 4435/2/4
f 4435/2/4 4429/2/4 4436/2/4
f 4432/2/4 4433/2/4 4437/2/4
f 4437/2/4 4433/2/4 4438/2/4
f 4434/2/4 4435/2/4 4441/2/4
f 4441/2/4 4435/2/4 4442/2/4
f 4438/2/4 4439/2/4 4443/2/4
f 4443/2/4 4439/2/4 4444/2/4
f 4440/2/4 4441/2/4 4446/2/4
f 4446/2/4 4441/2/4 4447/2/4
f 4444/2/4 4445/2/4 4448/2/4
f 4448/2/4 4445/2/4 4449/2/4
f 4450/2/4 4451/2/4 4454/2/4
f 4454/2/4 4451/2/4 4455/2/4
f 4452/2/4 4453/2/4 4456/2/4
f 4456/2/4 4453/2/4 4457/2/4
f 4458/2/4 4459/2/4 4462/2/4
f 4462/2/4 4459/2/4 4463/2/4
f 4460/2/4 4461/2/4 4464/2/4
f 4464/2/4 4461/2/4 4465/2/4
f 4466/2/4 4467/2/4 4470/2/4
f 4470/2/4 4467/2/4 4471/2/4
f 4468/2/4 4469/2/4 4472/2/4
f 4472/2/4 4469/2/4 4473/2/4
f 4474/2/4 4475/2/4 4478/2/4
f 4478/2/4 4475/2/4 4479/2/4
f 4476/2/4 4477/2/4 4482/2/4
f 4482/2/4 4477/2/4 4483/2/4
f 4479/2/4 4480/2/4 4484/2/4
f 4484/2/4 4480/2/4 4485/2/4
f 4481/2/4 4482/2/4 4488/2/4
f 4488/2/4 4482/2/4 4489/2/4
f 4485/2/4 4486/2/4 4490/2/4
f 4490/2/4 4486/2/4 4491/2/4
f 4487/1/4 4488/1/4 4494/1/4
f 4494/1/4 4488/1/4 4495/1/4
f 4491/2/4 4492/2/4 4496/2/4
f 4496/2/4 4492/2/4 4497/2/4
f 4493/1/4 4494/1/4 4500/1/4
f 4500/1/4 4494/1/4 4501/1/4
f 4497/2/4 4498/2/4 4502/2/4
f 4502/2/4 4498/2/4 4503/2/4
f 4499/1/4 4500/1/4 4506/1/4
f 4506/1/4 4500/1/4 4507/1/4
f 4503/2/4 4504/2/4 4508/2/4
f 4508/2/4 4504/2/4 4509/2/4
f 4505/1/4 4506/1/4 4514/1/4
f 4514/1/4 4506/1/4 4515/1/4
f 4510/2/4 4511/2/4 4516/2/4
f 4516/2/4 4511/2/4 4517/2/4
f 4512/1/4 4513/1/4 4520/1/4
f 4520/1/4 4513/1/4 4521/1/4
f 4518/2/4 4519/2/4 4522/2/4
f 4522/2/4 4519/2/4 4523/2/4
f 4524/1/4 4525/1/4 4530/1/4
f 4530/1/4 4525/1/4 4531/1/4
f 4526/1/4 4527/1/4 4532/1/4
f 4532/1/4 4527/1/4 4533/1/4
f 4528/1/4 4529/1/4 4537/1/4
f 4537/1/4 4529/1/4 4538/1/4
f 4534/1/4 4535/1/4 4539/1/4
f 4539/1/4 4535/1/4 4540/1/4
f 4536/2/4 4537/2/4 4542/2/4
f 4542/2/4 4537/2/4 4543/2/4
f 4540/2/4 4541/2/4 4544/2/4
f 4544/2/4 4541/2/4 4545/2/4
f 4546/2/4 4547/2/4 4551/2/4
f 4551/2/4 4547/2/4 4552/2/4
f 4548/2/4 4549/2/4 4553/2/4
f 4553/2/4 4549/2/4 4554/2/4
f 4550/2/4 4551/2/4 4556/2/4
f 4556/2/4 4551/2/4 4557/2/4
f 4554/2/4 4555/2/4 4558/2/4
f 4558/2/4 4555/2/4 4559/2/4
f 4560/2/4 4561/2/4 4564/2/4
f 4564/2/4 4561/2/4 4565/2/4
f 4562/2/4 4563/2/4 4566/2/4
f 4566/2/4 4563/2/4 4567/2/4
f 4568/2/4 4569/2/4 4572/2/4
f 4572/2/4 4569/2/4 4573/2/4
f 4570/2/4 4571/2/4 4574/2/4
f 4574/2/4 4571/2/4 4575/2/4
f 4576/2/4 4577/2/4 4580/2/4
f 4580/2/4 4577/2/4 4581/2/4
f 4578/2/4 4579/2/4 4584/2/4
f 4584/2/4 4579/2/4 4585/2/4
f 4581/2/4 4582/2/4 4586/2/4
f 4586/2/4 4582/2/4 4587/2/4
f 4583/2/4 4584/2/4 4588/2/4
f 4588/2/4 4584/2/4 4589/2/4
f 4590/2/4 4591/2/4 4594/2/4
f 4594/2/4 4591/2/4 4595/2/4
f 4592/1/4 4593/1/4 4598/1/4
f 4598/1/4 4593/1/4 4599/1/4
f 4595/2/4 4596/2/4 4600/2/4
f 4600/2/4 4596/2/4 4601/2/4
f 4597/1/4 4598/1/4 4607/1/4
f 4607/1/4 4598/1/4 4608/1/4
f 4602/2/4 4603/2/4 4609/2/4
f 4609/2/4 4603/2/4 4610/2/4
f 4604/2/4 4605/2/4 4611/2/4
f 4605/1/4 4606/1/4 4612/1/4
f 4611/2/4 4605/2/4 4612/2/4
f 4612/1/4 4606/1/4 4613/1/4
f 4614/1/4 4615/1/4 4618/1/4
f 4618/1/4 4615/1/4 4619/1/4
f 4616/1/4 4617/1/4 4624/1/4
f 4624/1/4 4617/1/4 4625/1/4
f 4620/1/4 4621/1/4 4626/1/4
f 4626/1/4 4621/1/4 4627/1/4
f 4622/2/4 4623/2/4 4631/2/4
f 4631/2/4 4623/2/4 4632/2/4
f 4628/1/4 4629/1/4 4633/1/4
f 4633/1/4 4629/1/4 4634/1/4
f 4630/2/4 4631/2/4 4637/2/4
f 4637/2/4 4631/2/4 4638/2/4
f 4634/2/4 4635/2/4 4639/2/4
f 4639/2/4 4635/2/4 4640/2/4
f 4636/2/4 4637/2/4 4643/2/4
f 4643/2/4 4637/2/4 4644/2/4
f 4640/2/4 4641/2/4 4645/2/4
f 4645/2/4 4641/2/4 4646/2/4
f 4642/2/4 4643/2/4 4649/2/4
f 4649/2/4 4643/2/4 4650/2/4
f 4646/2/4 4647/2/4 4651/2/4
f 4651/2/4 4647/2/4 4652/2/4
f 4648/2/4 4649/2/4 4654/2/4
f 4654/2/4 4649/2/4 4655/2/4
f 4652/2/4 4653/2/4 4656/2/4
f 4656/2/4 4653/2/4 4657/2/4
f 4658/2/4 4659/2/4 4662/2/4
f 4662/2/4 4659/2/4 4663/2/4
f 4660/2/4 4661/2/4 4664/2/4
f 4664/2/4 4661/2/4 4665/2/4
f 4666/2/4 4667/2/4 4670/2/4
f 4670/2/4 4667/2/4 4671/2/4
f 4668/2/4 4669/2/4 4672/2/4
f 4672/2/4 4669/2/4 4673/2/4
f 4674/2/4 4675/2/4 4678/2/4
f 4678/2/4 4675/2/4 4679/2/4
f 4676/2/4 4677/2/4 4680/2/4
f 4680/2/4 4677/2/4 4681/2/4
f 4682/2/4 4683/2/4 4686/2/4
f 4686/2/4 4683/2/4 4687/2/4
f 4684/2/4 4685/2/4 4690/2/4
f 4690/2/4 4685/2/4 4691/2/4
f 4687/2/4 4688/2/4 4692/2/4
f 4692/2/4 4688/2/4 4693/2/4
f 4689/2/4 4690/2/4 4696/2/4
f 4696/2/4 4690/2/4 4697/2/4
f 4693/2/4 4694/2/4 4698/2/4
f 4698/2/4 4694/2/4 4699/2/4
f 4695/2/4 4696/2/4 4702/2/4
f 4702/2/4 4696/2/4 4703/2/4
f 4699/2/4 4700/2/4 4704/2/4
f 4704/2/4 4700/2/4 4705/2/4
f 4701/2/4 4702/2/4 4708/2/4
f 4708/2/4 4702/2/4 4709/2/4
f 4705/2/4 4706/2/4 4710/2/4
f 4710/2/4 4706/2/4 4711/2/4
f 4707/2/4 4708/2/4 4716/2/4
f 4716/2/4 4708/2/4 4717/2/4
f 4712/2/4 4713/2/4 4718/2/4
f 4718/2/4 4713/2/4 4719/2/4
f 4714/2/4 4715/2/4 4722/2/4
f 4722/2/4 4715/2/4 4723/2/4
f 4720/2/4 4721/2/4 4724/2/4
f 4724/2/4 4721/2/4 4725/2/4
f 4726/2/4 4727/2/4 4731/2/4
f 4727/1/4 4728/1/4 4732/1/4
f 4731/2/4 4727/2/4 4732/2/4
f 4732/1/4 4728/1/4 4733/1/4
f 4729/2/4 4730/2/4 4737/2/4
f 4737/2/4 4730/2/4 4738/2/4
f 4734/1/4 4735/1/4 4739/1/4
f 4739/1/4 4735/1/4 4740/1/4
f 4736/2/4 4737/2/4 4743/2/4
f 4743/2/4 4737/2/4 4744/2/4
f 4740/1/4 4741/1/4 4745/1/4
f 4745/1/4 4741/1/4 4746/1/4
f 4742/2/4 4743/2/4 4749/2/4
f 4749/2/4 4743/2/4 4750/2/4
f 4746/2/4 4747/2/4 4751/2/4
f 4751/2/4 4747/2/4 4752/2/4
f 4748/2/4 4749/2/4 4755/2/4
f 4755/2/4 4749/2/4 4756/2/4
f 4752/2/4 4753/2/4 4757/2/4
f 4757/2/4 4753/2/4 4758/2/4
f 4754/2/4 4755/2/4 4761/2/4
f 4761/2/4 4755/2/4 4762/2/4
f 4758/2/4 4759/2/4 4763/2/4
f 4763/2/4 4759/2/4 4764/2/4
f 4760/2/4 4761/2/4 4766/2/4
f 4766/2/4 4761/2/4 4767/2/4
f 4764/2/4 4765/2/4 4768/2/4
f 4768/2/4 4765/2/4 4769/2/4
f 4770/2/4 4771/2/4 4774/2/4
f 4774/2/4 4771/2/4 4775/2/4
f 4772/2/4 4773/2/4 4776/2/4
f 4776/2/4 4773/2/4 4777/2/4
f 4778/2/4 4779/2/4 4782/2/4
f 4782/2/4 4779/2/4 4783/2/4
f 4780/2/4 4781/2/4 4786/2/4
f 4786/2/4 4781/2/4 4787/2/4
f 4783/2/4 4784/2/4 4788/2/4
f 4788/2/4 4784/2/4 4789/2/4
f 4785/2/4 4786/2/4 4792/2/4
f 4792/2/4 4786/2/4 4793/2/4
f 4789/2/4 4790/2/4 4794/2/4
f 4794/2/4 4790/2/4 4795/2/4
f 4791/2/4 4792/2/4 4798/2/4
f 4798/2/4 4792/2/4 4799/2/4
f 4795/2/4 4796/2/4 4800/2/4
f 4800/2/4 4796/2/4 4801/2/4
f 4797/2/4 4798/2/4 4804/2/4
f 4804/2/4 4798/2/4 4805/2/4
f 4801/2/4 4802/2/4 4806/2/4
f 4806/2/4 4802/2/4 4807/2/4
f 4803/2/4 4804/2/4 4810/2/4
f 4810/2/4 4804/2/4 4811/2/4
f 4807/2/4 4808/2/4 4812/2/4
f 4812/2/4 4808/2/4 4813/2/4
f 4809/2/4 4810/2/4 4816/2/4
f 4816/2/4 4810/2/4 4817/2/4
f 4814/2/4 4815/2/4 4818/2/4
f 4818/2/4 4815/2/4 4819/2/4
f 4820/2/4 4821/2/4 4823/2/4
f 4823/2/4 4821/2/4 4824/2/4
f 4822/2/4 4823/2/4 4827/2/4
f 4827/2/4 4823/2/4 4828/2/4
f 4824/2/4 4825/2/4 4829/2/4
f 4829/2/4 4825/2/4 4830/2/4
f 4826/2/4 4827/2/4 4833/2/4
f 4833/2/4 4827/2/4 4834/2/4
f 4830/2/4 4831/2/4 4835/2/4
f 4835/2/4 4831/2/4 4836/2/4
f 4832/2/4 4833/2/4 4838/2/4
f 4838/2/4 4833/2/4 4839/2/4
f 4836/2/4 4837/2/4 4840/2/4
f 4840/2/4 4837/2/4 4841/2/4
f 4832/2/4 4838/2/4 4843/2/4
f 4843/2/4 4838/2/4 4844/2/4
f 4841/2/4 4837/2/4 4845/2/4
f 4845/2/4 4837/2/4 4846/2/4
f 4842/2/4 4843/2/4 4849/2/4
f 4849/2/4 4843/2/4 4850/2/4
f 4846/2/4 4847/2/4 4851/2/4
f 4851/2/4 4847/2/4 4852/2/4
f 4848/2/4 4849/2/4 4855/2/4
f 4855/2/4 4849/2/4 4856/2/4
f 4852/2/4 4853/2/4 4857/2/4
f 4857/2/4 4853/2/4 4858/2/4
f 4854/2/4 4855/2/4 4860/2/4
f 4860/2/4 4855/2/4 4861/2/4
f 4858/2/4 4859/2/4 4864/2/4
f 4864/2/4 4859/2/4 4865/2/4
f 4861/2/4 4862/2/4 4866/2/4
f 4866/2/4 4862/2/4 4867/2/4
f 4863/2/4 4864/2/4 4870/2/4
f 4870/2/4 4864/2/4 4871/2/4
f 4867/2/4 4868/2/4 4872/2/4
f 4872/2/4 4868/2/4 4873/2/4
f 4869/2/4 4870/2/4 4876/2/4
f 4876/2/4 4870/2/4 4877/2/4
f 4873/2/4 4874/2/4 4878/2/4
f 4875/2/4 4876/2/4 4881/2/4
f 4878/2/4 4879/2/4 4882/2/4
f 4873/2/4 4878/2/4 4882/2/4
f 4882/2/4 4879/2/4 4883/2/4
f 4880/2/4 4881/2/4 4886/2/4
f 4881/2/4 4876/2/4 4887/2/4
f 4886/2/4 4881/2/4 4887/2/4
f 4883/2/4 4884/2/4 4888/2/4
f 4888/2/4 4884/2/4 4889/2/4
f 4885/2/4 4886/2/4 4892/2/4
f 4892/2/4 4886/2/4 4893/2/4
f 4889/2/4 4890/2/4 4894/2/4
f 4894/2/4 4890/2/4 4895/2/4
f 4891/2/4 4892/2/4 4896/2/4
f 4896/2/4 4892/2/4 4897/2/4
f 4895/2/4 4896/2/4 4898/2/4
f 4898/2/4 4896/2/4 4899/2/4
f 4900/2/4 4901/2/4 4903/2/4
f 4903/2/4 4901/2/4 4904/2/4
f 4904/2/4 4901/2/4 4905/2/4
f 4905/2/4 4901/2/4 4906/2/4
f 4902/2/4 4903/2/4 4909/2/4
f 4903/2/4 4904/2/4 4909/2/4
f 4909/2/4 4904/2/4 4910/2/4
f 4910/2/4 4904/2/4 4911/2/4
f 4905/2/4 4906/2/4 4912/2/4
f 4906/2/4 4907/2/4 4912/2/4
f 4912/2/4 4907/2/4 4913/2/4
f 4913/2/4 4907/2/4 4914/2/4
f 4909/2/4 4910/2/4 4917/2/4
f 4908/2/4 4909/2/4 4917/2/4
f 4917/2/4 4910/2/4 4918/2/4
f 4914/2/4 4915/2/4 4919/2/4
f 4913/2/4 4914/2/4 4919/2/4
f 4919/2/4 4915/2/4 4920/2/4
f 4916/2/4 4917/2/4 4923/2/4
f 4923/2/4 4917/2/4 4924/2/4
f 4920/2/4 4921/2/4 4925/2/4
f 4925/2/4 4921/2/4 4926/2/4
f 4922/2/4 4923/2/4 4929/2/4
f 4926/2/4 4927/2/4 4930/2/4
f 4928/2/4 4929/2/4 4932/2/4
f 4929/2/4 4923/2/4 4932/2/4
f 4932/2/4 4923/2/4 4933/2/4
f 4930/2/4 4931/2/4 4934/2/4
f 4926/2/4 4930/2/4 4934/2/4
f 4934/2/4 4931/2/4 4935/2/4
f 4928/2/4 4932/2/4 4937/2/4
f 4935/2/4 4931/2/4 4938/2/4
f 4936/2/4 4937/2/4 4940/2/4
f 4937/2/4 4932/2/4 4940/2/4
f 4940/2/4 4932/2/4 4941/2/4
f 4938/2/4 4939/2/4 4942/2/4
f 4935/2/4 4938/2/4 4942/2/4
f 4942/2/4 4939/2/4 4943/2/4
f 4936/2/4 4940/2/4 4944/2/4
f 4943/2/4 4939/2/4 4947/2/4
f 4944/2/4 4945/2/4 4948/2/4
f 4936/2/4 4944/2/4 4948/2/4
f 4948/2/4 4945/2/4 4949/2/4
f 4946/2/4 4947/2/4 4950/2/4
f 4947/2/4 4939/2/4 4950/2/4
f 4950/2/4 4939/2/4 4951/2/4
f 4949/2/4 4945/2/4 4952/2/4
f 4946/2/4 4950/2/4 4955/2/4
f 4952/2/4 4953/2/4 4956/2/4
f 4949/2/4 4952/2/4 4956/2/4
f 4956/2/4 4953/2/4 4957/2/4
f 4954/2/4 4955/2/4 4958/2/4
f 4955/2/4 4950/2/4 4958/2/4
f 4958/2/4 4950/2/4 4959/2/4
f 4957/2/4 4953/2/4 4960/2/4
f 4960/2/4 4953/2/4 4961/2/4
f 4954/2/4 4958/2/4 4964/2/4
f 4964/2/4 4958/2/4 4965/2/4
f 4961/2/4 4962/2/4 4966/2/4
f 4966/2/4 4962/2/4 4967/2/4
f 4963/2/4 4964/2/4 4970/2/4
f 4970/2/4 4964/2/4 4971/2/4
f 4967/2/4 4968/2/4 4972/2/4
f 4972/2/4 4968/2/4 4973/2/4
f 4973/2/4 4968/2/4 4974/2/4
f 4969/2/4 4970/2/4 4977/2/4
f 4977/2/4 4970/2/4 4978/2/4
f 4978/2/4 4970/2/4 4979/2/4
f 4974/2/4 4975/2/4 4980/2/4
f 4973/2/4 4974/2/4 4980/2/4
f 4980/2/4 4975/2/4 4981/2/4
f 4981/2/4 4975/2/4 4982/2/4
f 4977/2/4 4978/2/4 4983/2/4
f 4976/2/4 4977/2/4 4983/2/4
f 4983/2/4 4978/2/4 4984/2/4
f 4984/2/4 4978/2/4 4985/2/4
f 4981/2/4 4982/2/4 4986/2/4
f 4983/2/4 4984/2/4 4986/2/4
f 4982/2/4 4983/2/4 4986/2/4
f 4986/2/4 4984/2/4 4987/2/4
f 4988/2/4 4989/2/4 4991/2/4
f 4991/2/4 4989/2/4 4992/2/4
f 4992/2/4 4989/2/4 4993/2/4
f 4993/2/4 4989/2/4 4994/2/4
f 4990/2/4 4991/2/4 4997/2/4
f 4991/2/4 4992/2/4 4997/2/4
f 4997/2/4 4992/2/4 4998/2/4
f 4998/2/4 4992/2/4 4999/2/4
f 4993/2/4 4994/2/4 5000/2/4
f 4994/2/4 4995/2/4 5000/2/4
f 5000/2/4 4995/2/4 5001/2/4
f 5001/2/4 4995/2/4 5002/2/4
f 4997/2/4 4998/2/4 5005/2/4
f 4996/2/4 4997/2/4 5005/2/4
f 5005/2/4 4998/2/4 5006/2/4
f 5006/2/4 4998/2/4 5007/2/4
f 5002/2/4 5003/2/4 5008/2/4
f 5001/2/4 5002/2/4 5008/2/4
f 5008/2/4 5003/2/4 5009/2/4
f 5009/2/4 5003/2/4 5010/2/4
f 5005/2/4 5006/2/4 5012/2/4
f 5004/2/4 5005/2/4 5012/2/4
f 5012/2/4 5006/2/4 5013/2/4
f 5010/2/4 5011/2/4 5014/2/4
f 5009/2/4 5010/2/4 5014/2/4
f 5014/2/4 5011/2/4 5015/2/4
f 5004/2/4 5012/2/4 5017/2/4
f 5015/2/4 5011/2/4 5018/2/4
f 5016/2/4 5017/2/4 5020/2/4
f 5017/2/4 5012/2/4 5020/2/4
f 5020/2/4 5012/2/4 5021/2/4
f 5018/2/4 5019/2/4 5022/2/4
f 5015/2/4 5018/2/4 5022/2/4
f 5022/2/4 5019/2/4 5023/2/4
f 5016/2/4 5020/2/4 5025/2/4
f 5023/2/4 5019/2/4 5026/2/4
f 5024/2/4 5025/2/4 5028/2/4
f 5025/2/4 5020/2/4 5028/2/4
f 5028/2/4 5020/2/4 5029/2/4
f 5026/2/4 5027/2/4 5030/2/4
f 5023/2/4 5026/2/4 5030/2/4
f 5030/2/4 5027/2/4 5031/2/4
f 5024/2/4 5028/2/4 5032/2/4
f 5031/2/4 5027/2/4 5035/2/4
f 5032/2/4 5033/2/4 5036/2/4
f 5024/2/4 5032/2/4 5036/2/4
f 5036/2/4 5033/2/4 5037/2/4
f 5034/2/4 5035/2/4 5038/2/4
f 5035/2/4 5027/2/4 5038/2/4
f 5038/2/4 5027/2/4 5039/2/4
f 5037/2/4 5033/2/4 5040/2/4
f 5034/2/4 5038/2/4 5043/2/4
f 5040/2/4 5041/2/4 5044/2/4
f 5037/2/4 5040/2/4 5044/2/4
f 5044/2/4 5041/2/4 5045/2/4
f 5042/2/4 5043/2/4 5046/2/4
f 5043/2/4 5038/2/4 5046/2/4
f 5046/2/4 5038/2/4 5047/2/4
f 5045/2/4 5041/2/4 5048/2/4
f 5042/2/4 5046/2/4 5051/2/4
f 5048/2/4 5049/2/4 5052/2/4
f 5045/2/4 5048/2/4 5052/2/4
f 5052/2/4 5049/2/4 5053/2/4
f 5053/2/4 5049/2/4 5054/2/4
f 5050/2/4 5051/2/4 5057/2/4
f 5051/2/4 5046/2/4 5058/2/4
f 5057/2/4 5051/2/4 5058/2/4
f 5058/2/4 5046/2/4 5059/2/4
f 5054/2/4 5055/2/4 5060/2/4
f 5053/2/4 5054/2/4 5060/2/4
f 5060/2/4 5055/2/4 5061/2/4
f 5061/2/4 5055/2/4 5062/2/4
f 5056/2/4 5057/2/4 5065/2/4
f 5057/2/4 5058/2/4 5065/2/4
f 5065/2/4 5058/2/4 5066/2/4
f 5066/2/4 5058/2/4 5067/2/4
f 5062/2/4 5063/2/4 5068/2/4
f 5061/2/4 5062/2/4 5068/2/4
f 5068/2/4 5063/2/4 5069/2/4
f 5069/2/4 5063/2/4 5070/2/4
f 5065/2/4 5066/2/4 5071/2/4
f 5064/2/4 5065/2/4 5071/2/4
f 5071/2/4 5066/2/4 5072/2/4
f 5072/2/4 5066/2/4 5073/2/4
f 5069/2/4 5070/2/4 5074/2/4
f 5071/2/4 5072/2/4 5074/2/4
f 5070/2/4 5071/2/4 5074/2/4
f 5074/2/4 5072/2/4 5075/2/4
f 5076/2/4 5077/2/4 5079/2/4
f 5079/2/4 5077/2/4 5080/2/4
f 5078/2/4 5079/2/4 5083/2/4
f 5080/2/4 5081/2/4 5083/2/4
f 5079/2/4 5080/2/4 5083/2/4
f 5083/2/4 5081/2/4 5084/2/4
f 5084/2/4 5081/2/4 5085/2/4
f 5085/2/4 5081/2/4 5086/2/4
f 5082/2/4 5083/2/4 5089/2/4
f 5083/2/4 5084/2/4 5089/2/4
f 5089/2/4 5084/2/4 5090/2/4
f 5090/2/4 5084/2/4 5091/2/4
f 5085/2/4 5086/2/4 5092/2/4
f 5086/2/4 5087/2/4 5092/2/4
f 5092/2/4 5087/2/4 5093/2/4
f 5093/2/4 5087/2/4 5094/2/4
f 5089/2/4 5090/2/4 5096/2/4
f 5088/2/4 5089/2/4 5096/2/4
f 5096/2/4 5090/2/4 5097/2/4
f 5094/2/4 5095/2/4 5098/2/4
f 5093/2/4 5094/2/4 5098/2/4
f 5098/2/4 5095/2/4 5099/2/4
f 5088/2/4 5096/2/4 5101/2/4
f 5101/2/4 5096/2/4 5102/2/4
f 5102/2/4 5096/2/4 5103/2/4
f 5099/2/4 5095/2/4 5104/2/4
f 5104/2/4 5095/2/4 5105/2/4
f 5105/2/4 5095/2/4 5106/2/4
f 5100/2/4 5101/2/4 5108/2/4
f 5101/2/4 5102/2/4 5108/2/4
f 5108/2/4 5102/2/4 5109/2/4
f 5106/2/4 5107/2/4 5110/2/4
f 5105/2/4 5106/2/4 5110/2/4
f 5110/2/4 5107/2/4 5111/2/4
f 5100/2/4 5108/2/4 5113/2/4
f 5111/2/4 5107/2/4 5114/2/4
f 5112/2/4 5113/2/4 5116/2/4
f 5113/2/4 5108/2/4 5117/2/4
f 5116/2/4 5113/2/4 5117/2/4
f 5114/2/4 5115/2/4 5118/2/4
f 5111/2/4 5114/2/4 5118/2/4
f 5118/2/4 5115/2/4 5119/2/4
f 5117/2/4 5108/2/4 5120/2/4
f 5111/2/4 5118/2/4 5123/2/4
f 5120/2/4 5121/2/4 5124/2/4
f 5117/2/4 5120/2/4 5124/2/4
f 5124/2/4 5121/2/4 5125/2/4
f 5125/2/4 5121/2/4 5126/2/4
f 5122/2/4 5123/2/4 5129/2/4
f 5123/2/4 5118/2/4 5130/2/4
f 5129/2/4 5123/2/4 5130/2/4
f 5130/2/4 5118/2/4 5131/2/4
f 5126/2/4 5127/2/4 5132/2/4
f 5125/2/4 5126/2/4 5132/2/4
f 5128/2/4 5129/2/4 5135/2/4
f 5129/2/4 5130/2/4 5135/2/4
f 5132/2/4 5133/2/4 5136/2/4
f 5125/2/4 5132/2/4 5136/2/4
f 5136/2/4 5133/2/4 5137/2/4
f 5137/2/4 5133/2/4 5138/2/4
f 5134/2/4 5135/2/4 5141/2/4
f 5135/2/4 5130/2/4 5142/2/4
f 5141/2/4 5135/2/4 5142/2/4
f 5142/2/4 5130/2/4 5143/2/4
f 5138/2/4 5139/2/4 5144/2/4
f 5137/2/4 5138/2/4 5144/2/4
f 5144/2/4 5139/2/4 5145/2/4
f 5145/2/4 5139/2/4 5146/2/4
f 5140/2/4 5141/2/4 5147/2/4
f 5141/2/4 5142/2/4 5147/2/4
f 5147/2/4 5142/2/4 5148/2/4
f 5148/2/4 5142/2/4 5149/2/4
f 5145/2/4 5146/2/4 5150/2/4
f 5147/2/4 5148/2/4 5150/2/4
f 5146/2/4 5147/2/4 5150/2/4
f 5150/2/4 5148/2/4 5151/2/4
f 5151/2/4 5148/2/4 5152/2/4
f 5152/2/4 5148/2/4 5153/2/4
f 5151/2/4 5152/2/4 5154/2/4
f 5154/2/4 5152/2/4 5155/2/4
f 5156/2/4 5157/2/4 5159/2/4
f 5159/2/4 5157/2/4 5160/2/4
f 5158/2/4 5159/2/4 5163/2/4
f 5160/2/4 5161/2/4 5163/2/4
f 5159/2/4 5160/2/4 5163/2/4
f 5163/2/4 5161/2/4 5164/2/4
f 5162/2/4 5163/2/4 5167/2/4
f 5164/2/4 5165/2/4 5167/2/4
f 5163/2/4 5164/2/4 5167/2/4
f 5167/2/4 5165/2/4 5168/2/4
f 5168/2/4 5165/2/4 5169/2/4
f 5169/2/4 5165/2/4 5170/2/4
f 5166/2/4 5167/2/4 5172/2/4
f 5167/2/4 5168/2/4 5172/2/4
f 5172/2/4 5168/2/4 5173/2/4
f 5170/2/4 5171/2/4 5174/2/4
f 5169/2/4 5170/2/4 5174/2/4
f 5174/2/4 5171/2/4 5175/2/4
f 5166/2/4 5172/2/4 5177/2/4
f 5177/2/4 5172/2/4 5178/2/4
f 5178/2/4 5172/2/4 5179/2/4
f 5175/2/4 5171/2/4 5180/2/4
f 5180/2/4 5171/2/4 5181/2/4
f 5181/2/4 5171/2/4 5182/2/4
f 5176/2/4 5177/2/4 5184/2/4
f 5177/2/4 5178/2/4 5184/2/4
f 5184/2/4 5178/2/4 5185/2/4
f 5185/2/4 5178/2/4 5186/2/4
f 5182/2/4 5183/2/4 5189/2/4
f 5181/2/4 5182/2/4 5189/2/4
f 5189/2/4 5183/2/4 5190/2/4
f 5190/2/4 5183/2/4 5191/2/4
f 5186/2/4 5187/2/4 5192/2/4
f 5185/2/4 5186/2/4 5192/2/4
f 5189/2/4 5190/2/4 5195/2/4
f 5188/2/4 5189/2/4 5195/2/4
f 5192/2/4 5193/2/4 5196/2/4
f 5185/2/4 5192/2/4 5196/2/4
f 5196/2/4 5193/2/4 5197/2/4
f 5197/2/4 5193/2/4 5198/2/4
f 5194/2/4 5195/2/4 5199/2/4
f 5195/2/4 5190/2/4 5200/2/4
f 5199/2/4 5195/2/4 5200/2/4
f 5200/2/4 5190/2/4 5201/2/4
f 5197/2/4 5198/2/4 5202/2/4
f 5198/2/4 5199/2/4 5202/2/4
f 5199/2/4 5200/2/4 5202/2/4
f 5202/2/4 5200/2/4 5203/2/4
f 5203/2/4 5200/2/4 5204/2/4
f 5204/2/4 5200/2/4 5205/2/4
f 5203/2/4 5204/2/4 5206/2/4
f 5206/2/4 5204/2/4 5207/2/4
f 5207/2/4 5204/2/4 5208/2/4
f 5208/2/4 5204/2/4 5209/2/4
f 5207/2/4 5208/2/4 5210/2/4
f 5210/2/4 5208/2/4 5211/2/4
f 5212/2/4 5213/2/4 5215/2/4
f 5215/2/4 5213/2/4 5216/2/4
f 5214/2/4 5215/2/4 5219/2/4
f 5216/2/4 5217/2/4 5219/2/4
f 5215/2/4 5216/2/4 5219/2/4
f 5219/2/4 5217/2/4 5220/2/4
f 5218/2/4 5219/2/4 5222/2/4
f 5220/2/4 5221/2/4 5222/2/4
f 5219/2/4 5220/2/4 5222/2/4
f 5222/2/4 5221/2/4 5223/2/4
f 5223/2/4 5221/2/4 5224/2/4
f 5224/2/4 5221/2/4 5225/2/4
f 5223/2/4 5224/2/4 5226/2/4
f 5226/2/4 5224/2/4 5227/2/4
f 5227/2/4 5224/2/4 5228/2/4
f 5228/2/4 5224/2/4 5229/2/4
f 5227/2/4 5228/2/4 5230/2/4
f 5230/2/4 5228/2/4 5231/2/4
f 5235/2/5 5233/2/5 5232/2/5
f 5236/2/5 5233/2/5 5235/2/5
f 5239/2/5 5235/2/5 5234/2/5
f 5239/2/5 5237/2/5 5236/2/5
f 5239/2/5 5236/2/5 5235/2/5
f 5240/2/5 5237/2/5 5239/2/5
f 5242/2/5 5239/2/5 5238/2/5
f 5242/2/5 5241/2/5 5240/2/5
f 5242/2/5 5240/2/5 5239/2/5
f 5243/2/5 5241/2/5 5242/2/5
f 5244/2/5 5241/2/5 5243/2/5
f 5245/2/5 5241/2/5 5244/2/5
f 5246/2/5 5244/2/5 5243/2/5
f 5247/2/5 5244/2/5 5246/2/5
f 5248/2/5 5244/2/5 5247/2/5
f 5249/2/5 5244/2/5 5248/2/5
f 5250/2/5 5248/2/5 5247/2/5
f 5251/2/5 5248/2/5 5250/2/5
f 5255/2/5 5253/2/5 5252/2/5
f 5256/2/5 5253/2/5 5255/2/5
f 5259/2/5 5255/2/5 5254/2/5
f 5259/2/5 5257/2/5 5256/2/5
f 5259/2/5 5256/2/5 5255/2/5
f 5260/2/5 5257/2/5 5259/2/5
f 5263/2/5 5259/2/5 5258/2/5
f 5263/2/5 5261/2/5 5260/2/5
f 5263/2/5 5260/2/5 5259/2/5
f 5264/2/5 5261/2/5 5263/2/5
f 5265/2/5 5261/2/5 5264/2/5
f 5266/2/5 5261/2/5 5265/2/5
f 5268/2/5 5263/2/5 5262/2/5
f 5268/2/5 5264/2/5 5263/2/5
f 5269/2/5 5264/2/5 5268/2/5
f 5270/2/5 5267/2/5 5266/2/5
f 5270/2/5 5266/2/5 5265/2/5
f 5271/2/5 5267/2/5 5270/2/5
f 5273/2/5 5268/2/5 5262/2/5
f 5274/2/5 5268/2/5 5273/2/5
f 5275/2/5 5268/2/5 5274/2/5
f 5276/2/5 5267/2/5 5271/2/5
f 5277/2/5 5267/2/5 5276/2/5
f 5278/2/5 5267/2/5 5277/2/5
f 5280/2/5 5273/2/5 5272/2/5
f 5280/2/5 5274/2/5 5273/2/5
f 5281/2/5 5274/2/5 5280/2/5
f 5282/2/5 5274/2/5 5281/2/5
f 5285/2/5 5279/2/5 5278/2/5
f 5285/2/5 5278/2/5 5277/2/5
f 5286/2/5 5279/2/5 5285/2/5
f 5287/2/5 5279/2/5 5286/2/5
f 5288/2/5 5283/2/5 5282/2/5
f 5288/2/5 5282/2/5 5281/2/5
f 5291/2/5 5286/2/5 5285/2/5
f 5291/2/5 5285/2/5 5284/2/5
f 5292/2/5 5289/2/5 5288/2/5
f 5292/2/5 5288/2/5 5281/2/5
f 5293/2/5 5289/2/5 5292/2/5
f 5294/2/5 5289/2/5 5293/2/5
f 5295/2/5 5291/2/5 5290/2/5
f 5296/2/5 5286/2/5 5291/2/5
f 5296/2/5 5291/2/5 5295/2/5
f 5297/2/5 5286/2/5 5296/2/5
f 5298/2/5 5294/2/5 5293/2/5
f 5298/2/5 5295/2/5 5294/2/5
f 5298/2/5 5296/2/5 5295/2/5
f 5299/2/5 5296/2/5 5298/2/5
f 5300/2/5 5296/2/5 5299/2/5
f 5301/2/5 5296/2/5 5300/2/5
f 5302/2/5 5300/2/5 5299/2/5
f 5303/2/5 5300/2/5 5302/2/5
f 5304/2/5 5300/2/5 5303/2/5
f 5305/2/5 5300/2/5 5304/2/5
f 5306/2/5 5304/2/5 5303/2/5
f 5307/2/5 5304/2/5 5306/2/5
f 5311/2/5 5309/2/5 5308/2/5
f 5312/2/5 5309/2/5 5311/2/5
f 5315/2/5 5311/2/5 5310/2/5
f 5315/2/5 5313/2/5 5312/2/5
f 5315/2/5 5312/2/5 5311/2/5
f 5316/2/5 5313/2/5 5315/2/5
f 5317/2/5 5313/2/5 5316/2/5
f 5318/2/5 5313/2/5 5317/2/5
f 5321/2/5 5315/2/5 5314/2/5
f 5321/2/5 5316/2/5 5315/2/5
f 5322/2/5 5316/2/5 5321/2/5
f 5323/2/5 5316/2/5 5322/2/5
f 5324/2/5 5318/2/5 5317/2/5
f 5324/2/5 5319/2/5 5318/2/5
f 5325/2/5 5319/2/5 5324/2/5
f 5326/2/5 5319/2/5 5325/2/5
f 5328/2/5 5322/2/5 5321/2/5
f 5328/2/5 5321/2/5 5320/2/5
f 5329/2/5 5322/2/5 5328/2/5
f 5330/2/5 5327/2/5 5326/2/5
f 5330/2/5 5326/2/5 5325/2/5
f 5331/2/5 5327/2/5 5330/2/5
f 5332/2/5 5327/2/5 5331/2/5
f 5333/2/5 5327/2/5 5332/2/5
f 5335/2/5 5328/2/5 5320/2/5
f 5336/2/5 5328/2/5 5335/2/5
f 5337/2/5 5328/2/5 5336/2/5
f 5338/2/5 5332/2/5 5331/2/5
f 5339/1/5 5333/1/5 5332/1/5
f 5339/2/5 5332/2/5 5338/2/5
f 5340/1/5 5333/1/5 5339/1/5
f 5342/2/5 5335/2/5 5334/2/5
f 5342/2/5 5336/2/5 5335/2/5
f 5343/2/5 5336/2/5 5342/2/5
f 5344/1/5 5340/1/5 5339/1/5
f 5344/1/5 5341/1/5 5340/1/5
f 5345/1/5 5341/1/5 5344/1/5
f 5346/1/5 5341/1/5 5345/1/5
f 5348/2/5 5342/2/5 5334/2/5
f 5349/2/5 5346/2/5 5345/2/5
f 5351/2/5 5348/2/5 5347/2/5
f 5352/2/5 5342/2/5 5348/2/5
f 5352/2/5 5348/2/5 5351/2/5
f 5353/2/5 5349/2/5 5345/2/5
f 5353/2/5 5350/2/5 5349/2/5
f 5354/2/5 5350/2/5 5353/2/5
f 5355/2/5 5342/2/5 5352/2/5
f 5358/2/5 5353/2/5 5345/2/5
f 5359/2/5 5356/2/5 5355/2/5
f 5359/2/5 5355/2/5 5352/2/5
f 5360/2/5 5356/2/5 5359/2/5
f 5361/2/5 5356/2/5 5360/2/5
f 5364/2/5 5358/2/5 5357/2/5
f 5365/2/5 5353/2/5 5358/2/5
f 5365/2/5 5358/2/5 5364/2/5
f 5366/2/5 5353/2/5 5365/2/5
f 5367/2/5 5362/2/5 5361/2/5
f 5367/2/5 5361/2/5 5360/2/5
f 5370/2/5 5364/2/5 5363/2/5
f 5370/2/5 5365/2/5 5364/2/5
f 5371/2/5 5368/2/5 5367/2/5
f 5371/2/5 5367/2/5 5360/2/5
f 5372/2/5 5368/2/5 5371/2/5
f 5373/2/5 5368/2/5 5372/2/5
f 5376/2/5 5370/2/5 5369/2/5
f 5377/2/5 5365/2/5 5370/2/5
f 5377/2/5 5370/2/5 5376/2/5
f 5378/2/5 5365/2/5 5377/2/5
f 5379/2/5 5374/2/5 5373/2/5
f 5379/2/5 5373/2/5 5372/2/5
f 5380/2/5 5374/2/5 5379/2/5
f 5381/2/5 5374/2/5 5380/2/5
f 5382/2/5 5376/2/5 5375/2/5
f 5382/2/5 5377/2/5 5376/2/5
f 5383/2/5 5377/2/5 5382/2/5
f 5384/2/5 5377/2/5 5383/2/5
f 5385/2/5 5381/2/5 5380/2/5
f 5385/2/5 5383/2/5 5382/2/5
f 5385/2/5 5382/2/5 5381/2/5
f 5386/2/5 5383/2/5 5385/2/5
f 5387/2/5 5383/2/5 5386/2/5
f 5388/2/5 5383/2/5 5387/2/5
f 5389/2/5 5387/2/5 5386/2/5
f 5390/2/5 5387/2/5 5389/2/5
f 5394/2/5 5392/2/5 5391/2/5
f 5395/2/5 5392/2/5 5394/2/5
f 5396/2/5 5392/2/5 5395/2/5
f 5397/2/5 5392/2/5 5396/2/5
f 5400/2/5 5394/2/5 5393/2/5
f 5400/2/5 5395/2/5 5394/2/5
f 5401/2/5 5395/2/5 5400/2/5
f 5402/2/5 5395/2/5 5401/2/5
f 5403/2/5 5397/2/5 5396/2/5
f 5403/2/5 5398/2/5 5397/2/5
f 5404/2/5 5398/2/5 5403/2/5
f 5405/2/5 5398/2/5 5404/2/5
f 5408/2/5 5401/2/5 5400/2/5
f 5408/2/5 5400/2/5 5399/2/5
f 5409/2/5 5401/2/5 5408/2/5
f 5410/2/5 5401/2/5 5409/2/5
f 5411/2/5 5406/2/5 5405/2/5
f 5411/2/5 5405/2/5 5404/2/5
f 5412/2/5 5406/2/5 5411/2/5
f 5413/2/5 5406/2/5 5412/2/5
f 5415/2/5 5409/2/5 5408/2/5
f 5415/2/5 5408/2/5 5407/2/5
f 5416/2/5 5409/2/5 5415/2/5
f 5417/2/5 5414/2/5 5413/2/5
f 5417/2/5 5413/2/5 5412/2/5
f 5418/2/5 5414/2/5 5417/2/5
f 5420/2/5 5415/2/5 5407/2/5
f 5421/2/5 5414/2/5 5418/2/5
f 5422/2/5 5414/2/5 5421/2/5
f 5424/2/5 5420/2/5 5419/2/5
f 5424/2/5 5415/2/5 5420/2/5
f 5425/2/5 5415/2/5 5424/2/5
f 5426/1/5 5423/1/5 5422/1/5
f 5426/1/5 5422/1/5 5421/1/5
f 5427/1/5 5423/1/5 5426/1/5
f 5429/2/5 5424/2/5 5419/2/5
f 5430/1/5 5423/1/5 5427/1/5
f 5432/1/5 5430/1/5 5427/1/5
f 5432/1/5 5431/1/5 5430/1/5
f 5433/1/5 5431/1/5 5432/1/5
f 5434/2/5 5429/2/5 5428/2/5
f 5434/2/5 5424/2/5 5429/2/5
f 5435/2/5 5424/2/5 5434/2/5
f 5436/2/5 5433/2/5 5432/2/5
f 5437/1/5 5431/1/5 5433/1/5
f 5437/2/5 5433/2/5 5436/2/5
f 5438/1/5 5431/1/5 5437/1/5
f 5439/1/5 5431/1/5 5438/1/5
f 5440/2/5 5434/2/5 5428/2/5
f 5443/2/5 5439/2/5 5438/2/5
f 5444/2/5 5441/2/5 5440/2/5
f 5444/2/5 5440/2/5 5428/2/5
f 5445/2/5 5441/2/5 5444/2/5
f 5446/2/5 5443/2/5 5442/2/5
f 5446/2/5 5439/2/5 5443/2/5
f 5447/2/5 5439/2/5 5446/2/5
f 5448/2/5 5441/2/5 5445/2/5
f 5451/2/5 5446/2/5 5442/2/5
f 5452/2/5 5449/2/5 5448/2/5
f 5452/2/5 5448/2/5 5445/2/5
f 5453/2/5 5449/2/5 5452/2/5
f 5454/2/5 5451/2/5 5450/2/5
f 5454/2/5 5446/2/5 5451/2/5
f 5455/2/5 5446/2/5 5454/2/5
f 5456/2/5 5449/2/5 5453/2/5
f 5459/2/5 5454/2/5 5450/2/5
f 5460/2/5 5457/2/5 5456/2/5
f 5460/2/5 5456/2/5 5453/2/5
f 5461/2/5 5457/2/5 5460/2/5
f 5462/2/5 5457/2/5 5461/2/5
f 5465/2/5 5459/2/5 5458/2/5
f 5466/2/5 5454/2/5 5459/2/5
f 5466/2/5 5459/2/5 5465/2/5
f 5467/2/5 5454/2/5 5466/2/5
f 5468/2/5 5463/2/5 5462/2/5
f 5468/2/5 5462/2/5 5461/2/5
f 5469/2/5 5463/2/5 5468/2/5
f 5470/2/5 5463/2/5 5469/2/5
f 5473/2/5 5465/2/5 5464/2/5
f 5473/2/5 5466/2/5 5465/2/5
f 5474/2/5 5466/2/5 5473/2/5
f 5475/2/5 5466/2/5 5474/2/5
f 5476/2/5 5471/2/5 5470/2/5
f 5476/2/5 5470/2/5 5469/2/5
f 5477/2/5 5471/2/5 5476/2/5
f 5478/2/5 5471/2/5 5477/2/5
f 5479/2/5 5474/2/5 5473/2/5
f 5479/2/5 5473/2/5 5472/2/5
f 5480/2/5 5474/2/5 5479/2/5
f 5481/2/5 5474/2/5 5480/2/5
f 5482/2/5 5478/2/5 5477/2/5
f 5482/2/5 5480/2/5 5479/2/5
f 5482/2/5 5479/2/5 5478/2/5
f 5483/2/5 5480/2/5 5482/2/5
f 5487/2/5 5485/2/5 5484/2/5
f 5488/2/5 5485/2/5 5487/2/5
f 5489/2/5 5485/2/5 5488/2/5
f 5490/2/5 5485/2/5 5489/2/5
f 5493/2/5 5487/2/5 5486/2/5
f 5493/2/5 5488/2/5 5487/2/5
f 5494/2/5 5488/2/5 5493/2/5
f 5495/2/5 5488/2/5 5494/2/5
f 5496/2/5 5490/2/5 5489/2/5
f 5496/2/5 5491/2/5 5490/2/5
f 5497/2/5 5491/2/5 5496/2/5
f 5498/2/5 5491/2/5 5497/2/5
f 5501/2/5 5494/2/5 5493/2/5
f 5501/2/5 5493/2/5 5492/2/5
f 5502/2/5 5494/2/5 5501/2/5
f 5503/2/5 5499/2/5 5498/2/5
f 5503/2/5 5498/2/5 5497/2/5
f 5504/2/5 5499/2/5 5503/2/5
f 5507/2/5 5501/2/5 5500/2/5
f 5508/2/5 5501/2/5 5507/2/5
f 5509/2/5 5505/2/5 5504/2/5
f 5510/2/5 5505/2/5 5509/2/5
f 5513/2/5 5507/2/5 5506/2/5
f 5514/1/5 5511/1/5 5510/1/5
f 5516/2/5 5513/2/5 5512/2/5
f 5516/2/5 5507/2/5 5513/2/5
f 5517/2/5 5507/2/5 5516/2/5
f 5518/1/5 5515/1/5 5514/1/5
f 5518/1/5 5514/1/5 5510/1/5
f 5519/1/5 5515/1/5 5518/1/5
f 5521/2/5 5516/2/5 5512/2/5
f 5522/1/5 5515/1/5 5519/1/5
f 5524/2/5 5521/2/5 5520/2/5
f 5524/2/5 5516/2/5 5521/2/5
f 5525/2/5 5516/2/5 5524/2/5
f 5526/1/5 5523/1/5 5522/1/5
f 5526/1/5 5522/1/5 5519/1/5
f 5527/1/5 5523/1/5 5526/1/5
f 5528/1/5 5523/1/5 5527/1/5
f 5529/1/5 5523/1/5 5528/1/5
f 5530/2/5 5524/2/5 5520/2/5
f 5533/2/5 5529/2/5 5528/2/5
f 5534/2/5 5531/2/5 5530/2/5
f 5534/2/5 5530/2/5 5520/2/5
f 5535/2/5 5531/2/5 5534/2/5
f 5536/2/5 5533/2/5 5532/2/5
f 5536/2/5 5529/2/5 5533/2/5
f 5537/2/5 5529/2/5 5536/2/5
f 5538/2/5 5531/2/5 5535/2/5
f 5541/2/5 5536/2/5 5532/2/5
f 5542/2/5 5539/2/5 5538/2/5
f 5542/2/5 5538/2/5 5535/2/5
f 5543/2/5 5539/2/5 5542/2/5
f 5544/2/5 5541/2/5 5540/2/5
f 5544/2/5 5536/2/5 5541/2/5
f 5545/2/5 5536/2/5 5544/2/5
f 5546/2/5 5539/2/5 5543/2/5
f 5547/2/5 5539/2/5 5546/2/5
f 5550/2/5 5544/2/5 5540/2/5
f 5551/2/5 5544/2/5 5550/2/5
f 5552/2/5 5548/2/5 5547/2/5
f 5553/2/5 5548/2/5 5552/2/5
f 5556/2/5 5550/2/5 5549/2/5
f 5557/2/5 5550/2/5 5556/2/5
f 5558/2/5 5554/2/5 5553/2/5
f 5559/2/5 5554/2/5 5558/2/5
f 5560/2/5 5554/2/5 5559/2/5
f 5563/2/5 5556/2/5 5555/2/5
f 5564/2/5 5556/2/5 5563/2/5
f 5565/2/5 5556/2/5 5564/2/5
f 5566/2/5 5561/2/5 5560/2/5
f 5566/2/5 5560/2/5 5559/2/5
f 5567/2/5 5561/2/5 5566/2/5
f 5568/2/5 5561/2/5 5567/2/5
f 5569/2/5 5564/2/5 5563/2/5
f 5569/2/5 5563/2/5 5562/2/5
f 5570/2/5 5564/2/5 5569/2/5
f 5571/2/5 5564/2/5 5570/2/5
f 5572/2/5 5568/2/5 5567/2/5
f 5572/2/5 5570/2/5 5569/2/5
f 5572/2/5 5569/2/5 5568/2/5
f 5573/2/5 5570/2/5 5572/2/5
f 5577/2/5 5575/2/5 5574/2/5
f 5578/2/5 5575/2/5 5577/2/5
f 5581/2/5 5577/2/5 5576/2/5
f 5582/2/5 5577/2/5 5581/2/5
f 5583/2/5 5579/2/5 5578/2/5
f 5584/2/5 5579/2/5 5583/2/5
f 5587/2/5 5581/2/5 5580/2/5
f 5588/2/5 5581/2/5 5587/2/5
f 5589/2/5 5585/2/5 5584/2/5
f 5590/2/5 5585/2/5 5589/2/5
f 5592/2/5 5587/2/5 5586/2/5
f 5593/2/5 5587/2/5 5592/2/5
f 5594/2/5 5591/2/5 5590/2/5
f 5595/2/5 5591/2/5 5594/2/5
f 5597/2/5 5592/2/5 5586/2/5
f 5598/2/5 5592/2/5 5597/2/5
f 5599/2/5 5591/2/5 5595/2/5
f 5600/2/5 5591/2/5 5599/2/5
f 5603/2/5 5597/2/5 5596/2/5
f 5604/2/5 5597/2/5 5603/2/5
f 5605/1/5 5601/1/5 5600/1/5
f 5606/1/5 5601/1/5 5605/1/5
f 5609/2/5 5603/2/5 5602/2/5
f 5610/2/5 5603/2/5 5609/2/5
f 5611/1/5 5607/1/5 5606/1/5
f 5612/1/5 5607/1/5 5611/1/5
f 5614/2/5 5609/2/5 5608/2/5
f 5615/2/5 5609/2/5 5614/2/5
f 5616/1/5 5613/1/5 5612/1/5
f 5617/1/5 5613/1/5 5616/1/5
f 5618/1/5 5615/1/5 5614/1/5
f 5619/1/5 5615/1/5 5618/1/5
f 5622/2/5 5617/2/5 5616/2/5
f 5623/2/5 5617/2/5 5622/2/5
f 5624/2/5 5620/2/5 5619/2/5
f 5625/2/5 5620/2/5 5624/2/5
f 5628/2/5 5622/2/5 5621/2/5
f 5629/2/5 5622/2/5 5628/2/5
f 5630/2/5 5626/2/5 5625/2/5
f 5631/2/5 5626/2/5 5630/2/5
f 5634/2/5 5628/2/5 5627/2/5
f 5635/2/5 5628/2/5 5634/2/5
f 5636/2/5 5632/2/5 5631/2/5
f 5639/2/5 5634/2/5 5633/2/5
f 5640/2/5 5637/2/5 5636/2/5
f 5640/2/5 5636/2/5 5631/2/5
f 5641/2/5 5637/2/5 5640/2/5
f 5644/2/5 5639/2/5 5638/2/5
f 5645/2/5 5634/2/5 5639/2/5
f 5645/2/5 5639/2/5 5644/2/5
f 5646/2/5 5642/2/5 5641/2/5
f 5647/2/5 5642/2/5 5646/2/5
f 5650/2/5 5644/2/5 5643/2/5
f 5651/2/5 5644/2/5 5650/2/5
f 5652/2/5 5648/2/5 5647/2/5
f 5653/2/5 5648/2/5 5652/2/5
f 5654/2/5 5650/2/5 5649/2/5
f 5655/2/5 5650/2/5 5654/2/5
f 5656/2/5 5654/2/5 5653/2/5
f 5657/2/5 5654/2/5 5656/2/5
f 5663/1/5 5659/1/5 5658/1/5
f 5664/2/5 5660/2/5 5659/2/5
f 5664/1/5 5659/1/5 5663/1/5
f 5665/2/5 5660/2/5 5664/2/5
f 5669/2/5 5662/2/5 5661/2/5
f 5670/2/5 5662/2/5 5669/2/5
f 5671/2/5 5667/2/5 5666/2/5
f 5672/2/5 5667/2/5 5671/2/5
f 5675/2/5 5669/2/5 5668/2/5
f 5676/2/5 5669/2/5 5675/2/5
f 5677/2/5 5673/2/5 5672/2/5
f 5678/2/5 5673/2/5 5677/2/5
f 5681/2/5 5675/2/5 5674/2/5
f 5682/2/5 5675/2/5 5681/2/5
f 5683/2/5 5679/2/5 5678/2/5
f 5684/2/5 5679/2/5 5683/2/5
f 5687/2/5 5681/2/5 5680/2/5
f 5688/2/5 5681/2/5 5687/2/5
f 5689/2/5 5685/2/5 5684/2/5
f 5690/2/5 5685/2/5 5689/2/5
f 5693/2/5 5687/2/5 5686/2/5
f 5694/2/5 5687/2/5 5693/2/5
f 5695/1/5 5691/1/5 5690/1/5
f 5696/1/5 5691/1/5 5695/1/5
f 5698/2/5 5693/2/5 5692/2/5
f 5699/2/5 5693/2/5 5698/2/5
f 5700/1/5 5697/1/5 5696/1/5
f 5701/1/5 5697/1/5 5700/1/5
f 5706/2/5 5703/2/5 5702/2/5
f 5707/2/5 5703/2/5 5706/2/5
f 5708/1/5 5705/1/5 5704/1/5
f 5709/1/5 5705/1/5 5708/1/5
f 5710/1/5 5705/1/5 5709/1/5
f 5711/1/5 5707/1/5 5706/1/5
f 5712/1/5 5707/1/5 5711/1/5
f 5713/2/5 5710/2/5 5709/2/5
f 5714/2/5 5710/2/5 5713/2/5
f 5719/1/5 5716/1/5 5715/1/5
f 5720/1/5 5716/1/5 5719/1/5
f 5723/2/5 5718/2/5 5717/2/5
f 5724/2/5 5718/2/5 5723/2/5
f 5725/2/5 5721/2/5 5720/2/5
f 5726/2/5 5721/2/5 5725/2/5
f 5729/2/5 5723/2/5 5722/2/5
f 5730/2/5 5723/2/5 5729/2/5
f 5731/2/5 5727/2/5 5726/2/5
f 5732/2/5 5727/2/5 5731/2/5
f 5735/2/5 5729/2/5 5728/2/5
f 5736/2/5 5729/2/5 5735/2/5
f 5737/2/5 5733/2/5 5732/2/5
f 5738/2/5 5733/2/5 5737/2/5
f 5741/2/5 5735/2/5 5734/2/5
f 5742/2/5 5735/2/5 5741/2/5
f 5743/2/5 5739/2/5 5738/2/5
f 5744/2/5 5739/2/5 5743/2/5
f 5747/2/5 5741/2/5 5740/2/5
f 5748/2/5 5741/2/5 5747/2/5
f 5749/2/5 5745/2/5 5744/2/5
f 5750/2/5 5745/2/5 5749/2/5
f 5753/2/5 5747/2/5 5746/2/5
f 5754/2/5 5747/2/5 5753/2/5
f 5755/2/5 5752/2/5 5751/2/5
f 5756/2/5 5752/2/5 5755/2/5
f 5762/2/5 5758/2/5 5757/2/5
f 5763/2/5 5758/2/5 5762/2/5
f 5768/2/5 5760/2/5 5759/2/5
f 5769/1/5 5761/1/5 5760/1/5
f 5769/2/5 5760/2/5 5768/2/5
f 5770/1/5 5761/1/5 5769/1/5
f 5771/2/5 5765/2/5 5764/2/5
f 5772/2/5 5765/2/5 5771/2/5
f 5776/2/5 5767/2/5 5766/2/5
f 5777/2/5 5767/2/5 5776/2/5
f 5778/2/5 5774/2/5 5773/2/5
f 5779/2/5 5774/2/5 5778/2/5
f 5782/2/5 5776/2/5 5775/2/5
f 5783/2/5 5776/2/5 5782/2/5
f 5784/2/5 5780/2/5 5779/2/5
f 5785/2/5 5780/2/5 5784/2/5
f 5788/2/5 5782/2/5 5781/2/5
f 5789/2/5 5782/2/5 5788/2/5
f 5790/2/5 5786/2/5 5785/2/5
f 5791/2/5 5786/2/5 5790/2/5
f 5794/2/5 5788/2/5 5787/2/5
f 5795/2/5 5788/2/5 5794/2/5
f 5796/2/5 5792/2/5 5791/2/5
f 5797/2/5 5792/2/5 5796/2/5
f 5799/2/5 5794/2/5 5793/2/5
f 5800/2/5 5794/2/5 5799/2/5
f 5801/1/5 5798/1/5 5797/1/5
f 5802/1/5 5798/1/5 5801/1/5
f 5807/2/5 5804/2/5 5803/2/5
f 5808/2/5 5804/2/5 5807/2/5
f 5809/1/5 5806/1/5 5805/1/5
f 5810/1/5 5806/1/5 5809/1/5
f 5815/1/5 5812/1/5 5811/1/5
f 5816/1/5 5812/1/5 5815/1/5
f 5817/1/5 5814/1/5 5813/1/5
f 5818/1/5 5814/1/5 5817/1/5
f 5823/1/5 5820/1/5 5819/1/5
f 5824/1/5 5820/1/5 5823/1/5
f 5825/2/5 5822/2/5 5821/2/5
f 5826/2/5 5822/2/5 5825/2/5
f 5831/1/5 5828/1/5 5827/1/5
f 5832/1/5 5828/1/5 5831/1/5
f 5835/2/5 5830/2/5 5829/2/5
f 5836/2/5 5830/2/5 5835/2/5
f 5837/2/5 5833/2/5 5832/2/5
f 5838/2/5 5833/2/5 5837/2/5
f 5841/2/5 5835/2/5 5834/2/5
f 5842/2/5 5835/2/5 5841/2/5
f 5843/2/5 5839/2/5 5838/2/5
f 5844/2/5 5839/2/5 5843/2/5
f 5847/2/5 5841/2/5 5840/2/5
f 5848/2/5 5841/2/5 5847/2/5
f 5849/2/5 5845/2/5 5844/2/5
f 5850/2/5 5845/2/5 5849/2/5
f 5853/2/5 5847/2/5 5846/2/5
f 5854/2/5 5847/2/5 5853/2/5
f 5855/2/5 5851/2/5 5850/2/5
f 5856/2/5 5851/2/5 5855/2/5
f 5861/2/5 5853/2/5 5852/2/5
f 5862/2/5 5853/2/5 5861/2/5
f 5863/2/5 5858/2/5 5857/2/5
f 5864/2/5 5858/2/5 5863/2/5
f 5867/2/5 5860/2/5 5859/2/5
f 5868/2/5 5860/2/5 5867/2/5
f 5869/2/5 5866/2/5 5865/2/5
f 5870/2/5 5866/2/5 5869/2/5
f 5877/1/5 5872/1/5 5871/1/5
f 5878/1/5 5872/1/5 5877/1/5
f 5879/2/5 5874/2/5 5873/2/5
f 5880/2/5 5874/2/5 5879/2/5
f 5884/2/5 5876/2/5 5875/2/5
f 5885/2/5 5876/2/5 5884/2/5
f 5886/2/5 5882/2/5 5881/2/5
f 5887/2/5 5882/2/5 5886/2/5
f 5889/1/5 5884/1/5 5883/1/5
f 5890/1/5 5884/1/5 5889/1/5
f 5891/2/5 5888/2/5 5887/2/5
f 5892/2/5 5888/2/5 5891/2/5
f 5898/2/5 5894/2/5 5893/2/5
f 5899/2/5 5894/2/5 5898/2/5
f 5900/2/5 5896/2/5 5895/2/5
f 5901/2/5 5896/2/5 5900/2/5
f 5903/2/5 5898/2/5 5897/2/5
f 5904/2/5 5898/2/5 5903/2/5
f 5905/1/5 5902/1/5 5901/1/5
f 5906/1/5 5902/1/5 5905/1/5
f 5911/2/5 5908/2/5 5907/2/5
f 5912/2/5 5908/2/5 5911/2/5
f 5913/1/5 5912/1/5 5911/1/5
f 5914/1/5 5912/1/5 5913/1/5
f 5915/1/5 5910/1/5 5909/1/5
f 5916/1/5 5910/1/5 5915/1/5
f 5921/1/5 5920/1/5 5919/1/5
f 5922/1/5 5920/1/5 5921/1/5
f 5923/1/5 5918/1/5 5917/1/5
f 5924/1/5 5918/1/5 5923/1/5
f 5925/2/5 5922/2/5 5921/2/5
f 5926/2/5 5922/2/5 5925/2/5
f 5931/1/5 5928/1/5 5927/1/5
f 5932/1/5 5928/1/5 5931/1/5
f 5935/2/5 5930/2/5 5929/2/5
f 5936/2/5 5930/2/5 5935/2/5
f 5937/2/5 5933/2/5 5932/2/5
f 5938/2/5 5933/2/5 5937/2/5
f 5939/2/5 5935/2/5 5934/2/5
f 5940/2/5 5935/2/5 5939/2/5
f 5945/2/5 5942/2/5 5941/2/5
f 5946/2/5 5942/2/5 5945/2/5
f 5949/2/5 5944/2/5 5943/2/5
f 5950/2/5 5944/2/5 5949/2/5
f 5951/2/5 5947/2/5 5946/2/5
f 5952/2/5 5947/2/5 5951/2/5
f 5957/2/5 5949/2/5 5948/2/5
f 5958/2/5 5949/2/5 5957/2/5
f 5959/2/5 5954/2/5 5953/2/5
f 5960/2/5 5954/2/5 5959/2/5
f 5961/2/5 5956/2/5 5955/2/5
f 5962/2/5 5956/2/5 5961/2/5
f 5968/1/5 5964/1/5 5963/1/5
f 5969/2/5 5965/2/5 5964/2/5
f 5969/1/5 5964/1/5 5968/1/5
f 5970/2/5 5965/2/5 5969/2/5
f 5975/1/5 5967/1/5 5966/1/5
f 5976/1/5 5967/1/5 5975/1/5
f 5977/2/5 5972/2/5 5971/2/5
f 5978/2/5 5972/2/5 5977/2/5
f 5982/1/5 5974/1/5 5973/1/5
f 5983/1/5 5974/1/5 5982/1/5
f 5984/2/5 5980/2/5 5979/2/5
f 5985/2/5 5980/2/5 5984/2/5
f 5988/1/5 5982/1/5 5981/1/5
f 5989/1/5 5982/1/5 5988/1/5
f 5990/2/5 5986/2/5 5985/2/5
f 5991/2/5 5986/2/5 5990/2/5
f 5994/2/5 5988/2/5 5987/2/5
f 5995/2/5 5988/2/5 5994/2/5
f 5996/2/5 5992/2/5 5991/2/5
f 5997/2/5 5992/2/5 5996/2/5
f 6000/2/5 5994/2/5 5993/2/5
f 6001/2/5 5994/2/5 6000/2/5
f 6002/2/5 5998/2/5 5997/2/5
f 6003/2/5 5998/2/5 6002/2/5
f 6006/2/5 6000/2/5 5999/2/5
f 6007/2/5 6000/2/5 6006/2/5
f 6008/2/5 6004/2/5 6003/2/5
f 6009/2/5 6004/2/5 6008/2/5
f 6011/2/5 6006/2/5 6005/2/5
f 6012/2/5 6006/2/5 6011/2/5
f 6013/1/5 6010/1/5 6009/1/5
f 6014/1/5 6010/1/5 6013/1/5
f 6019/2/5 6016/2/5 6015/2/5
f 6020/2/5 6016/2/5 6019/2/5
f 6021/1/5 6018/1/5 6017/1/5
f 6022/1/5 6018/1/5 6021/1/5
f 6027/1/5 6024/1/5 6023/1/5
f 6028/1/5 6024/1/5 6027/1/5
f 6029/1/5 6026/1/5 6025/1/5
f 6030/1/5 6026/1/5 6029/1/5
f 6035/1/5 6032/1/5 6031/1/5
f 6036/1/5 6032/1/5 6035/1/5
f 6037/1/5 6034/1/5 6033/1/5
f 6038/1/5 6034/1/5 6037/1/5
f 6043/1/5 6040/1/5 6039/1/5
f 6044/1/5 6040/1/5 6043/1/5
f 6047/2/5 6042/2/5 6041/2/5
f 6048/2/5 6042/2/5 6047/2/5
f 6049/2/5 6045/2/5 6044/2/5
f 6050/2/5 6045/2/5 6049/2/5
f 6053/2/5 6047/2/5 6046/2/5
f 6054/2/5 6047/2/5 6053/2/5
f 6055/2/5 6051/2/5 6050/2/5
f 6056/2/5 6051/2/5 6055/2/5
f 6059/2/5 6053/2/5 6052/2/5
f 6060/2/5 6053/2/5 6059/2/5
f 6061/2/5 6057/2/5 6056/2/5
f 6062/2/5 6057/2/5 6061/2/5
f 6065/2/5 6059/2/5 6058/2/5
f 6066/2/5 6059/2/5 6065/2/5
f 6067/2/5 6063/2/5 6062/2/5
f 6068/2/5 6063/2/5 6067/2/5
f 6071/2/5 6065/2/5 6064/2/5
f 6072/2/5 6065/2/5 6071/2/5
f 6073/2/5 6069/2/5 6068/2/5
f 6074/2/5 6069/2/5 6073/2/5
f 6079/2/5 6071/2/5 6070/2/5
f 6080/2/5 6071/2/5 6079/2/5
f 6081/2/5 6076/2/5 6075/2/5
f 6082/2/5 6076/2/5 6081/2/5
f 6085/2/5 6078/2/5 6077/2/5
f 6086/2/5 6078/2/5 6085/2/5
f 6087/2/5 6084/2/5 6083/2/5
f 6088/2/5 6084/2/5 6087/2/5
f 6095/1/5 6090/1/5 6089/1/5
f 6096/1/5 6090/1/5 6095/1/5
f 6097/2/5 6092/2/5 6091/2/5
f 6098/2/5 6092/2/5 6097/2/5
f 6101/1/5 6094/1/5 6093/1/5
f 6102/1/5 6094/1/5 6101/1/5
f 6103/2/5 6100/2/5 6099/2/5
f 6104/2/5 6100/2/5 6103/2/5
f 6110/2/5 6106/2/5 6105/2/5
f 6111/2/5 6106/2/5 6110/2/5
f 6112/2/5 6108/2/5 6107/2/5
f 6113/2/5 6108/2/5 6112/2/5
f 6116/2/5 6110/2/5 6109/2/5
f 6117/2/5 6110/2/5 6116/2/5
f 6118/2/5 6114/2/5 6113/2/5
f 6119/2/5 6114/2/5 6118/2/5
f 6121/2/5 6116/2/5 6115/2/5
f 6122/2/5 6116/2/5 6121/2/5
f 6123/2/5 6120/2/5 6119/2/5
f 6124/2/5 6120/2/5 6123/2/5
f 6129/2/5 6126/2/5 6125/2/5
f 6130/2/5 6126/2/5 6129/2/5
f 6131/1/5 6128/1/5 6127/1/5
f 6132/1/5 6128/1/5 6131/1/5
f 6137/2/5 6134/2/5 6133/2/5
f 6138/2/5 6134/2/5 6137/2/5
f 6139/1/5 6136/1/5 6135/1/5
f 6140/1/5 6136/1/5 6139/1/5
f 6145/1/5 6142/1/5 6141/1/5
f 6146/1/5 6142/1/5 6145/1/5
f 6147/1/5 6144/1/5 6143/1/5
f 6148/1/5 6144/1/5 6147/1/5
f 6153/1/5 6150/1/5 6149/1/5
f 6154/1/5 6150/1/5 6153/1/5
f 6155/2/5 6152/2/5 6151/2/5
f 6156/2/5 6152/2/5 6155/2/5
f 6161/2/5 6158/2/5 6157/2/5
f 6162/2/5 6158/2/5 6161/2/5
f 6165/2/5 6160/2/5 6159/2/5
f 6166/2/5 6160/2/5 6165/2/5
f 6167/2/5 6163/2/5 6162/2/5
f 6168/2/5 6163/2/5 6167/2/5
f 6171/2/5 6165/2/5 6164/2/5
f 6172/2/5 6165/2/5 6171/2/5
f 6173/2/5 6169/2/5 6168/2/5
f 6174/2/5 6169/2/5 6173/2/5
f 6175/2/5 6171/2/5 6170/2/5
f 6176/2/5 6171/2/5 6175/2/5
f 6181/2/5 6178/2/5 6177/2/5
f 6182/2/5 6178/2/5 6181/2/5
f 6187/2/5 6180/2/5 6179/2/5
f 6188/2/5 6180/2/5 6187/2/5
f 6189/2/5 6184/2/5 6183/2/5
f 6190/2/5 6184/2/5 6189/2/5
f 6191/2/5 6186/2/5 6185/2/5
f 6192/2/5 6186/2/5 6191/2/5
f 6197/1/5 6194/1/5 6193/1/5
f 6198/1/5 6194/1/5 6197/1/5
f 6199/2/5 6196/2/5 6195/2/5
f 6200/2/5 6196/2/5 6199/2/5
f 6205/1/5 6202/1/5 6201/1/5
f 6206/1/5 6202/1/5 6205/1/5
f 6207/2/5 6204/2/5 6203/2/5
f 6208/2/5 6204/2/5 6207/2/5
f 6213/2/5 6210/2/5 6209/2/5
f 6214/2/5 6210/2/5 6213/2/5
f 6215/2/5 6212/2/5 6211/2/5
f 6216/2/5 6212/2/5 6215/2/5
f 6221/2/5 6218/2/5 6217/2/5
f 6222/2/5 6218/2/5 6221/2/5
f 6223/1/5 6220/1/5 6219/1/5
f 6224/1/5 6220/1/5 6223/1/5
f 6229/1/5 6226/1/5 6225/1/5
f 6230/1/5 6226/1/5 6229/1/5
f 6231/1/5 6228/1/5 6227/1/5
f 6232/1/5 6228/1/5 6231/1/5
f 6237/1/5 6234/1/5 6233/1/5
f 6238/1/5 6234/1/5 6237/1/5
f 6239/2/5 6236/2/5 6235/2/5
f 6240/2/5 6236/2/5 6239/2/5
f 6245/2/5 6242/2/5 6241/2/5
f 6246/2/5 6242/2/5 6245/2/5
f 6247/2/5 6244/2/5 6243/2/5
f 6248/2/5 6244/2/5 6247/2/5
f 6253/2/5 6250/2/5 6249/2/5
f 6254/2/5 6250/2/5 6253/2/5
f 6255/2/5 6252/2/5 6251/2/5
f 6256/2/5 6252/2/5 6255/2/5
f 6262/1/5 6258/1/5 6257/1/5
f 6263/2/5 6259/2/5 6258/2/5
f 6263/1/5 6258/1/5 6262/1/5
f 6264/2/5 6259/2/5 6263/2/5
f 6265/2/5 6259/2/5 6264/2/5
f 6270/1/5 6261/1/5 6260/1/5
f 6271/1/5 6261/1/5 6270/1/5
f 6272/2/5 6267/2/5 6266/2/5
f 6273/2/5 6267/2/5 6272/2/5
f 6276/1/5 6269/1/5 6268/1/5
f 6277/1/5 6269/1/5 6276/1/5
f 6278/2/5 6275/2/5 6274/2/5
f 6279/2/5 6275/2/5 6278/2/5
f 6285/2/5 6281/2/5 6280/2/5
f 6286/2/5 6281/2/5 6285/2/5
f 6287/2/5 6283/2/5 6282/2/5
f 6288/2/5 6283/2/5 6287/2/5
f 6290/2/5 6285/2/5 6284/2/5
f 6291/2/5 6285/2/5 6290/2/5
f 6292/2/5 6289/2/5 6288/2/5
f 6293/2/5 6289/2/5 6292/2/5
f 6298/2/5 6295/2/5 6294/2/5
f 6299/2/5 6295/2/5 6298/2/5
f 6300/1/5 6297/1/5 6296/1/5
f 6301/1/5 6297/1/5 6300/1/5
f 6306/2/5 6303/2/5 6302/2/5
f 6307/2/5 6303/2/5 6306/2/5
f 6308/1/5 6305/1/5 6304/1/5
f 6309/1/5 6305/1/5 6308/1/5
f 6314/2/5 6311/2/5 6310/2/5
f 6315/2/5 6311/2/5 6314/2/5
f 6316/1/5 6313/1/5 6312/1/5
f 6317/1/5 6313/1/5 6316/1/5
f 6322/1/5 6319/1/5 6318/1/5
f 6323/1/5 6319/1/5 6322/1/5
f 6324/1/5 6321/1/5 6320/1/5
f 6325/1/5 6321/1/5 6324/1/5
f 6330/1/5 6327/1/5 6326/1/5
f 6331/1/5 6327/1/5 6330/1/5
f 6332/2/5 6329/2/5 6328/2/5
f 6333/2/5 6329/2/5 6332/2/5
f 6338/2/5 6335/2/5 6334/2/5
f 6339/2/5 6335/2/5 6338/2/5
f 6342/2/5 6337/2/5 6336/2/5
f 6343/2/5 6337/2/5 6342/2/5
f 6344/2/5 6340/2/5 6339/2/5
f 6345/2/5 6340/2/5 6344/2/5
f 6346/2/5 6342/2/5 6341/2/5
f 6347/2/5 6342/2/5 6346/2/5
f 6352/2/5 6349/2/5 6348/2/5
f 6353/2/5 6349/2/5 6352/2/5
f 6358/2/5 6351/2/5 6350/2/5
f 6359/2/5 6351/2/5 6358/2/5
f 6360/2/5 6355/2/5 6354/2/5
f 6361/2/5 6355/2/5 6360/2/5
f 6364/2/5 6357/2/5 6356/2/5
f 6365/2/5 6357/2/5 6364/2/5
f 6366/2/5 6363/2/5 6362/2/5
f 6367/2/5 6363/2/5 6366/2/5
f 6372/1/5 6369/1/5 6368/1/5
f 6373/1/5 6369/1/5 6372/1/5
f 6374/2/5 6371/2/5 6370/2/5
f 6375/2/5 6371/2/5 6374/2/5
f 6380/1/5 6377/1/5 6376/1/5
f 6381/1/5 6377/1/5 6380/1/5
f 6382/2/5 6379/2/5 6378/2/5
f 6383/2/5 6379/2/5 6382/2/5
f 6388/2/5 6385/2/5 6384/2/5
f 6389/2/5 6385/2/5 6388/2/5
f 6390/2/5 6387/2/5 6386/2/5
f 6391/2/5 6387/2/5 6390/2/5
f 6396/2/5 6393/2/5 6392/2/5
f 6397/2/5 6393/2/5 6396/2/5
f 6398/1/5 6395/1/5 6394/1/5
f 6399/1/5 6395/1/5 6398/1/5
f 6404/2/5 6401/2/5 6400/2/5
f 6405/2/5 6401/2/5 6404/2/5
f 6406/1/5 6403/1/5 6402/1/5
f 6407/1/5 6403/1/5 6406/1/5
f 6412/2/5 6409/2/5 6408/2/5
f 6413/2/5 6409/2/5 6412/2/5
f 6414/2/5 6411/2/5 6410/2/5
f 6415/2/5 6411/2/5 6414/2/5
f 6420/2/5 6417/2/5 6416/2/5
f 6421/2/5 6417/2/5 6420/2/5
f 6422/2/5 6419/2/5 6418/2/5
f 6423/2/5 6419/2/5 6422/2/5
f 6428/2/5 6425/2/5 6424/2/5
f 6429/2/5 6425/2/5 6428/2/5
f 6430/2/5 6427/2/5 6426/2/5
f 6431/2/5 6427/2/5 6430/2/5
f 6438/2/5 6433/2/5 6432/2/5
f 6439/2/5 6433/2/5 6438/2/5
f 6440/2/5 6435/2/5 6434/2/5
f 6441/2/5 6435/2/5 6440/2/5
f 6444/2/5 6437/2/5 6436/2/5
f 6445/2/5 6437/2/5 6444/2/5
f 6446/2/5 6443/2/5 6442/2/5
f 6447/2/5 6443/2/5 6446/2/5
f 6452/2/5 6449/2/5 6448/2/5
f 6453/2/5 6449/2/5 6452/2/5
f 6454/2/5 6451/2/5 6450/2/5
f 6455/2/5 6451/2/5 6454/2/5
f 6460/2/5 6457/2/5 6456/2/5
f 6461/2/5 6457/2/5 6460/2/5
f 6462/2/5 6459/2/5 6458/2/5
f 6463/2/5 6459/2/5 6462/2/5
f 6468/1/5 6465/1/5 6464/1/5
f 6469/1/5 6465/1/5 6468/1/5
f 6470/2/5 6467/2/5 6466/2/5
f 6471/2/5 6467/2/5 6470/2/5
f 6476/1/5 6473/1/5 6472/1/5
f 6477/1/5 6473/1/5 6476/1/5
f 6478/2/5 6475/2/5 6474/2/5
f 6479/2/5 6475/2/5 6478/2/5
f 6484/2/5 6481/2/5 6480/2/5
f 6485/2/5 6481/2/5 6484/2/5
f 6490/2/5 6483/2/5 6482/2/5
f 6491/2/5 6483/2/5 6490/2/5
f 6492/2/5 6487/2/5 6486/2/5
f 6493/2/5 6487/2/5 6492/2/5
f 6494/2/5 6489/2/5 6488/2/5
f 6495/2/5 6489/2/5 6494/2/5
f 6500/2/5 6497/2/5 6496/2/5
f 6501/2/5 6497/2/5 6500/2/5
f 6502/2/5 6499/2/5 6498/2/5
f 6503/2/5 6499/2/5 6502/2/5
f 6508/2/5 6505/2/5 6504/2/5
f 6509/2/5 6505/2/5 6508/2/5
f 6510/1/5 6507/1/5 6506/1/5
f 6511/1/5 6507/1/5 6510/1/5
f 6516/1/5 6513/1/5 6512/1/5
f 6517/1/5 6513/1/5 6516/1/5
f 6518/2/5 6515/2/5 6514/2/5
f 6519/2/5 6515/2/5 6518/2/5
f 6524/2/5 6521/2/5 6520/2/5
f 6525/2/5 6521/2/5 6524/2/5
f 6526/2/5 6523/2/5 6522/2/5
f 6527/2/5 6523/2/5 6526/2/5
f 6528/2/6 6529/2/6 6532/2/6
f 6532/2/6 6529/2/6 6533/2/6
f 6530/2/6 6531/2/6 6534/2/6
f 6534/2/6 6531/2/6 6535/2/6
f 6536/2/6 6537/2/6 6540/2/6
f 6540/2/6 6537/2/6 6541/2/6
f 6538/2/6 6539/2/6 6542/2/6
f 6542/2/6 6539/2/6 6543/2/6
f 6544/1/6 6545/1/6 6548/1/6
f 6548/1/6 6545/1/6 6549/1/6
f 6546/2/6 6547/2/6 6550/2/6
f 6550/2/6 6547/2/6 6551/2/6
f 6552/2/6 6553/2/6 6556/2/6
f 6556/2/6 6553/2/6 6557/2/6
f 6554/2/6 6555/2/6 6558/2/6
f 6558/2/6 6555/2/6 6559/2/6
f 6560/2/6 6561/2/6 6566/2/6
f 6566/2/6 6561/2/6 6567/2/6
f 6562/2/6 6563/2/6 6568/2/6
f 6568/2/6 6563/2/6 6569/2/6
f 6564/2/6 6565/2/6 6572/2/6
f 6572/2/6 6565/2/6 6573/2/6
f 6570/2/6 6571/2/6 6574/2/6
f 6574/2/6 6571/2/6 6575/2/6
f 6576/2/6 6577/2/6 6580/2/6
f 6580/2/6 6577/2/6 6581/2/6
f 6578/1/6 6579/1/6 6582/1/6
f 6582/1/6 6579/1/6 6583/1/6
f 6584/1/6 6585/1/6 6588/1/6
f 6588/1/6 6585/1/6 6589/1/6
f 6586/1/6 6587/1/6 6590/1/6
f 6590/1/6 6587/1/6 6591/1/6
f 6592/1/6 6593/1/6 6596/1/6
f 6596/1/6 6593/1/6 6597/1/6
f 6594/2/6 6595/2/6 6598/2/6
f 6598/2/6 6595/2/6 6599/2/6
f 6600/1/6 6601/1/6 6604/1/6
f 6604/1/6 6601/1/6 6605/1/6
f 6602/2/6 6603/2/6 6606/2/6
f 6606/2/6 6603/2/6 6607/2/6
f 6608/2/6 6609/2/6 6612/2/6
f 6612/2/6 6609/2/6 6613/2/6
f 6610/2/6 6611/2/6 6618/2/6
f 6618/2/6 6611/2/6 6619/2/6
f 6614/2/6 6615/2/6 6620/2/6
f 6620/2/6 6615/2/6 6621/2/6
f 6616/2/6 6617/2/6 6622/2/6
f 6622/2/6 6617/2/6 6623/2/6
f 6624/2/6 6625/2/6 6628/2/6
f 6628/2/6 6625/2/6 6629/2/6
f 6626/2/6 6627/2/6 6630/2/6
f 6630/2/6 6627/2/6 6631/2/6
f 6632/2/6 6633/2/6 6636/2/6
f 6636/2/6 6633/2/6 6637/2/6
f 6634/2/6 6635/2/6 6638/2/6
f 6638/2/6 6635/2/6 6639/2/6
f 6640/2/6 6641/2/6 6644/2/6
f 6644/2/6 6641/2/6 6645/2/6
f 6642/2/6 6643/2/6 6646/2/6
f 6646/2/6 6643/2/6 6647/2/6
f 6648/1/6 6649/1/6 6652/1/6
f 6652/1/6 6649/1/6 6653/1/6
f 6650/1/6 6651/1/6 6654/1/6
f 6654/1/6 6651/1/6 6655/1/6
f 6656/1/6 6657/1/6 6660/1/6
f 6660/1/6 6657/1/6 6661/1/6
f 6658/1/6 6659/1/6 6662/1/6
f 6662/1/6 6659/1/6 6663/1/6
f 6664/1/6 6665/1/6 6668/1/6
f 6668/1/6 6665/1/6 6669/1/6
f 6666/2/6 6667/2/6 6670/2/6
f 6670/2/6 6667/2/6 6671/2/6
f 6672/2/6 6673/2/6 6676/2/6
f 6676/2/6 6673/2/6 6677/2/6
f 6674/2/6 6675/2/6 6678/2/6
f 6678/2/6 6675/2/6 6679/2/6
f 6680/2/6 6681/2/6 6684/2/6
f 6684/2/6 6681/2/6 6685/2/6
f 6682/2/6 6683/2/6 6686/2/6
f 6686/2/6 6683/2/6 6687/2/6
f 6688/2/6 6689/2/6 6692/2/6
f 6692/2/6 6689/2/6 6693/2/6
f 6693/2/6 6689/2/6 6694/2/6
f 6690/2/6 6691/2/6 6699/2/6
f 6699/2/6 6691/2/6 6700/2/6
f 6695/2/6 6696/2/6 6701/2/6
f 6701/2/6 6696/2/6 6702/2/6
f 6697/2/6 6698/2/6 6705/2/6
f 6705/2/6 6698/2/6 6706/2/6
f 6703/2/6 6704/2/6 6707/2/6
f 6707/2/6 6704/2/6 6708/2/6
f 6709/2/6 6710/2/6 6714/2/6
f 6714/2/6 6710/2/6 6715/2/6
f 6711/2/6 6712/2/6 6716/2/6
f 6716/2/6 6712/2/6 6717/2/6
f 6713/2/6 6714/2/6 6719/2/6
f 6719/2/6 6714/2/6 6720/2/6
f 6717/2/6 6718/2/6 6721/2/6
f 6721/2/6 6718/2/6 6722/2/6
f 6723/1/6 6724/1/6 6727/1/6
f 6727/1/6 6724/1/6 6728/1/6
f 6725/1/6 6726/1/6 6729/1/6
f 6729/1/6 6726/1/6 6730/1/6
f 6731/1/6 6732/1/6 6735/1/6
f 6735/1/6 6732/1/6 6736/1/6
f 6733/1/6 6734/1/6 6737/1/6
f 6737/1/6 6734/1/6 6738/1/6
f 6739/1/6 6740/1/6 6743/1/6
f 6743/1/6 6740/1/6 6744/1/6
f 6743/2/6 6744/2/6 6745/2/6
f 6745/2/6 6744/2/6 6746/2/6
f 6745/1/6 6746/1/6 6747/1/6
f 6747/1/6 6746/1/6 6748/1/6
f 6741/1/6 6742/1/6 6749/1/6
f 6749/1/6 6742/1/6 6750/1/6
f 6751/1/6 6752/1/6 6755/1/6
f 6755/1/6 6752/1/6 6756/1/6
f 6753/1/6 6754/1/6 6757/1/6
f 6757/1/6 6754/1/6 6758/1/6
f 6759/1/6 6760/1/6 6763/1/6
f 6763/1/6 6760/1/6 6764/1/6
f 6761/1/6 6762/1/6 6765/1/6
f 6765/1/6 6762/1/6 6766/1/6
f 6767/2/6 6768/2/6 6771/2/6
f 6771/2/6 6768/2/6 6772/2/6
f 6769/2/6 6770/2/6 6775/2/6
f 6775/2/6 6770/2/6 6776/2/6
f 6772/2/6 6773/2/6 6777/2/6
f 6777/2/6 6773/2/6 6778/2/6
f 6774/2/6 6775/2/6 6779/2/6
f 6779/2/6 6775/2/6 6780/2/6
f 6781/2/6 6782/2/6 6785/2/6
f 6785/2/6 6782/2/6 6786/2/6
f 6783/2/6 6784/2/6 6791/2/6
f 6791/2/6 6784/2/6 6792/2/6
f 6787/2/6 6788/2/6 6793/2/6
f 6793/2/6 6788/2/6 6794/2/6
f 6789/2/6 6790/2/6 6797/2/6
f 6797/2/6 6790/2/6 6798/2/6
f 6795/2/6 6796/2/6 6799/2/6
f 6799/2/6 6796/2/6 6800/2/6
f 6801/2/6 6802/2/6 6805/2/6
f 6805/2/6 6802/2/6 6806/2/6
f 6803/2/6 6804/2/6 6807/2/6
f 6807/2/6 6804/2/6 6808/2/6
f 6809/2/6 6810/2/6 6813/2/6
f 6813/2/6 6810/2/6 6814/2/6
f 6811/2/6 6812/2/6 6815/2/6
f 6815/2/6 6812/2/6 6816/2/6
f 6817/1/6 6818/1/6 6821/1/6
f 6821/1/6 6818/1/6 6822/1/6
f 6819/1/6 6820/1/6 6823/1/6
f 6823/1/6 6820/1/6 6824/1/6
f 6825/1/6 6826/1/6 6829/1/6
f 6829/1/6 6826/1/6 6830/1/6
f 6827/1/6 6828/1/6 6831/1/6
f 6831/1/6 6828/1/6 6832/1/6
f 6833/2/6 6834/2/6 6837/2/6
f 6837/2/6 6834/2/6 6838/2/6
f 6835/1/6 6836/1/6 6839/1/6
f 6839/1/6 6836/1/6 6840/1/6
f 6841/1/6 6842/1/6 6845/1/6
f 6845/1/6 6842/1/6 6846/1/6
f 6843/2/6 6844/2/6 6847/2/6
f 6847/2/6 6844/2/6 6848/2/6
f 6849/2/6 6850/2/6 6853/2/6
f 6853/2/6 6850/2/6 6854/2/6
f 6851/2/6 6852/2/6 6855/2/6
f 6855/2/6 6852/2/6 6856/2/6
f 6857/2/6 6858/2/6 6861/2/6
f 6861/2/6 6858/2/6 6862/2/6
f 6859/2/6 6860/2/6 6863/2/6
f 6863/2/6 6860/2/6 6864/2/6
f 6865/2/6 6866/2/6 6871/2/6
f 6871/2/6 6866/2/6 6872/2/6
f 6867/2/6 6868/2/6 6873/2/6
f 6873/2/6 6868/2/6 6874/2/6
f 6869/1/6 6870/1/6 6877/1/6
f 6877/1/6 6870/1/6 6878/1/6
f 6875/2/6 6876/2/6 6879/2/6
f 6879/2/6 6876/2/6 6880/2/6
f 6881/1/6 6882/1/6 6886/1/6
f 6886/1/6 6882/1/6 6887/1/6
f 6883/2/6 6884/2/6 6888/2/6
f 6888/2/6 6884/2/6 6889/2/6
f 6885/2/6 6886/2/6 6892/2/6
f 6892/2/6 6886/2/6 6893/2/6
f 6889/2/6 6890/2/6 6894/2/6
f 6894/2/6 6890/2/6 6895/2/6
f 6891/1/6 6892/1/6 6897/1/6
f 6897/1/6 6892/1/6 6898/1/6
f 6895/2/6 6896/2/6 6899/2/6
f 6899/2/6 6896/2/6 6900/2/6
f 6901/1/6 6902/1/6 6905/1/6
f 6905/1/6 6902/1/6 6906/1/6
f 6903/1/6 6904/1/6 6907/1/6
f 6907/1/6 6904/1/6 6908/1/6
f 6909/1/6 6910/1/6 6913/1/6
f 6913/1/6 6910/1/6 6914/1/6
f 6911/1/6 6912/1/6 6915/1/6
f 6915/1/6 6912/1/6 6916/1/6
f 6917/2/6 6918/2/6 6921/2/6
f 6921/2/6 6918/2/6 6922/2/6
f 6919/1/6 6920/1/6 6923/1/6
f 6923/1/6 6920/1/6 6924/1/6
f 6925/1/6 6926/1/6 6929/1/6
f 6929/1/6 6926/1/6 6930/1/6
f 6927/1/6 6928/1/6 6931/1/6
f 6931/1/6 6928/1/6 6932/1/6
f 6933/1/6 6934/1/6 6937/1/6
f 6937/1/6 6934/1/6 6938/1/6
f 6935/2/6 6936/2/6 6941/2/6
f 6941/2/6 6936/2/6 6942/2/6
f 6938/2/6 6939/2/6 6943/2/6
f 6943/2/6 6939/2/6 6944/2/6
f 6940/2/6 6941/2/6 6947/2/6
f 6947/2/6 6941/2/6 6948/2/6
f 6944/2/6 6945/2/6 6949/2/6
f 6949/2/6 6945/2/6 6950/2/6
f 6946/2/6 6947/2/6 6951/2/6
f 6951/2/6 6947/2/6 6952/2/6
f 6953/2/6 6954/2/6 6957/2/6
f 6957/2/6 6954/2/6 6958/2/6
f 6955/2/6 6956/2/6 6963/2/6
f 6963/2/6 6956/2/6 6964/2/6
f 6959/2/6 6960/2/6 6965/2/6
f 6965/2/6 6960/2/6 6966/2/6
f 6961/2/6 6962/2/6 6967/2/6
f 6967/2/6 6962/2/6 6968/2/6
f 6969/2/6 6970/2/6 6974/2/6
f 6970/1/6 6971/1/6 6975/1/6
f 6974/2/6 6970/2/6 6975/2/6
f 6975/1/6 6971/1/6 6976/1/6
f 6972/2/6 6973/2/6 6981/2/6
f 6981/2/6 6973/2/6 6982/2/6
f 6982/2/6 6973/2/6 6983/2/6
f 6977/2/6 6978/2/6 6984/2/6
f 6984/2/6 6978/2/6 6985/2/6
f 6979/1/6 6980/1/6 6989/1/6
f 6989/1/6 6980/1/6 6990/1/6
f 6986/2/6 6987/2/6 6991/2/6
f 6991/2/6 6987/2/6 6992/2/6
f 6988/1/6 6989/1/6 6995/1/6
f 6995/1/6 6989/1/6 6996/1/6
f 6992/2/6 6993/2/6 6997/2/6
f 6997/2/6 6993/2/6 6998/2/6
f 6994/1/6 6995/1/6 7001/1/6
f 7001/1/6 6995/1/6 7002/1/6
f 6998/2/6 6999/2/6 7003/2/6
f 7003/2/6 6999/2/6 7004/2/6
f 7000/1/6 7001/1/6 7007/1/6
f 7007/1/6 7001/1/6 7008/1/6
f 7004/2/6 7005/2/6 7009/2/6
f 7009/2/6 7005/2/6 7010/2/6
f 7006/1/6 7007/1/6 7013/1/6
f 7013/1/6 7007/1/6 7014/1/6
f 7010/1/6 7011/1/6 7015/1/6
f 7015/1/6 7011/1/6 7016/1/6
f 7012/1/6 7013/1/6 7018/1/6
f 7018/1/6 7013/1/6 7019/1/6
f 7016/1/6 7017/1/6 7020/1/6
f 7020/1/6 7017/1/6 7021/1/6
f 7022/1/6 7023/1/6 7026/1/6
f 7026/1/6 7023/1/6 7027/1/6
f 7024/1/6 7025/1/6 7028/1/6
f 7028/1/6 7025/1/6 7029/1/6
f 7030/1/6 7031/1/6 7034/1/6
f 7034/1/6 7031/1/6 7035/1/6
f 7032/1/6 7033/1/6 7036/1/6
f 7036/1/6 7033/1/6 7037/1/6
f 7038/1/6 7039/1/6 7042/1/6
f 7038/1/6 7042/1/6 7043/1/6
f 7043/1/6 7042/1/6 7044/1/6
f 7040/1/6 7041/1/6 7045/1/6
f 7045/1/6 7041/1/6 7046/1/6
f 7047/1/6 7048/1/6 7051/1/6
f 7051/1/6 7048/1/6 7052/1/6
f 7049/1/6 7050/1/6 7055/1/6
f 7055/1/6 7050/1/6 7056/1/6
f 7052/1/6 7053/1/6 7057/1/6
f 7057/1/6 7053/1/6 7058/1/6
f 7054/2/6 7055/2/6 7061/2/6
f 7061/2/6 7055/2/6 7062/2/6
f 7058/1/6 7059/1/6 7063/1/6
f 7063/1/6 7059/1/6 7064/1/6
f 7060/2/6 7061/2/6 7067/2/6
f 7067/2/6 7061/2/6 7068/2/6
f 7064/2/6 7065/2/6 7069/2/6
f 7069/2/6 7065/2/6 7070/2/6
f 7066/2/6 7067/2/6 7073/2/6
f 7073/2/6 7067/2/6 7074/2/6
f 7070/2/6 7071/2/6 7075/2/6
f 7075/2/6 7071/2/6 7076/2/6
f 7072/2/6 7073/2/6 7079/2/6
f 7079/2/6 7073/2/6 7080/2/6
f 7076/2/6 7077/2/6 7081/2/6
f 7081/2/6 7077/2/6 7082/2/6
f 7078/2/6 7079/2/6 7087/2/6
f 7087/2/6 7079/2/6 7088/2/6
f 7083/2/6 7084/2/6 7089/2/6
f 7089/2/6 7084/2/6 7090/2/6
f 7085/2/6 7086/2/6 7093/2/6
f 7093/2/6 7086/2/6 7094/2/6
f 7091/2/6 7092/2/6 7095/2/6
f 7095/2/6 7092/2/6 7096/2/6
f 7097/2/6 7098/2/6 7104/2/6
f 7104/2/6 7098/2/6 7105/2/6
f 7099/1/6 7100/1/6 7106/1/6
f 7100/2/6 7101/2/6 7107/2/6
f 7106/1/6 7100/1/6 7107/1/6
f 7107/2/6 7101/2/6 7108/2/6
f 7102/1/6 7103/1/6 7112/1/6
f 7112/1/6 7103/1/6 7113/1/6
f 7109/2/6 7110/2/6 7114/2/6
f 7114/2/6 7110/2/6 7115/2/6
f 7111/1/6 7112/1/6 7117/1/6
f 7117/1/6 7112/1/6 7118/1/6
f 7115/2/6 7116/2/6 7119/2/6
f 7119/2/6 7116/2/6 7120/2/6
f 7121/1/6 7122/1/6 7126/1/6
f 7126/1/6 7122/1/6 7127/1/6
f 7123/1/6 7124/1/6 7128/1/6
f 7128/1/6 7124/1/6 7129/1/6
f 7125/1/6 7126/1/6 7131/1/6
f 7131/1/6 7126/1/6 7132/1/6
f 7129/1/6 7130/1/6 7133/1/6
f 7133/1/6 7130/1/6 7134/1/6
f 7135/1/6 7136/1/6 7139/1/6
f 7139/1/6 7136/1/6 7140/1/6
f 7137/1/6 7138/1/6 7141/1/6
f 7141/1/6 7138/1/6 7142/1/6
f 7143/1/6 7144/1/6 7147/1/6
f 7147/1/6 7144/1/6 7148/1/6
f 7145/1/6 7146/1/6 7149/1/6
f 7149/1/6 7146/1/6 7150/1/6
f 7151/2/6 7152/2/6 7155/2/6
f 7155/2/6 7152/2/6 7156/2/6
f 7153/1/6 7154/1/6 7159/1/6
f 7159/1/6 7154/1/6 7160/1/6
f 7156/2/6 7157/2/6 7161/2/6
f 7161/2/6 7157/2/6 7162/2/6
f 7158/1/6 7159/1/6 7163/1/6
f 7163/1/6 7159/1/6 7164/1/6
f 7165/2/6 7166/2/6 7169/2/6
f 7169/2/6 7166/2/6 7170/2/6
f 7167/2/6 7168/2/6 7173/2/6
f 7173/2/6 7168/2/6 7174/2/6
f 7170/2/6 7171/2/6 7175/2/6
f 7175/2/6 7171/2/6 7176/2/6
f 7172/2/6 7173/2/6 7181/2/6
f 7181/2/6 7173/2/6 7182/2/6
f 7177/2/6 7178/2/6 7183/2/6
f 7183/2/6 7178/2/6 7184/2/6
f 7179/2/6 7180/2/6 7185/2/6
f 7185/2/6 7180/2/6 7186/2/6
f 7187/2/6 7188/2/6 7192/2/6
f 7188/1/6 7189/1/6 7193/1/6
f 7192/2/6 7188/2/6 7193/2/6
f 7193/1/6 7189/1/6 7194/1/6
f 7190/1/6 7191/1/6 7199/1/6
f 7199/1/6 7191/1/6 7200/1/6
f 7195/2/6 7196/2/6 7201/2/6
f 7201/2/6 7196/2/6 7202/2/6
f 7197/1/6 7198/1/6 7206/1/6
f 7206/1/6 7198/1/6 7207/1/6
f 7203/2/6 7204/2/6 7208/2/6
f 7208/2/6 7204/2/6 7209/2/6
f 7205/1/6 7206/1/6 7212/1/6
f 7212/1/6 7206/1/6 7213/1/6
f 7209/2/6 7210/2/6 7214/2/6
f 7214/2/6 7210/2/6 7215/2/6
f 7211/1/6 7212/1/6 7218/1/6
f 7218/1/6 7212/1/6 7219/1/6
f 7215/2/6 7216/2/6 7220/2/6
f 7220/2/6 7216/2/6 7221/2/6
f 7217/1/6 7218/1/6 7224/1/6
f 7224/1/6 7218/1/6 7225/1/6
f 7221/2/6 7222/2/6 7226/2/6
f 7226/2/6 7222/2/6 7227/2/6
f 7223/1/6 7224/1/6 7229/1/6
f 7229/1/6 7224/1/6 7230/1/6
f 7227/1/6 7228/1/6 7231/1/6
f 7231/1/6 7228/1/6 7232/1/6
f 7233/1/6 7234/1/6 7237/1/6
f 7237/1/6 7234/1/6 7238/1/6
f 7235/1/6 7236/1/6 7239/1/6
f 7239/1/6 7236/1/6 7240/1/6
f 7241/1/6 7242/1/6 7245/1/6
f 7245/1/6 7242/1/6 7246/1/6
f 7243/1/6 7244/1/6 7247/1/6
f 7247/1/6 7244/1/6 7248/1/6
f 7249/1/6 7250/1/6 7253/1/6
f 7253/1/6 7250/1/6 7254/1/6
f 7251/1/6 7252/1/6 7255/1/6
f 7255/1/6 7252/1/6 7256/1/6
f 7257/2/6 7258/2/6 7261/2/6
f 7261/2/6 7258/2/6 7262/2/6
f 7259/1/6 7260/1/6 7265/1/6
f 7265/1/6 7260/1/6 7266/1/6
f 7264/1/6 7265/1/6 7267/1/6
f 7267/1/6 7265/1/6 7268/1/6
f 7262/2/6 7263/2/6 7269/2/6
f 7269/2/6 7263/2/6 7270/2/6
f 7267/2/6 7268/2/6 7273/2/6
f 7273/2/6 7268/2/6 7274/2/6
f 7270/2/6 7271/2/6 7275/2/6
f 7275/2/6 7271/2/6 7276/2/6
f 7272/2/6 7273/2/6 7279/2/6
f 7279/2/6 7273/2/6 7280/2/6
f 7276/2/6 7277/2/6 7281/2/6
f 7281/2/6 7277/2/6 7282/2/6
f 7278/2/6 7279/2/6 7285/2/6
f 7285/2/6 7279/2/6 7286/2/6
f 7282/2/6 7283/2/6 7287/2/6
f 7287/2/6 7283/2/6 7288/2/6
f 7284/2/6 7285/2/6 7293/2/6
f 7293/2/6 7285/2/6 7294/2/6
f 7289/2/6 7290/2/6 7295/2/6
f 7295/2/6 7290/2/6 7296/2/6
f 7291/2/6 7292/2/6 7299/2/6
f 7299/2/6 7292/2/6 7300/2/6
f 7297/2/6 7298/2/6 7301/2/6
f 7301/2/6 7298/2/6 7302/2/6
f 7303/1/6 7304/1/6 7308/1/6
f 7304/2/6 7305/2/6 7309/2/6
f 7308/1/6 7304/1/6 7309/1/6
f 7309/2/6 7305/2/6 7310/2/6
f 7306/1/6 7307/1/6 7314/1/6
f 7314/1/6 7307/1/6 7315/1/6
f 7311/2/6 7312/2/6 7316/2/6
f 7316/2/6 7312/2/6 7317/2/6
f 7313/1/6 7314/1/6 7320/1/6
f 7320/1/6 7314/1/6 7321/1/6
f 7317/2/6 7318/2/6 7322/2/6
f 7322/2/6 7318/2/6 7323/2/6
f 7319/1/6 7320/1/6 7326/1/6
f 7326/1/6 7320/1/6 7327/1/6
f 7323/2/6 7324/2/6 7328/2/6
f 7328/2/6 7324/2/6 7329/2/6
f 7325/1/6 7326/1/6 7332/1/6
f 7332/1/6 7326/1/6 7333/1/6
f 7329/2/6 7330/2/6 7334/2/6
f 7334/2/6 7330/2/6 7335/2/6
f 7331/1/6 7332/1/6 7338/1/6
f 7338/1/6 7332/1/6 7339/1/6
f 7335/1/6 7336/1/6 7340/1/6
f 7340/1/6 7336/1/6 7341/1/6
f 7337/1/6 7338/1/6 7343/1/6
f 7343/1/6 7338/1/6 7344/1/6
f 7341/1/6 7342/1/6 7345/1/6
f 7345/1/6 7342/1/6 7346/1/6
f 7347/1/6 7348/1/6 7351/1/6
f 7351/1/6 7348/1/6 7352/1/6
f 7349/1/6 7350/1/6 7353/1/6
f 7353/1/6 7350/1/6 7354/1/6
f 7355/1/6 7356/1/6 7359/1/6
f 7359/1/6 7356/1/6 7360/1/6
f 7359/2/6 7360/2/6 7361/2/6
f 7361/2/6 7360/2/6 7362/2/6
f 7357/1/6 7358/1/6 7365/1/6
f 7365/1/6 7358/1/6 7366/1/6
f 7362/2/6 7363/2/6 7367/2/6
f 7367/2/6 7363/2/6 7368/2/6
f 7364/1/6 7365/1/6 7371/1/6
f 7371/1/6 7365/1/6 7372/1/6
f 7370/1/6 7371/1/6 7373/1/6
f 7373/1/6 7371/1/6 7374/1/6
f 7368/2/6 7369/2/6 7375/2/6
f 7375/2/6 7369/2/6 7376/2/6
f 7373/2/6 7374/2/6 7379/2/6
f 7379/2/6 7374/2/6 7380/2/6
f 7376/2/6 7377/2/6 7381/2/6
f 7381/2/6 7377/2/6 7382/2/6
f 7378/2/6 7379/2/6 7385/2/6
f 7385/2/6 7379/2/6 7386/2/6
f 7382/2/6 7383/2/6 7387/2/6
f 7387/2/6 7383/2/6 7388/2/6
f 7384/2/6 7385/2/6 7391/2/6
f 7391/2/6 7385/2/6 7392/2/6
f 7388/2/6 7389/2/6 7393/2/6
f 7393/2/6 7389/2/6 7394/2/6
f 7390/2/6 7391/2/6 7397/2/6
f 7397/2/6 7391/2/6 7398/2/6
f 7395/2/6 7396/2/6 7399/2/6
f 7399/2/6 7396/2/6 7400/2/6
f 7401/1/6 7402/1/6 7405/1/6
f 7402/2/6 7403/2/6 7406/2/6
f 7405/1/6 7402/1/6 7406/1/6
f 7406/2/6 7403/2/6 7407/2/6
f 7407/2/6 7403/2/6 7408/2/6
f 7404/1/6 7405/1/6 7411/1/6
f 7411/1/6 7405/1/6 7412/1/6
f 7408/2/6 7409/2/6 7413/2/6
f 7413/2/6 7409/2/6 7414/2/6
f 7410/1/6 7411/1/6 7417/1/6
f 7417/1/6 7411/1/6 7418/1/6
f 7414/2/6 7415/2/6 7419/2/6
f 7419/2/6 7415/2/6 7420/2/6
f 7416/1/6 7417/1/6 7422/1/6
f 7422/1/6 7417/1/6 7423/1/6
f 7420/2/6 7421/2/6 7424/2/6
f 7424/2/6 7421/2/6 7425/2/6
f 7416/1/6 7422/1/6 7427/1/6
f 7427/1/6 7422/1/6 7428/1/6
f 7425/2/6 7421/2/6 7429/2/6
f 7429/2/6 7421/2/6 7430/2/6
f 7426/1/6 7427/1/6 7433/1/6
f 7433/1/6 7427/1/6 7434/1/6
f 7430/1/6 7431/1/6 7435/1/6
f 7435/1/6 7431/1/6 7436/1/6
f 7432/1/6 7433/1/6 7439/1/6
f 7439/1/6 7433/1/6 7440/1/6
f 7436/1/6 7437/1/6 7441/1/6
f 7441/1/6 7437/1/6 7442/1/6
f 7438/1/6 7439/1/6 7444/1/6
f 7444/1/6 7439/1/6 7445/1/6
f 7442/1/6 7443/1/6 7448/1/6
f 7448/1/6 7443/1/6 7449/1/6
f 7445/1/6 7446/1/6 7450/1/6
f 7450/1/6 7446/1/6 7451/1/6
f 7450/2/6 7451/2/6 7452/2/6
f 7452/2/6 7451/2/6 7453/2/6
f 7447/1/6 7448/1/6 7456/1/6
f 7456/1/6 7448/1/6 7457/1/6
f 7453/2/6 7454/2/6 7458/2/6
f 7458/2/6 7454/2/6 7459/2/6
f 7455/1/6 7456/1/6 7462/1/6
f 7462/1/6 7456/1/6 7463/1/6
f 7459/2/6 7460/2/6 7464/2/6
f 7461/2/6 7462/2/6 7467/2/6
f 7464/2/6 7465/2/6 7468/2/6
f 7459/2/6 7464/2/6 7468/2/6
f 7468/2/6 7465/2/6 7469/2/6
f 7466/2/6 7467/2/6 7472/2/6
f 7467/2/6 7462/2/6 7473/2/6
f 7472/2/6 7467/2/6 7473/2/6
f 7469/2/6 7470/2/6 7474/2/6
f 7474/2/6 7470/2/6 7475/2/6
f 7471/2/6 7472/2/6 7478/2/6
f 7478/2/6 7472/2/6 7479/2/6
f 7475/2/6 7476/2/6 7480/2/6
f 7480/2/6 7476/2/6 7481/2/6
f 7477/2/6 7478/2/6 7482/2/6
f 7482/2/6 7478/2/6 7483/2/6
f 7481/2/6 7482/2/6 7484/2/6
f 7484/2/6 7482/2/6 7485/2/6
f 7486/1/6 7487/1/6 7490/1/6
f 7490/1/6 7487/1/6 7491/1/6
f 7487/2/6 7488/2/6 7492/2/6
f 7491/1/6 7487/1/6 7492/1/6
f 7492/2/6 7488/2/6 7493/2/6
f 7493/2/6 7488/2/6 7494/2/6
f 7494/2/6 7488/2/6 7495/2/6
f 7490/1/6 7491/1/6 7498/1/6
f 7489/1/6 7490/1/6 7498/1/6
f 7498/1/6 7491/1/6 7499/1/6
f 7499/1/6 7491/1/6 7500/1/6
f 7494/2/6 7495/2/6 7501/2/6
f 7495/2/6 7496/2/6 7501/2/6
f 7501/2/6 7496/2/6 7502/2/6
f 7502/2/6 7496/2/6 7503/2/6
f 7498/1/6 7499/1/6 7506/1/6
f 7497/1/6 7498/1/6 7506/1/6
f 7506/1/6 7499/1/6 7507/1/6
f 7503/2/6 7504/2/6 7508/2/6
f 7502/2/6 7503/2/6 7508/2/6
f 7508/2/6 7504/2/6 7509/2/6
f 7505/1/6 7506/1/6 7512/1/6
f 7512/1/6 7506/1/6 7513/1/6
f 7509/2/6 7510/2/6 7514/2/6
f 7514/2/6 7510/2/6 7515/2/6
f 7511/1/6 7512/1/6 7518/1/6
f 7515/2/6 7516/2/6 7519/2/6
f 7517/1/6 7518/1/6 7521/1/6
f 7518/1/6 7512/1/6 7521/1/6
f 7521/1/6 7512/1/6 7522/1/6
f 7515/2/6 7519/2/6 7523/2/6
f 7519/1/6 7520/1/6 7524/1/6
f 7523/2/6 7519/2/6 7524/2/6
f 7517/1/6 7521/1/6 7526/1/6
f 7524/1/6 7520/1/6 7527/1/6
f 7527/1/6 7520/1/6 7528/1/6
f 7525/1/6 7526/1/6 7530/1/6
f 7526/1/6 7521/1/6 7530/1/6
f 7530/1/6 7521/1/6 7531/1/6
f 7528/1/6 7529/1/6 7532/1/6
f 7527/1/6 7528/1/6 7532/1/6
f 7532/1/6 7529/1/6 7533/1/6
f 7525/1/6 7530/1/6 7534/1/6
f 7533/1/6 7529/1/6 7537/1/6
f 7534/1/6 7535/1/6 7538/1/6
f 7525/1/6 7534/1/6 7538/1/6
f 7538/1/6 7535/1/6 7539/1/6
f 7536/1/6 7537/1/6 7540/1/6
f 7537/1/6 7529/1/6 7540/1/6
f 7540/1/6 7529/1/6 7541/1/6
f 7539/1/6 7535/1/6 7542/1/6
f 7542/1/6 7535/1/6 7543/1/6
f 7536/1/6 7540/1/6 7546/1/6
f 7543/2/6 7544/2/6 7547/2/6
f 7542/2/6 7543/2/6 7547/2/6
f 7547/2/6 7544/2/6 7548/2/6
f 7545/2/6 7546/2/6 7549/2/6
f 7546/1/6 7540/1/6 7549/1/6
f 7549/1/6 7540/1/6 7550/1/6
f 7548/2/6 7544/2/6 7551/2/6
f 7551/2/6 7544/2/6 7552/2/6
f 7545/2/6 7549/2/6 7555/2/6
f 7555/2/6 7549/2/6 7556/2/6
f 7552/2/6 7553/2/6 7557/2/6
f 7557/2/6 7553/2/6 7558/2/6
f 7554/2/6 7555/2/6 7561/2/6
f 7561/2/6 7555/2/6 7562/2/6
f 7558/2/6 7559/2/6 7563/2/6
f 7563/2/6 7559/2/6 7564/2/6
f 7564/2/6 7559/2/6 7565/2/6
f 7560/2/6 7561/2/6 7568/2/6
f 7568/2/6 7561/2/6 7569/2/6
f 7569/2/6 7561/2/6 7570/2/6
f 7565/2/6 7566/2/6 7571/2/6
f 7564/2/6 7565/2/6 7571/2/6
f 7571/2/6 7566/2/6 7572/2/6
f 7572/2/6 7566/2/6 7573/2/6
f 7568/2/6 7569/2/6 7574/2/6
f 7567/2/6 7568/2/6 7574/2/6
f 7574/2/6 7569/2/6 7575/2/6
f 7575/2/6 7569/2/6 7576/2/6
f 7572/2/6 7573/2/6 7577/2/6
f 7574/2/6 7575/2/6 7577/2/6
f 7573/2/6 7574/2/6 7577/2/6
f 7577/2/6 7575/2/6 7578/2/6
f 7579/1/6 7580/1/6 7583/1/6
f 7583/1/6 7580/1/6 7584/1/6
f 7584/1/6 7580/1/6 7585/1/6
f 7580/2/6 7581/2/6 7586/2/6
f 7582/1/6 7583/1/6 7589/1/6
f 7583/1/6 7584/1/6 7589/1/6
f 7589/1/6 7584/1/6 7590/1/6
f 7590/1/6 7584/1/6 7591/1/6
f 7585/1/6 7580/1/6 7592/1/6
f 7580/2/6 7586/2/6 7593/2/6
f 7592/1/6 7580/1/6 7593/1/6
f 7586/2/6 7587/2/6 7593/2/6
f 7593/2/6 7587/2/6 7594/2/6
f 7594/2/6 7587/2/6 7595/2/6
f 7589/1/6 7590/1/6 7598/1/6
f 7588/1/6 7589/1/6 7598/1/6
f 7598/1/6 7590/1/6 7599/1/6
f 7599/1/6 7590/1/6 7600/1/6
f 7595/2/6 7596/2/6 7601/2/6
f 7594/2/6 7595/2/6 7601/2/6
f 7601/2/6 7596/2/6 7602/2/6
f 7602/2/6 7596/2/6 7603/2/6
f 7603/2/6 7596/2/6 7604/2/6
f 7598/1/6 7599/1/6 7606/1/6
f 7597/1/6 7598/1/6 7606/1/6
f 7606/1/6 7599/1/6 7607/1/6
f 7604/2/6 7605/2/6 7608/2/6
f 7603/2/6 7604/2/6 7608/2/6
f 7608/2/6 7605/2/6 7609/2/6
f 7597/1/6 7606/1/6 7611/1/6
f 7609/2/6 7605/2/6 7612/2/6
f 7610/1/6 7611/1/6 7614/1/6
f 7611/1/6 7606/1/6 7614/1/6
f 7614/1/6 7606/1/6 7615/1/6
f 7612/2/6 7613/2/6 7616/2/6
f 7609/2/6 7612/2/6 7616/2/6
f 7616/2/6 7613/2/6 7617/2/6
f 7617/2/6 7613/2/6 7618/2/6
f 7610/1/6 7614/1/6 7620/1/6
f 7617/1/6 7618/1/6 7621/1/6
f 7619/1/6 7620/1/6 7623/1/6
f 7620/1/6 7614/1/6 7623/1/6
f 7623/1/6 7614/1/6 7624/1/6
f 7617/1/6 7621/1/6 7625/1/6
f 7621/1/6 7622/1/6 7625/1/6
f 7625/1/6 7622/1/6 7626/1/6
f 7619/1/6 7623/1/6 7627/1/6
f 7626/1/6 7622/1/6 7630/1/6
f 7627/1/6 7628/1/6 7631/1/6
f 7619/1/6 7627/1/6 7631/1/6
f 7631/1/6 7628/1/6 7632/1/6
f 7629/2/6 7630/2/6 7633/2/6
f 7630/1/6 7622/1/6 7633/1/6
f 7633/1/6 7622/1/6 7634/1/6
f 7632/1/6 7628/1/6 7635/1/6
f 7629/2/6 7633/2/6 7638/2/6
f 7635/1/6 7636/1/6 7639/1/6
f 7632/1/6 7635/1/6 7639/1/6
f 7639/1/6 7636/1/6 7640/1/6
f 7640/1/6 7636/1/6 7641/1/6
f 7637/2/6 7638/2/6 7642/2/6
f 7638/2/6 7633/2/6 7642/2/6
f 7642/2/6 7633/2/6 7643/2/6
f 7640/2/6 7641/2/6 7644/2/6
f 7637/2/6 7642/2/6 7647/2/6
f 7644/2/6 7645/2/6 7648/2/6
f 7640/2/6 7644/2/6 7648/2/6
f 7648/2/6 7645/2/6 7649/2/6
f 7649/2/6 7645/2/6 7650/2/6
f 7646/2/6 7647/2/6 7653/2/6
f 7647/2/6 7642/2/6 7654/2/6
f 7653/2/6 7647/2/6 7654/2/6
f 7654/2/6 7642/2/6 7655/2/6
f 7650/2/6 7651/2/6 7656/2/6
f 7649/2/6 7650/2/6 7656/2/6
f 7656/2/6 7651/2/6 7657/2/6
f 7657/2/6 7651/2/6 7658/2/6
f 7652/2/6 7653/2/6 7661/2/6
f 7653/2/6 7654/2/6 7661/2/6
f 7661/2/6 7654/2/6 7662/2/6
f 7662/2/6 7654/2/6 7663/2/6
f 7658/2/6 7659/2/6 7664/2/6
f 7657/2/6 7658/2/6 7664/2/6
f 7664/2/6 7659/2/6 7665/2/6
f 7665/2/6 7659/2/6 7666/2/6
f 7661/2/6 7662/2/6 7667/2/6
f 7660/2/6 7661/2/6 7667/2/6
f 7667/2/6 7662/2/6 7668/2/6
f 7668/2/6 7662/2/6 7669/2/6
f 7665/2/6 7666/2/6 7670/2/6
f 7667/2/6 7668/2/6 7670/2/6
f 7666/2/6 7667/2/6 7670/2/6
f 7670/2/6 7668/2/6 7671/2/6
f 7672/1/6 7673/1/6 7675/1/6
f 7675/1/6 7673/1/6 7676/1/6
f 7674/1/6 7675/1/6 7680/1/6
f 7675/1/6 7676/1/6 7680/1/6
f 7676/1/6 7677/1/6 7680/1/6
f 7680/1/6 7677/1/6 7681/1/6
f 7677/2/6 7678/2/6 7682/2/6
f 7681/1/6 7677/1/6 7682/1/6
f 7682/2/6 7678/2/6 7683/2/6
f 7680/1/6 7681/1/6 7687/1/6
f 7679/1/6 7680/1/6 7687/1/6
f 7687/1/6 7681/1/6 7688/1/6
f 7688/1/6 7681/1/6 7689/1/6
f 7683/1/6 7684/1/6 7690/1/6
f 7682/1/6 7683/1/6 7690/1/6
f 7690/1/6 7684/1/6 7691/1/6
f 7684/2/6 7685/2/6 7692/2/6
f 7687/1/6 7688/1/6 7694/1/6
f 7686/1/6 7687/1/6 7694/1/6
f 7694/1/6 7688/1/6 7695/1/6
f 7691/1/6 7684/1/6 7696/1/6
f 7692/2/6 7693/2/6 7697/2/6
f 7696/1/6 7684/1/6 7697/1/6
f 7684/2/6 7692/2/6 7697/2/6
f 7686/1/6 7694/1/6 7699/1/6
f 7699/1/6 7694/1/6 7700/1/6
f 7700/1/6 7694/1/6 7701/1/6
f 7697/2/6 7693/2/6 7702/2/6
f 7702/2/6 7693/2/6 7703/2/6
f 7703/2/6 7693/2/6 7704/2/6
f 7704/1/6 7705/1/6 7706/1/6
f 7703/1/6 7704/1/6 7706/1/6
f 7698/1/6 7699/1/6 7707/1/6
f 7699/1/6 7700/1/6 7707/1/6
f 7707/1/6 7700/1/6 7708/1/6
f 7706/1/6 7705/1/6 7709/1/6
f 7709/1/6 7705/1/6 7710/1/6
f 7698/1/6 7707/1/6 7712/1/6
f 7712/1/6 7707/1/6 7713/1/6
f 7710/1/6 7705/1/6 7714/1/6
f 7712/1/6 7713/1/6 7716/1/6
f 7711/1/6 7712/1/6 7716/1/6
f 7716/1/6 7713/1/6 7717/1/6
f 7714/1/6 7715/1/6 7718/1/6
f 7710/1/6 7714/1/6 7718/1/6
f 7718/1/6 7715/1/6 7719/1/6
f 7719/1/6 7715/1/6 7720/1/6
f 7717/1/6 7713/1/6 7721/1/6
f 7718/2/6 7719/2/6 7724/2/6
f 7717/1/6 7721/1/6 7725/1/6
f 7721/2/6 7722/2/6 7726/2/6
f 7725/1/6 7721/1/6 7726/1/6
f 7726/2/6 7722/2/6 7727/2/6
f 7723/2/6 7724/2/6 7730/2/6
f 7724/2/6 7719/2/6 7731/2/6
f 7730/2/6 7724/2/6 7731/2/6
f 7731/2/6 7719/2/6 7732/2/6
f 7727/2/6 7728/2/6 7733/2/6
f 7726/2/6 7727/2/6 7733/2/6
f 7729/2/6 7730/2/6 7736/2/6
f 7730/2/6 7731/2/6 7736/2/6
f 7733/2/6 7734/2/6 7737/2/6
f 7726/2/6 7733/2/6 7737/2/6
f 7737/2/6 7734/2/6 7738/2/6
f 7738/2/6 7734/2/6 7739/2/6
f 7735/2/6 7736/2/6 7742/2/6
f 7736/2/6 7731/2/6 7743/2/6
f 7742/2/6 7736/2/6 7743/2/6
f 7743/2/6 7731/2/6 7744/2/6
f 7739/2/6 7740/2/6 7745/2/6
f 7738/2/6 7739/2/6 7745/2/6
f 7745/2/6 7740/2/6 7746/2/6
f 7746/2/6 7740/2/6 7747/2/6
f 7741/2/6 7742/2/6 7748/2/6
f 7742/2/6 7743/2/6 7748/2/6
f 7748/2/6 7743/2/6 7749/2/6
f 7749/2/6 7743/2/6 7750/2/6
f 7746/2/6 7747/2/6 7751/2/6
f 7748/2/6 7749/2/6 7751/2/6
f 7747/2/6 7748/2/6 7751/2/6
f 7751/2/6 7749/2/6 7752/2/6
f 7752/2/6 7749/2/6 7753/2/6
f 7753/2/6 7749/2/6 7754/2/6
f 7752/2/6 7753/2/6 7755/2/6
f 7755/2/6 7753/2/6 7756/2/6
f 7757/1/6 7758/1/6 7760/1/6
f 7760/1/6 7758/1/6 7761/1/6
f 7759/1/6 7760/1/6 7764/1/6
f 7761/1/6 7762/1/6 7764/1/6
f 7760/1/6 7761/1/6 7764/1/6
f 7764/1/6 7762/1/6 7765/1/6
f 7763/1/6 7764/1/6 7768/1/6
f 7765/1/6 7766/1/6 7768/1/6
f 7764/1/6 7765/1/6 7768/1/6
f 7768/1/6 7766/1/6 7769/1/6
f 7769/1/6 7766/1/6 7770/1/6
f 7770/1/6 7766/1/6 7771/1/6
f 7767/1/6 7768/1/6 7773/1/6
f 7768/1/6 7769/1/6 7773/1/6
f 7773/1/6 7769/1/6 7774/1/6
f 7770/1/6 7771/1/6 7775/1/6
f 7775/1/6 7771/1/6 7776/1/6
f 7771/2/6 7772/2/6 7777/2/6
f 7776/1/6 7771/1/6 7777/1/6
f 7777/2/6 7772/2/6 7778/2/6
f 7767/1/6 7773/1/6 7780/1/6
f 7780/1/6 7773/1/6 7781/1/6
f 7781/1/6 7773/1/6 7782/1/6
f 7776/2/6 7777/2/6 7783/2/6
f 7783/2/6 7777/2/6 7784/2/6
f 7777/1/6 7778/1/6 7785/1/6
f 7784/2/6 7777/2/6 7785/2/6
f 7785/1/6 7778/1/6 7786/1/6
f 7779/1/6 7780/1/6 7788/1/6
f 7780/1/6 7781/1/6 7788/1/6
f 7788/1/6 7781/1/6 7789/1/6
f 7788/2/6 7789/2/6 7790/2/6
f 7790/2/6 7789/2/6 7791/2/6
f 7791/2/6 7789/2/6 7792/2/6
f 7785/2/6 7786/2/6 7795/2/6
f 7786/2/6 7787/2/6 7795/2/6
f 7784/2/6 7785/2/6 7795/2/6
f 7795/2/6 7787/2/6 7796/2/6
f 7796/2/6 7787/2/6 7797/2/6
f 7792/2/6 7793/2/6 7798/2/6
f 7791/2/6 7792/2/6 7798/2/6
f 7795/2/6 7796/2/6 7801/2/6
f 7794/2/6 7795/2/6 7801/2/6
f 7798/2/6 7799/2/6 7802/2/6
f 7791/2/6 7798/2/6 7802/2/6
f 7802/2/6 7799/2/6 7803/2/6
f 7803/2/6 7799/2/6 7804/2/6
f 7800/2/6 7801/2/6 7805/2/6
f 7801/2/6 7796/2/6 7806/2/6
f 7805/2/6 7801/2/6 7806/2/6
f 7806/2/6 7796/2/6 7807/2/6
f 7803/2/6 7804/2/6 7808/2/6
f 7804/2/6 7805/2/6 7808/2/6
f 7805/2/6 7806/2/6 7808/2/6
f 7808/2/6 7806/2/6 7809/2/6
f 7809/2/6 7806/2/6 7810/2/6
f 7810/2/6 7806/2/6 7811/2/6
f 7809/2/6 7810/2/6 7812/2/6
f 7812/2/6 7810/2/6 7813/2/6
f 7813/2/6 7810/2/6 7814/2/6
f 7814/2/6 7810/2/6 7815/2/6
f 7813/2/6 7814/2/6 7816/2/6
f 7816/2/6 7814/2/6 7817/2/6
f 7818/1/6 7819/1/6 7821/1/6
f 7821/1/6 7819/1/6 7822/1/6
f 7820/1/6 7821/1/6 7825/1/6
f 7821/1/6 7822/1/6 7825/1/6
f 7822/2/6 7823/2/6 7826/2/6
f 7824/1/6 7825/1/6 7828/1/6
f 7825/1/6 7822/1/6 7829/1/6
f 7828/1/6 7825/1/6 7829/1/6
f 7828/2/6 7829/2/6 7830/2/6
f 7829/1/6 7822/1/6 7831/1/6
f 7830/2/6 7829/2/6 7831/2/6
f 7826/2/6 7827/2/6 7832/2/6
f 7831/1/6 7822/1/6 7832/1/6
f 7822/2/6 7826/2/6 7832/2/6
f 7832/2/6 7827/2/6 7833/2/6
f 7833/2/6 7827/2/6 7834/2/6
f 7831/2/6 7832/2/6 7835/2/6
f 7832/2/6 7833/2/6 7835/2/6
f 7835/2/6 7833/2/6 7836/2/6
f 7836/2/6 7833/2/6 7837/2/6
f 7837/2/6 7833/2/6 7838/2/6
f 7836/2/6 7837/2/6 7839/2/6
f 7839/2/6 7837/2/6 7840/2/6
